userId,movieId,pred_rating,actual_rating
27,733,3.4270267019761804,4.0
65,661,3.0,3.0
65,1580,3.3633441522876497,4.0
96,2208,3.767842426588368,4.0
122,2908,3.8768856121300734,5.0
144,3633,3.323471880593707,3.5
182,1408,4.157951525394034,4.0
182,3107,3.7088594966093082,4.0
198,1214,4.321383082082384,4.5
218,2833,3.0,5.0
230,1089,4.2319768216706075,4.0
235,48385,4.767880403704087,5.0
276,920,2.9574005782626727,1.0
276,4800,3.0,1.0
277,3052,3.7024514845847767,2.0
289,764,3.0,4.0
289,4428,3.0,3.5
296,5459,3.5051265914339202,2.5
298,1777,3.498533971140777,3.0
307,610,3.0,3.0
310,2948,3.9277735564580607,3.0
314,529,3.9919187721422578,3.0
314,1269,4.303082504850769,4.0
323,5971,3.5,3.5
340,10,3.6774596361317013,4.0
346,351,3.0,3.0
354,586,4.216073627903503,4.5
358,5903,4.384734037945532,4.5
359,1921,3.486258750533972,3.5
368,6365,3.8800655661183128,3.5
419,350,3.2078563080480573,3.0
426,7360,2.84691481008606,4.0
451,1833,2.0,3.0
459,4896,3.255297801695118,2.0
476,2580,4.096408858775959,4.0
481,180,3.520034872296878,4.5
485,2022,3.0,3.0
493,1343,3.722843246563882,3.0
504,440,3.1597967590040787,5.0
526,14,4.013477637960912,4.0
533,1375,3.862455319925765,4.0
533,3704,3.553511300743539,3.5
543,1721,3.800473383143403,4.0
543,3863,3.84606581436338,5.0
582,50,4.10606055386733,5.0
585,1282,3.800432701207607,4.0
585,1961,3.6295027713472363,3.0
601,450,3.0,3.0
642,337,4.238660096464818,4.0
649,736,4.130580586407135,5.0
655,1347,4.40008325740051,2.0
662,2731,3.0,5.0
683,4022,3.461021638503214,2.5
688,4069,2.0,0.5
723,1193,3.746167751176718,4.0
754,8784,3.4323166782370564,3.5
769,277,3.427562068456707,3.0
771,151,3.7776610060160376,1.0
785,240,3.0,3.0
803,1028,3.34899183960972,4.0
817,2738,3.0,4.0
826,54503,3.8202071023626183,4.5
830,1821,3.0,4.0
836,661,3.0,4.0
846,648,3.498242515638466,5.0
854,2925,3.0,5.0
867,1693,3.0,3.5
874,1196,3.846631734600633,4.0
892,47,4.267415676138998,4.0
904,923,3.6872864692882152,5.0
909,4299,3.84440547927791,3.5
949,2023,3.113248744323083,3.5
963,110,4.129964247553844,4.0
983,3175,2.675740209314211,1.5
1018,2193,3.2086441829799015,3.0
1035,54272,3.4225682804462783,3.5
1039,1089,4.093407064080792,5.0
1072,1876,4.24951120729308,4.0
1074,2770,4.336035624171613,4.0
1079,454,4.277942995007102,5.0
1089,2600,3.0,2.0
1126,1688,4.739862520263698,5.0
1132,8501,3.0,4.0
1160,1027,4.255618295346883,3.5
1240,1407,3.2567809045540224,3.0
1275,293,3.852827192089189,4.0
1292,1617,3.3824509348542486,3.0
1304,3082,3.7720020500610736,3.0
1327,2184,3.0,3.0
1331,1924,3.0,1.0
1377,2134,3.242326056289833,2.0
1391,5445,4.043860958887472,4.0
1392,1587,2.452576789103831,3.0
1399,349,3.774786126973057,4.0
1406,1320,3.60996792984418,4.0
1407,2959,3.6907175276935296,5.0
1419,6502,2.3066352625956243,2.5
1419,6807,2.2764645343152177,1.0
1423,11,3.9772204410690604,4.0
1433,4321,3.837209161858909,4.0
1452,497,3.9734557417630763,4.0
1482,800,4.174031925607504,3.0
1485,3039,3.845242091746369,3.0
1485,5991,3.85740894010755,3.0
1503,5349,3.713817914407344,4.0
1518,1835,3.0,4.0
1529,50,4.17954158478983,5.0
1536,1732,3.679582356027702,4.0
1545,2382,2.7841076509638727,2.0
1552,6242,4.0,4.0
1559,1221,3.833357996473407,4.5
1582,7153,3.408193403437334,3.0
1587,1513,4.0,1.0
1597,1784,3.651484370561878,4.0
1639,780,3.959947624346365,1.0
1703,17,4.458027272564162,5.0
1751,235,3.570467370091635,4.0
1755,2571,3.365856794881316,4.5
1786,4103,3.0,4.5
1800,71,3.0,1.0
1825,1231,4.368028823721985,4.0
1836,1307,3.5979335551858718,3.0
1839,2278,3.4931628981982805,3.5
1857,904,4.261698678817929,4.0
1860,6264,2.9951945232382218,2.5
1861,1103,3.9988809238722034,4.0
1873,593,4.191777775884869,5.0
1887,2028,4.043072796789906,5.0
1890,329,3.552423891526499,1.0
1918,647,3.412184246547683,3.5
1932,593,3.6199792860404796,4.0
1936,6792,3.0,3.5
1966,296,3.630918301031267,5.0
1988,5955,3.0,4.0
2003,762,3.8425614658206118,3.0
2016,1641,3.9997985516800063,4.0
2018,2692,3.8066315091759817,4.0
2021,647,4.0,3.0
2029,2502,3.5640323721051197,1.0
2041,1913,3.0,4.0
2044,4775,3.0,1.0
2066,1078,3.0,3.0
2078,2599,3.635657231303183,4.0
2088,592,3.952778515968866,2.0
2096,2378,2.7694551352900794,2.0
2178,6214,3.0,3.0
2192,1343,3.951943374377814,4.0
2204,3062,3.670506839870067,3.5
2217,1393,4.1475336703175865,4.0
2233,4022,3.513626667926037,4.0
2233,4135,3.0,3.0
2244,1221,3.902006336489318,3.0
2258,223,4.002724397466392,3.5
2266,736,3.738351771421367,5.0
2270,8622,1.4141048280434945,0.5
2282,2407,2.9293746381964914,3.5
2283,1242,4.805962265955768,5.0
2287,2100,4.267562475035959,3.5
2290,1940,3.0,5.0
2304,101,3.0,2.0
2330,1732,4.658177210964929,5.0
2352,39,3.677356074604619,4.0
2361,27706,3.660181273233344,2.0
2370,266,3.2407903305102774,4.0
2404,2140,3.480621119097508,4.0
2414,1028,3.5809676762750824,2.5
2424,1201,4.225351828937351,3.0
2425,319,4.641053664061993,5.0
2425,357,3.3458946835462515,4.0
2486,4022,3.5333832333703805,3.0
2505,47,3.8850147597176674,5.0
2505,1722,3.5088259121079686,3.5
2508,5,3.8533080821848604,3.0
2522,3504,4.372596295631626,5.0
2534,1220,3.952848469682527,4.0
2566,2478,2.865363568565105,4.0
2571,5816,3.55233216318893,3.0
2591,2712,4.806771801940363,4.0
2629,539,3.713207063612303,5.0
2653,4963,3.5719961575687917,4.0
2654,2502,3.7647987334964674,4.0
2662,1356,2.9418830543917287,3.0
2675,2700,4.375394843093024,5.0
2682,20,3.359306121812635,4.0
2686,5418,3.682503018546771,4.5
2692,54004,3.0,3.5
2731,307,4.497079338747003,4.0
2745,1210,3.8041003065532673,4.0
2747,1219,4.098177007400015,2.0
2784,4973,3.8415854505814355,4.0
2796,3527,3.3434795470354928,4.0
2807,110,3.5789643356964547,4.0
2810,2770,2.8122823079433537,2.0
2812,1641,3.105653501930009,3.0
2813,2858,3.7266386825527307,3.5
2821,2473,2.986358508566056,1.0
2828,2900,3.0,1.0
2833,454,3.844349202758297,4.0
2849,588,3.5695826026647666,3.0
2853,1209,3.3443921003019637,3.5
2879,3476,2.253944112480905,3.5
2895,1396,3.8903579230908183,3.5
2900,1589,3.723599453319124,3.5
2918,1945,4.9302418580891985,5.0
2952,912,4.368384258690247,4.5
2963,2245,3.8564786749998197,2.0
2965,586,4.4828901731862585,5.0
2983,170,3.0,5.0
3014,1235,3.7765373789112964,5.0
3022,2338,3.202620031699036,3.0
3022,7380,3.0,3.5
3034,4011,3.6201389692884827,4.0
3041,5617,3.8084362697495813,4.0
3046,1270,4.200245096034604,5.0
3052,362,3.0,4.0
3061,1644,2.724367769094909,1.0
3067,4639,3.254589714548472,3.0
3086,3,2.7381954449326225,3.5
3089,26350,3.0,4.5
3089,60074,4.667549376431125,4.0
3096,608,4.100950565162684,3.0
3104,2081,3.121488854154331,3.0
3112,783,3.0,3.0
3113,2006,3.5216418654904964,4.0
3116,1735,3.0,0.5
3159,357,3.295314904271138,5.0
3171,36276,3.0,4.0
3187,45186,3.830016148201901,3.0
3189,1307,3.9029122023133205,3.0
3189,3809,3.6878833720572737,5.0
3197,1225,3.7114397932636494,3.5
3197,1617,3.5707070703670967,3.0
3202,54286,3.5540069937625565,3.0
3210,104,3.8997902014759838,4.0
3211,1007,3.0,3.0
3219,2421,2.318068678875045,2.0
3220,2890,3.8971778342455363,4.0
3221,5952,4.3227776621878755,5.0
3280,594,2.9622885753409682,2.5
3285,1014,3.0,4.0
3290,6944,3.0,3.5
3301,111,3.5104288157119865,3.0
3318,377,3.372320917271945,3.5
3347,1084,4.572663629292299,5.0
3388,923,4.812233732614051,5.0
3390,1580,3.0971570353059343,5.0
3392,50,3.3171239826634142,4.5
3428,2414,2.0,3.0
3448,3751,3.7788523621787986,4.0
3482,25,4.020269741157152,4.0
3485,16,3.4847942572678647,4.0
3485,1732,3.5267119410758965,4.0
3533,912,4.639441169510445,5.0
3556,195,3.497198508292148,2.0
3638,410,4.049007987215587,5.0
3638,2300,4.7410518278397165,5.0
3646,34536,3.0,4.0
3653,593,3.565093959137565,4.0
3664,5378,3.900944660194053,3.5
3669,507,3.0,4.0
3695,161,3.8625834577213665,4.0
3699,4874,2.769309469986253,3.5
3707,838,4.4929247888136405,4.0
3721,596,4.295485388896655,5.0
3741,2916,3.8667313686058606,4.0
3783,1653,3.967667839680931,4.5
3783,1701,5.000000000000001,5.0
3788,1073,3.2690906513552567,3.0
3795,2968,3.2323901479265205,2.0
3817,1020,3.0,3.5
3840,186,2.332658209063872,3.0
3849,39,3.7059279386552713,3.0
3865,3717,3.1660618450792763,3.0
3872,1175,3.0,5.0
3920,3044,3.0,4.0
3931,780,3.452067530198119,3.0
3991,2617,2.630952908400998,1.5
3991,49824,2.5,0.5
4002,1617,3.982412391954222,4.0
4005,2996,3.0,4.0
4007,353,3.692852990117452,3.0
4007,1479,3.542812046307896,4.0
4009,3060,3.3195489213268066,4.0
4022,6333,3.6642174736427346,3.5
4028,1393,3.7449285937220025,5.0
4043,1401,3.0,1.0
4065,587,3.3337733823516476,5.0
4065,1767,3.0,5.0
4078,1962,3.6884403668186536,3.0
4081,587,3.793179154493651,4.0
4092,2115,3.2196919772032038,4.0
4105,208,4.212991980066677,4.0
4105,1193,4.209445174127835,4.5
4108,2451,3.0,3.0
4153,6932,3.7436071939645785,4.0
4169,1101,3.794169396806457,4.0
4182,2594,3.0,4.0
4213,2028,3.5026394461596575,3.0
4233,370,3.465818598264164,3.5
4242,4011,3.9389763677055902,5.0
4250,1809,3.0,4.5
4263,50,4.2568430890638185,5.0
4263,2403,3.6250928752919624,4.0
4299,2100,3.13334370745946,2.0
4318,5109,3.0,1.5
4327,1171,4.0,5.0
4341,8123,3.0,4.0
4368,6157,3.493615622163704,3.0
4373,2003,3.837292079920878,5.0
4375,2918,2.9004096950213305,3.5
4377,1395,3.0,4.0
4377,1986,3.4631042494007285,3.0
4385,1527,4.139490879616537,4.0
4386,2115,2.9470837906723686,3.0
4401,6,3.2358186108924945,2.0
4403,428,3.0,4.5
4403,1573,3.8152152018907826,3.0
4424,1198,3.560425837385678,4.0
4443,410,2.789365033038968,3.0
4452,519,2.0,1.0
4464,608,4.022629159547134,5.0
4503,541,4.443963299194274,5.0
4517,4701,3.1466317281136575,3.0
4523,39,3.8355645623845764,5.0
4523,1147,3.0,4.0
4523,3307,2.981185329230723,3.0
4526,1210,3.13913524563201,3.0
4534,7143,3.6520328957563613,4.5
4538,5459,4.550545413955391,5.0
4557,1391,3.491826109049165,1.0
4598,3984,3.030279099821101,2.5
4612,247,4.005038927856017,5.0
4621,4805,3.0,5.0
4623,2395,3.9620965017577414,4.0
4635,920,4.078772632571177,3.0
4647,1089,3.873322187679173,5.0
4687,784,3.7483167541489326,3.0
4704,1270,3.068703531543585,3.5
4707,150,3.259970693024314,3.0
4715,3819,3.0,4.5
4724,2671,3.5951231187660033,3.0
4766,1409,3.0,3.0
4814,594,3.3560687212451734,3.0
4838,319,4.0,5.0
4848,344,3.9448008540234896,3.0
4865,733,3.826084700127602,3.0
4877,307,4.0,5.0
4888,1845,3.0,5.0
4920,5299,3.7408355212937865,2.5
4928,2115,3.5432070459829,3.0
4939,6663,3.5,3.5
4941,1183,4.296645755971435,3.0
5035,3246,3.0,4.0
5039,32,3.543691460765926,4.0
5052,2716,3.599058683375861,2.0
5062,5418,3.1709552791135014,3.5
5100,923,3.794591966152101,4.5
5105,4995,3.8015177373342897,3.5
5138,4312,3.0,5.0
5150,4023,3.774782288362394,4.0
5176,2574,3.0,4.0
5177,223,3.40831779587493,4.0
5191,548,5.0,2.0
5213,3499,2.331915150337671,2.0
5226,3623,3.5159945073284717,3.0
5232,2696,3.0,5.0
5252,296,4.241701360505045,4.0
5285,4148,3.446656796490606,3.5
5310,839,3.0,3.0
5330,597,3.6111493297410475,4.0
5334,1230,4.4223382910382085,5.0
5349,555,3.5067066672919696,3.0
5353,3412,3.0,4.0
5356,1220,3.7789023952714738,4.0
5383,4336,3.0,2.0
5411,1197,3.8485740092169074,3.5
5414,5404,3.0,4.0
5418,293,3.2325447474137077,4.5
5423,62,5.0,3.0
5453,1042,3.0,3.0
5467,1966,5.0,5.0
5467,2893,3.0,2.0
5494,1690,4.379104807612682,3.0
5545,7323,3.98346925223829,3.5
5546,2959,4.463082783876827,5.0
5546,54274,3.0,3.5
5579,3827,3.955314564958406,4.0
5584,1865,3.0,4.0
5599,586,3.7313541833816553,3.0
5614,2115,3.554224369052566,2.0
5650,1035,3.7273345094347894,4.0
5663,858,4.498699662168199,5.0
5678,3823,3.0,2.0
5678,5989,3.8012264143162735,3.5
5694,3028,3.0,1.0
5706,5679,3.413664460317022,3.5
5716,1805,3.496142691505479,2.0
5732,1129,3.3020431929269045,3.0
5750,2683,4.6317090837893184,4.0
5776,2688,4.5,3.0
5798,2866,3.0,5.0
5804,5452,3.0,1.0
5846,1393,3.5496511123011683,2.5
5865,1784,3.8723185945023366,4.0
5888,3250,3.0,3.0
5891,7254,3.7439018804560664,4.0
5897,1291,4.125285488548407,4.0
5913,1810,3.0,3.0
5915,165,3.622683658696482,4.0
5917,750,3.397457240944559,3.0
5917,3684,3.0,3.0
5917,6247,3.0,3.5
5925,7939,3.0746957305550326,3.0
5966,2,3.0,2.0
5981,50,3.5495162850481163,5.0
5998,2154,3.0,1.0
5998,2706,3.5626797145308,4.0
6032,253,3.5356624988134837,3.0
6041,4270,3.0,3.0
6043,1282,3.8458795793157714,2.0
6047,2949,3.5,4.0
6051,595,3.378217770650653,0.5
6054,2312,3.6754991968821,3.0
6059,150,3.692498090842899,5.0
6061,25,3.4153370003549424,3.0
6063,3897,3.364545377518064,5.0
6090,5377,4.032403469809079,3.5
6144,5500,4.0,4.5
6161,1912,3.513432944119585,3.0
6166,4148,2.492801268952835,2.5
6201,899,4.443524004291912,4.0
6203,2163,3.0,1.5
6232,5507,3.4608790176076654,4.0
6238,3,3.2733318944061622,3.0
6239,3114,4.109078922904943,4.0
6245,1393,3.483267397335638,3.0
6320,3699,3.478049940322647,3.0
6338,1175,4.0,4.5
6352,4386,3.0,0.5
6352,6584,3.0,2.5
6357,3114,3.9473930465588865,3.0
6375,2762,3.8582389827049295,4.5
6389,1304,3.599048088569011,3.0
6408,1,4.030213763383176,5.0
6424,1438,3.4254434960876927,4.0
6435,1953,4.337703355326097,5.0
6443,5009,3.0,3.0
6446,1379,2.0,3.0
6457,1356,3.9437957870471543,3.5
6477,3591,3.765644906918853,3.5
6477,4236,3.0,3.5
6481,7382,3.0,3.5
6497,32,2.774116098468271,4.0
6502,110,3.654952477859804,3.0
6512,910,4.595445556947933,4.0
6512,1645,4.201231439190665,5.0
6550,7325,3.2357874762486376,3.5
6550,33495,3.0,1.5
6553,2372,3.0,4.0
6567,785,3.0,5.0
6582,10,4.11983785119589,4.5
6582,6565,3.778654917457001,4.0
6584,6218,4.004888795822222,3.5
6587,339,3.542323483104975,3.0
6589,7361,4.439458805699868,4.0
6590,47,3.9918933643732104,3.5
6600,5218,2.5276575040281966,3.0
6684,2064,2.9999881386716605,1.0
6711,104,3.2353728962133443,4.0
6716,1674,4.651608001290603,3.5
6716,4963,3.8741298056317306,4.0
6717,1288,3.789583731391744,5.0
6720,6365,4.3271830841966485,5.0
6725,4014,3.783078617520654,4.0
6743,150,3.695355703812798,5.0
6755,446,3.4815218434051123,4.0
6756,3033,3.9856110441176007,2.0
6757,589,3.0619614279923058,4.0
6757,3263,2.620726226398658,2.0
6757,4327,3.354898131010035,3.0
6757,4537,3.0,4.0
6758,3176,3.658193642657854,3.0
6774,4079,3.0,2.0
6810,2723,3.0,2.0
6814,34,3.833109771285074,4.0
6818,256,3.8437169292310833,3.0
6821,2000,4.3412344296887735,5.0
6822,1103,3.9791854652610477,5.0
6842,208,3.0614802859696253,3.0
6862,2333,3.0,3.5
6873,2542,4.094272696007903,4.5
6890,4095,3.0,4.0
6905,1967,3.77616712104739,2.0
6920,344,3.696609713825355,3.0
6932,3034,3.444275238613266,4.0
6957,1416,3.0,5.0
6971,593,4.046890387285858,5.0
6978,86,3.0,3.0
7001,1196,3.898669839055564,3.0
7003,2762,3.9844536479029227,4.0
7035,1777,3.2271549758907083,1.5
7048,3616,3.0,3.0
7061,1784,3.6483664314594866,4.5
7061,3861,3.0,3.0
7106,328,3.0,3.0
7160,1277,3.0,4.0
7161,3108,4.2869530222364265,4.0
7181,17,3.1149371285411123,5.0
7190,196,3.2059851807068362,2.0
7195,3723,3.0,3.0
7217,2716,3.8395329396038393,4.0
7218,1835,4.5,3.0
7259,141,4.2739036048382815,3.0
7283,3578,4.785460092236065,4.0
7289,509,3.7238965031761238,5.0
7291,593,4.363915745353621,5.0
7296,349,3.560697895924363,4.0
7298,1210,3.6882736393451925,5.0
7302,2478,3.2589895170468335,2.0
7304,778,3.488104339405233,3.5
7330,225,3.5629019025173823,4.0
7417,480,3.978932022166517,4.0
7449,231,3.0213281154042626,0.5
7455,1958,3.9563262069846483,3.0
7461,963,3.0,4.0
7461,2662,3.867032604139377,4.0
7471,46,1.5,2.0
7487,1047,3.674151742356819,4.0
7537,2759,3.0,2.0
7563,420,4.0,3.0
7568,1379,1.9190628751978422,2.0
7570,2422,3.7829423863851144,1.0
7582,3525,4.0,2.5
7587,466,3.5901643875610927,3.0
7587,5785,3.0,4.0
7602,898,4.263812900716488,4.0
7614,36,4.068765802927488,5.0
7624,2840,1.0,2.0
7624,6530,3.0,4.0
7652,36,3.361537689608684,5.0
7657,140,3.373593218234967,4.0
7674,906,5.0,4.0
7674,1066,5.0,5.0
7676,2858,3.9056300031956646,5.0
7678,1556,3.481257139519564,2.5
7678,2096,3.822940670936413,4.0
7678,8783,4.261574605429465,5.0
7684,2959,3.7423389022305256,4.5
7694,5457,3.0,0.5
7699,2718,3.0,4.0
7704,47,3.2888053262496535,3.5
7708,1917,2.912086935273529,3.5
7708,7033,3.0,2.5
7752,923,4.270890107827405,4.5
7795,319,4.207571458775064,5.0
7798,250,3.511196224687207,4.0
7820,1625,3.6530326149865093,3.5
7849,31696,2.570372448266615,3.0
7890,2386,3.0,1.0
7919,2739,4.5,4.5
7949,2248,3.514818617697843,4.0
7954,2371,3.6063879965074004,5.0
7968,11,3.3767164257727584,4.0
8021,8957,2.6836789092392057,1.5
8038,1080,4.418565073013458,4.0
8047,504,3.0,2.0
8048,5574,3.2062045757951014,2.0
8054,1904,3.0,4.0
8055,446,3.0,4.0
8060,2991,3.804982287682158,4.0
8067,1187,3.0,3.0
8075,3525,0.5,0.5
8082,4848,4.5789886775698925,5.0
8103,44191,3.5386045836141933,4.5
8110,2580,3.4563346882035177,4.0
8114,3617,3.106960443944961,4.0
8114,4978,5.0,5.0
8136,3949,3.9557908840197116,4.0
8152,113,3.0,3.0
8161,111,3.8185969684640644,4.0
8170,685,3.0,5.0
8188,764,3.0,3.0
8202,799,3.0,4.0
8238,56174,2.7795472876369827,3.0
8250,1034,3.0,4.0
8264,454,3.2602588899191924,4.0
8265,2700,2.803238140941745,5.0
8266,1784,3.9888107552637955,3.0
8275,3498,4.241914148318994,5.0
8288,50,3.961044869625188,4.0
8288,296,3.9593579583059717,4.5
8315,1,4.211663481276414,5.0
8352,1212,3.4105384620920813,3.5
8353,2115,3.7148755949606884,4.0
8394,589,4.071362726504903,5.0
8395,2231,4.069718425819463,3.5
8441,11,4.152183381309959,4.0
8470,2174,3.1628595587242625,3.5
8475,5447,4.0,3.0
8476,5296,3.4999999999999996,3.5
8490,4477,3.0,0.5
8494,256,3.493344112194004,3.0
8504,60950,3.0,4.0
8513,490,3.0,3.0
8518,4886,3.809512815962746,3.0
8530,110,3.1286710941493316,3.0
8546,296,3.7837594002496955,3.0
8567,2028,3.1184273925917565,3.0
8581,339,3.311766196290014,3.0
8588,1380,4.028571686949644,3.0
8597,3256,3.552163702163614,3.0
8604,780,3.110547372897022,1.5
8607,357,3.8945325063807785,4.0
8610,8528,3.08996853258378,2.0
8616,193,3.0,3.0
8649,586,4.073825440927198,5.0
8650,1265,3.8062659630045905,5.0
8666,1885,3.7497631968893645,3.0
8666,3504,4.173771754707419,5.0
8666,5445,3.8750565515055366,4.0
8676,4029,3.0,3.0
8682,3418,3.8080686911864072,4.0
8683,44204,3.0,4.0
8703,21,3.6846185204471595,4.0
8734,2302,3.5054961621555094,3.5
8734,2431,3.0,4.0
8734,8958,2.9068276760065292,2.0
8737,1597,3.3514740009085706,3.5
8750,2988,3.0,1.0
8779,1527,3.592557217723313,5.0
8802,4285,3.0,3.0
8813,5945,2.5206229299850054,2.5
8816,2373,3.0,4.0
8826,608,3.652437504445983,3.0
8826,7367,3.0,4.0
8834,18,3.0,3.0
8849,3105,3.8801572679175544,4.0
8875,1747,3.2891555523011724,3.0
8877,8376,4.069310523857396,5.0
8892,750,4.185293336052937,5.0
8892,1059,3.0,4.0
8892,2266,3.0,2.5
8922,144,3.0,5.0
8922,1013,3.5170385778470035,3.0
8930,2550,3.0,4.0
8932,1073,3.6993928225116686,3.0
8965,1082,3.0,3.0
8968,364,2.8270080246564278,5.0
8970,858,3.4388534551043195,4.5
8973,3388,4.0,3.5
8993,6218,3.32550350874475,3.5
9004,1275,4.390300911052853,4.0
9008,43,3.0,1.0
9034,34162,4.115761591825007,3.5
9048,708,1.2317721801500854,0.5
9060,34,4.056386259509322,5.0
9085,6377,3.972839291367104,4.0
9109,1201,3.8747693461059676,5.0
9139,4066,3.0,3.0
9140,2858,2.940308571412894,2.0
9161,344,3.6434954590754005,4.5
9167,3101,2.8043458400012935,3.5
9170,608,3.959563902169258,3.0
9181,4415,3.0,3.0
9184,1047,3.4873112765182492,5.0
9191,3623,4.290309972124509,3.0
9196,923,3.6735090363256933,5.0
9197,2232,5.0,5.0
9212,1995,3.0,3.5
9213,920,3.61661545379698,3.0
9213,1350,3.1233025305107254,2.0
9216,589,3.441718291017991,4.0
9252,2432,3.0,3.0
9255,1376,4.277678799887612,4.5
9275,3681,3.0,4.0
9286,1080,3.3347726417269565,3.0
9310,4623,3.0,3.0
9324,420,3.89683904251417,2.0
9332,2712,4.316056893092929,4.5
9335,3959,3.0,3.0
9359,31696,3.1507868479601493,2.0
9369,1204,3.1384687230268895,0.5
9404,11,4.5267641847461535,3.0
9449,6711,4.1999468531210296,5.0
9452,7293,4.529108678577253,4.5
9465,1086,4.0176058868152245,5.0
9466,296,3.8861414151235754,5.0
9467,2863,4.0,5.0
9479,2746,2.0615894166910387,1.0
9486,318,4.090577390213865,4.0
9495,4896,4.451342067083497,5.0
9505,1345,3.6636827892107924,3.0
9522,2006,3.907618985172568,5.0
9522,7706,5.0,4.0
9531,5247,2.261698851887389,3.0
9531,6566,1.4999999999999998,1.5
9550,1212,4.331481406722534,5.0
9550,31658,3.0,2.0
9554,1173,3.0,5.0
9595,172,3.3387911918870827,3.0
9595,173,3.662866711271455,2.5
9603,1608,4.1705822197042,4.0
9627,653,3.3071502484505664,4.0
9630,58559,2.6130131163695283,2.0
9661,5184,3.0,2.5
9665,3082,3.0,2.0
9686,4016,3.0,5.0
9691,3448,4.440364165800253,5.0
9719,466,3.6099105374671296,3.0
9744,141,4.17333548061958,4.0
9759,152,3.0,5.0
9786,2792,3.3768114270297223,3.0
9787,434,3.2340946854029937,4.0
9791,1414,3.0,3.0
9809,4962,3.0,3.5
9820,4002,4.000170959970275,4.0
9821,527,3.1584721027355767,5.0
9823,1834,4.50371225666443,5.0
9823,2616,2.940290409938083,1.0
9825,648,3.647627178430386,3.0
9844,3287,3.0,3.0
9895,2134,3.3242276688931263,4.0
9903,1604,3.0,3.0
9922,1073,4.146740186546998,4.0
9926,1333,3.683040138543647,3.0
9928,59315,4.3564109370865856,4.0
9948,3,3.459435453716407,2.0
9952,6373,3.1177844670335313,2.5
9973,2024,3.0,2.5
9978,291,3.0,1.0
9988,1777,3.382518658021499,2.5
9993,3753,3.674895846916761,4.5
10012,2688,4.695659232042473,4.0
10023,1172,4.124637360286147,4.0
10031,4995,2.9517708525305575,3.0
10092,587,4.534853251922996,2.0
10098,4381,3.0,4.0
10107,48,1.5198369089979409,1.0
10123,1374,4.199090397900333,5.0
10131,1777,3.243385539318676,4.0
10132,7570,3.5,3.5
10192,265,4.183019636869942,4.0
10205,6934,3.424477243886268,2.0
10206,208,4.260404324889022,5.0
10220,1416,3.0,1.0
10230,60,3.4959302026225165,3.0
10282,236,2.943145732088877,4.0
10289,1221,3.9968652184497397,5.0
10291,1261,3.9035326399363828,4.0
10313,4027,3.7370568020372876,4.0
10318,4995,3.726356907199522,4.0
10359,912,4.4387715389395055,4.0
10372,968,4.426568684680065,4.5
10375,25,4.570392677708953,4.0
10384,1250,3.957646792977553,3.5
10390,2139,4.003986408488109,4.5
10406,3618,3.0,4.0
10435,2792,5.0,4.0
10444,2091,3.0,3.0
10470,596,3.7081560231963264,3.5
10509,3773,3.0,3.0
10518,198,3.4296926238136924,3.0
10563,1682,4.203451758273428,4.5
10563,4226,4.220195738057117,5.0
10571,48394,4.0,2.0
10596,509,4.054101734856262,5.0
10619,4844,3.0,3.0
10646,1639,4.379233477263537,3.0
10671,3120,3.0,3.0
10680,30892,3.0,4.0
10696,541,3.7439210034546324,5.0
10715,6377,3.3936953266234355,4.0
10720,4440,5.0,5.0
10759,1586,3.5225531011496005,4.0
10759,6464,3.0,2.0
10801,1357,4.0,4.0
10856,2985,3.2136044097101553,4.0
10858,4085,3.733521381505213,4.0
10955,736,3.9475359065797737,4.0
10962,3747,3.0,4.0
11015,300,3.3930375841582725,3.0
11024,4370,4.015367907070319,3.5
11032,5378,4.520400699834546,2.0
11050,1835,3.0,2.5
11076,1198,3.9694747923179587,4.0
11077,1980,0.8536574970188896,0.5
11105,785,3.0,1.0
11112,2997,3.589391461942516,4.5
11130,1120,3.1125447672809026,1.5
11153,1148,3.135184802644179,4.5
11165,4214,2.9957677321486234,2.5
11168,515,4.274767536071824,5.0
11174,233,3.0,3.0
11186,3469,3.0,4.5
11195,442,3.6667331540089307,3.0
11215,5899,3.0,4.5
11259,233,3.0,5.0
11298,3273,4.146359159909545,4.5
11300,1721,4.109616881727608,5.0
11323,2746,4.037445631042785,3.0
11345,342,4.4925318662879175,4.0
11364,1103,4.716757456996765,4.0
11378,1694,3.0,4.0
11393,597,3.211308006249214,4.0
11398,223,3.881997920990543,4.0
11399,910,4.320878812728594,4.5
11481,539,3.3256772944563036,5.0
11494,5009,3.0,4.0
11510,8641,3.526784792430628,2.5
11529,2136,3.0,1.0
11535,58,4.259042191056924,4.0
11541,246,3.0,4.0
11543,2034,5.0,4.0
11544,2357,3.0,4.0
11544,3343,3.0,2.0
11595,2,3.5046680982783047,3.5
11595,5464,3.86588916036437,4.0
11606,3088,3.0,4.0
11607,101,4.056480464927214,4.5
11617,3114,4.056810456747909,4.5
11638,52604,3.6864933971784537,3.0
11642,260,3.82045724769903,4.0
11646,2746,3.926988843794526,4.0
11656,466,3.9501687115178203,5.0
11663,2303,4.391048444073197,5.0
11680,1643,3.0,2.5
11702,316,3.588401788878454,2.0
11719,1259,3.0964626904891017,4.0
11735,1230,4.592964458809509,5.0
11739,2706,3.9931632427685035,4.0
11756,3152,4.500313256648248,5.0
11758,1304,3.4698703442846126,3.5
11758,1617,3.3650491833556786,4.0
11779,1136,3.861082705715699,5.0
11789,2,4.198023623989928,5.0
11803,3996,3.2473403740686533,2.0
11809,1291,4.070684124520588,5.0
11824,1201,4.071693727604353,3.0
11833,25,4.45640765818059,2.0
11845,276,3.0,3.0
11866,1379,4.0,3.0
11900,1,3.463420161802722,2.5
11916,1249,4.228184757017872,2.0
11924,5294,3.0,4.5
11952,318,3.078171973159936,4.5
11963,1247,3.891182433679596,3.5
11963,2501,3.0,5.0
11984,5349,3.4203618741007356,3.0
12000,2140,3.0392069128996777,2.0
12012,1608,4.474070717674589,4.0
12042,165,4.003181922596214,3.0
12051,6807,3.656224623190315,3.5
12109,185,4.099736493034217,4.0
12119,491,4.0,5.0
12135,589,4.295429228854323,5.0
12141,435,4.339894661317161,3.0
12169,7444,3.0,3.5
12176,3791,4.0,3.0
12248,4010,3.0,3.5
12253,2161,3.056824453440176,3.0
12259,47,4.228863225291624,5.0
12263,509,4.207267471980441,5.0
12265,260,3.902982923102196,5.0
12270,2966,3.0,4.0
12283,7361,4.082619420808665,4.5
12285,2948,2.2533393059602447,4.0
12296,1221,3.8002503495454625,5.0
12296,2023,3.812853741144406,4.0
12296,6229,3.0,3.0
12309,1918,2.941496677547277,3.0
12346,2858,3.947956283798674,3.5
12346,6299,3.0,4.5
12352,300,3.8864388824867904,4.0
12377,160,3.2448506829500445,4.0
12381,3927,3.0,4.0
12394,1090,4.068460715319653,4.0
12400,2908,3.108502125535302,2.5
12412,231,3.8149100849068205,3.0
12425,2501,3.0,4.0
12490,5010,3.351150129442997,4.5
12500,4117,3.0,5.0
12503,230,3.5102523381997424,4.0
12538,7162,4.244686529076325,4.5
12539,480,3.242680524820539,4.0
12583,1292,4.122552462751728,5.0
12619,1805,3.7096377096812057,4.0
12660,2517,3.190736033324672,3.0
12661,27912,3.0,4.5
12663,443,3.0,3.0
12665,2431,3.0,3.0
12678,2759,3.0,1.0
12693,2454,3.0,4.0
12694,2672,3.0,4.0
12704,3735,5.0,5.0
12725,1248,4.122657608868938,5.0
12733,337,4.216816836663974,4.0
12752,3403,3.0,3.0
12752,6367,3.0,3.0
12752,6874,3.7028591104761692,4.0
12759,1678,3.0,3.5
12789,4034,4.198281783981813,5.0
12790,2991,3.543964530051666,3.0
12805,368,3.640292493500881,3.0
12816,1089,4.50624863825863,4.0
12839,2539,3.278783602760119,4.0
12866,3147,4.5891083464594775,4.0
12873,4034,3.1319741764319473,4.5
12878,4823,3.100284664125958,3.0
12903,4758,3.0,3.0
12904,50,3.419622606604029,4.0
12925,5219,3.7281320443605948,2.0
12943,2078,3.7312189770148905,4.0
12946,3578,3.9183337681956636,4.0
12957,1104,4.565339494185516,4.0
12969,150,2.8136400633709133,4.0
12974,2529,3.949190681661096,5.0
12996,913,3.750249967901256,4.5
13006,266,3.6037046910645767,4.0
13008,1836,3.0,3.0
13012,329,3.5514274767529224,3.0
13022,1222,4.050756886824818,5.0
13051,1429,3.0,5.0
13089,141,3.752024321272426,4.0
13170,1947,4.3336917957731895,5.0
13177,588,2.969582911789504,4.0
13179,1196,4.36800559158631,5.0
13188,2594,3.0,4.0
13220,319,3.9413218798614316,3.0
13240,786,3.0876397511725284,2.0
13274,3129,4.0,4.0
13290,1690,3.031890448832704,2.5
13300,2054,3.635996603427358,4.0
13300,2153,3.0,1.0
13318,551,3.6475310649579367,4.0
13318,2567,3.0,3.5
13330,6283,3.7270588659747586,5.0
13335,356,3.6039897750595813,3.5
13335,923,3.959998017403892,4.0
13335,1222,3.654201538561141,2.5
13335,4034,3.665558287956228,4.0
13370,45,3.757832101742823,3.0
13372,6663,3.946989672226013,4.0
13396,1094,3.9071654177150608,4.0
13453,3082,3.1965982660796683,3.0
13459,1754,3.8399237018798997,4.5
13476,2467,3.0,3.0
13500,2997,4.11308578245623,4.0
13501,4643,3.5458762791840677,2.0
13532,541,3.9444328602603775,3.0
13536,318,4.833430682782171,5.0
13603,3578,3.9032412805561694,3.5
13603,3948,3.7534613134022003,3.5
13605,6143,3.0,4.0
13611,3869,2.0,3.0
13614,7934,4.0,3.5
13626,697,3.0,3.0
13669,7147,3.7547788415220382,3.0
13669,7254,3.2452170501501443,3.0
13694,8796,3.0,4.0
13746,4135,3.0,3.0
13769,938,4.506234219337477,3.0
13782,32,3.7486172288786603,4.0
13801,36529,4.0,3.5
13804,2712,3.9075647123840525,4.0
13808,2683,2.7460445612210544,1.0
13816,2289,3.8444365936420075,5.0
13824,296,4.050429151546528,2.0
13846,2772,3.0,3.0
13869,783,3.486459753397568,3.0
13875,1956,3.0,4.0
13876,899,3.5658743106261626,4.0
13876,1968,3.76309697104951,5.0
13890,8464,4.2513704707281965,4.0
13900,2524,3.0,2.0
13912,1343,4.391063348973669,4.0
13927,6461,3.0,5.0
13932,1416,3.0,2.0
13968,3114,4.401856324325473,5.0
13976,367,3.6343080544917514,3.0
13977,4993,3.962000334829183,5.0
13983,2182,4.5,3.5
13988,4047,3.0,2.0
13999,1681,3.0,1.5
14004,3360,3.0,4.5
14006,1370,3.514805078834111,3.0
14022,2248,4.261900549745892,3.0
14045,1296,4.509458559405349,4.0
14053,1953,3.8704427390425873,3.0
14059,7102,3.0,3.0
14076,3524,3.26708443688442,3.0
14088,802,3.1679501072575897,5.0
14134,5387,3.0,2.0
14153,2527,3.9016024219330214,3.5
14170,3173,3.0,3.5
14174,2005,4.1077342625551365,4.0
14185,2916,3.0279669953029424,3.0
14187,8969,2.5,1.5
14222,2321,3.3360910690192283,1.5
14259,574,3.0,2.0
14332,919,2.7994453945781217,3.0
14356,4128,2.8922274019873493,2.5
14375,1196,3.6619322434997805,4.0
14382,667,3.0,3.0
14385,1089,3.9662408800336153,4.5
14415,2165,4.0,3.0
14427,1692,3.0,1.0
14434,58490,3.0,3.5
14445,3755,3.717908460171232,3.0
14457,1466,4.338161914481328,3.0
14463,2171,3.0,3.0
14463,2642,2.396329460708856,2.0
14463,4236,3.0,2.0
14465,1968,4.341691812810177,4.0
14490,2722,2.30795325945996,1.5
14491,1197,4.3056237520539895,5.0
14524,2524,3.920257969058146,3.0
14573,153,3.128086291452922,4.0
14578,1207,4.302843244445724,4.5
14584,1707,3.0,1.0
14596,7338,3.0,4.0
14609,34,2.667549734874906,3.0
14623,965,4.700039559026781,3.0
14633,2335,2.6684339182274837,3.0
14634,780,3.899096787720428,3.0
14636,1527,3.2588106134083503,0.5
14637,2329,4.114608916393539,4.5
14663,3505,3.242386753159117,4.0
14675,3704,3.7460309585099076,3.0
14691,474,3.7682677210209246,3.0
14706,541,3.6949889160627123,4.5
14713,2291,3.575774902741637,2.5
14715,1883,4.005609311952502,3.0
14716,6539,4.044117766141139,5.0
14721,2872,3.07829197685629,1.5
14732,4447,3.7331467039271304,4.5
14748,4728,2.0,2.0
14749,798,3.0,1.5
14779,780,3.949497601706138,4.0
14794,3813,3.0,4.0
14803,45186,2.8027477823841833,3.0
14821,3675,3.0,3.0
14841,150,4.3613050838714384,5.0
14846,736,3.900408863833584,3.0
14865,329,3.9501415182987003,4.0
14865,1642,3.0,2.0
14877,1957,3.6320868008887874,3.0
14877,6466,3.0,4.0
14878,1127,4.278480913675492,3.0
14897,1479,4.866013279644361,1.0
14904,858,3.8225009593656667,5.0
14904,1991,3.0,1.0
14957,357,3.49878205647216,3.0
14972,1,3.9616525285351196,4.0
14995,203,3.0,2.0
15004,5956,3.7298011761280114,3.5
15033,7285,3.0,5.0
15055,942,3.652415486926862,3.0
15061,3273,2.785251726035809,2.5
15094,4210,3.0,4.0
15094,4571,4.419353136075988,5.0
15110,6365,3.0521143283943033,3.0
15117,1721,3.6784167128324943,3.5
15123,908,3.8062168704259074,4.0
15140,1923,3.2749598851029975,3.5
15216,1089,3.529903010354584,4.0
15224,6379,3.5,2.5
15224,36401,4.0,4.0
15246,150,3.058872136595577,5.0
15264,30749,3.6113717341568314,4.0
15288,2511,4.0,4.0
15344,4019,4.373920548496286,4.5
15363,520,3.0039681016906203,2.0
15363,48738,4.560989252987954,4.0
15398,2883,3.0,3.5
15414,3751,3.7228312506560823,3.0
15423,6774,4.118684368654458,4.0
15434,3799,2.0,2.0
15438,593,3.6392531086701085,3.0
15446,7293,3.8395542301983725,4.0
15450,161,3.548388497626288,4.0
15471,6979,2.7056892217835333,3.0
15480,4027,4.346558588772607,4.0
15483,1517,3.431662662575485,4.0
15520,2672,3.0,3.0
15523,3266,3.0,2.0
15528,6373,3.7206619306106825,3.5
15558,7766,3.94957106921963,3.5
15609,7,4.1165593566184615,3.0
15619,4577,3.0,3.5
15619,6124,3.0,3.0
15626,541,2.998473218756719,4.5
15632,2699,3.1040336416360463,3.0
15637,163,2.6863739932202875,4.0
15648,1125,3.0,5.0
15697,1356,3.5632810891802826,4.0
15722,2291,4.019425549036168,4.0
15727,457,3.6636560108097767,2.0
15736,3928,3.0,5.0
15739,3160,3.3962908168547474,4.0
15741,1265,3.810012778625994,4.0
15755,524,3.0,4.0
15803,2469,3.0,4.0
15817,924,4.03079357065896,5.0
15837,2763,4.079705403011802,4.0
15874,2596,3.0,3.0
15903,592,3.205237736666785,4.0
15903,1411,3.0,3.0
15919,736,3.315474122810756,3.0
15921,2334,2.665543893874352,2.0
15943,260,3.266753432008403,5.0
15943,1597,3.0387884201717656,2.0
15958,2716,3.6799705233726883,5.0
15967,805,3.2576243715558264,3.0
15985,3342,3.0,3.5
15989,435,1.9752258822158506,3.0
15990,2553,2.0,2.0
15994,2000,3.7393316693347454,4.0
16003,7926,4.770200132220468,5.0
16004,7930,3.0,3.5
16012,32,3.7104856233746872,4.0
16012,5791,1.0,4.0
16013,1917,3.7048529325134267,3.0
16020,1405,3.0,3.0
16039,2076,4.1224423945365745,4.0
16043,153,4.42860858308202,3.0
16043,49651,3.0,3.5
16089,150,3.737539736606895,4.0
16101,1874,3.0,2.0
16133,3826,3.4790545479338504,2.0
16151,780,3.430486361048347,5.0
16164,1552,3.3616310343199736,2.5
16167,539,3.682928486939925,5.0
16210,2712,3.6586755242501687,2.0
16227,1597,3.319878803265009,2.5
16227,2180,3.2896924222842383,3.0
16227,5991,3.1781329884865,2.0
16227,8675,3.0,4.0
16249,3754,3.0,2.0
16255,1407,3.855404746416851,3.0
16338,899,4.185919712031472,3.0
16359,1834,4.250421263013855,4.0
16393,7618,3.0,4.0
16397,2640,3.800281440876639,3.0
16400,596,3.0,3.0
16440,1373,3.544163778471393,2.0
16453,52967,3.0,3.5
16457,1210,2.479081476338358,3.0
16457,3755,2.487773443829123,2.5
16458,55247,2.731173805846138,3.0
16475,1012,3.0,3.0
16487,4523,3.0,1.0
16521,2115,4.538563970700706,3.5
16526,170,3.0,4.0
16527,54190,3.0,4.5
16537,4447,4.506642932346794,5.0
16539,2991,3.19845856113693,3.0
16566,3412,3.0,3.0
16583,3704,4.153635611120593,4.0
16601,4464,3.0,2.0
16612,253,3.4183265881902676,3.0
16620,1028,3.5118143860660003,2.0
16620,1148,4.243136321959567,4.0
16623,780,3.710023951742094,4.0
16639,953,4.014285702461014,5.0
16653,6662,4.0,4.0
16664,500,3.250420212240147,3.0
16669,1856,3.0,3.0
16681,8295,3.0,4.0
16690,1556,3.0,1.5
16714,37729,3.1551586711954887,2.5
16721,6993,4.749175132689094,4.5
16727,3330,3.0,4.0
16727,4871,3.0,3.5
16763,5902,4.6725286623032485,4.5
16816,480,3.569321169976163,3.5
16820,1586,2.6867739753441136,4.0
16828,509,3.3891672071161705,5.0
16835,1517,3.9519228812757703,4.5
16835,8874,4.162715860459402,4.5
16850,3706,3.0,3.0
16850,5599,3.0,4.0
16870,32,3.596942151310791,4.0
16871,2716,4.520015900490864,5.0
16872,3328,3.0,4.0
16926,778,3.9882665982327428,4.0
16928,318,3.602692885452354,4.0
16929,2167,3.184355616833645,3.0
16929,4186,3.0,1.5
16937,553,4.2569856368144885,5.0
16992,33164,3.0,1.5
17002,805,3.6086011779140033,4.0
17053,161,2.9681870972917035,3.0
17073,196,3.206972500191737,2.5
17074,6586,3.6668670734126647,2.5
17084,367,3.400601415605003,4.0
17093,3552,5.0,3.5
17126,7160,4.061189421575829,4.5
17157,1060,4.201596541908527,4.5
17157,1213,4.468812414613471,4.0
17178,231,3.332557138688039,1.0
17196,32029,3.0,2.0
17214,33836,3.0,3.0
17229,2858,4.378466333966564,5.0
17234,527,3.391566507715368,5.0
17235,1080,4.11406190588213,4.0
17247,2243,3.9233823873958125,4.0
17275,953,4.068510891875485,3.0
17276,2579,3.0,4.0
17302,1608,4.208923906862332,4.0
17313,5669,3.7424024585444355,2.5
17353,60,3.0,4.0
17359,515,5.0,5.0
17416,55444,3.0,4.5
17419,3029,3.0,3.0
17433,46965,3.0,4.0
17436,818,3.0,5.0
17438,533,2.996561472927632,2.0
17438,2052,3.0,3.0
17438,4963,3.904057913317542,4.0
17443,3070,3.239340642354514,3.0
17451,1320,3.5695781489346157,1.0
17462,196,3.6803942182658047,4.0
17471,597,3.4521199436571326,1.5
17476,10,3.156666273247442,3.0
17485,593,3.958713549206628,5.0
17488,1097,4.431820610738486,4.0
17500,32,3.178595182080535,2.0
17501,2067,4.0,5.0
17503,1918,2.58372539296016,1.0
17510,2628,4.139902737336985,4.0
17511,1784,3.591763206502829,3.0
17519,361,3.6866329534811344,3.0
17538,708,3.7333092456053727,3.0
17600,5952,3.8670785067065716,3.5
17618,1961,4.039619669229686,4.0
17622,522,3.0,3.0
17622,806,3.0,4.0
17634,590,3.37308549984875,4.0
17653,45210,3.0,4.5
17668,1047,3.7191594131289136,5.0
17679,1228,3.5399281150315063,4.0
17684,1302,3.653299376787126,3.0
17695,316,4.28266705105438,4.0
17712,1172,3.6609897109272813,4.0
17717,6383,3.0,3.5
17747,4040,3.0,3.5
17755,4090,3.0,2.5
17803,1270,2.9042268709629577,3.0
17829,3114,4.333339293238087,4.0
17842,4903,3.872473024471803,3.0
17854,3897,3.423364633341214,3.0
17909,308,3.0,0.5
17921,3708,3.674180299337811,4.0
17922,365,3.0,3.5
17922,2635,3.0,3.0
17935,1597,4.125419297359485,4.0
17936,33437,1.5,3.0
17944,2617,3.7321446012049635,2.0
17977,342,3.202043805348499,2.0
17979,356,3.891501802150692,5.0
17985,1196,3.907362630714847,5.0
17985,2288,3.506381672721481,3.0
17988,1291,3.4375524818713683,5.0
17999,2321,3.400967110970441,3.5
18015,1573,3.72014481286931,3.5
18039,4223,4.321437635258136,2.0
18047,2420,3.4684789680945776,3.0
18082,2340,3.0,4.0
18089,1488,3.648529525300562,4.0
18090,1293,3.9949856281985867,4.0
18101,1060,4.036726327251338,4.0
18130,5418,3.786177983424544,4.0
18160,594,1.0,1.0
18162,158,3.8901332950491336,2.5
18169,1097,2.831213304261919,3.0
18182,1097,3.7975155103650584,3.0
18184,6502,3.675170098773425,3.5
18192,345,3.0,5.0
18202,628,3.4507731497847707,4.0
18227,6294,4.080990193718318,4.5
18230,2918,3.2465015578026626,2.5
18261,231,3.415271840821489,3.0
18278,2312,4.266020640478366,5.0
18278,2524,3.314809897547958,5.0
18278,4359,3.0,4.0
18278,45382,3.0,4.0
18280,2394,3.0118593203127446,2.5
18280,8459,3.0,3.5
18315,7361,4.017292376757821,1.5
18323,3248,2.9999999999999996,2.0
18351,185,3.347045766271529,3.0
18352,2969,3.0,3.0
18353,46976,3.0247197075493575,4.0
18367,1020,2.3213867073521905,3.0
18369,1004,3.0,3.0
18379,32013,3.0,3.0
18393,5629,3.0,4.0
18399,2858,3.765752258715606,4.0
18408,1457,4.0,4.0
18427,2916,3.698261769327295,3.0
18459,1784,4.130735355430712,5.0
18480,653,3.2452955304647206,3.0
18529,1208,4.399495227613865,5.0
18544,1204,4.676030094001672,5.0
18593,858,4.239232588207949,5.0
18613,328,2.0,3.0
18613,588,3.9688392017659644,5.0
18632,4993,2.509254549506914,2.5
18636,30793,2.270522822229827,3.5
18673,2115,3.1422570348251764,3.5
18673,7445,3.0770928350845046,2.0
18678,33154,3.0,5.0
18705,3396,4.5122392795531026,5.0
18722,2716,3.5702806033906063,4.0
18726,647,3.9668386247390006,4.0
18734,1518,3.0,3.0
18743,2687,3.035162961118822,2.5
18749,1527,3.978400481973325,4.5
18758,1084,4.657929259265423,4.0
18802,6876,3.0,2.0
18805,1500,4.621755930546405,5.0
18807,1270,3.5952674927667783,4.0
18817,161,3.846945328570734,5.0
18833,1694,3.0,4.0
18837,1101,3.1242103137187525,1.0
18853,7458,3.4240201927542584,4.0
18855,4427,3.0,4.0
18889,2300,4.201669737548737,3.5
18893,3994,3.5710398413183553,3.0
18902,22,4.290731226767838,5.0
18920,5989,3.430354262171564,4.0
18927,2701,3.8162750359414277,3.0
18934,724,3.006982567231102,2.0
18942,1399,3.0,3.0
18971,306,4.491397496234509,4.0
18987,1198,3.6113768154027763,4.0
18987,1413,3.0,5.0
19009,153,2.778715032769928,3.0
19009,185,2.7746331644364712,4.0
19014,7453,3.0,0.5
19018,6412,5.0,5.0
19046,597,4.218886435588159,4.0
19052,454,1.9481917745730513,1.0
19066,8784,2.9684384196510547,2.0
19069,1882,2.2074126587762564,1.0
19076,150,3.9022464838716364,4.0
19087,719,3.369665281299275,1.0
19094,805,3.872578194191124,4.0
19111,1227,4.0,4.0
19122,231,3.0118746817313253,1.0
19128,1208,3.659360375805179,5.0
19135,2871,3.7385529491922136,4.0
19139,3543,4.5,4.0
19150,1004,1.0,3.0
19165,261,3.315958136593163,3.0
19174,899,4.086988104641788,4.0
19182,719,3.0000000000000004,3.0
19202,904,3.902758517030048,4.0
19223,6711,3.8689055190660024,4.5
19225,2003,3.784650838475207,4.0
19237,1356,3.825534625800695,4.0
19251,593,4.164489297761494,5.0
19280,35836,3.0347219445907356,4.5
19297,2961,3.0,1.0
19305,2174,3.0876120144460604,3.0
19306,588,2.9575314488836377,3.0
19306,2268,3.3402249142441303,3.0
19321,296,3.220452158239539,4.5
19331,1246,2.9926174197316895,2.0
19340,1527,3.9405872667495765,5.0
19352,7,3.1773707095515435,3.5
19357,1517,2.660425228039503,1.0
19370,1242,4.35409578560067,4.0
19379,1662,3.0,3.0
19379,5309,2.5,2.0
19448,2321,3.7439780103505944,4.0
19450,1210,3.516111885200475,4.0
19459,8977,3.5,2.0
19471,1391,3.943367213819477,5.0
19489,153,3.0000000000000004,3.0
19506,914,4.019064594680184,3.5
19587,2648,4.4118865218271806,3.5
19587,2905,4.0,4.0
19607,380,2.7830477477843956,4.0
19618,2302,3.8367515995163215,3.5
19635,4191,3.0,5.0
19637,357,3.4625657292124106,3.5
19643,1028,3.777645560824403,5.0
19661,2253,4.5,3.0
19688,1603,4.0,3.0
19695,235,3.4838092483137943,3.0
19705,1945,4.530658086695249,4.0
19733,8360,4.157307584400371,4.5
19739,435,3.347615006053621,3.0
19742,1952,4.589364789383868,5.0
19747,6857,4.0,5.0
19761,736,3.5797990781166096,2.5
19766,7458,3.6434068248828213,4.0
19768,6874,3.772263417269251,4.0
19810,4703,3.0,3.5
19825,2688,4.5,3.5
19835,1625,3.7025168528202426,5.0
19838,329,3.7639473789779054,3.5
19841,969,4.5629740335532665,5.0
19858,412,3.4427599037778562,3.0
19858,589,3.3615580529307607,5.0
19858,2290,3.510121326352515,5.0
19885,8873,4.448039080618348,4.0
19898,5378,3.6984295910544587,1.5
19924,6618,3.0,3.0
19925,1947,3.850562173543524,3.0
19945,3198,3.0,3.5
19945,4499,3.585632411063474,4.0
19982,32022,3.0,4.0
19990,963,3.0,4.0
20094,1500,3.250666900676094,4.5
20132,60069,3.7363120696690997,4.5
20144,1265,4.218091566283759,4.5
20150,53953,2.779994032792492,2.5
20153,1320,3.855684550783897,3.5
20178,1090,3.120213408767749,3.0
20184,2428,3.2262471538681243,2.0
20213,2145,3.264318381271239,2.5
20284,3160,2.0490461288413115,1.0
20306,1380,3.1926218271445075,2.5
20376,2324,3.9407136032793946,4.0
20383,110,3.802944976428725,4.0
20387,1006,3.0,2.0
20392,1923,4.226335844987654,4.0
20413,4223,4.011771004494987,5.0
20416,141,2.8801717636757695,3.0
20423,2797,4.078717657098535,4.0
20428,599,4.4666678713085615,4.0
20438,608,3.4341496621429175,4.0
20438,1968,3.663478818342046,3.5
20438,4876,1.0054833465451636,1.5
20451,1059,3.0,4.0
20492,2997,4.1993002184020725,3.5
20559,5816,2.8679785359648884,3.0
20564,5876,3.0,4.0
20567,3793,3.0873620207792363,3.0
20600,1690,4.032725509292424,4.0
20625,14,3.0,4.0
20625,832,2.9591518473235188,3.0
20634,628,3.542935809213863,3.0
20645,34072,3.0,3.5
20684,553,3.6449668669585007,3.0
20691,480,3.3182704129816245,4.0
20720,292,3.610665808487765,4.0
20733,3114,3.729166568677044,4.0
20740,2261,3.0,3.0
20765,1042,3.0,3.0
20766,3948,3.783022440070504,2.0
20767,2161,3.7272302827164587,3.0
20783,2447,3.0,3.0
20797,4066,3.0,2.0
20797,6265,3.0,3.0
20800,32,3.8527530102329806,5.0
20845,4280,3.5,4.0
20869,5445,3.3073451711897253,3.5
20874,1361,3.0,4.0
20881,5299,3.496319582376385,3.5
20881,5620,3.5127018632208884,4.0
20887,3000,4.024357924164027,4.0
20887,3783,3.0,3.0
20887,6294,2.8762288253996697,3.0
20907,1597,3.3099634743795323,4.0
20908,162,5.0,4.0
20910,110,3.9505808651596395,4.0
20932,1271,4.125250746741184,4.0
20932,1461,3.5,3.0
20939,4858,3.0,2.5
21006,2018,3.4304778585910016,4.0
21006,5452,0.5,1.0
21016,3717,2.5516534475835453,2.0
21021,2161,4.422044889020762,5.0
21021,2997,4.493863504914808,5.0
21047,1136,3.5309201799123024,5.0
21048,593,3.242653521444253,4.0
21063,1183,4.2788897861737345,5.0
21067,380,3.742275901383678,4.0
21069,2080,4.104110607158731,3.5
21081,1270,3.7712928019638796,5.0
21084,1500,3.919259607042831,4.0
21089,3044,4.0,3.0
21092,849,2.5,3.5
21105,32,4.278701442084149,4.0
21107,34162,4.0386203921890145,3.5
21117,111,4.433539666036925,5.0
21129,2701,3.0907645507251273,1.0
21161,17,3.5128561482090355,3.0
21164,1020,4.0,3.0
21164,3500,3.0,3.0
21172,4270,3.8838352259073523,4.0
21182,1213,4.0623954162502915,4.0
21188,5349,3.670110540774432,4.0
21192,1251,4.544091430772152,4.0
21198,3253,2.085213984905555,0.5
21199,27865,3.0,3.5
21203,4558,3.65218407255594,4.0
21236,3671,3.7185383209416583,1.0
21244,8337,2.5,5.0
21256,2340,3.0,4.0
21296,527,3.6500274756372715,5.0
21305,589,3.439192721539767,2.0
21323,141,3.3600039113594535,4.0
21324,1617,3.1726206133631867,3.5
21324,2478,2.4080579822439163,2.5
21325,329,4.303561523548652,5.0
21384,260,4.13721571597898,5.0
21384,349,3.695898077199605,4.0
21386,640,3.0,3.0
21389,448,3.0,4.0
21390,671,3.0,3.0
21395,8810,1.4999999999999998,3.0
21408,4975,4.2892674995653985,5.0
21464,778,3.708992207413529,4.0
21468,492,4.0,4.0
21475,58,3.0,4.0
21487,339,3.2472536837651993,3.0
21503,344,4.215648023686402,1.0
21506,1209,3.0,3.0
21508,50,2.1115939484687236,4.0
21523,2571,4.618123240804135,5.0
21550,2877,3.0,4.0
21576,2995,1.0,0.5
21578,52,3.137370885364845,3.0
21607,1088,3.6040382259189725,4.0
21677,2797,3.1831424766019527,2.5
21677,7458,3.4843144176420493,3.0
21684,3703,3.7642629828175895,3.5
21688,2338,4.143724712476754,0.5
21705,272,4.782912388665204,5.0
21723,4848,4.387329903922789,4.5
21732,428,3.0,3.0
21744,5816,3.6781313301572647,3.0
21757,2100,3.9222279372542586,3.5
21759,318,3.028677020789174,3.5
21766,3107,2.935130973398773,3.0
21767,5673,4.398128025333112,2.0
21771,6016,4.122313482279148,4.0
21806,2000,3.828441998567419,4.0
21821,858,4.730496708673539,5.0
21823,8225,3.041556715484913,2.5
21835,1676,3.929119492808428,4.0
21870,1193,4.522217176796824,5.0
21896,377,4.153717786378852,4.0
21906,3910,3.0,2.5
21916,261,3.0,4.0
21920,4124,3.0,3.0
21922,592,3.460046180570997,4.0
21939,7147,4.064880687166371,4.0
21944,62,4.3449768784982155,3.0
21950,4571,3.7618159931375255,3.0
21955,3301,3.377156288590114,4.0
21957,361,3.4458543977753324,4.0
21989,610,4.0,3.0
21994,2908,4.77627642146532,5.0
22016,59315,3.427982330481336,3.5
22020,50,3.963551500382233,5.0
22037,292,3.515507855903982,3.0
22049,2011,3.8105716835227903,3.0
22067,377,3.756305958597514,3.0
22100,832,4.161583866905944,5.0
22116,4014,4.216075311617227,3.0
22125,1347,3.7888452312624024,3.5
22134,1438,3.0,2.5
22171,527,4.049813406427526,5.0
22182,30749,3.130455871693016,4.0
22184,592,3.8924488492660805,4.0
22202,39,3.5919569200110884,3.0
22211,2167,4.006450537536803,4.0
22221,924,4.511592192436398,5.0
22222,719,3.9103271601911604,4.0
22233,4873,3.0,5.0
22263,6618,3.0,5.0
22287,2028,2.647031544202229,4.5
22287,8978,3.0,2.5
22290,2,4.35133752269171,3.0
22295,185,3.1482785309524943,3.0
22329,1270,4.405307832156512,4.0
22337,1061,3.0,4.0
22355,592,4.149567669153755,3.0
22369,2583,3.0,1.0
22409,516,3.0,2.0
22421,653,3.2085644067709436,3.0
22430,59421,3.0,4.0
22432,293,3.661331778948064,3.0
22464,56152,4.0,4.5
22470,1888,4.0,3.0
22479,3654,3.4355485619582744,3.5
22486,2333,5.0,5.0
22492,357,4.0501607213841115,3.0
22505,1214,4.0938163985627005,4.0
22515,8528,3.2978477965377597,4.0
22518,76,3.0,3.0
22529,1185,4.823715571671483,5.0
22545,1291,4.29815885841569,4.5
22552,953,4.149846023106518,5.0
22558,648,3.6919867466223772,4.0
22590,377,3.6510711871725436,3.0
22628,2840,2.0,3.0
22640,2396,4.489639450266363,5.0
22648,1792,2.790909286402705,3.0
22658,3793,4.172208267589977,3.5
22693,50,3.8414374708672545,5.0
22694,1755,3.0,3.5
22697,344,4.4939480477583205,3.0
22698,1359,3.0,4.0
22705,44665,4.240856722266559,4.5
22712,1333,3.9101870318718204,3.5
22721,2501,3.0,4.0
22737,707,3.0,3.0
22758,1066,3.0,5.0
22768,5669,3.834035853286877,5.0
22768,8361,3.670949120790714,2.5
22802,4102,3.0,3.5
22833,6646,3.0,1.0
22837,647,4.0,4.0
22847,7925,3.0,4.5
22852,1240,3.472904680773286,4.0
22858,3114,3.5634904177480826,4.5
22865,316,3.9896081515291906,5.0
22872,8665,3.4274829706781804,3.5
22873,4056,3.0,4.0
22885,3441,3.0,4.0
22895,2013,3.2528212765102977,3.0
22897,1009,3.0,3.0
22908,55908,3.0,5.0
22912,48,4.008960873512722,4.0
22915,4327,3.6138267181307313,4.0
22916,2662,3.5,3.5
22929,4378,3.794890567037816,3.5
22936,1046,3.0,4.0
22957,8011,3.0,3.5
22983,1918,3.964453785789529,4.0
23013,32587,3.8648917485694048,4.0
23026,21,4.095086567053865,4.0
23088,994,4.398677275869774,4.0
23105,2348,3.0,3.0
23108,3814,3.326383280278303,3.0
23114,380,3.769467449877049,4.0
23118,46972,3.0,4.0
23127,52,4.136032663459943,4.0
23137,2657,4.818240959688414,2.0
23140,2858,3.28074760619168,4.0
23160,50,3.5429705134278997,4.0
23172,1127,3.463164624930089,4.0
23173,1610,3.2505089145593775,3.0
23183,2424,3.2842821075666704,4.0
23184,2690,3.0,4.0
23213,293,4.043838401329856,3.0
23228,3201,3.8928832586139857,4.0
23240,1090,4.424433945864933,5.0
23252,1952,4.236547927911826,5.0
23277,880,3.0,5.0
23292,349,4.601269913788631,5.0
23293,364,4.107265948059679,4.0
23296,6290,1.0,3.5
23303,137,3.0,4.0
23311,326,3.0,3.0
23317,2143,2.5515059178905344,2.0
23320,318,3.564409563553212,4.0
23320,3490,3.0,3.0
23325,351,3.0,4.0
23328,1193,3.70201357164058,5.0
23330,2712,3.7686915032560124,4.5
23330,3075,3.0,3.5
23331,1,3.6701702856268277,1.5
23338,2018,2.4764864329174503,2.0
23344,2042,3.607244848280597,3.0
23351,110,4.5068459482713,5.0
23352,2353,4.377520691970989,4.0
23371,3052,4.300245848458356,5.0
23388,55276,2.5,2.0
23409,590,3.8742777010649334,3.0
23422,44694,4.328164001747306,4.0
23437,1911,3.5148015580238794,3.0
23440,43,3.0,4.0
23450,350,2.963223081177209,4.0
23457,3668,3.0,5.0
23461,1624,3.0,3.0
23516,491,3.326817709699881,4.0
23516,587,4.155276199959861,5.0
23525,3949,3.4401045204203218,4.0
23530,17,5.0,5.0
23555,8949,3.6502411662664946,3.5
23585,2076,4.473759562622808,4.0
23585,3334,4.883591475848173,5.0
23636,2990,4.213519464598472,5.0
23646,1136,3.9956703675374667,3.0
23675,2997,3.6102938561035964,3.5
23689,5989,4.120030021464238,4.0
23759,1078,4.0,4.0
23771,2401,0.5,1.0
23779,81,3.0,4.0
23799,628,1.9607423343909844,3.0
23821,838,3.0,1.5
23831,2449,3.0,1.0
23836,1747,3.5760084443229165,3.5
23851,18,3.0,1.0
23853,1127,3.349025799147454,2.5
23858,125,4.0,1.5
23862,1097,4.0940562035802195,4.0
23877,2384,3.0,4.0
23884,921,3.0,3.0
23893,3695,1.3803864295533557,1.0
23898,671,3.0,4.0
23900,678,3.0,3.0
23908,3200,3.8916789424181433,4.0
23914,2289,4.221195760493153,3.5
23916,1892,2.504298251076738,3.0
23988,3916,3.6089686867120885,3.5
23993,434,3.8057878882955185,3.0
23994,1084,4.280342488105885,5.0
24007,1258,4.2238011189239835,4.0
24010,2529,3.9265551990063337,4.0
24022,296,3.67215322421104,4.0
24030,1088,3.1562017770841266,3.5
24039,7387,2.925998999502576,2.5
24057,4993,3.894365339615337,5.0
24074,6537,4.04274731803378,3.0
24084,2278,3.020086165569922,5.0
24104,5254,4.219140580004457,4.5
24114,704,3.0,4.0
24115,376,3.170698541303971,4.0
24121,230,4.32200836088991,5.0
24131,2628,3.435589753627095,2.5
24135,1459,4.0,3.0
24136,153,2.633788915119451,3.0
24136,1090,3.8708562121240684,5.0
24147,2115,3.942322309071004,1.5
24156,1256,4.516377902050807,5.0
24172,45499,3.3112575058512044,3.0
24207,150,3.7638455434927667,4.0
24221,1474,3.0,2.5
24233,150,3.8366725890550595,5.0
24234,540,3.0,3.0
24280,1449,3.9938617820454962,4.0
24299,780,4.300341141849474,2.0
24302,367,3.592506959597625,3.0
24310,1013,3.703028929745914,2.0
24318,1954,3.518058000260718,5.0
24319,7438,4.266077899187491,4.0
24337,1027,4.0,3.0
24340,965,3.9105328577876555,4.0
24340,1288,3.175077711873726,3.0
24341,1244,4.3623482372555396,5.0
24355,2109,3.4983450631616946,2.5
24357,32,3.6029187121622015,2.0
24368,1370,4.498924663161314,5.0
24375,34150,3.0685152471634325,3.5
24399,1214,3.4047740609483377,4.0
24413,19,2.847740694981434,2.0
24426,2575,3.0,5.0
24428,1387,3.6333316627041055,3.0
24441,5135,3.9732702582571657,3.5
24450,5349,4.207856526408255,1.5
24454,16,4.56194422183477,5.0
24467,2594,3.0,3.0
24495,1727,3.0,4.0
24507,117,3.0,4.0
24517,2978,3.0,2.5
24545,356,3.5862370871095473,4.0
24555,2011,3.551718735080463,3.0
24562,783,3.0,4.0
24591,1291,3.7078972091463758,3.0
24592,4226,3.474475122874797,4.5
24604,586,3.6901798030454764,4.0
24619,514,3.0,3.0
24619,1673,3.5724655460863537,3.0
24625,590,4.31687415745219,4.0
24650,2539,4.128215958088246,4.0
24655,1183,4.3072194916541555,4.0
24657,4344,3.4137679049949883,4.0
24665,2167,3.2424807746256463,3.0
24665,5128,3.0,4.5
24691,902,3.7690884125955346,3.5
24695,2496,5.0,4.0
24696,47,3.6341532000358336,4.0
24723,27873,3.0,2.0
24727,1254,5.0,5.0
24743,49274,3.0,3.0
24758,3981,4.375089258231919,4.0
24769,260,4.094857194097274,5.0
24774,3203,3.0,3.0
24805,39,4.038153967424346,4.0
24824,3793,2.853855146619732,3.0
24831,3175,3.667336147919811,4.5
24831,3578,3.987350371503529,4.5
24852,50,3.5739430164939137,3.5
24854,2858,3.515733562649691,3.0
24921,912,3.5263302502054867,3.5
24926,799,3.0,3.0
24927,4361,4.174330966293674,4.0
24945,3254,3.6697973831236763,2.0
24983,585,2.067087128605556,1.0
24984,3147,4.517515580230533,5.0
24995,3717,3.0430328731272267,3.0
25000,2028,4.083992706285751,5.0
25005,8966,3.6589521450465554,4.5
25007,1805,3.750859616534737,4.0
25008,3206,3.0,4.0
25016,92,3.0,4.0
25029,231,3.5819440498577713,0.5
25030,349,3.7814989865157287,3.0
25036,1968,3.8891776876553137,4.0
25038,31553,3.0,1.5
25038,55080,3.0,3.0
25042,41569,3.9189102300408662,4.0
25086,2391,3.332760056032563,4.5
25105,233,3.0,3.0
25108,2668,3.0,1.0
25132,4886,3.673214655541674,4.5
25186,899,4.072613807488394,5.0
25196,1204,4.221484172325175,4.0
25221,474,3.5842416050341455,3.0
25230,1674,3.744666551706298,4.5
25239,724,2.5009906321706454,2.5
25239,1209,3.617433775630134,4.5
25239,2176,3.3704385826474987,1.5
25239,4034,2.706632031070785,2.5
25248,442,3.3816489556474676,4.0
25251,17,2.788836360577325,3.0
25264,3645,3.0,5.0
25266,1405,3.0,2.5
25267,5673,3.457955155899266,4.0
25286,466,3.4316029791778435,1.5
25321,589,3.8678979530364135,4.5
25334,292,2.318024188653452,4.0
25359,338,3.5,3.0
25380,3452,3.0,2.0
25393,595,3.9370380534443834,3.0
25475,56152,3.0,5.0
25492,4776,3.8185104330631794,4.5
25531,2580,3.94240473598611,3.0
25556,2702,3.0,3.0
25593,5555,3.0,3.0
25596,4291,1.0,5.0
25597,6370,3.0,3.0
25597,30896,3.0,2.5
25599,457,3.398183425137561,4.0
25630,4052,3.0,2.0
25682,1263,3.6980303682703783,3.5
25686,3481,3.838386590830274,4.5
25694,2133,2.0117604102851523,1.0
25694,4963,2.98393954887547,3.0
25703,1249,4.260190239576592,4.0
25723,47640,3.0,5.0
25744,293,3.9829584618046323,5.0
25761,3916,4.460789327918692,4.5
25769,208,3.4913081829354757,1.0
25772,2723,4.0,1.0
25794,21,3.996159110763435,4.0
25856,5902,4.270993147891983,4.0
25871,296,3.7997935423198137,5.0
25887,2296,3.0,3.0
25904,165,3.3334383695184844,3.0
25921,160,3.3567397634263547,3.0
25956,599,4.0,2.0
25956,3671,3.744140538201291,4.0
25961,1485,3.5472446508579076,4.0
25988,7153,3.395757907201875,3.0
26007,588,3.3829266650489984,4.5
26013,164,3.0,2.0
26022,1927,3.0,5.0
26023,2699,3.502494807652081,2.5
26027,931,3.779579614630174,4.0
26103,2442,3.0,1.0
26116,8459,3.0,4.0
26127,2302,3.517889054021284,3.0
26135,1011,3.0,3.0
26171,720,3.0,3.0
26208,1266,3.8036264822389914,3.5
26222,1426,3.0,3.0
26245,8949,3.604840704877693,4.0
26271,1623,3.0,1.0
26271,3996,3.217742011579395,4.0
26303,2053,1.9572816196344742,2.0
26306,59900,1.5,1.5
26307,150,3.579929605036403,4.0
26335,637,3.0,3.0
26337,3253,3.826135858063231,4.0
26346,7169,3.5,3.5
26369,266,3.190852891395233,3.0
26382,910,3.1416051375347416,4.0
26393,105,3.796577886633704,4.0
26425,1923,3.7176378929886753,2.5
26452,8360,3.6093320325074383,3.5
26458,1203,3.992006531346407,4.0
26480,5349,4.178962359400003,4.0
26484,1517,3.8230239219512128,4.5
26488,824,3.0,4.0
26489,7,3.850339532053304,4.0
26491,1092,3.948124129059076,5.0
26499,3152,4.440744855340165,4.0
26517,3844,3.0,4.0
26518,1198,4.109065222943713,5.0
26521,1292,4.084776061812987,3.0
26533,733,3.5033877359331367,0.5
26552,1176,3.0,4.0
26578,2383,2.360835652704649,1.5
26620,1222,3.9302964156125486,5.0
26624,2762,2.5856501634489337,2.0
26628,2247,3.0,3.0
26674,3168,4.273641314421196,3.5
26674,3328,3.7485150033783907,4.0
26680,5816,3.7483359482423237,3.5
26680,8645,3.0,3.5
26699,2987,2.9739436600893474,1.0
26746,1584,3.7705540193545453,4.5
26747,3664,4.5,4.0
26792,356,3.5155234211079955,4.0
26805,3528,3.0,1.5
26808,2268,3.2840248808128067,0.5
26809,1732,3.5788918479475607,3.5
26834,2345,3.0,4.0
26835,32,4.19605379498208,2.0
26837,153,3.7275979153790173,4.0
26842,1517,2.7941224104771645,1.0
26859,4733,3.0,2.5
26872,475,4.056604919821429,4.0
26893,510,3.0,3.0
26906,866,3.0,4.0
26927,2730,3.0,4.0
26929,1100,3.0,2.0
26969,1214,2.8208932581668784,1.5
26974,3260,2.0,4.0
26986,903,4.499687916615421,5.0
27003,1997,4.057122414715308,2.0
27003,2041,3.0,3.0
27003,3495,3.0,3.0
27056,33679,2.925880003452844,3.5
27091,296,3.3974442126626174,5.0
27107,420,3.86206801067365,3.0
27108,5445,4.206051206402707,4.0
27120,1198,3.41324157068326,3.5
27126,3874,3.0,3.0
27138,2041,3.0,3.0
27152,7371,4.0,4.5
27162,2732,3.0,5.0
27168,4361,3.294249044475064,4.0
27175,6461,3.0,3.5
27175,30749,4.143911813508137,4.0
27211,160,3.8804448154383553,2.0
27233,2291,3.3130399042701564,2.5
27235,1704,3.5945531738127148,4.0
27269,50,3.933546260140352,5.0
27278,5291,3.9840709897323063,4.0
27281,435,3.2667875685745957,2.0
27300,316,2.116072335297069,2.0
27302,6373,3.6797757208702793,3.5
27313,3424,4.000701176875375,2.0
27313,8958,3.6837587327344234,5.0
27362,737,3.0,2.0
27388,805,5.0,5.0
27400,10,3.850200402587574,3.0
27416,1214,4.113076561100942,4.0
27447,5147,3.647782550732487,4.0
27456,1200,4.396069578366568,4.5
27468,280,4.494780286325218,4.0
27468,882,3.0,4.0
27468,2248,4.421239082305279,4.0
27468,5977,3.0,4.0
27478,1261,4.349695871874059,5.0
27507,4027,4.015062886503121,3.0
27522,3882,3.4999999999999996,3.5
27534,4017,3.0,4.0
27539,1073,4.1343188730527825,3.5
27553,1231,3.717498328586476,5.0
27560,2822,3.0,3.0
27560,4017,4.250223155698757,4.0
27561,3083,4.708552505388444,5.0
27565,550,3.0,3.0
27575,2112,3.0,3.0
27576,4784,3.0,4.0
27579,154,3.0,5.0
27584,4964,3.0,2.5
27584,52885,3.0,2.0
27605,1009,3.0,3.0
27612,1821,3.0,3.0
27662,2485,2.5,3.0
27662,51927,3.0,3.0
27666,2664,4.411548561743845,4.0
27683,741,3.6936979041968345,4.0
27686,969,4.406347457141604,4.0
27717,4066,3.0,4.0
27751,3138,3.0,3.0
27754,141,3.7729202707711345,3.0
27757,2571,3.7788938148595603,5.0
27762,1207,4.637215558678406,4.5
27785,62,4.47454490836921,4.0
27793,2302,3.6536572515817585,4.0
27803,10,3.2227351321110245,3.0
27803,1935,3.0,4.0
27825,5010,3.557073184327872,4.0
27825,6393,3.0,4.0
27825,6846,3.0,2.0
27830,1569,3.436859597206692,4.0
27847,6264,3.0,2.5
27869,150,3.9197135847992643,3.0
27869,3318,3.0,3.0
27899,543,4.497277958606708,5.0
27928,743,2.2494170660637316,1.5
27945,543,2.02767639308535,3.5
27945,3668,3.0,1.0
27946,4023,2.9927655296410176,3.0
27963,1093,3.0,3.0
27964,58303,3.0,4.0
27973,2722,3.4925911647587005,3.0
27989,1196,4.070911873973457,4.5
28005,4487,3.0,4.0
28013,1302,3.754521268885446,4.0
28024,3731,3.0,5.0
28025,2083,3.0,3.0
28025,2094,3.517905647841876,3.0
28039,2916,3.702878484456228,4.0
28040,509,4.508735690805622,3.5
28042,442,2.67565041567405,1.5
28062,2085,4.519363187193077,4.0
28070,527,4.446043029087803,4.0
28096,2916,3.556099041982593,2.5
28123,333,3.1106924480382294,3.0
28125,4574,3.0,3.0
28132,1644,4.5918834779541635,5.0
28146,4270,3.840930194533152,4.0
28159,1951,3.0,5.0
28162,3176,3.757336512547132,5.0
28182,786,3.8734087759207143,4.0
28183,551,4.083360656907072,4.0
28183,4624,5.0,5.0
28187,524,3.0,2.0
28187,1449,4.318468353703849,3.0
28200,288,3.3030522593357228,1.0
28211,3225,3.0,4.0
28232,2252,3.0,2.5
28245,1208,4.619960342309225,5.0
28269,1013,3.0,3.0
28272,348,3.7552545893859866,4.0
28272,413,3.50934502309382,2.0
28272,784,3.1032277433742097,3.0
28320,2949,4.064065045431461,4.0
28324,6461,3.0,3.0
28345,39,2.9057725321016106,4.0
28345,3094,3.0,2.0
28346,163,3.4392387836245346,3.0
28346,555,3.8925950419768016,3.5
28393,5952,3.787526245902723,4.0
28397,7267,3.0,3.5
28399,16,3.7242528452338504,2.0
28437,991,3.0,4.0
28439,1222,3.394164485982429,2.0
28441,169,3.0,3.0
28460,2012,3.19452530917826,2.0
28522,836,3.0,4.0
28539,3098,3.0,3.0
28540,344,3.297222092595788,3.0
28543,36,4.562331038851716,4.0
28549,4886,3.9320471057104944,4.0
28577,32,3.862733945903764,3.0
28595,6380,3.0,4.0
28622,593,3.5000599360026428,3.0
28648,3307,5.0,5.0
28687,4776,3.7582793780956276,4.0
28690,1113,3.0,3.0
28721,849,2.9999999999999996,2.0
28733,3738,3.0,4.0
28736,2355,3.722782405743451,4.0
28740,926,3.6705077971995586,5.0
28740,1245,3.753301786187834,4.0
28742,610,4.0,4.0
28742,3564,3.0,1.0
28753,502,3.0,1.0
28785,3481,3.347578789252885,4.0
28788,1193,3.728997116347379,4.0
28793,6249,3.0,5.0
28797,4881,4.308236938201289,4.0
28797,5749,3.0,4.0
28801,1466,4.256742115912453,3.0
28804,61240,3.0,4.0
28825,1247,4.075269167118097,4.0
28847,1584,3.5763265176754575,4.0
28855,1801,2.2969321878009463,3.0
28862,594,3.565831182352434,5.0
28862,2054,3.384147571862366,2.0
28865,5500,4.0,4.0
28878,485,3.7218533672275247,3.0
28883,10,3.8275037361467685,4.0
28883,2858,3.8895908307677005,3.0
28883,33493,3.7335422488607026,3.0
28895,1966,2.9561254413792852,4.0
28899,8961,3.920768886307078,5.0
28932,3,3.4901319717115133,4.0
28933,954,5.0,5.0
28938,736,3.1674724411942607,4.0
28939,1673,4.150340064949183,5.0
28944,1372,3.7249357161247985,3.0
28944,1405,3.0,4.0
28962,1772,3.0,1.5
28964,48385,3.0,3.0
28966,719,3.036975229993483,3.0
28985,529,3.563135359876425,3.0
28994,1088,3.1156331732444476,2.0
29018,44972,1.4192193958716044,2.5
29027,4022,3.8399790194774055,4.0
29029,491,3.7322835292746666,4.0
29037,527,3.6982747411152213,5.0
29042,3175,3.6840340610727673,5.0
29052,1263,4.091429448802092,4.0
29055,1320,3.115047558122109,1.5
29055,2450,3.0,1.5
29071,2654,1.4936030448475093,4.0
29076,1183,4.694403679162783,3.0
29085,1175,3.9141507915029656,5.0
29086,1270,4.052255464651609,4.0
29105,1792,2.953649024624945,3.0
29105,2509,3.0,3.0
29110,1701,3.0,3.0
29129,260,3.6643989931856473,3.0
29135,1215,3.7944416733956925,3.0
29140,1029,2.1971011037042203,2.0
29151,318,4.308062285123734,5.0
29151,337,4.236539936005077,4.0
29152,1089,3.1819110844149474,4.0
29190,2268,4.077627978360069,4.0
29191,2863,3.6454002921152875,3.5
29199,529,5.0,5.0
29202,3296,3.0,3.5
29202,4280,2.7835084340264147,2.5
29236,2324,4.006400896883069,4.0
29239,1587,3.7253733138411147,5.0
29242,1614,4.0,4.0
29268,3267,3.0,3.0
29308,1779,3.53077013289329,3.0
29315,1917,2.919070337966028,3.0
29330,2396,3.052101220753772,4.5
29346,2672,3.0,3.5
29355,1380,4.219792084504898,2.0
29369,1617,3.5503468010786485,4.5
29382,457,3.2484726631247924,4.0
29385,913,3.3240871957955784,3.0
29386,21,3.3106701664102425,2.5
29395,3273,4.0,3.0
29413,3753,3.906699320317219,4.0
29434,480,3.820909767688692,4.0
29434,3996,3.9277844004747284,4.0
29445,36,3.4617876940600207,5.0
29446,3476,4.0,4.0
29446,6440,4.111244613652769,4.5
29448,58,3.857664902048285,3.5
29460,1541,3.0,3.0
29464,188,3.0,3.0
29486,733,4.063255859339111,3.0
29501,3566,3.0,3.5
29517,328,3.0,3.0
29536,480,4.213636955148448,4.0
29537,1580,3.676107020626585,4.0
29538,1094,3.74791971267467,3.5
29555,288,3.4198114331904508,5.0
29562,1377,4.031345870409846,4.0
29563,7034,1.5,2.0
29563,37729,5.0,3.0
29603,1230,3.6374867531066624,2.0
29614,2571,2.9450310495789522,4.5
29618,173,3.6131680430058246,3.0
29621,45,3.411018986640572,5.0
29621,1298,3.17029623984625,1.0
29623,527,4.558717814370491,5.0
29643,3194,3.0,3.0
29643,4424,3.0,3.0
29648,6978,3.0,3.0
29659,736,3.5742945014356438,3.0
29677,1292,3.0,4.0
29681,223,3.8253302924619126,3.0
29691,2858,4.149654096262231,5.0
29693,265,3.49324475345759,4.0
29693,4006,3.0,1.0
29698,1307,3.593595194395344,3.0
29706,1911,2.3458500031223797,3.0
29706,2598,3.0,3.0
29707,3316,3.0,4.0
29754,3578,3.870803488372731,5.0
29755,1271,3.956135547972638,4.5
29767,236,4.070739795489445,5.0
29789,289,3.963618195936904,4.0
29803,2710,4.033447054374172,2.0
29825,49530,5.0,4.0
29856,2941,2.107505164295238,4.0
29859,631,1.0,2.0
29865,3239,3.0,2.0
29872,541,3.670439204922686,5.0
29878,905,5.0,5.0
29886,1089,4.085263061711504,4.5
29922,10,2.7697372399345443,2.0
29928,1284,4.5076517342861715,4.0
29942,2331,3.0,5.0
29960,5312,3.0,4.0
29960,27808,3.031196985329858,4.0
29970,588,3.8429049554243084,3.0
29982,457,3.523365580839107,5.0
29982,2375,3.1592321839674335,3.5
29987,1955,4.599874277273074,5.0
29991,349,3.816502431920037,4.0
30022,2145,3.0,4.0
30027,2195,3.0,3.0
30053,296,3.356349644697893,3.0
30075,358,3.0,2.0
30077,277,4.2469320234532,4.0
30081,2791,4.225727994832572,2.5
30135,2136,3.0,3.0
30135,3704,3.859335816657698,2.0
30139,2581,3.75481951132769,3.0
30142,55255,3.0,3.5
30160,886,3.0,3.5
30164,356,3.4198984951990665,2.0
30167,2985,3.111291248580095,3.5
30167,5707,3.0,3.5
30174,33794,3.6586360789319485,3.5
30198,551,2.9913340295181987,1.0
30198,2431,3.0,1.0
30198,4187,3.0,4.0
30204,1625,3.128008978295822,2.0
30243,7263,4.0,4.0
30275,4228,3.0,2.5
30314,1196,4.135106936410188,4.5
30314,6333,3.99256022982573,4.5
30321,231,4.120745899064632,3.0
30322,5293,2.15652681964914,2.5
30345,7007,3.0,4.0
30421,1208,3.238267307846824,4.0
30444,2161,4.531457596959678,5.0
30447,1950,4.002616860579113,5.0
30449,1625,3.5052630070708055,4.5
30482,1580,3.740101925788923,5.0
30493,27706,4.130555150509622,4.0
30504,593,4.25692528701836,5.0
30505,3527,3.774493020675302,4.0
30514,1089,4.398656214919936,3.0
30516,153,2.0,2.0
30538,2580,4.4670970874044915,5.0
30551,442,3.586400225418533,2.5
30553,737,3.0,3.0
30559,356,4.135410766977826,5.0
30614,1380,3.7540160805191536,4.0
30658,1374,4.05554204129681,3.0
30669,905,4.012113496225871,4.5
30679,1206,4.423004832235523,4.0
30687,3500,3.0,3.0
30710,45722,4.171985130955183,3.0
30716,308,4.5103427866819885,4.0
30719,1196,3.764671400238372,5.0
30719,5989,3.784835489629849,3.0
30723,141,4.047166324103146,4.0
30743,3957,3.0,3.5
30758,2918,3.7878489380824334,5.0
30779,4366,3.0,3.5
30803,1962,3.180915661856855,3.0
30837,595,3.261138118662752,2.0
30840,7382,3.0,3.0
30846,1186,4.0,5.0
30846,1927,3.0,4.5
30862,2289,4.022293202271552,4.0
30864,953,4.0089922697312605,4.5
30878,8644,4.220755551951005,4.0
30879,6537,3.7849322510329206,3.0
30886,6377,3.8244547085434304,4.0
30901,5391,3.0,4.5
30918,969,4.226518760778766,5.0
30932,7315,3.0,3.0
30935,1316,3.0,5.0
30937,2459,4.17496201139907,4.0
30941,1284,4.717132239656266,4.0
30950,2058,3.1698301267100613,2.5
30977,5140,3.0,3.0
30987,1416,3.0,4.0
31008,2824,3.0,4.0
31014,288,3.363236242619188,3.0
31021,1438,4.204731870458857,3.0
31021,1707,3.0,3.0
31040,2391,3.6521093420179853,3.0
31044,648,3.3101305494920403,4.0
31051,17,2.314795997399346,4.5
31095,1356,3.857368408531989,4.0
31138,1917,3.6560463380051735,3.5
31138,8492,3.0,4.0
31152,4467,4.0,3.0
31160,3753,3.7684676428335955,4.0
31174,1258,4.618395937973525,4.0
31181,480,3.0000000000000004,3.0
31193,904,4.165150175488009,4.0
31193,5952,3.5381834210369316,3.0
31209,1914,3.0,3.5
31225,3978,3.0,2.0
31246,3798,3.4869456703339856,4.0
31259,147,3.0,4.0
31263,2918,4.114070301214431,5.0
31271,333,4.376683205581617,3.0
31318,110,3.7846740480573438,5.0
31366,1245,4.324862538465583,4.0
31375,2650,3.0,4.0
31380,231,3.1886945811644813,2.0
31389,2688,4.272488266943419,4.0
31390,1892,3.521146142744131,4.0
31392,6197,3.0,3.5
31409,4268,3.0,3.0
31410,2000,3.847174970820678,2.5
31432,8784,3.9270225442829476,4.0
31440,1569,4.020532358089038,3.0
31451,3535,3.6627466117954914,4.0
31468,1608,3.4405213712166143,3.0
31468,2606,3.0,3.0
31477,457,4.150969976543039,5.0
31483,2001,3.9260496182498397,3.0
31488,222,3.5663789209973,4.0
31511,3285,3.0,3.0
31520,48982,3.0,4.5
31566,1208,4.065056827533712,4.5
31579,4023,3.321727385707235,3.0
31589,3108,4.656057576466581,5.0
31596,364,3.5624425336505325,4.0
31639,273,3.498256358893462,4.0
31679,34,3.3615477703826437,1.0
31683,36,4.033571549263015,4.0
31688,2700,4.186468658685385,5.0
31714,3260,4.485897356473136,4.0
31735,3107,3.603734767303482,3.0
31735,37727,3.0,3.0
31766,110,4.349847630524299,5.0
31777,3863,3.4764670902945354,5.0
31784,6539,3.7172433542902574,4.5
31804,842,3.0,2.0
31817,111,3.861562600635255,4.5
31826,1064,3.0,3.0
31846,920,4.143672778408983,4.5
31846,2483,3.0,3.5
31865,3114,3.82155810176096,3.0
31882,2803,3.0,5.0
31937,435,4.0,3.5
31961,1228,4.057651669540803,4.5
31988,1291,3.9619785907208764,5.0
31988,2549,3.0,2.0
31989,368,3.1836237455541396,4.5
32021,6,4.012495279141644,4.5
32059,11,3.9619764748115736,4.0
32086,2020,4.1373577885316335,4.0
32103,1372,4.568097839407455,3.0
32120,296,4.128880769317423,5.0
32144,2054,3.5339641918281592,2.0
32161,726,3.0,3.0
32175,3285,3.0,1.0
32184,553,3.323499029491213,2.0
32187,10,3.687127603147637,4.0
32190,736,3.1017113624729844,2.5
32202,750,4.553575153581416,5.0
32215,1711,3.0,3.0
32221,45517,2.956798667759473,2.5
32263,58,3.0,0.5
32283,1198,3.6489868138319252,3.5
32283,6645,3.0,3.0
32293,5525,3.0,4.0
32301,3763,3.242568868341633,4.0
32311,2393,4.005605862950079,4.0
32313,2712,3.2599961813101888,1.0
32322,1957,4.631834595680959,3.0
32330,110,3.468371367656704,4.5
32337,2628,3.660395158918186,3.0
32350,1090,4.436230670075769,4.0
32356,39,3.8914498844022263,4.0
32363,1,4.215908301010646,4.0
32392,11,4.022012247756025,4.0
32411,56805,3.0,4.0
32412,8369,3.0,4.0
32430,315,3.456262778351919,3.0
32464,1270,2.913602805612302,3.5
32520,2948,3.72025359686636,4.0
32543,3717,3.66828588736903,4.0
32544,344,2.849648886322751,0.5
32591,2888,3.0,2.0
32613,4235,4.087878165309909,4.5
32631,778,4.3914186997314575,5.0
32646,356,3.631110364479412,3.5
32653,39,4.188567525764671,4.0
32702,3033,3.064607999420625,2.5
32737,1136,4.120353348349295,5.0
32754,673,5.0,5.0
32755,4104,4.0,4.0
32796,2112,3.0,1.0
32838,3273,1.698539737502809,1.0
32851,842,3.0,3.0
32866,1717,4.0362321014447495,4.0
32880,47,4.4618513563793245,4.5
32890,5952,3.7432267270542536,4.0
32905,1288,3.611963326947328,4.5
32910,3274,4.0,4.0
32938,2352,3.5328299333371933,5.0
32977,8528,3.8660453218360162,3.0
32985,539,3.834757365382586,5.0
32985,5878,4.427385254567514,5.0
32987,2642,2.4202111883577704,1.5
33039,231,4.287377476324243,3.5
33054,1263,3.906018600913712,4.0
33056,39292,3.638774382422898,3.0
33064,1673,3.9952167497805884,5.0
33077,2926,2.0,4.0
33093,2002,3.9788835472600153,3.0
33102,4447,4.019879754499769,4.5
33159,610,3.0,3.0
33183,587,3.7433482759710515,5.0
33189,1485,4.002680591472491,4.0
33201,3501,3.0,3.0
33217,1784,4.092444364603802,5.0
33240,1,4.413588262764998,3.5
33243,315,1.942651072537235,1.0
33246,1213,4.711107263304895,5.0
33291,3408,1.8927164960637937,2.5
33291,4809,2.2658706503906783,3.5
33332,1954,4.033793770607058,4.5
33363,185,3.344008493098539,3.0
33370,452,3.0,3.0
33384,3751,3.263937849754729,4.0
33399,1049,0.5,2.0
33399,1281,4.720152498877234,4.5
33407,44022,3.0,4.0
33417,1136,4.545080641254792,5.0
33423,4103,3.0,4.0
33427,2353,2.3461692116950346,3.0
33430,2762,4.180971952172608,4.5
33441,500,3.6589473408546223,4.0
33444,4865,2.9110851498963504,3.0
33463,2321,4.353970572408347,4.0
33477,10,2.3462222725328448,3.0
33477,464,1.6377999289700704,2.0
33477,3809,2.571098413882898,3.0
33488,596,3.0,5.0
33504,1517,4.092725592472666,4.0
33516,542,4.0,5.0
33528,253,4.0764115749263645,4.5
33544,597,4.0883955249007595,4.0
33551,1027,2.0,1.5
33558,7013,5.0,4.5
33564,731,3.0,2.0
33573,7090,3.882538720508693,4.5
33577,3257,3.4842867162305895,2.0
33608,858,3.0,3.5
33620,5602,3.0,4.0
33647,1927,3.0,3.0
33664,267,2.757396363392501,1.5
33677,750,4.130540194468732,5.0
33713,2712,4.017124680735538,2.0
33795,1676,3.8587668420908545,4.0
33800,107,3.0,3.0
33808,1617,3.997266962529573,4.0
33817,3201,3.0,2.0
33828,1245,4.3559070872186325,5.0
33842,798,3.0,2.5
33866,97,3.0,4.0
33896,329,3.395378934078902,4.0
33901,800,3.6446103950337547,3.5
33904,3753,3.584046709287678,4.0
33909,3696,3.0,4.0
33922,253,3.5330756978516744,2.0
33960,377,3.8564587830189794,3.0
33961,1356,4.0,5.0
33975,780,3.592565242972311,2.0
33977,5445,3.9632725704551914,4.0
34006,2764,3.0,4.0
34031,1129,4.249108583880452,4.5
34050,34162,4.406345834326332,4.0
34059,6373,3.9468793923150924,4.0
34062,1882,3.2357177876092305,1.0
34081,55805,3.516061684583782,4.0
34145,3676,3.0,4.5
34154,3869,3.838369523459885,3.0
34156,6754,3.7941275977303364,3.5
34195,1179,4.144886667885782,4.0
34197,7757,3.0,3.0
34207,6541,3.0263774295308625,2.0
34230,344,3.412936561578501,4.0
34247,2641,3.619992988186659,3.0
34264,2152,3.0,4.0
34285,267,3.6893285778778404,3.0
34324,4020,3.2840391843106924,3.0
34345,8254,3.0,3.5
34350,53322,3.749956035583687,4.0
34354,1608,3.7682562114738714,4.0
34369,356,3.931994359450395,5.0
34381,2195,3.0,3.0
34435,3440,1.0,1.0
34436,543,3.8091997099998487,2.0
34436,1393,4.148160535431594,4.0
34444,151,3.568233806215552,3.0
34448,1729,3.337010225557399,3.0
34454,1079,4.068402656825313,4.0
34454,2997,3.9016790097821072,4.0
34517,2015,3.0,3.0
34570,454,2.963243104936292,3.0
34572,3114,3.486174354492743,5.0
34607,271,3.0,4.0
34615,4308,3.9190830700804176,0.5
34624,1393,4.716708017725634,5.0
34630,780,3.904124799515867,3.5
34633,4310,3.9551288218524947,4.0
34637,3809,3.609055097601997,3.0
34638,3979,3.0,2.0
34666,1079,3.8455877986805507,3.5
34676,6709,3.0,4.5
34697,247,3.978285520414617,4.0
34718,6898,3.0,4.0
34718,7325,1.7837663561881218,2.0
34726,2160,4.295269874314531,5.0
34726,2523,3.0,2.0
34747,186,3.5648838221589485,4.0
34769,2034,3.5147032388728756,2.0
34775,2805,3.0,3.0
34788,318,3.9187958060193386,5.0
34790,497,3.7747516426660663,2.0
34794,1897,3.0,3.0
34796,6534,3.525774119266854,3.0
34802,593,3.728327604244531,5.0
34804,6378,3.998550758549433,4.5
34820,4367,3.5990372054810216,1.0
34836,4963,3.88177209130771,5.0
34870,32,3.987960909020736,4.0
34945,3751,3.418191836009953,3.0
34955,331,3.0,2.0
34955,999,3.0,1.0
34961,587,3.0317077739167737,3.0
34961,3735,3.0,4.0
34963,421,3.0,4.0
34998,161,3.351035551696247,4.0
35015,34162,3.5062976416739446,3.5
35019,165,4.339525129551513,5.0
35046,6857,3.762251164372444,4.0
35054,4474,3.0,5.0
35074,165,3.7287108113422707,3.0
35104,1243,3.0,5.0
35105,1690,4.019979058553047,5.0
35118,2997,2.773750787761604,4.0
35135,461,3.0,5.0
35142,2804,4.591506444818222,4.0
35144,529,4.359958601105874,3.0
35168,1289,3.0,3.0
35173,1050,3.0,3.0
35194,185,3.5293350049243797,3.0
35205,377,3.4306064382764125,3.0
35207,101,3.0,3.5
35207,3751,3.8726885687179027,3.5
35214,1089,4.37185533458454,4.0
35223,531,3.0,3.0
35228,292,4.217573882872087,2.0
35252,3827,3.6930113512516622,3.0
35272,6385,4.0,3.5
35316,1028,4.368318840276734,5.0
35343,524,3.0,5.0
35353,1022,3.6821316842872376,4.0
35392,45666,3.0,0.5
35395,364,3.408722705857401,4.0
35397,306,3.0,4.0
35400,2692,4.156212575338494,4.0
35402,8959,3.0,2.5
35405,2353,3.482189224914385,4.0
35411,8270,3.0,2.5
35442,2924,4.0,4.0
35442,3201,3.8044692447072492,4.0
35461,1291,3.3774926183010927,4.0
35466,2917,3.673366636848607,3.0
35472,4066,3.0,5.0
35475,280,3.0,5.0
35488,48780,3.7456949226562184,4.0
35512,42,3.0,2.0
35542,918,4.0,4.0
35543,5135,4.5,4.0
35574,88,3.274461948578515,3.0
35579,45501,3.0,2.5
35607,1949,3.0,5.0
35619,1097,4.150708314799172,4.0
35639,736,3.756333359093882,4.0
35651,3418,4.639382695625706,5.0
35660,2145,3.4965377040280505,3.0
35675,1264,4.0,5.0
35684,1197,3.967810106330315,3.0
35710,58303,3.0,3.5
35763,4246,3.3599883195120555,4.0
35768,1917,3.6639277427125125,3.0
35835,2959,3.571091783262916,4.5
35846,2918,3.3964501995889154,4.0
35854,370,4.302047904429918,5.0
35893,154,3.0,3.0
35899,1222,3.9956098832998173,4.5
35899,8528,3.0930232565590003,1.5
35929,800,3.537948586893639,4.0
35950,1243,3.0,4.0
35953,180,3.0,4.0
35956,2529,3.6925217832547554,3.0
35957,3249,3.0,3.5
35972,6281,3.5624518542745878,3.0
35973,2455,3.7713792565342974,4.0
36011,3408,3.183203029589796,3.0
36025,440,3.292179999928341,4.0
36034,2706,4.235117922808291,4.0
36065,454,3.7680324668655323,3.0
36074,1407,3.5698947950774937,3.0
36098,4473,3.0,3.0
36139,315,2.126965298162065,3.0
36170,588,3.782446367756588,3.0
36182,5014,3.0,4.0
36204,1597,3.5305196753867945,3.0
36208,4728,4.678363428448792,5.0
36210,1500,3.1812184080935295,3.0
36217,7143,4.136954066365284,4.0
36262,233,3.0,3.0
36309,648,3.75552527621409,3.0
36318,3984,4.0,4.0
36323,4133,3.0,1.0
36325,480,3.705607458078096,3.0
36338,2539,3.4323823621414693,3.0
36351,19,3.141440037360339,3.0
36351,2798,1.0,2.0
36352,480,3.399502349303222,5.0
36374,364,2.9145853700405833,3.0
36387,367,3.3899043102083413,3.0
36388,940,2.992053765936937,3.5
36401,4499,3.0,4.5
36442,290,3.0,3.0
36442,2113,3.0,2.0
36527,480,3.500000000000001,3.0
36586,1275,3.778045571979875,3.5
36605,1754,3.0,3.0
36623,2028,4.35826703163507,5.0
36634,4,3.0,3.0
36666,150,3.532981912302639,3.0
36721,1080,4.16336516483994,3.0
36736,48082,3.0,4.0
36741,1022,3.9535243036215393,4.0
36748,2202,3.0,5.0
36771,4243,3.0,4.0
36771,26680,3.0,4.5
36774,4027,3.380837502336582,4.0
36812,5311,3.0,3.5
36828,1270,4.297635241463494,5.0
36830,23,3.3546997258761144,5.0
36889,1252,4.072399535648842,5.0
36923,5254,4.2697041816149355,4.0
36929,1125,3.0,5.0
36931,8644,2.6331847413008136,2.0
36967,1393,2.8499115039135505,3.0
36998,1997,3.9573399490788037,4.5
37037,2359,2.984503476563986,4.0
37055,1597,2.9226099265451033,2.0
37055,5507,2.930712364474221,1.0
37065,3984,5.0,3.0
37071,329,3.5336179835196124,3.0
37077,3868,3.415831440690126,3.5
37085,1184,3.0,2.0
37088,4447,3.1884084008049736,3.0
37112,316,3.470495894602622,3.5
37143,344,3.885096242263042,4.5
37167,648,3.5184676084891198,5.0
37181,2465,3.0,3.0
37181,2867,3.831218160677418,5.0
37185,548,3.7210469047783894,2.0
37200,38061,3.4129465643660284,4.0
37215,940,3.0,5.0
37216,36401,2.0,1.0
37240,111,5.0,5.0
37271,2692,2.9178487404170723,5.0
37277,2664,3.124189481046586,4.0
37329,1620,4.340673130672536,4.0
37369,5747,3.0,4.5
37384,3114,3.8479855050438814,4.0
37407,1653,3.6499179913111583,4.0
37412,2764,3.0,2.0
37412,4701,3.715920217356127,4.0
37419,3744,3.5,2.5
37419,43708,3.0,2.5
37421,1234,3.082612019142474,4.0
37425,2866,3.0,4.0
37442,7438,4.643381487056639,4.5
37461,47,4.120846708033343,5.0
37480,524,3.0,4.5
37555,1597,3.438210586888131,3.0
37562,11,3.670035632478993,3.0
37566,577,3.0,3.0
37574,5464,4.10580023125401,4.0
37608,2321,3.783248564355924,3.0
37628,4105,3.948679708791297,5.0
37639,2959,4.156688097557732,4.5
37672,2087,3.2350546786486545,3.0
37672,2552,3.0,0.5
37672,2580,3.827412975260198,3.0
37681,253,3.3707053182600166,3.0
37704,590,3.8802062979292,4.0
37705,356,3.7145812941628567,5.0
37720,4025,2.8454939703402427,2.0
37735,2,3.5181339139086476,2.5
37741,1721,3.967900734537052,3.5
37742,1136,3.385125498213985,3.0
37745,2762,3.738921071878997,5.0
37746,2294,3.7075312093543937,3.0
37747,1342,2.7190635047909435,2.0
37793,590,3.464143980166922,3.0
37799,4995,4.116934118111306,3.5
37803,597,4.035310070336611,4.5
37808,6777,3.0,4.0
37809,3751,3.205030684027534,0.5
37813,608,4.099842141381463,5.0
37836,1356,3.550620181382283,5.0
37840,2303,3.797020258996301,4.0
37845,1617,4.29422454314107,4.0
37848,5816,2.717893390553092,1.0
37848,38038,4.4932811675696955,4.5
37856,924,4.0841696166952675,5.0
37857,2243,3.843321202226187,3.5
37859,1084,4.233770708846769,4.0
37864,2918,3.3221864406751282,4.0
37903,355,2.6218489279221298,2.0
37934,6761,3.0,3.5
37944,762,3.0842592957894417,3.0
37951,2886,3.0,1.0
37952,1210,3.5800847447261694,4.0
37970,2302,2.525554212462878,2.5
37991,337,4.489398934450117,5.0
38011,2174,3.9995124552625403,5.0
38021,736,3.4820407303429577,3.0
38037,16,4.40201775180387,3.0
38058,11,3.9451104426277745,4.0
38070,7701,3.0,3.0
38097,1248,3.754215801616805,3.5
38097,45081,3.0,3.0
38115,17,3.9634587722835435,4.0
38115,1250,3.8834717203021336,5.0
38119,1219,3.75850593750893,3.0
38119,2919,3.629549085395163,5.0
38120,1690,3.977420671152605,3.0
38130,551,3.734983060403633,4.0
38133,151,3.494529946527,3.0
38136,215,4.0,3.5
38139,1835,2.0,2.0
38139,3020,2.997697528271853,3.0
38140,534,3.0,3.0
38143,1210,2.9236039454558704,3.0
38159,8783,4.124371052705767,4.5
38167,2628,3.419331299629012,3.5
38167,4380,3.0,4.5
38171,27721,3.0,4.0
38174,2109,3.820275380678518,2.0
38192,2177,2.6104638924071772,2.0
38194,3606,3.0,4.0
38194,7703,3.0,3.0
38210,1249,3.9905768872170575,5.0
38214,1089,3.5219405460494073,5.0
38225,1927,3.0,3.0
38234,913,3.8862614003248828,5.0
38237,587,4.139023091660547,4.0
38316,1625,4.127128959898868,4.0
38373,31696,4.171747737340215,3.5
38388,3219,3.0,3.0
38410,3068,3.1386787445647446,3.5
38446,9,3.0,4.0
38453,4321,3.37755436083131,2.0
38473,2081,3.703918689665148,3.5
38507,3364,4.0,3.0
38525,2100,3.453383324324527,3.0
38538,1682,3.934754362000636,5.0
38540,4848,3.685384626550724,4.5
38544,1240,4.425564014275583,5.0
38546,916,2.990114634077273,5.0
38552,5363,3.0,4.0
38575,435,3.0384057637650708,2.0
38589,2321,3.515596735464777,2.0
38605,107,3.0,2.0
38616,3168,4.508426897355153,3.0
38618,986,3.0,4.0
38657,348,4.002782786893392,4.0
38659,920,3.750146714273291,2.0
38678,6708,4.334167586464444,4.0
38698,3521,3.0,2.0
38710,7149,3.3978489445530125,3.5
38732,1297,4.0,3.0
38740,1221,3.3185439826279,4.5
38744,2078,3.3299846021166175,3.0
38745,6953,3.505661670137947,3.5
38765,7842,3.0,4.0
38771,748,2.001012404125913,3.0
38782,435,3.661194135242363,3.0
38795,1333,3.2934232272132546,3.0
38801,4023,3.0,3.0
38814,6832,3.0,3.0
38828,2571,3.165534229525094,3.5
38841,562,3.0,4.0
38870,1037,3.511763520010968,3.0
38884,1373,3.779346526521286,3.5
38912,337,4.04031562178852,4.0
38917,60072,4.156532886311488,3.5
38920,21,3.0918892826940194,3.0
38928,4508,3.0,3.5
38964,1345,3.3379090997787957,4.0
38964,4446,2.5686643794886477,1.0
38984,2683,4.164115791510448,4.0
39003,916,4.608462354777777,3.0
39003,2819,4.537512720376798,5.0
39019,1958,3.8642986077354653,4.0
39024,4128,4.2540927631474865,4.0
39069,316,3.8966237869847786,4.5
39069,539,3.7073452484751948,4.0
39069,2724,3.4450281026143674,3.5
39095,262,4.0,5.0
39107,2959,3.957621235627074,4.0
39112,1972,3.0,3.0
39133,3441,3.0,2.0
39166,3294,3.5,4.5
39171,3614,3.0,4.0
39184,25,3.2630202680252545,3.5
39214,485,4.266246344318818,3.0
39216,53894,3.0,3.5
39250,1498,3.0,4.0
39258,2722,2.6463554254886867,3.0
39274,1288,4.414150285717758,4.0
39286,4040,3.0,3.0
39294,4123,3.0,0.5
39297,733,3.966216531616487,4.0
39300,529,1.7002883692153359,2.0
39301,3984,3.0426678194491226,4.0
39301,5015,3.30183202666202,3.5
39376,305,3.0,2.0
39410,4224,3.0,1.0
39414,3090,3.0,4.0
39415,51662,4.771265943656104,5.0
39454,830,4.0,4.0
39462,7325,4.604767874765044,5.0
39480,2871,3.4502651582948936,4.0
39502,543,3.669365907883016,5.0
39510,2615,3.0,3.0
39544,2396,3.7728071847917195,4.0
39566,1387,4.540738947157688,5.0
39590,357,3.799890088383815,2.5
39601,224,4.326926738753813,4.0
39603,1059,3.0,3.5
39604,1032,3.794545137030105,4.0
39604,1204,3.7580320521724975,3.5
39608,3869,3.019643268715927,4.0
39620,2114,3.5,3.5
39641,377,4.0112125983687745,4.0
39650,2329,4.168652695277024,4.5
39652,2881,3.482983946766115,3.0
39671,3638,3.6449389577546767,5.0
39677,2424,2.3403040850832064,3.5
39679,1073,3.7344968524975726,3.0
39700,337,3.8568176880367835,5.0
39705,662,3.0,4.0
39705,835,3.0,3.0
39728,4544,3.0,2.0
39728,40826,3.0,4.5
39744,2917,3.695365317263054,3.0
39750,165,2.8345061052391816,3.0
39784,4233,3.0,1.0
39811,6942,3.8999917589684103,4.0
39836,2770,4.278504162209599,5.0
39862,3020,3.0,4.0
39864,317,3.630608536696119,4.0
39876,2427,3.9586159893291337,4.0
39876,7569,3.948065064111865,4.5
39887,16,3.775781052449655,4.0
39887,714,3.0,2.0
39925,5899,3.0,4.0
39933,318,3.6055351356663277,4.0
39944,7367,2.5,3.5
39960,1973,3.0,0.5
39964,6067,3.0,4.5
39971,1914,3.0,4.0
39981,923,4.121479080788656,4.0
40003,42738,3.0998824923571844,3.5
40003,58306,3.0,4.0
40099,2184,3.0,5.0
40119,886,3.0,4.0
40129,2115,4.349781295866304,3.5
40136,969,3.9665380170667293,3.5
40137,1210,4.184634429409734,4.5
40154,940,3.8729491796741216,4.0
40160,7,3.783550593350948,3.0
40164,317,4.246159998945126,4.0
40166,6378,3.585443249407776,3.5
40176,1390,3.0,3.0
40225,7438,4.174203186819503,4.0
40229,54001,3.4994118619152266,4.0
40234,1094,4.599594204029231,3.0
40234,1785,3.0,3.0
40253,2161,3.4058773211185134,3.5
40280,597,4.362388155259767,5.0
40290,2176,4.306985425912947,3.5
40307,539,3.444154379297742,3.0
40319,8910,4.023290458313809,2.5
40334,2352,3.8407704243882024,3.0
40337,1250,4.301561238642996,5.0
40350,3275,3.852654376736736,4.0
40350,6377,3.6444972282946644,4.0
40351,1301,3.98805527429806,4.0
40373,587,4.022200702618119,4.0
40383,173,3.4087172078029044,3.0
40402,1015,3.0,4.0
40414,4034,4.020793192688583,4.0
40484,1147,3.0,4.0
40507,3081,2.960672745885841,2.5
40514,380,3.50732329846494,3.5
40517,2915,3.8464336499263174,3.0
40535,3578,4.0962316960670595,4.0
40535,3686,2.937824437636981,4.0
40542,348,3.0297610461891136,3.0
40549,2710,4.26373184829749,4.0
40565,1438,3.0,3.0
40571,54372,3.0,4.0
40573,648,4.00881420081728,4.0
40583,2038,3.0,4.0
40606,2628,4.690971984217594,3.0
40613,35836,4.385391448880986,3.5
40690,367,3.2581034013263737,1.0
40699,7361,3.479375476550127,5.0
40714,380,3.1508807365383515,3.0
40728,1805,3.240178983784685,1.5
40732,231,3.9339490280145823,3.5
40745,541,4.206904661474676,4.0
40747,236,3.0,2.5
40751,5049,3.4061960120826877,3.0
40760,787,3.0,5.0
40760,1387,3.68140510945369,1.0
40789,2019,3.9423516304898287,2.0
40790,10,3.2089673192275066,4.0
40825,8638,4.0,5.0
40838,480,4.211207343112536,5.0
40847,2324,4.40067264209422,5.0
40849,589,4.072981334668374,4.0
40872,353,3.329625864480168,4.0
40872,2412,3.0,3.0
40885,1,4.022501652769828,2.0
40898,762,3.002991505168624,3.0
40908,2416,4.0,1.0
40931,50,3.174913086350228,2.0
40936,594,3.3082140924437127,4.0
40936,1907,4.2323970504388475,4.5
40946,1994,3.7168259407659154,4.0
40953,466,3.5177687345952484,3.0
40967,53322,3.8057629421696757,4.5
40998,1094,3.7298412037366298,2.5
41027,2580,3.6874836123314285,3.0
41048,3006,4.122657561556355,4.0
41064,2692,4.281225994501371,5.0
41073,2860,3.0,3.0
41074,5292,3.0,4.0
41108,8961,3.996586717956081,4.5
41137,4865,3.6161726534471996,4.0
41154,54736,4.244806850780385,4.0
41178,5419,3.5,3.0
41182,2043,3.0,1.0
41204,2406,3.9965876761702175,4.5
41220,58559,3.5000000000000004,4.0
41244,1092,3.1387367099620342,2.0
41251,1430,3.0,1.0
41253,2339,3.0,2.0
41253,5317,3.0,3.0
41263,1620,2.014023241219055,3.0
41276,1949,3.0,3.0
41280,3018,2.918456471515226,1.0
41284,6163,3.0,3.5
41316,49822,3.0,3.0
41343,780,2.695730713852391,2.0
41345,1097,3.4110425306757803,3.0
41351,4148,2.4638799174302095,3.5
41356,4014,4.571767422542856,3.0
41373,2245,3.6668127957965835,4.0
41391,2207,3.0,4.5
41405,319,5.0,4.0
41415,3744,3.0,4.0
41420,778,3.729730158813282,5.0
41443,32587,3.8457005539817426,5.0
41447,150,4.2108521141349575,5.0
41481,778,2.2911207131052027,3.0
41481,1035,2.5359691972619034,2.0
41490,3952,3.0,3.0
41517,4349,3.0,3.0
41523,111,4.286266753514515,5.0
41528,366,3.0,1.0
41548,6365,3.596917497082745,3.5
41578,2167,4.286477083049771,4.0
41593,488,3.0,3.0
41593,728,3.0,2.0
41619,1019,3.484325838705169,2.0
41619,1954,3.235403773746028,3.0
41648,7265,3.0,2.0
41677,969,3.971428999270849,4.0
41689,4262,3.9824031175742984,4.5
41735,3538,3.0,5.0
41736,1177,3.0,4.0
41737,1288,3.3827869117954146,3.0
41740,1270,4.178166365131596,4.0
41743,39,3.7688573954747175,4.0
41748,3188,3.0,5.0
41755,367,3.9945930098274376,3.0
41762,2643,2.3701436173415216,1.0
41773,2496,3.0,4.0
41788,1954,4.441235220257988,4.0
41805,1198,3.7579859286145503,3.0
41820,912,4.105307482009628,5.0
41820,2471,3.0,1.0
41837,1221,4.450829063282123,5.0
41839,8132,3.0,5.0
41845,2717,3.416341849765878,3.0
41870,858,4.750549228866838,4.0
41880,2916,4.14193759002187,4.5
41888,349,3.156456907967147,4.0
41888,908,3.8536801368357296,4.0
41912,377,4.476389212068944,5.0
41935,4351,2.5,3.0
41939,4085,3.541708638972898,4.5
41939,7283,2.5,3.0
41947,1276,4.4978819616301084,4.0
41956,32298,3.0,3.0
41976,7137,3.0,4.0
41987,48774,4.167557290530398,4.5
42004,1272,5.0,5.0
42023,27773,3.94270254833383,3.0
42029,1088,3.471241372963182,3.0
42029,1407,2.935551568944376,3.0
42050,2042,4.0,2.0
42052,4918,3.0,4.5
42079,1242,4.0792244361963075,5.0
42111,5604,3.0,4.0
42122,904,3.9441198307591314,4.5
42133,367,4.21001768230086,4.0
42150,5991,4.103267870011781,4.0
42175,3319,3.0,3.0
42182,1729,4.390013032256756,4.5
42204,356,3.9520185203848346,5.0
42219,6595,2.8881764515338006,1.5
42230,1500,3.878973785312744,1.5
42267,1261,4.022141338129866,5.0
42267,1278,3.929887272571862,5.0
42304,6378,3.5398068612017335,3.5
42313,1500,2.7607316428494593,3.0
42313,2805,3.0,1.5
42397,711,3.0,3.0
42417,2918,3.355372003586571,3.5
42418,1653,3.1347099689433615,4.5
42440,590,3.8587883154401217,3.0
42441,1833,3.0,3.0
42442,4993,4.397442126605531,4.5
42447,5152,3.3715138248796905,4.0
42451,31,3.0,1.0
42460,1196,4.258609389169935,4.0
42475,8798,3.7075277401443767,1.5
42479,1288,3.7710171427823913,4.0
42484,150,3.8058549109896993,3.5
42489,2700,3.8942248786653115,4.0
42518,1374,3.7216349610821022,4.0
42518,2407,3.6805139571610286,4.0
42559,3081,3.11817683401852,2.0
42573,318,3.2300101171272124,4.0
42573,2290,3.0,3.0
42582,454,3.34706124508418,3.0
42628,8973,4.544269903926604,4.0
42628,26616,3.0,4.0
42666,5449,4.612586491430009,4.0
42667,1073,3.977088707650053,4.0
42696,3618,3.0,2.0
42719,4874,3.694654781047396,4.0
42726,2329,4.0493362037501495,3.5
42734,1270,3.60995728583091,4.5
42762,457,2.5954196957793187,3.0
42784,1292,3.673220642164055,3.0
42791,3879,3.0,2.0
42812,56174,3.8298346724145436,3.0
42823,1916,3.0,0.5
42832,492,3.0,4.0
42833,764,3.0,2.5
42845,1371,3.5775610613204396,4.0
42845,1376,3.9101387144668323,5.0
42845,2462,0.5,1.0
42845,2746,3.795646549764317,5.0
42868,3452,3.0,2.5
42898,2606,3.0,3.0
42913,8961,3.7928694110450474,3.0
42924,3770,3.0,3.5
42957,36,4.40324713771361,5.0
42962,377,3.3819183262975017,3.0
42976,531,3.0,5.0
42998,490,3.0,3.0
43031,919,4.324977864853821,5.0
43043,2762,4.350362718856212,5.0
43064,6863,3.881985280408452,3.0
43083,912,4.227158832782669,4.0
43092,4161,3.222014016334734,2.5
43107,593,4.175187262944787,5.0
43112,2902,3.0,1.0
43112,4982,3.0,1.0
43112,5738,1.0,1.0
43144,1197,3.711928882882731,4.0
43148,2288,4.1254487370086625,3.0
43164,1328,1.0,1.0
43189,4794,3.7863560370215623,4.5
43194,2338,2.174548105050319,1.5
43194,2770,2.8944067751187963,2.5
43199,1485,2.9310270596460577,2.5
43209,698,3.0,4.0
43212,708,3.381768294570898,3.0
43217,588,2.8719533923185367,3.0
43219,1260,5.0,5.0
43230,3751,4.124815164892934,5.0
43265,466,3.866623400340918,4.0
43269,3996,4.342703643463602,3.5
43269,5903,4.078976847428111,3.5
43269,31804,3.0,5.0
43317,4226,4.123853698572504,5.0
43364,6754,3.3589771269098603,3.0
43410,1625,3.6424460786524704,4.0
43412,2735,3.571213181209166,3.0
43414,4144,3.0,4.5
43418,2779,2.0,3.0
43429,3176,3.8691701849134725,4.5
43448,1754,2.754384515847481,2.0
43487,296,4.262708208432569,5.0
43487,34534,3.0,3.5
43505,1500,3.657549936760997,4.0
43514,1221,3.5472375204253406,3.0
43547,1907,2.0537778269576235,1.0
43547,4973,3.428094440585763,2.0
43547,6595,3.6406412143594076,3.5
43548,150,3.622947000933786,5.0
43561,5478,2.4948202610931083,3.0
43573,2064,3.4919008272218828,4.0
43580,48385,4.229675912042169,5.0
43642,196,3.283488833962408,3.0
43650,808,3.0,3.0
43651,1128,3.504864870238113,3.0
43669,54736,4.0,3.5
43676,1480,3.0,3.0
43676,3617,2.8306441305354317,3.0
43676,4993,3.533482449278296,4.0
43676,6934,3.50567160516338,2.5
43691,357,3.6764103897622573,3.0
43693,1356,3.768913301830221,4.0
43700,1731,3.0,2.5
43700,6890,3.0,4.5
43717,5944,3.494278677198684,3.0
43770,3572,3.0,2.0
43778,1224,4.481251452076314,5.0
43804,6218,3.678745127699521,2.5
43828,1270,3.083943433081483,3.5
43847,260,3.0,3.0
43849,4765,3.0,4.0
43872,4022,3.842743555652471,3.0
43873,8368,2.6071477826872984,0.5
43877,2245,2.8552728931889764,3.0
43890,1717,4.0,4.0
43914,4848,3.922549403187248,2.0
43983,1088,3.44584770971763,2.0
43992,1238,4.286710090394704,4.0
44028,2985,3.0910637065351914,5.0
44069,589,4.007211053230643,3.0
44099,3397,3.0,2.0
44099,3398,3.0,2.0
44116,480,4.549625602677482,4.0
44138,541,3.732571387748815,5.0
44140,1897,3.0,3.0
44155,16,4.481015299232168,3.0
44190,2424,4.354814143387189,3.0
44200,4446,2.2714156585579754,2.0
44201,1608,4.813460647612827,5.0
44202,912,4.136847726040093,5.0
44202,1240,3.9766381737018994,4.0
44203,5548,3.0,5.0
44212,588,1.998761315427295,2.0
44216,275,3.0,3.0
44238,4306,2.8859100961111257,4.0
44265,16,3.2555070327135676,5.0
44266,374,2.3045434677751793,3.0
44269,508,2.530271583464427,3.5
44282,461,3.0,4.0
44287,1246,3.8149717211411094,4.5
44298,1036,3.5067936795859,4.0
44316,3763,3.687717080567388,4.0
44335,2329,3.5792978920452945,3.5
44351,8958,3.3186235964563657,3.0
44361,4333,3.0,3.5
44371,2081,3.98373053374864,5.0
44371,4081,3.0,2.0
44378,1198,3.558911915017116,5.0
44392,1089,4.298610662104299,5.0
44403,3362,3.7873816689510442,4.0
44427,2759,3.0,3.0
44455,1367,2.0,3.0
44456,181,3.0,4.0
44467,30749,3.770481737254276,4.0
44476,49272,4.661852635289095,4.5
44477,736,3.976856491784805,4.0
44536,627,3.0,3.0
44542,5446,3.0,5.0
44555,1003,3.0,3.5
44606,205,3.0,4.0
44614,2247,3.0,4.0
44614,3876,3.0,3.0
44628,2654,4.0,3.0
44636,3755,4.002692561185681,3.0
44638,1221,4.150693794079279,5.0
44638,4963,3.6327973460304546,4.5
44648,3114,4.149616735668187,4.0
44662,1213,4.683262581093099,5.0
44679,8633,3.0,4.5
44683,2700,4.103908760303324,3.0
44687,784,3.605803186070782,3.0
44705,4643,3.2314033651237577,2.0
44705,5478,1.494820261093108,0.5
44712,1307,3.340754157607929,2.0
44739,2012,3.3775551626668077,4.0
44739,2470,3.2223773240907145,5.0
44775,1974,2.4602306846971627,2.5
44783,1214,4.1963391203748905,4.0
44802,1307,4.551882270334622,5.0
44823,2291,3.863271281623742,5.0
44837,355,3.7720787621175953,3.0
44862,6942,3.317023623305458,3.5
44914,904,3.9264178229000124,4.0
44914,2407,3.6630730938190847,2.5
44917,780,3.9627042486151494,5.0
44920,1370,3.9962545427879683,4.0
44921,2858,3.048137389743712,3.5
44933,3793,4.626581166517181,4.5
44933,46530,4.043939072210588,3.5
44942,104,3.0780454909810526,3.0
44987,1265,3.6470115082735632,2.0
44994,3608,2.6904566196688937,0.5
45024,1498,3.0,4.0
45025,7215,4.0,3.5
45039,3535,3.7886499309609327,2.0
45040,596,3.6670456139115384,4.0
45045,253,3.2856561897314096,4.0
45045,2429,3.0,2.0
45073,942,3.252849855110197,5.0
45075,951,4.342992937914285,5.0
45092,33166,3.730161308633701,4.5
45094,748,3.6542388802826027,4.0
45098,924,4.74516860869248,4.0
45099,208,3.3955667036115713,3.0
45109,1391,3.260387722593911,3.0
45114,7482,3.0,4.0
45120,3000,4.34105986959036,5.0
45123,39,4.34094023546656,5.0
45141,225,3.195851336513468,2.0
45172,1682,3.689057781324561,1.5
45172,2405,3.232090781515359,1.0
45214,110,3.4878002683485163,4.0
45225,1073,3.830668158691443,4.0
45225,1207,4.47589770821272,4.0
45225,6218,4.252196997332153,4.5
45230,2641,2.857674236168293,3.0
45281,858,4.375523177195791,5.0
45299,910,4.210892304157134,4.0
45304,32,4.028275065879344,5.0
45314,1036,3.7751550855258644,4.0
45322,2748,3.0,3.5
45323,6873,3.0,2.5
45353,1097,4.155867584970548,4.0
45363,4886,3.454996641968984,4.0
45370,4025,3.396122553629436,1.0
45383,1171,5.0,4.5
45427,1041,5.0,4.0
45439,222,1.0,3.0
45442,2371,4.113056780347063,4.0
45443,879,3.0,2.5
45443,6301,3.0,3.5
45462,953,3.7830555269297634,5.0
45480,1777,3.7070962120113937,1.0
45545,4571,3.5938523574903285,3.0
45560,475,4.111660595777751,4.0
45565,288,4.081642753405717,3.0
45601,347,3.0,3.0
45638,1273,4.509408496445108,5.0
45648,3481,3.2071471783788783,2.0
45703,316,3.1547514940551853,4.0
45708,1589,3.2513242916396288,3.0
45710,4995,3.880981905121068,3.0
45752,2940,5.0,4.0
45753,3789,3.0,3.5
45761,1222,4.697094717129733,5.0
45846,2080,4.076684933248234,4.0
45867,1394,4.238078723827411,2.0
45891,141,3.627914108932675,5.0
45894,380,3.214626979461698,2.0
45904,260,3.361321913966524,5.0
45905,3272,3.0,1.0
45912,342,4.51321934270127,3.0
45920,719,3.2678400112857973,3.0
45958,338,3.371100596662825,1.0
45964,3175,3.549069437053911,2.0
45964,60074,3.824063926299722,3.0
45987,2167,3.520013818049413,3.0
45988,377,3.4250299171546907,3.0
46006,3269,3.0,3.0
46033,1839,3.0,2.0
46033,2694,3.6004739827764323,2.0
46051,1356,4.446540856906313,4.0
46057,4994,3.0,3.0
46068,5147,2.9999999999999996,2.5
46071,33836,3.0,2.0
46082,4411,4.5,4.0
46094,2421,3.0234976653974153,4.0
46106,1663,3.8602630144433467,3.0
46113,1597,3.723771257598892,4.0
46162,1584,4.308375483220741,5.0
46166,3308,2.5,3.5
46170,261,2.3232956963147178,3.0
46186,48394,4.419192581810011,4.5
46217,968,4.504024548436855,5.0
46225,1059,3.0,3.5
46225,52952,3.0,4.0
46243,665,3.0,5.0
46258,1136,3.6605407208447045,4.0
46269,1028,3.649297761948497,2.0
46270,2770,3.30510498516731,2.0
46368,5952,2.9637580401674866,3.0
46368,32587,3.4430831144456544,5.0
46447,4277,3.0,1.0
46447,4294,3.0,2.0
46454,2174,3.6162008330092212,3.0
46495,1213,3.464420220779707,4.0
46497,2717,3.0523250213415514,2.0
46506,589,4.839287652835054,0.5
46511,1220,4.21227848034769,4.0
46552,1784,4.394892291433163,3.0
46562,3489,3.470392111777799,3.5
46570,529,2.0,1.0
46581,3255,3.596849596271003,4.0
46603,1573,3.860334763961379,4.0
46617,1221,3.626917284318667,5.0
46617,2905,3.0,5.0
46625,3471,4.125810932239231,4.0
46646,1959,3.754765433618745,3.5
46646,2450,3.0,1.0
46646,5696,3.0,3.0
46656,6709,3.489101660313193,2.5
46656,35836,3.718367814738397,3.5
46656,57464,3.0,3.5
46657,104,2.3733657919554294,5.0
46677,7458,3.5845570166289322,4.0
46681,6873,3.0,3.5
46723,44694,3.0,0.5
46735,1211,5.0,1.0
46735,1653,3.807863486532264,3.0
46764,748,5.0,4.0
46777,1504,3.0,1.0
46806,1258,3.7662413854031693,3.5
46829,7008,3.0,4.0
46844,253,2.9321172462733833,2.5
46849,1037,2.6893590066927358,3.0
46860,2599,3.9907907699122362,5.0
46881,1717,3.3410487539919727,2.0
46947,3,3.575270907718553,4.0
46950,1129,3.0,4.0
46954,3996,3.6985932490885163,5.0
47002,7444,3.0,4.5
47002,43679,3.0,3.0
47008,3273,3.0,1.0
47018,4226,3.5859535730105727,4.5
47022,4903,3.323909423508127,4.0
47030,2161,3.6940820553448614,4.0
47030,3100,3.01228999760344,4.0
47031,3120,3.0,3.0
47031,5103,3.0,4.0
47039,2125,3.6290180150988594,3.0
47046,1422,2.6614896858419606,2.0
47051,500,3.2112710389317782,3.0
47067,3863,2.6824079352697283,4.0
47069,2340,3.0,2.0
47138,260,3.9410840340235835,5.0
47138,2997,4.028910167447804,4.5
47151,1408,4.287446588665377,3.5
47153,135,5.0,4.0
47161,1010,2.352078870111076,3.0
47165,593,3.5262153913362124,3.5
47165,3550,3.0,1.0
47166,45720,3.0,3.5
47179,1084,4.8522233256236635,5.0
47198,1485,4.606404900089425,5.0
47211,165,3.802501687885697,3.0
47234,6269,3.0,4.0
47249,5449,2.331773655782786,2.0
47266,4967,3.0,4.0
47276,1041,4.3700061935312675,4.0
47302,802,2.9892507685032816,2.5
47332,4002,3.902557935296311,3.0
47334,5608,3.0,2.0
47345,3273,2.9774614997202105,4.0
47382,344,3.8517965557414366,5.0
47385,4963,4.4391098934803965,5.0
47386,364,3.3966083114825794,2.0
47425,1345,4.819872386449397,5.0
47432,349,3.476151434085052,3.5
47438,1566,2.8385132731289415,2.5
47451,6127,3.0,3.5
47453,4023,5.0,3.0
47455,4979,3.141264263691322,4.0
47491,318,3.1234153815886327,3.0
47494,1663,3.4142530525594426,3.0
47566,2105,3.8301595124091663,2.0
47569,42015,3.0,3.0
47574,592,3.425559320317695,3.5
47579,380,3.9313656718559655,4.0
47586,1274,4.147757863134393,2.0
47607,1073,3.8888023748758767,3.0
47613,1958,4.090975379880089,4.5
47651,2005,3.762530169117884,3.5
47658,589,2.945925801043389,4.5
47703,3252,4.331809529976327,5.0
47710,737,3.0,1.0
47719,55052,4.0,5.0
47726,301,3.0,5.0
47778,3260,4.0,3.0
47800,1219,3.9802595377942778,4.5
47816,445,3.0,5.0
47818,3932,4.0,4.0
47825,1278,3.8687846385701845,5.0
47830,1388,3.217735536241945,3.0
47842,2318,4.022401215830722,3.5
47842,2335,2.6942713946631023,2.5
47842,8464,3.3253016322401563,3.5
47871,6711,3.966610082561009,4.5
47893,410,3.469140203370302,3.0
47898,3671,4.269692527641001,5.0
47898,8259,3.0,1.0
47929,1,3.3180593089056654,4.0
47942,2003,4.142801647757978,5.0
47942,4234,3.0,3.0
47948,4226,4.71391904629338,5.0
47974,1562,3.3463391488594025,1.0
47995,4228,3.0,4.0
47998,3617,3.4324683533962186,3.5
47998,8798,3.549333605683354,3.5
48003,364,3.200200676623369,4.0
48023,1196,4.119042146494581,4.5
48042,360,3.0,3.0
48045,3053,3.0,5.0
48053,8700,3.0,4.0
48069,2985,3.570707647440947,4.0
48080,45720,3.0,3.5
48094,318,3.2533279303267824,4.5
48108,5152,3.9632757118726523,3.5
48152,41566,3.751391174837026,4.0
48159,1022,3.3292547494078013,4.0
48167,4723,3.0,4.0
48169,596,3.089783247031285,3.0
48201,2694,3.689978313500339,5.0
48210,3877,2.0,2.0
48211,8368,3.845111671078137,4.5
48214,2455,3.13371832219855,5.0
48217,1914,3.0,4.0
48224,930,4.129255396155159,5.0
48224,953,3.8589886366492867,3.5
48245,637,3.0,2.0
48294,1690,3.155959712813109,2.0
48297,173,2.676598772739206,2.5
48301,4025,2.935618986281184,2.0
48363,1917,3.3656025909542047,3.5
48364,1291,3.5412160130459958,4.0
48370,6482,3.0,2.0
48371,1196,4.093025326851943,5.0
48385,368,3.614044838361253,4.0
48400,6,4.110737749872179,4.5
48433,2090,3.1128909884691742,4.0
48433,2687,3.9730227242824734,3.5
48443,788,3.753734236127156,3.0
48473,2706,4.328231400274285,3.0
48476,356,3.5983202562689685,5.0
48493,694,3.0,3.0
48493,1370,2.9977908385139194,3.0
48534,34,3.53758319817135,3.0
48538,30848,3.0,4.0
48562,3698,3.5094416410719793,2.0
48576,1101,3.5352374875926325,3.0
48577,539,3.6141982386665994,3.0
48577,1862,3.0,3.0
48584,8665,4.1454501032899165,3.5
48617,2100,3.633099812774727,2.0
48620,2,3.779046298970377,4.0
48656,1210,3.3683581003997314,4.5
48698,351,3.0,1.0
48725,1378,2.966700799220359,1.5
48739,1120,3.3717486241226817,3.5
48743,35836,3.6062444463477235,4.0
48766,745,5.0,2.5
48776,2023,4.257495534890619,4.0
48776,3147,4.3494285244031055,5.0
48777,2871,4.427278546406905,4.5
48781,4972,3.0,2.0
48784,7569,2.983806435520131,3.0
48796,590,3.6609932042429194,3.0
48809,110,4.731347027709632,5.0
48821,1610,3.8961528602279154,4.5
48835,464,3.233813685643032,5.0
48843,35957,3.5,4.0
48853,1377,4.166432618613584,4.0
48856,4144,3.0,3.0
48865,500,3.405196938318452,2.0
48867,1380,4.275695670825412,5.0
48875,1680,3.5,4.0
48894,2629,3.0,3.0
48903,708,3.236175991766534,2.5
48920,2001,4.213001598111648,4.0
48933,4613,3.0,2.5
48943,1220,4.437914232176229,4.5
48955,1562,3.0,2.0
48956,203,2.0,5.0
48990,2396,4.05434225351804,5.0
49030,5040,3.0,3.5
49048,223,3.428736619724435,3.5
49076,260,4.424064259171187,5.0
49081,5669,3.678191806634417,4.0
49099,8665,3.4051445857862856,4.0
49109,5218,3.9230204146158476,4.0
49112,4367,4.345852386132127,4.0
49137,2106,3.0,5.0
49138,708,3.5038847028947435,2.5
49183,357,3.8643022159788303,4.0
49189,1,3.5410595276118677,2.0
49194,2465,3.0,1.0
49211,1291,3.415440396871173,3.0
49228,46530,3.9015614225197233,4.0
49234,1794,3.0,4.0
49235,1,3.811451128407786,4.0
49236,3198,1.0,2.5
49279,434,3.762799638697317,3.0
49281,1517,3.6712314658729754,3.5
49304,56757,4.342082380023626,4.0
49305,1625,4.073385234435656,5.0
49326,1183,3.9148621160536745,5.0
49370,963,3.0,3.5
49371,4439,3.0,3.0
49376,3256,4.045867788683444,3.0
49403,367,3.4399850522337627,3.0
49422,368,3.4858551895368195,3.0
49424,5952,4.0287648399655165,5.0
49435,786,3.3517283877506325,2.0
49462,6774,4.219847623718839,3.0
49468,782,3.0,4.0
49483,1240,4.3028590581420945,4.0
49514,36,3.682688765237646,3.0
49527,1218,4.0,3.5
49586,2912,3.0,2.0
49590,4266,3.0,3.0
49598,1080,3.6995548119560375,3.0
49619,1944,4.693693275359812,4.0
49647,8784,3.808068026622177,2.0
49650,1897,3.0,3.0
49656,29,4.528464283807483,3.0
49681,1587,3.9248911608597408,3.0
49698,440,3.236169873117429,3.0
49706,1517,3.6759569410154325,4.0
49718,5457,3.0,4.0
49728,592,3.5513466333890213,4.0
49735,806,3.0,3.0
49739,2893,3.0,5.0
49756,32587,3.9523249985415947,4.5
49799,40815,3.6829111095116884,4.0
49821,1958,2.558026960941384,1.0
49829,30707,3.8298828621093115,2.5
49835,1973,1.0,1.0
49869,2335,3.903561553654328,3.0
49955,8636,3.462644395630261,4.0
49961,3,3.71313952330834,3.0
49961,1665,3.0,4.0
49985,85,3.0,3.0
49990,2722,4.215174603562033,3.5
50008,174,3.0,2.0
50041,6014,3.0,3.5
50045,1183,4.369158249744891,3.0
50056,4846,3.0,4.0
50056,8622,3.5884774971580247,3.5
50056,34534,3.0,1.5
50095,5679,3.9662736198447837,4.0
50117,2336,4.0,5.0
50124,1,4.093443380812748,4.0
50127,435,3.5804972708037193,3.0
50130,4406,3.0,4.0
50139,4734,3.7553090267749765,3.0
50149,10,3.383483084079153,3.5
50151,181,3.0,3.0
50156,7708,3.0,3.0
50160,2716,3.5421460067568225,3.0
50160,4484,3.0,4.0
50167,3943,3.0,2.0
50180,4149,3.0,3.0
50187,349,3.2791973469956286,3.0
50188,480,4.1362293246466875,4.0
50191,3549,5.0,5.0
50216,745,4.039468730149346,3.5
50223,4993,4.525180108897706,5.0
50234,5952,3.054992841600731,3.0
50235,802,3.309304689479487,4.0
50265,3515,3.0,4.0
50265,7012,3.0,4.0
50265,8981,4.357119264682983,2.5
50283,56174,4.606862281521185,4.0
50288,3176,4.18698452395813,4.0
50294,1219,4.346025295016484,3.5
50391,1210,3.913569903643785,3.0
50423,5524,3.0,4.0
50426,3147,4.293061275222691,4.0
50450,2447,3.0,4.0
50452,4037,3.0,4.5
50484,2174,4.06934826790891,3.0
50509,3483,3.0,3.0
50510,15,3.0,2.0
50524,7361,4.142996487129404,5.0
50526,380,3.3102696630578086,4.0
50540,1136,4.135826734416184,5.0
50549,494,3.2436212873856656,3.0
50575,2378,4.1801363954255315,5.0
50582,1198,4.299421603815183,4.0
50585,499,3.0,3.0
50634,1179,5.000000000000001,5.0
50644,589,3.5471283419154793,3.0
50658,3556,3.5103215084842634,3.5
50670,6367,3.0,4.0
50676,2278,3.4596463000064217,3.0
50702,637,4.0,3.0
50707,4002,4.0,3.0
50723,1084,4.083281162574142,4.0
50737,2797,4.007614022864059,4.0
50742,6377,4.22059773279251,5.0
50756,1246,3.584211297459084,3.0
50765,316,3.1656118256264643,3.0
50783,31427,3.0,1.5
50786,1203,3.837378433124425,5.0
50794,49530,3.790079824203278,3.0
50798,4639,3.1266256656078664,3.0
50813,3005,2.0,1.0
50860,1097,3.5592354822209136,4.0
50863,818,3.0,3.0
50893,4440,3.0,3.0
50938,266,4.1733791240535165,3.0
51007,260,3.7666358770593926,4.0
51025,4993,3.8403954575439045,4.5
51033,32954,3.2742751727286277,5.0
51063,1246,4.183777993411399,4.5
51071,3988,4.0,3.5
51071,4019,4.106103233080444,4.0
51099,104,4.345631525506633,4.5
51100,1643,3.0,2.5
51136,802,3.6529612005968715,4.0
51136,1517,3.656329541980271,3.0
51136,5589,3.0,2.0
51152,840,3.0,1.0
51161,2391,2.896855199252936,2.0
51167,1286,3.0,4.0
51182,1678,3.0,4.0
51191,6874,4.289494875340432,4.5
51204,5995,3.5970819744394205,3.5
51218,595,3.685870644079523,4.0
51288,953,4.863370795829746,3.0
51326,1198,4.104603189320797,4.0
51344,3973,3.0,1.0
51362,1203,4.588561576391905,4.5
51387,2683,4.516655812681193,4.0
51390,2324,3.4350815738035254,3.0
51412,2506,3.0,4.0
51445,1407,4.073033999294915,3.5
51446,7087,3.0,3.5
51455,514,3.0,4.5
51459,435,2.981546474809248,3.0
51459,4886,3.4219021189670316,4.0
51459,51834,3.0,2.5
51475,4993,3.864784047620376,4.5
51512,2359,4.28453038527407,4.5
51516,648,3.411037087898817,3.5
51516,1080,3.8499430864780253,3.0
51516,3089,3.0,4.0
51528,3174,3.161615944122252,3.0
51533,608,3.80983802814375,3.0
51548,1356,3.893209960852799,4.0
51568,1027,3.0,3.0
51570,3481,3.5205704786826804,4.5
51571,722,3.0,5.0
51571,774,3.0,3.0
51587,8874,3.8052168724666986,4.0
51593,1049,5.0,5.0
51603,3623,3.446248457623652,3.0
51624,902,4.244510522719253,5.0
51641,1097,2.3133338008187083,2.0
51659,185,4.079600729741921,2.0
51660,1097,4.165697081666352,1.5
51668,2918,4.122962355196047,4.0
51668,3793,4.08066302971736,3.5
51673,380,3.127658508166811,4.0
51682,866,3.0,3.0
51696,9,3.677308583849077,2.0
51717,1183,3.706232481642843,5.0
51717,1210,3.404413937900017,4.0
51718,2639,3.0,3.0
51718,5013,3.543620273430423,4.5
51827,3975,3.0,4.0
51871,16,4.4564698695203875,4.0
51873,1,3.5706448331551877,4.0
51901,4333,3.0,2.5
51908,1295,3.0,3.5
51912,104,3.5192798549048927,2.0
51915,3635,5.0,5.0
51932,34,4.10446488722757,5.0
51941,1284,4.576961819417378,5.0
51943,1393,4.206246339005405,5.0
51954,2411,3.0965290705803374,3.0
51959,2596,3.0,1.5
51959,3791,3.5000000000000004,2.5
51982,781,3.0,3.0
52005,4188,3.0,4.0
52005,5378,3.8759394836957113,3.0
52012,4344,3.050339227912747,2.0
52040,6377,3.8964517353508374,4.0
52044,7361,3.904075088832014,4.5
52077,6541,4.660561816539113,2.5
52089,539,3.7459709392719662,2.0
52102,111,3.7484648025177516,4.0
52117,788,1.7520719458989482,1.5
52137,3301,3.261864728025127,4.5
52149,6333,3.798246610582204,3.0
52164,3326,3.0,2.0
52165,2727,3.0,3.0
52165,4007,3.470414133403995,4.0
52171,1219,4.449570438819666,5.0
52171,1801,3.885731588580377,3.0
52177,1370,3.479110621660572,1.0
52190,194,4.134867254500808,4.0
52204,1183,4.349754022970675,5.0
52230,3247,3.472302846249814,3.0
52241,2352,3.335320141447063,3.0
52242,4733,3.0,2.0
52270,1274,3.4372257026117508,5.0
52275,485,4.018340431040815,5.0
52280,364,3.5588574015668417,3.0
52280,1041,3.3967293411024766,3.0
52282,441,3.0,4.0
52299,153,2.8703318886192526,2.0
52305,2359,3.7478173746829913,4.0
52305,6870,3.413049155589155,1.0
52328,1263,4.220116950095563,4.0
52328,5010,3.947437126608325,5.0
52334,1694,3.0,5.0
52334,3910,3.4999999999999996,5.0
52359,3430,3.0,1.0
52376,1411,3.0,4.0
52384,225,4.400353712160992,5.0
52405,468,3.3298868321926296,3.0
52409,7305,3.0,2.5
52429,836,2.6758683151133114,2.0
52473,53953,3.0,1.0
52508,218,3.0,3.0
52513,2122,2.771823445169269,3.0
52519,1101,4.329780943230013,3.0
52539,435,2.725063023037702,3.0
52539,6170,3.0,4.5
52552,428,3.0,3.0
52575,5445,3.295733873598686,3.0
52577,3020,4.013841710582823,4.0
52592,58494,3.0,3.0
52644,1049,2.2502546955042972,3.5
52651,1961,4.19964056148555,4.0
52670,33679,3.2005948305250747,3.5
52687,527,4.109050765743191,5.0
52724,4349,3.0,5.0
52724,6122,3.0,3.0
52737,1223,3.0,5.0
52738,3785,4.378467309914052,2.0
52762,1127,4.031855599422382,4.0
52766,1097,3.9802064980018734,4.5
52771,6724,3.0,4.0
52785,293,3.4950091655807665,3.0
52786,4886,3.589278227887144,2.5
52787,4022,3.3988801481838093,3.0
52800,1246,3.721143767451249,0.5
52834,1721,3.9296224928604255,3.0
52878,50,3.5330217133496373,5.0
52880,4011,4.081515091071142,4.5
52900,2396,3.7357505111199667,5.0
52905,596,3.0,4.0
52918,5952,4.3232052776889835,5.0
52919,4757,3.0,3.0
52935,1407,3.5576467545197747,4.0
52939,1968,3.9035043719492037,4.5
52965,1271,3.9190262644659155,4.0
52966,1731,3.0,1.0
52966,6863,3.139271975513703,3.5
52976,2710,2.4554408535972345,0.5
52979,1911,5.0,4.0
52983,111,3.810446920568367,3.0
52996,4499,2.5,5.0
53009,150,4.0174102625435975,4.0
53017,2916,3.2178269296064466,4.5
53026,3481,3.9639323916972606,4.5
53045,3361,4.5271164084681175,4.5
53046,1762,3.0,1.0
53047,423,2.0,3.0
53051,4878,2.6555776056954135,3.5
53055,4896,3.4651794794530915,4.0
53085,17,3.9702057524981726,5.0
53087,1288,3.9309621415428238,5.0
53100,4351,3.0,3.0
53119,5523,3.0,1.0
53179,3450,3.7653246036430903,3.0
53198,59392,3.0,4.0
53201,81,3.0,3.0
53295,448,3.0,4.0
53307,5171,2.0,3.0
53315,1711,3.0,3.0
53315,4555,3.0,3.5
53354,3893,3.2671681243626445,3.5
53356,527,2.8937158227769038,5.0
53371,2986,3.554568205158795,1.0
53382,5853,3.0,2.0
53389,2095,4.0,4.0
53402,2700,3.8107668363581024,3.5
53409,333,2.9884365176753067,5.0
53410,1198,3.533953395106312,5.0
53420,47,2.9927552067416916,3.0
53436,2124,3.809390175962164,3.0
53450,147,3.0,4.5
53463,1088,3.797959567008415,4.0
53468,1094,3.2169159259213083,3.0
53488,2389,3.0,3.0
53499,2166,3.0,4.0
53525,4979,3.706518458395651,3.0
53539,1188,3.6208187014374236,3.0
53548,232,3.0,5.0
53563,1358,4.195088694565768,5.0
53565,27790,3.0,3.0
53593,4262,4.44477064649395,5.0
53598,7004,3.0,3.0
53602,2005,3.323185208817817,5.0
53620,4734,3.5634553045808035,3.5
53664,1693,3.0,4.0
53666,318,4.302200761002591,5.0
53687,416,3.0,3.0
53694,2077,3.0,4.0
53720,919,3.360233507027702,4.0
53723,805,3.210176781761976,4.0
53736,53207,3.0,2.0
53759,2985,3.6008006772543,2.0
53766,30793,4.1623178211086245,4.0
53772,1834,4.0,4.0
53784,377,3.202062451175885,3.0
53784,737,3.0,2.5
53787,2719,3.0,1.0
53829,4117,3.0,3.0
53834,1499,3.2867598884011673,2.0
53864,562,3.0,4.0
53911,4153,3.0,3.0
53954,786,2.9557326832606785,3.0
53961,4517,3.0,4.0
53968,549,3.0,2.0
53973,42,3.0,3.0
53974,6215,3.0,3.5
53974,43396,3.0,3.5
53992,5620,3.526009128986294,3.5
54044,28,3.0,3.0
54050,174,3.0,0.5
54055,1136,3.893861697790469,3.0
54055,6874,3.987058642494871,3.0
54066,745,4.753088522984662,4.0
54071,356,4.215117394134292,5.0
54087,2268,3.8489108376666312,4.0
54109,2076,3.5980723889005723,4.0
54116,277,5.0,3.0
54146,367,3.6113493366965357,4.0
54152,4967,3.0,3.0
54153,235,4.054153080899216,4.0
54161,416,3.0,2.0
54171,1729,4.0439812572743055,3.0
54180,1240,4.203706226319637,5.0
54182,2657,5.0,5.0
54246,349,3.580159969897889,3.0
54274,8912,3.0,4.0
54318,17,4.058907894977149,5.0
54320,1080,4.065572981006105,3.0
54326,783,3.9790589305037654,2.0
54326,2427,4.515444961784441,1.5
54346,5060,4.326532602763316,4.5
54352,88,3.5003339290784954,4.0
54382,1230,4.722120949672378,4.0
54382,5618,4.585818686225901,5.0
54391,454,4.022496825323722,3.0
54436,420,3.5727175940096862,3.0
54440,2959,4.221043426953337,5.0
54442,1211,5.0,5.0
54485,223,3.778731440021437,3.0
54489,380,4.0646502101545465,4.0
54493,2162,3.0,4.0
54542,780,3.9263172419131123,3.0
54561,469,3.0,3.0
54600,260,3.0,4.0
54615,1884,3.6454736092721602,3.5
54620,2115,3.535806643126671,4.0
54628,605,3.0,1.5
54628,5621,3.0,0.5
54641,3969,3.0,4.0
54648,1356,2.5506201813822833,4.0
54654,5388,3.912205506898199,3.5
54654,37729,3.967894949620602,2.5
54661,2490,3.239173523091154,3.0
54664,610,3.0,3.0
54669,3524,3.785207954932977,5.0
54695,5812,3.705531415505517,2.0
54702,2133,3.6134656059230505,2.0
54707,6503,3.4988382374295988,3.5
54708,539,4.21778479452333,4.0
54714,1201,4.666129260815944,5.0
54721,364,3.709732506973887,3.5
54728,1073,3.38801786346375,5.0
54742,1036,4.007601370267986,5.0
54751,1256,3.3587065892950556,3.0
54751,1947,3.2583477444722133,4.0
54753,1028,4.761227343423087,5.0
54754,6874,4.228864516334717,4.0
54767,3911,4.081294028256767,4.5
54767,7444,3.0,3.5
54792,539,4.389520696740822,5.0
54845,1196,4.4659609969652,4.0
54885,7056,4.0,4.0
54895,32,4.249727523064224,3.0
54903,1084,4.917079025036402,5.0
54903,1500,4.646584383213164,5.0
54909,2881,2.789388659487883,1.0
54909,45499,3.1766919857467473,2.0
54912,2640,3.5426462289486413,3.5
54947,7367,3.0,4.0
54948,1580,3.657409689907335,2.0
54950,1198,3.7262559367533434,4.0
54980,27700,3.0,3.5
55005,1277,3.0,4.0
55025,379,3.1520998052969853,4.0
55025,1270,3.8060016206003398,4.0
55095,434,3.216899031020346,2.0
55102,3386,3.5773439958715714,3.0
55115,733,3.1424639354513806,3.0
55174,3605,3.0,3.0
55189,7,3.052277486596007,3.0
55189,1332,3.0,2.0
55215,1366,3.0,3.0
55237,1274,4.49251683361638,3.0
55242,377,3.222536382161478,3.5
55254,2953,3.8104702781486375,3.0
55257,2761,3.0,3.5
55267,260,3.1559832443285645,4.0
55268,501,3.0,1.0
55268,1961,4.018483467297666,2.0
55273,356,3.4698865406166197,5.0
55300,5445,3.2149228892289927,3.0
55311,736,3.675905640987383,4.0
55331,1084,2.7748454261269107,4.0
55342,1036,4.081994936757922,5.0
55345,296,3.813740689767776,5.0
55345,3949,4.111440202141227,3.0
55351,953,4.137137595529937,5.0
55403,1206,3.4298562731261066,4.5
55414,3697,3.7009682709039984,3.5
55433,1215,3.692436179056364,4.5
55433,4175,3.0,2.5
55434,231,3.597920013487513,3.0
55436,3052,4.033026330744374,4.0
55436,5265,3.0,2.5
55444,1485,3.6110593633967483,5.0
55465,2291,1.8693246698638384,1.0
55480,2011,2.881894681397553,2.5
55505,3764,3.0,3.0
55509,1061,3.986494916974492,4.0
55519,1282,4.430888840747022,4.0
55521,1214,4.242036434732333,5.0
55614,4367,3.0686945931694267,3.0
55623,25,3.957011675000175,5.0
55649,5952,4.413401921737487,5.0
55656,4504,3.0,1.0
55658,348,3.617088428928614,4.0
55661,466,3.7371943539202244,2.0
55661,3408,4.016027306473758,4.0
55681,5291,4.323112741409192,3.5
55695,3711,3.0,3.0
55714,317,3.4275000194646346,3.0
55733,454,3.4805665970747537,3.0
55771,3364,3.0,4.0
55774,2396,4.034593532065773,5.0
55790,593,3.9805827949178987,4.5
55790,8665,3.8261569351908684,4.0
55792,733,3.908502256065765,4.0
55826,1136,3.766029146527849,5.0
55827,1222,4.205475219969964,5.0
55840,3697,2.696849400008262,1.0
55847,1013,3.0,3.0
55870,5952,3.8986183003828874,3.5
55870,53123,3.5,4.0
55899,6287,2.0269980952070483,2.0
55912,4855,4.038627016039406,4.0
55918,2702,3.0,4.0
55928,307,3.0,4.0
55933,551,4.015283247587407,3.0
55952,2374,3.0,2.0
55955,1203,4.275259086475336,3.5
55984,332,2.513611100185032,3.0
56006,1911,3.036861686180141,4.0
56015,597,3.2953240751240127,3.5
56015,4011,3.112157998595623,1.5
56020,1258,4.054753471331528,4.0
56027,552,2.8927453095154267,3.5
56030,3527,3.475434068628046,3.5
56042,1407,3.495138269163542,4.0
56055,1,3.932367420826014,3.5
56063,23,3.0000000000000004,4.5
56064,4085,3.8485861093849425,3.0
56085,8157,3.0,4.5
56091,33188,3.0,3.5
56113,44199,4.628920769985756,2.0
56125,1994,4.126439613290239,4.0
56129,32646,3.0,0.5
56130,3751,3.8449266256428802,3.0
56145,44,3.639338491982811,4.0
56151,296,3.424054151358058,4.0
56151,474,3.443694408883344,3.5
56215,3802,4.0,3.5
56259,1283,4.0,4.0
56270,1682,3.605498461470638,5.0
56294,1210,3.840720606105596,4.0
56317,1244,3.0,4.5
56320,3157,3.0,3.0
56325,2080,4.406192733859086,3.0
56331,1247,3.518001140626348,3.5
56345,1307,3.8844822961233616,3.5
56347,2012,3.504839574926365,2.0
56390,2053,2.0,2.0
56439,551,3.089473586190047,4.5
56448,2708,3.0,4.0
56455,266,4.276966126308004,5.0
56514,3255,3.709205824865447,5.0
56515,3033,3.5465507212142686,4.0
56523,316,3.657667960101095,4.0
56544,1396,3.428202702434317,4.5
56553,786,3.841603296474525,5.0
56554,1291,4.365255147668261,4.0
56557,4308,4.211570642223718,4.5
56620,2628,4.222819779246628,4.5
56644,2550,3.0,3.0
56648,151,4.796322519597655,4.0
56676,5377,3.5789210099454203,3.5
56677,1004,3.0,2.0
56723,2088,3.0,2.0
56755,4545,1.515798541398137,1.5
56859,235,3.8741644125861994,4.0
56877,2985,4.550653813260745,2.5
56915,159,3.0,4.0
56915,4085,2.6279418325029362,2.5
56919,5957,2.319395846185412,3.0
56950,58998,4.786794041426346,3.5
56956,2857,5.0,5.0
56956,4683,3.0,4.0
56982,1240,3.1395658850898958,2.0
56997,5218,3.770695355119479,4.0
57003,785,3.0,3.0
57018,3999,3.0,2.0
57018,6382,3.0,4.0
57022,5219,2.609327475899924,4.0
57024,8961,4.254736526788536,5.0
57044,8530,3.0,4.0
57048,480,3.721434051513361,4.0
57050,32,4.0005119613535784,3.5
57051,1223,3.738520025210073,4.0
57057,186,3.1458734805555864,3.0
57064,8665,3.622212433510617,3.5
57072,474,3.6024426866699737,3.0
57076,3114,4.581532475942909,5.0
57115,2360,3.0,5.0
57122,6541,3.853086351719849,3.0
57126,26939,3.4813963630516507,4.0
57155,5772,3.0,4.5
57161,2710,3.837402099266024,3.0
57164,2478,3.0,4.5
57199,4963,4.29442677961925,4.5
57221,253,4.0654274289363945,3.0
57226,2993,3.0,4.0
57231,1911,3.0,5.0
57233,11,4.205671387424908,5.0
57266,2565,4.1961692954331316,5.0
57272,185,2.8000257827421593,1.5
57282,2953,2.985977987473357,2.0
57285,3108,3.939641904241002,3.0
57305,3809,3.6534590905671562,5.0
57315,4018,3.560095619178074,3.5
57321,225,3.018149421841848,3.0
57321,249,3.0,4.0
57335,6936,3.619263539844234,2.0
57339,6953,3.621523171870613,3.5
57369,32,3.8197055000479043,4.0
57375,5876,4.389113058206831,4.5
57389,4025,3.5820928057491335,4.0
57420,2019,3.7937760779139227,3.5
57433,8811,3.0,3.0
57439,1967,3.852653350497205,4.0
57460,952,4.505429030995456,4.0
57470,653,4.543531139894992,4.5
57480,5275,3.0,1.0
57481,4146,3.0,2.0
57548,2571,3.8919723805212905,4.5
57548,3652,4.0,3.5
57577,260,3.473945761621484,3.5
57577,54503,3.2898400693390317,4.0
57602,1253,5.0,5.0
57603,159,3.0,3.0
57606,1267,4.465437466246873,4.5
57634,1253,4.24867969937375,4.0
57645,367,3.7325895035254573,0.5
57660,4713,3.0,4.5
57660,7451,3.998202509417785,4.0
57676,5254,2.7279456950150975,3.0
57685,39,3.311975429171464,3.0
57686,316,3.6503884157133433,5.0
57689,4068,3.0,3.0
57723,969,3.336377522933223,3.0
57753,4886,4.2128548467269855,5.0
57784,1225,3.701133842887431,4.0
57795,833,3.0,3.0
57797,7143,2.4785904789141937,0.5
57801,17,3.846621836110857,5.0
57802,316,3.7435854920482643,4.0
57804,593,3.1553443903799403,3.0
57808,47,4.1380903532197735,2.0
57811,846,3.0,5.0
57826,3819,3.0,4.0
57828,1573,3.481666958100251,3.0
57833,3977,4.1958985829219415,5.0
57850,48,3.544269014732496,2.5
57860,2470,3.632234288858894,3.0
57862,1974,3.7198662980122097,3.5
57888,4148,3.8461477547442837,3.5
57889,4641,4.105805229154635,4.5
57893,2858,4.437741441220332,5.0
57902,27660,3.0,2.0
57909,318,3.7067946603226054,5.0
57912,54997,4.02728583824756,4.5
57917,1653,2.0601166052240094,0.5
57923,3448,4.53167054344136,4.0
57929,7293,3.507572159557331,1.5
57977,1673,3.371631290128462,2.5
57978,1023,3.0,5.0
57987,2161,3.4067900549731904,4.0
58003,1956,3.649765003487139,4.0
58031,6808,4.5,3.0
58047,8604,3.0,3.5
58049,733,3.203215879493882,2.5
58062,2334,4.51099296591271,3.0
58087,595,4.006178054060115,5.0
58087,4601,3.0,4.0
58089,51255,3.1227886427036937,3.0
58163,2023,3.5363116509594645,5.0
58168,6539,4.35935588021657,4.5
58177,225,3.955192531517605,4.0
58179,3615,3.0,3.0
58182,2571,3.945563104353172,5.0
58221,457,3.6274711752259954,4.0
58233,4177,3.0,3.0
58241,1,4.224748873157415,5.0
58241,2406,3.616279943185879,5.0
58244,903,3.41506442414436,4.0
58249,896,3.0,4.0
58249,2105,3.023840822977896,3.0
58264,405,2.5,2.5
58287,1206,3.9901698349972876,4.0
58290,1385,3.8128955143893086,3.0
58292,555,3.871948209042078,3.0
58313,253,2.830942167207121,5.0
58336,1079,3.7680179031140124,4.5
58364,4189,3.0,3.5
58367,4605,3.0,2.0
58369,1544,4.071843879472127,4.0
58387,480,3.823492442764458,4.0
58395,457,4.043943348726529,4.0
58405,3375,3.0,4.0
58417,253,3.46500156162726,3.5
58438,48774,3.767453627950056,5.0
58484,1204,4.0,2.0
58494,357,3.7036122375314005,3.0
58529,25,3.0860544941193586,5.0
58538,3996,3.977212934018983,4.0
58566,1088,3.8609815772890093,4.0
58566,1307,4.07280812524014,3.5
58573,3681,3.0,4.0
58613,4235,4.483840395298362,5.0
58627,527,3.933256676791151,4.5
58633,3948,3.844423786727932,3.5
58638,10,3.9009806520889136,4.0
58639,198,3.7247922241437235,3.0
58655,1015,4.0,4.0
58659,1978,1.0,1.0
58691,5377,4.011042149891683,4.0
58693,356,4.392300555615828,3.5
58698,1228,4.459510317786749,5.0
58713,2877,3.0,4.0
58716,5952,3.2911494142446416,4.0
58742,1552,3.3664229937219607,3.0
58742,1674,3.4621817646931805,4.0
58745,1748,4.308727570940714,4.5
58747,3988,3.0,2.0
58774,2527,4.743889562486299,4.5
58777,272,4.154985748404813,3.0
58780,1410,3.0,2.0
58830,434,3.954758961044891,3.0
58859,2303,4.538696845332459,5.0
58879,482,3.0,4.0
58886,288,3.019978126163307,4.0
58887,8605,3.0,5.0
58897,588,4.373150300505889,3.0
58976,2881,3.0,3.0
59007,480,3.9563358495809715,5.0
59031,1287,4.28760532897409,4.0
59031,6711,3.914536733448548,3.5
59056,551,4.1414156777359,3.0
59058,4022,3.385299541386063,3.0
59067,1732,3.9448278531019247,5.0
59078,434,2.351172114031609,1.0
59086,2243,3.9939009470252755,4.0
59096,4234,3.0,3.0
59106,1,4.070027538899747,4.0
59106,2600,3.0509650309645395,5.0
59121,111,3.591248714778515,4.0
59132,357,4.222807244542586,3.0
59133,480,3.667312681561338,3.5
59144,580,3.0,4.0
59150,5617,4.036294732527202,4.0
59163,4448,3.1623033236851277,2.5
59168,780,4.319395669280096,4.0
59206,1276,4.291026283590745,5.0
59224,587,4.177596463460288,5.0
59248,3266,3.0,4.0
59251,350,3.1215851351317783,2.0
59269,8995,2.8883756462331682,2.5
59269,27773,3.8314798639973873,4.0
59272,2,3.4095468302191767,2.5
59275,818,3.0,1.0
59291,3526,5.0,4.0
59299,5473,3.0,3.5
59315,6564,3.469541441841099,1.5
59323,1080,3.7069988366945106,4.0
59326,6365,2.1896882316281405,0.5
59329,2803,3.0,3.0
59343,329,3.49330779376893,2.5
59365,1179,4.053558378074003,3.5
59375,165,3.451628943178277,3.0
59381,435,3.840895814708527,3.0
59388,292,3.427183078285554,4.0
59415,1307,3.8817385419097215,3.0
59452,1967,3.928814273150238,5.0
59463,70,3.0806393972338837,3.0
59463,3273,3.0936771065986073,3.0
59472,2044,3.0,1.0
59480,1198,3.7858505500272415,5.0
59495,542,5.0,3.0
59499,58293,3.4999999999999996,1.0
59546,4226,3.0507347803527156,4.0
59546,4638,1.973825537969113,1.0
59568,1476,4.0,5.0
59589,4874,3.966519860126872,3.0
59596,6639,3.0,2.5
59598,1958,3.5131576313124517,3.5
59598,5266,3.609225730199556,4.0
59598,5799,3.0,2.5
59598,33004,3.827173243309482,3.5
59608,6155,3.9200703380964517,4.0
59613,3578,4.5786570437254275,4.0
59625,1784,3.302043791304829,3.0
59643,5598,3.0,3.0
59643,27660,3.69864726546776,4.5
59655,492,3.6158566752651997,3.0
59655,2409,2.53037207166164,2.0
59659,782,3.0,2.0
59659,1285,3.825033165134761,4.0
59693,1748,3.114635473743176,5.0
59695,172,2.8322158192221534,2.0
59695,1873,3.0,3.5
59727,3257,3.0002924414412724,2.0
59753,39231,3.0,3.0
59758,14,2.518152651545876,3.0
59774,50,3.9694182454970464,5.0
59781,1240,3.316443986236165,3.0
59852,480,3.951069396679561,5.0
59853,2443,3.0,5.0
59863,196,3.036446584110594,3.0
59873,2143,2.959901556337348,2.0
59873,4861,3.0,5.0
59874,1178,4.018345681534493,4.0
59874,2522,3.315829329421392,3.0
59894,30749,4.175332034681966,4.0
59904,1288,3.91846531868705,5.0
59904,4080,3.0,4.0
59934,180,3.742518586703633,4.0
59934,519,2.3724039767999483,2.0
59945,10,3.9727059149506303,3.0
59947,377,3.741422212981044,2.5
59954,1175,4.075422650295012,4.0
59966,733,3.2591236044768728,3.0
59977,465,3.0,3.0
59992,2162,3.0,3.0
60021,59315,3.2819023582860134,3.0
60023,1957,3.823042704424371,2.0
60045,377,3.376573904602763,3.0
60058,457,3.5123373250610883,4.0
60078,6378,3.447382754082858,2.0
60101,4132,2.0,1.5
60102,3996,4.66647017753267,5.0
60103,2474,3.331182987937153,2.0
60135,1917,2.8331485975025466,3.0
60152,8684,3.0,5.0
60165,7369,3.0,0.5
60170,913,4.01099951012255,4.0
60176,2997,2.2263132144654487,3.5
60195,34323,3.492132895726777,4.5
60197,1200,3.9733839918409166,4.5
60204,2393,3.9404714025788192,4.0
60261,1246,3.39911098815742,3.0
60275,2002,3.537235892152247,2.0
60282,48385,4.149014261343011,4.0
60285,2985,3.7222845592468734,4.0
60299,208,3.753705214356776,2.0
60303,39446,3.5,3.5
60309,2291,3.6292124229651805,2.5
60316,216,3.8308514673713345,3.5
60316,33794,4.075098149422283,5.0
60322,3578,4.527494585126884,5.0
60331,5816,3.795334139846167,3.0
60365,1393,3.6361966670632424,4.0
60381,2076,4.1716070201268405,4.0
60401,2599,4.293895964493847,5.0
60412,2916,4.598372963163499,5.0
60417,1408,3.9179316700188505,5.0
60434,8961,3.619799349643497,3.5
60435,628,3.489602522244986,5.0
60436,112,3.748943280688634,5.0
60440,2605,3.4188997288539307,3.0
60440,2973,4.511234150304875,4.0
60449,3624,3.5315876390873324,3.0
60466,4979,3.181321249208995,4.0
60520,1213,4.31173414665883,3.5
60524,1449,4.3614615384394995,4.5
60545,3578,3.765591035877518,4.0
60564,7293,3.9536563480461506,4.0
60582,2820,3.0,4.0
60609,1783,3.0,2.0
60630,919,4.258768507645819,5.0
60638,1909,4.032542270062283,4.0
60652,55052,4.0,4.0
60689,2677,3.0,4.5
60695,1327,2.0,2.0
60697,2121,5.0,4.0
60705,1092,3.277010736073731,2.5
60719,432,3.085831366374834,3.0
60720,1077,4.319169483537353,5.0
60765,2490,2.652482975104442,2.0
60785,166,3.0,2.0
60796,508,2.612602677875025,3.0
60836,2944,3.820162766148898,4.0
60855,61,3.0,3.0
60859,1287,4.212048978552462,4.0
60891,1179,4.795650504300165,4.0
60906,3440,3.0,3.5
60914,1407,4.4531164817717555,4.0
60916,4673,3.0,2.0
60916,4677,3.0,2.0
60932,1337,3.0,5.0
60957,1947,3.6202104648877644,5.0
60963,54272,3.6460039169368157,3.0
60969,588,2.292530427805683,2.0
60997,2599,4.417574631956525,4.0
61005,380,3.5142184600278767,4.5
61030,6,3.6874902529806883,4.0
61034,3882,3.1223153446517786,3.5
61035,500,3.784952079155263,3.0
61041,317,3.9189809265628,4.0
61125,2295,3.0,4.0
61143,231,3.0740728450902806,3.0
61151,1041,3.913342928267181,4.0
61158,5630,2.9920162274111446,2.5
61159,2997,3.5592080328537303,5.0
61168,6856,3.0,4.5
61171,647,3.3605411846101396,3.0
61200,2355,3.1638939686004175,3.0
61204,2758,3.0,4.0
61205,2657,4.346123934804057,4.0
61240,1246,4.2003880557897455,5.0
61240,52722,4.00643081570916,3.5
61249,593,3.4096562586549584,5.0
61286,3361,4.44806831249027,4.0
61291,5989,3.5557394308001133,3.5
61323,1148,4.387344628504511,4.5
61334,1104,4.04173797780058,3.5
61334,1665,3.0,1.5
61334,6870,3.7443206102548747,3.0
61346,4214,3.1617017649086354,2.0
61355,1676,3.7904976985803134,3.5
61370,2340,3.0,4.0
61382,2858,4.280515727276476,3.0
61386,5508,3.0,3.0
61394,2291,3.848556583940904,1.0
61400,45666,3.0,3.5
61412,953,3.557887713199628,4.0
61413,308,3.0,4.0
61423,2724,4.312641621596694,2.0
61427,1210,4.51263904932845,5.0
61450,2367,1.0,2.0
61466,2949,3.1885756369287295,3.0
61472,3948,2.9608940893780393,2.0
61484,912,4.559640087000153,5.0
61485,338,3.5429664677790584,3.0
61488,580,3.0,3.0
61514,4235,4.157933493940361,2.0
61517,5528,2.908433955511516,3.0
61542,47,3.7767175836735305,5.0
61568,1266,4.0361086031424085,4.0
61589,34,3.8204858902530754,4.0
61595,364,3.7576146883071893,4.0
61600,39,3.130407469367123,1.0
61603,1892,3.1268375636484658,3.0
61610,2683,3.4221004572602576,3.5
61632,210,3.0,1.0
61637,3063,3.0,2.0
61660,2353,3.9978129216218212,4.0
61691,4978,3.5,3.5
61716,8645,3.0,2.0
61736,3911,3.9602832226068023,4.0
61738,971,3.0,2.0
61742,2370,3.0,3.0
61747,541,4.010571548082701,3.5
61748,2599,4.514793294340428,5.0
61774,371,4.0,5.0
61805,405,1.0,2.0
61805,7173,3.1705086171251433,3.0
61816,7153,3.916138448456676,5.0
61837,2072,3.0,2.0
61837,4339,3.0,3.0
61840,1283,4.14256056319383,3.0
61840,2654,3.0,5.0
61844,4798,3.0,3.0
61869,62956,3.5,3.0
61898,2628,3.0338407850162405,4.0
61915,253,3.233117888209637,4.0
61921,1721,3.948550356515308,2.0
61931,150,3.017549816261317,2.5
61933,2194,2.9701186994780415,3.5
61939,2995,3.2738495266838505,0.5
61946,2193,3.472825278300282,3.5
61966,6,3.5342082189608663,4.0
61970,5352,3.0,4.0
61972,1393,3.8164326508027924,4.0
62006,1060,3.494505685285115,1.5
62020,3983,4.0,5.0
62022,3793,4.140644417177556,4.0
62037,6567,3.0,3.5
62047,2398,3.0,4.5
62064,48780,4.275275787164426,4.0
62065,1096,3.0,4.5
62091,2916,3.3153752530128875,3.5
62151,110,4.0070587637314246,4.0
62165,4643,3.3364530472354805,3.0
62187,377,4.130613517805002,4.0
62191,1242,4.001250993856536,3.0
62236,3735,3.0,2.0
62248,594,4.053634961899369,3.0
62271,2263,3.0,3.0
62282,2355,3.7269483153391008,3.0
62303,780,3.886746956522203,4.0
62311,2908,4.342753603184302,4.5
62313,1673,2.936139866871705,5.0
62319,1777,3.7014531448267864,4.0
62320,3217,3.0,2.0
62332,4124,3.0,1.5
62332,6595,1.6963966448899104,1.0
62377,494,3.331841249098535,2.0
62382,5826,3.0,4.0
62387,3257,4.014237317468601,3.5
62417,6867,3.981901959708598,4.0
62419,300,3.306067286571987,3.0
62456,1527,4.14968629468031,4.0
62460,1210,3.7004410794768745,4.0
62464,288,3.5922529306636615,2.0
62474,923,3.5555855547921165,3.0
62474,1805,3.092035785008717,2.5
62476,2234,3.0,3.0
62485,6305,3.0,4.0
62503,2858,3.887773602540017,5.0
62546,662,3.0,2.0
62552,150,4.02871117179742,5.0
62569,17,3.73521745325264,5.0
62579,379,3.754105911671062,3.0
62602,1641,3.797935895608452,2.0
62608,457,3.905733297067214,4.0
62618,382,3.0,4.5
62619,2085,1.9971292172449209,2.0
62619,2728,2.5,2.0
62619,49286,2.0,2.0
62638,3114,3.988954156526938,5.0
62674,7293,3.5,0.5
62689,198,3.989280331860313,3.0
62692,612,3.0,2.5
62726,785,3.0,4.0
62757,354,3.0,3.0
62759,783,4.017710653542129,3.0
62774,3173,3.0,4.0
62789,3693,3.0,3.0
62803,6873,4.012367838955077,1.5
62812,448,3.0,4.0
62841,589,3.5699680318755926,4.0
62850,1240,3.846225252975428,3.5
62854,589,3.635164527524787,4.0
62880,914,4.141045776135311,4.0
62880,2949,3.287621726920772,4.0
62880,4787,3.0,1.5
62880,27808,3.3686226541590725,4.0
62880,36525,3.0,2.5
62888,356,4.382188118684988,5.0
62897,940,2.748274707173009,3.5
62912,2968,3.5918553928503933,3.0
62930,2373,3.0,4.0
62932,1200,4.015933580081199,4.0
62940,296,3.7314632004766737,5.0
63015,3983,3.749365905101033,3.5
63020,3257,2.3447732869748132,1.0
63036,3408,3.870275484642068,4.0
63049,4857,3.0,4.0
63109,300,4.409981813933979,3.0
63134,4999,3.0,3.5
63134,7107,3.5,3.0
63198,3578,4.0355287657735985,5.0
63222,232,3.513877616113189,3.0
63243,5581,3.0,2.0
63245,2248,4.1098975048007365,4.0
63252,608,4.06436093670227,4.0
63252,2353,3.38495510517549,3.0
63277,471,4.544213880200087,5.0
63285,1088,3.497142242868441,2.5
63330,3107,3.1863212754113204,3.0
63346,4578,3.0,5.0
63374,317,3.3639323664771794,1.0
63375,5476,3.0,2.5
63391,1304,3.6014249278808825,5.0
63394,62,3.534547934553141,3.0
63402,2804,3.869765225219625,5.0
63405,1952,3.6053007291060353,4.0
63425,5418,4.405652451357617,3.0
63438,3703,3.9461457369101955,1.0
63446,1853,3.0,5.0
63480,5630,3.904424744689572,4.0
63483,110,3.7894384939238197,4.0
63501,1127,3.600392200771792,5.0
63528,2688,3.2211046560237295,2.5
63530,926,4.658588718656215,5.0
63556,1617,3.961400859645772,4.5
63557,2944,3.3687908254993033,3.0
63612,1073,3.476975422735627,3.0
63637,72,3.0,2.0
63646,232,3.7007553867716636,4.0
63695,5254,4.003750672103935,3.0
63696,165,3.873491182013418,5.0
63711,1215,3.445701478547509,1.0
63711,4225,3.0,4.0
63715,1719,3.850894334469054,4.0
63789,778,4.601396470979205,4.0
63798,1172,1.6451467229712646,0.5
63855,3264,3.0,4.0
63867,2918,4.536875841482326,5.0
63886,50,3.4887245651527423,4.0
63894,3549,3.0,4.0
63896,1225,3.937489406431208,2.0
63896,1299,4.307576064471149,3.0
63902,1206,3.829860802120319,4.0
63905,8911,3.0,0.5
63919,151,3.7118817642074435,4.0
63921,3938,4.0,4.0
63988,1037,3.0645094502554198,2.0
63990,1337,3.0,4.0
64003,2376,3.2338841294189207,4.0
64014,3087,3.592877514387701,3.5
64019,1198,4.471907085728947,5.0
64047,454,3.168461163650368,3.0
64050,2700,4.483596675106041,5.0
64088,3555,3.899998558602424,3.0
64104,2797,3.7796775118467822,3.0
64105,1210,3.376430003357298,3.0
64118,1049,3.0,5.0
64147,5254,3.187451290128381,2.5
64152,1073,3.8788938874184065,4.0
64152,1950,4.599449558768721,4.0
64158,608,3.960391931346142,4.5
64163,3167,3.0,5.0
64172,6893,3.0,3.5
64188,3578,3.787269684912829,2.0
64199,260,3.2872280624467916,3.5
64201,110,4.477242448219637,5.0
64223,1198,4.058653477499767,5.0
64242,1922,3.0,2.0
64252,2067,4.339836145776963,4.0
64270,1515,3.0,2.5
64289,21,3.787106197998683,3.0
64294,1376,4.2010430126893175,3.0
64317,2097,3.0,4.0
64317,7932,3.0,3.5
64319,2012,4.358763389214842,3.0
64339,319,5.0,5.0
64340,2015,3.0,4.0
64358,73,3.0,4.0
64364,4886,2.5218120344634167,4.0
64376,305,3.0,3.0
64377,1684,3.0,5.0
64380,3408,4.101164013782359,3.5
64406,7022,4.258013621649945,4.5
64411,45635,3.0,3.5
64438,1214,3.4454541214251466,4.0
64450,2889,3.0,3.5
64453,2405,3.582113317760859,4.0
64468,1215,4.219924522019547,3.0
64472,6873,4.0,3.5
64476,11,3.8964343058487816,3.5
64527,1672,3.0,5.0
64558,780,4.3305022948198255,3.0
64563,2628,3.4305000093683633,4.0
64588,4238,2.3331346328748017,2.0
64605,1307,3.974075975740226,4.0
64637,587,3.3539529923241505,3.0
64637,908,4.396219107516773,4.0
64642,592,3.283146596213488,3.0
64643,994,4.0,4.0
64661,2718,3.0,2.0
64681,2706,3.9544710878181197,3.5
64695,1073,3.767376999074299,5.0
64713,2875,3.0,4.0
64714,3208,3.0,4.0
64736,590,4.203818599858718,4.0
64738,1827,3.0,5.0
64749,2412,3.162256311419049,1.0
64778,2407,3.592280143027551,2.5
64779,6196,3.0,1.0
64842,370,4.050077103634458,1.5
64873,5995,4.298691124441042,4.0
64878,7104,2.5,2.0
64907,5419,3.0,3.5
64945,3793,4.088023230829703,4.0
64946,5995,3.530825425229766,4.5
64960,648,3.6163014028241562,3.0
65011,150,3.624705726263235,5.0
65039,1917,3.9151498596219017,2.0
65061,4993,4.14576122560894,5.0
65071,1234,3.003976880231711,4.0
65073,786,2.2616273034557293,3.0
65081,5445,4.053293562997266,4.0
65119,8636,3.665384965275365,2.5
65167,1037,2.790113581592404,4.0
65169,1097,3.8420893999279992,4.0
65201,420,3.5056106989256013,3.0
65204,3087,2.7424924601528637,3.0
65281,2599,4.436626461689837,5.0
65291,2947,3.545828176363228,3.0
65307,1923,3.152020299095447,0.5
65308,7076,3.0,2.5
65309,4679,3.0,3.0
65314,3793,3.3834685628657333,4.0
65322,2065,3.4633909574470843,3.0
65326,549,3.0,3.0
65327,3435,4.568548692036792,5.0
65353,2081,4.109675006710629,3.0
65358,6333,3.0358357070849813,4.0
65389,1754,1.9702683937355268,3.0
65399,1270,3.7964415198229897,3.5
65449,594,4.0651936534743465,4.0
65453,586,3.41872138097524,4.0
65454,2199,3.0,3.5
65454,5504,2.0,1.5
65469,3052,3.8439233740395595,3.5
65483,4121,4.255662084607064,4.0
65487,4027,4.197083658081235,4.0
65509,45722,3.752709139743543,4.0
65520,1359,3.0,1.5
65531,589,3.9828969651862676,5.0
65557,432,3.6523455249892516,3.0
65570,1104,4.59697677699812,4.0
65600,852,2.006047823424745,2.0
65631,5300,3.0,4.0
65639,5785,3.0,4.0
65688,39,4.074913836057608,3.0
65688,3114,4.0,5.0
65692,1233,4.2795466742449655,5.0
65692,2628,3.65517594793746,3.0
65722,508,3.223809139162742,4.0
65771,3098,4.242170713114533,3.0
65783,1688,3.0,4.0
65786,7154,3.0,4.0
65787,4506,3.0,2.5
65802,3459,3.0,4.0
65812,8010,3.0,4.5
65819,208,3.486015528203886,1.0
65819,231,3.458805812988029,2.0
65836,1955,3.711404932318497,3.0
65836,2527,3.2668542509476195,3.0
65850,1240,4.023548818135254,3.5
65851,7451,3.374882588450103,3.5
65851,48774,3.716769571818596,5.0
65900,1639,3.5269688322641937,3.0
65907,457,3.8431266214002138,5.0
65914,4974,3.5,4.0
65942,3107,3.208749697878771,4.0
65947,6879,4.198275432178084,5.0
65949,4626,3.0,4.0
65965,52,3.682079639113907,4.0
65971,7842,3.0,4.0
65974,1446,3.0,5.0
65997,168,3.172146236159414,3.0
66000,586,3.890345706420859,4.0
66007,34,4.172614950326652,5.0
66038,2006,3.8391001515761656,5.0
66053,3262,3.0,3.0
66059,10,3.0200561142574687,4.0
66079,1643,3.0,3.0
66089,337,3.634244908934428,3.0
66103,5051,3.0,3.5
66123,5247,3.0,4.0
66133,223,3.1165375332697884,4.5
66147,3301,3.362076962081158,4.5
66149,3977,4.394132181270587,4.0
66178,3727,3.0,4.0
66183,2289,3.8990636780911427,4.0
66183,3394,2.0,2.0
66183,3861,3.0,2.0
66188,3435,3.8300970247679262,4.0
66202,208,3.318083134081246,1.0
66225,2692,4.822041770282098,5.0
66248,1089,3.1501883845291534,4.0
66249,348,3.4358210933557127,3.0
66249,1243,3.0,3.0
66311,434,2.7795008477213563,3.0
66324,4115,3.0,4.0
66364,1380,4.231154603630606,4.0
66384,1500,3.657018127366623,4.5
66386,1203,3.953623270835209,3.0
66390,7810,2.5,2.5
66396,4270,3.6128828265428834,1.0
66402,3578,4.59547384294367,5.0
66416,44665,3.584400188101534,2.5
66428,1573,3.174672924070364,2.0
66488,3052,4.237839192192539,5.0
66521,1387,3.9381477532763585,4.0
66521,1641,3.9966938440398208,4.0
66525,4039,3.0,5.0
66553,3501,3.0,3.5
66582,260,4.492984136999639,5.0
66603,2916,3.9998358146920885,2.0
66629,3358,3.0,5.0
66640,608,3.3548625622492168,4.5
66649,1912,4.103474678845173,4.0
66711,230,3.0,4.0
66773,737,3.0,1.0
66773,2571,2.891492238667075,5.0
66783,1580,3.8459590983715204,3.5
66788,2349,3.0,4.0
66805,47,4.251632842626779,4.0
66832,1681,3.0,3.0
66843,1480,3.0,4.0
66865,3694,2.9999999999999996,1.0
66874,1918,3.650211855255086,3.5
66874,2953,3.699619890021505,3.0
66892,6764,3.0,3.5
66942,104,4.311099037093668,5.0
66950,588,4.329178743283229,4.5
66971,6025,3.0,2.0
66973,380,3.501973669034412,3.0
67008,7004,3.0,2.5
67026,3505,4.0,4.0
67042,1748,3.517887830817859,4.0
67042,3424,3.5946401536122443,3.5
67057,1171,4.0,4.0
67057,2677,3.0,5.0
67059,6367,3.0,3.0
67082,1198,4.297360907182908,5.0
67085,1682,3.221852665487911,3.0
67085,9018,3.0,3.5
67089,1208,4.413148662661193,4.0
67106,5945,4.565741250213464,3.0
67110,1831,3.347830439510689,3.0
67123,4519,3.2779343284514617,3.5
67128,1884,3.8564371255009315,2.0
67130,5608,3.0,4.0
67152,480,3.811957803341427,5.0
67162,3440,2.0,1.0
67167,1449,4.479162337771498,5.0
67177,1127,4.358834010534211,5.0
67199,3510,3.2711961026302703,4.5
67199,6874,3.445042150582829,4.0
67241,6078,3.0,2.0
67271,16,3.529058069092382,5.0
67284,2268,3.896082821356021,5.0
67289,8798,3.962273078778742,4.0
67294,2571,5.000000000000001,5.0
67307,1198,3.891634487071948,4.0
67368,4226,3.8886670383949364,4.0
67371,215,5.0,4.5
67375,6539,4.06030040878334,4.0
67382,1125,4.0,3.0
67383,590,3.789796844556597,3.0
67383,593,3.8617020845337695,4.0
67383,2243,3.8198201964160434,3.0
67385,3264,2.5,2.5
67385,5215,3.0,2.0
67385,58783,4.5,2.5
67386,2359,3.0083904576817924,3.0
67398,5013,4.032026402216486,4.0
67401,2683,4.0556500603796914,4.5
67424,468,3.753819050900905,3.0
67434,1029,3.8673455955058085,4.5
67441,1923,3.6610903638068812,4.0
67471,1674,3.9807749700737176,3.5
67476,1982,4.432913093527519,4.0
67476,4007,4.50135009033021,4.0
67509,428,3.0,3.0
67519,2023,4.333697227700396,5.0
67531,2264,3.0,3.0
67537,593,4.204855329865769,4.0
67615,2959,3.4587128872211026,3.0
67622,6281,2.882105856866632,2.5
67687,46578,3.7248353745348695,4.0
67708,2107,3.0,1.0
67724,146,3.0,3.0
67725,586,4.449498615901493,3.0
67747,161,3.850033866237571,4.0
67747,344,3.8148228930930017,3.0
67774,224,3.0,4.0
67776,1784,3.307155239973828,4.5
67781,1186,4.332220463955329,4.0
67791,51662,3.861963175081502,5.0
67793,357,3.756654563568761,3.0
67815,517,2.4504003977136524,2.0
67823,2617,2.276983004996339,0.5
67836,34,3.9823740046071063,5.0
67842,12,3.0,3.0
67849,329,3.82381559394752,3.0
67864,595,3.6154851699263584,4.0
67871,3160,4.454900936828238,4.5
67878,1188,5.0,5.0
67890,3114,3.5490578024852044,3.5
67900,4085,4.181542491287225,4.0
67924,480,3.510068049196639,3.0
67927,3751,3.05295651326369,2.0
67951,158,2.2731885470552564,2.0
67965,421,3.0,3.0
67968,3471,3.448748862870997,3.5
67976,2002,3.187794417111789,4.0
67979,589,3.7653643958681284,4.0
67992,145,3.9934797330293756,3.0
67994,7134,3.0,4.0
68027,5481,4.076535710167108,4.0
68037,2871,3.891806076125767,4.0
68071,56367,4.368693622980446,3.5
68074,2716,4.291835558407339,4.0
68085,2530,4.0,4.0
68086,653,3.2774278889856725,4.0
68108,293,4.000432365034369,4.0
68137,2716,3.6481955834226523,4.0
68141,2795,2.9396588355090856,3.0
68151,6874,4.204955956602579,4.5
68152,541,3.8122661545746293,4.0
68157,1136,3.6029993747633577,5.0
68162,22,4.024755502612565,3.0
68165,2028,4.419587297891932,5.0
68194,88,3.0,3.5
68194,1097,3.286002726634899,3.5
68209,2019,4.110979518180591,3.0
68213,1240,2.5846714463799656,3.5
68259,4899,3.0,1.5
68259,45880,3.0,3.0
68268,2011,3.623116238205381,4.0
68285,2571,4.0075819617697785,5.0
68291,2094,2.8344409887876214,2.0
68305,1186,3.580178088015967,3.5
68315,32,3.763597855501993,4.0
68323,3974,3.0,2.0
68324,1407,4.303863547337098,5.0
68329,317,2.8035769620260678,3.0
68331,104,3.529955150169464,4.0
68349,4489,4.247330954961852,4.5
68369,318,3.8187938261994936,5.0
68384,1401,3.0,4.0
68393,6305,3.0,4.0
68399,1371,2.8422610942904947,2.0
68399,3160,4.1297592883761185,5.0
68401,2268,4.3454223047632095,5.0
68414,2234,3.0,2.0
68420,157,3.0,3.0
68448,2990,4.0,4.0
68463,2273,3.0822834379035755,3.0
68475,5502,4.4614011718098086,5.0
68525,349,3.1853412329460875,3.0
68544,1201,3.798757762296979,3.0
68571,4915,3.0,3.0
68588,2144,3.7887515325732095,4.0
68637,1091,3.188148601753966,3.0
68637,6870,3.7081556361740016,4.5
68651,3072,3.2986137211090267,4.0
68668,2572,3.386815594986081,3.0
68681,4874,3.9339798164114153,3.0
68712,802,3.9460187299681704,5.0
68721,314,3.0,5.0
68721,1965,4.328968240312058,4.0
68721,2858,4.2014953219638675,5.0
68798,2087,3.90387645546331,3.0
68815,1407,3.7489699660041724,4.0
68830,1208,3.130263793586328,3.0
68847,778,4.561583287802876,5.0
68850,32587,3.651838902585403,4.0
68859,45431,3.0,3.0
68880,47,3.420908249924959,3.0
68902,7417,3.0,2.0
68927,802,3.590649722078476,5.0
68949,1604,3.0,5.0
68959,1876,3.0693056827636256,3.0
68959,4234,3.0,4.0
68973,494,3.1642641280153256,2.5
68986,5833,3.0,4.5
69006,3793,3.031256612904748,3.5
69016,590,3.7128444930716644,4.0
69021,2710,4.745656930293604,4.0
69073,931,3.976658385196848,2.0
69078,509,3.786083110723293,4.0
69083,4299,4.301011733938374,2.0
69086,710,3.0,3.0
69108,70,3.6002694418518555,4.0
69126,168,3.0057492251577536,1.0
69135,1961,3.806932281837083,4.0
69192,2135,3.0,4.0
69204,1288,4.081316988572273,2.0
69232,7099,4.400055389386298,4.5
69246,1883,4.146923953144603,4.0
69283,1747,3.520625807338308,3.0
69300,265,3.674106561169888,2.0
69307,7090,3.6648609343879346,4.0
69308,2987,4.453581489647551,4.0
69320,144,3.0,4.0
69338,637,2.0,1.0
69355,27904,3.4457621613223304,3.5
69357,595,3.584845644275183,2.0
69366,1265,4.395217673179219,5.0
69383,5108,3.0,2.0
69385,1111,3.0,4.0
69385,1370,3.8672757046642388,4.0
69388,7442,3.0,4.5
69414,802,2.8867296112777114,3.0
69437,592,3.9563016969419396,3.0
69442,1060,4.614310482800778,5.0
69476,493,3.0,1.0
69478,288,4.0539242450609585,3.0
69484,300,4.369301804212287,4.0
69495,5308,3.0,2.5
69516,3448,4.291876856208159,4.5
69544,6281,3.284718925480601,4.0
69576,778,4.056086513114787,4.0
69598,1732,3.818853824156945,4.0
69714,2375,2.6851949323861204,2.5
69714,2463,2.991240047612367,2.5
69728,1968,3.9738892145291294,4.0
69728,2010,4.227702972453839,5.0
69734,2571,3.4252700981769655,2.5
69762,2686,3.0,5.0
69763,647,3.176918498851136,4.0
69771,1136,3.9596104516061033,4.0
69783,3266,3.0,4.0
69854,3408,4.123950723445914,4.0
69869,198,3.5028592161789938,4.0
69911,1,2.1061535278312986,3.0
69922,1917,2.967342654028598,3.5
69946,1245,4.3437678553299115,5.0
69950,4344,3.9031078315106504,3.5
69970,5010,3.842372842019444,4.0
69978,5171,2.031255188450349,3.0
70006,5506,3.0,3.0
70032,7373,3.943815041709444,3.5
70061,457,2.8383744054501,3.0
70079,420,2.582803930990814,3.0
70127,5109,3.0,2.0
70133,616,3.0,4.0
70137,969,4.353930116111446,5.0
70148,316,4.557999385175817,4.0
70188,5445,3.425793322412699,3.5
70224,3717,3.1103954896621007,3.0
70226,1912,3.9946225551441943,3.0
70240,2340,3.0,5.0
70244,2089,3.560236496067122,3.0
70245,4639,4.0,3.0
70266,60,4.0,3.0
70275,4085,2.6709562170768626,2.5
70278,5218,3.7693429477912397,3.5
70282,1711,3.0,4.0
70284,374,2.047869508798102,1.0
70298,3041,3.0,1.5
70308,1,3.854409175746279,3.0
70308,2268,3.52292383919319,4.0
70308,2722,1.4952288027580833,2.0
70337,6734,3.0,2.0
70378,457,4.106015337468635,4.0
70378,3499,4.203395709876063,4.0
70386,802,2.8853325828399075,2.0
70393,653,4.214425174729705,5.0
70399,300,3.414964480153756,3.0
70399,1674,4.109832104198423,4.0
70431,548,2.728253271544293,2.5
70450,296,3.888365953205613,5.0
70464,1175,5.0,5.0
70489,3698,3.5746317754951398,3.5
70516,1207,4.867237830182362,4.0
70542,2054,2.4625653431744663,1.5
70543,2580,2.987737908991796,3.0
70552,2936,5.0,4.0
70556,4029,3.0,3.0
70561,4226,3.989461358136412,5.0
70665,4818,3.0,3.0
70676,1047,3.5798887141923923,4.0
70687,474,3.603186874395589,3.0
70693,4321,3.2667497941486148,2.0
70695,4728,3.0,4.0
70710,2722,2.2430639537219976,3.0
70715,5324,3.0,3.0
70724,153,3.809741958950325,3.0
70735,1136,3.5072655324150226,5.0
70752,173,3.381278636510569,2.0
70771,5423,3.0,4.0
70774,260,4.09999086614124,3.0
70782,2571,3.393725831018706,4.0
70790,165,3.3203855091395162,3.0
70808,3418,3.6934400408948416,3.0
70816,3114,3.5054122144109656,1.5
70854,1784,3.970600576554797,3.0
70864,36,3.7887045951760214,5.0
70869,2762,4.244452084979101,5.0
70884,1266,3.6545859678870674,3.5
70903,6535,3.0,2.5
70905,541,3.606149254014887,4.0
70905,1230,3.888756433677933,4.5
70905,45175,3.0,1.5
70911,5472,3.0,4.0
70929,1226,5.0,4.0
70931,2471,3.530394455403416,3.0
70960,423,4.0,4.0
70988,246,5.0,4.0
71016,276,3.5051677663912915,3.0
71043,288,3.626377851002976,3.0
71050,442,3.592052000728951,4.0
71072,50,4.07459721818183,4.5
71105,1077,4.482799512191776,5.0
71117,4037,4.0,4.0
71130,107,3.0,3.0
71142,1391,3.9785557839895027,1.0
71142,3764,5.0,3.0
71149,6187,3.0,3.5
71153,3868,3.5698396799318104,3.5
71158,6093,3.0,4.0
71159,46,3.0,3.5
71194,886,3.0,1.0
71201,293,3.9688505148612196,5.0
71218,1396,4.02820476334425,5.0
71221,1566,3.0,3.0
71246,2081,2.4794265036978542,1.5
71246,4223,3.7279792051401044,3.5
71251,1876,3.3320944926966085,1.0
71273,1639,3.7787331965890365,4.0
71278,4447,3.8518057485264094,4.0
71281,2012,3.7057485656733817,4.0
71289,1246,3.923922224278965,5.0
71291,1608,3.659519222694632,3.5
71291,3897,3.5613249992847362,4.0
71313,1873,3.0,3.0
71333,653,3.0,3.0
71348,1049,4.0,3.0
71354,5331,3.0,1.5
71354,7256,3.0,4.0
71356,1089,3.6816744611969394,4.0
71371,527,3.922361874319295,4.0
71398,1214,4.136238565179743,3.0
71412,2668,3.0,3.0
71417,7,3.5549026255172165,3.0
71420,6377,3.6408423297749684,5.0
71430,524,3.0,4.0
71433,2028,4.046022102082926,5.0
71433,2605,4.0,3.0
71454,110,4.026831057636107,4.0
71459,3697,4.0,3.0
71497,2006,3.681174760807798,4.0
71514,552,3.4250051254887914,3.0
71517,329,3.5928499940809036,3.0
71529,4306,3.435332064850882,4.0
71553,2384,3.0,1.0
