userId,movieId,pred_rating,actual_rating
1,1028,4.400709347614998,5
1,3186,3.0,4
3,1265,4.06837381866206,2
5,47,3.2959134252834987,3
5,515,3.3323028944086808,4
5,2560,3.0,4
5,3100,3.167112190956693,1
6,2858,3.9325167001660106,1
7,648,4.416402698432198,4
8,1,4.3313876942454606,4
8,163,4.276824576678813,5
8,265,4.499318733259856,4
8,349,4.2255166236174535,4
8,650,3.0,5
8,1721,4.222530538592132,5
9,1307,3.7014479393686113,4
9,1446,3.0,3
9,1669,3.0,3
10,370,3.649409102517004,3
10,520,3.907317396076896,4
10,539,4.3863054693870644,5
10,595,4.437271941777305,5
10,1091,4.191760021190722,3
10,1220,4.217408593375643,4
10,1566,4.325927356201539,3
10,1704,4.36229518406977,5
10,2797,4.041046979497217,5
10,3175,4.105256490028727,5
10,3447,3.0,5
11,1259,3.5657832866566728,3
11,2136,3.0,1
11,2302,3.4186448965630283,4
12,813,3.0,3
12,999,3.0,4
13,165,3.3622869122005135,3
13,736,3.4708338777002927,4
13,2115,3.499510821448205,3
14,1263,2.9921052341845833,5
14,3578,3.5044592157029446,4
15,266,3.6627061054557224,4
15,300,3.4483449808129727,4
15,2881,3.745132584210255,3
15,3461,3.0,4
17,32,4.250587068157705,5
17,162,4.492096964806199,5
17,235,4.5044791390965155,5
17,260,4.285009015621002,5
17,2288,4.230741489763127,4
18,232,3.0,4
18,531,5.0,5
18,1025,4.463728388698187,4
18,2002,3.44470547197226,4
18,2414,4.115917142418699,4
18,3751,4.428922784103701,5
19,377,3.772063125674055,4
19,1090,3.873018176345146,3
19,1282,3.82999132831847,3
19,1321,3.9252247453683804,4
19,2085,3.738143665176204,4
19,2321,3.7498947660454425,4
19,2770,4.211919383073688,3
19,2959,3.6923645180079863,5
19,3744,2.0,4
20,3578,4.291981229880201,5
22,145,2.010761986736884,2
22,344,3.081170623411282,2
22,434,3.0662417172434138,3
22,1358,3.5529798366007888,4
22,1799,4.0,4
22,2054,3.087275125552425,2
22,2174,3.2547867663695076,4
22,2195,4.0,4
22,2699,2.889289172081879,1
22,2794,3.115528403098235,3
22,2918,3.2689389303993397,4
22,3243,3.0466837515424023,3
23,76,3.3699066889208718,3
23,329,3.712885667265101,3
23,348,3.334651418752103,2
23,367,3.4677440992406816,3
23,968,3.6557714493922284,4
23,1199,3.6578912197788944,3
23,1227,4.073359628848801,2
23,1407,3.58954418529882,2
23,2148,3.7601038914507368,4
24,1377,3.827350531683664,4
25,1291,3.892060258169864,5
25,3156,3.0,5
26,1,3.007112139123166,3
26,11,3.129205744630033,3
26,2716,2.671276060393735,2
26,2791,2.654956218307796,1
28,1,3.761765233803666,3
28,3548,3.0,4
29,457,3.6965091529494036,3
29,541,3.212644183769571,3
29,1287,3.745907901681864,5
29,1387,3.756931384253217,5
29,1799,3.0,5
29,2058,3.63827983931555,2
30,593,3.8167222498668645,5
31,1136,4.099059243540982,3
31,1234,4.084810785917002,5
31,3591,3.9558590227128776,3
32,3821,3.0,1
33,345,3.822704877344923,5
33,916,3.1098521757448787,3
33,1245,3.7380722595216542,2
33,1721,3.5870056826091434,5
33,1982,3.8722491867567586,5
33,2455,3.8001558497604484,4
33,3504,3.643230756287369,3
35,1124,3.2490243230337827,4
35,2300,4.205964503070953,5
35,2692,4.082486019293189,4
35,2732,4.0,5
35,2947,3.793544522610287,3
35,2966,3.0,2
36,316,4.266241655835758,3
36,588,4.393989225920417,4
36,1586,4.182120047418953,4
36,2353,4.379143450516366,4
36,3052,4.389753500838981,4
36,3424,4.387303214859483,5
36,3591,4.325176803175863,3
36,3827,4.0,4
37,605,4.138651833457806,5
37,2671,4.09672785415189,5
39,1732,4.746292367012663,5
39,2027,3.0,3
39,2355,4.535570705306312,4
40,2941,4.0,3
40,2944,3.801139613740895,4
42,1049,3.4799847798150525,2
42,1097,3.827637913329097,4
42,1101,3.8158282697970654,4
42,1924,3.4967385577316206,1
42,2273,4.038443033500476,4
42,2311,3.9116114184303084,5
42,2528,3.861158892369948,3
42,3104,3.884956979083681,4
42,3802,3.7104710343524863,4
43,830,3.0,4
44,107,4.365358824335764,4
44,1097,3.9568881562931923,5
44,1584,3.9086630047720083,3
44,2107,1.0,1
45,252,3.570701526473404,2
45,348,3.212109173018827,3
45,500,3.0291533829141426,3
45,1230,3.417744393337018,3
45,1235,3.389757680590896,4
45,1286,3.589378777681866,4
45,1380,3.1847982668011086,3
45,1966,3.0,2
45,2065,3.406534247137562,4
45,2331,3.0,2
45,2870,4.0,2
45,3501,3.7131245469081473,4
45,3685,3.5255618011706558,1
45,3705,3.279273561493232,2
46,891,5.000000000000001,5
46,1261,5.0,5
46,3280,3.0,5
48,317,3.2725773655915087,2
48,534,3.2054645659737213,3
48,802,3.2949673684311356,3
48,2416,2.899706462635642,3
48,3208,2.771441122712293,3
49,1370,3.8886785068473295,4
49,3213,3.523151355648522,3
50,3155,3.0,4
51,3114,3.8661399020773235,5
51,3159,3.0,5
53,316,4.155592178919225,4
53,368,4.239446675032982,4
53,648,4.29148796107643,3
53,1339,4.409875655149001,4
53,1499,3.4673733224213152,2
53,1589,4.604619198047685,5
53,1658,3.0,5
53,1660,5.0,5
53,1690,4.091573323594236,4
53,1991,3.9889811664352264,4
53,2396,4.702395478576301,5
53,2411,3.8840927468424256,1
53,2642,3.9800972972521715,3
53,2657,4.5814276347618454,4
53,2692,4.86097687536525,5
53,2718,4.006644272399027,5
53,2746,4.543950779997942,5
53,2840,4.339721015583017,3
53,2867,4.127621967919592,4
54,1276,4.168689191931248,4
56,36,4.000669594411364,4
57,551,3.534302162660538,4
57,2135,3.0,2
58,788,3.9333946317213946,4
58,1690,3.8436718016825964,4
58,1960,4.4694761043893525,5
58,2010,5.000000000000001,5
58,2094,3.742857838742514,4
58,3740,4.004581491426197,4
58,3826,5.0,3
59,32,3.48044397651647,3
59,904,3.4256889407117854,4
59,908,3.6496780086537712,4
59,1949,4.0,4
59,2243,3.5416169988803334,3
59,2762,3.56000229294227,3
59,3016,1.9404207706617094,1
60,357,3.2331767054204583,1
60,736,3.646696079691612,5
60,1711,3.208597303605436,5
60,2355,3.398611310430427,5
61,3753,3.7677773624784594,4
62,782,3.0,2
62,1035,3.6884669831721024,4
62,1488,3.0,3
62,1680,3.2075086888860613,3
62,1721,3.507348629971417,4
62,1934,3.0,4
62,2115,3.458874938281344,4
62,2664,3.7349897869120228,4
62,3020,3.3734362284887762,3
62,3198,4.427834033735498,4
62,3478,3.2007115420620096,3
62,3600,3.0,3
62,3789,3.0,5
63,968,4.644296391084821,5
63,2541,3.136144526273953,3
63,3160,3.4730680292141267,5
65,2028,4.447081687286854,5
65,2194,4.457319170543988,5
65,3157,5.0,4
67,1408,4.027836027195084,3
67,1955,4.418102650906249,4
67,3334,4.85773475787626,5
68,2804,3.55382687932943,2
68,3507,3.8281592053871942,4
69,1747,4.1394752165389965,5
70,2694,4.137803249083813,4
70,2826,4.282023222131898,3
72,597,3.6930108583876904,4
72,3175,2.0,1
73,44,3.0557971390612386,2
73,380,3.470076092428889,4
73,480,3.5174579702035857,3
73,2273,3.452386872180325,4
73,2572,3.80605371964782,4
73,3208,3.3252555834415185,4
74,1028,4.084050667406462,1
75,616,3.265146115318009,4
75,711,3.0,3
75,1592,4.430410239767747,4
75,2081,3.6214906086102343,2
75,2828,3.0,5
76,593,4.590543046800627,5
76,2542,4.801798542200682,5
76,2762,4.753509240288663,5
76,2890,4.649716921860996,4
76,3897,4.6041025535323,5
78,1641,3.684242462880667,4
80,1408,4.113940213409681,4
82,318,4.340225652697453,5
82,3176,4.032537878214917,4
84,2985,2.8494068384172837,3
85,3325,3.0,2
86,54,3.0,4
86,2716,4.711405087925065,3
86,3147,4.535912896824827,5
87,1408,4.3073731193363205,1
87,2571,4.1597756745851795,5
88,3788,3.463944393233761,5
90,32,3.6991070373706907,4
90,50,3.814725555728103,5
90,110,3.706816202315092,4
90,376,3.1939195906012845,3
90,999,3.0,4
90,1042,3.636299575484693,4
90,1377,3.521754151016069,3
90,1625,3.6401970020388164,4
90,1704,3.6174828607857212,3
90,2723,3.7528442731561213,3
90,3809,3.590068716051141,3
90,3879,3.0,3
92,1009,3.2627681121661873,3
92,1030,3.165624715084624,4
92,1064,3.6238327247831417,1
92,2015,3.1050366130843448,4
92,2485,3.1667567668963654,3
92,2701,2.9442220001960493,2
92,2719,2.039274180849474,1
92,2995,2.0183268176600855,2
93,405,2.974019324474411,1
93,434,3.081676921553075,3
93,555,3.4288794205039954,2
93,839,4.0,1
93,861,2.0974432632882354,3
93,1556,2.3955039435606955,1
93,1676,3.101986711306593,3
93,2143,3.2314458916053685,4
93,2640,3.1392734451301347,3
94,2118,4.336905663647524,4
95,3107,3.7323657109994968,3
96,1036,3.753004975505197,4
97,898,4.7186174021667435,5
97,1387,4.337438666939769,4
97,1617,4.359862154983736,5
98,1250,4.173039103186078,5
99,110,3.694483968012839,4
100,541,3.212353971220799,3
101,1876,4.676595284974229,5
101,3440,5.0,5
102,906,4.0,5
102,2858,3.337344683218992,3
103,2826,4.184513087762315,4
103,2916,4.172163427963567,5
105,468,3.0,4
105,3104,4.512332874709457,5
106,911,4.1320795509611035,4
106,1265,4.122529106120221,4
106,2065,3.9596196279866382,4
107,1226,4.0,4
107,3359,3.8510951709077994,3
107,3361,3.9008865131188264,4
107,3811,4.004703534074233,3
108,1037,3.40439890399016,1
108,1171,3.3600731527117413,4
109,3296,3.0,3
110,1627,2.9994429872780315,3
110,2985,2.9954950996896086,3
110,3578,3.7989220432339432,5
111,21,3.623462885220059,4
111,1095,4.033900434755679,2
111,1914,3.0,4
111,2997,4.005314828451189,4
114,2099,4.315840766935325,4
116,1388,3.0250265890762043,4
116,2392,3.0,3
117,596,3.5990782847809486,3
117,1380,3.4554182890020364,3
117,1566,3.2492718675514096,3
117,2058,3.6583193199210595,4
117,2311,3.6433310431863926,4
117,2565,3.1360369673567408,3
117,2628,3.6420730626267575,4
117,3840,2.187343127228196,2
117,3921,3.0,1
118,198,4.042205215718376,1
118,1265,3.8970124168871845,5
118,1291,3.815567450985212,5
118,1663,3.745451075265159,4
118,2248,3.897192689590529,4
118,2396,4.010579743185076,5
118,3897,4.1653341432352855,4
119,1278,3.3979336586011812,3
120,608,3.885432818082829,3
120,3104,3.730146740853784,4
121,924,4.644875738097799,5
121,2111,2.0,4
122,480,3.175412036794078,2
122,1220,3.221761989020279,4
123,231,3.34424252035428,1
123,377,3.4328569291589552,4
123,457,3.739488759978072,4
123,1186,3.8553518363599566,3
123,1250,3.9350315674210488,4
123,1333,3.8959778858719805,4
123,1389,3.2248160885127954,2
123,1395,3.5609557838116266,4
123,1518,3.0786032924801088,3
123,1727,3.0,4
123,1945,3.8093679583423583,4
123,1959,3.6531726216266995,4
123,2291,3.7313657490870544,3
123,2380,2.080946232331134,2
123,3552,3.760032781876667,3
123,3649,3.0,2
124,527,4.099052813752107,4
124,1650,3.0,5
125,1374,4.7823274794899495,4
125,3702,4.406970399062446,4
126,2020,4.234314055361529,4
126,3578,4.206492680952977,4
127,47,4.155815168156633,4
127,260,4.186100995158288,5
127,1196,4.1729973691514335,5
127,1206,4.329352593727745,3
127,2762,4.041653557484635,5
127,3409,3.6447696352618983,3
128,852,3.0,4
129,380,4.204623985589181,5
129,1472,3.0,4
129,1476,4.45258432720848,4
129,1589,4.4031165613739365,5
129,1805,4.332100108680655,4
129,2028,4.308042240482505,5
130,380,4.481605663950488,5
130,1214,4.497203343262566,5
130,1222,4.58126394278982,5
130,2654,3.0,3
130,2989,4.696563150712201,5
130,3519,4.836424382813384,4
130,3926,4.556850836190543,4
131,50,3.5266335215965285,4
131,356,3.3015097639571573,2
131,551,3.335433631831745,4
131,858,3.563871704230594,4
131,1224,4.002596082435225,5
131,1594,4.07865816244588,4
131,1719,3.866926317323772,4
131,1784,3.3675224771037,2
131,1945,3.7145189603988413,4
131,2289,3.772971158397618,5
132,3397,4.116343040071501,2
133,1097,3.778889122943677,5
133,2976,4.466523649717814,2
134,112,2.7343507878518336,5
136,417,3.0,1
136,971,4.293398316830673,5
136,1265,2.754011539056458,3
136,1298,2.808725016481949,2
136,1345,3.7379253801219785,4
136,1366,3.0,4
136,2337,3.0,4
136,2361,3.0,5
136,2527,2.742105866673672,1
136,2797,3.0723197137889686,1
137,595,3.8348903125794975,3
137,608,3.7713708870703035,4
137,1391,3.8234391178974754,4
137,1422,4.0,3
137,2028,3.786439676872725,5
137,3081,3.5072344465657426,4
138,2858,4.609364094800056,5
139,316,4.007841209985431,4
139,1073,4.04417390160431,5
139,2116,3.9222483297241997,5
139,2406,3.959417782644671,3
140,1221,4.052311767707001,5
140,1968,4.130102365101998,2
140,3624,4.2984533518543415,4
142,364,3.3722417495258186,5
144,3185,3.0,5
145,2396,3.9660771607882457,3
146,318,4.057658585468623,5
146,918,3.952718464987744,3
146,949,3.0,3
146,1081,4.09785847534316,5
146,1135,4.155090013702512,4
146,1957,4.19965084722543,2
146,2628,4.0783958918438765,1
146,2797,4.057483956889262,2
146,2949,3.8504914833741295,4
146,3371,3.0,3
146,3421,4.062093829517208,2
146,3462,4.226841027820257,4
146,3549,3.9794676400252107,4
146,3793,4.392384579977786,4
146,3871,4.0,3
147,1573,3.723582950191166,4
147,1597,3.76303588028173,2
147,2791,3.8296319119797095,4
147,3408,4.3031513442157605,4
147,3717,4.0,2
148,405,3.2472816920808767,2
148,454,3.9562208650799824,5
148,1220,3.999033540592316,3
148,1286,4.008756480652611,4
148,1806,4.0,4
148,2023,4.0874394422128475,3
148,2370,3.0,4
148,2497,3.0,4
148,3770,3.8507476833743555,5
149,24,3.670942853608323,4
149,164,4.0,3
149,377,3.775488367241888,3
149,549,4.0,5
149,647,3.831393300966481,4
149,787,3.0,5
149,1276,4.707439813785679,5
149,1299,4.752439502652149,5
149,1516,3.0,5
149,1942,3.0,5
149,2243,4.526519795563849,5
149,2991,4.2874200978825785,4
149,3551,4.784466321474305,5
150,1,4.235207900798294,4
150,1682,4.203089689721385,4
150,1885,4.134834131061064,4
150,2966,3.0,4
150,3897,4.081489592111794,5
151,34,3.991555248475957,4
151,440,3.812234425724278,4
151,674,3.727710310768414,4
151,1188,4.2856761832738,4
151,1285,4.186806771720381,4
151,1291,4.000262748761844,4
151,1680,3.8148656667631093,5
151,2009,3.770054461108996,4
151,2028,4.088324849333502,5
151,2331,3.0,4
151,2567,4.010975240861208,3
151,2985,3.7552553060940443,5
151,3261,4.146552423169393,3
151,3302,3.0,5
151,3823,3.0,3
152,2716,4.430407132547849,4
154,2948,3.0058790894427507,3
155,19,2.1837319061357365,1
155,2252,3.0,4
155,2735,2.6954107404486853,2
155,3157,3.0,3
155,3471,3.6784260837110803,5
156,222,4.2224392169174285,4
156,1593,4.252027463066998,3
157,237,3.0,3
157,564,3.0,3
157,940,4.0,4
157,1252,4.1839432769359135,5
157,1306,3.0,3
157,1617,3.861404462136204,4
157,2245,3.5476161470452885,4
157,2311,3.604333322128626,4
157,2916,3.721085446810537,4
157,3114,3.790017404761853,5
157,3426,3.0,5
159,3255,4.017230043244336,3
161,308,5.0,5
161,950,4.999999999999999,5
161,1210,4.462335299578968,4
161,1304,4.591887119348056,5
161,1343,4.328046579921005,3
161,3421,4.519071924458084,5
162,1385,3.7503645182091097,2
163,459,1.9636781361623628,2
163,544,1.331154309682394,2
163,829,3.0,1
163,1407,2.6804366597121247,4
163,1527,2.5214650247015555,3
163,2568,3.0,2
163,2762,2.6703844359950066,4
165,1206,4.230928319449898,4
165,2287,4.169061306067319,4
165,3592,3.0,3
165,3704,4.041785265417238,3
166,18,3.0,3
166,30,3.0,4
166,364,3.8640925762314735,5
166,574,3.0,3
166,1994,3.7861850131228367,3
166,2072,3.1889102816389086,3
166,2529,3.851512358587914,5
167,2268,2.838430639117249,4
168,1772,3.0,1
168,2395,3.990632678484063,4
169,474,3.925493533926416,3
169,750,3.850539189183477,4
169,1297,3.7637182024285054,3
169,1580,3.879717469209018,4
169,1734,3.0,2
169,2106,3.0,2
169,2918,3.7619276000220054,5
169,3548,3.501962562496354,4
170,912,4.4513654556849485,5
172,2186,4.048618481087877,4
173,6,3.7870603076842073,5
173,353,3.8629151459138673,3
173,1179,4.326145274831644,4
173,1253,4.075997151340644,4
173,1310,3.0,3
173,1635,4.246142202802187,5
173,1674,3.9442707561545864,4
173,2488,3.0,4
173,2824,3.0,4
173,2919,4.17531152464377,5
173,3047,3.0,3
174,3527,4.000578019373309,4
175,608,4.113571672264635,5
175,759,3.0,5
175,899,4.437174966898508,5
175,914,4.523746245018799,5
175,1015,3.0,5
175,1193,4.153135470123561,5
175,2395,4.145626638873106,5
175,2420,3.934169137500647,2
175,2804,4.0299192579894845,4
175,2997,4.147707547465718,5
177,2628,3.61245065990889,4
178,1275,3.717950392149853,3
178,3388,3.5647835385987383,3
179,1965,3.172530206041035,3
180,34,5.0,4
180,1094,3.924213025453268,4
180,1132,3.0,4
180,1221,3.950522409678411,5
181,589,3.9935582558562213,4
181,593,4.1455060274784445,4
181,1200,4.0458582569809876,4
181,2375,3.251447858321583,2
181,2406,3.801619041383364,4
181,2408,2.9599420824632863,1
181,3210,3.756065781817187,4
181,3360,4.263366578231145,4
183,588,4.002060057749864,5
183,647,2.7495773118879328,4
183,1608,3.6144539473473425,3
183,3363,4.3528847614003165,5
183,3724,5.0,4
184,317,4.400424387566347,4
184,1580,4.23329591065925,5
185,165,3.479940375291855,4
185,1552,3.7074465753260157,3
186,2028,4.6255787327009115,5
186,2770,4.604922137990609,3
187,1589,4.242217302936617,4
187,2437,3.0,5
187,3129,4.0,5
188,2605,3.08391927599325,2
189,260,4.550666395517589,3
189,1097,4.555997915089639,4
190,235,3.5362779537281144,2
190,296,3.8389352201248355,5
190,592,3.8986847254615014,4
191,1608,4.367719079596918,4
191,1917,4.004239304151314,2
192,100,3.0,1
192,296,3.712401442646985,5
192,316,3.069784946124821,2
192,423,2.719090859967924,1
192,428,3.2451089173259327,5
192,886,1.9577349738046268,3
192,1032,3.289185697646193,4
192,1193,4.076467247404921,4
192,1208,3.921502950929697,5
192,1276,4.203044017672482,5
192,1641,3.6910406214958185,3
192,2006,3.149690834246772,3
192,2170,3.0,1
192,2804,3.6252328290947053,4
192,3108,3.8000016671627295,4
192,3448,3.5054477761442717,5
193,39,3.938786055690671,4
193,235,3.8971722134114986,3
193,1104,3.9124809335559725,5
193,1136,3.857204722004646,5
193,2360,3.0,4
193,3194,3.0,3
194,1954,4.17017287071702,3
195,60,3.241739629471001,4
195,110,4.1008175778524265,4
195,158,3.4076662513460487,3
195,300,4.36628727450131,5
195,507,3.3884414434091625,4
195,761,3.0,3
195,765,2.9881030015957943,3
195,1081,4.030352098080911,4
195,1280,5.0,5
195,1459,3.540486191827571,4
195,1502,3.0,3
195,1653,4.043670182057913,5
195,2003,3.8820383150980176,4
195,2120,3.252573953244968,3
195,2147,3.0,3
195,2247,2.9716047436092055,2
195,2694,3.448455594105759,3
195,2712,4.381838536551912,4
195,3033,3.6016149732406495,4
195,3147,3.9395919624368534,5
195,3869,3.5342126258985234,4
198,2,3.911185070942009,3
198,1037,3.654255142483166,2
198,1201,4.256935465757516,4
198,1220,4.025030969782918,5
198,1222,4.028269440044614,3
198,1275,3.851585215841535,4
198,1586,3.741895794451141,3
198,1639,4.215656810257087,4
198,2126,3.755066896782581,3
198,2398,4.312039649857284,5
198,2985,3.8031373356185214,3
198,3752,4.32887724101473,4
199,95,3.493686587351171,4
199,361,2.8810376216806226,3
199,377,3.222268202278275,4
199,466,3.5961149783563093,3
199,780,3.5607133204764967,4
199,1294,3.87240732625142,5
199,1487,3.0,1
199,1597,3.5161201329989646,3
199,2025,3.0,4
199,2145,3.5548803431870386,3
199,2297,2.7716408921561593,4
199,2455,3.850392641830479,3
199,2502,3.4917775923997887,2
199,3500,3.0,4
199,3825,3.0,3
200,2699,3.0552114970615603,4
201,110,4.338776681073197,4
201,296,4.351947753621622,3
201,987,3.0,3
202,10,3.687296413058653,4
202,110,3.8222479527850965,5
202,163,3.7009425913216023,3
202,292,3.680503646925074,3
202,312,3.0,2
202,339,3.852962519322179,5
202,1680,4.68230627598398,4
202,1884,3.1707866663980204,1
202,2459,2.880361350743203,1
202,2471,3.2940761050295664,2
202,2539,3.817953306412421,4
202,2664,3.3723262100094926,4
202,2792,3.3954267294890412,2
202,3624,3.5589038300961198,3
202,3705,3.3944649318594626,2
203,222,2.8673372640641572,4
203,3250,4.0,4
203,3259,1.9840431515037336,3
204,466,3.8536558132096643,3
204,1036,4.025844864718737,5
204,1292,4.019307765505479,4
204,1307,3.64761684570879,3
204,2289,3.956322394161639,3
204,2797,3.5035950250665855,4
204,2808,3.5990311018135266,2
204,3479,4.108366317931942,4
204,3500,3.0,3
204,3524,3.9403705087592344,3
204,3653,3.0,3
205,345,4.479821506629537,4
205,593,4.1977821811724265,2
205,858,4.222682215357051,5
205,933,4.012889737936956,5
205,943,3.0,5
205,2917,4.354755293836279,5
205,3300,4.0,2
208,1965,3.7054538102181,3
209,2671,3.333744935850768,4
212,2518,3.8778322442036033,3
212,3360,4.016560074213442,4
214,367,3.296063078511195,3
214,487,3.0,1
214,1282,4.228688911013397,4
214,3175,3.818317558934665,3
216,7,3.6436890643396107,4
216,105,3.0,3
216,150,3.533561993374126,4
216,370,3.1851052729773364,4
216,1127,3.1540637308877977,3
216,1266,3.504321167440978,4
216,1269,3.8200038355378823,4
216,1409,3.4094757397994697,4
216,1673,3.512727739551486,2
216,1735,3.0,4
216,2110,3.4466182255140008,3
216,2391,3.5503887017347897,4
216,2478,3.2362482498965472,2
216,2716,3.1221632055409794,4
216,2762,3.097121332275936,5
216,2899,2.0,3
216,3101,3.542486344733428,3
216,3144,3.0,3
216,3308,3.5462382196329405,3
216,3684,3.490482165098202,3
216,3932,3.0000000000000004,3
219,2795,2.9999999999999996,4
220,492,5.0,5
222,1704,4.318781425934963,4
222,2054,4.246087016724527,3
223,368,3.767186770510085,3
223,597,3.711626602394645,4
223,661,3.7022600035511686,2
223,830,3.139031802579703,2
223,1747,3.8434482260109855,1
223,2174,3.666218377898511,3
224,908,3.6596720235584637,3
224,3148,3.914744754208551,4
224,3578,3.615308545706999,3
224,3668,3.0,4
225,260,3.7804106687772863,4
225,456,3.0,4
225,662,3.0,4
225,1185,4.34254210621012,4
225,1191,2.0,5
225,1345,3.8776449694628203,4
225,1580,3.689507943631047,2
225,1721,3.699352603560978,2
225,2002,3.3395049382923174,3
225,2064,4.074586221790152,4
225,2348,4.371532255567083,4
225,2706,3.1655028593649743,2
225,3019,4.328464702649028,5
225,3148,3.7545322485726973,3
225,3320,3.0,4
225,3477,2.0,2
225,3728,4.0,4
227,1093,3.3495345536186827,4
228,480,4.187743348672742,5
228,3578,4.031638965903789,4
229,2657,2.576946228931246,3
229,3723,3.0,5
229,3786,3.0,5
230,1077,4.331880321261122,4
230,1230,4.094090349069528,4
230,1394,4.2732447305028245,4
230,3148,4.056632539520628,5
230,3198,4.999999999999999,5
230,3948,4.4661960552476785,5
231,1196,4.252851116768745,5
231,1980,1.5031152722927086,1
231,2000,4.253266096829597,5
232,1966,3.4858633222006543,4
232,2599,4.009357073505744,5
232,3484,3.0,1
233,1032,4.947329715717942,5
233,1230,4.641587187399016,3
234,1401,3.0,4
235,919,4.139671990282112,5
235,978,4.0,4
235,1094,4.400083163771532,4
235,1228,4.466323096720561,5
235,1929,3.0,5
235,2140,3.6200446516554754,4
235,2628,4.140832345690693,1
235,2937,3.0,5
235,2971,4.230650836140594,4
235,3361,4.2238839540959265,4
235,3676,5.0,4
236,273,3.0,2
236,2396,3.9584384751933612,4
237,17,3.686869281344206,5
237,1961,3.857893294024731,4
237,3361,3.815691071499668,4
238,247,3.3150087084564395,3
238,515,3.4152336241980055,4
238,858,3.9139222019329822,4
238,1213,3.780403811007078,3
238,1221,3.872605222053824,5
238,1247,3.851911877045426,5
238,1682,3.732809933971599,4
238,2022,3.0,4
238,2801,3.0,3
238,2932,3.0,2
238,3789,3.3146231073094934,5
239,1393,4.22350670290425,3
240,1429,4.0,4
240,2617,3.316689892664876,2
241,3418,3.9971271350953352,4
242,1580,3.0863605266190737,3
242,1923,3.2090772469411704,3
242,2329,3.566846484740026,4
242,2529,3.4625750057240205,2
242,2808,2.988974398490789,2
242,2858,3.2412099993598664,5
242,3355,3.0,3
242,3578,3.1420919514000616,4
242,3868,3.2337724223823376,4
244,3623,4.241754627830997,4
245,95,2.4687368506987046,2
245,590,2.970992704609389,3
245,1197,2.94875013037806,4
245,1200,2.906780505721484,4
245,1206,3.2022851454269,2
245,1304,3.2772414397259473,3
245,1409,2.4308277048528955,2
245,1589,3.1321197451592244,4
245,1682,2.95622748418279,4
245,1769,2.3365465650830632,3
245,1792,2.3877463248863235,2
245,1964,3.4428220260551687,3
245,2012,2.6065964373077577,2
245,2115,2.741877663568265,1
245,2454,2.812121390928753,3
245,2461,3.0,1
245,2645,2.890396880786293,3
245,2808,2.1931978937912286,1
245,2871,3.2529781644319002,3
245,3020,2.6169524583710126,3
245,3066,3.4700227013398037,4
246,1888,2.0,4
252,3418,3.953219306099827,4
252,3481,3.9059437250699163,5
253,2336,3.761314577987424,4
255,464,3.5185860806757905,4
255,1194,3.0,4
255,2005,4.178154310127129,4
255,2009,4.0,3
255,2490,3.955082677338213,4
256,2991,3.9772369141220616,4
258,280,3.50322811119637,3
258,1673,3.69116340164764,5
258,2384,4.0,3
259,144,3.0,4
259,541,4.15327266921296,4
259,2686,4.507311196176334,4
260,208,3.647463231099163,3
260,886,3.0,3
260,3841,4.0,3
261,21,4.025276921493049,4
261,111,4.348715632875428,4
261,260,4.0544283042404095,5
261,765,3.4747591231883055,2
261,1307,4.137869565714745,4
261,1594,4.083125327526233,4
261,2036,3.0,3
261,2598,3.3261533490159296,3
261,2701,3.644480246879505,2
261,3105,4.1678631041547325,4
261,3424,4.324665791459705,5
261,3504,4.430558016434209,4
261,3751,4.29078388861886,5
262,172,3.224052687263838,4
262,1591,3.2095326905689183,3
262,1690,3.517483185414849,3
262,2529,3.5097161729458786,1
262,2668,3.3275456163363444,3
263,380,3.823361820178688,2
263,1580,3.857673080527612,4
263,2108,4.019266540354753,5
263,2716,3.50146755811793,5
264,1220,2.9929619481708034,2
264,1290,2.9813494116271855,3
264,1393,3.0981585553895457,3
264,2067,3.453419404811082,3
264,2111,2.8618284309032176,2
264,2369,3.2585974119105465,1
264,2990,2.650170847867586,3
264,3169,3.301231282701921,3
264,3706,3.0494869366855655,2
265,915,4.630470204618934,4
265,2966,3.0,4
266,3897,4.48500213397189,4
267,1704,3.54531487177923,4
267,3253,3.5438686637706693,3
268,186,2.673459482871198,4
268,852,3.9241842647579785,3
268,1043,3.0,1
268,1672,3.552506404637543,4
268,2411,3.141377561680081,4
268,2469,3.794154149412442,3
268,3257,3.6215936632186647,4
268,3591,3.6580182172924185,4
269,3481,4.264119588727648,5
270,924,4.415242548419826,5
270,1172,4.548478963220146,5
270,1387,4.371205017744417,3
270,2858,4.272341648525848,5
270,3174,3.8299704015406353,4
270,3308,4.0,3
270,3753,4.1038671072347315,3
271,223,4.286438713446447,5
271,239,3.9986721008333497,3
271,1405,3.8152016834097777,2
271,2005,4.180106444522064,5
271,2987,4.208934171205364,5
271,3439,3.2624267910529925,3
271,3525,4.244050479470247,4
271,3698,4.05964032487056,3
272,208,3.963626862699744,4
272,235,4.008999123270561,4
272,434,3.9856344981832565,4
272,527,4.328053270769909,5
272,762,3.3444516715789088,1
272,858,4.3486725323866695,4
272,2334,3.7170222497701957,1
272,2402,3.655851348067921,4
272,2540,3.503617226803505,3
272,2571,4.225070424000815,5
272,2901,4.481831967391315,3
272,3040,4.383980334118869,1
272,3360,4.545449241161637,4
272,3432,2.5832451482266223,2
272,3752,4.120598189063118,4
272,3877,3.0,1
273,1198,3.6027795893376426,4
273,1374,3.438892532198765,2
273,1416,3.0,4
273,1608,3.984402162138649,4
273,2000,3.90088228651863,4
273,2002,3.878684973222767,4
273,2478,3.880303032188304,4
273,3114,3.569323721263174,5
274,1680,4.2459268634548435,4
274,2948,4.291942235212559,5
274,3359,4.822184867528737,4
275,593,4.293717467002571,5
275,3699,4.109044015944171,5
276,1248,4.4981440255742555,5
277,1961,3.718645898814641,4
278,1130,4.090976585107778,5
278,1329,3.0,5
278,2992,4.0,4
278,3576,4.485396071934341,5
278,3662,3.397814150574169,3
279,266,3.053985663425395,3
279,3654,3.61762266971656,2
283,858,5.0,5
284,93,3.0,3
284,338,2.270855548055445,4
284,834,3.0,1
284,1198,3.6612044823821437,5
284,2119,1.6824760692098315,4
284,2124,3.426328971238934,2
284,2375,3.0878257668811986,2
284,3354,3.556818799630333,3
284,3440,1.4279559623511322,1
284,3479,3.709229429857954,4
284,3740,3.5173080449577236,5
285,1221,4.268323672325871,5
287,235,3.5244350656255863,3
287,994,3.9809574193775967,4
287,1179,4.076578986735528,4
287,2598,3.3235722561345256,2
287,3185,3.0,3
288,1580,4.717760238649743,5
288,2916,4.715839445940405,5
289,293,3.797133425061797,4
289,474,3.852856293615096,4
290,3358,2.9533045103753457,4
291,1103,4.080325247218288,5
292,1196,3.9721862309471114,4
292,3422,3.0,4
293,541,3.6112299276481408,4
293,1225,4.336560154444905,4
293,1244,4.53116128425035,4
293,1265,3.572481913648048,5
293,1969,1.0,1
293,2762,3.322423880630828,4
293,2890,3.6327389048867014,4
295,1954,4.465465086338473,5
295,2542,4.4083674049077795,5
295,2976,4.024939110126426,2
295,3121,3.0,4
296,1334,3.9228087289166798,5
296,3932,4.610495565129638,5
297,1914,3.0,4
299,953,4.383703963446656,5
299,3469,5.0,5
300,736,4.192447257295394,5
300,1213,4.408335690306986,5
300,1234,4.469528385028979,5
300,1616,3.956952475419038,4
300,3267,4.1819242765063835,4
300,3753,4.426706066745263,4
301,410,3.4945154103315677,5
301,537,3.0,2
301,785,4.039217965245723,5
301,866,4.515204035902386,5
301,1060,4.404898522823444,4
301,1198,4.384487801580134,5
301,1200,4.458277432058256,4
301,1562,3.8426872296606667,2
301,1920,3.1317611757972004,3
301,2294,4.434557385289954,4
301,2433,3.803239994052869,2
301,2502,4.221137342855608,5
301,2700,4.313633561950224,5
301,3408,4.615185488808917,4
302,34,3.7396804277063223,4
302,50,3.790861185085495,5
302,293,3.7754508149795383,5
302,468,2.793843807301743,2
302,708,3.445879598836776,2
302,1079,3.6133910563438105,4
302,1375,3.2266301946364724,2
302,1381,2.3511279819606874,1
302,1461,2.264690904154524,4
302,1918,3.0234661503598708,3
302,2053,2.1874907774579864,2
302,2060,3.1324537401182777,4
302,2167,3.1758318146698388,1
302,2268,3.5734724643155995,4
302,2387,2.357023326747839,1
302,2496,2.735096500003728,3
302,2597,3.0,1
302,2710,3.363021849742668,4
302,2761,4.048570368359341,5
302,3087,3.298155436379277,4
302,3764,2.5031319892882093,2
303,14,3.0,4
303,597,3.6606772496970543,3
303,602,3.0,5
303,1485,3.5101090388048024,4
303,2710,3.5287095111330657,2
304,1179,3.697563449789201,3
305,346,3.0,3
305,595,3.4456662444899915,5
305,606,1.0,3
305,1772,3.0,1
305,1990,3.0,1
305,2946,4.616013994012352,3
306,1887,3.0,2
306,2762,3.918723301908961,4
306,3623,4.10771884486171,4
306,3717,3.5754435513472727,4
307,1172,4.515008177156911,5
307,1256,4.913120609511716,5
307,1276,4.792584743942456,5
307,1942,3.0,5
308,16,3.736951872718777,3
308,104,3.5082007851014323,4
308,300,3.9208727461947785,4
308,333,3.161124358864076,3
308,348,3.999806267513638,4
308,441,3.7518806199850436,3
308,592,3.615986969988679,3
308,1073,3.7047753423424283,3
308,1221,3.8849316873627364,5
308,1356,3.299781253424557,3
308,1673,3.8441291149445824,4
308,1748,3.4233718653848877,3
308,3129,4.350521510610552,5
308,3178,3.6205562887985483,4
308,3253,3.6509152767856405,4
308,3386,3.804397793690351,4
308,3397,3.600634399981435,4
308,3578,3.6955196867226077,2
309,475,4.506587564529149,5
309,480,4.152814747215257,4
309,1270,4.148949696114569,4
309,1748,4.084975776644486,4
309,3255,4.282426795651435,3
310,1203,4.0,4
310,1409,3.048793712581383,3
310,2336,3.5815702742910545,1
310,2340,4.0,4
310,2355,3.5434469691648256,5
310,3081,3.374086758073544,3
312,1193,3.7852836118848576,4
313,70,3.821376277272155,3
314,1212,4.279733653787451,5
314,1254,4.26776668058921,4
314,2565,3.7596928108024454,3
314,2728,3.9692352431493547,1
314,3175,3.725520709872666,1
316,24,4.313335175340449,3
316,1573,4.257424491075982,4
316,2817,3.0,4
318,2390,3.0,4
319,14,3.0,5
319,175,3.5202942905036023,4
319,249,3.0,3
319,296,3.719775344159471,5
319,381,4.0,3
319,608,3.7898807514307937,5
319,910,4.025192284181506,4
319,1054,3.0,2
319,1127,3.401629562989538,3
319,1263,4.034171217143327,5
319,1353,2.8856040306951285,1
319,1584,3.65239153979102,3
319,1896,3.0,3
319,2269,2.9595323628982575,2
319,2469,3.431203714189037,4
319,2598,2.7973814340378684,3
319,3256,3.421423705319253,3
319,3358,3.647055501556992,3
319,3505,3.681326843024329,3
321,2,3.2813453521911073,1
321,296,3.7541478480905623,4
321,379,2.5796566648090606,1
321,1059,5.0,2
321,1339,3.0718940246720265,5
321,1616,2.457796695778792,3
321,1831,3.12965202210932,2
321,2082,3.6320795630088103,3
322,1198,3.9103277527472162,5
322,2870,3.0,4
323,293,3.965584183551203,5
323,1617,3.853515951182652,4
323,3623,3.6920746237197517,2
324,50,3.8327845045163085,5
324,3578,3.6453658086413454,4
324,3753,3.527344720055497,3
325,1784,4.370838050978785,5
326,1,3.6105688858571345,3
326,314,3.0,2
326,1198,3.4383583590980153,5
326,1253,3.1884453626646643,3
326,1573,3.593726066901448,2
326,3062,3.617910615995237,3
326,3087,3.690710927447859,4
326,3256,3.458576416177269,4
326,3551,3.522454147487802,3
327,750,3.897793289171372,5
327,1260,3.9574146661713443,5
327,3030,3.0,5
327,3134,4.479921796724356,5
327,3598,3.0,4
328,163,3.0298515428500874,4
328,457,3.141040699115202,3
328,2881,3.5327575536405624,4
328,3020,3.028183088152359,3
329,76,1.479230793604633,2
329,272,3.133690797098872,4
329,288,3.174934647707885,4
329,492,1.988582177639109,1
329,519,2.2637368677619483,1
329,986,3.0,5
329,1172,3.360282185753362,3
329,1287,3.3367804589684833,2
329,1298,3.3271680684814906,4
329,1374,2.957453164462601,4
329,1556,2.3041852630763437,1
329,1620,2.9780900552488236,3
329,2115,3.0018460587136606,4
329,2140,2.972084716693644,4
329,2294,3.1705072505544565,5
329,2316,2.3024583846062106,2
329,2448,1.9729823291477686,1
329,2551,3.0,1
329,2723,3.1381927636350855,4
329,2851,2.545385585800212,1
329,3072,3.2128274681653637,4
329,3265,3.0,2
329,3300,2.5841828423526727,3
329,3927,3.0017480028497308,3
331,280,3.9958276985150727,4
331,282,3.9991141188864314,5
331,471,4.146216893739531,4
331,593,4.108888267146678,5
331,1088,3.863814396717618,4
331,1100,3.236863389094923,2
331,1180,3.0,5
331,1187,3.0,5
331,1639,4.205161599102442,5
331,1645,3.746480933975952,2
331,1732,4.05707554799023,4
331,2000,3.8784786855525772,4
331,2112,4.413851931262116,5
331,2194,3.93792009770301,3
331,2369,3.8778067883368132,2
331,2431,3.5386821692989257,1
331,2561,3.5279438845889817,4
331,2872,3.9688191324220714,4
332,1594,4.308502844359234,3
332,2391,4.131661500340745,4
333,898,3.6117410360004265,5
333,926,3.3142678351477612,4
333,1225,3.857821750040324,3
333,2313,3.3117198193922057,5
333,2565,2.9753216084198266,4
333,2941,3.007247177912625,3
334,73,3.0,4
335,15,3.0,1
335,849,1.8721604659194502,1
335,1228,3.2808450660716804,2
335,1894,1.832821660771393,1
335,2804,2.4069897248785765,5
335,3684,2.0,4
336,338,3.981545165636166,5
337,1265,4.044438693882143,5
337,1676,3.502350966039276,5
337,3409,3.0,3
338,1047,3.443636876764041,2
338,1101,3.977487948221344,5
338,1249,4.23534637325403,4
338,3479,3.9403308845303395,4
339,272,4.6054843851682294,3
339,1104,4.160988378129769,3
339,1183,4.271379607416258,4
339,1678,4.0,4
339,1719,4.453070028788964,3
339,2194,4.037091617882257,4
339,2236,3.0,3
339,2239,3.0,5
340,2174,3.3306067928997027,1
341,1286,3.0,5
342,1270,3.785818678829736,5
343,260,4.2055612319043325,5
343,2701,3.966784946198323,4
343,3160,4.560058720608235,3
343,3255,4.216654640234639,4
344,1262,4.004458477286633,5
345,1247,4.787164048528441,5
345,1922,3.0,3
346,4,4.0,3
346,586,4.154810299999044,4
346,1500,4.417139679502921,4
346,2413,4.204605762686253,5
346,3270,3.0,5
347,1888,3.3783047073710892,4
349,216,2.403270055774542,2
349,508,3.814755708100616,4
349,2427,3.985337941255089,3
349,2628,3.352328422927287,3
349,3760,3.0,4
349,3916,3.860307999129051,3
350,161,4.356406144238751,4
350,357,4.364641769237502,4
350,1356,3.5339496543751934,4
350,2692,4.466121808346577,5
351,2353,3.7632678217056297,4
351,2692,3.942535644613068,5
352,10,3.626994071436649,4
352,246,4.536779970350328,5
352,455,3.0,4
352,466,3.362003031059334,3
352,994,4.658965887972828,5
352,1079,3.6682854037571393,4
352,1180,3.0,5
352,1342,3.2234919345471273,3
352,1408,3.879526677881779,4
352,1445,3.0,1
352,1606,2.3731634435587257,2
352,1641,4.055882136678095,4
352,1653,3.9906050201261825,5
352,2620,3.0,4
352,2664,4.198851755548842,4
352,2723,3.5629639752309648,2
352,2893,3.0,1
352,3148,4.115993220920417,5
352,3185,3.0,2
353,593,4.21801996298723,5
353,866,4.1910368420495026,3
354,1967,3.4950780456327832,4
354,2761,3.6473226236295355,3
355,110,3.9403753261878105,5
355,858,4.005231280617895,5
355,1193,4.1510837322264935,5
355,1210,3.872521127851243,5
355,1722,3.927660187572158,3
355,1858,3.656196409468474,4
355,2006,3.8783554882477738,3
355,2078,3.498800762387495,4
355,2123,2.7912208216168675,2
355,2770,3.8758479976891205,5
355,2907,3.0,1
355,3081,3.545786629512285,4
355,3257,3.413764582551134,3
358,590,3.7783715862687246,3
358,1186,3.7042527648868093,3
360,1374,3.6924589001061925,3
361,2858,4.217737253041849,5
362,2948,3.541961755367466,2
363,1392,3.0,4
364,252,3.0,4
364,1188,3.505053717829361,5
365,3,3.9825283838069656,3
366,527,4.1561417493354735,5
366,1097,4.059531345956115,4
366,1103,4.447604114117705,4
366,1203,4.580666710242341,4
366,1253,3.506522005628177,5
366,1608,3.8808381868861783,3
366,1957,4.373422036698195,5
366,2100,4.043174066331824,3
366,3814,4.829417173440099,5
368,1500,4.169375147335152,4
368,1584,4.028709145474737,5
368,1754,3.6055772927021916,4
368,3257,3.215601243944312,4
368,3450,3.978998520905011,4
369,2109,3.47350003643422,4
369,3255,3.048667468594695,3
371,2023,3.4904560408412655,2
371,3831,3.0,3
372,1580,4.631417511741024,5
372,1694,4.7323030093518215,4
372,1876,4.659711306915409,4
372,2125,4.5080643430559215,5
372,2514,4.736183452815787,3
372,2606,3.0,4
373,1073,3.827833735303642,3
374,2028,4.348663500690065,5
374,3101,4.650425508545012,4
375,1784,4.423658316249135,4
376,2598,4.452907152308685,4
376,3408,4.427322808691636,5
376,3863,3.3954099769356567,3
377,349,3.757208255223571,3
377,1148,4.128696031475906,3
378,1148,4.0,5
378,3672,3.0,4
380,3052,4.073250219535473,2
381,920,4.66093173334765,3
385,161,4.009398438657801,5
385,1153,3.0,3
385,1265,4.133135388922913,5
386,1,3.535181676444879,2
386,1088,3.3273278232713768,1
386,2302,3.445364545738789,3
386,3098,4.149895808388155,5
386,3481,3.61819915453833,4
387,468,4.0015756084745036,4
388,1961,4.171562489012614,5
388,3763,4.052955308974159,3
389,1914,3.0,1
389,3624,4.0,5
390,610,4.102494569669633,4
390,1148,4.60934798849965,5
390,2454,4.354984746364429,4
390,2513,3.343368135246652,4
391,1939,4.5907556752217475,5
392,380,3.486781366786802,2
392,923,4.010490831072995,5
392,1208,3.912562257889585,5
392,1248,4.3635721002717744,5
392,1438,2.6026258800690023,1
392,1913,4.0,4
392,2065,3.9077014809645534,4
392,2161,3.3786776903753077,4
392,2416,3.453400586739266,4
392,2924,3.0,4
392,3108,3.7343079804244623,4
393,1079,4.286343743510194,2
394,3623,3.468072088840182,4
396,1197,3.5628420721197465,5
396,3347,3.0,4
397,1291,4.060761721160946,3
398,1221,4.213373352708733,5
398,1627,3.3385704825879703,4
398,1845,4.0,5
398,1885,4.238029306091412,4
398,2174,3.940355598454321,5
399,2762,4.70180508379058,5
399,3157,5.0,5
402,356,3.879190821837711,5
402,866,4.024960130256674,4
402,1242,4.142022416013341,4
402,1297,3.9235595181347667,4
402,1883,3.9587311412838253,4
402,2405,3.7481085876328737,3
402,2699,3.4224062805855295,3
402,3070,3.888527169192683,3
403,1,3.9735861386847064,4
403,208,4.127156593333873,3
403,1246,4.077942876920463,5
403,1380,3.8511584281391817,4
403,1405,3.5798134300738544,4
403,3100,4.1796621542955075,3
403,3438,4.036738695580689,2
406,514,3.2612279127071067,2
406,802,3.8084665170452516,4
406,2401,4.0,4
406,3623,3.3964655660190224,3
407,3105,4.707844044196774,3
407,3863,3.0,1
408,898,4.887894340419715,5
408,902,4.901426627451332,5
408,924,4.358194227496818,2
408,951,4.740621872711826,5
408,3435,4.899867492795045,5
409,597,4.050268498637238,2
409,1120,4.227938930218387,4
409,1210,4.110532633991276,5
409,1777,4.031183581987246,4
409,2966,4.0,4
409,3361,4.091335238131218,4
409,3471,4.124833551358647,5
410,1010,4.100959389989753,4
410,2011,4.063343424082624,2
410,2109,4.062175738529715,4
410,2407,4.155351085461813,3
411,141,3.4604462027570766,4
411,342,3.793503628765385,2
411,475,3.736204865669087,4
411,515,3.80289209598635,4
411,590,3.6964899043551815,4
411,708,3.5895179730196625,5
411,802,2.5746311384550142,3
411,1089,3.774033228379159,2
411,1196,3.664391476311608,4
411,1276,3.9348495893790147,5
411,1727,3.0,4
411,2408,3.745178666221303,2
411,2454,3.6899453677296776,3
411,2717,3.2319120061506936,2
411,2752,2.0,2
411,2871,3.6928071090577275,2
411,2883,3.0,3
411,2891,3.0,4
411,3032,3.4090234070646477,2
411,3328,4.0,5
411,3354,3.717824520540079,1
411,3494,4.083429791309483,2
411,3668,5.0,3
412,858,4.549568576377955,5
412,913,4.717662557426093,5
412,1103,4.685433197320667,4
412,1199,4.7591417616997935,5
412,1234,4.664799552819857,5
412,1267,4.715635929309203,4
412,1476,4.247197407492177,5
412,2316,4.295193513082303,3
412,2883,3.0,5
412,3635,4.490522680122139,5
412,3809,4.408522072619137,5
413,318,4.564559777838511,5
413,1682,4.521705306915836,4
413,2046,4.453149529766203,4
413,2398,5.0,5
413,3707,3.0,5
415,509,3.6579003581905223,3
415,648,3.5564594250636747,3
415,1066,5.0,4
415,1136,3.941008103951221,4
415,1231,4.100071164682102,4
415,2109,3.733628418828176,4
415,2528,3.807023914110101,4
415,3359,4.250410127658766,4
416,1997,4.032991034895228,5
416,2598,3.8112242814134514,2
418,1291,3.6012578241709354,2
419,2081,4.1759976909467404,3
420,1073,4.255120775035388,5
420,1948,3.0,5
420,2080,4.2737576939709,3
424,42,4.0,3
424,247,4.498789068510926,4
424,377,3.914314461142228,4
424,500,3.760101722323088,2
424,1036,4.042312498103408,5
424,1188,4.18326854324308,4
424,1350,3.9395717927883602,5
424,1389,2.6966967246673925,2
424,1608,3.822593777985963,3
424,1923,3.9402407657221805,4
424,1939,4.835331279959305,5
424,2000,3.9663378139214807,4
424,2012,3.8172176804323334,2
424,2100,4.018781753011561,5
424,2159,4.0,4
424,2315,2.7756062501826584,3
424,2513,3.1095928504872172,4
424,2700,4.137685946003678,3
424,2948,4.246660413216778,4
424,2952,3.0,4
424,3423,3.0,4
424,3476,4.296769005306043,3
424,3477,2.7913669044776555,2
424,3549,4.342822620136117,4
424,3634,3.0,4
424,3683,4.543941575328257,4
424,3710,3.0,3
424,3766,2.6245943176249367,2
424,3802,3.3278161854437744,3
424,3827,3.5146535744263887,4
425,1299,3.787869900832743,4
425,1680,3.558116080190587,4
425,3270,3.0,3
426,235,4.264174705225679,4
426,736,3.943248561442925,1
426,2683,3.519166755404791,3
426,2706,3.4727206383546987,3
426,3635,4.225122123298998,5
426,3948,4.17245152511088,4
427,1259,4.1542404927260215,4
428,39,3.4388019532692633,3
429,861,2.611799291674533,2
429,1215,3.5660723401594785,3
429,1562,2.9542548895520877,1
429,2694,3.4553089692257073,2
429,2774,3.0,2
429,2906,3.0,4
429,2917,4.2952637215075224,5
429,2949,3.754872617704606,5
429,3409,3.0329409892139187,3
430,187,3.0,2
430,2291,4.448859137814104,4
430,3269,4.479476943606902,4
431,1291,4.033008693616274,5
431,2054,3.4315493629619724,3
432,289,2.738570511962192,2
434,260,4.00330526442168,4
434,1321,3.0,3
435,1100,3.9859774729049917,5
435,1127,3.834907083620405,3
435,1722,4.119716800854625,5
435,2253,3.637735131284384,2
436,62,4.555447365524542,5
436,3439,2.9407640891284204,3
436,3479,4.0928835656720715,4
438,193,3.0,4
438,272,4.311709828156154,3
438,374,2.605883091836431,1
438,673,3.1251674461129597,2
438,991,3.0,4
438,1345,3.954510897249799,3
438,1373,3.868925914214257,4
438,1552,3.644372200279626,3
438,1876,3.5969859340310406,3
438,2100,3.783357017421571,3
438,2124,3.721242498522708,3
438,2161,3.5581649328870095,4
438,2918,4.025296226938032,4
438,3481,4.239907771606172,4
438,3489,3.5137773904260974,4
438,3911,4.525703805398436,4
439,1036,4.019182737005142,3
439,1097,4.0168823878674855,5
439,1610,4.0034271075356305,4
439,3256,3.949100597280155,4
441,1376,3.9182852539456614,4
441,2858,4.104046095734098,4
441,3704,4.269952195873045,3
442,222,3.22222393560442,2
442,1207,4.567546134451683,5
442,1266,4.128492028271407,4
442,2025,3.0,3
442,2371,4.434384242624922,5
444,2997,3.948546856738334,3
444,3751,3.687616285548368,4
445,111,4.441781152384943,2
445,504,2.315519325541122,3
445,1997,3.728347062968022,5
445,2995,2.174196793150606,2
445,3269,3.170304893615605,3
445,3752,2.8776931938869956,2
446,1212,5.0,5
447,1028,4.877129521181093,5
447,1293,4.531495340787569,5
447,3811,5.0,5
448,2841,4.0,3
449,2664,4.306710374768721,4
450,1193,4.329970187812557,4
450,1580,4.363921935844775,3
450,3072,4.154216750691852,4
451,1387,4.584436421654343,5
451,1393,4.568371638699481,4
451,2300,4.538085174822788,5
451,2612,3.0,4
451,3169,4.150176236801612,3
452,574,3.0,4
453,111,4.314531095557905,4
453,588,3.8281275929216565,4
453,648,3.6987684977318,4
453,2398,4.486140699592585,1
453,2731,3.0,4
453,3098,4.061012717419144,4
453,3208,2.7512949242922327,3
453,3682,4.31254760935739,4
454,235,3.383406023878341,5
454,260,3.087260634633281,5
454,1641,3.318984683564188,2
454,2915,3.0468601578676378,1
456,1350,2.8252994803474643,3
456,1373,3.4770757109086117,2
456,2011,3.608681725637841,3
456,3176,3.451609794224944,3
456,3441,3.4718558696226065,3
456,3638,3.406737143109152,2
457,555,3.9577872778811956,3
457,1285,4.18391257739338,4
457,2324,4.169836489521312,5
457,2683,3.5987319319973383,3
458,522,3.0,4
458,648,3.6076439110133416,3
458,3932,3.3064191348164567,3
461,344,3.1816833100661954,3
461,587,3.443190468148454,4
461,858,3.7573717911894935,5
461,969,4.045080320045531,5
461,1008,4.00729508307505,2
461,1693,4.0,5
461,2669,4.0,4
461,3254,3.0122506866306242,2
461,3339,3.0,4
461,3368,3.0,4
461,3735,3.8749848715045556,4
462,260,3.8976468165275913,5
462,968,3.902907258437455,2
462,3826,3.0,3
463,2135,3.0,3
463,3751,3.5143315501270003,3
465,1202,3.0,4
465,2443,3.0,3
466,1307,4.132117182841604,4
470,1196,3.54064868408748,4
471,1223,5.0,5
471,2253,2.0,2
473,594,4.260338617372411,5
473,3097,4.555667021649402,4
474,156,3.0,5
474,231,3.75135087973395,2
474,317,3.5678362602419615,2
474,580,3.0,3
474,786,3.2461561554238063,1
474,851,3.0,3
474,1027,3.184414812521369,2
474,2155,4.0,4
474,2294,3.630306869620157,5
474,2762,3.5155893423770648,5
474,3265,3.0,5
474,3384,3.0,4
474,3481,4.2050476389212745,5
474,3624,3.0,4
474,3864,3.0,1
475,260,4.297327130883706,5
475,541,4.266892913981162,4
475,1091,4.015076960728093,2
475,1587,4.17465051021947,4
475,2916,4.2094867961450095,3
475,3441,4.225797583078592,4
475,3671,4.383992375161816,5
476,2,3.873197646656283,4
476,44,3.747370659841321,4
476,93,3.0,4
476,378,3.0,3
476,736,3.968388053232605,4
476,941,3.0,3
476,1019,4.051443402362495,4
476,1580,3.9129747704210036,5
476,1881,3.0,3
476,2087,4.03413465620252,4
476,2430,3.0,4
476,2529,3.835662646627565,5
476,3701,3.667939560641839,1
477,163,3.773897287798352,4
477,251,3.0,4
477,517,3.520110965287257,4
477,1225,3.7737812539134437,4
477,1233,4.318348825078226,5
477,1275,3.7839079580917994,4
477,1372,3.5173442725962976,3
477,1954,3.908703679458393,5
477,2353,3.771029856273141,4
477,2524,3.4416044677569495,3
477,3020,3.717243712364362,3
478,318,3.756667702234684,4
478,593,3.7121919435278095,4
479,1136,3.8731157152712403,4
480,1704,3.718369356248974,4
481,1244,3.804167408741407,3
481,1544,3.6992365925672828,3
481,2335,3.9677360930551244,3
481,2915,3.674420886843116,4
481,3253,3.7859612292014235,5
481,3334,4.486190799872039,4
481,3489,3.7871150127686044,2
481,3500,3.0,3
482,519,1.9124674367886099,1
482,1051,3.0,4
482,1135,3.150779742678885,3
482,1185,3.8348999160036685,4
482,1357,4.002480920843108,4
482,1673,3.853596013420954,5
482,1717,3.1492921102799247,3
482,1735,3.490570223254464,3
482,2078,3.1861707515112245,3
482,2110,3.238393860503586,3
482,2122,2.3580303060153005,2
482,2468,2.8048997979878787,3
482,2492,3.0,2
482,2688,2.8573285041769765,2
482,2791,3.358246490645253,4
483,111,2.985235877862467,3
484,2759,3.0,4
488,3534,3.0,3
490,1,4.000045372664571,4
490,953,3.9986683717292166,4
491,110,3.515555594533303,4
493,440,3.859656225023327,4
493,2268,4.230189257196983,4
493,3566,3.0,3
494,153,4.148769569641949,5
494,575,5.0,4
494,653,4.359751271480456,5
494,1380,4.248759306218338,5
494,1562,4.468131242176564,5
494,2054,4.34365162388357,5
495,1250,3.9812032564204056,4
495,2501,3.601975808333246,4
495,2571,3.7794917702081126,5
495,3114,4.517970584859273,5
496,541,4.371985603999499,3
496,3827,5.0,4
496,3861,3.0,2
496,3869,4.876502183438046,5
497,3328,3.0,5
498,2463,3.2024741485596797,3
498,3081,3.3949347402141354,4
498,3083,3.0,4
499,3247,4.066982409954044,5
499,3755,3.8143509421841473,3
500,1480,3.0,2
500,2565,3.294335399934518,2
501,3941,3.0,1
502,3421,4.603004691194893,4
504,480,4.216464128782966,3
504,1344,4.552366972891537,5
504,1541,3.0,3
505,1285,4.496524994706908,4
505,1552,4.174950415947199,4
505,2302,4.3223283646287065,4
505,2571,4.318590010283591,5
505,2918,4.4710660436298975,4
506,912,4.334942843312817,3
506,3174,3.417190058992133,4
508,247,4.0,5
508,1198,3.3066053615270694,4
508,1253,3.31287527188572,5
508,1306,3.0,4
508,1779,3.1821817078182426,2
509,153,3.078782780715239,2
509,224,3.0,4
509,236,2.4110245809608517,3
509,577,3.0,3
509,802,2.8933760928617787,4
509,818,3.516913092749898,1
509,866,3.780437642568255,4
509,1296,3.730453738808227,3
509,1573,3.345709589320831,4
509,1704,3.5137056809266647,4
509,1888,2.4143424506914357,3
509,2002,3.0903756221433776,3
509,2010,4.458613040956823,5
509,2115,3.311452720409933,3
509,2707,3.6984216630369375,3
509,2959,3.6054150238747513,5
509,3163,3.0,4
509,3598,3.0,4
509,3835,3.0,3
510,2060,3.0,4
510,2687,3.692113540469847,2
513,1127,3.13789106104465,4
513,2416,2.7603697361355577,4
513,2791,3.577564613604075,4
514,233,3.0,3
514,3911,5.0,5
515,480,3.6347285719542706,3
515,924,3.8056938293076192,4
515,2599,3.8038684172093027,5
516,1610,3.202014804025805,4
516,2116,3.0098689578317877,3
516,2490,2.763683265726951,3
516,2762,2.7914373580711573,5
516,3033,2.5952945328813684,1
516,3113,3.134498741247472,3
516,3156,3.0,3
516,3932,2.4036562159316937,3
517,2123,3.8904437632973807,3
517,2352,4.387638041649601,5
517,2870,3.0,4
517,3251,4.539397188806686,4
518,7,3.988116210245923,4
518,356,4.231394825629286,3
518,527,4.383912986389372,5
518,802,3.402361072499103,4
518,2243,4.514028434951161,4
518,2336,4.360400261924765,5
518,2969,3.0,5
518,3076,3.0,4
518,3521,3.0,4
519,1367,3.0,4
520,39,3.685025309879682,4
520,222,3.726589095857527,4
520,509,4.323781784464467,2
520,661,4.03442501823217,4
520,788,3.51791923574661,3
520,1089,4.35918654439918,4
520,1265,4.25075442653969,5
520,1389,2.0,1
520,1517,4.139307784225502,4
520,2405,4.003915111488043,3
520,2761,3.88168580153321,4
520,3160,3.8918911844392023,5
520,3275,3.0,3
521,3148,4.670968539002699,5
522,2916,4.18263942923088,5
523,1394,3.9471809968567557,2
523,3396,4.207281243609855,5
524,104,3.6834399926115866,4
524,195,3.118624917194973,3
524,246,4.94951016670984,4
524,322,4.0,5
524,454,4.047013537620214,4
524,542,2.331422436673855,1
524,594,4.252222165171244,5
524,902,4.387390040839734,2
524,1060,4.288849080668529,5
524,1221,4.561520800476422,5
524,1241,3.0,4
524,1401,3.0,2
524,1449,4.393763982826891,4
524,1485,3.585257535344805,4
524,1645,4.001431208633636,5
524,1889,3.0,5
524,1896,3.0,4
524,1968,4.1408579426034615,4
524,2232,3.0,3
524,2702,4.231061154118938,1
524,2778,1.0,1
524,2986,3.297257231657456,1
524,3186,4.467716403887404,3
524,3243,2.9018155636029377,2
524,3354,2.997364716429034,1
524,3584,3.0,3
524,3735,4.754671016054374,5
527,1968,4.328643118151987,5
528,1,3.7192284460599208,5
528,104,3.491956095550081,4
528,518,3.0,1
528,593,3.8404870586424193,1
528,1015,2.0,4
528,1297,3.4446969726415446,3
528,1353,3.998370381831257,4
528,1792,3.444612524807195,3
528,2265,3.0,1
528,2381,2.6401248609107575,1
528,2447,2.6972057236842746,5
528,2558,3.9216706137357193,4
528,3255,3.5624869491749456,5
528,3360,3.8692997381157253,3
528,3594,3.0,3
528,3755,4.129865674783798,3
529,1196,4.232830782340554,3
529,1254,4.605158122198469,4
529,2791,4.446201033135727,5
529,2912,3.8698017713672197,3
529,3267,3.9631871522457502,3
530,1653,4.030273330844606,2
530,1748,3.735461472696451,2
530,3264,4.186414148558034,4
531,62,3.658683702889455,5
531,1029,3.9219979646880723,3
531,1088,3.724752426981363,4
531,1285,3.7079364183656307,4
531,1347,3.1155093246407666,4
531,1411,4.001260230046062,3
531,1721,3.7678605665062777,5
531,1735,4.009368405876269,3
531,1758,3.0,5
531,1958,3.6243917034344584,4
531,2018,3.9689491763898466,4
531,2154,3.0,3
531,2169,2.801980316801936,4
531,2378,3.4135266055541678,4
531,2605,3.418076980107473,4
531,2835,3.0,1
531,2840,3.5538573721483924,2
531,3176,3.8337479499278277,5
531,3259,3.4960534044645817,3
531,3615,3.0,4
532,1282,4.044563099737057,3
532,1374,4.076810023550941,3
532,1653,4.013937121951419,4
533,527,3.948568628658835,5
533,750,4.101053726551488,5
533,1370,3.555888820039559,4
533,1704,3.826099204055421,2
533,1884,4.012276935676338,4
533,2028,3.798854013427148,4
533,2118,3.4408656659014,5
533,2133,3.4458935949521683,4
533,2371,3.410690429093103,3
533,2376,3.3633582327564393,3
533,2948,3.8660126834688517,4
533,3262,3.501714216011048,4
533,3526,3.6919844696119775,5
533,3740,3.216326993717764,3
534,898,4.30129887885717,4
534,1210,4.041941929656087,5
534,1233,4.2465262719902395,1
534,2146,3.5934536255620904,5
534,2396,3.945384053451899,4
536,2312,3.5448083969618356,2
536,2457,5.0,3
537,260,4.350718762902119,4
537,608,4.396069846678291,4
537,2677,4.0,4
538,1073,4.412960287665072,3
538,2944,4.640827107426163,5
539,21,3.9536022005738163,4
539,368,3.738317447334378,3
539,596,3.828153010092255,4
539,2527,3.9747024366946473,5
540,3763,1.5458218040774279,3
541,60,2.5765963948703434,3
541,2125,3.831284990883937,4
541,2336,3.258371131943839,4
541,2762,3.4142044303383683,5
541,3438,3.0955671026981095,5
543,71,4.0,2
543,216,4.282661823292443,4
543,255,3.0,2
543,366,4.237709771896451,4
543,393,5.0,2
543,514,4.283957785613838,4
543,781,3.0,4
543,1036,4.515487205460365,5
543,1599,3.0,2
543,1722,4.534117505670672,5
543,1752,4.215949995356522,5
543,1995,4.109097805886293,4
543,2096,4.144072862400975,4
543,2387,3.6780162442406192,3
543,2459,3.995926152384408,2
543,2875,3.751766467269218,4
543,3130,3.0,1
544,2194,3.499781638872392,4
544,2871,3.86705719114695,2
546,1673,3.693256889487985,5
546,1824,3.0,4
546,2365,3.0,1
546,3358,3.758841191290891,3
546,3923,1.6704385287095795,1
546,3927,1.0,3
547,745,5.0,5
547,1172,3.946634484489781,5
547,1374,3.5710278559287207,5
547,1909,3.5416097245707117,4
548,2717,3.1684465656168292,2
548,3264,2.911249171309961,2
549,50,4.322807192704993,5
549,270,3.0,1
549,480,4.054546482543506,4
549,720,5.0,5
549,800,4.50691479163764,5
549,906,4.681869486845245,5
549,929,5.000000000000001,4
549,994,3.8882694498047323,5
549,1206,4.4882053988142445,5
549,1294,4.38900225641783,4
549,1404,3.0,4
549,1676,4.111958438211304,5
549,1727,3.0,2
549,1801,3.1718528671351196,4
549,1947,4.419806228243204,2
549,2034,4.105517318781699,5
549,2112,4.170248064454433,5
549,2259,3.776203234031173,3
549,2335,2.758376610502162,2
549,2453,3.0,4
549,2553,3.863784719116995,3
549,2581,2.952423723031564,3
549,2615,3.6349406733094116,3
549,2734,4.413458282648902,3
549,3256,3.8927026119970085,5
549,3471,4.252167567872976,5
549,3699,4.139427581169055,3
550,112,3.6662813894035673,5
550,288,3.892992908170687,5
550,458,3.0,2
550,858,4.016319842688252,5
550,953,4.0439755219615625,4
550,1104,3.9328549776353845,5
550,1240,3.9048812208407613,4
550,1333,4.0561231263770114,5
550,1701,4.204860629497495,3
550,1883,4.094792207054283,5
550,1966,3.4858633222006543,4
550,2002,3.756682994730155,3
550,2243,4.045262252734545,4
550,2431,3.6608708042518954,3
550,2468,3.1411020858513408,1
550,2617,3.6783207944968086,5
550,2723,3.8601046144117577,1
550,2872,3.879545522906969,4
550,3037,3.9369493950814003,3
550,3093,3.803731622475407,5
550,3133,3.0,4
550,3481,4.221600678598031,5
550,3635,3.743808047170131,3
550,3705,3.3408954926741514,3
551,1580,3.8116115641308688,3
551,3006,3.910817869282998,4
551,3159,3.0,3
551,3260,3.960641702790458,5
551,3361,3.8648707543967067,4
552,674,4.182129022682001,3
552,3005,2.9999999999999996,4
552,3524,3.712724983862835,3
553,21,4.486516408073244,4
555,908,4.181377014162299,5
556,671,4.00162153864003,2
556,1198,3.3583912113849554,5
556,1200,3.5316329124768866,1
556,1394,3.1845299658891566,3
556,1968,3.2298702193284465,4
556,2043,4.481496771383678,3
556,2096,4.019894007264543,4
557,1320,3.8676907941060423,4
557,2661,3.0,4
558,50,3.844485075042371,5
558,299,3.0,4
558,1094,3.885333838078533,4
558,1246,3.8782818169329967,5
558,1271,3.6170725594625637,3
558,1542,3.0,3
558,1673,3.770264828553001,4
558,2427,3.9593797167660196,4
558,2966,3.5001885159001938,4
558,3108,3.887588031912111,2
559,924,2.7055369586825875,5
559,1265,2.8168435685120876,2
559,3536,3.0,2
560,1037,3.9546534782443388,4
560,3178,4.999999999999999,4
562,1201,4.081597289671165,3
562,1222,4.1159406166058385,4
563,48,3.6584633801141986,3
563,364,3.551695594387726,2
563,720,4.4224714860217516,4
563,1653,3.236231122067511,4
563,2053,2.7696404191484505,3
563,2094,2.6478267288889374,3
563,2346,3.3584112201505127,3
563,2525,1.449409068039022,1
563,2613,2.986088666699904,2
563,2658,3.0,2
563,3033,2.670150800593425,3
566,185,2.2866041918740794,2
566,479,1.5083910423679656,2
566,541,2.735706714881296,3
566,595,3.040555053721526,2
566,608,3.083875323626738,4
566,1223,3.645092645743503,3
566,1297,2.79329866079603,3
566,1645,2.8008794511885315,5
566,2085,3.1200074626555505,2
566,2286,3.0,3
566,2393,2.3215915011943675,3
566,2455,2.805932252327888,2
566,3203,2.9717658291977243,3
567,168,4.408091647438391,5
567,1030,4.6302615077815945,4
567,1580,4.72639597847258,5
568,2028,4.797609453685894,5
568,3893,3.0,4
569,351,4.672877146378144,4
569,575,3.490389839466239,3
569,3052,3.6022242131187276,5
570,271,3.0,2
570,1721,3.667438390867571,5
570,2396,3.682410629427783,5
570,3578,3.607149871439606,4
570,3848,3.0,4
570,3945,3.0,1
571,849,3.878582352855185,2
571,1249,4.458111405591502,5
571,2012,3.9797305943777666,5
575,2616,3.7064794540532278,3
575,2701,3.818915519103749,4
575,3256,3.950015565635572,4
576,1372,3.773477680308368,2
577,16,4.5478394621719636,5
577,380,4.5326575692580695,3
577,1129,4.54927696500863,4
577,3685,4.5438958502775115,5
577,3763,4.571158237617399,4
578,2324,4.103379394674168,4
579,1374,3.9997032341660392,4
580,1210,4.388062966421769,4
582,2599,4.842670899170426,3
582,2806,3.0,3
583,300,4.3541419168626,4
583,858,4.327443501702476,5
583,1088,4.273289411205407,5
583,1327,3.0,4
583,1344,5.0,4
583,2078,4.4985480787783425,5
583,2268,4.2692449399103145,5
585,546,2.548159203636676,1
585,1199,3.7279940408332743,5
585,1245,4.093908965625141,5
585,2161,3.470431187723367,3
585,3108,3.8368873738832,3
587,176,3.0,3
587,300,3.082672399429279,2
587,370,2.9190938838934306,3
587,1171,3.8598592245962116,2
587,1259,3.150079178753206,3
587,1968,3.270527046948582,5
587,1994,3.3388105823638115,3
587,2296,3.0,2
587,2683,2.9479466756240273,4
587,2716,3.270538436223837,3
587,3814,4.7272808635281285,5
587,3897,3.1434146276528585,4
588,229,3.0,5
588,953,4.152870665677381,4
588,1060,3.7389888027244886,2
588,1394,4.0074907772986785,4
588,2529,3.9197312283851184,3
588,2716,3.91096946882602,4
588,3363,4.206400091079307,4
588,3546,4.743102191414836,4
588,3801,5.0,5
589,160,4.0541925616709555,2
590,99,3.0,4
590,1571,3.0,4
590,2908,4.498517899514039,5
591,497,2.8270030023401174,4
591,903,3.939692051478598,4
591,950,4.233021610127889,5
591,1252,3.8860411316938093,3
591,2311,2.909095261520892,2
592,3578,4.752253514615999,5
593,25,3.9203872734168583,1
593,3260,3.730895049507223,3
594,1605,3.0,3
594,1934,3.0,5
594,3451,4.230278809021098,5
594,3501,4.408193686669316,4
595,597,3.9740444513050983,4
595,2028,4.03316692103321,3
595,2762,3.8024294856164027,5
596,551,2.9282926249454815,5
596,1035,3.249539460967184,3
596,1544,2.935569732347534,4
596,3534,3.0,3
597,2707,4.767080413443317,3
597,2718,3.0,5
598,2369,3.0,2
600,3175,3.906423055231763,4
601,427,3.0,4
601,1219,3.405113923063056,4
601,1271,3.3985974197951365,3
601,1464,3.0,3
601,2088,2.8267130998019963,3
601,2890,3.47892106755331,4
601,2916,3.2907640210975466,3
601,3175,3.2844045572519556,3
601,3649,3.0,3
602,2287,3.4534253328611406,5
603,1485,3.595964887158563,3
603,1917,3.630094191594931,4
603,2058,3.6366361942602885,4
604,2369,2.99226486232959,2
604,2403,3.357432415654813,4
604,2406,3.386578383146182,4
604,3471,3.4178638733904148,3
605,296,4.356024115084213,2
606,1028,4.58743143672548,5
608,482,3.0,3
608,2058,3.184569907999554,4
608,2268,3.0960448959383533,2
608,2793,3.2439723449424873,3
608,2858,3.060787969225322,4
610,1210,3.638033154516839,4
610,1280,3.0,4
610,1375,3.449529404406695,3
610,1961,3.728211544032634,4
610,3175,3.2983031685340016,3
611,1673,4.0253258761419675,3
612,2455,4.105048771622032,3
612,3578,3.9165959212142867,4
613,3098,3.4508016657507596,5
614,1064,4.0,5
614,1688,3.91661339385412,3
615,1247,4.180385574119854,5
615,3107,4.133963035614412,4
616,2791,4.072659444224618,4
617,3578,4.398788515474355,4
620,1777,3.448631725908426,4
620,3751,4.044153769883565,4
621,799,3.308041188977455,5
621,1320,3.267270939778623,4
621,1756,4.0,2
621,2160,3.9672020462840156,3
621,3018,3.1572155881391364,5
622,1213,3.925165052287386,4
622,1922,3.0,3
624,47,3.8582089862404634,3
624,733,3.787664686522708,1
624,1262,4.036577026439189,4
624,1299,3.977366499949466,4
624,1994,3.619145511507688,4
624,2371,3.5556599175647707,4
624,3702,3.8759292163799572,3
624,3822,3.0,3
625,230,4.0,5
626,480,4.150109805958015,4
628,1995,3.0,3
629,317,3.7818681774013307,4
629,653,3.945033847939323,5
629,1707,4.0,4
629,2045,3.0,5
629,3396,3.6242595679139753,3
630,1380,4.169450238555363,4
631,151,4.076123029660052,4
631,1396,3.9962361903647814,5
631,1909,3.9761320249272623,4
631,2378,2.9890068789492497,1
631,2384,3.0,5
631,2759,5.0,5
633,223,3.7669796876796027,4
633,3481,3.7670087467200086,4
634,919,4.238738643755192,5
634,2090,4.302900572510733,3
634,3751,4.504371063471628,5
635,898,4.440887755201782,4
635,2941,4.017030863419953,5
635,2997,4.388559446425563,5
637,1010,3.7048870835582166,5
637,1031,4.016609699794863,2
637,1090,3.9437212371035475,5
637,1099,5.0,5
637,1931,3.98876639327315,4
637,2135,4.034368274671385,3
637,3100,3.983859510870333,5
637,3196,4.528001372025967,5
637,3259,3.5611730738633813,3
638,1394,4.257001411451267,5
638,2617,4.113626513093473,4
639,674,3.7294667881283594,2
639,1084,3.7939641683702585,4
639,1097,3.7219964097452003,4
639,1370,3.7961100549181577,4
639,2093,2.620961883616842,2
639,2863,3.644210143968648,3
639,3155,3.0,5
639,3256,3.5658297262022898,4
639,3519,3.706701459756824,4
640,608,4.6391162032673146,5
641,1097,4.23000904914839,4
641,1213,4.3148133582335415,3
641,2788,4.221255006114065,5
641,3269,3.9738436281445115,4
641,3408,4.523672054676783,3
642,608,4.222172841846963,4
642,1721,4.269657162969069,5
642,3081,5.0,5
643,2318,3.220171430574684,2
643,2979,3.0,2
644,1230,4.318005560025872,4
644,1247,4.218279103163738,5
644,2020,4.230497513227481,4
644,2355,3.7278021890870368,5
644,3948,3.7580786700373,4
645,750,4.652243669595671,4
645,1230,4.627071125538968,5
646,432,3.571190731517968,4
646,908,4.072425316895799,4
646,2012,3.9008289089276986,5
647,227,3.6213515926143094,2
647,234,2.0,3
647,1614,3.7473273207418147,2
647,2004,3.00378209730679,3
647,2012,3.448926436515746,3
647,2249,2.860887750749595,4
648,2700,3.7853728168177527,3
648,3537,3.0,3
648,3717,3.2368846785762106,3
648,3745,3.66090729286661,4
650,1193,4.621537648339313,5
651,1247,4.306436236440032,5
651,1282,4.091702698843508,5
651,1299,4.453826883429807,5
651,1927,4.625889581222879,5
651,2121,3.058752716626777,2
651,2255,3.0,4
651,2471,2.9885163461489936,2
651,2662,3.75835807896671,4
651,3042,3.0,1
651,3424,4.222385293794192,5
652,256,2.499689583935988,2
652,457,3.621780961339382,3
652,1754,3.352676178498611,5
652,2549,3.0,2
652,3409,3.0,2
652,3484,3.0,3
653,2396,3.9057683332610096,5
654,1480,3.0,4
654,1958,3.6373831691858283,3
654,3791,3.2974723116148015,3
655,80,3.0,3
655,1357,3.1874755962364385,3
655,1425,3.0,2
655,2348,2.691583678159443,4
655,2353,2.303414913712005,3
655,2478,2.1463157009308778,1
655,2671,2.429611785819254,2
655,2729,4.0,4
655,2763,2.6288001563199526,3
655,3067,3.8296726993781793,2
655,3274,2.456383458252564,1
655,3378,3.0,3
655,3948,2.505237437830143,2
656,608,4.001757310863091,1
656,720,3.0,4
656,1250,4.0662455501875625,5
656,1283,4.190862823909315,2
656,1333,4.0860176303652,5
656,1340,3.6602066986190946,4
656,2186,4.081197984175271,3
656,3095,4.175371842747808,4
656,3307,4.197570824871081,5
656,3462,4.238207581400713,5
658,1092,3.1343146326976887,3
658,1343,3.156351988863451,3
659,2370,3.0,3
659,3706,5.0,2
660,19,2.5246635920555653,1
660,62,3.418993572461119,3
660,86,3.0,4
660,454,3.356061960914702,3
660,648,3.1676704927274097,3
660,694,2.2060542300135975,2
660,1124,3.359721277056583,3
660,1373,3.038517529130551,2
660,1527,3.128380544976533,3
660,1603,2.706288928386817,2
660,1649,3.0,3
660,1672,3.655066058799115,3
660,1719,3.6563045496362885,3
660,1777,3.145168528005213,2
660,1883,3.264881774992239,3
660,2313,3.595321151371143,4
660,2424,3.022395852131412,2
660,2475,3.0,3
660,2657,3.2309635250844573,3
660,2688,2.7259760841230176,2
660,2819,3.480925792689826,4
660,3258,2.939287579278451,2
660,3508,3.679829488355745,5
661,1237,5.000000000000001,5
661,1259,4.926255199332972,5
661,3703,4.9373481812334035,5
662,316,3.313958442772292,3
662,2167,3.337419183545437,4
663,2497,3.0,1
664,296,4.361050726393667,5
664,1617,3.9692991799126998,5
665,590,4.495015571405356,2
666,46,3.0,3
666,1176,3.0,5
666,2359,4.084135170422629,5
667,1330,2.7600766613760794,4
667,1977,2.365086554597557,3
667,1991,2.921239149241627,3
667,3316,3.0,2
667,3510,3.7966366011085717,4
667,3576,3.1657665446086107,3
669,292,3.943873565024883,4
669,300,4.208379090142445,4
669,366,2.7345926604038695,5
669,517,3.152070907370556,4
669,527,4.27395047829874,4
669,1280,3.0,4
669,1476,4.117652082677636,3
669,1523,3.0,2
669,1968,4.171611230530257,4
669,2000,4.097786742132296,4
669,2279,2.9576841880698543,3
669,2710,3.7073589346189966,5
669,3614,4.036703277897288,4
671,1197,4.249381144496235,4
671,1245,4.456330076795151,4
671,2028,4.234097603836669,4
671,2396,4.252444441211851,4
673,866,3.8091473668677693,1
673,1084,4.236781269993672,3
673,1184,3.0,4
673,1277,3.0,5
673,1279,1.0,1
673,1596,5.0,5
673,2524,1.0,2
673,2975,3.0,1
673,3160,3.178743898147702,5
673,3900,3.0,1
674,541,4.4894687268279085,5
674,589,4.239856883532168,4
674,903,4.539099547997643,5
674,1374,4.435782016855397,5
674,3481,4.513810487776228,5
675,3203,3.6355400017176778,5
676,161,3.729942180886175,4
676,491,4.283926381109771,3
676,724,2.552400057517353,2
676,788,2.944345835543485,4
676,1089,3.589255988092361,2
676,1265,3.5567183112865606,3
676,1876,3.5979326405139616,2
676,2133,3.243957651528142,2
676,2688,3.973222011786147,3
676,3033,3.0387888015544307,4
676,3481,3.6041852424694847,2
676,3536,3.7487186905021486,4
676,3623,3.7381065991941353,3
677,1172,4.043840462172978,5
677,1215,2.68634172226706,4
677,1625,2.9290679619218905,4
677,2872,3.367864931905966,5
677,3035,3.811357073364847,4
677,3072,3.3159169827569337,5
677,3204,4.0,3
677,3654,3.5194327169340016,4
678,318,3.9626070624900507,5
678,377,3.8511866631564753,4
678,1124,4.103674219499795,4
678,1127,3.907166090726601,4
678,1172,4.031483132502415,4
678,1205,4.0,3
678,1320,3.7593569681257377,4
678,1717,3.4200738990714172,2
678,1733,3.0,3
678,1747,3.922973771413725,4
678,1958,4.249215035730741,4
678,2313,4.058859899800296,4
678,2469,4.022220102968464,3
678,2668,3.675802169791593,3
678,2755,3.0,3
678,2808,3.6202180627358804,4
678,2959,3.877371337294551,5
678,3016,3.630190463808601,3
678,3070,4.03217895959145,4
678,3615,3.0,3
678,3688,3.772760807456312,4
678,3698,3.757584461108964,4
678,3714,3.0,4
678,3783,3.0,4
679,593,4.078133895918691,4
679,648,3.985541451414478,4
680,223,3.426537332661,4
681,1193,4.769499883490698,5
682,3198,5.0,5
683,1097,4.290224761671362,5
684,3623,4.318756110669687,4
685,1270,3.4099795903663384,4
687,18,4.503299212894023,5
687,780,3.7166048815737063,3
687,924,4.099042608526475,3
687,1393,3.847192457216376,5
687,1610,3.876368440474148,4
687,1641,4.139830551723259,3
687,2108,4.171128112425962,4
687,3418,3.9865172562364264,5
688,3035,3.9377228718191213,4
689,39,3.7458872561968053,3
689,207,3.5344325762679363,4
689,276,3.5209493506265246,2
689,1643,4.0,4
689,1690,3.5747600833674382,3
689,1750,3.0,2
690,39,4.421472004361854,5
690,1721,4.5382301077119,4
690,2640,4.47494792815797,4
690,3499,4.563292926596999,5
691,2137,4.249501901218749,2
691,2384,5.0,4
691,2985,4.227913519105137,4
692,45,4.144361513024098,4
692,329,3.9168569125268045,5
692,544,3.7390598554467207,3
692,661,4.1278141531900525,3
692,908,4.428977839859545,5
692,1061,4.2163378106266345,4
692,1094,4.296684465486781,4
692,1171,4.576483942044053,4
692,1265,4.09955130578662,4
692,1722,3.8781166263200606,4
692,1840,3.0,4
692,2266,2.9908420462008927,3
692,2404,3.5246423491992886,3
692,3016,3.3701204363175665,2
692,3358,4.047494149890517,4
692,3386,4.1555724873008355,4
692,3481,4.310990393789198,4
692,3699,3.9937757524720596,4
693,866,4.356043493068323,5
693,1610,4.181391106856564,5
693,2745,5.000000000000001,4
695,2,3.527296592545719,1
695,70,3.604560375277939,1
695,1219,4.01133043224276,4
695,1270,3.767379821720224,3
695,2406,3.7040276971067705,4
695,3082,3.5507500795024463,1
695,3844,4.0,5
696,329,3.384570578710381,3
696,720,3.422471486021752,4
696,913,4.339651411339356,4
696,1210,3.8407265430831075,4
696,1252,4.281762027621399,4
696,1291,3.7977371676875213,4
696,2001,3.4518077784974857,3
696,2076,4.034943616913053,4
696,2640,3.605008568176995,4
696,3176,3.782407604024242,4
697,357,3.8528345564313047,3
697,1259,3.8469812012817344,4
697,2919,4.127438222248427,4
697,3361,3.955260722933645,4
698,76,3.3734608559230357,4
698,1673,3.9623484602975716,5
698,2174,3.335306594646285,5
698,3742,3.632818197474205,4
699,274,3.0,3
699,473,2.624166813682884,3
699,485,3.2445211031401824,3
699,491,3.7601378663271454,3
699,537,3.0,2
699,612,3.0,3
699,830,2.8950170457655773,2
699,1036,3.6102768729114754,5
699,1396,3.473282609742528,3
699,1445,2.7790975441259946,2
699,1663,3.454457550931121,4
699,1918,3.298399222205386,3
699,1920,2.8200304909030383,2
699,2111,3.159102030324026,3
699,2148,5.0,3
699,2153,3.243520272828783,1
699,2490,3.2123015384897085,3
699,2509,3.0,3
699,2791,3.572492725701503,4
699,3358,3.5419354837241728,3
699,3755,3.1436397065727784,2
701,1196,3.627270250458584,3
702,110,3.4492654718474682,5
702,231,2.9349776753871994,1
702,537,3.0,1
702,919,3.6234310155020477,5
702,971,3.8782611925388304,4
702,1084,3.7624402366674135,1
702,1207,3.7310060895295316,5
702,1226,4.6713530214393595,5
702,2011,3.273229213420194,2
702,2476,2.794144474783672,2
702,2734,4.0,2
702,3070,3.0734795182641994,1
702,3104,3.468459235395308,4
702,3435,4.214872140574268,4
702,3614,3.233575692321244,3
704,2599,3.95056285994886,4
704,2959,3.069595025360343,5
705,1998,3.0,1
705,3450,3.9499145402446008,3
706,41,3.0,3
706,1120,3.552517673882622,4
706,1682,3.5792678278597068,3
706,2674,3.0,3
706,3100,3.595303461406538,3
707,648,3.9221859279923175,3
709,891,1.3924301121029652,1
709,1972,1.8983376722315344,3
709,2065,5.0,5
709,3664,2.4303980532210536,2
709,3694,1.0,1
710,1,3.8658146310227357,5
710,150,3.865206497038237,4
710,257,1.0,2
710,300,3.9834612855362566,4
710,377,3.609347549335298,4
710,528,3.0,3
710,656,3.0,2
710,708,3.5035858436582266,3
710,728,3.0,4
710,743,3.0,2
710,785,3.7003738253254124,4
710,953,3.9565525384471947,4
710,1080,4.094253911802315,5
710,1198,3.786249640290425,5
710,1385,3.2542905015767856,4
710,1573,3.735176847689927,4
710,1648,3.0,4
710,1920,3.1769344884922526,2
710,2502,3.8183785701161197,4
710,2641,3.6718033964451773,4
710,2659,3.0,4
710,2881,3.5659379523522303,2
710,3168,4.088296701266269,4
710,3263,3.5725574157232853,4
710,3358,3.729599629157155,4
710,3698,3.700619087200698,3
711,3201,4.366622104968641,5
712,112,3.480260666698746,5
712,1200,3.7658481714707195,5
712,1242,3.8244029429169166,5
712,1690,3.2544827655608826,2
712,2064,4.206140004148707,5
712,2722,3.0308849407866107,2
712,2985,3.44269656175226,4
712,3527,3.7128174787520587,5
712,3703,3.8466152765480057,4
713,471,2.813591738781333,4
713,899,3.813416646003939,4
713,1250,3.8128968950470314,5
713,2528,3.7226803107918798,4
713,2804,3.1888308695463325,4
713,2947,3.749350628480785,4
713,3256,3.471828774537399,4
713,3675,4.021296118550334,4
714,36,4.632281203425016,4
714,203,4.0,2
714,435,4.213937772522183,3
714,1013,4.0,5
714,1029,4.300785258993101,3
714,1061,4.657252618608428,5
714,1682,4.492651622504271,4
714,1707,3.338418823302724,2
714,1895,4.0,4
714,2036,3.40752275236003,4
714,2353,4.52343407670382,5
714,2355,4.415822983940305,5
714,2571,4.494154068850299,5
715,1186,4.647036953901107,4
715,1199,4.051730970021793,5
716,112,3.8821228741174876,4
716,464,3.7119795323974305,4
716,786,4.126061117042943,4
716,1259,4.4628370003550355,4
716,2089,4.059327157900024,4
716,2294,4.228270967088102,5
716,2791,4.352606864762588,4
716,3052,4.546875967269544,4
717,3,4.0,3
718,1358,4.228274268688676,3
718,1721,4.185237457689762,5
718,1722,4.0677643455980546,4
718,2759,3.466178723837914,3
718,2890,4.118909825071037,4
720,333,2.3154317699592664,4
720,380,3.300807596712688,3
720,1222,3.516345590321028,4
720,2077,3.0,2
720,2882,3.0,3
720,2899,3.0,2
721,257,3.0,4
721,296,3.8296014871984094,3
721,338,3.5457480254035887,3
721,554,3.0,3
721,648,3.7857484634533654,3
721,743,3.0,4
721,1339,3.580066632374506,3
721,1356,3.821382380442247,4
721,1422,4.09917258567096,3
721,1527,3.731701220226471,3
721,1544,3.7700541559780514,4
721,1626,3.325807644907355,4
721,1784,3.835733644432497,4
721,1917,3.792716536082429,4
721,1959,3.4389347812371955,4
721,3797,3.0,3
721,3844,3.0,4
722,16,4.079000991678117,3
722,3287,3.0,3
723,1676,4.1383353057192505,4
724,10,3.766767086899363,3
724,361,3.0,4
724,648,3.799566492811275,3
725,1225,5.0,4
726,17,4.436392827992545,4
727,919,3.7876566599392447,5
727,936,3.0,4
727,1265,3.6305905055531316,5
727,1288,3.583052385540012,4
727,3004,3.0,2
727,3811,3.0002960211021286,5
728,2313,3.8752272289764824,3
728,2348,3.0,2
728,2804,3.7346812828690696,4
728,3020,3.5654246746107896,4
728,3707,3.025448889080191,4
729,435,3.3006766928425884,3
729,1320,3.3779111286772814,2
729,1608,3.6803224736998064,3
729,2580,4.204164049329303,3
729,3555,3.77197826716427,4
731,237,3.73681830079385,3
731,518,3.98243007785445,3
731,586,3.4056230836893175,3
731,708,3.636830386473038,4
731,928,4.480595686812019,5
731,1073,3.8800513548354183,3
731,1485,3.317053791669113,3
731,1871,3.0,4
731,2301,3.979973028353912,4
731,2774,3.0,5
731,2948,4.833748428203759,5
731,3466,3.0,5
732,1500,3.851394409237629,4
732,3524,3.6218610352588776,5
733,1015,3.0,3
733,3852,3.0,3
734,2694,3.1366709989287918,4
734,2826,3.3172911439484265,5
734,3487,3.0,5
735,10,3.7380078005236883,4
735,165,3.776109690005071,3
735,1381,3.284735575613055,3
735,1653,3.8927954031113168,2
735,1717,3.6141232403047123,4
735,1858,3.0,3
735,2268,3.834840217848679,3
735,2719,2.7914657354035515,3
735,3300,3.595644972820958,4
736,1278,4.4006804525588805,4
736,3555,4.247310736565209,2
737,1264,3.0,1
738,356,3.585018476958163,1
738,3535,3.0,3
738,3555,3.5945719805242478,4
739,1220,4.481730470538548,5
739,3066,4.504597541249609,5
741,1991,3.9396520417592593,4
742,780,4.178114294383992,5
743,1059,3.0,3
743,1304,3.824188650852867,4
743,2396,3.7092063285438472,5
743,3793,3.0192284428013707,3
743,3952,4.0,3
744,165,3.374596399322922,4
744,420,3.095276164312592,2
744,1233,3.791253324373457,4
744,1320,3.1583773749266273,3
744,1375,3.379654661264747,5
744,2817,1.0,1
745,3754,3.0,3
746,442,2.867030371171747,1
746,780,3.073196337246946,4
746,786,2.868468217244867,1
746,912,3.3002317839476554,3
746,1047,2.2227390144392865,2
746,1193,3.2810211230899013,5
746,1343,2.9758745468306813,3
746,1627,3.1989824580329693,1
746,1676,2.49270224158305,4
746,1783,4.0,1
746,1833,2.333664864952502,2
746,1876,3.0520870050656197,2
746,1882,2.6609857165716857,1
746,3108,3.2241265991963717,4
746,3948,3.9870691821054303,4
749,586,3.3822591321260074,3
749,590,3.481916694642966,5
749,1333,3.673428664114425,4
749,1663,3.354536404788725,2
749,1979,2.835604405627667,3
749,2116,3.2292433455317617,4
749,2208,3.4002927032613957,3
749,2532,3.345679601434284,4
749,3499,3.4304203021191624,4
749,3714,3.0,3
749,3741,3.511065117936526,3
749,3917,2.2580606585282474,1
752,21,3.1091477230952256,4
752,94,2.0,4
752,352,3.0,5
752,494,2.101129797700138,1
752,858,3.238618365117632,3
752,1219,3.3739701685890284,5
752,1285,3.288325633992999,5
752,1370,2.6712466507471104,2
752,1682,3.2027645287741553,4
752,1779,2.2970247228666505,3
752,2025,3.0,3
752,2028,3.097609876698619,5
752,2375,2.092576377621521,1
752,2425,3.0,1
752,2481,3.0,4
752,2672,2.8189765140657124,1
752,2763,2.6608163391602515,3
752,2961,3.0,1
752,3045,5.0,4
752,3083,3.0,5
752,3238,3.0,1
752,3289,3.0,1
752,3751,3.4886752926782916,4
752,3882,3.506484211061241,4
753,780,3.8319154018372408,4
753,1015,4.0,4
753,2003,3.8895310033123183,4
753,2798,3.3880320209185957,4
753,3257,3.599886197250115,4
754,2392,3.0,1
754,3185,3.0,4
754,3203,4.471919681813797,5
754,3510,4.691698543765121,5
755,1674,4.415878417441794,4
755,2599,4.200319663922089,5
755,3114,4.5165073121004,5
756,1185,3.0,3
756,2947,4.015328903108702,3
757,318,3.7579198677122854,5
757,1196,3.596298904880755,5
757,1242,3.8633894726997924,4
757,1479,3.3063179925465835,3
757,1499,2.738693670877542,3
757,1673,3.833581023334848,4
757,1909,3.6488949013015555,4
757,2111,3.4458908602012563,3
757,2389,2.14299371944568,3
757,2490,3.3261428071952115,3
757,2628,3.500458587900196,3
757,2712,4.041357313274834,3
757,2796,3.216912226480039,3
757,2797,3.5770391663864256,4
757,3005,3.63722726970711,4
757,3175,3.4768472931751946,3
757,3868,3.812349892697471,4
758,3087,4.178033903442816,4
759,1188,4.134282629385773,4
759,3699,3.8520153590600255,5
760,246,4.644968671150598,5
760,589,4.040965362615266,4
761,1590,4.294491755221886,4
762,1375,3.85761960857166,2
764,3159,3.0,5
765,70,3.91173073524969,4
765,589,3.8126434119380974,5
765,1294,3.7599732333490294,3
765,1591,3.793824480154445,2
765,2424,4.144710756732752,5
765,3489,3.690933334788384,5
765,3707,3.244040027650728,4
766,950,3.0,4
766,1259,4.066362983940297,4
767,906,4.0,4
767,1036,4.229760563713309,4
767,1219,4.35827236627543,4
767,1270,4.261061960390745,5
767,2453,3.0,4
767,2531,4.2365062392469275,4
769,1230,4.029101094621452,3
769,3702,3.9780006234285996,3
770,260,3.4727299187916745,2
770,364,3.45582532105437,2
770,370,3.669792706592385,2
770,543,3.4887277255198894,5
770,648,3.3987122376029864,3
770,996,2.4702543287151015,3
770,1203,5.0,5
770,1222,3.5488212005356266,3
770,1275,3.4855424685744656,3
770,1556,2.28039871528266,1
770,1693,3.0,3
770,2468,3.253127392272977,1
770,2471,3.075140429948975,3
770,2542,3.701088730254679,5
770,2694,3.4824987152472797,2
770,2759,1.458756829452745,2
770,3087,3.3846712064836657,5
770,3271,3.1397927370958776,5
770,3308,3.4282570126901946,2
770,3689,2.3992639197325394,3
770,3836,4.500443644013112,4
772,849,3.803316066107417,3
772,1882,3.638258337782073,3
773,2434,3.0,4
773,2959,3.3520964101987785,4
774,231,3.33202415845609,4
774,296,3.5113734528824634,5
774,595,3.4785331616663178,3
774,628,3.473736177708417,3
774,1356,2.9117175582755843,4
774,1597,3.382104471858782,3
774,2686,3.486395612311626,4
774,3173,2.675110618148834,2
776,1097,4.178861821628691,5
776,1286,3.0,3
776,3253,4.393213940285474,3
777,593,2.8782748494623505,3
777,1088,2.633016983266737,2
777,2169,2.6709053920526276,2
777,2174,2.6934462171741846,2
777,2985,2.7519579797326905,3
777,3269,2.7361377362817656,2
777,3438,2.7053011336240216,3
777,3448,2.772396051726742,3
778,1201,4.4198731904418755,4
778,2278,4.073086000042544,5
778,3418,4.304084119467287,2
779,2770,3.077112928993267,3
780,329,3.51144849358067,3
780,377,3.5540298209865293,5
780,2002,3.549671716560612,3
780,2174,3.7444542942630124,3
780,3444,3.5903497633169343,4
780,3704,3.660556942027772,3
781,356,3.7662022274038316,3
781,1379,3.0639932845670477,2
782,1214,3.0,4
783,163,3.348438627146476,3
783,1210,3.568286929266227,4
783,2278,3.451298170685165,5
783,3000,3.4861655292592837,4
787,2762,3.6526792182195256,5
787,2908,4.3319143500799075,4
787,3593,3.0,1
788,708,3.604539768254383,5
788,1206,3.668694632915207,2
788,1240,3.540552980988162,4
788,1339,3.3768718850971613,4
789,2013,4.043179664223539,4
790,2160,3.0,4
791,161,4.240076243049681,3
791,454,4.092399280752102,3
791,1912,4.5212626112703616,4
791,1920,4.170843002357644,4
791,3155,3.0,4
792,3893,4.219410685279358,4
793,350,3.994252000548509,4
793,933,3.8608734865141465,3
793,1373,2.882559722166089,3
793,2021,3.420989561320211,5
793,2764,3.0,4
793,3712,3.0,1
795,237,3.3772940075373383,2
795,2711,3.0,2
796,34,2.796531367492426,4
796,920,3.52239359086599,4
796,953,3.2363845114644962,4
796,971,3.2095290082408554,3
796,1090,3.0864733967446027,3
796,1214,2.751524245587931,5
796,1262,3.61651865216312,4
796,2530,2.8895271720339886,3
796,3088,3.484148551103835,5
796,3359,3.3343003272939433,2
796,3362,3.3922085558205057,2
796,3873,4.032125458104982,3
798,328,1.978876643820118,2
798,589,3.5125457958208193,2
798,2154,3.0,3
798,2423,3.1367570344119344,3
798,2740,3.0,2
798,2846,3.0,4
798,3033,3.1001237797665744,2
798,3548,3.0,5
798,3940,3.0,1
799,3555,3.608612346003194,3
799,3786,3.0,1
800,239,3.1504820188927196,4
800,926,4.12458948813462,4
800,1025,4.111834341817517,5
800,3548,3.0,5
801,17,3.8139066241476356,4
801,529,3.7283506467913354,4
801,1079,3.5440509344409414,5
801,1090,3.802479105795095,4
801,1287,3.870425605647953,4
801,2000,3.7222794980902596,3
801,2328,2.0,1
801,3360,3.893455287147511,4
801,3471,3.796815838656213,5
801,3683,3.958467418072857,3
802,248,4.0,3
802,368,3.950879921105392,4
802,539,4.020887899875274,5
802,1293,4.496621931810746,5
802,1389,3.0,2
802,1513,3.7979159133364955,4
802,2311,3.849074428682848,4
802,2968,4.127207821755789,4
802,3478,3.7456393693281487,4
802,3501,3.738773930708427,4
802,3525,3.9676320932404012,3
802,3638,3.880022636092107,3
802,3671,4.159135581872992,5
802,3763,4.078757534561214,5
803,260,3.818549716732733,4
804,1221,3.772666337061527,4
804,1247,3.842960624207878,5
805,1101,3.935826105449032,5
805,2243,2.879141090098982,3
805,3743,3.0,5
806,908,4.209547835258886,5
806,969,4.190822508440586,4
807,2092,4.382586686455155,4
808,112,3.8140523863132514,3
808,330,2.9641912790582636,4
808,842,2.6893381846600577,3
808,1204,3.8580366412827134,4
808,1389,3.1014709356488805,2
808,1408,4.0915275350668825,3
808,1980,2.956084352233642,4
808,1999,2.798626977489952,2
808,3939,3.0,3
809,253,4.3204875586983915,3
809,1259,4.038383534333723,4
810,1267,4.285622214066632,5
810,2278,3.9133050796431714,5
811,910,4.360427718900288,5
811,1206,4.224649007317791,4
811,1299,4.3007224696966775,5
813,3358,3.4871005284771632,4
814,2628,4.20454586043659,4
814,3175,4.39953939076195,5
815,1994,4.133357743489318,4
816,1,3.770482381334837,3
816,674,3.889815797679051,4
816,910,4.004483365425957,5
816,1225,3.938163306854256,3
817,172,4.019411206884876,1
817,593,4.440210486441373,5
817,880,3.8132123369044777,1
817,1197,4.48574968088937,5
817,1257,4.627107413232227,3
817,1954,4.44297485997946,4
817,2428,3.7908598907489415,4
817,2600,5.0,5
817,3697,4.158395808012102,2
817,3703,4.46500809095941,4
818,454,4.164978568230199,4
818,1459,4.458320233373787,4
818,2427,4.379031146463483,5
818,3262,3.0,4
820,519,3.0,1
820,2288,3.7761186670606306,4
821,2769,3.0,2
822,946,3.0,5
822,2857,5.0,2
822,3253,3.762026735866743,4
822,3524,3.6278110908876844,5
823,3175,3.968513212590683,4
824,720,3.0,4
824,968,3.5264267369817066,2
824,1219,3.8752907598078625,4
824,1228,3.991922528120991,5
824,1280,3.0,5
824,1292,3.9373304113159002,3
824,1953,3.8252025983148616,4
824,2355,3.674679160377643,3
824,2971,3.792831482952764,3
824,3098,3.7609554413627135,3
826,2399,3.0,1
828,1457,3.5618810448294047,4
828,3269,3.0000000000000004,4
829,1193,4.483223550294964,4
829,1198,3.963535529511109,4
829,2997,4.472845016893854,5
829,3347,3.0,4
829,3475,5.0,4
829,3745,4.0,4
830,70,3.2315750656620876,2
830,1219,3.7230358324413566,5
830,1387,3.6611269026114033,4
830,2093,3.0,1
830,3727,4.301090647890875,5
832,125,3.725896068774841,4
832,799,3.6706082389017696,4
832,1965,3.6285939470802955,4
832,2248,3.7342489257841467,4
836,586,2.520940571884838,4
836,1381,2.227653991909048,1
836,2096,2.5473236745360532,1
837,1248,3.375784025374679,3
838,198,3.618516940808922,3
838,1019,3.50462148718069,3
838,2702,3.9664838711238444,3
838,3916,4.222351723905321,4
839,24,3.6383904493058146,4
839,194,4.262782830903711,4
839,266,4.274174969893553,4
839,919,4.442528622000742,5
839,1177,4.0,4
839,1248,4.846683885097012,5
839,1258,4.279275334237533,5
839,1275,4.073119407110021,4
839,1641,4.345671116754858,4
839,2025,3.0,4
839,2243,4.454369306109258,4
839,2268,4.1707056651480645,4
839,2395,4.4826878140250335,5
839,2542,4.3236570517542825,5
839,2873,3.0,3
839,3022,3.0,5
839,3173,4.664600744044508,2
839,3308,3.9384507142558687,4
840,1,4.5159548996586985,5
840,148,3.0,1
840,318,4.511363803838046,5
840,356,4.460669148490975,4
840,2946,5.000000000000001,3
840,3317,3.0,4
842,3285,3.0,3
843,110,4.22376197308248,5
843,1220,4.097632743824209,4
843,1394,3.799946036603035,4
843,2111,3.926546795030631,5
843,2174,3.8238331881881322,1
843,2355,4.108194167428348,4
844,908,3.5817796633021883,5
844,2140,3.1340267351153197,2
844,3751,3.6886920393338105,5
846,1240,4.174194724833232,5
846,1389,3.0000000000000004,2
846,1394,3.911149352013406,4
846,2746,3.790440797482594,4
846,3470,3.0,5
847,1235,3.9057720629020176,5
847,1276,3.9684806031648057,4
848,1200,4.345372746728857,5
848,3108,4.426727245151202,3
849,543,3.230057542794233,4
849,1307,3.3593099964259485,4
849,2083,2.9999999999999996,4
850,608,3.72882156392015,4
850,926,4.107632998002099,5
850,1128,4.171385247886614,3
850,1233,3.7853194120275697,4
850,1391,3.1462037918956822,2
850,1998,4.0,1
850,2351,3.0,5
850,2507,3.0,4
850,2702,4.0,4
850,2848,3.0,4
850,3317,4.146265011301147,4
850,3499,3.5384219462275324,3
850,3911,3.942044462279225,5
851,1676,3.100057656801951,3
853,1265,3.944492360402082,4
853,1372,3.975655031021391,4
853,2700,4.11112063660576,2
854,46,3.2515333103318667,3
854,62,3.6382731854375914,3
854,168,3.2173811756737987,4
854,281,3.32381915901443,3
854,1043,3.0,3
854,1343,3.4061066741462933,3
854,1358,3.4819153652928163,4
854,1377,3.0651355177237645,3
854,1466,3.2816988717957862,3
854,1794,3.0,2
854,2491,3.0,2
854,2492,3.0,3
854,2791,3.325136174379463,4
854,3505,3.4552900722282716,4
854,3524,3.5231646020708807,3
854,3614,3.2300617423507734,2
855,407,3.0000000000000004,3
855,440,3.697509427735366,4
855,515,3.8218536748749212,3
855,527,3.7815966455906698,4
855,745,4.416584470044865,5
855,851,3.0,3
855,1648,3.0,4
855,1663,3.6218695699011563,3
855,1982,3.082160570337473,4
855,2296,3.0,2
855,2451,2.795223391112432,3
855,2786,2.487499547068617,2
855,3072,3.7923352505856722,3
855,3145,3.0,4
855,3176,3.6369647307259703,4
855,3409,4.0,3
855,3471,3.7019695329935995,3
855,3481,3.9002852662661276,4
855,3528,3.322597598179075,3
856,2346,3.0,2
857,527,4.0893174731007225,3
857,1304,4.135827424423131,5
857,2018,4.471327616687101,4
858,260,4.31741278164662,5
858,480,4.25515288979178,4
858,1234,4.302277536794793,5
858,1909,4.160032121964619,4
859,724,3.72853320650977,3
859,1214,3.7708808703138486,5
859,1748,3.5068869862273306,4
859,1970,3.2324564711251407,4
859,2012,3.573560702484093,4
860,3943,3.0,1
862,2064,4.0416258567672,4
862,2351,3.0,4
862,3359,4.054733661986338,4
862,3410,3.0,3
862,3951,3.0,5
863,307,3.0,4
863,858,4.306492120152903,5
863,1221,4.2992330739210205,5
864,969,4.3033017003111445,4
864,3535,3.4697513466069614,5
865,110,3.5026042478201416,3
867,524,3.0,3
867,2628,3.9583471309739826,3
868,480,3.618339019495964,3
868,1333,3.458436946393059,4
868,1994,3.657025221142028,4
868,2648,3.2556502788986994,3
869,551,4.268506990292625,4
869,608,4.124209328969459,3
869,673,4.191335038122503,3
869,830,3.6533771865549567,1
869,904,3.9581138221876953,4
869,1345,3.685185171383191,3
869,1405,3.999134028171841,4
869,1513,3.868216122948837,2
869,1608,3.9916881472323493,2
869,1623,3.0,1
869,1884,4.153043645105366,1
869,1992,2.744266582153244,2
869,2060,4.2829302377532645,4
869,2447,3.8859167330588056,5
869,3386,4.148382672266818,5
869,3396,4.15026236802298,4
869,3421,4.017305617126701,4
869,3752,3.909288087889627,4
869,3882,4.493515788938759,4
869,3896,4.0,4
871,2574,3.0,4
872,780,3.656203173800645,4
872,903,4.096609074582639,4
872,965,3.0,4
872,3893,3.8446021138893776,3
873,963,3.0,3
873,1250,3.9812120366049415,5
873,3076,3.0,3
873,3446,3.0,3
875,3536,4.066112809979097,2
876,457,3.9010356029029274,4
876,3578,3.9485045737441444,5
877,185,3.4528470249795653,3
877,377,3.6351050426978415,5
877,565,3.0,4
877,1200,3.7668884781261607,5
877,1210,3.722694609259338,4
877,1215,3.846840950498695,4
877,1721,3.791031394097411,5
877,1894,3.3111622455477407,3
877,2423,3.3723307025317135,5
877,3101,3.9406185078622245,3
877,3358,3.900851193643112,4
877,3555,4.380286823888758,4
878,3409,3.0,3
879,1304,4.260222860907262,5
879,3384,3.0,4
880,198,3.449806210546418,3
880,724,3.756941673478759,2
880,1603,3.2185795501884633,3
880,1690,3.315382075298491,3
881,50,3.5185346431987163,5
881,150,3.371299757050852,3
881,230,3.3258241476045325,3
881,432,2.946617131284904,2
881,491,3.416557626562941,2
881,517,3.0468594507384785,3
881,741,3.7286504637475266,4
881,1059,3.68775369533589,4
881,1301,4.091056414098749,4
881,1408,3.411005323405452,5
881,1599,3.0,1
881,1730,3.0,2
881,1747,3.3579741697193177,3
881,2571,3.377350796901208,4
881,2902,3.667705719451975,1
881,2968,3.747867079697921,5
881,2976,4.322739510062245,2
881,3020,3.2452004892847377,5
881,3258,3.3505278136170653,2
881,3467,4.197058527092694,2
882,741,5.0,4
882,1270,3.965704034799771,5
882,1591,3.4502755796373235,4
882,2918,4.284881291999544,4
884,1333,4.742663412041577,5
884,2081,4.706288266591578,5
884,3623,4.716544924781317,5
885,185,4.06006867230601,4
885,329,4.056157670774295,4
885,1374,4.113311284036569,5
887,457,3.5162172145894766,3
887,513,3.0,2
887,1188,3.658123523087135,3
887,2871,3.86581726745502,3
887,3255,3.32799510174658,4
888,260,3.771829680039009,3
888,1688,4.1774727861698135,4
889,59,3.0,2
889,168,2.419737721079842,3
889,543,3.087329392880738,1
889,742,2.7793261678625845,3
889,829,3.0,2
889,866,3.3562558672565865,4
889,897,2.0,2
889,994,3.3804798061370724,4
889,1053,3.0,2
889,1105,2.639331270944292,2
889,1185,3.4030193373854463,5
889,1279,3.0,1
889,1378,3.146968840749781,3
889,1489,2.0,1
889,1625,3.110605567723961,4
889,2462,2.658479447909414,2
889,2542,3.3106124491891693,2
889,2668,2.444950142217606,2
889,2715,3.0,1
889,2818,1.867898386622974,2
889,2894,3.0,1
889,2959,3.2163077859172797,4
889,3435,4.222262970286652,5
889,3538,3.0,2
889,3584,3.0,3
889,3854,3.0,2
889,3865,3.0,2
889,3910,4.0,4
889,3925,3.0,3
890,586,4.294722273247526,5
890,1387,4.267003069140533,5
890,1591,4.411450892212206,4
890,1681,4.0,3
891,866,4.2425954507085155,5
891,1050,3.0,5
891,1535,3.0,3
891,2126,3.350882356421164,2
891,2394,4.337220261725714,3
893,1261,4.0,3
893,3901,3.0,4
893,3948,3.4032361185163085,3
894,1396,4.743152149862409,4
894,1647,4.0,3
894,3535,3.0,3
894,3865,3.0,5
896,2428,3.0,3
897,22,3.6421925052179596,3
897,1653,3.8645272968751154,2
899,550,3.0,3
899,1197,3.831456099841364,3
901,3594,3.0,3
901,3911,3.692518076213843,2
902,2722,4.0,4
902,3606,3.0,5
903,1250,3.9120270579384226,4
903,2206,3.9798337154608165,4
903,2475,3.0,4
904,110,3.6649901309346244,3
904,111,3.5246472842163694,3
904,786,3.8048936031176335,3
904,1129,3.814174023901348,4
904,1288,2.8694247283528647,4
904,1997,3.121001947596752,5
904,2167,3.777204482652543,3
904,3256,3.2072218395592462,2
904,3363,3.600097929204055,4
904,3505,3.7008771537542278,4
905,232,3.5194561581907955,5
905,338,2.0,3
905,1253,3.6955193869199734,5
906,15,3.0,1
907,260,4.08283397696315,4
908,920,4.1122712606061205,5
910,3178,3.4135711288575274,4
910,3448,3.7411681390531277,4
911,362,3.0,3
911,474,3.9751229475425855,4
911,539,3.957025903720741,4
911,1082,4.0,4
911,1292,4.1031831527587315,3
911,2615,3.6642136794753197,3
911,3028,3.0,5
911,3044,3.904200240698934,5
911,3072,4.0120207443263975,5
911,3476,3.9305440223823425,4
911,3610,4.0,3
912,2289,3.8963886939520966,4
913,2403,3.3907677933746694,4
914,923,4.214959095494006,5
915,3160,1.9473078319542239,3
918,1393,3.111768691129874,1
918,1544,3.128240270226046,2
918,3157,3.0,4
919,273,4.0,4
919,568,3.0,5
919,1259,4.08638748551298,4
919,1554,3.0,4
919,2003,3.912328724057276,3
919,2024,3.0,3
919,2202,4.0,4
919,2370,3.0,4
919,2454,4.025201201007554,3
919,2942,3.3925375216447327,2
919,3361,4.001706966184958,3
920,44,4.072673059667131,2
920,1779,3.8767802043523765,2
920,2542,3.843472440641092,5
920,2617,3.6144943202533986,3
920,2672,2.9986038155828894,2
921,110,3.9018178195169244,5
921,648,3.907027899067907,4
921,1015,3.0,4
921,1394,3.797706403153703,4
921,3060,3.9180378403225635,4
922,153,3.4103255591006842,3
922,296,3.990048846104245,3
922,329,3.377087281189162,4
922,733,3.6454853759588377,5
922,1376,3.55096336654876,3
922,1653,3.8239075302222543,3
922,1779,3.123099551039698,1
922,1801,3.0010774746587736,4
922,2948,4.284021880389365,3
922,3438,3.2069608916651653,3
922,3798,3.020043867624118,2
924,1517,4.104602964972038,3
924,2571,4.128506235763601,4
925,1359,3.0202516318578394,3
925,2355,3.1568142776196906,3
926,1,4.355950067575174,5
926,1032,4.221417684569675,3
926,1722,4.424594475661045,4
927,3,3.9683937083609075,3
927,69,3.674418159626868,2
927,342,3.8199261580037907,1
927,1167,3.0,3
927,1390,3.0,4
927,1550,3.0,3
927,2359,4.041877967526031,3
927,2858,3.6272140828631287,4
928,373,3.0,5
928,931,3.0,5
928,1104,4.740873567809463,4
928,1230,4.631454014393431,4
928,1247,4.575048130487894,4
928,1250,4.622841704498095,5
928,1267,4.664204702795299,4
928,2912,4.825713051758104,3
928,3072,4.151358910431605,5
928,3863,4.337673626891934,3
929,521,3.0,4
929,2944,4.18830291683088,5
929,3256,3.5191229641406356,4
931,39,3.8821765143298257,3
931,1617,4.057670842071147,3
931,2080,4.085201973423317,5
931,3251,4.0,3
932,2357,3.0,5
933,529,4.165302520736211,5
934,272,3.507383717435215,3
934,1747,3.522089321980405,4
934,2699,3.035222647339431,5
934,3089,4.267665858266739,4
934,3879,3.0,2
935,50,3.837748352202921,4
935,360,3.0,3
935,908,4.011422944866749,4
935,1270,3.805457274556265,3
935,1427,3.0,3
935,1608,3.6598048636759137,5
935,3359,4.155880040405497,4
935,3552,3.874703750983116,4
936,1835,4.0,3
936,3438,3.5456401735954817,4
936,3499,3.865750874556836,3
936,3793,3.3747988627988112,3
937,1210,4.115030341655417,5
937,1580,4.095078654790959,1
937,1956,4.318831089727869,5
937,2327,3.2110798341632742,4
937,2722,3.3265330995617286,4
937,3052,4.197387492895907,4
937,3429,5.0,5
937,3438,3.8365271828323477,4
937,3710,3.0,3
939,1252,4.131662381948235,4
939,1307,3.839665350852581,4
939,1394,3.9044904144235977,5
939,2455,4.027755833966756,4
939,2866,3.0,4
939,3068,3.835911841837611,3
939,3317,2.6294119556550837,4
940,2541,3.567249775109333,1
940,2770,4.055052395313436,3
940,2827,2.0,2
940,3793,3.685251535681648,4
941,2706,1.9005777117684182,4
942,47,4.23382072510649,5
942,3809,4.492377102772766,4
943,647,4.517032373196693,5
943,3259,4.651089653249788,4
945,1196,3.8382424363290015,4
945,1197,3.8453664012144744,4
945,2724,4.060883166034193,4
945,3360,4.153918427730247,5
945,3684,3.6316068516758255,3
946,919,4.539642355822489,5
946,1251,3.0,5
946,3928,3.0,3
947,1197,2.7503123754944667,5
947,3094,3.0,3
948,1010,4.259570141756767,4
948,1213,3.7945340139322847,3
948,1240,3.7667001651536225,5
948,1748,3.374177577654432,3
948,3175,3.375823819281636,5
948,3343,3.0,3
948,3468,4.161659814192924,4
948,3519,3.768050979948846,4
948,3703,3.9438312025018734,4
948,3923,4.519097237385992,2
949,1580,4.0418593666213205,5
949,1833,3.3680386151780697,3
949,2427,4.109926761248969,3
949,3366,4.460619632437893,5
949,3406,4.0,4
949,3703,4.345235524745416,5
949,3809,4.048433280112318,3
952,223,4.107919443950327,4
952,1883,3.9861417014433256,5
952,2108,4.003443926046241,4
953,303,3.0,3
953,695,3.0,4
953,1266,4.80008656114803,5
953,2427,4.800067014627062,4
953,3503,5.0,4
953,3754,3.0,4
954,1221,3.7630557228224304,4
954,1354,3.808130846781558,5
954,1387,3.7426143914838677,3
954,1393,3.78006365901552,3
954,3751,3.8869394621571836,3
955,266,4.056236099048997,3
955,565,3.0,4
955,648,3.800853660078971,3
955,1095,3.945272903238929,1
955,1210,3.87322962262427,5
955,1735,3.490570223254464,3
955,1845,4.338097078432127,5
955,2071,3.0,4
955,2094,3.1743041288745624,2
955,2791,3.5581585453612226,4
955,3476,3.993650684539061,3
956,588,4.0954845755139235,3
956,2028,4.16946713940077,4
956,2599,4.207252569940558,3
956,3703,4.13662311731288,3
957,858,4.666721593763445,5
957,950,4.722427560275479,5
957,994,4.544271863074997,4
957,1012,5.0,4
957,1213,4.580292305115686,5
957,1294,4.728924104849935,5
957,1682,4.464223962501123,5
957,3105,4.507441759060366,4
957,3285,3.0,5
957,3910,4.0,4
957,3911,4.418096669018022,4
958,1276,4.292889592556401,4
959,266,4.269541608549578,3
959,1094,3.748897399192437,1
960,296,4.205136907444466,5
960,497,4.259066469519547,3
960,1077,4.515248551269374,4
960,1092,4.386225353177251,1
960,1206,4.456806795353033,5
961,3510,4.1332680953956595,4
962,733,4.183180836312654,3
963,517,3.1034295148802857,3
963,1080,3.837232239001454,4
963,1092,3.5596229548868825,3
963,1147,4.0,4
963,1372,3.603485527665769,4
963,1405,3.119329861675133,1
963,2529,3.6685422416532845,5
963,3450,3.4249575887008636,1
964,1270,3.842451644660331,3
965,527,4.123269175489266,5
965,904,4.425789374901532,5
965,1357,3.791884427369097,3
966,36,4.05797518407704,3
966,1233,4.389192563523548,5
966,2357,3.0,4
966,2711,3.0,1
967,45,4.0934505800939345,3
967,2836,3.0,3
967,3897,4.206780370362845,5
968,1617,4.5460406961770214,5
968,3948,4.37065625178241,2
970,10,3.5820986526848024,4
970,168,3.6940644765983137,4
970,457,3.691078648073464,4
970,543,3.8353572624673817,2
970,550,3.0,2
970,1798,3.0,3
970,1805,3.6296265508203467,4
970,1960,3.9145024457829605,3
970,2427,3.8439537879392165,3
970,2561,3.0367078874825864,3
970,2707,3.4199844333769227,4
970,3802,2.187426935563289,1
971,778,3.951703198596246,5
971,1196,3.638609538084002,5
971,3696,3.0,3
971,3927,3.0,4
972,3510,3.822118270381765,4
973,1059,3.331838000914106,2
973,2690,4.0,4
973,3253,3.2873150543436496,3
975,599,3.6431505949587932,3
975,1259,3.4044612813328223,3
975,1266,3.525584148587076,3
975,3104,3.571357342302453,4
975,3452,3.0,4
975,3578,3.444996203915729,4
975,3700,1.0,3
977,1208,4.085880714097243,4
977,1282,4.158711573865119,3
977,2600,2.0,3
977,2918,3.7559936909164358,4
977,3072,3.716809991782607,5
979,1242,4.219987871510047,5
979,2170,3.0,4
980,480,3.3556180581802706,2
980,2966,3.0,5
980,3178,4.010180693601671,4
981,1078,3.869149799895415,4
981,1090,3.4114366349561376,4
981,1095,3.682477759440585,4
981,1682,3.368260164904531,4
981,2728,3.2975060801631413,3
981,2924,3.0,4
981,3114,3.2459788112547323,4
982,1777,4.601145911583218,4
984,153,3.3450976960564365,3
984,368,3.5130651497020304,3
984,383,3.7564155996016413,2
984,694,3.2885494623581857,3
984,916,4.139490488492695,5
984,940,4.0,4
984,1200,3.75903816004673,4
984,1210,3.723043520102372,4
984,1269,4.181458942593848,4
984,1299,4.102384738736225,4
984,1488,3.417670368264921,3
984,2240,3.6839641692992293,4
984,2912,3.7150783629958113,4
984,2948,3.5864302582704704,5
984,3068,4.10534781460879,4
984,3101,3.8043258125101267,3
984,3451,3.8331514581002732,4
984,3545,4.225958665426793,5
984,3578,3.6839067978422135,4
984,3591,3.5191850948222756,3
984,3623,3.644435876470831,2
985,2194,4.523403348702204,3
985,2396,4.191038269003128,4
987,1088,3.9547036691606587,3
987,1909,3.992085207952251,5
987,2641,3.8274353021547074,5
987,3094,3.0,5
988,122,3.0,1
988,260,3.95725690332891,4
988,3552,4.024513141334389,5
991,969,3.717983386161782,3
992,3209,3.0,1
993,527,3.467951131169594,3
995,247,4.0,5
996,1094,4.216042658232137,3
996,1203,5.0,5
996,2414,3.958068998976179,4
996,3879,3.0,3
997,2700,4.0,3
998,475,3.9824098774283283,4
998,608,4.090464298916462,4
998,1094,4.136921450432852,4
998,1271,4.257589671743844,5
998,2108,4.131671364422977,4
998,2769,3.0,4
999,288,3.602567091874408,2
999,724,2.996679986919114,2
999,839,5.0,2
999,1027,3.2307450291048956,4
999,1242,3.7084201890692134,4
999,1552,3.5528338766823024,3
999,1676,3.002041083078979,2
999,1693,3.0,2
999,1834,3.5038014812433236,3
999,1917,3.5252627513931416,4
999,2875,3.6444554746087423,4
999,2947,3.6131392529024895,3
999,3147,3.772734861933066,5
999,3197,3.279049325789715,4
1000,2353,4.29693314151442,4
1001,720,3.0,4
1001,2545,3.0,4
1001,2908,4.203462356632647,5
1001,3051,3.0,2
1001,3079,3.0,5
1001,3717,3.5153256873881547,2
1001,3751,3.9115297866348717,4
1001,3852,4.0,4
1002,480,4.2680205950426835,3
1002,2858,4.40807958675299,5
1004,780,3.431397763229979,4
1004,1380,3.449924306272283,3
1004,2002,3.3495904456806787,4
1004,2163,3.0,4
1004,2422,2.9036986992903744,2
1004,3526,3.5460590763422655,4
1005,708,3.4186645731622614,4
1005,1197,4.453053199563358,5
1005,2394,4.0,3
1005,3613,3.0,5
1006,3793,3.2761448375821183,4
1008,1,4.14277986450023,4
1008,3868,4.157463123431231,4
1009,2846,3.0,3
1009,3298,4.0,5
1009,3911,4.834844973060972,5
1010,57,3.0,3
1010,239,1.366593484675171,1
1010,377,2.713751609205927,2
1010,405,2.1120090404374077,1
1010,428,3.171960975481705,4
1010,471,3.103358550604546,4
1010,479,1.6544306309325258,2
1010,798,1.811742802645341,1
1010,1061,3.0611041566080717,3
1010,1395,3.2508616081931034,2
1010,1476,2.9169976936605666,4
1010,1497,1.2597293578224829,1
1010,1876,2.5372267049831208,2
1010,2144,2.9771743331458285,1
1010,2153,1.4704763484269805,1
1010,2196,1.0,1
1010,2263,3.0,3
1010,2328,1.6545815109201658,1
1010,2409,2.614869864227696,2
1010,2528,3.0393251966156694,4
1010,2572,3.394035072451346,3
1010,2701,2.575641374857867,1
1010,3308,2.8214489400486746,2
1011,1210,4.080675061080794,4
1011,3916,3.964413297690802,4
1012,1088,3.2372432756407896,5
1013,2390,3.0,5
1014,2565,2.4764142315363284,3
1015,26,3.0,3
1015,29,4.44667623437602,5
1015,233,3.0,5
1015,247,4.573718358769787,5
1015,272,4.57264141879495,5
1015,288,3.907693272351058,1
1015,327,3.127128704617646,2
1015,708,3.9030059814276927,4
1015,736,3.7289102310847,4
1015,750,4.3574446103274,5
1015,851,3.0,3
1015,879,3.0961601763688185,3
1015,911,4.439455060309512,5
1015,920,4.505634965426565,4
1015,1060,4.086983254008454,4
1015,1183,4.273824309042554,4
1015,1298,3.909115683728969,4
1015,1327,3.232192361902432,3
1015,1614,3.6725726710187856,4
1015,1875,3.0,4
1015,1885,4.342421961574464,5
1015,2026,3.185235419597374,3
1015,2208,4.42357783442711,4
1015,2283,3.0,2
1015,2302,3.992178135307592,4
1015,2337,3.0,3
1015,2391,4.273435297651689,4
1015,2467,3.6784300511298356,3
1015,2724,3.9748450540079956,3
1015,2725,3.0,3
1015,2730,3.0,2
1015,2779,4.035036506768728,4
1015,2918,4.021758028075489,4
1015,2973,4.574798778213189,3
1015,3040,3.925162507240677,4
1015,3249,3.579817884549213,4
1015,3274,3.3989931181970006,4
1015,3418,4.161524512715738,5
1015,3471,4.146169551837791,5
1015,3548,4.335496411776481,5
1015,3660,3.313250224771291,3
1015,3910,4.3975359552593405,5
1016,357,3.8403894098457063,4
1016,2682,3.0,4
1016,3260,3.785462133665767,4
1016,3952,5.0,4
1017,196,3.555689376056764,3
1017,253,3.693915379557359,1
1017,899,3.8551865794275444,3
1017,1335,3.0,1
1017,1348,5.000000000000001,5
1017,1909,3.666395038294715,2
1017,1980,2.901715939884141,2
1017,2019,3.7202585014460903,5
1017,2291,3.7133667638660506,4
1017,2550,4.6001257672781914,5
1017,2633,4.5926498024006515,5
1017,2636,3.0,3
1017,2645,4.595028941502182,4
1017,2706,3.4729647497333107,3
1017,3026,1.0,2
1017,3246,3.685610395237189,4
1017,3255,3.546966012746612,4
1017,3300,3.542201783166342,3
1017,3572,3.0,2
1017,3832,3.0,4
1018,480,4.3369243297602615,4
1018,1127,4.0046664211469185,5
1018,1221,4.326284108386598,5
1018,1569,4.647812751023922,3
1018,1954,4.299850143615908,5
1018,2728,5.0,5
1018,2949,4.2035605292029965,4
1019,22,2.549884521875927,1
1019,714,3.0,4
1019,936,3.0,4
1019,1077,4.075865037946359,4
1019,1214,3.1789697110387016,4
1019,1249,3.8100728622125097,4
1019,1272,3.6147539389788292,3
1019,1298,2.760344329976147,3
1019,1302,3.062854954594892,1
1019,1375,2.8483597471032875,3
1019,1380,2.7622577033036047,1
1019,1810,2.863766143087329,2
1019,1954,3.2243946225356463,3
1019,1959,3.007024058112806,4
1019,2877,3.0,3
1019,2946,3.883371157955712,4
1019,2988,3.9106356836388714,4
1019,3093,4.179074257395531,5
1019,3101,3.1360180755584,4
1019,3361,3.3817892740911617,1
1019,3446,3.0,1
1019,3467,4.014276930783127,4
1019,3819,3.0,2
1020,2313,4.321423906071124,4
1021,922,4.935655278276322,4
1021,1230,4.91458196013192,4
1021,1964,4.949985599644475,5
1021,3683,4.885847896157965,5
1022,24,2.5983402632977155,3
1022,2028,3.6415702178684803,4
1022,2607,3.0,5
1022,3404,3.0,4
1022,3528,4.520550925379073,3
1023,903,4.248102478886127,4
1024,1188,4.1605092536619495,3
1025,2858,4.135617509971617,5
1025,3717,4.0,5
1027,1228,4.410683520921625,5
1028,2920,3.0,4
1028,3363,4.552979289810424,4
1029,1031,3.707426659185198,5
1029,2144,3.1814951865343404,3
1030,153,3.608617766682793,4
1030,552,3.5896089901439736,4
1030,1240,3.858958378327851,5
1030,2376,3.7547582281813767,3
1031,10,4.11330675282057,4
1031,1200,4.164307536146751,5
1031,2002,4.116128881832702,4
1031,2991,4.106646216049346,4
1031,3519,4.111376033074359,4
1032,529,4.030639043160213,4
1032,1748,4.277043201591672,5
1032,2987,4.110980537679021,4
1033,996,3.3563859970697782,3
1033,1200,3.670773334900677,4
1033,1995,2.704287635032819,1
1033,2100,3.6405885395852873,2
1033,2717,3.472481903845968,3
1033,3326,3.0,5
1034,1959,3.8027526776601497,5
1034,2346,3.018861820169014,3
1034,3147,3.354605099854174,4
1034,3196,4.2767250313401615,4
1034,3492,3.0,4
1034,3591,3.6209595807064097,4
1034,3675,4.240926527193609,4
1035,110,4.145639554987067,4
1035,431,5.0,3
1035,2114,4.682567639687811,5
1035,3098,4.489545744588449,3
1037,2412,3.0,4
1038,971,3.7428501578179008,3
1038,1103,4.347655065268037,4
1038,2763,4.546753776126314,4
1038,3179,3.0,3
1039,2710,2.910382083421145,5
1040,296,4.41518924786216,5
1040,919,4.483566006218962,5
1040,1073,4.3665676334982475,5
1040,1954,4.350888022159737,4
1040,2581,4.09039464992374,4
1040,2628,4.226208921144429,4
1040,2694,3.859603328703736,4
1040,2985,4.148651756935965,4
1040,3098,4.431756542827886,4
1041,858,4.4523745712074305,5
1041,1202,3.0,3
1041,1533,3.0,4
1041,2683,3.4073380590399567,3
1041,3194,3.0,3
1043,6,3.5605653840291063,4
1043,1961,3.679999974707663,4
1044,1224,3.9973830705723943,5
1044,1965,3.9645480226716683,4
1044,3526,3.7457513279040153,4
1044,3550,4.0,3
1047,2985,3.6477774145354167,4
1047,3511,3.0,5
1048,36,4.157464400686245,3
1049,1527,3.638797863165693,3
1050,153,2.9776647586372764,3
1050,329,2.946409156198969,2
1050,337,3.6223136071967974,3
1050,356,3.266418938406131,5
1050,432,2.6949768128672646,2
1050,480,3.197594238692232,4
1050,508,3.529035589396913,4
1050,515,3.590328999672899,3
1050,1566,3.0104585003457838,4
1050,1594,3.5402509518183463,3
1050,1869,3.0,2
1050,2108,3.5160418223415895,3
1050,2683,3.2296531567986895,4
1050,2701,2.9137111278273,2
1051,160,3.552470488033319,2
1051,481,4.375990836708508,4
1051,500,3.9416638773502717,4
1051,589,4.088392040868958,4
1051,705,3.0,1
1051,778,4.4415793056107695,4
1051,1199,4.077214977985359,1
1051,1277,3.0,4
1051,1297,3.9918607595646507,4
1051,1550,3.0,4
1051,1597,3.922306504055431,2
1051,1722,3.9961262818977867,4
1051,2080,4.1744516058085575,5
1051,2302,4.10709205925758,4
1051,2606,1.0,1
1051,3113,3.1396296260096537,2
1051,3159,3.0,5
1051,3436,3.0,3
1051,3515,3.0,5
1051,3552,3.9748860521820917,3
1051,3624,4.547926048045933,3
1052,916,4.748691812275934,5
1052,920,4.555192984277784,5
1053,480,3.743199371666902,3
1053,911,4.005034200324224,4
1053,1214,3.990419120475138,4
1053,1304,4.096206015404573,5
1053,1372,3.91359281006855,4
1053,1601,3.0,3
1053,2336,3.454127236293605,3
1053,2583,3.0,3
1053,2975,3.0,3
1054,648,4.502400513889826,5
1054,2006,4.56345304280224,4
1054,2616,3.6017594552805017,4
1054,3793,4.114430041859354,5
1055,898,3.5779606181669696,4
1056,1407,3.616934608206477,1
1057,2105,3.670562390140078,3
1057,3030,3.0,5
1057,3317,2.986966549264825,5
1057,3671,3.9808122588148476,3
1058,1304,4.1047309732274195,4
1058,1396,3.9476103091570605,4
1058,1779,3.574281171135024,3
1058,2019,4.2351720699296616,5
1058,2353,3.8212644121936625,4
1058,2599,4.195825664340569,5
1058,2628,3.9150161089487456,4
1058,2672,4.0,4
1058,2692,4.344455531327631,4
1058,2734,3.9989647035578217,4
1058,3565,4.492779258433084,4
1059,296,3.2493641205843486,5
1059,543,2.755770505590149,3
1059,588,2.8603446981005205,1
1059,1237,3.4108564904902594,3
1059,1387,3.1242699811546406,4
1059,2076,3.389477648365911,4
1059,2114,2.9401505017611176,3
1059,2504,3.0,1
1059,3178,2.6684763128521367,4
1059,3421,3.094511652900705,4
1059,3428,3.0,3
1060,2012,3.4780378211435314,3
1061,2107,3.0,3
1061,3926,3.0,3
1062,1247,4.606562289680839,5
1062,1957,4.490729905830088,4
1062,3424,4.501378986141564,5
1062,3629,5.000000000000001,5
1062,3871,4.501665872411048,4
1063,444,3.0,3
1063,1206,4.51706661875921,5
1063,2498,3.0,2
1064,2268,3.849700147767357,5
1064,3316,3.0,4
1065,597,3.639076425925419,3
1065,1393,3.785738546413862,3
1065,1673,3.9984216226130664,4
1065,1909,4.364156346385875,2
1065,2396,3.9541424410385493,4
1066,3510,3.563864933837195,4
1067,1188,4.324965605301707,3
1067,1252,4.1888826377845705,4
1067,2692,4.302350849786232,5
1067,3175,4.0021535205186485,3
1067,3471,4.002012402222916,4
1067,3926,3.0,3
1068,45,4.152272651800296,3
1068,141,3.911348557611053,3
1068,377,3.954910697422232,4
1068,1208,4.255144669860745,5
1068,1331,3.0,5
1068,1513,3.801582142012426,4
1068,1811,3.0,4
1068,2001,3.9278997389699715,3
1068,2026,3.1468261439555585,2
1068,2096,3.890490803924036,5
1068,2145,3.8754664971447395,5
1068,2396,4.180631180064081,5
1068,2463,3.8116191777394026,3
1068,2606,3.0,2
1068,3270,3.0,5
1068,3612,3.0,5
1069,16,3.440809411795603,4
1069,205,3.0,5
1069,259,1.0,2
1069,526,3.0,1
1069,608,3.4336481054461023,5
1069,685,3.0,2
1069,715,3.0,1
1069,984,3.0,1
1069,1233,3.403139712472929,5
1069,1522,3.0,3
1069,1664,2.0,5
1069,1872,3.0,1
1069,2428,2.7918138474314165,2
1069,3175,3.2652110029359087,3
1069,3181,3.0,2
1069,3386,3.3868245517577553,3
1070,3489,4.0,3
1071,247,4.999999999999999,5
1071,761,3.0,5
1071,1049,4.552329091001299,5
1071,2291,4.776687863839667,5
1071,2469,4.781963037903333,5
1072,2289,4.199705608680683,5
1072,2908,4.305490320676445,5
1073,3097,5.0,5
1074,367,3.513920471792383,4
1074,1262,3.6376554511529617,5
1074,1304,3.5737305352038966,4
1074,3308,3.764630471846435,4
1074,3469,4.022095523580407,4
1077,17,4.00584174355338,3
1077,509,3.972162423557139,5
1077,720,3.0,3
1077,1288,3.854124312226081,5
1077,2176,4.655344295374037,5
1078,17,4.234437946220472,5
1078,412,4.0,4
1078,1417,3.0,4
1079,230,3.8702321119572938,3
1079,373,4.0,4
1079,1580,3.813591397176994,4
1079,2058,3.7580177827384427,2
1079,3512,3.0,3
1080,1327,3.0,3
1080,1580,4.212596329690419,5
1080,3826,3.0,3
1081,69,4.0,1
1081,1732,4.543889163472916,5
1082,509,4.59416457278293,4
1084,1387,3.341575013417919,5
1084,1753,3.0,4
1084,1804,3.0,3
1084,2027,3.0,1
1086,861,3.8457211717311117,4
1086,1036,4.080074756470153,4
1086,1246,4.224660926455629,4
1086,1266,4.230261207809618,4
1086,2329,4.330706584811038,5
1086,2571,4.0926796973174815,5
1086,2926,3.6528153776457963,2
1086,3160,3.82047698993965,4
1086,3552,4.143117101077825,5
1086,3753,4.221881589554089,4
1087,541,3.7371833492101536,5
1087,1073,4.0002323017479435,5
1087,1222,3.9861077225606576,4
1087,1267,4.686842952501897,4
1087,1949,3.0,4
1087,2116,3.796705564061748,4
1087,2146,3.794252258797913,2
1087,2174,3.721200185510866,4
1087,2355,3.9067721869168253,5
1087,2583,3.0,4
1087,2806,3.0,1
1087,2872,3.7991789605137796,3
1087,3018,4.064152168847834,1
1087,3686,2.8977466776893026,2
1087,3751,4.241609043713698,3
1088,125,3.584562118515632,3
1088,260,3.8792760756161098,5
1088,362,3.0,3
1088,415,3.0,3
1088,500,3.5124304776998914,3
1088,586,3.2948570061051337,3
1088,802,3.515984326459572,4
1088,832,3.6620823788815553,3
1088,904,3.914943509262403,5
1088,910,4.332051705437158,4
1088,952,4.085436985481411,2
1088,1041,3.873763374379592,4
1088,1196,3.8289935308262333,5
1088,1203,4.057186683248702,5
1088,1234,4.0923998059811035,5
1088,1264,3.0,4
1088,1641,3.9469523626447756,4
1088,1644,3.1395878940760573,3
1088,2026,2.560293846534094,3
1088,2186,4.3523061888585195,5
1088,2351,3.0,1
1088,2660,3.6437834470319084,4
1088,2688,3.4963405929098386,1
1088,2944,4.027595173697238,4
1088,2949,3.9638708363296797,5
1088,3034,3.4785377246316793,4
1088,3181,3.0,4
1088,3185,3.0,3
1088,3545,4.291369293967526,2
1088,3554,3.0,4
1088,3594,3.0,3
1088,3702,3.880039237460223,4
1093,6,3.5370268527908406,4
1093,1200,3.409080230704699,3
1093,1240,3.423869355555371,3
1094,222,4.3351669495050285,4
1094,1036,3.819571024262098,3
1094,1090,3.9023842183957544,4
1094,2385,3.0,3
1094,2617,3.3047791421614154,3
1094,3864,3.0,2
1095,151,4.608242341509819,4
1096,849,2.6743916606955973,1
1096,1517,3.0197489131016555,5
1096,1562,2.8577826313060366,1
1096,1599,3.0,1
1096,1615,3.0,4
1096,1909,3.6163627483709324,4
1096,2835,3.0,3
1096,3489,2.8763828865987344,4
1097,223,3.757320622354588,5
1097,380,3.720153757261098,3
1097,608,3.804028671910772,4
1097,3418,3.7837171307008313,3
1098,1387,4.370396230907182,5
1098,3421,4.543005829712351,5
1098,3453,3.0,5
1099,502,1.0,1
1099,1357,4.069364350952202,4
1100,818,1.2474560108246844,2
1100,852,2.057048478710168,3
1100,1285,2.767025506336764,4
1100,2796,1.7864069672954443,2
1100,3773,3.0,2
1101,246,4.2730318702440915,4
1101,1285,3.890739726305129,4
1101,1307,3.5976321071746167,3
1101,1356,3.3114287683563526,4
1101,1376,3.331649259413623,4
1101,1580,3.5441280830302553,4
1101,1644,2.9602763745167566,3
1101,1645,3.4735899300072894,4
1101,1862,2.631145991518803,3
1101,1876,3.1904705583845874,2
1101,1958,3.4412397520055134,2
1101,2530,3.237499677864628,2
1101,2541,3.6594618066249494,4
1101,2642,3.036566368996036,1
1101,2648,4.526870300779501,4
1101,2819,4.170563355388317,4
1101,2877,4.0,4
1101,3593,1.0,1
1102,3107,1.0,1
1103,222,3.9915386771707118,4
1103,356,3.672898319294072,3
1103,708,3.4238795681695655,4
1103,1179,3.7992116729375276,4
1104,915,3.0,2
1104,1704,4.296514099443108,3
1104,3952,2.0,4
1105,2598,2.991082234195327,3
1106,110,4.10476325345587,5
1106,1127,3.8892875659955153,5
1106,1200,3.8972798151611614,5
1106,2011,3.8659916382150805,5
1106,2657,3.9975751386821914,3
1107,1747,4.235131200637977,4
1109,32,3.455274844890014,4
1109,552,2.713947184959785,1
1109,648,3.2089141197034587,3
1109,903,4.045290037553389,4
1109,1198,3.510849922037953,4
1109,1655,1.7590077242519584,2
1109,2324,4.18907012545505,3
1109,2628,3.2210577740759407,3
1109,2747,4.0,3
1111,1014,3.0,5
1112,6,4.061047833000227,5
1112,368,3.695015479885369,4
1112,1073,4.094578942881555,4
1112,1240,3.9617770795308895,5
1112,1321,3.904504886974655,3
1112,1566,4.429174614566286,4
1112,1676,3.5211152729330832,3
1112,1866,3.0,1
1112,2617,3.3779563857390573,3
1112,2628,3.6449078793651113,4
1112,2798,1.5357213605153779,2
1112,3033,3.361630429149439,4
1112,3101,4.352558003391959,4
1112,3452,4.012936728101531,4
1112,3759,3.0,3
1113,592,4.236247869563795,4
1113,750,4.4615348071096586,5
1113,1254,4.433434338386109,5
1113,1918,4.022779190875672,2
1113,2161,4.2464310777322645,4
1113,2280,3.0,4
1113,2762,4.13709460880014,4
1113,2812,3.0,4
1113,3006,4.333211649240011,5
1113,3022,3.0,4
1113,3510,4.289027229823879,4
1114,455,3.0,3
1114,2392,3.0,1
1115,3889,3.0,3
1115,3917,3.0,5
1116,1066,3.0,4
1116,1288,4.031477754830568,5
1116,2973,4.326677978953591,5
1117,198,3.832250252891256,4
1117,289,3.777754268064091,3
1117,374,2.8611479031034683,1
1117,597,3.9370125880948397,4
1117,1207,4.479112128878247,5
1117,1661,3.0,1
1117,1699,3.0,3
1117,2112,4.322881364032613,4
1117,2470,4.064807192513275,4
1117,2706,4.167048743053957,3
1117,3263,3.945048780662547,3
1117,3361,4.340584056994969,4
1117,3763,4.135739427840613,4
1117,3844,4.0,4
1118,110,3.6314791514706988,5
1118,3513,3.0,4
1119,527,4.2030924096183675,4
1119,1136,4.120927762146995,5
1119,1320,3.8318482531559726,2
1119,1373,3.8993175617010216,3
1119,1376,3.990421582911577,5
1119,2013,4.1408570103968145,4
1119,2140,3.744986140163043,4
1119,2501,4.24481298893154,4
1119,3135,4.1509386072018195,5
1119,3153,4.419167623538107,5
1119,3623,4.1386659445261875,4
1119,3698,3.72587704789891,3
1120,24,3.7511913244539237,3
1120,252,4.142015734165332,5
1120,610,3.561472638235882,3
1120,1017,4.238778753892509,4
1120,1018,3.8171402072357874,4
1120,1196,4.005935453920287,4
1120,1259,4.103266400284118,4
1120,1416,3.0,5
1120,1591,3.177820268978538,3
1120,2294,3.906020050901571,4
1120,2300,4.6253951973280865,5
1120,2422,3.19007726632391,1
1120,2431,3.758684019020533,3
1120,2985,3.8559763357631525,2
1120,3088,4.777765703153789,5
1120,3189,3.0,4
1120,3429,4.4759403647421605,5
1121,163,3.6723536714219214,3
1121,695,3.0,4
1121,934,3.0,4
1121,1188,4.377193189132534,4
1121,1265,3.944850575767808,4
1121,2112,4.065467537126733,4
1121,2302,3.8693264306194153,4
1122,196,3.3535488800957487,4
1122,1077,3.6355163367524357,4
1122,1214,3.209451866153478,5
1122,1376,3.1576756446516807,2
1122,1676,3.1868540622947346,4
1122,1779,3.3065831323283517,3
1122,2553,4.0,3
1124,296,4.054681684902034,5
1124,913,4.515525541968958,5
1124,1189,3.0,2
1124,1243,5.0,4
1124,1287,4.310906612984823,4
1124,1769,2.663906127650724,3
1124,2019,4.536171016933804,5
1124,2529,4.069379307677277,5
1124,2761,4.296900973371184,5
1124,3363,4.252374246817404,5
1124,3507,4.338226295041233,4
1124,3543,4.572997902045412,5
1125,376,3.0670360926063633,3
1125,587,3.5144094840595215,5
1125,3707,3.0,1
1127,2376,3.6095031451909887,3
1127,2421,3.691043179692916,2
1127,2791,3.973602814442218,3
1127,3510,3.49893247822091,2
1127,3752,2.7533196481081346,4
1128,300,3.7609351199107945,3
1128,908,3.9227176265810337,5
1128,1357,3.8583021080039064,4
1128,2150,3.221778070240276,4
1128,2456,1.7777293160084193,2
1128,3504,3.941863315325715,4
1128,3649,3.0,3
1128,3671,3.5046741126795187,4
1130,6,3.8437072880387877,4
1130,10,3.743176598723531,3
1130,1179,4.146125578000509,4
1130,1266,4.007499434006211,4
1130,1276,4.1057356820025745,5
1130,1411,3.803035174762826,5
1130,1673,3.985706266571228,4
1130,1947,4.132113226863165,4
1130,2000,3.9244152871099733,5
1130,2268,3.8760667449011237,5
1130,2396,3.9094955524757093,3
1130,2718,3.0,1
1130,3201,3.9197100653904,4
1131,1617,4.869894084125996,5
1132,173,4.063536625178397,1
1132,1591,4.509764345062979,2
1132,2012,4.541389530981399,3
1132,2808,4.469943838333588,4
1132,3438,4.563660286628729,5
1132,3704,4.633337357647139,5
1132,3763,4.650694046397338,5
1133,42,3.0,3
1133,998,3.0,2
1133,2160,4.7346034414603375,4
1133,3354,3.9508661172205293,4
1134,1240,4.383132599886557,4
1134,1694,4.3081584987987025,5
1134,3681,4.935166435312723,5
1135,1196,4.033541329931724,5
1135,2091,3.0,4
1135,2657,4.142243544391499,5
1135,3895,3.0,4
1136,50,3.4837964771994177,5
1137,240,3.0,2
1137,356,4.049734639348617,3
1137,800,4.129644033186044,4
1137,916,4.3872735681485535,5
1137,942,4.619973869126366,5
1137,1242,4.084864719508049,5
1137,1485,4.064209011366474,3
1137,1610,4.031541525275236,3
1137,2443,3.0,5
1137,2706,3.6191258454705078,4
1137,2734,3.999483293005707,3
1137,3327,3.0,4
1137,3505,4.109505493541688,4
1137,3671,4.128265543068792,4
1137,3827,3.5146535744263887,2
1137,3912,3.0,3
1139,252,3.5628294749853984,3
1139,1788,3.0,5
1139,1883,4.08250286835085,5
1139,3003,3.0,5
1139,3897,4.2654866685984745,5
1140,426,3.0126412746645266,2
1140,1196,3.787222720175755,5
1140,1203,3.7132140566260845,4
1140,1208,3.797957094747209,4
1140,1212,3.9883061303918845,4
1140,1926,3.0,2
1140,1997,4.037954910629279,1
1140,2663,3.881498264646547,4
1141,418,3.0,2
1141,708,3.5374921570189053,1
1141,753,3.0,2
1141,986,3.0,3
1141,1113,3.0,1
1141,1270,3.788311183543127,5
1141,2072,2.6085634104980175,2
1141,2788,4.549714673631237,5
1141,3255,3.538810364181947,3
1142,1,3.929167130034774,4
1142,337,4.241258492771385,4
1142,432,3.29194380678888,3
1142,742,2.6030789218189003,3
1142,1247,4.2327674433202045,5
1142,1265,3.9668869456766545,4
1142,2012,3.8347338476465125,3
1142,2296,3.030589668942557,2
1142,2710,3.2444518059927945,4
1142,3257,3.347747364491833,4
1142,3863,3.157681419106953,3
1144,908,4.026507451576312,5
1145,3504,3.596949120832221,4
1146,132,3.0,1
1146,454,3.1401964480781306,2
1146,532,3.607781100204343,4
1146,589,3.226294612498801,3
1146,903,3.7626636666993316,3
1146,1350,3.6045398749822746,4
1146,1395,3.0,3
1146,1573,3.129378766584703,2
1146,1617,3.4066243222959094,5
1146,1644,2.993871128317639,2
1146,1648,3.0,2
1147,144,2.0,1
1147,669,3.0,3
1147,720,3.0,3
1147,1162,3.0,4
1147,1198,3.6777972246996735,4
1147,1221,3.6281082296872196,5
1147,1224,3.5151630976507313,3
1147,1276,3.713426585084992,5
1147,1631,3.0,4
1147,2858,3.4814426292152456,2
1148,39,3.9940228045928894,4
1149,2712,4.021595433925536,4
1149,2968,3.1881852737152943,3
1149,2987,3.6316125989432324,5
1149,3510,3.9698730906609008,3
1150,159,3.0,3
1150,187,3.0,2
1150,335,3.0,4
1150,346,3.0,3
1150,464,1.8120411716823568,1
1150,661,2.3744836435439503,2
1150,766,3.0,3
1150,919,2.9620984146682203,3
1150,949,3.0,4
1150,1056,3.0,2
1150,1083,3.5028018601667688,3
1150,1095,3.145824271508354,4
1150,1200,2.6985962651484616,2
1150,1204,3.4058216991617143,3
1150,1226,2.671699535521955,3
1150,1300,3.0315236492772164,3
1150,1466,2.6559537442028063,2
1150,1569,2.0855866129773313,1
1150,1965,3.239803439501309,3
1150,2001,2.116099070868434,1
1150,2206,3.4219017947600676,3
1150,2269,1.8008859969854096,2
1150,2889,3.0,1
1150,2976,2.8258799898332234,2
1150,3045,4.0,3
1150,3357,3.0,3
1150,3392,1.6646746866214046,2
1150,3713,3.0,3
1150,3859,3.0,3
1150,3911,2.789256870252338,4
1151,543,4.006450286524718,4
1151,1197,4.11453546661617,5
1151,1215,3.8103447977800653,3
1151,1372,3.5808809137196302,3
1151,1544,3.8235222766764267,2
1151,1584,4.001777010426,4
1151,2858,4.1622438901259,4
1151,3104,4.3202656288549175,4
1152,2530,3.166894930928038,3
1153,2572,3.17173185926607,4
1153,3113,3.0092511237225614,1
1155,2282,3.0,4
1156,597,3.6170960514316737,5
1156,2266,3.4875355365332474,3
1157,141,4.0,5
1157,2407,4.0,4
1158,342,4.112555191596303,2
1158,367,3.8343776311180986,3
1158,2321,2.938529093390234,4
1159,587,3.2508755009548365,1
1159,2091,3.0,1
1159,2985,2.638545084840859,3
1160,1127,3.3870838356097575,2
1160,2369,3.8687306707105225,3
1160,3300,2.49559888336644,4
1160,3751,3.576454510931456,4
1161,951,4.8543895824109455,3
1161,1207,4.720933694175938,5
1161,1673,3.949465664163844,3
1161,1952,4.748702238218493,5
1161,2455,3.815718113281803,5
1161,3730,4.78240299668331,5
1161,3893,3.7951147384139543,4
1162,750,3.7428071618533076,3
1162,1193,3.6851075872211263,4
1162,1394,3.341959366264556,4
1162,1674,3.394595951586296,5
1162,1909,3.2891573190069807,3
1162,3108,3.6278783476054595,4
1163,1855,3.0,2
1164,597,3.6227758459133215,3
1164,778,3.6887749446627898,3
1164,899,4.251834171328967,3
1164,1500,3.7118257497639817,3
1164,1850,3.0,2
1164,1959,4.740005652671688,4
1164,2396,3.7537477457635386,3
1164,2570,2.0,3
1164,3549,4.0,3
1165,2236,3.0,4
1165,2424,3.7359518410512873,2
1165,2519,3.0,3
1165,2747,4.0,3
1166,2291,3.3545951813444117,4
1166,2657,4.0,3
1166,3481,3.722866986051731,4
1167,1271,4.0,4
1167,1455,3.0,3
1167,1704,3.5270810399463883,4
1168,1171,3.753535399371231,4
1168,1682,3.728733208365139,3
1168,2590,3.0,3
1168,3039,3.7705864429991878,4
1168,3108,3.847207907702767,3
1169,500,2.6023902485493386,1
1169,910,2.972773122699576,4
1169,3248,1.5237316227190512,2
1170,924,4.2210056492086725,5
1170,1035,4.282220450377033,3
1170,1078,4.03669902975297,4
1170,1287,4.1926160713979215,4
1171,3483,3.0,4
1171,3948,5.0,5
1172,185,3.0726313737959763,4
1172,270,3.0,4
1172,613,3.0,3
1172,708,4.025217860977797,4
1172,915,4.273031125332211,4
1172,1210,3.912616294255027,2
1172,2028,3.8948097908384254,4
1172,2421,3.7300406847359855,2
1172,2829,3.0,3
1172,2890,3.8311487366693773,4
1172,2996,3.0,4
1172,3450,3.9018292760943103,4
1173,4,4.0,3
1173,736,3.463365149800018,3
1173,762,3.204307256823377,1
1173,1268,4.038760048776753,4
1173,1556,2.7375233307269786,1
1173,2722,2.989106106316363,3
1173,2724,3.1424578964948715,3
1173,3786,3.0,3
1174,1193,4.2558389633266005,4
1174,1249,4.246454765715033,4
1175,46,4.821699928657785,5
1175,351,4.756617412080318,5
1175,1399,3.0,3
1176,590,4.098866875444412,5
1176,1019,4.4998108568373345,4
1176,1103,4.5327336464758,3
1176,1663,4.210531084991322,4
1176,2470,4.151917230311079,5
1176,2949,4.4621005454895,5
1177,34,3.970042052191178,5
1177,356,4.238399375570484,5
1177,590,4.347474984827011,4
1179,589,3.736129000036999,5
1179,2023,3.818750037860754,3
1179,2716,3.441919450486621,3
1179,3090,3.0,5
1179,3361,3.932796898745549,3
1180,3606,3.4781811488873995,4
1181,28,3.0,3
1181,62,2.854702092739243,2
1181,185,3.0499787884794105,2
1181,419,2.0,2
1181,520,2.4828579895407,2
1181,534,2.673324398716908,2
1181,553,3.117755282825901,3
1181,585,2.8152455358454667,3
1181,592,2.99894437429261,3
1181,840,3.0,1
1181,1004,3.4422307557915524,3
1181,1136,3.2079771603230243,4
1181,1204,3.5731209847069465,5
1181,1206,3.2829250384249695,4
1181,1245,3.2659617271140284,2
1181,1264,3.0,3
1181,1288,3.171655317193606,4
1181,1333,3.356780017811996,3
1181,1488,3.2795021830996522,1
1181,1644,2.468222641479135,1
1181,1713,1.8480632600203464,2
1181,1882,2.820610077028981,3
1181,2171,3.0,4
1181,2211,3.0000000000000004,2
1181,2259,2.6195116995376515,2
1181,2476,2.9107744699290223,3
1181,2561,2.0,2
1181,2622,3.0,3
1181,2648,3.6714632454202456,3
1181,2692,3.508943130241255,4
1181,2764,2.498932682120962,3
1181,2989,2.9637273742834904,3
1181,3020,2.995140537937254,4
1181,3052,3.1646740540735703,3
1181,3074,2.9999999999999996,3
1181,3308,2.945945414455101,3
1181,3334,3.589948258657247,3
1181,3496,2.0,2
1181,3577,3.0,1
1181,3755,3.4105232417536464,3
1181,3869,2.6165815888888426,3
1181,3932,3.2828501490475634,4
1182,1371,3.2442495609324395,2
1182,1388,2.6596319614316846,3
1182,1997,3.478173736455741,4
1182,2396,3.847604157055745,3
1182,3733,4.289891564133274,5
1183,950,4.838811363630117,5
1183,2416,2.7045679378185157,2
1183,2792,2.800773991209654,3
1183,2918,3.3075921398717156,4
1183,3462,4.879930888906078,5
1183,3932,4.458134947145482,4
1184,11,3.5926917976723125,4
1184,1777,3.6009935718432082,2
1184,2392,3.0,2
1184,2918,3.373299370645196,3
1184,3393,3.0,2
1185,414,3.0,4
1185,808,3.0,4
1186,1278,4.260350181597947,5
1186,2003,4.222098448910842,4
1186,2064,4.41422069070364,4
1186,2160,4.515432387221895,4
1186,2656,4.618673622488838,5
1186,2916,4.174217076834206,3
1186,2985,4.106028507602058,3
1187,588,3.6030669975000698,4
1191,1152,3.0,3
1191,1340,4.999999999999999,5
1191,2160,4.710492544107478,5
1191,2654,4.39393012742222,4
1191,2726,4.346186338561601,5
1191,3911,4.0,4
1192,111,4.5269345037306294,4
1193,52,3.4450245416308265,1
1193,95,2.941856501923386,3
1193,783,2.914902365730621,2
1193,1127,2.502594203723444,5
1193,1370,3.072490680115288,3
1193,1379,2.8211598629686137,3
1193,1754,2.7930406963878833,4
1193,1894,3.113726062447648,3
1193,2302,3.2086031659533543,2
1193,2918,2.827537267566813,4
1193,3040,3.2921719833170413,1
1194,186,4.0,3
1194,216,2.7001745411544595,3
1194,648,3.4822242137389474,2
1194,1044,3.0,4
1194,1385,2.795806655795272,3
1194,1513,3.061468287868671,3
1194,2133,3.0190958981687617,4
1194,2136,3.0,4
1194,2272,3.0,4
1194,2407,3.072199671443974,3
1194,2457,3.1069569952597202,3
1194,2710,3.098315117291244,3
1194,3350,3.0,5
1194,3363,3.770120717923213,4
1195,1203,3.0,3
1195,2702,3.2978317973794407,3
1195,2762,3.675869215745824,5
1196,1089,3.9697619104686503,5
1196,1196,3.988237319371507,5
1196,1219,4.019628060515304,3
1196,1291,3.9965603440628445,4
1197,1214,5.0,4
1198,104,4.331733502402206,5
1198,529,3.752962572586037,3
1198,1873,3.0,5
1198,2085,2.4292656692058423,3
1198,2648,3.0,3
1199,292,3.713089177405363,3
1199,1246,3.948995242979114,4
1199,1674,3.9815077187762316,5
1199,2094,3.515889426744396,3
1200,3113,4.231243182677488,3
1202,62,4.260738454489453,3
1202,512,2.304242909456813,2
1202,527,4.05903193378997,5
1202,908,4.090984789034371,4
1202,912,4.129952344621359,4
1202,1027,3.1681968508457463,3
1202,1082,4.0,4
1202,1307,3.907152852336743,4
1202,1372,3.453856667276735,3
1202,1394,3.766927782908778,5
1202,1674,3.825883223609353,5
1202,2013,3.903791516932663,3
1202,2112,4.185738334149552,5
1202,2193,3.4316897307306022,4
1202,3685,4.045655203116798,3
1203,1,4.134886229136571,5
1203,454,4.038012057339651,4
1203,588,4.068240149499525,4
1203,802,3.5026929033264187,3
1203,1092,4.011013169934658,4
1203,1222,4.242569313092053,5
1203,1339,3.7111589652671633,2
1203,1429,4.0,4
1203,2083,4.130951278912539,3
1203,2321,3.9224098377305454,5
1203,2395,4.32564361523593,3
1203,2953,3.136637541541409,3
1203,3082,3.717135197611444,2
1203,3274,3.460987085159594,4
1203,3301,4.121365223998674,4
1203,3354,3.691789347117594,3
1203,3397,4.351320291771784,4
1203,3509,3.0,4
1203,3793,3.9440814330127596,3
1203,3798,3.0000000000000004,3
1204,1261,4.39444740312855,4
1204,2355,3.918585279283317,4
1204,3300,3.996808153065137,4
1205,197,3.0,3
1205,2711,3.0,2
1206,442,3.412389904209355,2
1206,906,3.0,5
1206,1240,3.7383155824158294,5
1206,1253,4.527743393948557,4
1207,34,2.7571982897563365,5
1207,208,2.5984528186331985,2
1207,1303,3.0,4
1207,1389,2.1504525121597085,1
1207,1888,2.665275792698661,1
1207,2490,2.7238340820932567,2
1207,2590,3.0,1
1207,2763,2.8058154433460505,2
1207,2787,2.079386875401146,3
1207,3016,2.1904065283014917,4
1207,3107,2.7123502499119763,1
1207,3203,2.570815066020697,3
1207,3662,3.0,1
1208,1249,4.090801049878028,4
1209,1345,3.093228257534113,3
1209,1892,3.434371491459104,5
1209,1982,2.7331141193785284,4
1209,2990,2.9909283709921057,2
1209,3361,3.5985193630949097,4
1211,39,3.928200712689498,2
1211,198,4.017622683035922,2
1211,903,4.378894318094536,5
1211,2117,4.638548223423273,3
1211,2165,3.0,5
1211,2922,4.124986366701794,4
1212,70,4.146215757274936,4
1212,2391,4.354773092930179,4
1214,260,3.1980822349389304,4
1215,1653,4.36236892809294,4
1215,2232,4.0,3
1215,2628,4.001409503941099,2
1215,3889,3.0,3
1216,858,3.9730733497415125,5
1216,1197,3.816204937075277,3
1216,1375,3.5840652506693615,3
1216,1608,3.4034452980417464,1
1216,1732,3.8682432320135343,5
1216,2921,4.453407841649524,5
1218,58,3.911282967214392,4
1218,849,2.807340261064556,2
1218,2956,3.0,4
1218,3078,3.0,4
1219,502,2.0,3
1219,1573,3.8393810411993883,3
1219,1892,4.201771807784179,3
1219,2530,3.0321503523548023,2
1219,2761,4.396235256122754,5
1219,2985,3.5810414930305083,5
1219,3113,3.875401919839336,2
1220,2083,3.083213837635902,4
1220,2571,3.3582961883726745,5
1220,3247,3.5768308068947627,2
1220,3753,3.533188851081216,5
1221,135,4.813553490445858,5
1221,532,3.0,3
1221,673,4.850115022907561,4
1221,1603,3.698559082912624,4
1221,1779,4.494828727929749,5
1221,2193,4.4502415174677425,4
1221,2683,3.521669133008507,1
1221,3189,3.0,5
1221,3398,4.159269455884525,5
1222,25,3.4538110407582128,4
1223,2792,3.999716815457734,3
1223,3133,3.0,3
1224,237,3.2113683241680526,3
1224,715,3.0,3
1224,1103,4.711493878794575,4
1224,1124,4.377302261070851,5
1224,1179,4.226464345816653,5
1224,1217,4.695036535060141,5
1224,1231,4.374424790923241,4
1224,1466,3.825845911613304,5
1224,1927,4.596285650734886,5
1224,2160,4.622647741013096,4
1224,2690,5.0,5
1224,2935,4.363855316586571,5
1224,3037,4.436891627803618,5
1227,99,3.0,3
1227,263,3.0,4
1227,299,3.0,4
1227,1043,3.0,4
1227,2068,3.0,5
1227,3854,3.0,4
1228,1100,3.841532327081014,4
1228,1734,3.0,4
1230,225,4.500592732796228,4
1230,1265,4.253598131222361,5
1230,1376,3.899963513090884,5
1230,1923,4.271628211537023,5
1230,1967,4.308682470744499,4
1230,2028,4.2540651995195695,4
1230,2406,4.187439384184298,3
1230,2571,4.164304914725204,5
1230,3000,5.0,4
1230,3298,4.522188919511276,3
1230,3510,3.8963928738560605,4
1231,1,4.104590816350664,4
1231,3114,3.980328390197722,3
1232,628,4.5387045390500855,5
1232,892,3.0,5
1232,1611,4.4486924007000885,4
1232,1873,3.0,5
1232,2064,4.57474850682974,5
1232,2359,4.30228196598339,4
1232,2396,4.450545789074317,5
1233,344,3.0,3
1233,2664,4.438939066038175,3
1235,832,3.6999725173806093,3
1235,1721,3.7969374413261994,5
1236,1127,3.56661629687407,4
1236,3101,3.213389547621966,5
1236,3763,3.244497190317194,3
1237,480,4.247689042401219,4
1239,318,4.1377059280408055,4
1239,356,4.144845891304162,5
1239,1392,3.0,2
1240,3623,3.7118331659966812,4
1240,3755,3.4509398549227486,3
1241,595,4.759498727802511,5
1241,2907,3.0,1
1241,2908,4.68610643146005,5
1241,3324,3.0,4
1242,25,3.6186988097173667,3
1242,308,4.5226486768477105,4
1242,380,3.489264969534459,4
1242,589,3.518646449060514,3
1242,617,3.0,5
1242,803,3.0,5
1242,945,4.618029267919398,5
1242,1093,3.671532240368104,2
1242,1103,4.174700011522145,4
1242,1190,3.0,2
1242,1295,3.2993853019159545,5
1242,1310,3.0,1
1242,1589,3.3871206463448402,4
1242,1669,3.0,5
1242,1734,3.0,3
1242,2130,3.8663789610741737,4
1242,2942,3.392659769004599,5
1242,3045,4.0,2
1242,3281,3.0,3
1243,317,3.4524398767297386,3
1243,356,3.7887034890717812,4
1243,455,3.0,3
1243,650,3.0,4
1243,904,3.86532298428685,5
1243,913,4.532682758585793,5
1243,1240,3.8082464642136644,4
1243,1387,3.8674555628180385,4
1243,2355,3.7782992154983903,3
1243,2450,3.1365990865904543,3
1243,2463,3.591701009885533,4
1243,2524,2.489971043115901,3
1243,2662,3.63498304361304,4
1243,3618,3.0,4
1244,187,3.0,4
1244,459,3.0,2
1244,1036,3.625987384697276,5
1244,1222,3.7962753397581626,5
1244,1373,2.9926983602889616,1
1244,1792,3.014157743419655,3
1244,1883,3.934124345176809,4
1244,2024,3.0,5
1244,2318,4.822121000516359,5
1244,2529,3.6101507308830927,3
1244,2989,3.3258067420068302,3
1244,3060,4.156965149616513,4
1244,3254,3.2031116358268155,3
1244,3317,4.011910360895503,5
1244,3408,4.027190522801068,5
1244,3785,2.617347876480935,3
1244,3827,4.0,2
1244,3949,4.540891120163313,5
1246,62,3.8827213611909324,4
1246,253,3.913666340421599,4
1246,366,2.695807128201584,2
1246,671,4.670508425579851,4
1246,748,3.701338770382592,4
1246,2019,3.8903331305822264,4
1246,2116,4.087523837547345,1
1246,2141,3.7915423410511093,4
1246,2195,5.0,5
1246,2529,3.801399194939821,4
1246,2672,4.235115959573175,4
1246,2918,3.804927683099266,4
1246,3418,3.8716216508479246,4
1246,3555,3.5428308917006563,3
1246,3638,3.8825572925775202,4
1246,3701,3.7460099886152003,4
1246,3753,3.783542077033712,3
1247,2398,4.999999999999999,4
1248,1238,4.42056794307987,5
1248,3178,3.0,2
1250,3910,3.0,5
1251,1513,3.925765154327181,3
1251,2694,3.8974036083278123,2
1252,529,4.140930422781389,5
1252,1952,4.236324850306403,5
1253,1196,3.7348776933244245,2
1253,1223,4.0,4
1253,1914,3.0,4
1253,2155,3.3143365180488877,1
1254,377,4.296052353284703,4
1254,1197,4.215625911740276,5
1254,1680,4.354386150000465,5
1254,2406,4.094254308830808,5
1255,1079,4.026274313425454,5
1255,1197,3.8617224030173833,3
1255,1230,4.451143171781154,5
1255,3548,3.0,5
1258,3435,4.896654240380086,5
1259,480,4.289256978162795,5
1259,541,4.270334475882666,5
1259,1210,4.268158551326728,5
1259,1259,4.2584445385218395,5
1259,1544,4.330157250346619,5
1259,2455,4.00272497751913,4
1260,1061,3.9676637465875837,3
1260,1129,3.7778683285666492,3
1260,1234,4.083930798763819,5
1260,1246,3.95581928085732,4
1260,1344,4.67837338800649,4
1260,1404,3.0,3
1260,1729,3.896834866171101,4
1260,2447,3.0,2
1260,2917,4.192718587656807,5
1260,3098,4.061093211914215,4
1261,1208,4.3988459183341995,3
1261,1274,4.5990458372161696,5
1261,2455,4.115816912996031,5
1261,2700,3.9715868527429734,4
1262,1213,3.930311810927938,5
1262,1245,3.640873593212745,4
1262,2291,3.8060364208703854,2
1262,2407,3.5089144629129536,3
1262,2890,3.9122045753934036,4
1262,3825,3.0,3
1263,1911,3.152177377800907,1
1263,2155,4.1919972535384735,2
1263,2470,3.508207090190843,3
1263,3793,3.5331140239777605,2
1264,293,3.9132168575545876,3
1264,339,3.4052275012316926,2
1264,441,4.1517064690556795,5
1264,543,3.6151726325368103,4
1264,595,3.754065125289373,4
1264,1198,3.8643395243372636,5
1264,1299,4.300006343971486,4
1264,1373,3.3817924575659557,2
1264,1374,3.745863496056416,3
1264,1635,4.170594996873552,4
1264,1672,3.5859100987520045,4
1264,1682,3.799896477244466,4
1264,1792,3.1449849630987754,2
1264,2067,4.190054833855505,3
1264,2321,3.924453246543526,4
1264,2657,4.01242758347523,4
1265,357,3.756029115183296,3
1265,1265,3.7673517541826094,3
1265,1381,3.1035517419446292,1
1265,1527,3.473616213272329,3
1265,2959,3.555165840208356,5
1265,3471,4.017535539462261,4
1265,3477,3.0,4
1265,3578,3.906625871753474,3
1266,7,3.7211200591773976,4
1266,246,4.143047750206178,3
1266,318,3.794457158852335,5
1266,477,4.0,4
1266,524,3.8819362578798327,4
1266,848,3.0,3
1266,1051,3.0,3
1266,1585,3.0,2
1266,1914,3.0,3
1266,1968,3.720785239597286,5
1266,1972,2.1103128709445356,1
1266,2341,3.0,3
1266,2346,3.0,3
1266,2390,3.0,4
1266,2421,3.249294303376028,3
1266,3203,2.939520356210225,4
1266,3854,3.0,4
1267,527,3.5579734334386357,3
1267,594,3.645371212865814,5
1267,1283,4.114463050332719,5
1267,1732,3.543297685709263,4
1267,1947,3.800422736265598,4
1268,438,3.0,3
1268,541,4.393631840080673,5
1268,2247,3.999037674369022,4
1268,2613,2.654143342425837,4
1268,3260,4.568587178003673,4
1269,1093,4.453087699693965,4
1269,2336,4.361880451929913,5
1270,3598,3.0,5
1271,150,4.5517676982847535,5
1271,609,3.0,3
1271,736,4.33233575569776,2
1271,1955,4.542280266219703,4
1271,2384,5.0,5
1271,2953,3.830279419784929,2
1271,2973,4.787097689464264,4
1271,3555,4.4848947264650905,4
1272,39,3.7086216612459446,4
1272,745,4.999999999999999,5
1272,1136,3.8038167470714592,5
1272,2028,3.693198002225451,4
1272,2046,3.3699676303379795,3
1272,2641,3.3651990721218885,4
1272,3020,3.3709833730124448,3
1273,951,4.3992172560860405,5
1273,1069,4.439654387283884,4
1273,1193,4.225544811256645,5
1273,3039,3.912780546886036,4
1273,3095,4.49922754615764,5
1273,3424,4.188657079341856,4
1273,3671,4.125569661740765,5
1274,480,3.592862580385983,3
1274,923,3.8074982383505467,4
1274,943,4.499575526334827,4
1274,955,3.941611185286887,4
1274,1376,3.691153606671418,5
1274,1694,3.5457065029275743,5
1274,2186,3.975555974922082,3
1274,2409,3.675066314600521,3
1274,3019,3.6735934787483733,4
1274,3253,3.537279374744799,3
1274,3548,3.9942052985316194,3
1275,1262,4.593078872722804,5
1276,1060,4.4257800480872715,4
1276,1079,4.506028118701322,3
1276,1136,4.283534260400607,5
1277,1407,3.5635150558540754,5
1278,780,4.097786108974256,3
1278,2403,4.4775238684244805,5
1278,3753,4.275412216569462,5
1279,318,2.912409469162814,5
1279,830,2.507954978213329,2
1279,914,3.5382579091489412,3
1279,987,3.0,3
1279,1408,2.7530673193086543,3
1279,1517,2.700502991794016,2
1279,1617,3.1197214070049353,3
1279,2080,2.7504235583704504,3
1279,2236,3.0,2
1279,2916,2.7343312632421637,2
1279,3010,3.0,2
1280,1,4.371361341540711,5
1280,3617,3.9860552760659753,3
1281,281,3.708356116978646,3
1281,551,3.2112047494070737,3
1281,1259,3.3662040710060186,3
1281,3851,3.0,4
1283,1270,3.5998373129172814,3
1283,2687,3.7338465382189,3
1284,42,2.646194317464921,3
1284,377,3.3231635013656735,2
1284,417,3.0,3
1284,1089,3.9205417505761573,4
1284,1147,3.0,3
1284,1320,2.959074305296685,3
1284,1785,5.0,4
1284,1875,3.0,3
1284,2496,3.6346825905092035,4
1284,2502,3.463292616485878,2
1284,3147,3.7571997510484985,3
1284,3299,3.0,3
1284,3860,3.0,4
1284,3898,3.0,4
1285,95,3.8522996741221864,2
1285,229,3.0,4
1285,261,3.847736692482571,4
1285,417,3.0,3
1285,431,3.6683534729674596,4
1285,508,4.2992976058522245,3
1285,599,4.818652169629753,5
1285,1285,4.41851720616186,4
1285,1287,4.59869204683518,5
1285,1340,4.246961102330138,5
1285,1375,4.027908211365404,5
1285,1608,4.064775867123526,1
1285,1694,4.458428713257257,4
1285,1895,4.0,2
1285,1961,4.40926209429745,5
1285,1975,3.346027997312568,2
1285,1983,3.0577992135998247,2
1285,2232,3.951251824736737,3
1285,2268,4.223814140375685,4
1285,2291,4.325753306133035,4
1285,2433,4.19121049379033,3
1285,2455,4.363871999940993,5
1285,2505,3.0,2
1285,2520,3.5312299582064828,4
1285,2526,3.0,1
1285,2736,4.0019927959793495,5
1285,2752,5.0,3
1285,2862,3.0,1
1285,2881,3.8866574426522233,3
1285,2926,4.423068464325792,3
1285,3211,3.0,4
1285,3240,3.0,3
1285,3359,4.705791995775707,5
1285,3536,4.274330131341129,3
1285,3539,3.0,4
1287,306,5.0,5
1287,483,3.0,4
1287,1617,4.521964589366541,5
1288,593,3.8983614519960743,2
1290,3793,4.315939725258529,4
1291,2987,3.9587494736245974,2
1291,3067,4.013804574663573,5
1292,3515,3.0,4
1292,3863,3.7411660830340043,3
1292,3948,4.601237565271032,3
1293,3733,3.0,3
1294,39,3.7651425994830556,5
1294,1136,4.030195481586157,4
1294,1197,3.942466598902381,5
1294,1449,3.626316430326602,3
1294,3422,3.0,4
1296,593,3.988619864149044,5
1297,260,3.768741835702708,5
1297,268,3.0,2
1297,420,2.51849205063575,2
1297,671,3.3981694131020874,3
1297,818,3.0141884327968205,2
1297,924,3.856322996849528,4
1297,1223,4.308265362716111,5
1297,2108,3.879109719725153,3
1297,2189,3.0,4
1297,2194,3.5844219985442316,4
1297,2356,3.0,3
1297,2532,2.927534046121077,2
1297,2642,2.9532449348868646,1
1297,3101,3.906090015069868,4
1297,3263,3.4188531399360023,2
1297,3281,3.0,4
1297,3932,3.3502856094927638,3
1298,419,3.253412904799738,3
1298,440,3.950159858451823,4
1298,500,3.8764454964588815,4
1298,800,3.8489320206368904,5
1298,828,3.0,4
1298,924,4.193887404249929,5
1298,1012,4.18063567037653,4
1298,1375,4.044167321990186,4
1298,1955,4.066113961757821,4
1298,2022,4.0,5
1298,2067,4.3273327116551314,5
1298,2450,3.6821000316265486,1
1298,2745,4.0,4
1298,2949,4.131949535906363,4
1298,2993,4.046736301094431,4
1298,3071,3.9032117277375153,4
1298,3489,4.027640091399888,4
1299,296,4.092797373866421,4
1299,1036,4.0449526036436,4
1299,1129,4.0357006177053565,4
1299,1339,3.8583779870162354,5
1299,1769,3.576687701757094,3
1299,2366,4.235290075096264,5
1299,3081,3.6719837449467083,5
1299,3421,4.2671791572476385,5
1299,3578,4.095316862079627,5
1299,3740,3.9892909978583413,4
1300,799,3.5407379752159573,4
1300,2004,3.7685864461111067,4
1300,2672,4.0,3
1300,2907,3.0,3
1300,3016,4.569902182998378,4
1300,3081,3.9164418353081296,5
1300,3114,4.172811851347166,5
1300,3175,3.9892348364095622,3
1301,25,4.036709789954394,1
1301,36,4.134063516565239,5
1301,904,4.168145525172304,4
1301,1299,4.086991537174083,5
1301,2028,3.9453781226206237,4
1301,3160,3.863454426646527,4
1301,3424,4.031524028977999,4
1301,3784,3.0,3
1301,3798,3.0,3
1302,24,4.0,4
1302,1047,4.632545757941032,4
1303,11,3.3756526273518883,3
1303,663,3.5107038019327557,3
1303,1199,3.7922139059034476,5
1303,1274,3.4533033268939892,5
1303,1372,3.029039976703539,1
1303,1562,2.4949582303279043,1
1303,1617,3.5829914327562316,4
1303,1954,3.5861584573979544,4
1303,2020,3.8272358830459123,4
1303,2064,4.036021379607539,5
1303,2321,3.4508398805850002,5
1303,2377,3.6835322125525307,2
1303,2706,3.3326464578165367,3
1303,2804,3.742624458565916,5
1303,3317,3.580728060973913,4
1303,3702,3.6479128377831374,2
1304,2100,4.144565346426017,4
1304,2278,4.275971654826067,2
1304,2968,4.587652043160958,3
1306,165,4.119729500034548,5
1306,329,4.127302479784054,3
1306,428,4.67573864506069,4
1306,923,4.732730190249223,5
1306,1036,4.359258636862814,5
1306,1057,3.0,5
1306,1104,4.809205275994937,4
1306,1265,4.428549060600632,4
1306,1541,4.495296773466626,4
1306,1617,4.482251995691019,4
1306,1653,4.281775514973905,4
1306,2835,3.0,2
1306,2997,4.597161526196761,4
1306,3481,4.499984915063101,5
1306,3566,3.0,4
1306,3706,5.0,3
1306,3716,2.0,2
1306,3825,3.0,3
1307,2028,4.428460223606772,5
1308,2916,3.6844736174750006,3
1309,1801,4.0,5
1310,2243,3.7677276378338638,4
1311,1035,4.155259254329645,4
1311,1073,3.770452524961801,2
1311,1573,3.551800403528239,1
1311,2530,3.3830064564790394,4
1311,2628,3.6029163099010044,5
1311,3877,3.0,3
1312,1376,2.9597911814361018,3
1312,2053,3.0547686136646526,2
1312,2092,3.55155888522671,3
1312,2985,2.966568509056703,2
1314,480,3.188283410790697,4
1314,1029,2.1580792902646966,1
1314,1373,3.368930590339575,3
1314,1375,3.171442403147589,3
1314,1717,3.4997614153246124,4
1314,2081,2.7563126865471923,1
1314,2498,3.0,1
1314,3114,3.073488853322701,1
1316,2683,3.1265476088283055,3
1316,2792,5.0,4
1317,158,3.046092066749553,3
1317,314,3.0,3
1317,597,3.8167619264531756,4
1317,922,4.251252128964392,4
1317,947,4.0,4
1317,1221,4.074582454434107,4
1317,1278,4.041646422739168,3
1317,1456,3.0,1
1317,1747,3.9405572960331203,4
1317,1939,4.403608389543016,5
1317,2125,3.6643750840407754,4
1317,2245,3.9250733811859866,4
1317,2398,4.188774652861727,5
1317,2447,3.0,3
1317,2491,3.0,4
1317,3113,3.215407123951715,2
1317,3178,3.5552872702228218,4
1317,3308,3.8508919277782225,4
1317,3438,3.497330412466389,4
1317,3703,3.9130798434338314,5
1317,3877,3.0,3
1318,3908,3.0,1
1319,3948,3.624192442743228,5
1320,1047,3.7109523345483177,3
1320,1722,3.9810698092493237,2
1320,2115,4.121564380423225,4
1321,296,3.6158120971588947,5
1321,1080,3.556639084111345,4
1321,1088,3.7503677039125614,3
1321,1285,3.5388886014491314,2
1321,3308,3.9373078049331705,3
1321,3897,3.747694322586833,3
1322,531,3.0,4
1322,553,4.077687783340297,5
1322,904,4.185641598017968,4
1322,944,3.0,5
1322,1025,3.9051785515872326,4
1322,1711,4.316699450688665,3
1322,1911,3.9043169632104204,3
1322,1918,4.045580913485616,3
1322,2750,4.218345204657944,3
1322,2972,3.0,4
1322,3494,4.249624636921606,4
1323,1131,4.0,4
1323,3936,3.0,4
1324,909,4.228674416312199,5
1324,3160,4.211255219525484,2
1325,1025,3.719927772294419,3
1325,1199,3.7815132513926213,4
1325,1963,4.198807789237519,4
1325,2324,4.355300355601226,5
1325,2791,3.8304154945029967,5
1327,2890,4.177882184586798,4
1328,436,3.0,5
1329,193,3.0,1
1329,317,3.6143608403635863,2
1329,648,3.657708747301035,4
1329,849,3.271647033236718,5
1329,2002,3.5320010359318332,4
1329,2796,3.376209237649827,4
1329,3087,3.7540529802939564,5
1329,3298,5.0,3
1329,3354,3.8798139085237913,3
1329,3809,3.82500012401344,4
1331,223,3.673507767911558,4
1331,909,4.093543553334874,3
1331,1959,3.0340378741196212,2
1331,3911,3.4418681592505918,4
1333,362,3.0,4
1333,504,2.963391493354466,2
1333,516,1.4897315223332652,1
1333,913,4.7294261286141355,5
1333,924,4.389680415171842,5
1333,1231,4.6349522417003595,5
1333,1422,3.4990016112317983,2
1333,2140,3.3741601818121807,2
1333,2427,4.356239804177656,3
1333,2475,3.0,4
1333,2640,3.627355148524306,5
1333,2648,4.924538741662064,5
1333,2762,3.8839717293344105,5
1333,3040,4.248294073307407,3
1333,3082,3.2769606040637265,3
1333,3340,3.0,5
1333,3519,3.910488928858869,2
1333,3578,4.099540381165267,5
1333,3932,4.708833462524991,4
1334,608,4.6214720839025265,5
1335,1394,3.1767649320831532,5
1335,3007,3.0,1
1335,3844,2.0,1
1336,2259,3.0,3
1338,50,4.439320424575286,5
1338,260,4.363619826203812,4
1338,324,3.0,4
1338,1597,4.379272352247717,4
1338,3793,3.9291892345346255,4
1339,10,2.836518280447956,4
1339,1289,3.0,5
1339,1573,2.9944665380128686,1
1339,2072,1.4675177874109224,2
1339,2463,3.207636618510239,3
1339,2583,3.0,1
1339,3101,3.1664314080673557,4
1340,261,3.52466346976094,1
1340,349,2.731920475031468,1
1340,353,2.177964858267515,2
1340,382,2.1293231888106976,1
1340,387,3.0,1
1340,511,1.0,1
1340,546,1.4924552357656655,1
1340,593,3.060427468149657,3
1340,923,3.218423572467174,4
1340,973,3.0,3
1340,1372,2.2066093062233367,3
1340,1373,2.3200873453906,1
1340,1391,2.197050153704454,1
1340,1429,1.559239025401681,1
1340,2780,3.0,1
1340,2803,2.2799768112847993,1
1341,407,2.208522165876789,1
1341,2107,2.276918176359879,5
1343,910,4.782999203946061,5
1343,1175,4.7533936268535335,5
1343,2012,4.5964478447182575,3
1343,2321,4.5163050463125005,4
1343,2349,5.0,4
1343,2918,4.553456964767537,5
1343,3089,5.0,5
1343,3481,4.501490301355804,5
1344,1073,3.723877224083524,4
1344,1965,3.6816710654436626,3
1345,11,4.222256731533304,5
1345,260,3.9334636071847493,4
1345,537,3.0,5
1345,635,3.0,5
1345,852,3.955489504202319,3
1346,260,3.612840941470228,2
1346,592,3.6891430936000544,4
1347,745,4.0,5
1347,1454,3.0,5
1347,1617,3.7241853513737886,5
1347,2572,4.168197126088511,4
1347,3566,2.0,3
1347,3785,2.873703976798356,1
1347,3790,3.0,4
1347,3897,4.435608310787148,5
1348,48,3.8902297898680307,4
1348,531,4.0,5
1349,2414,4.333841504816296,4
1350,1537,3.0,4
1350,2000,3.687507962084667,3
1350,3174,3.8545191111041692,4
1352,696,3.0,3
1352,1259,3.7810603714547564,4
1352,3503,3.0,4
1353,2089,2.3171949608535862,3
1354,34,3.8649496813266118,3
1354,47,3.656937570704024,4
1354,193,2.0,1
1354,319,3.4921255896691505,4
1354,443,3.0,4
1354,505,3.0,4
1354,1126,3.998769153433401,4
1354,1127,3.7241580661224774,3
1354,1541,3.7709029401318195,4
1354,1682,3.64492835907899,4
1354,1695,3.0,3
1354,1947,3.7776851925014627,4
1354,2005,3.693673661518437,4
1354,2080,3.697655960014906,3
1354,2282,3.500707512170233,2
1354,2291,3.6692502639776623,5
1354,2407,3.6300339862234745,3
1354,2436,3.0,4
1354,2609,3.0,5
1354,2857,4.02446466802081,4
1354,2893,3.0,3
1354,3155,3.0,5
1354,3249,3.4958331138320355,2
1355,919,4.458983277806155,5
1355,2424,4.10514438068132,4
1356,29,4.6341243267454555,5
1356,541,3.2604200643728087,5
1356,562,3.8875862846702605,5
1356,1064,1.0,2
1356,1653,3.188874342164659,5
1356,2392,3.0,1
1356,2496,2.293967697008883,3
1356,2723,3.0764900638526824,3
1356,2812,3.0,1
1356,3157,1.0,1
1356,3254,2.7596902020868543,1
1356,3264,2.90103751339962,1
1356,3327,3.0,1
1356,3936,3.0,4
1357,1219,4.222513635062132,5
1357,1345,3.6287022947430794,5
1357,1690,3.271996682036902,1
1357,3918,1.9745772840785352,3
1358,380,3.2512768835119332,5
1358,423,2.8175176282691266,3
1358,780,3.2701292675606703,3
1358,1220,3.4192782490232934,5
1358,1772,3.0,1
1358,1792,3.3158842540762823,4
1358,2406,3.3612847945757403,3
1358,3833,3.0,4
1360,36,4.107617520916734,4
1360,1391,3.521277826274485,2
1360,2333,4.007510437613145,4
1360,2642,3.009898353280231,2
1360,2723,3.5134416850587162,4
1361,17,4.286883482423874,4
1361,342,4.017166507028467,4
1361,527,4.343088894102279,3
1361,945,4.7289345798501925,5
1361,953,4.447828649585669,5
1361,1192,3.0,4
1361,1641,4.19301436172464,5
1362,144,3.4584604669197496,3
1362,256,3.0,2
1362,741,4.5452267163185,4
1362,1327,3.0,3
1362,2628,3.321832030254387,3
1362,3510,3.4976596029414977,3
1362,3915,3.0,5
1362,3949,3.914850044035724,5
1364,1288,4.382266000504536,5
1365,2105,3.638431984028856,4
1365,2470,3.5712241194232495,3
1366,1197,3.987597871915373,4
1366,2841,3.7362384471389736,4
1366,2907,3.0,1
1367,224,4.248991931324396,3
1367,357,4.05598949541184,3
1367,1513,3.9919785664520893,2
1367,2243,4.014453217049357,4
1369,1307,3.8949407139494676,3
1369,3174,4.197353772447402,5
1369,3471,3.9930210546449816,3
1369,3503,5.0,3
1370,223,3.361074871311081,4
1370,1219,4.0905356627461655,5
1370,2915,3.9246115174881586,3
1371,3897,4.6092589706028155,5
1371,3949,5.0,5
1372,780,3.250676850247333,4
1372,2710,3.2484630029797894,2
1373,1259,3.88171301079911,4
1374,908,4.291110414493525,4
1374,1299,4.312976323425281,4
1375,237,3.0,4
1375,785,3.91930835271299,5
1376,3250,3.0,3
1376,3578,4.193165476541033,4
1377,231,3.1208914730130983,3
1377,339,3.225087265893441,3
1377,370,2.823651636718533,2
1377,497,3.224024312718448,3
1377,610,3.425961881515635,3
1377,1127,3.034270499717038,5
1377,1457,3.2686375974280355,3
1377,1923,3.2857780730764388,3
1377,2248,3.3052277700000663,3
1377,2423,3.1102787446936264,5
1377,2468,3.0625235610070773,3
1377,2478,3.1664147658420054,4
1377,2756,2.5435983959392865,3
1377,3479,3.3685507345941246,4
1378,1219,4.795611846716017,5
1379,3457,3.0,2
1380,15,3.0,1
1380,150,3.5661762471664957,4
1380,541,3.6564634303136763,3
1380,553,3.757454229705049,1
1380,1762,3.4994284440053973,1
1380,1801,3.3926531407849954,2
1381,223,3.968887337802444,4
1381,1641,3.4770409787476804,3
1381,1746,3.0,4
1382,922,4.214656144885395,5
1382,1611,3.0,3
1382,3894,3.0,4
1383,111,3.8562159848170037,3
1383,266,3.6689578637540388,3
1383,1196,3.6012165719715337,5
1383,1269,4.148931860382788,4
1383,1446,3.0,4
1383,1938,3.5034839413234233,4
1383,2052,2.4764716694385127,2
1383,2054,3.4669408431551783,3
1383,2176,4.1592793998699715,4
1383,2278,3.5230238313895677,3
1383,2321,3.5335856551413656,3
1383,2517,3.5829444218385587,1
1383,2644,2.545441287045891,4
1383,2971,4.188290429430966,3
1383,3370,3.0,3
1383,3384,3.0,3
1383,3392,2.334021130819024,2
1383,3741,3.7475286494788382,4
1383,3752,3.0,3
1384,3793,3.2977926579698957,3
1386,2394,1.9035475068968362,1
1387,2927,3.0,4
1389,329,3.3541936910964183,4
1389,720,5.0,5
1389,802,3.998294556624944,4
1389,1028,4.157990281595029,3
1389,1079,4.119804725047862,2
1389,1552,3.7625370557733313,2
1389,1777,3.871216440910982,3
1389,2000,3.985366194177095,5
1389,2990,3.487654078955938,3
1389,2991,4.02052449086403,4
1389,3147,4.053201868189079,5
1389,3527,3.97036228892091,5
1389,3598,3.0,3
1390,361,4.2253886830740015,4
1390,1777,4.0594575924246445,4
1390,1956,4.263032871267145,5
1390,2289,4.281785169843513,4
1390,2376,4.2409938044602375,5
1390,2706,3.5754387691961473,3
1390,2804,3.874109596552927,5
1390,2806,3.0,1
1390,2906,3.0,1
1390,3174,3.847514738310897,3
1390,3450,4.124962497980116,4
1391,21,3.560084723742396,3
1391,85,3.0,4
1391,496,3.0,1
1391,1513,3.6801447400826754,3
1391,2434,3.0,4
1391,3081,3.7519098590681845,3
1392,329,3.179963228056682,2
1392,480,3.6950418811035153,4
1392,1247,3.800451723073241,5
1392,2302,3.7604780495234276,4
1392,2791,3.3115394042086965,2
1392,3194,3.5126481605103397,2
1392,3703,3.7530748154550646,1
1393,176,3.0,2
1393,1136,4.278696641812785,5
1393,1277,3.0,4
1394,3920,3.0,4
1395,574,5.0,3
1395,589,4.08239735436451,3
1395,1171,4.593062377198497,5
1395,2012,3.9438352854815735,3
1395,2353,3.97087056387063,4
1395,2447,3.0,2
1395,3064,3.0,1
1396,104,3.30730949101691,2
1396,345,3.671024918769866,4
1396,480,3.544109867141621,1
1396,1194,3.0,5
1396,2997,3.838627923739047,5
1398,2160,3.756489131023761,3
1399,2700,3.8260921797379455,5
1400,21,4.028335146679942,5
1400,2329,4.266272731545702,4
1401,290,3.0,5
1401,971,4.27330480216318,4
1404,39,2.662120249696814,4
1404,339,2.742237720996636,2
1404,527,3.1060513187816556,4
1404,1077,3.3672241784048222,3
1404,2479,3.0,2
1404,2539,2.851263356447754,2
1404,2858,3.1221386442723973,5
1404,2977,3.0,3
1404,3028,4.0,2
1405,111,3.9980129181349264,4
1405,1986,3.0,1
1407,1,4.231522517156306,5
1407,1279,4.0,5
1407,1734,3.0,4
1409,318,4.388686509227865,5
1409,1676,4.269233472771758,3
1409,2716,4.326594831754979,5
1410,3917,4.0,4
1411,2598,2.8776695122729157,4
1413,293,3.7116954557575434,5
1413,589,3.693699268925337,3
1413,2206,4.553483539849209,4
1413,2396,3.8065634540837854,5
1413,3535,4.6977654667431015,4
1413,3618,4.0,5
1414,2196,3.0,3
1415,356,3.8047183833638827,4
1415,1276,3.841362886015471,5
1415,2018,3.8807971392425604,4
1415,2948,3.662224238091116,3
1415,3623,4.053653002261714,3
1418,32,3.419591006874826,3
1418,110,3.534244999193154,3
1418,160,3.098157118145039,2
1418,303,2.981159509248885,3
1418,380,3.354853674248007,4
1418,519,2.596693820697702,2
1418,1198,3.20441744491333,4
1418,1210,3.4823831185812297,4
1418,1479,3.165862397623722,2
1418,1599,3.0,1
1418,1876,3.2506929351787464,2
1418,1909,3.0112854648174676,2
1418,2448,2.3428749094624277,2
1418,2571,3.369827587460503,5
1418,2702,4.0,3
1419,3300,3.0,1
1420,350,3.453197850932972,3
1420,1073,4.18145171478943,5
1420,1204,4.642987644555194,3
1420,1213,4.152213771727429,5
1420,1242,4.286404255676214,5
1420,1719,3.9912477584304655,4
1420,2253,3.151821881377031,2
1420,2789,3.469943813549919,4
1420,2901,3.4926416374234197,2
1420,2968,3.783048248208714,5
1420,3911,3.9902365454200646,4
1421,1947,4.062076529989836,4
1421,2359,4.039115129359481,4
1421,2791,4.01559134232053,3
1421,2863,4.068860652913309,4
1421,3911,4.506634155712172,4
1422,12,3.0,2
1422,383,3.320921347526255,2
1422,711,3.0,2
1422,1215,3.42036722108424,4
1422,1275,3.1839555324728384,2
1422,1302,3.3735951316682233,3
1422,1321,3.3061251164736754,2
1422,1389,1.8436825607196141,1
1422,1953,3.628131550641068,4
1422,2035,3.0,3
1422,2537,3.0,1
1422,2642,2.9332523772108368,2
1422,2948,3.4816061029484957,3
1422,2991,3.136542835830641,4
1422,3098,3.505152765236992,3
1422,3210,3.341414464709886,3
1422,3359,3.6952598131486107,4
1423,1244,4.754500921139855,5
1423,3408,4.188727777553451,5
1424,1387,4.247410832241388,5
1425,19,2.9085781309740253,2
1425,22,3.997609338398529,5
1425,153,3.4941439763522126,4
1425,206,3.0,4
1425,260,4.064884811395828,5
1425,585,4.101838522398207,3
1425,588,3.924862406828392,4
1425,914,3.732299651556011,2
1425,1603,3.3835423996716116,4
1425,1641,4.270320795232841,3
1425,1831,3.4969580863011425,3
1425,2029,3.0026758831784313,4
1425,2081,3.8764308831246903,4
1425,2083,3.8630399862434364,4
1425,2829,3.0,4
1425,3489,3.6239330667305114,3
1425,3794,4.999999999999999,5
1425,3893,4.578112418488843,5
1426,10,3.5712844754559865,4
1426,517,2.9917784288446487,2
1426,1097,3.8191262277782716,4
1426,1200,3.7977928786338895,4
1426,1917,3.5050875642510917,1
1426,1953,4.041322660946814,4
1426,2421,3.3615443817647317,2
1426,2616,3.1107958216584533,3
1426,3125,3.0,3
1426,3702,3.784506120135193,4
1427,2005,4.195181844013914,4
1428,356,4.256354652639186,4
1428,2291,4.343065575951422,4
1428,3932,4.0465579230179305,5
1429,912,3.5776513253298448,5
1430,1080,4.529030698386433,5
1430,2064,4.587849441031777,5
1430,2174,4.119045915166565,4
1431,2948,4.0,4
1432,2987,3.813002536256519,4
1433,1391,3.675993998355106,3
1433,1556,3.0965212578992793,2
1434,415,3.0,4
1434,543,2.3173862701894086,1
1434,891,2.9150938852046075,3
1434,1018,1.0,1
1434,2302,2.3213216052411725,2
1434,2506,1.0,4
1434,2710,3.4584425297320913,2
1436,912,4.310191947595043,4
1436,2707,3.871682259174233,4
1436,2724,4.330445959125233,4
1437,1673,4.477457204814322,5
1438,1127,3.951742887979426,5
1438,1270,4.674096804758608,4
1439,3435,4.428019254728984,5
1440,590,3.5689822683462573,3
1440,1682,3.6211320768876756,3
1440,1994,3.217181781320875,2
1440,2000,3.599602192055269,4
1440,2116,3.3487779577123415,1
1440,2915,3.527527068490418,3
1440,2987,3.621630388573233,3
1440,3386,3.6473366651725825,3
1441,348,4.343649478981339,3
1441,585,3.433379121810758,2
1441,3264,3.6635127874955646,3
1441,3555,3.9808330993355527,4
1442,709,2.4094481639435665,1
1443,2863,4.3382982304873785,4
1445,2826,3.514930595098706,1
1445,3910,3.0,4
1446,223,4.325834018619545,3
1446,1256,4.587317995658669,5
1446,1292,4.559555002231792,5
1447,6,3.742173202470169,5
1447,39,3.6970313706117053,2
1447,61,3.0,2
1447,216,3.063924335252445,3
1447,266,3.7691618826903475,4
1447,353,3.288135106391913,4
1447,427,3.0,2
1447,954,4.173514721107879,3
1447,1194,3.0,3
1447,1394,3.6783829566443846,5
1447,1466,4.017195006177429,5
1447,1912,4.007144118557696,4
1447,2108,3.878474088320154,5
1447,2338,2.598368488845131,1
1447,2399,3.0,2
1447,2548,2.08229902271987,1
1447,2641,3.381019989241399,2
1447,2726,4.0,4
1447,2916,3.5202085234051435,4
1447,2917,4.017498149206032,4
1447,2947,3.6846119745130204,5
1447,2997,4.040627415718455,4
1447,3256,3.3930249219464117,3
1447,3363,3.995809808695976,4
1447,3386,3.968415742752357,4
1447,3508,3.7717132080724225,3
1447,3751,4.172035012699743,4
1447,3753,3.8437681993373425,1
1448,1,4.116948689174805,5
1448,39,4.082245706484463,4
1448,64,3.0,2
1448,78,4.0,4
1448,367,4.0097964991663595,3
1448,420,3.516576002564065,2
1448,481,4.382445321022256,5
1448,589,4.026912574278184,5
1448,786,3.72435068048875,3
1448,1257,3.8990946524849845,4
1448,1307,4.068758149222203,5
1448,1340,3.2085728073290722,3
1448,1694,4.298912173237469,4
1448,1835,4.014174047393308,5
1448,2027,3.0,3
1448,2064,4.222060986498077,4
1448,2289,4.198328824909253,3
1448,2411,3.2391522256654324,3
1448,2455,3.99070790954196,4
1448,2567,4.12411409341768,4
1448,2702,4.015278698759494,5
1448,2789,3.2167286968222832,2
1448,2879,4.0,2
1448,3253,4.0935479960143555,4
1448,3426,3.0,2
1448,3500,3.0,1
1448,3546,4.673544863622021,5
1448,3699,4.076019768667861,4
1448,3704,3.852109100447344,4
1449,21,3.148117124563174,4
1449,34,3.386506163736679,3
1449,42,2.4803675626024275,2
1449,150,3.147952782001955,3
1449,173,2.072672731703821,1
1449,434,2.5618044505963673,1
1449,544,2.413923273892772,1
1449,547,3.0,4
1449,1154,3.0,3
1449,1285,3.3798480910867386,3
1449,1991,2.2411865688813823,1
1449,2042,2.102699989479045,1
1449,2335,2.1912085862302138,2
1449,2350,3.0,2
1449,2849,3.0,1
1449,2897,3.0,3
1449,2936,3.8575490365037557,4
1449,2947,3.1881134796664843,4
1449,3019,4.166677976705436,4
1449,3482,3.0,2
1449,3579,3.0,1
1449,3654,3.272590864715559,3
1449,3920,3.0,3
1450,527,3.3562083937377456,5
1450,2081,3.3708271309523448,4
1450,2396,3.419753948710934,4
1450,3114,3.2019267255049586,4
1450,3409,4.0,4
1451,338,3.001476924559654,2
1451,416,3.0,3
1451,608,4.202785988243019,5
1451,1873,5.0,5
1451,2288,4.0637284077105535,4
1451,2642,3.669457317338269,2
1451,2671,3.970250773947496,4
1451,2852,4.711324556003687,4
1451,3035,4.406584885553324,4
1451,3246,4.574420096761791,5
1451,3763,4.080278204995217,4
1451,3809,3.9410723705870847,4
1452,2065,5.0,5
1453,2694,3.904956587906783,4
1453,2706,3.9136577076594103,5
1455,509,3.765918245214822,5
1455,2858,3.84039346108967,5
1457,1084,4.313702751252922,4
1457,1356,3.3311415386934997,4
1457,2396,4.0625550027072,4
1457,2518,4.7637125350596286,2
1458,924,4.4826924693106465,5
1458,1617,4.1965257207866085,5
1459,1641,4.571741822674139,5
1461,3936,3.0,4
1462,3448,4.015266540835616,4
1462,3450,3.6950956413984497,2
1463,509,4.0,4
1463,1307,3.483675575740837,4
1463,2009,3.2812228574363123,4
1463,2408,2.788384097488275,3
1463,3745,3.0,3
1463,3863,3.0,4
1464,1090,3.9060197838786017,5
1464,1262,3.968011303469907,3
1464,3173,3.0,3
1465,648,3.7850921224732024,4
1465,899,4.41006795943934,4
1465,902,4.438488458760591,4
1465,2009,3.626369707243899,4
1465,2144,3.55490307097606,3
1465,2279,2.2769493579199698,2
1465,2297,3.482437834093505,4
1465,2414,3.81213145183792,3
1465,2529,3.6776826379745167,3
1465,2746,3.581260003437512,4
1465,2852,4.035023343371564,4
1465,2946,4.394179356747496,4
1465,3448,3.9098767949231026,5
1465,3675,4.427678109925416,5
1466,786,3.7326347326705513,2
1466,1627,4.5307208857357555,3
1466,2193,3.9076039435780343,3
1466,3253,3.9150446888571158,4
1466,3265,3.0,5
1467,2997,3.9042657817290074,3
1467,3409,3.0,4
1468,3104,4.236029915302488,4
1469,1304,4.421415317983352,5
1470,476,3.0,2
1470,489,3.0,3
1470,912,3.856219378475958,5
1470,1244,3.257504967053889,2
1470,1365,3.0,2
1470,1787,3.0,2
1470,2484,3.0,2
1470,2859,3.0,2
1470,3091,3.0,4
1470,3188,3.0,5
1470,3350,3.0,2
1470,3409,4.062238924074758,1
1470,3412,3.0,3
1470,3687,3.0,2
1470,3718,3.0,1
1470,3827,3.5146535744263887,5
1470,3901,3.0,5
1472,376,3.6387424231242185,3
1472,517,3.2796768974825667,3
1472,653,3.5402448099622537,3
1472,996,3.2585214914975418,3
1472,1022,3.907536867490203,4
1472,3197,3.8586610955234835,2
1473,457,3.1668311341996342,4
1473,1219,3.913143868228561,3
1473,2347,3.0,4
1473,2366,3.9095020993240075,5
1473,2582,3.0,2
1473,2944,3.4891879841264286,4
1473,3468,4.138448120338052,5
1473,3527,3.1403448180094866,3
1474,919,3.765905649393315,3
1474,1127,3.5150440460460897,2
1474,1527,3.77196516442801,3
1475,663,5.0,1
1475,852,2.527577505207504,3
1476,1242,3.9628653940796164,4
1477,903,4.999999999999999,5
1478,260,4.481379455486598,4
1481,1566,4.413679788193916,3
1483,1037,2.791079426667152,3
1483,1376,2.9738834133533136,3
1483,2327,3.0,3
1483,2617,2.7411577592050533,3
1484,329,2.6346890676444477,2
1484,1250,4.0861877844051735,5
1484,1258,3.6933512042596983,5
1484,1259,3.8210445766997965,4
1484,1693,5.0,2
1484,1759,3.0,5
1484,3090,3.0,4
1484,3120,3.0,4
1485,1259,4.1190992220013145,4
1485,2918,3.7835019444776945,5
1486,2502,3.713655508441743,5
1486,2858,3.9614043803371226,5
1486,3005,3.0,3
1487,1035,4.037382073710416,2
1487,3481,3.919813923341344,3
1489,50,2.900171171088893,5
1489,551,2.8476561209557727,3
1489,587,2.6566821917616674,2
1489,702,3.0,2
1489,1035,3.2083324873793897,4
1489,1073,2.8588384726081513,4
1489,1282,3.223908653422523,5
1489,1631,3.0,2
1489,2648,3.6251076131724913,3
1489,3476,2.9503004641849935,4
1489,3873,3.48547905361717,1
1491,235,3.902442818316823,4
1491,471,4.076594376687832,3
1491,1190,3.0,3
1491,1573,3.219534709212528,1
1491,2406,3.35132488584684,4
1491,2791,3.7730214374790907,4
1491,3256,3.827733478049688,3
1491,3408,3.6695869662390974,2
1492,208,2.45863111801405,1
1492,2968,3.6433515444284676,5
1492,3552,3.492047875918443,3
1494,346,3.0,5
1494,588,4.236428111306396,4
1494,919,4.351964133701477,5
1494,1967,3.778942377881708,5
1494,2948,5.0,4
1494,3450,4.262861523254985,4
1495,219,3.0,4
1495,316,2.388886059699429,3
1495,1967,2.5543039658839852,4
1495,2123,2.0494066291675646,2
1495,2141,2.3165485544157054,3
1495,3396,2.7469858843912927,3
1495,3865,3.0,4
1496,102,3.0,2
1496,1073,3.180502078055414,3
1496,1127,3.2278408448433495,3
1496,1175,4.6965636407272235,3
1496,1282,3.420713147743143,3
1496,1374,3.2490069561437953,4
1496,1377,3.0158659327861446,3
1496,1976,2.5207255788452256,2
1496,1996,2.2502485071942506,1
1496,2000,3.1589648172403257,4
1496,2053,3.0000000000000004,2
1496,2232,3.021510849313554,3
1496,2261,2.6678186955657504,3
1496,2278,3.2736666431493164,3
1496,2288,3.402638072200685,5
1496,2527,3.221718231737691,4
1496,2900,2.6895359907778644,3
1496,3108,3.50610624688333,3
1496,3552,3.226378684331036,4
1496,3843,1.627132611983123,1
1496,3917,2.6672703765813286,4
1497,551,4.355306323684051,2
1497,2058,4.243577128726875,3
1497,2406,4.151692856200135,5
1497,2571,4.21748630631951,5
1498,1221,4.038037388113976,4
1498,1388,2.8106436873784406,2
1499,329,4.0877865373099755,2
1499,589,4.278756343742828,5
1499,1527,4.17905677189855,5
1499,1707,4.0,4
1500,1959,3.0,3
1500,2324,4.403886587331572,5
1500,2997,4.176301799774086,5
1500,3556,5.0,4
1501,333,3.90857582017552,3
1501,780,4.050314128051512,5
1501,1005,3.8227871452090385,4
1501,1030,3.94212351835914,3
1501,1587,4.047107834725678,3
1501,1588,3.7530633723889006,4
1501,1882,3.9045503690259853,1
1501,2034,3.705709447404983,3
1501,2042,3.8661366575744274,4
1501,2090,3.920475716538675,4
1501,2761,4.004665646169719,5
1502,180,3.1108363606402203,5
1502,292,3.7663997853949858,4
1502,546,3.2914970693043744,3
1502,1762,2.9708739226039764,4
1502,2027,3.2044149186194884,1
1502,2617,3.2227447458732366,5
1503,377,3.515253915363805,4
1503,3450,3.595903622744797,4
1503,3685,3.722086603838122,3
1504,2916,3.803742536213621,4
1504,2985,3.1542729329878876,3
1505,1206,3.986960276286538,4
1505,1362,4.352398901128992,3
1505,1953,4.071634823917512,4
1505,2174,4.0135886308244855,5
1505,3089,4.847158880147508,5
1506,246,3.878576788754279,5
1506,364,3.837313947345425,3
1506,1485,3.5598833486922024,5
1506,1947,4.12264934606666,4
1507,1148,4.750495692189983,5
1507,3363,4.581342860601718,5
1507,3629,5.0,3
1509,45,3.5089529384543154,3
1509,141,3.529728170490017,3
1509,366,2.358241495178342,3
1509,1580,3.2130333867696224,3
1509,1598,3.0000000000000004,2
1509,1748,3.2790870502893052,5
1509,1762,2.3423210476922973,3
1509,2640,3.2758450737818237,4
1509,2871,3.660896534730118,3
1509,3253,3.269448144526861,4
1509,3797,3.0,1
1510,2858,4.484301223089506,5
1511,1953,4.161423130345328,4
1512,1580,3.415868482140034,4
1512,3865,3.0,4
1513,969,4.0595973808267845,5
1513,2406,4.0369441326996816,4
1514,50,4.14234130275441,5
1514,1902,3.0,2
1514,2019,4.170127196855148,5
1514,3901,3.0,1
1516,1503,3.0,1
1516,1586,3.704130634879343,4
1516,1597,3.7505663077362734,5
1516,2294,3.166273244822426,4
1516,2297,3.348048470376758,5
1516,3617,2.4885645907134384,2
1517,3386,3.9727454090003502,5
1518,260,4.597665321031189,5
1518,1210,4.586320365775391,5
1518,2571,4.580040995390792,5
1518,3267,5.0,3
1519,2791,3.5888852131959115,5
1519,3053,3.0,2
1521,307,3.0,5
1522,1580,3.87150772847868,4
1523,1073,3.818348587088867,4
1523,1080,3.9300244331212655,3
1523,1954,3.821595280955647,4
1523,3702,3.853476705186599,3
1525,900,4.0374142030843325,2
1525,2936,4.217217294978432,3
1525,3114,4.005781252615814,5
1525,3783,3.0,4
1527,593,3.7657419183018495,3
1528,1345,4.654487250289402,4
1528,2355,4.0805254681305465,5
1528,2720,3.0,2
1529,1754,3.9030215519321607,4
1529,3243,3.491883165283676,1
1530,34,4.074277438418794,4
1530,52,4.117235884968062,4
1530,778,4.053592991315252,3
1530,786,3.5883272154452865,2
1530,1230,4.247021387962673,5
1530,1275,3.8103336898547617,4
1530,1653,3.9424678548294287,4
1530,1965,4.083073458557341,4
1530,2005,3.8945515353242306,3
1530,2333,4.155068011962924,4
1530,2924,3.0,5
1530,3499,3.9823724841020063,4
1531,908,4.079864348030308,5
1531,3926,2.5213073739045426,4
1532,39,4.56957509803061,4
1532,892,3.0,3
1532,2302,4.200293197166529,5
1532,3409,3.0,5
1533,3623,4.160506681175598,5
1535,3421,4.156568038447141,5
1536,1961,4.593269057429435,5
1538,3095,4.3046297901682244,4
1539,480,4.53834334401313,4
1540,1097,3.8636341845724984,4
1540,1230,3.964109115392422,4
1540,1252,3.995368719973913,4
1540,2303,3.0,3
1540,3543,4.117804301230626,3
1542,48,3.9315154216787738,3
1542,60,4.0,2
1542,76,2.2375835922715166,2
1542,163,3.7877132562597646,4
1542,246,3.9908523790332366,4
1542,300,4.030856851339072,5
1542,441,3.8398430280855744,3
1542,555,3.9519916726846533,2
1542,558,3.0,3
1542,1688,4.0,3
1542,2002,3.8583668455834927,3
1542,2012,3.8546334248988177,3
1542,2571,3.8884273424805333,5
1542,3755,4.395344165376613,4
1543,348,4.0,3
1543,434,3.6999381053957396,3
1543,2518,3.7423800188347625,4
1543,2926,4.0,4
1544,2485,3.3339153670489954,2
1544,2710,3.8246969839262643,4
1544,3510,4.287129685973761,4
1545,161,2.8629898678709265,3
1545,480,3.0143987390692977,3
1545,590,3.0653004356255034,4
1545,1206,3.1302995088069325,3
1545,1251,4.278058759278743,3
1545,2968,3.176424752024411,2
1545,3698,2.8954564092528807,2
1546,147,3.0,1
1546,1343,4.0743712194253,3
1546,1459,3.4606689107560107,3
1546,1552,3.834230902386633,3
1546,2146,3.5454726387462165,3
1546,2401,5.0,4
1546,3591,3.884050012999001,5
1546,3614,4.028467283596146,2
1547,110,3.886270784576395,2
1547,527,3.881282701195979,5
1547,1230,3.9312952903705938,4
1547,1704,3.9374324593424195,4
1547,2243,4.057894711540477,4
1547,3359,4.043924377552216,4
1547,3789,4.0,4
1549,551,3.5255989715409246,5
1550,1041,4.393453285955699,5
1550,2237,3.0,3
1551,913,4.4764515336311534,4
1551,1207,4.454154374459566,5
1551,1276,4.497376437467003,5
1551,2182,4.0,3
1551,2959,3.834388931115479,5
1551,3362,4.444015824886781,3
1552,593,4.05162641252527,5
1552,1015,3.0,4
1552,1246,3.871604036862431,4
1552,2391,4.256134069651194,5
1552,2791,3.55015016250657,1
1552,2797,3.567681802572677,5
1555,2028,4.636062323242014,4
1555,2599,4.667632564991845,5
1555,3270,3.0,4
1555,3361,4.600217309444611,4
1556,104,3.1821365294931363,3
1556,223,3.003143998924363,2
1556,368,3.2524454534244547,3
1556,457,3.49659457861265,4
1556,1019,3.095977658500289,3
1556,1333,3.6451209992016733,4
1556,2081,3.2158102846037604,3
1556,2083,3.0681894069468147,3
1556,3034,3.0647092306691084,3
1556,3176,2.898795352463038,5
1557,410,3.6705458263683868,2
1557,1035,4.262741340760576,5
1559,616,3.9859119600616464,4
1560,2390,3.0,4
1561,1639,3.9632692681908757,4
1561,3148,4.25084645098595,4
1562,879,3.1948743510230404,2
1563,589,4.211291261937665,3
1563,1284,4.6739329219602475,5
1564,368,3.335990417276115,3
1564,3317,4.500065917312119,4
1565,2502,4.0,3
1565,3129,4.0,5
1566,524,4.0,4
1567,2066,3.808329238598429,5
1567,2916,3.6618856752401516,4
1568,589,4.3586408998040795,4
1569,1228,4.718871311681985,4
1570,1213,4.148416619528601,4
1570,1260,4.287582066789676,4
1571,213,3.0,3
1571,1968,3.812655416994639,4
1571,2470,3.90632389322198,3
1573,2028,4.489441095657728,5
1574,2355,3.264461082932026,4
1575,1203,3.0,5
1576,898,3.944687013813021,5
1577,2541,4.130557327347886,4
1578,1222,4.405759172567746,4
1578,2542,4.660032835092603,4
1579,20,2.4690457190012705,2
1579,21,3.531480955777986,4
1579,231,3.545589967705116,4
1579,300,4.013264838799136,4
1579,409,3.0,3
1579,780,3.5249133439277602,4
1579,852,3.4898590633316675,3
1579,1041,3.991496881964518,4
1579,1136,3.8875565147934483,3
1579,1207,4.132967990568913,4
1579,1230,4.132197290445114,4
1579,1250,4.144725926520914,4
1579,1291,3.664805033303881,4
1579,1357,4.119806672811218,4
1579,1617,3.6231010023467913,4
1579,1643,4.0,4
1579,1674,3.8182899340210037,4
1579,1729,3.8553291785008903,2
1579,2422,2.8851850031743416,2
1579,2471,3.1745190303224504,3
1579,2916,3.622448780582909,4
1579,3471,3.882563579332598,5
1579,3484,2.969562732136152,2
1579,3751,3.9134274141101977,4
1579,3916,3.443104318410842,4
1583,2188,3.0,4
1584,296,3.6986541303202967,5
1584,671,3.3930589408017418,4
1584,1046,3.0,4
1584,1223,3.678034507470408,4
1584,1296,2.983269716902278,2
1584,1608,3.5240216144988095,3
1584,1732,3.7366551021396273,2
1584,1784,3.677826296897992,4
1584,3671,3.709827690016194,3
1584,3730,3.6747155554581115,3
1585,2395,3.745000536354553,1
1586,112,4.64748219443967,3
1586,1127,4.549592880017901,4
1586,1304,4.65379767132431,5
1586,2005,4.352899024453526,4
1586,2396,4.660442813645267,5
1586,2622,3.0,4
1586,3635,4.321219310131547,4
1587,180,3.4785765232990267,4
1587,364,3.644849259595723,4
1587,932,3.0,3
1587,1041,4.248638742411149,1
1587,1207,3.7869365355410154,5
1587,1285,3.7029712079508457,5
1587,1541,2.762925460102692,4
1587,2072,2.7636429628931416,1
1587,2248,3.7577714046425097,4
1588,497,3.855897036371883,5
1588,2078,4.7509027205892345,3
1588,2395,4.23927044521642,4
1589,2291,4.053488536759832,4
1589,3072,4.292860803790888,4
1589,3865,3.0,3
1590,3036,3.0,1
1590,3897,4.209384123629285,4
1591,595,4.304069479890795,5
1591,1416,3.0,4
1591,1732,4.54658177000913,4
1591,2240,4.382896976220459,5
1591,2313,4.739072376049233,4
1591,3070,4.268045908919507,4
1591,3552,4.329463144687183,4
1592,648,3.587604664033904,3
1592,1240,3.7306954928139024,3
1592,1263,3.9153417290591888,4
1592,2105,3.6112088565386977,5
1592,2248,3.7628689896582297,4
1592,3439,3.0,2
1592,3526,3.6930391973238916,4
1593,1345,3.041041056022229,3
1593,1393,3.3870448722431785,4
1593,2288,3.381487702259768,3
1593,2657,3.4472419890690205,3
1593,3013,2.0,3
1593,3271,3.764482191983852,3
1593,3624,2.4912252729285007,4
1595,1240,4.300493854955436,5
1595,1307,3.992948055141619,4
1595,2367,3.035490926364593,5
1595,3016,3.368597027984712,3
1596,527,4.180515106971832,4
1596,2716,3.5043910098773985,3
1597,246,4.4558135506829935,5
1597,2291,3.7515814073638847,5
1597,2858,3.858223692827743,5
1597,2948,3.78812715707824,3
1597,3423,3.0,3
1597,3424,3.932733580374341,5
1597,3543,4.037824123467022,3
1598,1391,3.6646066780672673,4
1598,2021,3.7503919015636678,3
1598,2053,2.752640120777107,2
1598,2311,3.793179045607072,4
1598,2827,3.0,1
1598,3702,3.8885534559422292,5
1599,36,3.510864525797553,5
1599,270,3.0,2
1599,344,3.09329665269994,4
1599,353,3.261544292183361,1
1599,953,3.4508562439581087,3
1599,1019,3.4174033317481,4
1599,1092,3.3193614095770165,4
1599,1431,2.6670912818068446,3
1599,1702,2.989034041691685,3
1599,2297,3.0348876146163786,5
1599,2471,3.207924339133147,3
1599,2796,3.424123958906191,4
1599,2858,3.3817585171661406,3
1599,3210,3.2435257834234283,3
1599,3252,3.6864379072529987,4
1599,3255,3.274819105933676,4
1599,3300,3.783299440042442,3
1599,3484,2.0,3
1600,160,3.6616144087101694,2
1600,234,3.0,3
1600,432,3.2882102906871062,3
1600,902,4.087202141297132,4
1600,1049,3.7172967146557725,3
1600,1135,3.7132774424968407,3
1600,1198,3.7251903812540026,5
1600,1373,3.4804846234679525,2
1600,1500,3.9460609784212113,4
1600,1552,3.747325448012906,4
1600,1562,3.0682648145404396,2
1600,2617,3.332850896060777,4
1601,112,3.857846290379764,3
1601,1379,4.212520944576617,4
1601,1722,4.130751757766327,5
1601,1876,4.0674024227604,3
1601,2997,4.455772838731978,5
1602,1225,4.162460230884308,5
1603,517,5.0,4
1603,3948,4.466937323245878,3
1605,13,3.327741455476474,3
1605,43,3.0,4
1605,107,3.2381303252286457,2
1605,118,3.0,3
1605,223,3.5015421470963255,3
1605,230,3.351461825617765,2
1605,256,3.0,3
1605,337,3.5917759479254054,3
1605,419,1.0,2
1605,497,3.7203992648528064,5
1605,515,3.4779529580827737,3
1605,593,3.6583060313257443,5
1605,595,3.7253636414623443,4
1605,1009,3.712879200711846,3
1605,1033,3.6566159229562296,3
1605,1347,3.2115313502668736,4
1605,1449,3.558227984188017,4
1605,1590,3.1656997761603,3
1605,1620,3.4301394240133516,4
1605,1633,2.722327007818855,3
1605,1734,3.0,4
1605,1993,2.8385053799851914,2
1605,2329,3.690622564699564,4
1605,2580,3.6948018513569667,4
1605,2844,3.0,2
1605,2936,3.68005177474639,3
1605,3117,3.0,2
1605,3125,3.0,3
1605,3127,3.0,3
1605,3148,3.8167056436245335,4
1605,3399,3.0,2
1605,3556,3.0,3
1606,185,3.6727008107289927,5
1606,198,3.7772377684290745,5
1606,350,4.438598943945155,5
1606,695,4.0,5
1606,1391,3.73172772427895,4
1606,1590,3.543262511954892,3
1606,1610,4.0310804441091115,5
1606,3113,3.551785087406851,2
1606,3697,3.6262102800881304,5
1607,1096,3.517521770546141,4
1607,1299,3.432113381785884,4
1607,1358,3.2746043099585918,2
1607,1447,3.0,3
1607,2337,3.0,3
1607,2610,3.0,3
1607,2700,3.101566362013998,4
1607,2714,3.0,3
1607,2870,3.0,2
1607,2969,3.0,3
1607,3104,3.2930446170278467,4
1608,2147,3.0,1
1608,2706,2.2795606163103366,1
1608,3005,1.9865369290079669,2
1609,364,3.620501786506256,3
1609,380,3.551781453315348,3
1609,780,3.553267997304377,3
1609,1097,3.7197416846908262,5
1609,1380,3.6440013751739238,3
1609,1707,2.5780744109656966,3
1609,1892,3.6547429294141853,3
1609,2891,3.0,4
1609,3082,3.0536896830040026,3
1609,3211,3.0,3
1609,3358,3.672386353188594,4
1611,47,4.023840018579358,5
1611,413,1.4738953315111463,4
1611,587,3.860707588808109,4
1611,1057,3.0,4
1611,2003,3.7697740459324662,3
1611,2126,3.4621779285736016,3
1611,2140,3.8113169855779727,4
1611,2366,4.186975253461037,4
1611,3203,4.1648283267292685,4
1611,3298,3.6101202726420456,4
1611,3461,3.0,4
1613,22,3.4540238320325827,4
1613,153,3.3549568235330005,3
1613,785,3.459491695520552,4
1613,786,3.300304193190295,4
1613,1101,3.804513937780169,4
1613,1220,4.028531811286452,5
1613,1440,3.0,3
1613,1620,3.3292801110570815,4
1613,1633,4.485727463440865,4
1613,2080,4.178645299632002,4
1613,2422,3.1754244241653056,1
1613,2477,3.0,2
1613,2683,3.741356860346844,4
1613,2722,2.8439530788105336,2
1613,2762,3.8360478561633453,4
1613,3450,3.8467024987757066,4
1613,3723,3.0,4
1613,3835,3.0,1
1613,3868,4.130628750988051,4
1613,3877,3.0,1
1615,3948,3.8511874519618,3
1616,1047,2.398949031631457,5
1616,1398,3.0,3
1616,2174,3.1474909002771256,3
1616,2542,3.872364556738608,3
1616,2683,3.1843904084097883,2
1616,3053,3.0,4
1616,3254,2.9935201710821784,3
1617,36,3.6934336578129185,2
1617,316,3.2623073309329165,4
1617,366,2.2576548987945286,2
1617,457,3.424580417943989,5
1617,780,3.3629258021206394,4
1617,1265,3.4727797481445184,5
1617,1676,3.71314518422045,4
1617,2657,3.6989467875292767,2
1617,2683,3.4359902288091453,3
1617,3802,3.688371429984095,4
1618,1949,5.0,5
1618,2575,3.0,3
1618,3114,4.402886045777655,3
1619,858,4.166531942436884,4
1619,954,4.365287064549309,4
1620,2580,3.756241956603374,5
1623,1196,4.327753958256988,4
1623,1687,3.0,3
1623,2396,4.330194241504354,4
1624,81,3.0,4
1624,589,3.1516974508947757,2
1624,2291,3.306268241999736,3
1624,2571,3.1635420458266164,5
1624,2792,2.726030287913298,2
1624,3802,1.8028895476371116,2
1624,3937,3.0,1
1626,781,3.0,3
1626,1333,3.868123588891929,4
1626,3018,3.0196407580907754,4
1626,3598,3.0,5
1626,3946,3.0,1
1627,3510,3.2009335398149688,4
1628,1054,3.0,4
1628,1584,3.869732138069777,5
1628,1699,3.0,3
1628,2243,4.189742052162332,4
1628,2384,4.411644948440261,5
1628,2421,3.28811343089581,2
1628,2692,4.2778603102987685,4
1628,3214,3.0,2
1628,3255,4.003412153980906,4
1628,3863,3.965689652681112,2
1629,1552,3.485663254304307,3
1629,1912,4.0193611987644475,3
1630,504,1.2351174297510958,2
1630,1711,3.418667539461399,2
1630,1876,2.338454595931049,3
1630,2549,1.5165286075402724,1
1631,477,5.0,4
1631,2067,4.455887805594109,5
1631,2078,4.0364784256373625,5
1631,2496,3.7087378149461663,4
1631,3144,3.0,4
1632,145,1.6481414386446656,2
1632,272,3.162543367866519,3
1632,778,3.4485985172507165,3
1632,978,4.474740923155924,4
1632,1013,1.5187016323826326,1
1632,1094,3.2448226251618277,3
1632,1136,3.1014251145554512,5
1632,1259,3.037432720244852,3
1632,1264,2.0,2
1632,1279,4.0,3
1632,1883,3.1751364756216933,2
1632,2140,2.8267403771477366,4
1632,2374,1.7122544454692599,1
1632,2762,2.940356207597645,3
1632,2944,2.9857681549797346,3
1632,3174,2.49128082230432,3
1632,3347,3.0,3
1632,3622,3.0,3
1633,3484,2.475646544795321,1
1635,25,4.317691436967541,4
1635,180,4.109794691684902,4
1635,450,3.2456700448362437,3
1635,1231,4.49923232327438,4
1635,1266,4.292229995879604,5
1635,1858,5.0,5
1635,1911,3.503587227620182,4
1635,2232,4.515875877698363,5
1635,2414,3.7937402200597683,5
1635,2447,3.3416576923714247,3
1635,2863,4.653730422814836,5
1635,2949,4.151450036362653,5
1635,3256,3.6174242159577488,4
1635,3471,4.201569057384226,5
1635,3487,3.9820885033774327,5
1635,3668,3.0,5
1635,3836,4.4309021706318585,4
1636,223,3.2534499004042745,5
1636,232,4.0,4
1636,593,3.441071513888593,5
1636,2485,1.6503925364284457,1
1638,1193,4.470843341963051,5
1639,253,3.941579711608697,5
1639,431,3.8039322589414635,4
1639,1259,3.9792655298788966,4
1639,1278,3.9070990459661923,4
1639,1518,3.649192758085701,4
1639,1644,3.34879840256787,4
1639,1660,3.0,4
1639,1680,3.9495573400498474,4
1639,3063,4.0,4
1639,3253,3.797013519501123,4
1639,3255,3.7262623243470694,4
1639,3362,4.039462994760195,4
1639,3624,4.0,5
1640,2396,3.394987232127899,4
1640,2858,3.2417120885335224,5
1641,185,3.1834195078450183,4
1641,731,3.0,2
1641,1126,1.820505404212336,2
1641,2253,2.617560933102631,3
1641,2916,3.3254007627070856,5
1641,3919,1.251417419434309,2
1642,3099,3.6148008935295834,3
1642,3362,4.163689859828092,4
1642,3363,4.013710195368383,5
1643,353,4.373121530282758,4
1643,903,4.939916173463232,5
1643,1194,3.0,2
1643,1219,4.8043654536388845,5
1643,1291,4.423745240624047,3
1643,2268,4.446085586793025,4
1643,2664,4.641556197199242,5
1643,3160,4.406580082524633,4
1643,3686,4.554611989636145,3
1644,1911,3.629022820879138,3
1645,330,3.0,4
1645,333,3.927100521717212,5
1645,801,5.0,4
1645,810,5.0,2
1645,1022,4.445743505785545,5
1645,1541,4.31963486450724,4
1645,1580,4.035547899561258,4
1645,1911,3.4298832904141903,3
1645,2382,4.075613634869433,3
1645,2420,4.081201533666545,4
1645,3316,3.0,4
1645,3355,3.0,3
1645,3477,4.000320222007966,5
1645,3606,3.0,5
1645,3773,3.0,3
1645,3791,4.251823922463512,5
1645,3895,3.0,4
1646,1176,3.0,5
1647,172,3.2754640012053433,2
1647,327,3.204927399925979,2
1647,364,3.757684301787264,5
1647,509,3.787799630966746,3
1647,924,3.9120316415282312,5
1647,1219,4.03094335964335,5
1647,1569,3.7146007561660723,4
1647,1924,3.681855033774574,1
1647,2087,3.7358212928113,3
1647,2124,3.670766486884336,4
1647,2328,2.293682073472982,3
1647,2470,3.619136147687727,3
1647,2549,2.0,1
1647,2916,3.7200463520981573,3
1647,3536,3.7916303742509436,4
1647,3614,3.7174270593947436,4
1648,1597,3.5892583376436,3
1649,541,3.5396066181526544,4
1649,908,4.32439268635241,5
1649,1221,4.174641807945422,5
1650,1214,3.7004887564627986,4
1650,2114,4.0,3
1650,3527,4.040743874559776,3
1654,3418,4.028909498588665,5
1655,63,3.0,4
1655,231,3.8574023092078575,5
1655,788,4.041237038176029,2
1655,2706,3.8081402454270323,5
1655,2716,3.927996321002215,3
1655,3175,3.862014040320066,3
1655,3578,4.054422538919927,5
1658,42,4.0,4
1658,223,3.560786247036739,4
1658,538,2.641705186778503,4
1658,1273,4.315008270940021,5
1658,1394,3.4380575324062876,4
1658,1701,3.3019080341884623,3
1658,2064,3.516902809505009,4
1658,2624,3.0,5
1658,3000,4.0,2
1658,3060,3.0633827850801243,4
1658,3210,3.4397680772921553,4
1660,3883,3.0,3
1661,110,3.746964598694021,4
1661,2329,3.7886460334077925,2
1663,3484,3.0,4
1665,198,3.987730413499214,3
1665,2010,3.4161338100675014,2
1666,16,3.750978546930556,4
1666,333,3.3841423081663646,4
1666,1629,3.0,3
1666,1785,3.0,3
1666,1892,3.5669036802963663,4
1666,2580,3.7884543623828777,3
1667,210,3.0,2
1667,266,4.264664129042148,4
1667,329,3.3613620325702263,3
1667,356,3.8765321458245783,4
1667,405,2.6385525935905347,1
1667,516,2.512992060405263,3
1667,1197,3.8794334221073483,3
1667,1294,4.048023968183465,5
1667,1523,3.0,2
1667,1597,3.7244027486631364,4
1667,2367,3.8058854247325624,3
1667,2457,3.650364692195115,3
1667,2719,3.3123726160688003,2
1667,2756,3.0,3
1667,2956,3.6377014841829234,3
1667,3364,3.7598103992013137,4
1667,3406,3.0,4
1667,3499,3.9131643851292663,4
1667,3717,4.0,3
1668,1196,4.114296389140397,4
1671,17,3.875760642300511,4
1671,58,3.941325905647043,4
1671,441,4.081184985449695,3
1671,480,3.568103536025732,2
1671,900,4.036672308690229,3
1671,952,3.891480689465238,4
1671,1197,3.620334657715533,5
1671,1211,4.248712611893149,4
1671,1387,3.684343904552636,3
1671,1449,4.277797613586159,5
1671,1682,3.5016641354039506,3
1671,2183,4.189891406867467,4
1671,2396,3.7396930023043615,4
1671,2454,3.794675793143986,4
1671,2926,3.954220515875027,5
1671,2941,4.105196117736515,3
1672,589,4.42529731816715,4
1673,1198,4.303485358990711,5
1673,1682,4.712940272262444,5
1673,2364,3.0,3
1674,2961,3.0,3
1675,70,3.6645883276710425,5
1675,349,3.6738849097870823,4
1675,426,3.185923653379091,1
1675,546,3.1682986178468746,2
1675,1334,3.7304692111367386,1
1675,1866,2.7530506273832,4
1675,1967,3.714561490552571,4
1675,1988,2.9579590582936617,4
1675,2096,3.700377119665912,5
1675,2118,3.854885280761328,4
1675,2641,3.659380841461301,3
1675,2784,2.651339177773134,3
1675,2826,3.6117230424982245,3
1675,3489,3.656590154119782,5
1676,107,4.278756826720328,4
1676,135,2.8561202219839217,3
1676,238,3.0,3
1676,356,4.140062911314255,5
1676,464,3.3991860358116877,3
1676,587,4.050358245907482,3
1676,593,4.2350895833050215,4
1676,700,3.0,4
1676,709,4.554464371045326,5
1676,882,3.0,3
1676,1379,3.9114596210770145,4
1676,1750,3.0,2
1676,1976,3.074333685651437,4
1676,2006,4.04244635611586,4
1676,2019,4.648026679786599,5
1676,2033,4.445502694790213,5
1676,2060,3.4882136715939294,2
1676,2301,3.8953940834467433,4
1676,2353,4.010844465315136,4
1676,2687,4.695639091044543,5
1676,2805,2.5795180895474834,4
1676,2907,3.0,2
1676,3051,3.0,3
1676,3146,3.0,4
1676,3865,3.0,3
1677,110,4.744778298186627,5
1677,3865,3.0,1
1678,1673,3.8275073916946964,3
1678,1917,3.8436036329650367,3
1680,11,3.728364500675905,3
1680,147,3.0,2
1680,255,1.0,2
1680,362,3.0,3
1680,477,5.0,4
1680,485,3.129638774716615,4
1680,614,3.0,2
1680,923,4.120163028737657,3
1680,1014,4.239299523331156,3
1680,1063,3.0,4
1680,1093,4.338831053764886,4
1680,1100,3.007568321274039,1
1680,1171,4.626345968756446,4
1680,1199,3.9899390042286407,4
1680,1220,3.7754864836561186,4
1680,1223,4.220698997664618,4
1680,1334,4.249213985399383,4
1680,1361,3.0,5
1680,1388,3.6303939381237154,4
1680,1389,3.3744623323311553,3
1680,1416,3.0,3
1680,1513,3.8672964471037146,5
1680,1699,3.0,3
1680,2021,3.669219012232593,3
1680,2051,3.73535857585284,4
1680,2084,3.0,1
1680,2113,3.2511164824074688,4
1680,2125,3.508435708207034,4
1680,2248,4.033990884444004,4
1680,2316,3.4264614596796936,4
1680,2333,4.185961039243755,4
1680,2370,3.0,2
1680,2416,3.5994113382629402,3
1680,2450,3.41665475915617,2
1680,2458,2.927776836720826,3
1680,2505,3.034950391425518,2
1680,2577,3.0,3
1680,2642,3.3712646259821915,2
1680,2664,4.066731790559771,5
1680,2788,3.9772570083921215,4
1680,2792,3.5322195485056556,4
1680,2912,4.026150452257359,5
1680,2952,3.0,3
1680,3081,3.6984727374358584,4
1680,3552,3.835621589854189,4
1680,3730,4.192001190625933,5
1680,3941,3.0,4
1681,1199,4.604296443528963,5
1683,1970,1.1433852455039761,1
1683,2076,4.461351421770343,3
1683,2148,1.0,1
1683,2418,3.0,3
1683,3526,4.033776188589322,4
1684,337,4.259056292148916,3
1684,3535,3.0,2
1685,101,4.0,3
1685,1120,3.5211911198424257,4
1685,1125,3.280853839882048,4
1685,2736,3.9636479715037707,3
1685,2757,3.0,3
1685,3260,3.5087492988222446,4
1685,3622,3.0,2
1685,3684,3.338709812669793,3
1686,3594,3.0,5
1687,485,3.4244294318751853,2
1687,719,3.3760278250077493,4
1687,840,3.0,3
1687,1580,3.8713319010595804,3
1687,1885,4.14663281873507,5
1687,2012,3.741943060863663,4
1687,2134,3.588008862319829,4
1687,2431,3.854587304257544,4
1687,3087,3.5802663905873544,2
1688,1097,3.492398243156923,1
1688,2617,3.5042287279681146,5
1689,788,3.4527853763546528,3
1689,1198,3.4770726372479026,4
1689,1580,3.9200361037977207,5
1690,3565,5.0,4
1690,3712,4.659408233225996,4
1691,2105,3.3911105628149363,3
1692,1187,3.0,4
1692,1219,4.5921070749892445,4
1692,1225,4.682335807702327,5
1692,1944,4.510116364831853,4
1692,3816,3.0,4
1693,39,3.6344660900853167,3
1693,1022,3.6989906604539886,3
1693,1093,3.6068909846771318,2
1693,1204,4.263080788088322,5
1693,1214,3.850640250659959,4
1693,1929,3.0,4
1693,1947,4.239833949074071,4
1693,2352,3.8482347592964445,3
1693,2759,4.067642552324172,3
1693,3037,4.183013549288561,5
1693,3176,3.5919336766754153,2
1694,21,3.8698250930431035,3
1694,933,4.294923409351222,4
1694,1252,4.261894614244871,4
1694,1405,3.5426402010656,3
1694,1610,3.9245344228621164,5
1694,2060,3.004551216823731,3
1694,2529,3.942259397082238,5
1694,2641,3.8481746012308125,4
1695,1127,3.7284507004257237,4
1695,2396,4.141930413046345,5
1696,442,3.5543707491637826,1
1696,524,4.430515020405848,3
1696,786,3.6528510168627393,3
1696,1660,3.0,3
1696,2527,3.7721464184994864,3
1697,261,4.238855098128306,5
1697,364,4.56372243174535,5
1697,2294,4.702926688507537,5
1697,2529,4.180370272436666,4
1697,3039,4.500915407038673,4
1697,3271,4.494101024795237,4
1697,3360,4.467093093401013,5
1697,3499,4.433759070842741,4
1697,3552,4.5102720183380685,5
1698,16,3.910044204562694,4
1698,48,3.955177429934296,3
1698,303,3.2698596926902903,4
1698,485,3.148419826517527,3
1698,496,3.0,4
1698,728,4.0,4
1698,1230,4.399798483521051,5
1698,1237,4.584435601392496,5
1698,1248,4.394805063496286,5
1698,1354,4.37342115906123,5
1698,2067,4.423673499108162,4
1698,2076,4.139272272099687,4
1698,2247,3.594020108150799,3
1698,2628,3.902833908374636,2
1698,2712,4.4203292151997715,4
1698,2904,3.0,4
1698,3159,3.0,3
1698,3363,4.147639783590583,4
1698,3441,3.3735141199884575,2
1698,3633,3.4851585556447815,4
1698,3685,4.180414449823528,2
1699,858,4.463798954308038,5
1699,899,4.617965450616187,5
1699,912,4.564557083889529,5
1699,949,3.0,5
1699,1282,4.402490023152927,5
1699,1964,4.84225677521633,5
1699,3142,3.0,3
1699,3532,3.0,4
1699,3547,3.0,4
1699,3679,3.0,5
1699,3795,3.0,5
1700,3824,3.0,1
1701,272,3.4586429058216033,3
1701,371,3.0,3
1701,590,3.869508863198586,4
1701,608,3.825270626416465,3
1701,707,3.0,3
1701,804,2.9999999999999996,3
1701,1233,3.8622823825269554,4
1701,1407,3.7946978779161364,1
1701,1941,3.0,3
1701,2420,3.77111281669163,3
1701,2690,4.532142867991163,4
1701,2709,3.0,3
1701,2975,3.0,4
1701,3020,3.7734306013930317,3
1704,2148,3.0,3
1705,1556,4.0,2
1705,2081,3.7709202191495113,4
1705,2541,4.52083800356068,4
1705,3358,3.0,3
1706,1392,3.0,4
1706,1916,5.0,4
1706,2324,4.150387993238041,5
1706,3743,3.0,1
1707,300,4.473344711513743,5
1707,1580,4.183385214281882,4
1707,2501,4.782254268349871,5
1709,1380,3.758326063480264,5
1709,2012,3.6980120044296236,2
1709,2208,2.0,5
1709,3033,3.5879953024167053,4
1709,3751,4.201793428829247,4
1710,449,3.0,5
1710,2720,2.0,2
1710,3863,4.5770590014936365,4
1711,1415,3.0,4
1712,1,4.044213826243688,5
1712,515,3.291859693653868,1
1712,923,3.985206844887068,2
1712,953,4.047958723164249,5
1712,988,3.0,3
1712,1095,3.828450366096348,4
1712,1193,4.058278138357466,3
1712,1231,4.04097795360547,5
1712,1242,4.1505064703422825,4
1712,1263,4.0507293064927445,3
1712,2144,3.927970189660269,3
1712,2204,3.0,4
1712,2259,3.0,2
1712,2278,4.333325296497163,3
1712,2329,4.311659964590121,5
1712,2411,3.1080897477137426,2
1712,3090,3.0,2
1712,3471,3.9781315707086122,4
1713,3409,3.949350816002135,4
1714,610,3.503580804440725,4
1714,648,3.4919020014088114,2
1714,3254,3.2458835883852393,3
1714,3864,3.0,4
1716,2713,2.784268457193172,3
1716,3752,2.7336195855742518,3
1717,308,5.0,5
1717,599,4.003921587825177,4
1717,1259,4.014461943425816,4
1717,1391,3.351507423821984,4
1717,2010,4.6841077812927,5
1717,2527,3.9625702562623015,5
1717,2968,3.5795688523649773,5
1717,3175,3.479600507509592,3
1718,1358,4.750310232750859,5
1718,2692,4.801358041912192,4
1719,912,2.754354132732117,3
1721,2699,2.5452969341823737,3
1721,2797,2.8159686730216222,2
1722,924,4.728817457092408,4
1722,1407,4.483402898008437,5
1722,2287,4.769448719128166,5
1722,2513,4.179632817814917,4
1722,2782,4.194754950497157,5
1722,3017,3.8036213642993557,3
1722,3927,5.000000000000001,5
1723,3175,3.86308199559248,5
1723,3638,3.9208821993743057,4
1724,265,4.704102304951953,5
1724,1954,4.351715966985076,5
1724,2100,4.322521143760241,4
1724,2716,3.937878143291882,3
1725,2605,3.6818289007790064,4
1725,2719,3.6323882453286083,3
1725,2826,3.7154819095858547,2
1726,165,2.297972577695867,4
1726,172,2.166672185817323,1
1726,1676,2.753023239490248,4
1726,2013,3.4275351466223114,3
1726,2094,2.8978796361942236,5
1726,2427,3.5440668790598697,3
1726,3029,1.5976230275437606,3
1726,3768,1.0,1
1727,70,4.104735288243679,4
1727,493,4.0,4
1727,1019,4.238046713657804,5
1727,1260,4.684909060736032,4
1727,1373,3.956045750700916,3
1727,1388,3.3453072355564224,3
1727,2115,4.165504690559699,4
1727,2571,4.237580248112042,5
1727,2952,3.0,4
1727,2991,4.3076953895109265,4
1727,3699,4.21529225939675,4
1727,3809,4.095843630724385,4
1728,1270,4.327970874836134,5
1730,2028,3.65983122561893,5
1732,3624,3.0,5
1733,186,3.0,2
1733,431,4.0,3
1733,490,2.0,3
1733,501,5.0,5
1733,610,3.517915716017294,3
1733,648,3.4452442419122002,2
1733,733,3.4338500479945564,3
1733,903,4.163203632786741,4
1733,1228,4.259082255434658,4
1733,1258,3.8078787408247945,4
1733,1334,3.7831132291114176,4
1733,1483,5.0,5
1733,1517,3.606561101552389,4
1733,1880,3.0,4
1733,1889,3.0,5
1733,1912,3.7599009775360033,4
1733,2231,3.5073625055747906,3
1733,2541,3.260097085110763,3
1733,2813,3.0,4
1733,2846,3.0,3
1733,2952,3.0,5
1733,3159,3.0,4
1733,3241,3.0,4
1733,3526,3.8373186427632064,4
1733,3556,4.025382712644553,3
1733,3917,2.7678934508588955,4
1735,3439,3.0,2
1736,19,2.7275682205513716,1
1736,2410,3.628581488082876,2
1736,3704,3.4652385155380365,3
1737,112,4.01290402032736,4
1737,145,4.263821285373998,3
1737,328,2.9150317470212115,3
1737,333,3.7546299167399297,4
1737,440,3.876695208825535,4
1737,457,3.954943029227178,5
1737,543,3.9088106128175877,4
1737,1089,3.9721640314988487,4
1737,1377,3.8005236521589407,4
1737,1744,3.5331850703563563,4
1737,1754,4.159861257591426,4
1737,1833,4.140868618813076,4
1737,1995,2.6033228287926096,3
1737,1999,2.7332822066299984,2
1737,2193,4.001667994624357,4
1737,2322,3.908785348878229,4
1737,2448,4.0,4
1737,2539,3.8934334822361514,3
1737,2710,3.909320289675152,1
1737,2917,3.936180538933502,4
1737,3082,4.119380228652197,4
1737,3147,3.8110727594762177,5
1737,3253,3.8775006884964953,4
1737,3450,3.9094519056231096,4
1737,3839,3.0,2
1738,1127,3.900099987165273,2
1739,3793,3.290914942864465,3
1740,942,4.43021005024451,5
1740,1204,4.127320418673968,5
1740,1267,4.326798756434896,5
1741,24,3.5391717599348835,5
1741,342,4.552360926869852,5
1741,466,3.6708241773936554,3
1741,902,4.739974737430958,5
1741,1616,3.57444494057798,4
1741,1788,3.0,5
1741,1946,5.000000000000001,4
1741,1960,4.680422563220375,5
1741,2080,4.495264332268772,5
1741,2132,4.6816511582036995,5
1741,2414,3.9153595833601766,4
1741,2575,3.0,4
1741,3783,3.0,5
1742,1321,3.866586630591827,3
1742,3438,3.4383691580996594,2
1743,247,3.6869152093889768,5
1743,1201,4.610021118986025,5
1743,1248,4.882472840182586,4
1743,3300,2.652698042844184,3
1744,593,4.261165025903728,5
1744,800,3.796417805415724,2
1744,1304,4.436145820581098,5
1744,2407,4.00791503201788,4
1745,2028,3.746442834153277,5
1746,405,3.354713907073288,3
1746,1920,4.270973666334701,3
1746,2173,3.0,4
1746,3054,3.0,2
1747,2085,2.350789974783468,3
1747,2133,1.9113519179573284,1
1748,10,3.461969312424009,3
1748,908,3.8819293645624153,5
1748,1078,3.865471411362412,4
1748,1086,4.084873003579772,4
1748,1187,3.0,3
1748,1266,3.7289304665159193,3
1748,1721,3.6232772181942554,3
1748,2424,3.4252297971286856,3
1748,2475,3.0,3
1748,2871,3.8167749010182406,4
1748,3056,3.0,3
1749,154,3.0,5
1749,213,3.0,3
1749,357,2.601477938482104,3
1749,448,3.0,3
1749,645,3.0,4
1749,841,5.0,3
1749,1023,2.084762278656269,2
1749,1078,2.8973558780599116,3
1749,1198,2.8685553772786223,3
1749,1289,3.0,3
1749,2029,3.0,1
1749,2114,1.711350143277072,3
1749,2145,2.3234686015691723,3
1749,2174,2.868800178106238,3
1749,2243,2.6348516175912238,3
1749,2318,3.60505963878044,3
1749,2459,2.554705591676697,3
1749,2687,1.9975712031504391,1
1749,3217,3.0,2
1749,3251,2.0787943776133733,2
1749,3468,3.008443776854154,3
1749,3685,2.6911573840689833,3
1750,1676,3.5438164113929997,4
1750,3317,2.7098793602511937,4
1750,3851,3.0,5
1750,3864,3.0,1
1752,235,4.093669994418687,4
1752,373,3.0,4
1752,678,4.0,4
1752,965,5.0,3
1752,1084,4.086235785534241,4
1752,1095,4.175977676186896,5
1752,1631,3.0,5
1752,2355,4.162967215464392,5
1752,2549,3.0,2
1752,2643,3.254232122655676,2
1752,2696,3.0,5
1752,3526,4.171952294830156,3
1753,246,4.497437285438903,5
1753,317,3.9833328072044103,3
1753,551,4.127814522384425,1
1753,1772,3.0,3
1753,3535,3.0,3
1755,1,3.957426853784639,4
1755,900,4.207889840845384,4
1755,914,4.167706710270968,5
1755,1104,4.434478863745094,5
1755,1219,4.163843809769174,5
1755,1754,3.476041561152059,3
1755,1783,3.0,4
1755,2335,3.534825751644032,3
1755,2935,4.679326538157257,5
1755,3254,3.700515164674048,3
1755,3646,3.0,1
1756,785,2.379105828767682,1
1756,3176,3.0011285422372986,1
1757,339,3.8650621080858416,4
1757,1196,4.119420645370078,5
1757,1252,4.654535737132611,5
1757,1603,2.9808278101641594,3
1757,1617,3.9563153611411654,5
1757,1917,3.6710482835037146,2
1757,2021,3.991686420216245,5
1757,2529,3.642872272475973,5
1757,2657,3.8146619833711526,4
1757,2692,4.658089363065035,5
1757,3685,4.329381116331716,4
1758,198,3.1680962806547983,3
1758,436,3.0,2
1758,532,3.9859698808507655,2
1758,1096,4.208312561646155,4
1758,1719,4.696732514642191,5
1758,1904,3.0,5
1758,2240,4.004577345094946,2
1758,2844,3.0,4
1758,2926,4.128851564527589,4
1758,3020,3.860741720803015,4
1758,3450,3.8565538472504186,4
1759,104,4.20128839535552,3
1759,639,3.0,2
1759,3276,3.0,4
1760,3612,3.0,4
1761,780,2.078307852916071,2
1762,2406,3.841116376742368,4
1763,3114,3.7898991408429796,4
1764,21,4.236196553911758,4
1764,44,4.3445411786261054,4
1764,104,4.501649062664945,4
1764,479,3.995559412299158,4
1764,516,4.152296154532797,5
1764,849,4.46449332961926,4
1764,1476,4.570421359179392,4
1764,1858,4.0,4
1764,1917,4.474525210840731,5
1764,2003,4.409360321042468,4
1764,2046,4.583015028398389,4
1764,2278,4.599020984962523,4
1764,2373,4.468775494727962,4
1764,2422,4.305169643893299,4
1764,2468,4.244543141108449,3
1764,2490,4.4165671177455605,4
1764,2642,4.400638335491609,4
1764,2713,4.218130683696826,5
1764,2863,4.312751396987301,4
1764,2916,4.478945503822967,5
1764,3174,4.310688148179535,5
1764,3301,4.646966227311946,5
1764,3507,4.214584954003025,3
1765,1623,3.0,3
1765,3160,4.63101188756503,4
1766,144,3.0,4
1767,21,3.843631442405921,3
1767,1288,4.061354334461033,5
1767,2280,3.0,3
1767,3298,3.733717940234955,4
1767,3536,4.309941858414222,3
1767,3671,3.9544961707616317,4
1767,3704,3.572229615417529,2
1768,1193,3.7600962808498024,5
1768,1957,3.694225635253535,3
1768,2194,3.7428571740774306,3
1768,2370,3.0,3
1769,1093,3.670678993657995,3
1769,1230,3.899753825436622,5
1769,2581,2.4368857092513387,2
1769,2606,3.0,1
1769,2712,3.8543678345766397,3
1770,1297,3.5345688708920826,3
1770,2134,3.2419824174547847,4
1770,2151,3.0,3
1770,2457,3.1686164021687078,3
1770,2470,3.3703505055703182,3
1771,1196,4.61048305180415,4
1773,161,4.1162432911091384,5
1773,1617,3.5097706402240947,5
1773,2997,4.258178171750553,4
1774,3325,3.0,4
1775,1090,3.987598025260816,4
1775,1298,3.991325794237889,3
1775,2028,3.937013674543081,4
1775,3007,3.0,4
1775,3635,4.013439976308671,3
1776,231,3.5992655296252236,5
1776,880,3.5819356055123985,3
1776,1258,3.244561092044536,4
1776,1921,3.415461957744592,2
1776,2662,3.435824168710007,3
1776,2798,3.5358889983078097,2
1776,2822,3.7961587023515992,3
1776,3017,3.2110220980473794,3
1776,3208,3.5442791514702514,3
1776,3660,2.4032529468071626,2
1777,2550,3.0,4
1777,3811,4.49237815833397,3
1778,89,3.7361300878932013,4
1778,374,2.8431731349167224,3
1778,761,3.0,3
1778,765,3.2420076699876224,3
1778,1196,4.1570244153827,4
1778,1374,3.835873406693104,4
1778,2001,3.8087563570700342,3
1778,2314,3.0,3
1778,2997,4.4177874929622005,4
1778,3256,3.7573877196472125,4
1778,3458,3.0,3
1780,165,2.9123768589113146,3
1780,292,3.0198766297395356,2
1780,353,2.905541468386401,3
1780,940,3.456813312724947,5
1780,953,3.255932073630298,4
1780,1006,3.0,3
1780,1267,3.560433751956111,4
1780,1949,4.0,2
1780,2478,2.913479784816289,1
1780,2791,3.1066103841001302,3
1780,2985,2.969440897165772,4
1781,1982,3.479146582427648,5
1781,3153,4.455281003814015,3
1782,3185,3.0,4
1784,1779,2.70586885076783,3
1785,3301,3.4084584414897927,2
1786,3510,3.96409097448742,4
1786,3540,3.0,3
1786,3786,3.0,3
1788,3649,3.0,4
1789,3624,4.375194123788772,4
1790,231,4.459495569162032,5
1790,585,4.201946672747576,5
1790,1405,4.649146276537899,5
1790,1694,4.3444245679005915,4
1790,1722,4.626165622294278,4
1790,2667,3.0,2
1790,3704,4.409374776142927,5
1791,198,3.705777280691394,4
1791,999,3.0,2
1793,502,1.9838953010402292,1
1793,589,3.806380189726427,4
1793,903,4.34138500617021,4
1793,1527,3.6155630599183644,4
1793,1586,3.1321858376181986,1
1793,1595,3.0,1
1793,2028,3.888359787478941,5
1793,2253,2.660459198814879,1
1793,2312,4.174162569905104,5
1793,2454,4.0,3
1793,3477,3.0,3
1794,62,3.068847902648995,4
1794,805,3.1146886906135736,2
1794,1094,2.996813636749714,1
1794,1302,3.23054500431296,3
1794,1729,2.8392851282879854,1
1794,2174,2.854843834724179,1
1794,2671,2.7207873519089443,1
1794,2826,2.285092485388246,1
1794,2915,3.21291111932029,3
1794,2985,2.7029979323871576,2
1794,3298,2.0,2
1794,3317,1.8005383876833372,2
1796,246,4.387528246583348,4
1796,1104,4.5333094050434655,5
1796,2243,4.1954869598522,5
1796,3019,4.500876340142717,4
1796,3308,3.653006181698735,3
1797,28,3.0,5
1797,1094,4.162645270565128,3
1797,1944,4.412215289142581,5
1797,2455,3.7997577317798514,1
1797,2970,3.0,4
1798,1953,3.86580208965346,5
1799,441,4.063765684290595,4
1799,3362,3.8452621651044074,5
1800,1197,4.073159359429084,5
1800,1408,3.8728563773684135,5
1800,3274,2.944026506527091,3
1800,3360,4.608685863268151,5
1800,3484,4.0,1
1802,36,4.817944483440722,4
1802,955,4.721202985268703,4
1802,2713,3.7785603658439357,2
1803,849,3.5891115032245646,3
1803,1367,3.0,3
1803,2004,3.470263607068374,3
1804,497,3.915383335105171,5
1805,1920,3.988080814180215,1
1806,1911,3.63929438933081,4
1806,2094,4.588826581600266,4
1806,2916,4.3826448968887455,4
1806,3298,2.800043369565661,4
1807,464,1.0,3
1807,788,3.043860916248317,4
1807,1127,2.981021313552718,3
1808,3624,3.6788600716181312,4
1809,260,3.81408844376772,5
1809,2336,3.778156032488988,3
1809,3300,3.0,4
1811,3753,4.526553211196637,4
1812,508,3.8560352346201023,5
1812,653,3.5575486560350957,4
1812,673,3.0691643047024093,3
1812,750,4.011043724201796,5
1812,1348,3.0,5
1812,1441,3.721643463076425,5
1812,1527,3.7323124197635225,4
1812,1758,3.0,4
1812,2005,3.6113689486227414,2
1812,2133,3.5732695080949544,5
1812,2311,4.135691042946651,5
1812,2321,4.0050602088763,4
1812,2355,3.716325074531247,4
1812,2379,2.5786457659374094,1
1812,2613,3.446503235983286,5
1812,2717,3.364965975406837,5
1812,3071,4.228487922818164,5
1812,3082,4.1386302994859365,3
1812,3113,4.01315662305009,1
1812,3255,3.958352877502629,4
1812,3697,3.5838230202689343,5
1812,3705,3.392772321242084,3
1814,1882,3.561794934969762,2
1814,1909,3.369573057196646,4
1815,741,3.0,4
1816,293,4.121245893529408,5
1816,1304,4.219002861708964,5
1817,1527,3.184589284192986,4
1817,1882,2.4230147426887894,1
1817,3617,2.351006195657212,1
1817,3751,3.80729291030939,5
1819,945,2.9798629188676897,4
1819,3703,4.034818289899812,4
1820,474,4.071468577862324,4
1820,1060,4.014148685963383,5
1820,1130,3.944893462441456,3
1820,1193,4.249738105049267,5
1820,1221,4.135787924069022,4
1820,1258,3.895880896303522,4
1820,1327,4.081817739576058,5
1820,1373,3.058545969972504,2
1820,3699,4.158331200004442,4
1822,858,4.234400672672349,3
1822,2463,3.6148486246876232,4
1824,362,3.0,3
1824,1973,2.0,1
1824,2724,4.149112386183528,3
1824,2796,2.000553719651993,3
1824,3499,3.8760712930628545,3
1824,3752,3.4870431143724137,2
1824,3898,3.0,1
1825,685,3.0,3
1825,1265,3.575230302031371,2
1825,3256,3.2526958622011035,5
1826,2527,3.702758930025559,3
1827,1327,3.0,4
1828,466,3.2463926298585184,2
1828,1265,3.6257015033112956,3
1828,1405,3.4229193583697164,2
1830,733,4.337437174624901,5
1831,423,3.0,2
1831,2485,3.271396461534093,4
1831,3593,2.0,2
1833,2324,3.98469636724092,4
1833,2890,3.7172782801691078,4
1834,2664,4.10342047909892,3
1835,1179,4.75837174122995,5
1835,1389,2.87063791427298,4
1835,1391,4.289789426326178,4
1835,1394,4.630887785054218,5
1835,1438,4.009448064613403,4
1835,1594,4.844294010204314,5
1835,1676,4.1812809319468895,4
1835,1845,4.667671838744251,5
1835,1909,4.358821244433594,5
1835,1918,4.054904640734202,5
1835,2002,4.122747571513748,5
1835,2138,5.0,5
1835,2379,3.402949513411566,2
1835,2403,4.17622524906409,5
1835,2710,4.43070302859897,5
1835,3044,4.537308727314059,4
1835,3081,4.405580404472492,4
1835,3147,4.5608338678367915,5
1835,3361,4.67016652518536,5
1836,235,4.429947103106081,5
1836,919,4.4576247133395706,4
1836,1094,4.462649632724781,4
1836,1179,4.544264973616017,4
1836,1186,4.674951694272028,4
1836,1361,3.0,4
1836,1394,4.489264378679155,5
1836,1649,4.7132092681643,4
1836,2108,4.334416235460223,5
1836,2300,4.7370377686278555,5
1836,2395,4.396148169320657,4
1836,2706,4.303885574186807,4
1836,2750,4.599217421282705,5
1837,123,3.0,5
1837,208,3.159011282211746,4
1837,441,3.6993893352296547,5
1837,1198,3.7276276628678886,5
1837,1214,3.7322284114425783,5
1837,1263,4.2433983939726625,4
1837,1320,3.294705000427068,5
1837,1376,3.624754236679095,4
1837,1625,3.7027432549963204,5
1837,2115,3.5597802998937085,5
1837,2366,4.204569773911399,4
1837,2472,3.0,3
1837,2580,3.8190126315669244,3
1837,2628,3.495020872269355,3
1837,2787,4.0794970010503135,3
1838,3755,3.0374866357127526,3
1839,524,3.8217711771393765,1
1840,3471,3.821665797276449,4
1841,593,3.6363346756933814,3
1841,1258,2.6613390729661752,4
1841,1704,3.568012631491739,3
1841,2395,3.5310538048095057,5
1841,2567,2.7272263065919287,2
1841,3785,2.583458517909274,2
1842,52,4.209867775820239,4
1842,1090,4.626140047368335,5
1842,1245,4.866073760290654,5
1842,1391,4.21931665382407,4
1842,2546,3.0,2
1842,2672,4.0,2
1842,2701,4.190819146278429,2
1842,3181,3.0,5
1842,3882,4.493515788938759,3
1843,589,4.0608704362931975,4
1843,923,4.481089755265867,5
1845,253,2.9330807159331513,1
1845,300,3.3453046107124256,2
1845,477,3.0,3
1845,1777,2.9280564723206055,3
1845,3246,3.344027406672358,3
1846,1090,4.151642452438228,4
1847,678,3.0,4
1847,2858,4.604619325655241,5
1849,2353,4.15576252980022,4
1850,589,4.270335677893874,4
1850,2081,3.8653303013012548,5
1851,296,3.3880285427853085,5
1851,356,3.269585717672573,4
1851,407,2.3594931030895707,3
1851,650,3.0,3
1851,748,2.584066181861751,2
1851,1527,2.9715208485862714,4
1851,2450,2.6388393378049133,1
1851,2672,2.495648240286517,3
1851,2808,2.3793292336088294,2
1851,3525,2.59452881600253,2
1851,3939,2.0,2
1851,3949,3.4700537018276782,4
1853,348,4.251125732829934,5
1853,3543,4.578608361196383,3
1854,196,2.7933732458461327,2
1854,216,2.2409604678238386,3
1854,1021,3.0,2
1854,1206,3.4796635571446335,3
1854,1476,3.0702048738768135,3
1854,1643,3.0,3
1854,1892,3.7302024786673864,3
1854,2629,3.0,3
1854,2856,3.0,3
1854,3703,3.310315276973307,3
1855,457,3.4126984520890584,4
1856,1219,4.925909049269417,5
1856,1544,4.754643917882204,5
1856,2657,4.736822900668089,4
1856,3932,4.62442063796315,5
1857,551,4.3288231360923195,4
1857,1907,4.326259317280431,5
1857,3751,4.320082077149539,3
1858,2005,4.3460563123374145,4
1860,318,3.737045171976559,3
1860,1265,3.647680075261541,3
1860,2054,3.298854021220895,2
1860,2396,3.7512621417277465,4
1860,3450,3.796446634995712,2
1860,3572,3.0,1
1861,2,3.237114044545009,2
1861,592,3.453474683009274,3
1861,1219,3.7310010257909862,3
1861,1222,3.5975818178037473,3
1861,1673,3.6091211792899194,3
1861,2105,3.3502574239578786,2
1861,2109,3.495095845443228,2
1861,2289,3.6985267291700654,3
1861,2640,3.3203409877490024,3
1861,2686,4.0,3
1861,2716,3.157622549245725,4
1861,3069,3.0,3
1861,3769,3.3439140016946114,2
1862,2997,4.624455836063669,5
1863,745,5.0,5
1865,2443,3.0,2
1865,2599,3.8931849710603244,3
1865,3317,3.933974528205749,3
1866,648,4.289281213905974,3
1866,2028,4.288760465690931,3
1866,2791,4.31415746448473,5
1867,608,2.9412615598581673,5
1867,3286,3.0,1
1868,1196,3.6036605756346254,3
1869,583,3.0,1
1870,7,4.030614537676615,5
1870,480,3.9485842572007708,5
1871,1277,3.0,5
1871,2096,3.1753970449137365,2
1871,2916,3.7319393665537626,3
1871,3702,3.7926816723809047,5
1872,50,3.9339051851462514,2
1873,1302,3.6322921097267358,3
1873,1617,3.4603070640161033,4
1873,2001,3.4413294362151863,4
1874,296,3.767212237844429,5
1874,2396,3.7762891474539653,4
1875,1291,3.9906022138135624,5
1875,1722,3.8605152949020667,4
1875,3362,4.19815234277437,4
1875,3471,4.037679274253179,4
1875,3555,4.00939752865456,2
1875,3599,4.0,1
1876,2699,3.5729356177948164,2
1877,3288,3.0,1
1877,3615,3.0,2
1877,3623,3.2705742765409247,2
1877,3894,3.0,5
1879,350,4.232301748517422,3
1879,368,3.978359619152646,4
1879,1356,3.602795106999757,5
1879,2700,3.7447789966461484,2
1879,3105,4.142401905999024,4
1880,110,3.7449380481225245,4
1880,145,2.80361973766085,2
1880,160,3.1910787059855314,2
1880,165,3.1306526888808506,4
1880,368,3.4810972504486677,3
1880,551,3.7727470409839174,4
1880,736,3.45643170081045,3
1880,748,3.2456866895336693,4
1880,921,3.832617055028645,4
1880,1101,3.5457317673577053,4
1880,1124,3.559545492021696,3
1880,1136,3.880973207725851,4
1880,1223,4.482835140223539,4
1880,1234,3.963305346209351,4
1880,1300,4.0,4
1880,1587,3.4208208346209616,4
1880,1625,3.7056885365696415,3
1880,1855,3.0,1
1880,2006,3.5370679249971917,4
1880,2289,4.012542409940989,4
1880,2316,3.6328666442274633,2
1880,2371,3.620849829158092,3
1880,2396,3.923703410744311,3
1880,2458,3.5201560237198404,1
1880,2478,3.4324060217632595,3
1880,2551,3.4992154517810965,3
1880,2616,3.1860942473358067,3
1880,2739,3.6220195803319513,4
1880,2867,3.3495918421562676,4
1880,2926,3.6111826063491135,3
1880,2948,3.842341438607987,4
1880,2953,2.7873376657808544,2
1880,3261,3.9135639614287006,3
1880,3263,3.561854571236893,3
1880,3422,4.0,3
1880,3676,3.5047615500984413,4
1880,3710,3.011882025161299,2
1881,357,4.180100782851098,5
1881,2574,3.0,5
1882,589,3.70963616383525,4
1882,923,3.799131169944094,4
1882,1748,3.80173412096898,4
1882,2278,3.7239380924302994,3
1882,2699,3.7276522387554327,4
1882,3081,3.7098669698452484,3
1883,555,3.388437630237405,3
1883,1081,3.398754336861739,4
1883,1188,3.401027071345298,4
1883,1220,3.3661152483508734,3
1883,1223,3.2957668598789986,4
1883,1294,3.4084266588294327,5
1883,1617,3.3845619490409256,2
1883,2000,3.3336653176565094,4
1883,2804,3.325711449708237,4
1883,2919,3.0600936792737565,3
1883,2936,3.7791002369108955,4
1883,3147,3.542286777284957,5
1883,3436,3.0,3
1883,3501,3.129221589581045,3
1883,3528,3.257652877911594,4
1883,3684,3.1966523131120725,5
1884,300,4.152474219235925,4
1884,589,3.7730246478631924,3
1884,1095,4.278128092218264,4
1884,1201,4.0071010779268255,4
1884,1262,4.315797559085291,5
1884,1350,4.082328479656278,4
1884,2511,4.0,4
1884,3524,3.84527988553724,4
1884,3543,4.251255232036928,3
1884,3658,3.0,3
1885,1269,4.313578049974135,4
1885,2138,3.0,4
1886,266,4.587457465743857,2
1886,3827,3.0,4
1887,1266,3.61666473089637,4
1887,1291,3.5591877541948658,5
1887,2160,3.967295203087761,2
1887,2716,3.4097989192600875,3
1887,3445,3.0,2
1889,69,3.209848533637039,5
1889,70,3.4346393103211863,4
1889,89,3.000435095149581,3
1889,252,3.0048537617257276,3
1889,431,3.720281429039951,4
1889,619,3.0,2
1889,781,3.0,4
1889,1089,3.617139785497275,5
1889,1361,3.0,3
1889,1734,3.0,2
1889,2161,3.6188061909238125,5
1889,2335,3.193261838607522,2
1889,3176,3.3601873614976623,3
1889,3555,3.6645135018649166,3
1889,3773,3.0,4
1889,3841,3.5006121701211343,2
1889,3948,3.6490937192720483,4
1890,1635,3.7760336409622877,3
1890,1641,3.5902625086785394,5
1890,2359,3.7327667175272703,4
1890,3871,4.0,3
1891,303,3.065513580969283,3
1891,480,3.776383515553349,4
1891,986,3.0,3
1891,1129,3.683066387582248,2
1891,1270,3.8204925486011114,4
1891,1334,3.38215388078545,4
1891,2311,3.6038041867913266,4
1891,2429,3.0,2
1891,2581,4.508373113148143,3
1891,2722,3.08062575102229,2
1891,3070,3.3893203775971315,3
1891,3259,3.0,4
1891,3504,4.376417274742805,4
1891,3555,3.7182020944813727,3
1891,3699,3.7317095073705215,3
1891,3788,3.0,3
1892,111,4.219177715624511,5
1893,5,3.0,2
1893,337,3.981228850273739,4
1894,105,4.0,3
1894,314,3.0,4
1894,919,4.357854351191121,4
1894,1035,4.350999530072448,5
1894,1059,3.0,3
1894,2943,3.0,4
1894,3100,4.3085222963735825,4
1895,6,4.009292273714901,4
1895,858,4.092791131152356,5
1895,2028,4.045474781256328,5
1896,615,3.0,3
1896,1132,3.0,3
1896,1280,3.0,2
1896,3100,3.9434813067270156,4
1897,778,3.952416082119748,3
1897,1092,3.8701483801046397,2
1897,1131,5.0,4
1897,1303,3.7894810801082777,4
1897,1912,3.873078607241193,5
1897,2067,4.364010379756191,4
1897,2285,3.0,4
1897,2724,3.125052751222922,2
1897,2791,3.6901357526030583,4
1897,2797,3.770884836288707,4
1897,2915,3.903438656710775,4
1897,3067,4.1396392276880425,5
1897,3173,4.0,2
1897,3282,3.0,3
1897,3851,3.0,4
1899,2,3.4720060410307165,3
1899,300,3.883226290356648,4
1899,448,3.0,4
1899,581,3.0,4
1899,915,3.957079234708182,4
1899,938,3.8083313857675707,3
1899,1041,4.043941585989258,4
1899,1172,4.145889570694503,4
1899,1252,4.142235346756555,5
1899,1271,4.191081311642898,3
1899,1302,3.8175888370614697,3
1899,1343,3.9180516824951512,4
1899,1544,3.565022162726753,2
1899,1997,4.0508873430255905,3
1899,2184,3.473388659284516,4
1899,2747,3.4997018313942396,3
1899,2757,4.0,4
1899,2932,4.0,3
1899,2945,3.0,3
1899,2985,3.778409976880352,4
1899,3105,3.8286506140281613,4
1899,3210,3.8967699764796797,4
1900,2710,3.1650744008358673,1
1901,661,3.8600015177778637,3
1901,1235,4.283572689285773,5
1901,3545,4.333814977648169,4
1902,490,4.0,3
1902,799,3.4804781674500003,3
1902,836,3.6849756122754806,2
1904,47,3.709284486236453,2
1904,316,3.558243062836758,4
1904,432,3.388168196421906,4
1904,593,3.8053203402901468,4
1904,628,3.5535233808651077,4
1904,733,3.6048375948916047,4
1904,786,3.409317609459278,3
1904,1033,3.5932663653434207,3
1904,1377,3.2148005579707544,3
1904,1907,3.7130363484124342,4
1904,2110,3.891553850808599,3
1904,2922,4.1587602629527725,3
1905,1280,3.0,4
1907,1345,3.0,1
1908,281,3.605479895055604,3
1908,1721,3.3991838768583413,5
1908,3155,3.0,5
1909,227,3.0,2
1910,3453,3.0,4
1910,3798,5.0,5
1911,3723,3.0,4
1912,261,2.775549031936265,3
1912,372,2.395151580488757,1
1912,589,2.7830865922884493,3
1912,804,2.9999999999999996,2
1912,1090,2.82561615505228,5
1912,1178,3.287869938132192,2
1912,1225,2.9118023142463625,2
1912,1292,2.9577060325195283,3
1912,1694,3.040500070576024,2
1912,1931,3.545239378509512,3
1912,2068,3.0,1
1912,2572,3.0054361595290904,1
1912,2922,3.453431113395749,2
1912,3118,3.0,2
1912,3178,2.3848489692516197,3
1912,3401,3.0,1
1912,3468,3.19128677567378,2
1912,3629,2.979808927580404,3
1916,528,3.0,5
1916,965,3.0,3
1916,1959,5.0,4
1916,2390,3.0,4
1916,3362,4.402138282662001,5
1916,3713,3.0,4
1917,2628,3.82396860628363,4
1917,2762,3.7756840520443022,5
1918,2762,2.0,5
1919,2459,5.0,5
1919,2515,3.644728737758814,4
1920,163,3.5322554845761247,4
1920,527,3.6745549429770996,4
1920,923,3.6658255643741042,4
1920,1104,3.6075541425033597,3
1920,1350,2.8812115261525557,4
1920,1394,3.2957691872247357,2
1920,2194,3.5145250377635393,5
1920,2803,3.884460305737004,3
1920,2985,3.4389825687558324,3
1920,3072,3.4420016281755044,3
1920,3201,3.4232177129071912,3
1920,3365,3.645081406469422,4
1920,3427,3.0,4
1921,1127,3.464481159036154,2
1922,1396,3.5439021494023173,3
1922,1909,3.544109285105412,3
1922,2424,3.549282288988051,3
1922,2968,3.5482993786202353,4
1922,3102,3.261325307652138,4
1924,1,3.5123799387929817,3
1924,562,3.235656419414707,2
1924,1722,3.503348213999248,3
1925,198,3.7427219669094227,3
1925,1270,3.902200415669249,4
1925,1947,4.248963632287165,2
1925,2841,3.2409246819810233,2
1925,3196,4.242174270873545,4
1926,34,4.0589822292915505,4
1926,596,4.269977752477795,4
1926,923,4.545331181710189,5
1926,924,4.412772668529169,5
1926,1162,3.0,3
1926,1320,3.537261047918818,5
1926,1380,4.139659198991322,5
1926,2247,3.797770234775206,4
1926,2657,3.961186644724649,5
1928,551,4.122036302552544,3
1928,778,4.210145877136852,3
1928,1210,4.0370459412103195,4
1928,1645,3.9988474363715945,4
1928,2710,4.0151922203561154,3
1928,2762,3.8741930388891084,5
1930,1022,2.92825345349682,2
1930,1307,3.3795597607091965,3
1930,2082,2.6087151157753232,2
1930,2124,3.179068745041144,4
1930,2381,2.288214821599527,1
1930,3489,3.103714347057296,3
1931,2105,3.7761991357988185,4
1931,2118,3.6226091733572523,3
1932,1374,3.068632602990135,4
1932,2100,3.8320758412143148,2
1933,110,3.065304920534171,3
1933,3786,3.0,3
1934,2701,2.7463824482468127,1
1935,917,3.0,3
1937,356,3.333124105772962,1
1937,361,4.0,3
1937,1057,3.1137515580425696,3
1937,1263,3.7556975243140016,4
1937,1601,3.0,3
1937,1676,3.131057585740418,1
1937,1960,3.681184411426155,4
1937,2463,2.9783361167706297,3
1937,3071,3.3672810002284987,4
1938,1606,2.0,3
1938,2916,3.226402714165239,4
1938,3611,3.49968901071886,3
1939,2012,3.5718890669220413,3
1939,2495,3.0,3
1939,2533,3.340680671155672,3
1939,2617,3.4704535556139997,5
1939,3340,3.0,2
1940,1266,4.617150899044892,5
1940,2427,4.6107564497740015,5
1940,2476,4.0,5
1941,355,2.805630639197819,2
1941,356,3.456807256025538,4
1941,405,1.7031107762541615,1
1941,429,2.1582137870573055,1
1941,490,3.65084451142598,2
1941,507,3.4056996100090493,2
1941,542,2.2709538913866085,1
1941,546,2.746121887409452,2
1941,621,3.0,2
1941,735,1.0,4
1941,778,3.3558315244599317,1
1941,1212,3.888274266475546,4
1941,1286,3.3682525050591856,3
1941,1388,2.600048775522458,3
1941,1645,3.368298275139592,3
1941,2033,3.7506419686565042,3
1941,2072,2.609819396470665,1
1941,2087,3.8740395172823363,4
1941,2200,3.0,3
1941,2371,2.8867706237700568,3
1941,2375,2.816472795817144,3
1941,2498,3.0,3
1941,2515,1.3318166477340876,1
1941,2652,3.3683017806300115,1
1941,2659,3.0,2
1941,2747,3.2155231886753795,3
1941,2806,3.0,3
1941,2815,2.9210959150068723,3
1941,3155,3.0,4
1941,3190,3.0,2
1941,3205,3.0,2
1941,3219,3.2955171601335724,4
1941,3255,3.2650012957991525,3
1941,3479,3.5374181903214,3
1941,3527,3.3349749521706626,4
1941,3546,3.3723179875323126,5
1941,3735,3.460081399260048,3
1941,3837,1.603865658921677,1
1941,3916,3.532605820765043,5
1942,314,3.0,5
1942,3535,3.0,1
1943,500,3.616832466723952,3
1943,880,2.757569785169007,1
1943,1057,4.274544175793676,5
1943,1276,4.196592759174797,4
1943,1458,3.0,3
1943,1711,3.8718505319023495,3
1943,1753,3.0,3
1943,2355,3.85309098024103,2
1943,2371,4.122325417863696,4
1943,2987,3.8701798870225055,5
1943,3147,3.8243753249653825,4
1943,3268,1.3307573111719768,1
1944,1584,4.315067609863174,3
1945,861,2.5269945066406776,3
1945,1907,2.5018662818522532,3
1947,920,4.419487832083932,4
1947,3740,4.031992189192596,2
1948,303,3.2832833533239913,4
1948,366,3.0,1
1948,1198,3.5012195655681047,5
1948,2273,3.023934278311417,1
1948,2568,3.0,1
1948,3793,3.482366693858677,5
1949,110,4.520128717216794,5
1949,1090,4.452926845923313,4
1949,3480,3.0,3
1951,21,3.3016727199204605,3
1951,3534,3.1963591349943727,4
1951,3865,3.0,2
1951,3908,3.0,2
1952,156,3.0,2
1952,1129,4.052248826178093,2
1952,2539,3.452356823520374,3
1952,3263,3.46514678415174,4
1952,3893,3.539220147477301,1
1954,32,3.9056339575735213,3
1954,1199,4.159563883952707,4
1954,1425,3.0,4
1954,2390,3.0,5
1954,3176,3.342969420481153,5
1955,1091,3.0,3
1956,161,3.926394439415444,4
1956,2687,4.397889936476664,3
1958,5,3.4154245741103297,4
1958,112,3.208947875072122,2
1958,174,2.8340990453285952,3
1958,204,3.2034738672108474,3
1958,261,3.7936337403195504,3
1958,350,4.001897312834659,4
1958,382,3.3556876940914044,3
1958,386,3.0,3
1958,1605,3.0,3
1958,1608,3.8140544178587668,4
1958,1672,4.036446577716529,4
1958,1735,3.490570223254464,3
1958,1970,2.6143451400513835,2
1958,2380,3.033287886982233,3
1958,2523,3.0,3
1958,2688,3.477043869795159,3
1958,2734,3.8046766241319823,4
1958,3051,3.0,3
1958,3189,3.0,4
1958,3527,3.704828723441556,3
1958,3868,3.643561069729874,1
1959,318,4.663076870914986,5
1959,1580,4.577659485429014,5
1959,2875,3.0,3
1960,1617,4.134403832905812,5
1960,2453,3.0,5
1960,2791,4.0129052282185205,4
1960,2917,4.027627155592497,5
1960,3504,4.197522343884771,4
1961,457,3.6832085550076044,3
1962,46,3.387795516953896,3
1962,140,2.6418318192120904,3
1962,510,3.0,1
1962,628,3.317649631576997,4
1962,700,3.0,3
1962,2012,3.1561546345885354,2
1962,2688,2.990771124637803,3
1962,2770,3.4189971730206494,3
1962,3246,3.5477125185022604,3
1962,3253,3.19413199790508,4
1962,3450,3.31286009272364,2
1962,3535,3.0,2
1963,1041,4.307409835841625,5
1963,1396,3.978060337590496,3
1963,2427,3.926928017647672,5
1965,3260,3.393296279640648,3
1966,50,4.690343049178472,4
1967,1050,3.0,4
1967,3176,3.036035333281953,2
1968,1339,2.762116124881768,2
1968,1620,3.215966081727249,2
1968,2003,3.144866923545317,4
1968,2046,3.0803878061986145,2
1968,2078,3.52353931030108,3
1968,2080,3.5566294766629345,3
1968,2126,2.7888417544796544,2
1968,2527,3.4238729898586797,4
1968,2706,3.234611725304699,2
1968,2746,3.0382381902191775,3
1968,3178,3.8810453927272106,4
1969,101,4.325899961512479,4
1969,126,3.0,2
1969,265,4.303718727618057,3
1969,1009,4.285899176210087,4
1969,1029,4.281458673923173,4
1969,1059,4.427701440077249,3
1969,2099,4.463071297649146,4
1969,2694,4.135305238480766,4
1969,3479,3.986735858978751,4
1970,908,4.742020330466567,5
1970,3947,3.0,4
1971,202,3.0,3
1971,1234,4.8098497765654225,5
1972,1617,4.442141332990908,5
1972,2028,4.485615366522786,5
1972,3087,4.667797264843608,1
1974,348,3.669316123259486,4
1974,785,3.738499491348586,3
1974,901,3.7773626828721785,4
1974,904,4.237166909694885,5
1974,1358,4.043997186665482,4
1974,1393,3.8960732402786222,3
1974,1527,3.7508691365348366,3
1974,2287,4.025713094531383,3
1974,2297,3.5705025709114127,3
1974,3030,4.0,4
1974,3639,3.6489762280645013,3
1974,3760,3.0,4
1974,3863,3.7379202360873833,4
1974,3893,3.926533688598865,4
1975,3114,3.8300543168448753,5
1976,1041,4.2394321452032075,5
1976,3623,4.434601945370329,3
1977,2940,4.296478206927673,3
1978,1090,4.182568234886333,4
1978,3159,3.0,1
1978,3175,3.7056457546005546,3
1980,150,4.085482238706051,5
1980,163,3.3225949808051265,3
1980,259,3.0,1
1980,551,3.8384617463811823,4
1980,627,3.0,3
1980,628,3.992501656422412,4
1980,708,3.8091877668103575,4
1980,836,1.915229979386657,2
1980,870,3.0,2
1980,909,4.5799111169304005,5
1980,955,4.5575131707033965,4
1980,994,4.186875033079394,4
1980,1077,4.333379969745847,4
1980,1092,3.493316845563937,3
1980,1104,4.664489080863663,4
1980,1230,4.48115505230287,5
1980,1267,4.522298359941199,4
1980,1291,3.7058233267478284,3
1980,1962,4.342265608979648,5
1980,2617,3.1069888183141563,4
1980,2770,3.827317146148269,4
1980,2791,3.7274994611690833,4
1980,2881,3.504609829203124,1
1980,2997,4.267189581235107,5
1980,3114,3.8498886351777992,5
1980,3156,3.0,2
1980,3307,4.352817821853714,4
1980,3478,3.35748608654269,4
1980,3717,2.8971871409511976,3
1980,3914,4.0,4
1981,1269,4.2126942937842395,4
1981,1965,3.8352071224192046,5
1981,3555,3.201132855336818,2
1982,356,4.107743444107488,5
1982,1126,3.0,1
1982,2700,3.6395701189089387,2
1982,3081,3.2756038539380836,4
1982,3176,3.7961879700607812,3
1982,3219,3.2066135681450985,3
1982,3471,4.3423789236278765,4
1983,110,4.409822796829625,5
1983,345,3.0,3
1983,423,3.589410996464593,4
1983,1035,4.8649790246609355,5
1983,1517,4.378242184686118,5
1983,1963,4.911057736393424,5
1983,2010,5.000000000000001,5
1983,2019,4.999999999999999,5
1983,2365,4.0,2
1983,2762,4.2368735830477675,5
1983,3836,4.915609707779141,5
1984,1466,3.921100834995998,3
1984,1635,4.0320766989027526,4
1984,1704,3.8025400927682886,3
1984,1954,3.847577914599186,2
1984,2094,3.687105688870269,4
1984,2427,3.962780357629487,5
1984,2791,3.806290871509177,4
1984,3361,3.911012640079737,4
1985,172,3.683438102853405,2
1985,2641,3.6632130159548577,3
1985,3785,4.0,3
1987,3256,3.6643911885377958,4
1988,236,2.7569295357352366,2
1988,265,3.9360082640858125,4
1988,802,3.29415958391006,3
1988,912,4.020949182419938,5
1988,920,4.0496416267810815,4
1988,1023,3.60447363177824,4
1988,1104,4.286967039908373,4
1988,1172,4.038078073412325,4
1988,1175,3.0,4
1988,1380,3.523584025352323,4
1988,1500,3.604602367081858,4
1988,1684,3.0,4
1988,1732,3.697990336715004,3
1988,1965,3.529941323436631,4
1988,2012,3.4176191656643544,3
1988,2318,3.993946134098628,3
1988,2324,3.85694308204642,4
1988,2329,3.835002943760619,3
1988,2700,3.60375659704873,4
1988,3471,3.7470295915933787,3
1988,3547,3.0,5
1989,3947,3.0,5
1993,1,4.35631080517663,4
1995,34,4.061775628988958,5
1995,480,3.9549149153698964,5
1995,2412,3.0,4
1995,3269,4.251681743627526,4
1996,317,4.059001436105706,4
1996,1240,4.263787790894562,5
1996,1408,4.298285891803581,5
1996,1673,4.423551068436393,4
1996,1968,3.9917787847440827,5
1996,2406,4.275996748729227,4
1997,3852,3.0,4
1998,903,3.986525961013482,3
1998,924,3.9156886159542372,4
1998,1077,4.023763366266019,4
1998,1185,3.610565603250229,4
1998,1197,3.991647084847653,5
1998,1207,4.081862508217644,5
1998,1213,3.9072620186667093,3
1998,1220,3.941307160671272,5
1998,1259,3.9385330440383934,3
1998,1948,4.489349705329988,4
1998,3135,3.487225729127936,3
1998,3468,3.811454445363811,3
1998,3827,3.0,4
1999,253,4.107935306294652,4
1999,1130,3.716912611433357,3
1999,1320,4.350391222781525,4
1999,1645,4.259115518714218,3
1999,1968,4.1082994847861976,3
1999,2657,3.7015581897439533,4
2000,1196,3.873512251372498,4
2000,2997,3.972531580447615,4
2001,2901,3.0,5
2002,39,3.6367421803021713,3
2002,922,4.764590020156459,5
2002,1265,4.004404597501584,4
2002,1480,3.0,3
2003,107,5.0,5
2003,1907,4.390240680922692,5
2003,2017,4.248829767418626,5
2004,1762,1.0,2
2004,2094,4.174323076689611,3
2004,2393,4.170468980789301,4
2004,2613,3.999763127446384,2
2004,3793,4.247252096282876,5
2005,2710,2.843204412329026,5
2006,1081,3.6379732603401504,4
2008,527,4.092543851867554,5
2008,1228,4.1558263599924095,3
2008,1916,5.0,3
2008,1955,3.89620337316715,2
2009,70,4.475862898025829,4
2010,150,3.3340086414981407,3
2010,208,2.7092437018043447,3
2010,316,2.9154304210293662,4
2010,548,1.8837517541484328,1
2010,833,1.6845881955704096,1
2010,1375,3.1060869195551266,2
2010,1396,3.162808640843077,3
2010,1408,3.2957991857028794,4
2010,2105,3.1416778402458174,3
2010,2288,2.726949687186907,4
2010,2542,3.6431576125596603,3
2010,3033,2.6962009740134487,4
2011,236,4.134950371863498,4
2011,339,3.9712525671947723,5
2011,1812,3.0,3
2011,3256,4.167140603333581,3
2011,3466,3.0,3
2011,3545,3.985159905291584,4
2011,3820,3.0,1
2012,592,3.24712579629298,4
2012,719,2.5779944360230544,2
2012,784,2.8866786431406535,1
2012,810,2.672430345378993,1
2012,1135,3.4223073583594243,2
2012,1210,3.3275409637972797,4
2012,1291,3.2935031551498173,4
2012,1409,3.338740354094861,3
2012,1485,2.988969450970954,3
2012,1495,3.0,1
2012,1562,3.006054239245423,2
2012,1732,3.3970514023859244,2
2012,1826,3.0,1
2012,2038,3.0,2
2012,2096,3.327704734534492,3
2012,2380,2.76425910856818,3
2012,2385,3.0,2
2012,2399,3.0,3
2012,2422,2.9023235314517724,1
2012,2468,3.1995159296359064,2
2012,2879,2.5659602150605596,3
2012,2953,2.460145102971984,2
2012,3146,3.0,1
2012,3247,3.039132044050216,3
2012,3497,3.0,3
2012,3669,3.0,2
2013,1253,4.203184367313497,5
2013,3070,4.176866304521611,3
2014,2529,4.516640179916828,4
2015,165,3.311395678059562,4
2015,393,3.4691045164648022,3
2015,474,3.599605587173906,2
2015,708,3.2662075829359303,2
2015,861,3.8347184503716467,5
2015,1078,4.021612050779912,4
2015,1126,3.2962127147998936,2
2015,1127,3.4846397319490396,3
2015,1246,3.6355741885886204,3
2015,1476,3.6898555769434513,5
2015,1917,3.4933772349111565,3
2015,2152,1.0,1
2015,2195,2.723919986376486,5
2015,2616,3.305710094420436,4
2015,2641,3.6589279889311124,3
2015,2694,3.278480604259159,3
2015,2735,3.509817557668855,4
2015,3113,3.130917870982324,1
2015,3432,2.9999999999999996,2
2015,3439,2.717680452302846,4
2016,610,4.277926507779862,4
2016,2153,4.640191002215916,2
2016,2402,4.168505711828016,4
2016,2862,3.0,4
2016,2951,4.261620461431248,4
2016,3263,4.284759794026345,4
2016,3548,3.0,5
2016,3930,3.50375510261626,3
2017,1358,4.54202374951582,4
2018,1152,3.0,5
2018,1178,4.810811991390619,5
2018,1252,4.395018157850808,5
2018,1387,4.18319308197573,4
2018,1929,5.0,4
2018,1934,3.0,4
2018,2028,4.155264702775931,4
2018,2065,4.4147663829449275,4
2018,2647,4.118503691940375,3
2018,3365,3.7375569084251525,4
2018,3418,4.124854486810486,4
2019,2396,3.3464856011183417,5
2019,2686,4.477504638808978,3
2020,1270,3.8339581972394856,5
2020,1275,3.7493995152838298,3
2020,1358,3.8459346399714462,5
2020,1729,3.794565325627739,3
2020,1772,3.0,3
2020,2528,3.914850277308379,3
2020,2791,3.5701244256463673,5
2020,3189,3.0,4
2020,3198,4.0,4
2020,3450,3.652643750167243,4
2020,3552,3.8325242031906104,5
2020,3623,3.7328004908492676,1
2020,3683,3.7140447976859665,5
2020,3793,3.317039665315826,2
2020,3827,3.0,3
2021,442,4.372041209395611,5
2021,1667,3.0,3
2021,2782,3.0,2
2022,490,3.0,4
2022,2243,4.057720681092051,3
2022,2288,4.168393449381615,5
2023,1193,4.3401661253853225,4
2023,1222,4.205480523795431,2
2023,1625,4.0738876958162615,2
2023,2700,4.133613195082253,4
2023,3360,4.308251489454989,4
2024,380,3.583741593798332,5
2024,951,4.067686257078581,3
2024,2496,3.7325606876493445,3
2024,3481,3.70573870882395,2
2025,377,3.7200164239849345,4
2025,688,3.0,2
2025,1732,3.759718277023406,2
2025,3267,3.199697652373819,2
2026,978,3.0,3
2026,1334,3.7791220045958887,4
2026,3447,3.0,4
2026,3700,3.0,4
2027,237,4.0,4
2027,2692,4.255273177599667,4
2027,3361,4.1922986948010745,4
2028,268,3.0,4
2029,440,3.5535219731083045,3
2029,471,3.6946313358967493,5
2029,3114,3.9400977290500783,5
2030,1016,3.5041689686104203,2
2030,1124,3.976063999331856,4
2030,1199,3.7136085109218024,5
2030,1225,3.8282861123110714,5
2030,1303,4.777595420033278,3
2030,1304,4.310283282365056,4
2030,1373,3.303114223375979,2
2030,1997,3.7762838045876315,5
2030,2014,3.679783121839383,4
2030,2051,3.4247865616433737,1
2030,2089,3.863545176788163,3
2030,2100,4.059696252207493,3
2030,2105,3.819007891291025,5
2030,2143,3.217679429326262,1
2030,2312,4.008397602353067,4
2030,2414,3.579608363014602,4
2030,2797,3.590537598762192,3
2030,3396,4.117987648638201,4
2030,3526,4.098255825570463,2
2031,16,3.415445626902179,4
2031,942,4.2812696523035525,4
2031,2492,3.0,2
2031,3859,3.0,4
2032,1831,4.1370347604152355,5
2036,52,4.424201253174561,5
2038,36,4.178979239578487,4
2038,480,3.885609762705282,3
2038,492,3.6962964555715314,4
2038,912,4.152647069992819,5
2038,924,4.109362450914779,3
2038,950,4.289959033246348,4
2038,1083,3.0,2
2038,1303,4.511921855888311,5
2038,2470,3.777510452246147,3
2038,2511,3.0,5
2038,3134,4.1519983749075084,5
2038,3255,3.861366866662465,4
2039,150,3.785174961745018,4
2039,912,3.968791638800012,4
2039,1221,3.7982043460061994,5
2039,1247,3.9548799699506505,4
2039,3257,2.5001309137364727,3
2040,2694,3.0101465829801657,4
2041,7,3.556794064001065,3
2041,96,3.0,4
2041,260,3.7496802724151497,4
2041,852,3.4968000039653298,3
2041,1028,3.7872756886975147,3
2041,1217,3.710214547721109,4
2041,1253,3.7423101061587323,5
2041,2300,3.767054009336951,4
2041,2616,3.6343453909269985,2
2041,2640,3.5845514388610438,4
2041,3270,3.0,3
2041,3392,3.0,1
2041,3408,4.0233286496624325,3
2041,3513,3.0,3
2041,3755,4.020020927738008,3
2041,3801,4.0,3
2041,3897,4.151587930494638,5
2042,252,3.0431031845655707,3
2042,1292,3.5942972884369717,4
2042,2097,3.517070944523332,4
2042,2455,3.6067856392032707,4
2042,2716,3.4786188133203755,2
2042,3798,2.0,3
2043,2581,2.4819834954370847,2
2043,2692,2.718572986860403,4
2043,3481,2.831825978691456,1
2044,1394,3.6007232965806235,4
2044,1614,2.0,5
2046,73,3.0,3
2046,318,3.7791990170208822,5
2046,2384,2.9999999999999996,3
2047,246,4.462463531297986,4
2047,780,3.7113709478730526,3
2047,1304,4.184915742183655,4
2047,1584,3.907919140583805,4
2047,1997,3.8879022845416906,5
2047,2237,3.0,4
2047,3556,3.733194551450468,5
2048,2028,4.331925917000711,5
2048,3450,4.032923947866982,4
2050,2324,4.203399242315367,4
2050,2340,3.0,4
2050,2392,3.0,3
2050,2706,3.6229520172606167,2
2051,170,3.6426671850528574,2
2051,1183,4.296062801658027,4
2051,1377,3.708919041954977,3
2051,1391,3.779893902650311,2
2051,2023,4.204355060190775,4
2051,2334,3.639118051336093,4
2051,2628,3.898606907817601,4
2051,3258,5.0,2
2052,2858,2.6286287192931135,4
2053,3249,3.0,4
2054,1265,3.732530678996738,4
2054,1769,3.1902711499823435,3
2054,1833,3.478080152580224,3
2054,2746,3.834511845008237,2
2055,1350,4.401330961620589,5
2055,2519,5.0,4
2055,3072,3.639021356452763,3
2056,163,4.072545180196244,4
2056,593,4.376283379986543,5
2056,1136,4.42846868956841,5
2056,1973,2.504636278508006,3
2056,2122,4.495388913527748,4
2056,2167,4.0604369159993405,4
2057,593,4.0964231854015765,5
2057,2683,3.583230545814212,4
2058,1327,3.0,2
2059,1210,3.9063368477493494,5
2059,3135,4.099306848944013,5
2060,356,3.4791077761847307,5
2060,2716,3.083435754654032,5
2060,3686,2.9436932008557326,4
2062,2764,4.0,4
2063,94,3.5030966811564177,5
2063,166,3.0,3
2063,291,3.0,3
2063,317,3.1832533679780175,2
2063,413,2.0192554131406304,3
2063,442,3.0660231281966377,4
2063,766,3.0,3
2063,830,2.873558524858921,2
2063,833,3.0,2
2063,1094,3.433713581413951,3
2063,1136,3.479778085066579,5
2063,1270,3.3503668925082986,4
2063,1640,3.0,3
2063,1663,3.0943705679677196,4
2063,1982,3.2882999102892723,4
2063,2114,3.0935243935783183,3
2063,2298,3.0,3
2063,2420,2.9940102818365792,3
2063,2447,3.181424224614723,4
2063,2451,2.8496444796557996,3
2063,2548,2.471059607391404,3
2063,2672,3.1311801801006505,2
2063,2763,3.150865893823368,3
2063,2769,3.0,1
2063,2887,3.0,2
2063,3082,3.099705004357704,4
2063,3483,3.0,3
2063,3623,3.2809815577537877,4
2063,3707,2.6468276212969934,3
2063,3763,3.263732271883519,3
2064,1214,3.787072290667203,4
2064,1260,4.830157313877559,5
2064,2537,3.0,1
2064,3471,4.355786450818293,5
2064,3733,5.000000000000001,4
2065,1208,4.627374986940909,4
2066,2628,4.0,4
2067,2080,3.4606855367099416,3
2067,3549,3.187182197434937,3
2067,3868,3.5666934013886475,3
2068,457,4.138924224409499,4
2068,1127,3.718215257390114,5
2068,1275,4.100149085731347,2
2068,2001,3.777473815809686,5
2068,2985,3.547392742522928,3
2069,2100,3.884688218374046,3
2070,144,3.0,4
2070,1580,4.46902403831038,5
2070,2396,4.72444835435572,5
2070,3175,4.149234437422807,4
2071,1282,3.63940949602888,3
2071,1597,3.3023748439555507,4
2071,1907,3.5743765605051347,3
2071,2013,3.5397882031533077,3
2071,2836,3.0,5
2071,3044,3.561230698491007,4
2072,2762,4.122392439376415,5
2072,3098,4.266948830449033,5
2073,515,4.456099918201236,4
2073,805,4.346310960772108,4
2073,1225,3.6238714087131507,5
2073,1230,4.3183472933786895,5
2073,1294,4.027758542665048,4
2073,1414,3.0,3
2073,1729,3.9153886919223693,1
2073,3831,3.0,5
2074,9,3.0,2
2074,2792,3.0,4
2075,920,4.756770553294126,3
2075,3039,3.3244625840658464,4
2076,2762,3.856352689890997,4
2076,3471,4.205535330427608,5
2077,460,3.0,1
2077,464,2.5798420610928505,4
2077,479,2.4945919895465796,3
2077,818,2.273492366486131,4
2077,1006,3.0,3
2077,1196,3.7763721539380004,4
2077,1200,3.791692055859791,4
2077,1517,3.798414534503152,4
2077,1641,4.007477618963897,5
2077,1894,3.3823322480346474,1
2077,1973,2.5507833263173554,3
2077,1974,2.92389939223325,2
2077,2082,2.698211172645841,2
2077,2141,3.0759105618142026,3
2077,2161,3.4618535565155764,4
2077,2253,3.068035520167422,2
2077,2706,3.657626824292741,4
2077,3208,3.1124212990569844,5
2077,3671,3.9470578096631197,5
2078,539,3.7880704557645966,4
2079,1580,3.847582281527952,3
2081,3354,3.516173752523154,2
2081,3752,3.1607290472499288,3
2084,1206,4.151786355741077,3
2084,1228,4.231528352281939,5
2084,1500,3.9836176001190866,4
2084,3363,4.168940787876437,4
2085,1441,4.389401704472685,3
2085,1625,4.3841249224040455,2
2085,1864,3.0,4
2085,2606,3.0,5
2085,2718,3.0,5
2087,3897,4.387070840539647,5
2088,107,3.0,3
2088,110,4.375240687638372,5
2088,160,3.828701052534771,4
2088,610,3.852927714640285,3
2088,897,3.0,3
2088,1562,3.9879968833280848,1
2088,1924,4.391751728042115,4
2088,2136,3.0,5
2088,2728,3.9516626739946017,5
2088,3366,4.450491583478559,4
2089,950,4.082213992041167,4
2089,2633,4.0,4
2089,2686,4.0,3
2090,1320,3.875112678755875,3
2090,1375,4.059146899724596,4
2090,2717,3.932852553710866,3
2091,1926,5.0,3
2091,2273,4.240364152891265,3
2091,2712,3.5011887313597363,1
2091,2716,3.973181426608928,5
2092,1013,2.0,3
2092,1193,4.067714383170634,3
2092,1212,4.339363333433525,5
2092,3198,3.5836399006319097,4
2092,3730,4.182313549791772,4
2092,3952,4.0,4
2094,608,3.862101687821036,5
2094,800,4.301588564608102,4
2094,1597,3.622935049985104,5
2094,2454,3.824821679775814,3
2095,1959,3.745658759759291,3
2096,163,4.291142191965904,4
2096,1270,4.3155967587667226,5
2096,1320,4.226825040141276,4
2096,2418,3.0,1
2096,2617,4.170931422700178,4
2096,3543,4.321141392457221,1
2097,4,3.0,1
2097,3744,4.0,4
2098,76,2.0989795372797477,2
2098,132,3.0,1
2098,230,3.7517178133126388,4
2098,707,3.0,3
2098,1219,3.9581148367524523,4
2098,1231,3.777658385823122,3
2098,1320,3.594903594287621,3
2098,1515,2.2532330377041947,2
2098,2353,3.6073408291543747,3
2098,2446,3.0,1
2098,3081,3.6873303290735007,4
2098,3552,3.905359467314464,1
2100,588,3.9906553035442895,4
2100,1093,4.162581421904429,5
2100,2088,4.215343250457709,1
2100,2335,3.804572605505241,3
2100,2581,4.032413970303692,4
2101,780,2.9773691705838736,1
2101,2455,3.1795738884456375,4
2101,3479,2.8839046128955252,2
2102,110,3.1785426294606505,4
2102,166,3.0,1
2102,431,3.4897432120457914,3
2102,612,3.0,1
2102,1197,3.216646717948862,3
2102,2003,2.6578885886008603,1
2102,2100,3.0086256442021013,2
2102,2268,3.1030224929297407,1
2102,2641,2.798660973490613,2
2102,2890,3.3493039717868758,4
2102,3072,3.196202360251709,3
2102,3534,1.9202184604617432,1
2103,1274,4.11030044190625,4
2103,2502,4.06080140418141,4
2103,3623,3.9223654135952217,3
2104,150,3.1793219234674925,2
2104,1690,2.9553996681656125,3
2104,2504,3.0,4
2104,3701,2.9906228236457886,2
2105,382,2.4533233641107732,4
2105,509,3.661218892499466,4
2105,1003,3.0000000000000004,3
2105,1246,3.533288173225791,2
2105,2140,3.2718494304240093,4
2105,2450,3.163855705217369,2
2105,2571,3.469798511989402,4
2105,2710,3.6406146702953857,3
2105,2918,3.4974199977294136,3
2105,3421,3.6312498403364315,4
2105,3785,2.6380078652025554,3
2106,22,2.420273382949129,2
2106,89,1.5789514084619287,2
2106,94,2.4969033188435823,4
2106,339,2.4780565393444665,3
2106,473,1.278380917944003,1
2106,533,1.669899238997517,2
2106,799,1.727946764074835,1
2106,912,3.532100946195898,5
2106,1020,2.015022749451955,1
2106,1246,2.915594975489085,4
2106,1257,2.2234535904417565,3
2106,1258,2.4873418855862743,3
2106,1339,1.9297858311276164,2
2106,1377,2.005089316702982,2
2106,1499,1.32876717389101,1
2106,1573,2.536999269128968,1
2106,1597,2.392853565454856,1
2106,1641,3.0401510459102514,4
2106,1816,3.0,1
2106,2003,2.319629326642232,1
2106,2054,2.0116354792301934,2
2106,2453,2.0,1
2106,2479,3.0,1
2106,3103,3.0,3
2106,3105,3.2771879286960672,2
2106,3160,3.1433841912660756,5
2106,3252,3.2702115437643378,3
2106,3614,2.259443214725126,2
2106,3686,1.8988288361695516,2
2107,2858,4.276942182635111,5
2107,3578,3.9152827015319525,3
2109,891,2.5068418469866147,2
2109,920,3.8954884721746903,5
2109,1282,3.683412311088071,5
2109,1449,3.0849616004525795,2
2109,2015,2.979313901837261,3
2109,2038,3.0,2
2109,2170,3.0,2
2109,2459,3.3914063648859996,2
2109,2947,3.505545704374063,2
2109,3258,2.306511956867026,3
2109,3918,3.3085310071262204,2
2110,648,3.656476384051704,4
2110,969,4.100319612672389,5
2110,1265,3.7285939467701295,4
2110,1517,3.5783069532593634,1
2110,1917,3.69937054946397,3
2110,2987,3.8010892684037376,4
2110,3552,3.626051946336054,3
2111,3683,4.517836064902367,4
2112,246,3.9205086299811653,3
2112,593,3.5889684242179714,4
2113,70,4.191881330394718,4
2113,2160,4.549885147448366,5
2113,3409,3.0,4
2114,2115,3.982441692371618,4
2114,2194,3.6798381329628156,4
2114,2640,3.5772089442542585,5
2114,2858,4.1725772280280005,4
2115,260,4.142299863156969,5
2115,500,3.9877108722327996,3
2115,852,3.7039800530374,3
2115,3255,3.788329063941511,4
2116,160,3.659278965563918,3
2116,231,3.8867827000377573,4
2116,370,3.539586475141583,3
2116,410,4.038138909402017,4
2116,508,4.100865877532739,4
2116,532,4.229840219530079,4
2116,861,3.5599827423954005,3
2116,881,3.092276253626142,3
2116,1019,3.9618918575233057,4
2116,1200,3.961544405299626,4
2116,1265,3.9825328516339655,3
2116,1457,3.8503266621875416,4
2116,1461,3.4614587068032074,4
2116,1589,4.035239063384092,3
2116,1644,3.481410392189731,1
2116,2036,3.682686956738214,3
2116,2059,4.0,4
2116,2166,3.0,5
2116,2333,4.004099068156034,3
2116,2723,4.108402617480321,4
2116,3477,3.0227857664936453,3
2118,2248,4.673034821685624,5
2118,2918,4.548265553426948,4
2118,2926,4.913577042353243,5
2118,3868,4.656872680948568,5
2118,3896,3.0,2
2119,1201,3.903024106214248,4
2119,3513,3.0,4
2119,3578,3.568887014831531,4
2120,36,3.8574529408402016,5
2120,529,3.8489640499707383,2
2120,558,3.0,3
2120,2393,3.1733426131398774,3
2120,2628,3.2359947418947748,2
2121,242,3.0,5
2121,1178,4.738704090675092,4
2121,1939,3.8484328201107294,5
2121,2205,3.0,3
2121,2638,2.732309722860267,3
2121,3405,3.0,4
2121,3759,3.0,3
2122,1997,4.0244890800519295,5
2122,2340,3.0,3
2122,3006,3.8130662725657958,4
2124,198,3.948707230510214,2
2124,235,4.423266853060236,5
2124,301,3.0,4
2124,862,3.0,4
2124,943,5.0,5
2124,1033,4.626950226862104,4
2124,1587,3.8799503352710967,2
2124,1645,4.241425068975112,5
2124,2287,4.154705961044021,5
2124,2288,4.660301635597642,5
2124,2528,3.8465412451360548,4
2124,2593,3.0,5
2124,3219,5.0,1
2124,3538,3.0,5
2124,3788,4.739184712208625,5
2125,199,3.0,4
2125,1304,4.310994670512818,4
2125,1552,3.6867341129703965,3
2125,2087,4.042437207916162,3
2126,1077,3.275647256374284,4
2126,2021,2.8953125927632604,4
2126,2662,2.98970309650635,4
2127,11,3.340512945921144,3
2127,356,3.226598613056051,5
2127,733,3.1560676504709364,4
2127,1265,3.261156556024606,5
2127,1457,2.6337954126446936,3
2127,1918,3.0141262974607645,3
2127,2194,3.192935035470169,3
2127,3189,3.0,4
2129,314,3.0,4
2129,1036,3.929552189106624,4
2129,1047,3.686588677177359,3
2129,1655,2.4242213274377886,1
2129,1969,3.011561547414371,3
2129,2148,2.7179390324430925,2
2129,2310,3.0,2
2129,2369,3.9082878154575584,4
2129,2572,4.311391870773075,4
2129,2997,4.153454536576368,5
2129,3409,2.747510417092317,4
2131,318,3.926333060498088,4
2131,512,2.854446582474192,2
2131,748,2.995296159520613,2
2131,891,3.0072521271780794,2
2131,1382,2.4554836903884656,2
2131,2353,3.6232347017190767,4
2131,2617,3.507188946901467,4
2131,2762,3.9203659164288025,5
2131,2872,3.9496233852336413,4
2131,2974,1.0,1
2131,3328,1.4914897630192243,5
2132,3704,2.6149748758690285,2
2134,3608,3.847400849924882,5
2136,2558,4.129215596721783,5
2137,780,4.164349446060929,5
2138,256,4.0,5
2138,880,3.645393336454711,1
2138,3448,4.145894164356525,3
2138,3624,5.0,3
2140,317,3.980039513896633,4
2140,866,3.9764224225203195,4
2140,913,4.189589489367292,4
2140,1084,3.985864576267631,3
2140,1198,3.7524365762069296,5
2140,1199,3.8157778679362835,4
2140,1584,3.897790688033138,4
2140,2453,3.0,3
2140,3421,3.9257703789960408,3
2140,3424,3.9892908117955646,3
2140,3546,4.0,4
2141,908,4.110216262922762,5
2143,1479,2.899646057616375,2
2144,1974,3.6323650956371787,3
2145,661,4.648634263985072,4
2145,1374,4.1189853702438715,5
2145,2987,4.355644872863142,5
2145,3034,4.509546515784019,5
2146,1580,3.514336551271249,3
2146,2427,3.7960829342470648,5
2147,2137,3.5844101793602197,3
2147,2580,4.070072429552775,3
2148,110,4.086725868365234,5
2148,329,4.027863922104834,5
2148,485,3.9463035705457066,3
2148,588,4.191986074921834,5
2148,1291,4.103417610583093,5
2148,2640,4.058199914869185,4
2148,2709,4.0,4
2148,2791,4.060223117760159,5
2148,3174,4.1326847336897155,4
2150,2003,3.8349515590130987,4
2150,2717,3.757523422488461,4
2150,3081,3.44228466595397,2
2153,318,4.190340781122202,5
2153,592,4.04841248489654,5
2153,742,3.6059749169273423,3
2153,919,4.236307005567498,3
2153,1206,4.3670538361389095,5
2153,1285,4.242140157068327,5
2153,1301,4.322735780711291,5
2153,1580,4.05500021247063,5
2153,1747,4.110373531120896,4
2153,2117,4.271923450104177,5
2153,2407,3.792771108151237,3
2153,2968,4.119580621573232,3
2154,1278,4.157269387535257,4
2156,1017,2.4987893246379405,3
2156,1027,3.3210632185110085,3
2156,1907,3.4666553537855096,3
2156,2093,3.0,3
2156,2133,3.5084183267182363,3
2156,2351,3.0,3
2156,2420,3.317523042487531,3
2156,3766,3.0,3
2157,296,3.778390059025114,5
2157,412,3.0,5
2157,608,3.8479909222497013,4
2158,1952,3.9233425879622246,3
2158,1960,4.007664739220534,4
2159,41,3.0,5
2159,1212,4.922787730503309,5
2161,34,3.624968828166571,4
2161,417,3.0,2
2161,501,3.0,3
2161,515,3.790848814900149,3
2161,2396,3.5991284237053613,4
2162,380,4.138632923625844,3
2162,1246,4.199798253519922,4
2162,1278,4.186674241339593,5
2162,1282,4.103101887938874,4
2163,1234,4.792968156123187,5
2164,1101,3.792774004845613,3
2164,1302,3.8579020057830813,3
2164,1387,3.92695866147703,4
2164,1479,3.618598564632769,1
2164,1975,3.5350778475275573,3
2164,2023,4.000387563815271,3
2164,2528,3.827979134522528,4
2164,2634,4.049907582818522,4
2164,3576,4.436628974754792,4
2165,296,4.287583025213386,5
2165,2126,4.061498954587375,4
2165,2826,3.9329486037721724,4
2166,44,3.8690106711057206,4
2166,786,4.053873402305234,4
2166,876,3.0,4
2166,996,4.6485082508875095,4
2166,1219,4.142566567477839,5
2166,2763,4.224975042476111,3
2166,2947,4.174426545470782,5
2167,737,3.0207450535588056,1
2167,2046,3.2631157904006463,1
2167,2986,2.603784360205721,2
2167,3934,3.0,1
2168,16,4.50848713197548,5
2168,595,4.10990898904579,2
2168,1259,4.366427751719194,3
2168,1273,3.0,5
2168,1425,3.0,4
2168,1953,4.58390426870407,5
2168,3185,3.0,5
2168,3925,3.0,4
2169,2617,3.4421068676773263,3
2170,1222,4.160085346703843,5
2170,1958,4.400031160086633,5
2170,2716,4.339051032963665,4
2171,260,4.586297959466034,3
2171,668,4.0,5
2171,3504,4.684422810960458,5
2172,122,3.0,2
2172,231,3.1340568831054036,1
2172,318,3.5526112769110054,3
2172,353,2.9563436278946096,5
2172,367,3.191704850808133,2
2172,471,3.320996865388629,4
2172,1094,3.7041748517030113,4
2172,1374,2.996841276645533,3
2172,1484,3.0,3
2172,1517,3.3245250372613473,3
2172,2120,2.6789227073542565,2
2172,2282,4.0,5
2172,2324,3.7297114068079034,4
2172,3129,4.0,4
2172,3671,3.545319881000494,4
2173,34,3.9863349077516026,5
2173,356,3.8372979199689214,4
2173,369,3.0,3
2173,377,3.609311118991985,4
2173,1120,4.016867929415306,1
2173,1270,3.8441458692233508,5
2173,3588,4.0,4
2173,3683,3.9959730036780465,5
2174,608,3.825120412790716,4
2174,2424,3.5903522190438717,3
2174,3103,3.0,3
2175,260,4.242175578374113,5
2175,464,5.0,2
2175,1198,4.396766424289793,5
2175,1573,4.292937196629692,5
2175,3275,3.0,5
2175,3697,4.142346725021022,4
2175,3793,4.423707737530382,5
2176,2291,4.4178586773793365,4
2176,2791,4.1039144487316115,1
2176,2959,3.929079651722386,2
2177,265,4.162429348302557,4
2177,589,3.796514376333821,4
2177,1734,3.0,4
2177,1947,3.9130501289843065,5
2177,2583,3.0,3
2177,2599,3.8593839999287227,4
2178,587,4.334145449799115,4
2178,1358,4.452933739613862,5
2179,225,3.1242317733287654,2
2179,490,2.515601659631239,2
2179,1594,3.506786300523658,4
2179,1603,2.452714204771213,2
2180,42,3.0,1
2180,455,1.3507548516434897,2
2180,502,2.0171284019114815,2
2180,596,3.348201589656086,3
2180,914,2.7939891783062176,2
2180,941,3.0,3
2180,1215,2.979437008903434,1
2180,1499,2.9364462879456084,1
2180,1566,2.9621216396723518,2
2180,2363,2.600650918426072,2
2180,3573,1.0,1
2180,3663,1.0,1
2181,565,3.0,2
2181,903,4.178733450883553,4
2181,1258,3.6349861991049686,4
2181,1294,4.01589773515507,5
2181,1912,3.727231925117842,3
2181,1944,4.386006080598913,4
2181,1981,2.1396160251490803,1
2181,2064,4.016016510928603,4
2181,2300,4.193367143240716,4
2181,2450,3.608197868558536,1
2181,2553,3.5299263126035814,4
2181,2641,3.4831128732023666,5
2181,2643,3.755185769916973,2
2181,2656,3.501157181165428,3
2181,2712,3.4518499420707327,5
2181,2792,4.051375560283028,3
2181,3095,4.456340087680071,4
2181,3160,3.595487303968891,5
2181,3484,3.0487069104093574,1
2183,2670,3.0,4
2185,911,4.885153831979867,4
2185,1219,4.4953077896730065,5
2185,1220,4.225382546036204,4
2185,1254,4.859268083063227,5
2185,1537,3.0,4
2185,2291,4.093874581409767,4
2185,3037,4.684796380810679,5
2185,3341,4.999999999999999,5
2185,3429,4.0,4
2186,170,3.361621983857131,4
2186,547,2.0,3
2186,799,3.006886630798929,4
2186,2399,3.0,2
2186,2427,4.500768986097271,2
2187,1249,4.405689960949692,4
2187,1732,3.7837777286062404,5
2187,2391,3.8887568089852476,4
2188,280,4.0,4
2188,438,3.0,2
2188,930,3.70325575490486,3
2188,1032,3.205310775137352,4
2188,1270,3.412738118510865,3
2188,1674,3.408299311229816,3
2188,2137,3.184575208488741,3
2188,2271,3.0,2
2188,2599,3.572293495182297,5
2188,2700,2.959662188490172,3
2188,3408,3.376281347749281,3
2190,17,4.3931552710461395,5
2190,111,4.31345044286483,5
2190,1356,3.9736005744771066,3
2190,2331,3.0,5
2190,2701,4.390593481479013,1
2191,1580,3.118708631626063,4
2191,3175,2.7226950613937073,4
2192,940,5.0,4
2192,3889,3.0,1
2193,2396,4.778226543738512,5
2194,442,2.85165211551459,2
2194,750,3.0951795321132884,2
2195,595,2.84328766839037,1
2195,1372,3.9377027290098736,5
2195,1597,3.9032896337671135,4
2195,2033,1.4189872658079845,1
2195,2105,3.8769566379435014,5
2195,2335,3.801815459521034,4
2195,3247,3.566509233931317,3
2196,1093,4.445668105002188,5
2197,1028,4.2599922360390154,4
2198,7,3.8453003624247653,5
2198,1294,3.79091791574326,3
2201,1952,4.457767991564838,5
2201,2987,4.476342818698805,5
2202,663,3.0096134105533463,5
2202,2606,3.0,1
2202,3798,3.0,4
2203,7,4.504526119357802,5
2203,10,4.165463484964844,3
2203,329,3.774593440742743,4
2203,505,3.0,2
2203,511,4.0,3
2203,586,4.2163834836694445,5
2203,708,4.49451760639246,4
2203,748,3.976997628061346,4
2203,1016,3.8360940188946637,5
2203,2396,4.578005825726236,4
2203,2808,3.834363976668743,2
2203,3362,4.683494521262362,4
2203,3489,4.2692062997789035,4
2203,3608,4.205936070250899,3
2205,288,3.1329822564535736,2
2205,302,3.0,3
2205,1013,3.4812983676173674,3
2205,1240,3.182669419429131,4
2205,2015,3.5669919290458747,3
2205,2068,3.0,4
2205,2100,3.1288975101593053,3
2205,2108,3.0769730374659567,3
2205,2463,3.32654319410654,2
2205,2730,2.0,3
2205,2890,3.1742935099831144,3
2205,2928,3.0,2
2205,3168,3.8837485074894254,3
2205,3424,3.369853535652815,3
2205,3435,3.940949686924408,4
2205,3683,3.660697542023835,4
2206,21,3.6580064886801655,4
2207,3555,4.347138182877972,4
2208,719,2.6491042215476974,2
2208,1060,3.68110337447677,4
2208,1617,3.6049573058523565,5
2208,1701,4.271792645347659,4
2208,2587,3.0,3
2208,2890,4.060883889658006,4
2208,3147,3.4592386796307575,4
2208,3298,3.5603211918807256,4
2208,3388,2.2374006139288825,2
2210,3911,2.9999999999999996,4
2211,932,3.0,4
2211,1287,4.050163412475121,5
2211,1294,4.16321745651851,5
2211,1949,4.0,5
2211,2947,4.003532844298394,4
2211,2948,3.8221514120966376,3
2211,2971,4.228187942035681,3
2211,3196,4.248926807952221,3
2211,3361,4.162945954966135,5
2212,480,3.1390317271361345,3
2212,2710,3.64780517635117,4
2213,1580,3.786245738412683,3
2214,783,3.8327820070808047,3
2215,461,3.0,3
2215,1172,4.259242898566149,4
2215,1249,3.812743625712731,5
2215,2844,3.0,3
2216,3943,3.0,2
2218,908,4.10621092886834,5
2219,185,3.6376991964230196,4
2219,410,3.201662627169331,1
2219,440,3.5867929007165014,4
2219,1621,3.0,3
2219,2028,3.976037045328359,5
2219,2599,4.013888278210212,5
2220,869,3.0,4
2221,866,4.43075620016144,5
2221,1580,3.693777553451328,3
2222,39,3.3318337600685273,2
2222,2302,3.6519265091613087,5
2222,2371,3.1050467115532463,4
2222,3360,3.940569973422658,4
2222,3469,3.498322676269979,5
2223,300,3.222022268684768,2
2223,367,3.340195339543772,4
2223,661,3.767685796403819,4
2223,882,3.0,3
2223,1036,3.4571242370628927,5
2223,1079,3.7807799026363815,4
2223,1340,5.0,4
2223,1358,3.277600763865869,3
2223,1573,3.3423299244681313,3
2223,2390,3.0,2
2223,2857,3.8048953364252105,4
2223,3004,2.0,2
2223,3006,2.9867635022715993,3
2223,3018,3.1691496636265337,3
2223,3020,3.2937035718497976,3
2223,3686,3.24703279995567,2
2225,1387,3.5558654429962293,4
2225,1395,3.4692333286695147,3
2225,1608,3.325791811473567,3
2225,1892,3.0000000000000004,3
2225,3331,3.0,1
2226,441,3.2245544150882175,5
2226,1732,3.8747970457579752,2
2227,2391,4.093294653187539,3
2227,2456,3.0,2
2228,110,4.45124386279859,5
2228,1345,2.7502693423469577,4
2230,529,3.671358689446362,5
2230,531,3.0,3
2230,605,3.4531843377706424,4
2230,1584,3.5184775219760533,4
2230,2276,3.0,2
2230,3528,3.288992112770997,3
2231,111,3.9013662027629707,5
2231,702,3.0,5
2231,1198,3.6839742119558685,2
2231,1231,3.75941107536879,3
2231,1246,3.6459904050473724,3
2231,2146,3.255542569944589,4
2231,2779,3.393192157079149,3
2231,2852,3.2024733521408075,5
2231,2949,3.4726989533761645,4
2231,3096,3.0,5
2231,3199,3.0,4
2231,3341,5.0,4
2231,3424,3.792659436577791,5
2231,3588,3.0,2
2231,3632,3.0,3
2232,110,4.280738888818028,5
2232,368,4.1502236204658915,3
2232,1032,4.265882342589486,5
2232,1422,3.8150283471956477,3
2232,1464,3.0,2
2232,2916,4.262364217102866,4
2232,3763,4.219043919126959,4
2233,34,3.708880957706326,4
2233,300,3.587152710352526,3
2233,919,3.46357390548768,5
2233,1784,3.523910962699502,4
2233,3552,3.550155074035046,5
2233,3844,4.0,3
2235,135,4.069482498840832,3
2235,542,4.02300418617687,5
2235,585,4.031940618631891,3
2235,1377,3.6846725590395923,3
2235,2195,3.339909692505798,3
2235,2700,4.035797157196418,4
2236,34,4.131298434241621,4
2236,3857,3.0,2
2237,203,3.721047343087481,4
2237,254,3.0,4
2237,552,3.4431442971464157,3
2237,969,4.243312770606348,4
2237,1608,3.768647457987821,4
2237,1794,3.0,3
2237,2165,3.0,4
2237,2249,2.68440547083732,4
2237,2739,4.413097212537479,5
2237,2866,3.0,4
2237,3028,3.0,5
2237,3176,4.376437050798832,4
2237,3271,4.56435365985145,4
2237,3791,3.616777194246759,4
2238,247,4.345112303847156,5
2238,562,4.187753073802947,4
2238,1056,3.0,2
2238,1411,3.3315491974772087,2
2238,1466,3.9009579474753724,5
2239,110,4.2684323279435175,5
2239,2311,4.2229977798504095,5
2239,2628,4.0259699376986,4
2239,3409,5.0,3
2240,2916,4.290234153654833,5
2240,3697,4.312826552484048,5
2241,934,3.0,4
2241,1083,3.5028018601667688,4
2241,3035,4.282234427570532,5
2242,36,3.74449815453952,5
2242,410,3.734607979462565,3
2242,924,3.5762994513279387,1
2243,1961,4.716603739901407,5
2244,173,2.442860881329324,1
2244,266,4.340068860728751,3
2244,750,4.638741261033684,5
2244,1262,4.805955356218666,4
2244,1270,4.1247896240781365,5
2244,1291,3.9723185467763376,5
2244,1582,3.0,1
2244,1676,3.004258985668822,1
2244,2174,4.046710268742282,4
2244,2193,3.564870055923598,4
2244,2194,3.955533590202293,5
2244,2858,4.351692095351253,5
2244,2966,3.0,5
2244,3168,4.6730608755449925,5
2244,3325,3.0,1
2244,3911,4.129323278444316,3
2244,3913,3.0,1
2246,494,3.033698910907163,4
2246,953,3.8777957417976885,5
2246,1375,3.428915084679666,3
2246,1625,3.2355821284509885,3
2246,3763,3.501977313651601,1
2247,919,4.076754267529004,5
2247,928,4.178822254649988,3
2247,940,3.0,4
2247,1953,4.1191492786232216,4
2247,2791,4.114470377413962,4
2248,2311,3.4472154378903483,3
2248,3176,4.325366710221295,5
2249,1214,4.0140752673082005,4
2249,1259,4.4182772027471575,4
2249,1321,4.568017435049056,5
2250,3596,3.0,3
2251,79,3.0,1
2251,1653,3.7027305862100737,5
2251,2726,5.0,4
2251,2915,3.8494532654545175,5
2251,2987,3.8653202805643585,4
2251,3068,4.000337619795417,4
2253,10,4.152724267656487,5
2254,858,4.192239560710404,4
2254,1197,4.273182084765444,4
2254,2000,4.155821552982524,4
2254,2001,3.7487733806831156,4
2254,2991,4.077234827125791,4
2254,3763,4.181746954017056,4
2255,500,4.035636352893964,4
2255,616,4.026099995822216,5
2255,1025,3.9780876456036456,4
2255,1030,4.01184700556662,3
2255,1136,4.12868638535973,3
2255,1259,4.122221224784351,5
2255,2077,3.0,5
2255,2384,5.0,1
2255,2599,4.069310203956054,5
2255,3255,3.879268455675558,5
2256,653,4.190908849986184,4
2256,2007,3.0,2
2258,471,3.84459149088333,4
2258,1023,3.5985344135073976,4
2258,1094,4.006232627065098,4
2258,1101,3.7767281130841024,4
2258,1201,4.052205374398538,4
2258,1345,3.6281862874530155,3
2258,1588,3.1707020038814706,4
2258,2115,3.7278394776293724,4
2258,2788,4.017732663021548,4
2259,150,4.520746778905876,5
2259,1104,4.865117355518539,5
2259,1249,4.597602167529657,5
2259,1959,4.610333772259889,5
2259,2248,4.5408011694131565,4
2259,2949,4.450891710977254,5
2259,3424,4.551527644661692,4
2259,3920,3.0,2
2261,2568,3.0,3
2261,3273,3.010653083359871,2
2261,3386,4.114141979827027,5
2263,70,3.8472753122130507,4
2263,104,3.593755578239132,4
2263,288,3.944197185807707,5
2263,1320,3.7563963994857006,5
2263,2391,4.084653279165499,5
2263,2482,3.0,3
2263,2707,4.0,4
2263,2997,3.899510919780894,4
2263,3452,4.0,3
2264,420,3.4580748725088464,3
2264,616,4.109685331814316,4
2264,1196,3.954252190383389,4
2264,2081,4.016267455739882,5
2264,2161,3.865435928190301,3
2264,2451,2.5028528615931913,3
2264,2746,3.557501347452849,4
2264,2797,3.520370389911043,4
2264,2987,3.9747763044349873,4
2264,3361,4.084155077608201,4
2264,3671,4.053494859520269,4
2264,3893,4.0,3
2265,86,3.0,3
2265,2406,3.8635401190026077,5
2266,39,4.0376483144017,5
2266,110,4.353650543298447,4
2266,440,4.219723133404023,3
2266,1686,3.0,4
2270,1374,3.6916423306646835,4
2270,2641,3.833274391934326,4
2270,2642,3.959759291960423,3
2270,2771,3.0,3
2271,852,3.981143681549825,4
2271,947,4.172757215052755,4
2271,1527,4.211841170942034,3
2271,2019,4.617507854067126,5
2271,2058,4.2268450194481835,4
2271,2670,4.10433066739271,4
2271,2763,4.042997057411197,4
2271,3435,4.750273372086335,5
2272,357,4.3782545401078385,4
2272,2076,3.9490519951798437,5
2272,3717,4.420750979624852,4
2275,1193,4.611849621400358,5
2275,2150,4.0,4
2275,3755,4.0,5
2276,1233,4.692395526197552,5
2276,2391,4.3634139410787,5
2276,3753,4.698480898322561,5
2276,3948,4.886497607839084,4
2278,1090,4.0505667750971215,5
2278,2526,3.0,2
2279,1128,3.72524009281388,3
2279,1249,4.750340287960676,4
2279,1292,4.307984020311983,5
2279,1954,4.160794252557822,5
2279,2021,3.8129549539181506,3
2279,2716,3.826166164999135,5
2279,3037,4.330329452126247,3
2279,3072,3.710748620841047,4
2279,3527,3.9603624077330983,5
2279,3710,3.0,3
2279,3770,3.6812378893690108,4
2280,2324,4.471254637285265,4
2280,3148,4.509299018909895,4
2281,3363,4.447324962510904,4
2281,3798,3.0,2
2282,500,4.182265170752737,4
2282,2701,4.462338501905586,2
2282,3070,4.477748121257574,3
2282,3699,4.570847654736664,5
2283,3174,3.380780369689753,5
2283,3179,3.0,4
2283,3578,4.172368526898937,4
2284,603,3.0,2
2287,969,4.446131501641768,3
2288,316,2.540815716745651,2
2288,329,2.5871888699020675,1
2288,344,2.2774562990591525,1
2288,546,1.5856311026905812,1
2288,552,2.1229157236387715,2
2288,858,3.602731239437637,5
2288,922,4.453950207599118,5
2288,1042,2.075271722067025,1
2288,1262,3.7994322935295775,4
2288,1274,3.4445130388577203,5
2288,1371,2.6793191710845354,2
2288,1701,4.0,4
2288,2012,2.6236673093878333,2
2288,2427,3.428113488786069,4
2288,2616,2.478846125410335,2
2288,3091,3.0,5
2288,3681,4.032593485080612,4
2288,3703,3.2071509187060983,4
2290,21,3.442435988845556,2
2290,1541,3.4876513424411257,3
2290,2424,3.5997599199820014,3
2291,153,3.925704813335965,4
2291,1372,4.12354837939723,4
2291,2421,3.8759277849150306,3
2293,969,4.640807251566959,5
2293,1179,4.600539289927353,5
2293,1945,4.7667757157376345,4
2293,2067,4.771656684251824,5
2293,2565,4.139620206877519,5
2293,3468,4.751950878317756,5
2294,1947,4.005426195735879,4
2295,1367,3.0,5
2296,3579,3.0,5
2297,161,4.253180348969926,4
2297,858,4.027611820995392,5
2298,785,3.532085241123704,2
2298,2485,3.0343778733633457,2
2301,3019,4.728272049956475,5
2302,377,3.6001382686928824,3
2302,780,3.712790510618444,4
2302,1307,3.7102899565443366,3
2302,2094,3.807935310188964,3
2302,2539,3.5431266876531233,3
2303,914,4.012652615551861,5
2303,969,4.415101304484435,4
2303,1084,4.42152166507856,4
2303,1270,4.306780552080801,5
2303,1385,3.8723036805579665,4
2303,1394,4.117118680900653,4
2303,1633,3.0,4
2303,2141,3.9009546394626127,4
2303,2353,4.292959147179768,5
2303,2919,4.4007873992184985,5
2303,3163,3.0,5
2304,160,3.9223818017184118,2
2304,382,3.9756168656238997,4
2304,416,3.0,3
2304,595,4.086903208805159,4
2304,648,4.03209434433649,4
2304,836,4.176249846010864,4
2304,904,4.0303102738711,4
2304,1078,3.982837807081048,4
2304,1097,4.0392512104156175,4
2304,1173,4.0,3
2304,1357,4.205525898495325,4
2304,1480,3.0,4
2304,1499,3.8888433784833456,4
2304,1598,4.0,4
2304,2278,4.171604913253757,5
2304,2513,3.0825822270542163,4
2304,2701,4.010893315442466,3
2304,2763,3.994568047972091,3
2304,2835,3.0,4
2304,3060,4.128602222057224,4
2304,3067,3.321944672012523,4
2304,3141,3.0,3
2304,3186,3.5322835961125962,4
2304,3489,3.955907482018232,3
2305,21,3.0437258058197587,5
2305,339,3.6755198062053913,3
2305,785,3.490567437513111,1
2305,1721,3.6290735195409725,1
2305,1916,3.0,1
2306,1263,4.336364109407653,5
2307,110,4.606179897044374,4
2307,306,4.0,4
2307,1090,4.655299586420803,5
2307,1094,4.750176695392581,5
2307,1649,3.0,4
2307,3155,3.0,2
2307,3755,4.666170682597936,3
2309,902,3.5050436139166794,3
2309,1453,3.0,2
2309,1962,3.484569976703178,5
2309,2875,3.5040700543892016,3
2310,3727,3.0,4
2311,358,3.0,3
2316,465,3.0,5
2316,1517,3.9650798824636326,5
2316,2921,4.656281909405377,5
2316,3507,4.453086030598317,4
2318,2262,3.0,1
2318,2522,1.0,2
2319,1580,3.720005029173498,4
2320,276,3.147690139473804,3
2320,1614,3.2917337223961,4
2321,344,3.8448388772022546,4
2321,2993,3.8231699299803763,4
2321,3263,4.0620369138361765,5
2322,62,3.994457470696469,4
2322,2321,3.8229631359262415,4
2323,150,3.8647623235409343,3
2323,337,4.007729976067421,4
2323,1230,3.702688731263295,3
2323,1261,3.6536100592591683,5
2323,1966,4.00942445186623,3
2323,2968,3.963527170470588,4
2323,3194,4.0,2
2323,3424,3.9124171770613887,3
2324,1253,3.0,5
2326,2628,4.365265235095631,5
2330,32,3.2468754261694848,3
2330,1129,3.093613303752661,1
2330,2011,3.1485016169296522,2
2331,1041,4.712744543428145,4
2331,1225,4.3516156341700665,5
2331,1230,4.505083125471475,5
2331,1625,3.910057895510056,5
2331,1834,4.3692241795671505,5
2331,2686,5.000000000000001,5
2332,942,4.066298430094728,3
2332,1183,4.456630270832432,5
2332,1938,4.4961006597767526,4
2334,7,3.974662450119918,4
2334,912,3.852208930375765,5
2334,1694,3.636667707145166,4
2334,2471,3.8468608064062897,3
2334,2729,4.0,2
2334,2944,3.873580466967378,4
2334,2947,3.900247062657566,4
2334,3259,4.0,4
2334,3604,3.6746507999753373,4
2335,969,3.890891828634014,5
2335,2666,3.0,3
2335,3671,3.626307786063575,5
2335,3934,3.0,3
2336,3508,4.336237305159209,4
2337,349,4.235909559787577,5
2338,541,4.031743947326833,5
2338,1097,3.85902342568428,4
2338,1214,4.00235736464412,5
2338,3700,5.0,5
2340,45,4.384166204229435,5
2340,163,4.071036334221492,5
2340,468,3.883328582810516,4
2340,924,4.605788623591768,5
2340,955,4.875817221019475,5
2340,1225,4.649053219462532,5
2340,1240,4.385234264060047,5
2340,1278,4.570479855288861,5
2340,3624,5.0,4
2340,3730,4.74637229560778,5
2341,2683,3.5581946412125296,2
2341,2987,3.21935345385955,3
2342,1267,3.8999098341312473,5
2343,2087,4.288533419039092,4
2343,2096,4.385059496509528,4
2344,316,3.5957626717981825,4
2344,1476,3.7388857214239573,2
2344,2041,3.0,3
2346,260,3.8148539669243755,4
2346,595,3.8444678241424404,4
2346,648,3.749073689244913,3
2346,1580,3.79969180307426,5
2347,11,3.0,3
2348,1954,3.437077188171845,3
2348,2987,3.541906540747851,2
2349,858,3.335913248868868,5
2349,1197,3.226202544603048,4
2349,2872,3.01558373215254,3
2350,1527,3.950601859353731,4
2350,2054,3.6778099789687193,4
2351,29,3.0,2
2351,318,3.7097007661765584,5
2351,722,3.0,3
2351,838,3.570709462536683,4
2351,2671,3.301891052402403,3
2351,2943,3.0,4
2352,1334,2.8733570675953035,2
2352,1339,3.0032411965507477,5
2352,1983,2.4376707769185657,3
2352,2664,3.522366009743738,4
2352,3928,2.0,2
2353,457,3.62213187818113,5
2353,828,3.0,4
2353,1266,3.563620803166884,3
2353,1498,3.0,3
2353,3068,4.091990071214768,4
2353,3185,3.0,1
2354,3527,3.7651519369229276,2
2355,969,3.8056840450725686,4
2355,1333,3.4470912518949732,4
2355,2858,3.3545787031705165,4
2355,3096,3.0,4
2355,3730,3.5859319817976143,3
2358,2023,5.0,3
2359,3041,3.0,2
2361,1100,3.2636845555405496,3
2361,3591,3.43367408049482,3
2362,1090,4.246961151799947,2
2362,1673,4.025053072930302,3
2362,3751,4.134395105120676,2
2363,2520,3.0,4
2368,909,4.422800554658548,5
2368,1006,3.0,3
2368,1960,4.4173591192084585,4
2368,3465,3.0,5
2368,3498,5.0,4
2370,593,4.2781362566326395,4
2370,1200,4.2149311038559985,4
2370,1233,4.258465574369938,4
2371,932,3.0,5
2371,3155,3.0,5
2372,440,5.0,5
2372,1584,4.445996526183398,4
2372,1784,4.559974508389871,5
2372,3831,3.0,5
2374,1073,4.216053518254903,5
2374,1374,3.9775829695042537,2
2374,2985,3.9676554909902855,3
2376,1279,4.0,4
2376,1644,2.4047173696383184,2
2376,3148,3.9673097213097592,4
2378,44,3.2892130771237427,2
2378,780,3.613933420284455,5
2378,2333,3.320067218095734,3
2378,3327,3.0,5
2380,110,3.66161214419617,4
2380,150,3.724249122150035,5
2380,481,3.0,3
2380,1135,3.3231254968523625,3
2380,1617,3.5727282184854356,4
2380,3255,3.3705492788468527,4
2380,3524,3.476016382953414,3
2382,1968,3.26491065841635,2
2382,2355,4.09111544353037,5
2383,1,3.705251729533403,4
2383,28,3.0,4
2383,1587,3.311566098546284,4
2383,2133,3.613557878917441,4
2383,2291,3.6734227370572206,4
2383,2409,3.3607864126659606,2
2383,2424,3.5833342642894204,2
2383,2518,3.8308717398596035,3
2383,2528,3.6513308567517457,2
2383,2617,3.561109171433431,5
2383,3087,3.6428350860921372,4
2383,3740,3.6266414099645528,1
2386,3396,3.9268198434286923,5
2388,480,4.198116118844439,4
2388,1917,4.187115303537713,3
2388,2949,4.068893383390072,4
2388,3104,4.20253200932244,4
2389,223,4.099378831812405,5
2389,608,4.0434798866262645,4
2389,1171,4.197677126648151,3
2389,2427,4.053857122742749,2
2389,3114,4.112568770137515,5
2389,3680,3.0,3
2390,550,3.0,3
2390,1923,4.088368823182686,5
2391,3929,3.0,4
2392,3157,4.0,4
2393,318,4.147798449476566,4
2393,527,4.17117193964433,3
2393,2167,3.9353720589504855,1
2394,2706,3.767588725362641,5
2395,1101,4.026870524413735,4
2395,1641,3.9339042393685886,3
2395,1892,4.255392089906423,4
2395,2424,3.9034033538298267,3
2395,2502,3.3952474198492673,2
2397,950,4.269995977043127,4
2397,1101,3.763879217584663,3
2397,2987,3.9472462676080884,4
2398,924,4.268918009249232,4
2398,1207,3.712303853242904,3
2398,2526,3.0,4
2399,3555,3.9655174199888785,3
2400,1620,3.5254413688991324,5
2400,2664,3.394765941542601,3
2402,678,4.0,4
2402,866,3.7119559891611735,3
2402,1217,4.089490146288319,5
2402,1663,3.4367710468977903,4
2402,2000,3.634763345002673,4
2402,2046,3.368404930215518,3
2402,2054,3.417091578790926,2
2402,2065,3.491018499194823,4
2402,2110,3.480867078129924,2
2402,2231,3.5332125866859063,3
2402,2268,3.6771143433424616,4
2402,2403,3.597249857440318,3
2402,2525,3.4706727324683437,1
2402,3138,3.0,3
2402,3704,3.550521475256952,4
2403,1127,3.323927855193992,3
2403,1769,3.1906598443695686,5
2403,2363,3.446103880175693,4
2404,1197,4.068976113149186,4
2404,2716,3.9847600423315512,3
2404,3489,3.8016902913909534,3
2405,3444,3.0,2
2405,3688,3.0,3
2406,586,3.904272499172963,3
2406,1961,3.978423542329808,5
2406,3249,4.439752895106961,5
2407,1213,4.088615845066133,4
2407,2186,4.315262010848468,5
2408,852,3.0,4
2408,3686,4.753454234169775,4
2409,608,4.00387692854491,4
2409,1214,3.7086209761709856,4
2409,3087,3.7048014110394876,4
2409,3448,3.915654444264359,5
2410,924,3.731254393450544,4
2410,944,3.0,4
2410,1096,3.5697453206317107,5
2410,2686,4.0,4
2410,3217,3.0,4
2410,3654,3.9693971188482586,5
2411,21,3.662102203371255,4
2411,329,3.5604211693174848,3
2411,455,3.0,3
2411,969,4.173657733697735,4
2411,2064,4.034763080808668,4
2411,2539,3.54087348745965,3
2411,2900,3.0000000000000004,3
2411,2949,4.1366608030191765,3
2413,2194,3.0,4
2414,364,4.476048210994554,5
2414,1274,3.3814235323099977,4
2414,3095,4.096131928809991,4
2416,3893,2.725496538055617,5
2418,333,3.084603791575484,2
2418,1895,2.0,3
2419,346,3.0,4
2419,524,3.9913213894770596,4
2419,1228,4.038934679335338,5
2419,1732,3.8389240843799066,4
2419,2058,3.8214789274520387,3
2419,2248,3.9419538517076016,5
2419,2702,3.188109959878229,4
2419,2772,4.0,3
2419,2836,3.0,4
2419,3081,3.601859908517468,4
2419,3505,3.9942095293274598,4
2419,3536,4.1837338221304545,4
2419,3865,3.0,2
2423,1265,4.164943054975579,4
2424,1,3.58036031062742,4
2424,1240,3.5380490991132163,5
2424,1479,3.333651383072638,3
2424,2126,3.2887757241682314,4
2424,2407,3.0834927770443015,3
2425,688,3.0,2
2425,780,3.7868038856722337,4
2425,2762,3.6987036370894235,5
2426,17,4.76284189860297,2
2427,596,4.023196928804129,4
2427,2096,4.007535912564088,4
2427,2188,3.0,3
2427,3429,4.999999999999999,5
2428,946,4.332563575525439,5
2428,1276,3.61124762944769,5
2428,1307,3.0621333746318533,4
2429,1957,4.53934016999014,4
2429,1958,4.343023480471451,4
2429,2174,4.418305543651276,3
2429,3471,4.452008866050809,4
2429,3524,4.271833080793298,4
2430,589,3.569491411510833,4
2433,2712,3.7067609248655926,1
2435,1036,3.8309068858071833,5
2436,34,3.8664169985823835,4
2436,377,3.494474278678471,4
2436,390,3.0,2
2436,1073,3.8354847865710116,4
2436,1375,3.6916838391042655,3
2436,1701,2.9765107091853378,3
2436,2100,3.788349130623305,3
2436,2688,3.9455568916876236,3
2436,3418,3.8754077001649874,5
2436,3555,4.03071278645241,4
2438,1031,3.342289863885841,4
2438,2054,3.7074772118058044,2
2438,3917,4.0,3
2440,3101,3.0,4
2443,1367,3.0,4
2444,12,3.0,5
2444,1982,2.896523158270535,3
2445,172,3.8278024108104516,3
2445,2403,3.8935206275021295,3
2445,3452,5.0,4
2445,3519,3.816834084142484,4
2445,3877,3.0,2
2446,2021,3.9533694302900915,4
2446,2359,4.21712201667484,4
2446,2531,4.083445284939149,4
2446,2806,3.0,2
2446,2987,4.129102734227426,3
2446,3685,4.252598096627669,3
2448,610,3.28205233020749,3
2448,1197,3.9980260419923357,4
2448,2712,3.9164621522048138,4
2449,457,4.342748475053737,5
2451,1127,3.356652140178518,4
2451,2115,3.6285750128370124,3
2451,3478,3.9616078224058144,3
2451,3710,3.0,2
2453,58,4.189424310185049,4
2453,150,3.8543811457962396,4
2453,282,3.7516736722659676,4
2453,438,3.0,4
2453,500,3.628066725405509,4
2453,527,3.931694548396181,5
2453,1034,3.0,4
2453,1185,4.214113619611384,3
2453,1268,3.8449757719542026,3
2453,1404,3.0,4
2453,1673,3.9464051094665,4
2453,1769,3.5617762886433204,2
2453,1899,3.0,2
2453,1966,3.0,3
2453,2001,3.479666994112751,4
2453,2393,3.5331834051825775,4
2453,3101,4.013943698753636,4
2453,3108,3.830270660006546,3
2453,3252,4.070800439415023,5
2453,3515,3.0,3
2453,3584,3.0,3
2453,3915,4.0,2
2454,69,4.501523380715818,3
2454,1027,3.416779279556739,4
2454,1073,3.576119453010135,3
2454,1079,3.3915849999181873,4
2454,1193,3.96436504677316,3
2454,1608,3.6651192825983996,3
2454,3108,3.8726985993642624,2
2454,3397,3.434841222364482,4
2454,3439,3.103690993085045,3
2455,32,2.8853407350041587,5
2455,589,2.895587612169531,3
2455,1037,2.7555591075437675,1
2455,2011,2.6733506155037396,1
2455,2193,2.8003291124760947,3
2456,1375,3.147865139603335,3
2456,2289,3.7339962150003103,4
2456,2407,3.2536462148225858,3
2456,2414,3.182582439721813,3
2456,2755,3.0,2
2456,2791,3.523628838381901,3
2456,2890,3.525704991937191,5
2456,2987,3.348111750775462,4
2456,3105,3.467471958990547,3
2456,3544,3.0,3
2456,3697,3.067773715799319,2
2456,3698,3.144941200422426,2
2456,3707,2.0,2
2457,357,3.6877509037607545,3
2457,373,2.0,3
2457,441,3.6429093170660187,5
2457,552,3.8311956881268063,2
2457,611,1.9759502634319763,1
2457,1297,3.802586430530997,5
2457,1321,3.475763311179459,3
2457,1372,3.3663577327933,3
2457,1866,4.0,3
2457,1984,2.6005126879319467,1
2457,2018,3.7333683950995105,4
2457,2141,3.71764821880937,3
2457,2668,2.6338594566201263,3
2457,2746,3.362626645494762,3
2457,2867,3.058455241525253,4
2457,2990,3.855567139911077,5
2457,3033,3.3965223891022673,4
2457,3576,3.2403700053874234,2
2458,786,4.04955642261377,5
2458,2080,3.7630576562311147,3
2459,1923,3.8743777295918425,5
2461,480,4.039694817296849,4
2461,1722,4.009799142186862,3
2461,2329,4.132492350613289,5
2461,2918,3.6607044654407974,5
2461,3175,3.445196836500911,4
2462,1198,3.678179796886733,5
2463,1196,3.574619839483593,5
2464,527,3.889101623746437,5
2464,1259,3.846866007873484,4
2464,3249,3.0,2
2465,260,4.444407376020535,5
2465,1304,4.527748249827003,5
2465,2357,3.0,5
2465,2997,4.433247928339654,5
2465,3551,4.624854634239698,5
2466,481,5.0,4
2466,538,5.0,4
2466,748,2.4169553981101184,1
2466,1200,3.052858186839702,5
2466,1214,3.1522058903011856,4
2466,1270,2.9206222657026966,2
2466,2407,2.8719940751567448,2
2466,2985,3.0451884391976556,4
2466,3033,2.934606973597511,2
2468,1197,4.336609734322645,5
2469,2706,3.7575368134435903,3
2471,293,3.4227607307877665,2
2472,500,3.7233847120892247,3
2472,590,3.791449761363217,4
2472,1120,3.8072174257898297,4
2472,1263,3.9590991263375925,5
2472,1968,3.7241399612488624,5
2472,2115,3.6566521871756557,3
2472,2474,3.793539660575229,3
2472,2858,3.7865571894391468,5
2472,2916,3.683055560605508,2
2472,3189,3.0,2
2472,3386,3.800706255613534,5
2473,1544,3.9951757607764344,3
2473,3173,3.4975431261324275,4
2473,3753,4.346330792694146,4
2475,1130,4.527484404522386,3
2476,3067,5.0,3
2477,913,4.793897677840768,5
2478,247,3.786164723007754,3
2478,1199,3.733395096916941,3
2478,1203,4.4907431396182105,5
2478,1214,3.613487860756055,4
2478,2116,3.5090798065120072,2
2478,2730,4.0,4
2479,653,3.52346286268704,2
2479,924,4.1611191446061975,5
2479,2657,4.004666513822441,4
2480,1284,5.000000000000001,5
2480,2683,4.337065051955321,3
2481,2300,4.128496856696191,5
2481,2871,3.9478187077181826,5
2481,2944,4.07023553640833,5
2481,3552,3.9196386411017228,4
2482,3206,3.0,3
2484,1073,3.735867642837896,3
2484,1220,3.7138055872348734,3
2484,1391,3.5649803273081173,2
2484,1396,3.840212913877865,3
2484,1965,3.3846631360600212,2
2484,2003,3.768967069870982,3
2484,2288,3.3504767873169605,4
2484,2401,3.3288849429834904,4
2484,2918,3.4531428587587607,4
2484,3039,3.733638638841311,3
2484,3365,3.8631194259271573,5
2484,3681,3.931030224567825,5
2485,1339,2.974159501098469,3
2485,1411,4.501086868363591,4
2485,1719,3.7928720401706104,3
2485,2070,4.163268323658516,3
2485,2881,3.0394002527732304,3
2485,3148,4.171359348635099,5
2485,3623,3.8914880711664113,2
2486,3134,4.439909344660069,4
2486,3362,4.2007092372559995,5
2487,2423,3.9700333510288406,5
2487,3361,3.7493891502973806,3
2488,1231,4.51699208042468,4
2489,224,3.011967841563166,3
2489,1194,3.0,3
2489,1265,3.5338777481066934,4
2489,1343,3.478157212763724,4
2489,1994,3.3600951221119866,4
2489,2359,3.6979830985890025,5
2489,3173,3.483536855749222,3
2489,3949,3.3610590528970063,4
2491,480,3.9045587921998908,4
2491,1204,4.0990398164804525,5
2491,2948,3.0000950943485187,4
2492,2087,3.8619953630599686,5
2493,903,3.9985492409519727,5
2493,3033,3.76604583322866,4
2494,2126,2.708995973999221,1
2495,3536,4.502042053474667,4
2496,34,3.0872864565368876,4
2496,208,2.7828704788885728,2
2496,913,3.8195296745168674,5
2496,976,4.0,3
2496,1203,3.6052164940463447,2
2496,1337,3.0,4
2496,1727,3.0,1
2496,2009,2.894000296922,4
2496,2012,2.907248940775322,1
2496,2176,4.487120752962865,3
2496,2363,2.8614035425314723,4
2496,2553,2.851233921966596,4
2496,2739,3.2015101111478677,3
2496,3471,3.2842018155521684,3
2496,3936,2.0,4
2497,932,3.0,5
2498,2922,3.198251656167351,1
2498,3644,3.0,3
2498,3893,3.0,2
2499,3005,4.7041044449854885,5
2500,288,3.7359486576416647,1
2500,459,4.0,3
2500,1544,3.767589303996685,3
2500,1586,3.773683115067487,3
2500,1833,3.876878120355635,4
2500,3367,4.0,3
2500,3697,3.7304374422959317,3
2501,2987,4.087392797479885,5
2501,3095,4.224618707244566,4
2502,3183,3.0,4
2503,1357,3.0,1
2503,2990,3.0260171499203823,5
2503,3708,2.9444039777196003,2
2504,1208,3.993170215657337,4
2504,1610,3.717293500721782,4
2504,1961,3.979336865724822,4
2505,1954,4.322119493915785,5
2506,903,4.323817887783072,3
2506,1240,3.5807375786850657,3
2506,1291,3.4311435237419237,3
2506,1674,3.978618617097582,4
2506,2146,3.4359661765790888,4
2506,3475,3.0,5
2506,3608,3.958667497680849,4
2507,6,4.084422403693754,4
2507,272,4.232858413329379,5
2507,329,3.5239858924845686,3
2507,337,4.20793858666898,4
2507,551,4.015797707101448,4
2507,678,4.0,5
2507,900,4.705216643088335,5
2507,1079,4.105763003324044,4
2507,1086,4.620721107935121,5
2507,1186,4.3997589195505915,4
2507,1227,4.329324988673264,3
2507,1777,3.6561935848123905,3
2507,1907,4.250501445769306,4
2507,1949,5.0,5
2507,2089,4.138960454996685,5
2507,2110,4.144445593208428,4
2507,2245,3.8927064807315572,4
2507,2272,3.0,2
2507,2883,3.0,4
2507,2951,4.2578594389819635,5
2507,2973,4.493373636710361,5
2507,3039,3.964730918927117,5
2507,3142,3.0,3
2507,3157,5.0,3
2507,3527,3.858214773789972,3
2508,1148,3.001948070906425,4
2508,2694,3.9397808328011954,3
2508,2718,3.9933557276009726,5
2508,3793,3.8087450769381337,4
2509,1200,3.489986866041066,4
2509,1221,3.5312997428733457,4
2511,3213,3.0,3
2512,1084,3.9358191423249003,3
2512,1104,4.025408247042402,5
2512,2355,4.245743765904235,3
2513,1278,4.341058935624968,4
2513,3809,4.715902261589881,3
2514,1343,3.622391975383548,5
2515,541,3.9964790367928003,3
2516,593,4.113032007983933,4
2518,919,4.262156808035916,5
2518,1393,4.291672297772712,3
2520,922,4.346644023553487,5
2520,2844,3.0,4
2521,2918,4.0124627992146396,4
2521,3016,2.4416322972492357,3
2522,2642,3.749732531102697,2
2523,480,4.172485490484294,3
2523,1090,4.190704739362954,4
2523,1387,4.1587378314968495,3
2523,1704,4.264257988555875,3
2523,3917,2.695862231477787,5
2524,1234,3.2016820460110753,5
2525,1394,3.5081904803723503,3
2525,2000,3.433626316315171,3
2525,2407,3.7270384631758673,4
2525,3512,3.0,4
2526,971,4.488081718505646,5
2526,2202,5.000000000000001,5
2526,2352,3.5631786762387354,4
2526,3849,3.0,5
2528,3683,4.185791803337845,4
2529,515,3.570549920119515,2
2529,674,3.3616820239911682,2
2529,736,3.828689169520602,4
2529,914,4.086980083581091,5
2529,924,3.7758425876717983,4
2529,941,3.0,5
2529,1097,3.792701155617175,3
2529,1172,3.234728255778761,3
2529,1185,3.439101491035973,2
2529,1210,3.814396368627876,5
2529,1222,3.7990963097518446,5
2529,1234,3.8838489086277397,4
2529,1688,3.644549760730381,3
2529,2336,4.315893593840883,2
2529,2373,3.4990725837250753,3
2529,2863,3.921901165522068,4
2529,2879,3.0,4
2529,3545,3.79563751576492,5
2529,3552,3.8609887398217886,5
2529,3711,3.0,3
2529,3712,4.185084805690366,3
2530,2858,4.130129468508533,5
2530,3809,4.025715221292712,2
2531,1693,3.0,4
2532,2730,3.0,5
2533,74,4.0,4
2533,236,3.859873581114186,4
2533,1821,3.8524703737935826,3
2533,3108,4.06964439985705,3
2535,2858,4.321734080055897,4
2536,1036,3.6862840411893827,3
2536,2012,3.3178226432101647,3
2536,2496,3.3874735251497254,3
2536,3408,3.6486440987570243,4
2537,5,2.41692449485632,2
2537,468,3.244957247306259,2
2537,921,3.5372171994810286,5
2537,934,3.0,3
2537,1012,3.4601271613355697,3
2537,1036,3.586908472808699,4
2537,1199,3.731549013813235,4
2537,1380,3.3885283749535047,3
2537,1381,2.2389100581167463,1
2537,1395,3.5078305232197504,1
2537,1425,3.0,3
2537,1485,3.106137337269368,3
2537,1490,3.0,1
2537,1682,3.550584208541901,3
2537,1964,3.560927533853757,3
2537,2571,3.5863595911668775,4
2537,2870,3.0,2
2537,3040,3.1940358815054037,1
2538,349,3.814362130509456,4
2538,1931,4.0,4
2539,1196,3.8417459573204784,5
2539,3703,3.9015484261984095,4
2540,2,3.936234436825071,4
2540,163,4.012482853453992,3
2540,597,4.329779854360798,4
2540,782,3.0,4
2540,1620,4.241712764574187,3
2540,3893,3.0,4
2541,289,4.280499489023555,4
2541,3254,3.27463008996778,2
2542,3,5.000000000000001,5
2542,3160,3.0,5
2544,58,3.924109232661016,4
2544,541,3.588813219482707,3
2544,555,3.67166936569522,4
2544,905,4.300717331543628,4
2544,924,3.9579511871754343,4
2544,1035,3.9112324216634016,3
2544,1060,3.7952773915367213,3
2544,1212,4.477936485662931,5
2544,1299,4.128836210731727,3
2544,1573,3.6193588219517756,3
2544,1785,3.0,3
2544,1938,4.173922153046401,3
2544,1944,4.326276582828506,3
2544,1957,3.982987553944721,3
2544,2019,4.409117696169424,5
2544,2287,3.4702866724112127,3
2544,2399,3.0,2
2544,2716,3.5314168381335667,4
2544,2791,3.616911467434003,3
2544,2852,3.4942063883433927,3
2544,2871,4.001476103096786,4
2544,2997,3.850649703102127,4
2544,3148,3.8011979640833196,4
2544,3341,4.592132820621248,4
2544,3504,4.128428689445612,5
2544,3702,3.773692220047262,4
2545,34,4.460260360770508,4
2545,1231,4.498276784692822,4
2546,36,3.613262227380231,4
2546,2983,3.0,4
2546,3362,3.698847997913001,4
2546,3481,3.8040109568584177,4
2547,910,4.397214255425922,5
2547,1035,4.0893788977576255,4
2547,1952,4.437418691656644,4
2547,2289,4.2512146371484745,4
2548,2763,4.423747823753745,4
2548,3157,5.0,4
2550,1136,3.909854593868702,3
2550,2987,3.9378358365482384,4
2550,3467,3.7933005085990823,4
2551,367,3.430980147854932,4
2551,2021,3.486884078268226,3
2552,457,3.7450647775548536,4
2552,1682,3.7527870311109,2
2554,17,4.610987799721723,3
2554,2628,4.10827516930799,2
2554,2804,5.0,4
2555,1952,3.973028379638635,3
2555,3801,3.0,5
2556,213,3.0,4
2559,39,3.765617853044703,2
2559,1036,4.122358299027214,5
2559,2858,4.118298018148831,5
2561,348,4.099631813298854,5
2561,514,3.0,3
2561,919,3.910206826529087,4
2561,2542,3.5396872585336383,3
2562,1029,4.100308032699737,4
2562,2012,4.220044038359507,3
2562,2722,3.536185293714295,4
2564,3,4.326894475734602,4
2564,608,3.8863791258912013,4
2564,1721,3.8801027335361016,3
2564,2716,3.830088457314673,4
2564,3753,3.6997286066570965,3
2565,19,3.575673059760239,3
2565,231,4.043477259100918,5
2565,344,3.9622726910130672,4
2565,592,3.923227010561751,3
2565,1954,4.0269333729514445,4
2565,1994,3.698866550250715,4
2565,2269,3.0,4
2565,3095,4.492127172225806,4
2565,3608,3.7017557826462366,4
2566,673,3.621413801908616,3
2566,969,3.800748620726431,4
2566,1073,3.6336531434814,3
2566,1129,3.4602439301955736,2
2566,2058,3.6526985879161993,3
2566,2087,3.6244156857066683,3
2567,509,3.496832210005427,3
2567,551,3.577270579953743,1
2567,1345,3.4326124790474406,3
2567,1394,3.5649505099394387,4
2567,2006,3.3950899228970406,3
2567,2021,3.5888134924927346,3
2567,3035,3.8908335543786126,5
2567,3519,3.6073185024666365,4
2568,260,3.936184657946901,4
2568,1911,3.5962213305310633,2
2569,110,3.413023400683218,4
2571,1148,5.0,5
2571,1376,4.603070539004783,3
2572,314,3.0,5
2572,750,4.478751227688356,5
2572,858,4.315059507507204,5
2572,1250,4.498340203736586,5
2572,1265,4.261500670593501,4
2573,1230,4.452514720380758,5
2573,3724,3.0,3
2573,3763,4.326229796505685,4
2574,933,4.655940606041648,5
2574,3256,5.0,4
2575,2002,3.9790640025920045,4
2576,168,2.603542057516814,2
2576,349,3.307183376762624,3
2576,1047,3.3153069979943073,4
2576,1197,3.521908867914101,5
2576,1242,3.6591621116255646,4
2576,1748,3.522301211567308,3
2576,2105,3.282213236099473,4
2576,2322,2.75792036055769,2
2576,2455,3.3982076898433666,3
2576,2717,3.153334428429875,2
2577,3868,4.1605132868780315,3
2578,1964,4.268309345163857,4
2579,356,4.670183392921343,3
2579,903,4.468173804447247,4
2580,1230,3.3792859581199544,1
2580,1923,3.759799932827103,4
2580,3451,5.0,4
2581,529,4.438844372864322,5
2581,535,4.008459844735738,5
2581,1061,4.154842484308501,2
2581,1259,4.3824526122887875,4
2581,1282,4.500275852576866,5
2581,1357,4.37288670984867,4
2581,1704,4.279992184297715,5
2581,2018,4.425466421485822,5
2581,2144,4.101155674311014,5
2581,2804,4.16982627877275,5
2581,3194,4.999999999999999,3
2581,3267,4.020522442973514,5
2581,3341,4.667208300041498,4
2583,185,4.029119191429856,4
2583,260,4.517214139765381,5
2583,1350,4.648569197960341,4
2583,1994,4.225545970357318,3
2583,2078,4.339897479730067,4
2583,2160,4.57009028170048,5
2583,3927,4.348063873341459,5
2584,1446,3.0,4
2585,952,4.0,4
2585,1784,3.700716850215821,4
2585,2313,3.773352044302841,4
2586,924,4.256440825891615,4
2586,1350,4.007606139968259,2
2587,3256,3.490635390145371,5
2588,141,3.9667010273220034,4
2589,45,3.7107768491421473,4
2589,589,3.6848428392038417,3
2589,858,3.7740616514629184,5
2589,1225,3.492544147105699,5
2589,1321,3.5425174720636727,4
2589,1810,3.0,3
2589,2571,3.6830933179073724,3
2589,2701,3.081503903490506,1
2590,32,3.8407921146502644,5
2590,253,3.784885353999651,4
2590,512,3.214744279890013,3
2590,546,2.7577686215257695,1
2590,1347,3.621551592534342,5
2590,1372,3.3036627918935464,3
2590,1653,3.6337140941354926,3
2590,1976,3.0252552322948483,3
2590,2456,3.1367779138188627,2
2590,2717,3.5506299777843564,3
2590,3156,3.0,3
2590,3264,3.646234260673364,3
2592,368,3.5025130654495014,3
2592,426,2.7732331810258732,3
2592,436,2.0,4
2592,599,3.573801843360747,2
2592,919,3.859381006457842,5
2592,1258,3.5146800608259334,4
2592,1278,3.7404167890887607,2
2592,1408,3.6957209997497835,3
2592,1946,3.6555819348309915,2
2592,2478,3.4438749620255775,2
2592,2688,3.9080576989981557,5
2592,3073,3.0,5
2593,2747,5.0,5
2593,3788,4.0,5
2594,2628,3.307459078236945,4
2594,3578,3.5597030542247805,3
2595,440,3.4577410564485174,5
2595,2858,3.592870860208497,1
2595,3258,2.6240264110642673,1
2596,708,3.8492599569067445,3
2596,1876,3.7159034554024957,3
2596,3450,3.76519080745221,3
2597,362,3.0,4
2597,3044,4.291461145244186,4
2598,1200,3.9811872026108985,4
2598,1221,3.934071661955792,4
2599,671,3.741684387512072,4
2599,912,4.082769451280019,3
2599,1288,3.949278146444955,5
2599,1334,3.856527456487331,3
2599,1610,3.99419204904689,4
2599,2137,3.3543561703427724,2
2599,2407,3.756592455833071,3
2599,2532,3.423108028186862,3
2599,2613,3.4682092017354327,3
2599,2791,3.9232615910329773,4
2599,3354,3.8221970374469825,3
2601,589,3.9763297216396043,3
2604,785,3.8938992057849493,3
2604,919,4.234659700626287,4
2605,47,3.9924338563704014,5
2605,593,4.063052799097223,4
2605,969,4.073433223998076,4
2605,1179,4.217170553801941,1
2605,2553,4.464573821116664,3
2606,1663,4.243909424759686,4
2607,531,3.0,5
2607,1089,4.410699546451056,4
2607,1094,4.439828015754528,5
2608,222,5.0,3
2608,904,3.9473373761828077,4
2608,1265,4.0940314975182455,5
2608,2020,4.2756645492160406,3
2608,2305,3.0,3
2608,3342,4.0,5
2609,590,4.349017386648879,5
2609,1184,3.0,4
2609,2180,4.0,5
2609,2764,4.498793632230115,4
2609,3685,4.384535719294208,5
2609,3763,4.355283723688914,4
2611,497,3.609410212077426,1
2611,541,3.7323495563481215,3
2611,593,3.7221896806042425,5
2611,720,3.1550570279564965,5
2611,1073,3.633973628237365,5
2611,1220,3.6935119866440322,5
2611,1357,3.4404708155269614,3
2611,1957,3.5409281562601107,1
2611,2058,3.771425587158558,5
2611,2683,3.588712680550617,5
2611,2700,3.849104438006899,1
2611,2840,3.8288279124126623,3
2611,3710,4.510266416034724,2
2613,2836,3.0,4
2615,1617,3.7696267578291005,5
2616,588,4.03594287907745,3
2616,3811,3.004584093202455,4
2617,1704,3.643574773513833,4
2617,3274,3.5375373262447907,3
2619,1196,4.350164821561642,3
2619,1964,4.745515907479559,5
2619,3873,5.0,3
2620,32,3.703852566445339,2
2620,589,3.6684901910488095,5
2620,1374,3.435925414399923,3
2620,1687,3.4887482162468686,3
2620,2023,3.89339424894903,4
2620,2571,3.6799526645096514,5
2620,2788,3.9947154096465605,5
2620,2947,3.6601346411314077,3
2621,541,3.274586384140859,4
2621,1015,2.4906573712023223,3
2621,1148,3.8659525464034146,4
2621,1417,3.0,1
2621,1606,3.0,1
2621,1676,3.158187891563086,1
2621,2549,1.4834713924597276,2
2622,302,3.0,4
2622,1183,4.105684746790714,3
2623,3248,4.0,4
2624,58,4.53861450998332,4
2624,940,5.0,3
2624,952,4.611052833727318,4
2624,1296,4.520601646100161,4
2624,1374,4.099002725516819,5
2624,2010,3.3540365722703136,3
2624,3269,3.9756618659402134,4
2624,3698,4.091883097520294,4
2625,2789,3.5591978998943055,3
2626,1726,3.0,4
2626,2734,3.477949006256428,4
2627,1251,3.879444337866726,4
2627,1587,2.8470852751713,3
2627,2105,3.1939876127372715,3
2627,2762,3.2325539591071415,4
2627,3083,3.0,4
2627,3360,3.2766907206377898,3
2628,45,3.6991323839641423,5
2628,1221,3.6857374171218233,4
2629,463,3.0,4
2629,786,3.9893055703860467,4
2629,1095,4.220275676118917,2
2629,1343,4.222180286769946,4
2629,1586,4.0105982208568385,4
2629,2002,4.082541697244664,4
2629,2146,4.543750927449052,4
2629,2245,4.413275617589506,4
2629,2288,3.554073253215905,5
2629,2353,4.13476389815826,4
2629,2414,4.301580015283369,4
2629,2474,4.317217300386643,5
2629,2735,3.6988007919999477,2
2630,2451,3.0,1
2631,1395,3.860125518816572,4
2632,1459,3.990557626827022,4
2634,151,3.8411553065996475,4
2634,316,3.669294050978324,4
2634,1256,4.5115162007935785,5
2634,1683,3.9917504366120067,4
2634,1721,3.916626841648362,4
2634,2359,4.167647798688172,4
2634,2973,4.277719763642578,5
2634,3104,3.859981158365987,3
2634,3147,3.8634683835321453,3
2636,2321,3.856654219945207,4
2636,2707,4.281994324982105,4
2637,3717,4.0,3
2638,802,2.9861043123943434,4
2638,1097,3.354495148334811,5
2638,1193,3.7282868847006947,5
2638,1694,4.005984749961016,3
2638,3102,4.0,4
2638,3108,3.571517945404804,4
2638,3512,3.0,3
2638,3763,3.2827732533682017,3
2639,3827,3.0,5
2641,678,5.0,5
2641,2716,4.06674037907593,3
2641,3397,4.005021734256955,3
2641,3555,4.372112865551116,4
2642,1061,4.285493830735956,4
2642,2268,4.197090130499955,4
2643,150,3.5533014360840265,5
2643,835,3.0,3
2643,910,3.774676878564101,4
2643,1183,3.505734502464652,3
2643,1641,3.6022591315899066,5
2643,1748,3.3368993698903426,2
2643,2533,3.195938907206275,3
2643,3198,3.8808594289431384,5
2643,3252,3.519664775577226,3
2643,3334,3.749705225542834,4
2643,3682,3.769657805294937,5
2645,597,3.5611385797976185,4
2645,1290,3.842184662132251,3
2645,1704,3.6282934059278142,4
2645,1962,3.78410886201956,3
2645,3159,3.0,3
2645,3844,1.0,4
2647,1186,4.488609286851509,5
2647,2023,4.348091845378619,4
2648,247,4.3324032579541925,4
2648,2664,4.202797837876453,4
2649,413,4.0,2
2649,1257,3.5382165702666706,5
2649,1270,3.4013532142036484,5
2649,2080,3.6327558409472713,3
2649,2413,3.2900891993671793,3
2649,2759,3.0,4
2649,3701,3.496285029330476,2
2651,349,3.3934349325897464,4
2651,1198,3.447498730057365,4
2651,1222,3.4278929165614045,4
2652,1,4.110582963841189,5
2653,2333,4.0,3
2654,1358,4.170584601973116,5
2655,165,3.3648720935068273,3
2655,2147,3.0,1
2655,2629,3.0,3
2655,2706,3.1815104046223643,4
2655,3174,3.4536353316235373,4
2655,3409,4.430328694064058,3
2656,1569,4.195862191194284,5
2657,593,4.68664917268278,4
2657,2571,4.7696036048571955,5
2657,2716,4.034071181628845,4
2658,2329,4.131694504847568,4
2658,2380,4.0,1
2659,1086,4.370390930480428,4
2659,1193,4.099910960650032,4
2659,1203,4.653317578175733,5
2659,1784,3.9570127423821004,5
2659,2302,3.9068767609407917,4
2660,356,3.6018505179532427,4
2660,931,3.0,1
2661,3897,4.173485537311826,4
2662,1673,3.566981195904505,3
2663,1665,3.0,2
2663,2231,3.547520040738898,2
2664,231,3.4674775591527776,2
2664,608,3.8576024066073833,4
2664,1100,3.2990536420822703,4
2664,1221,3.955700351265092,5
2664,1616,2.870858185875789,3
2664,2712,3.586776927229109,1
2664,2791,3.468343735899168,4
2665,172,3.3241263738311253,3
2665,500,3.459815122030473,2
2665,1097,3.7307760818391023,3
2665,1130,2.836523510216995,4
2665,1411,4.506153563584171,2
2665,1449,3.8269818145129393,4
2665,1961,3.7467854301259598,4
2665,2087,3.7142569959572533,2
2665,2160,4.005620839114568,5
2665,2167,3.455407904771552,3
2665,2247,3.1607294094012808,2
2665,2664,3.7489196167574037,3
2665,3159,3.0,4
2665,3210,3.443026880606027,5
2666,3173,4.0,3
2666,3252,3.881476084187381,4
2668,195,3.311074450033187,3
2668,329,3.644248398174088,3
2668,357,3.6624109041638144,4
2668,905,4.249661291485711,4
2668,908,3.8592349981173304,4
2668,3538,3.0,4
2668,3712,3.5442799361212924,3
2669,150,4.271771092572313,5
2669,3510,3.6325372719065148,5
2669,3826,3.7189591388338923,4
2670,141,3.3489986484221568,4
2670,223,3.3776545399441633,3
2670,1299,4.016045153800244,3
2671,524,3.3194189783631294,3
2673,2333,4.503551887033296,5
2674,164,3.0000000000000004,4
2674,913,4.3090294250017145,5
2674,1273,4.47224674124619,5
2675,1676,3.220471924256812,2
2676,35,4.0,4
2676,919,4.233779863997456,4
2676,1683,3.0729733478257395,3
2678,1258,3.4365191639702024,4
2678,2916,3.9766860820582246,5
2679,899,4.347256968714688,5
2679,901,3.8111186472758445,3
2679,928,4.305903765360832,5
2679,1047,2.6779353254507123,3
2679,1449,4.0686229791956805,4
2679,2406,3.873581726296302,4
2679,3097,4.704412291660546,3
2680,1234,3.7577848083615115,5
2680,1252,3.6988353639229774,5
2680,1278,3.666790736812923,3
2680,1482,3.0,3
2680,2174,3.4772136570249472,3
2680,3938,3.0,1
2681,728,3.0,4
2681,838,4.048653833437363,4
2681,2507,3.0,1
2681,3247,3.7179709099636113,4
2681,3248,2.7786104144480217,3
2682,695,3.0,1
2682,849,2.1278183246610696,1
2682,2600,4.999999999999999,5
2683,2000,4.5214684436713135,5
2683,2145,4.541321790457569,4
2683,2406,4.505703249553087,4
2683,2797,4.27226870054228,5
2683,3082,4.282438288500827,4
2683,3114,4.209426564422585,4
2684,215,3.0,3
2684,1041,4.04258834409623,4
2684,1277,4.0,4
2684,2692,4.013069851827991,3
2684,2699,3.1386790322572944,3
2685,50,3.932578550788926,4
2685,1198,3.9308737773260902,5
2685,1374,3.850862915960263,4
2685,1422,5.0,2
2685,1553,3.0,2
2685,2530,3.7790472275444196,3
2685,2866,3.0,3
2685,3535,3.0,3
2685,3638,3.96229910507794,4
2687,1054,3.0,4
2687,3265,4.0,5
2688,2574,3.0,2
2688,2694,4.778312446932,4
2688,2858,3.75631169799219,4
2688,3175,3.973511349243128,3
2689,1961,4.556848108369174,5
2691,1225,4.724304247252963,5
2691,1302,4.680231527874338,4
2691,2916,4.66217400915631,4
2692,1379,3.3916419063638914,2
2692,2168,3.0,1
2692,2273,3.9117398990407706,4
2693,1006,3.0,4
2693,1266,3.8183187612161347,4
2693,1303,4.120240718159567,2
2693,3671,3.875689704509277,4
2694,1259,5.000000000000001,5
2695,858,4.187425913032917,2
2695,903,4.214936226438375,4
2695,1304,4.137694411105949,5
2699,920,4.1017501001969725,4
2699,1704,4.000961117791056,5
2699,1947,4.091971828671406,5
2699,2087,3.881944212934746,4
2699,2324,3.9614572800069365,5
2700,293,3.844140585008905,5
2700,577,3.0,1
2700,1883,3.898999737820477,2
2700,2394,2.845383485973659,2
2700,3426,3.0,1
2700,3476,4.048348783209324,5
2700,3494,3.753860173947619,5
2700,3528,3.992572600908591,3
2701,377,3.006050234173438,4
2701,1499,2.185560335491174,5
2701,1610,3.530182842283621,4
2701,1876,3.371855452384168,4
2701,2568,3.0,1
2702,524,3.0,3
2703,2940,4.263771563247195,4
2707,357,3.737143246263347,4
2710,3484,4.0,3
2711,1373,2.2312207513409357,1
2712,1030,4.0,1
2712,2628,4.2437736135465025,4
2714,2529,2.4611616560994833,4
2715,1953,3.1780364295011703,4
2717,17,4.000079715748108,5
2717,2028,3.7617001493319635,5
2718,1186,4.338399768671813,3
2718,1678,4.000374786881263,5
2718,2006,4.032069250656069,4
2719,1235,4.4446005296238065,4
2719,1274,4.245129324728475,5
2719,3504,4.384616979846293,4
2719,3671,4.19501927121128,4
2721,377,3.1304421049894944,2
2722,1215,4.0,4
2722,3753,4.752585866706631,5
2723,415,3.0,2
2723,2023,3.57950416205044,2
2723,2064,3.6298936600222635,5
2723,3450,3.9033963361636244,4
2723,3525,3.853887878779263,2
2724,58,3.9000807390699133,5
2724,339,3.8901483567244988,3
2724,586,3.7643239068514123,3
2724,1183,3.9604634325995103,4
2724,1188,4.2783910451231995,4
2724,1672,3.8044641059340516,5
2724,2971,3.028979195527737,4
2724,3264,3.8669708034650347,4
2726,531,3.0,4
2727,379,3.2102823250966224,3
2727,590,3.4801055569196944,3
2727,1218,5.0,5
2727,1587,3.475312979107954,4
2727,1610,3.462252411038087,4
2727,3101,3.7214944928772247,3
2728,329,4.1390748945561615,2
2728,1037,3.4345512274495444,3
2729,1242,4.4896862981298025,5
2730,1292,4.141099462149187,5
2731,923,4.617141897098288,5
2731,1078,4.501641290124907,5
2731,1270,4.46507317012238,5
2731,1272,4.64066920668918,5
2731,1704,4.548883779181036,5
2731,1950,4.6916635188820255,4
2731,3448,4.43220696499894,5
2733,2243,4.414539307449417,4
2733,2925,3.0,5
2733,3362,4.519124358181801,5
2734,277,3.0,4
2734,1277,3.0,4
2735,2676,3.0,2
2737,162,3.9477937886881946,2
2737,176,4.507862690938095,3
2737,340,3.0,3
2737,778,3.997474096661325,5
2737,852,3.2818690943357423,4
2737,984,3.0,3
2737,1057,4.2825950583023795,5
2737,1380,3.8624622647334825,5
2737,1513,3.198158639851082,3
2737,1732,3.7841515227697005,5
2737,2371,3.673237662046816,3
2737,2396,3.9317821798140096,5
2737,2407,3.6502024229787313,3
2737,2657,3.846716217930959,4
2737,2918,3.69248209006784,5
2737,3259,2.9761497891376294,3
2738,308,5.0,5
2738,2028,4.421068069236051,5
2740,1396,3.951403771111902,4
2740,2278,3.987014950125981,4
2740,2353,3.933637935995229,4
2740,3513,4.0,3
2741,161,4.316042307348798,5
2742,497,3.241207755775139,4
2742,553,3.410456508133202,4
2742,1080,3.3690744625154596,4
2742,2005,2.9121630073123645,2
2742,2015,2.502824195165251,1
2742,2407,2.683277892340987,3
2743,1003,3.84603644668192,3
2743,1037,3.6831412361711524,3
2743,1391,3.595560016033695,3
2743,1499,3.1979558098888035,1
2743,2279,3.213296788712695,4
2743,2433,3.8933643738144017,3
2743,2456,2.4826290324834703,3
2743,2771,3.0,4
2743,2803,4.14948772872719,5
2743,2806,3.0,3
2743,2858,4.154474123557978,4
2744,596,1.0,1
2744,2430,3.0,1
2745,736,3.9398071912653334,4
2745,2002,3.853231640207463,4
2745,2340,3.508537333894696,4
2746,3087,3.6491490978209984,4
2746,3552,3.8887703610117947,4
2747,296,4.417952543879687,4
2747,1213,4.44951763895886,4
2747,1265,4.379745727072163,4
2747,1947,4.370503633458806,5
2747,2300,4.121054262411784,5
2748,164,5.0,5
2748,1260,4.5930668707113576,3
2748,1356,2.8802612757409896,3
2748,2396,3.19380609736006,5
2748,3527,2.7443579156017996,3
2748,3672,2.942466470886236,1
2749,1204,4.648959723537059,5
2750,1233,4.454324841693179,3
2750,1259,4.366837741841333,5
2750,2788,4.869495823807339,5
2750,2891,3.0,5
2750,3040,4.419877108250524,3
2750,3751,4.554234885947154,4
2751,141,3.0509454916776813,5
2751,926,3.453736277190122,5
2751,1198,3.1781402830502863,3
2751,1270,3.4366333913149174,3
2751,1394,3.2027442268412316,4
2751,2396,3.480242688113577,3
2751,2943,3.0,4
2751,3526,3.4442502113830167,3
2751,3543,3.334294733679925,3
2752,1,3.550761939986461,4
2752,527,3.582313884873868,4
2752,700,3.0,2
2752,1270,3.455880159661245,4
2752,1956,3.4403743090061436,5
2752,1965,3.596174734550819,5
2752,2750,3.5376762226566245,4
2752,2908,4.249963823973616,2
2752,3834,3.0,3
2753,440,3.454675314570838,4
2753,902,4.167346071783593,3
2753,904,3.9711771629821597,4
2753,905,3.9845332941419653,4
2753,954,4.2016155345588455,4
2753,1066,3.519006927111076,4
2753,1304,4.076621958352342,5
2753,2917,4.0409283750526015,4
2753,3111,3.8094757666228922,4
2753,3168,4.048280811663856,4
2753,3911,3.478182236211811,4
2754,587,3.8484761010127437,5
2754,2915,3.885451325150305,4
2754,3052,3.7373831217177287,3
2756,1220,4.186294033240469,5
2756,1917,3.8953966838962493,4
2757,162,4.498179113796161,5
2757,2300,4.392552179089095,3
2758,50,4.013202736068167,5
2758,1256,3.7980993654508355,3
2758,3052,3.9982509371422954,4
2760,357,4.32498825462476,5
2760,2730,3.0,4
2761,410,3.5985323986366984,4
2761,674,2.9711499918660897,3
2761,1207,4.069508876912137,5
2761,1276,4.358082698867995,4
2761,1769,3.495851321810664,3
2761,2057,3.0,4
2761,2194,3.6372147358925457,4
2761,2616,3.418100662634853,2
2761,2968,3.7576849462671356,4
2763,1597,2.6439632100813606,1
2764,296,4.252326478267386,5
2764,750,4.384665033117421,5
2764,956,3.0,5
2764,1288,4.262897026483328,4
2764,1500,4.165607407929087,4
2764,2390,3.0,3
2764,3019,4.143351935400672,4
2764,3499,4.151312603721512,4
2765,733,3.8335534154722883,3
2765,1129,3.9016431025153047,3
2765,1197,3.8847124055113937,4
2765,1287,4.110371881999361,4
2765,2795,3.5242212015285204,4
2765,3654,4.183616461983523,4
2765,3740,3.309777431161219,3
2766,1078,4.232079050691809,3
2766,1250,4.239999887840498,4
2766,3513,3.0,3
2767,518,3.0,2
2769,207,2.0,5
2769,610,3.866411511634177,4
2769,919,4.088087170622548,4
2769,932,3.0,5
2770,2355,4.658235728907802,3
2770,3836,3.0,5
2771,153,3.08587273210702,1
2771,410,2.7807140405341157,2
2771,1036,3.2129756798216262,4
2771,1060,3.086021067981882,4
2771,2985,2.7199308035352487,2
2771,3020,2.933444359509969,4
2772,1290,4.0,4
2772,1517,4.063275645330074,3
2772,2021,4.065851994658858,3
2772,2410,3.8684179914351695,3
2772,2858,4.057528676625744,2
2773,356,4.160259396062594,4
2773,1945,4.550417189668905,5
2774,1374,3.900087262137961,4
2774,1892,3.0,3
2774,2000,4.0845757332118025,4
2774,2324,4.361196064789122,5
2774,2797,4.0948683916636766,3
2774,3044,4.206845818709452,5
2774,3087,3.994290306835685,5
2776,356,4.158047157120389,5
2776,500,3.991408955617359,3
2776,608,4.2721782568616575,4
2776,1302,4.238514530314503,5
2776,1674,4.165351576878622,5
2776,1968,4.1558391773596774,5
2776,2447,3.957309218743665,4
2776,2797,4.100903949853286,4
2776,2875,4.647855522459979,4
2777,349,3.9572418969335597,4
2777,372,4.2185902866452665,5
2777,504,3.3282666570453667,3
2777,524,4.018689246055879,5
2777,886,4.006092482583536,4
2777,1020,3.8014759115199634,5
2777,1589,3.902544843607911,3
2777,1673,4.0034532015679885,4
2777,1703,2.9999999999999996,4
2777,2045,3.0,4
2777,2142,3.2581525351445677,4
2777,2150,3.642798909309943,3
2777,2266,3.712427941591362,3
2777,2410,3.9739666892685004,4
2777,2505,2.6756909562785727,2
2777,2716,3.666829006483043,4
2777,2797,3.767804443744676,4
2777,2888,3.0,3
2777,2915,4.168222195581816,4
2777,2942,3.4970815724642064,2
2777,3480,4.0,4
2778,590,4.099661965316098,2
2778,1079,4.122719952045096,5
2778,1288,4.141645775073878,4
2778,2804,4.136844200416917,5
2778,3067,4.32644173952969,4
2779,858,3.923171050344982,5
2779,1208,3.935613505009086,5
2779,1234,3.879030792363707,3
2779,2010,4.0970494495188925,5
2779,2529,3.801814542455359,3
2779,3727,3.0,4
2780,2490,4.278675846222446,3
2780,2858,3.9534869814599323,5
2781,599,4.333753036270793,4
2781,2772,4.0,3
2782,542,3.0,4
2782,1888,3.7262239204861056,5
2782,3258,2.7901700669774674,4
2783,1077,3.9743944171728938,5
2783,3471,3.9630701899129663,3
2784,1204,4.587085555578594,5
2785,266,3.474092366727051,4
2785,909,3.6594351951157407,4
2785,1863,3.0,3
2786,780,4.000438428535789,4
2786,1234,4.337975537126158,5
2786,1272,4.398770402699276,5
2786,2300,4.5394124670099085,5
2786,3527,4.000748198613935,3
2786,3834,3.0,3
2787,919,4.368732048909109,4
2787,3148,4.120043869830386,3
2788,260,4.44110459754628,5
2788,1253,5.0,4
2789,1544,4.075284877572489,2
2789,3418,4.211076488993488,3
2790,541,3.9188448175360318,5
2790,1225,4.146104737923902,4
2790,1270,4.474159082116401,4
2791,3311,3.0,4
2792,1097,3.2991285943383177,3
2792,1270,3.259774806039956,4
2792,2002,3.3669507009247446,3
2792,2115,3.3427259136988754,4
2792,2338,2.007282699961623,3
2792,3527,3.3187942499388954,3
2793,26,3.0,5
2793,318,4.282623530746074,4
2793,327,4.147504512336944,4
2793,367,4.088115745395591,4
2793,440,3.939506831340169,4
2793,784,3.9258395104614596,3
2793,1387,4.206759335237741,3
2793,1394,4.218013763556983,5
2793,1515,4.142296971800605,3
2793,1641,4.342753870684051,5
2793,1722,4.088412450189034,4
2793,2118,3.9911444024424876,3
2793,2249,3.5586000756356717,4
2793,2819,4.314060682413336,4
2793,2871,4.42345332632498,3
2793,2946,4.0,4
2793,3252,4.260242093605792,5
2793,3309,3.0,4
2793,3362,4.529667471839737,5
2793,3505,4.188492824923895,5
2793,3688,3.9001333791708865,5
2794,50,3.805968016175666,5
2794,1103,4.061557124902275,4
2794,1953,3.895420162446691,5
2794,2719,2.3385078141629414,2
2795,780,3.5376380245484103,3
2795,1917,3.42268977477447,3
2795,3074,2.0,3
2795,3927,3.392625249112516,3
2796,337,3.105943087956343,4
2796,1084,2.7196470153964185,3
2796,1086,2.8804181665729134,3
2796,1375,2.53115463514237,2
2796,1784,2.9200886859011557,3
2796,2021,2.6480417797990334,1
2796,2094,2.5495453129605563,3
2796,2125,3.2370820468887973,4
2796,2657,2.6535817665285375,2
2796,3763,2.6563523042263326,1
2797,968,2.858760010976629,3
2797,1090,3.3235229554880417,2
2797,3869,1.0,1
2798,858,4.168507994281507,5
2798,912,4.192950527606449,5
2798,1231,4.381067873859326,4
2800,1784,3.5788055686810334,2
2801,608,3.5318259759157,5
2801,3273,4.21249652501571,3
2802,1299,3.7448998614226765,4
2802,2706,3.621227332593798,3
2803,3072,3.5809876708635495,4
2804,153,3.9816668502253023,4
2804,733,4.077340627115579,5
2804,1094,4.291003637928326,4
2804,1357,4.117133897356527,5
2804,1373,3.6163399756902534,3
2804,1687,3.6387900879488373,3
2804,3717,3.0,4
2806,802,3.0,3
2806,2571,3.628760632554293,5
2806,2762,3.560509904855913,5
2806,3114,3.2762613839005645,3
2807,224,3.583587988829761,3
2807,1172,3.764174282768504,5
2807,1196,3.186380153338958,3
2807,1278,3.3585088677270223,5
2807,1507,3.0,3
2807,2321,3.0348489853176144,4
2807,2393,2.072412326718478,3
2807,2852,3.7942037857528583,4
2807,3111,3.5541873212507222,3
2807,3549,3.328939973903255,3
2807,3819,3.0,5
2808,589,4.265124372212343,4
2808,780,4.2025508322648335,5
2808,1249,4.445848043971707,4
2808,2012,4.213776431701759,3
2809,34,4.795079805563803,5
2809,1220,4.49167528942686,5
2809,2412,2.724067724243647,1
2809,3072,4.775854823283738,5
2810,8,3.0,4
2810,333,3.438235730962644,4
2810,648,3.8140672401558984,3
2810,1595,3.0,2
2810,2398,3.936046380916342,4
2810,2806,3.0,2
2810,2840,3.3055098115607744,1
2810,3615,3.0,3
2810,3844,3.0,4
2811,1221,3.788810834797142,3
2811,2575,3.0,5
2812,344,3.564988451295205,3
2812,1215,3.4892899529733996,5
2812,2949,3.8857322808185164,3
2812,3104,3.8440577016554256,4
2814,590,4.387272448955261,4
2814,1393,4.350609229833107,4
2814,2882,3.0,4
2816,2947,4.170409138276378,4
2817,608,4.309300792982149,4
2817,858,4.344310724029827,5
2817,2687,4.6408985822955495,5
2818,1466,3.7645596495595615,4
2818,1883,3.7579811313815132,3
2818,2683,3.4323713324287515,2
2820,117,3.0,2
2820,164,4.0,3
2820,196,2.505461441359086,4
2820,316,2.6154478606734886,3
2820,543,2.77068171718845,2
2820,702,3.0,3
2820,1120,3.2768649324990577,4
2820,1131,3.0,3
2820,1179,3.592048251179659,4
2820,1617,3.17459839778318,5
2820,1991,2.724903456685637,2
2820,2025,3.0,4
2820,2150,2.6503443093144186,2
2820,2163,2.4986821502676912,2
2820,2657,3.0512381129316393,4
2820,2718,3.0,2
2820,2732,3.4507461723072916,2
2820,2738,2.0,2
2820,2747,3.309166566152768,2
2820,2859,5.0,3
2820,2862,3.0,4
2820,2989,2.245860512189614,2
2820,3039,2.806177308250477,2
2820,3113,3.012546906687321,3
2820,3535,3.3174418065572997,4
2821,1259,3.7687511916382648,5
2821,1968,3.0,5
2822,947,3.0,4
2822,1198,3.3244974893800876,5
2822,2303,3.0,5
2822,3347,3.0,4
2824,224,4.009242690702894,5
2824,380,3.9980141837240453,4
2824,552,4.0207731268321965,4
2824,1089,4.168636767276203,5
2824,1265,4.1297832918328545,5
2824,1894,3.8133052972836703,3
2824,2058,3.9405266658608515,3
2824,2396,4.16849846527899,5
2824,2572,4.0942972202569115,5
2824,3241,3.0,5
2824,3510,3.875326423751761,3
2825,492,3.517384938063569,5
2825,1413,3.0,4
2825,1483,3.0,4
2825,1916,4.0,4
2825,2336,4.008481675125194,4
2826,589,3.676073421874731,3
2826,750,3.80882324153514,5
2826,923,3.829756234878679,5
2826,1078,3.665358586933163,3
2826,1079,3.276536314901064,3
2826,1921,3.391246735268874,2
2826,2109,3.627713046012447,3
2826,3307,4.281322147396753,4
2828,3484,3.0,2
2829,793,3.0,2
2829,858,3.4055493486344175,1
2831,1673,4.420521341788493,2
2832,562,4.353658587993067,4
2832,1208,4.244175722915373,5
2832,1938,3.0,5
2833,2828,3.0,1
2837,224,4.678509482788692,3
2837,1372,3.141697344508443,4
2837,1466,4.160229412824426,4
2837,1614,3.110157078917156,3
2837,2642,2.9788444137048455,2
2837,2710,3.3063419684422732,2
2839,3219,2.5644211247794524,2
2840,353,2.941752871408624,2
2840,562,3.642310382512154,2
2840,924,3.6428244240925824,2
2840,1220,3.4523031537345954,2
2840,1265,3.4497853397352336,4
2840,1687,2.5366363713587954,2
2840,1895,4.0,3
2840,3623,3.3917178655880025,3
2840,3835,3.0,2
2841,537,3.0,5
2841,838,3.823225373406499,4
2841,928,4.914117064817852,5
2841,1212,4.739016989424854,5
2841,1230,4.498274934086139,5
2841,1480,3.0,4
2841,1513,4.479315074982876,4
2841,1614,4.263260605526087,2
2841,1845,4.999999999999999,5
2841,1921,4.188499616238685,4
2841,2259,3.0,5
2841,3358,4.453606655855944,5
2841,3527,3.958230071367967,3
2841,3783,3.0,4
2844,1429,3.0,2
2844,2353,3.6285836277848262,2
2844,3355,3.0,2
2845,1210,4.195749323924505,5
2845,2143,3.84385302764746,2
2846,919,3.603026627196195,4
2846,1895,3.598756979612203,2
2847,5,2.170125985986156,1
2847,58,3.1496466381998056,5
2847,588,2.870539673333346,3
2847,920,3.3157733287657076,3
2847,1968,2.80330906039545,5
2847,1970,2.1542349185123273,2
2847,2023,2.4877443241796175,4
2847,2268,2.8967914944885447,2
2847,2840,3.162345086683638,3
2847,3484,3.0,3
2847,3755,2.910427705132856,1
2848,257,3.0,2
2848,317,3.738742217029315,4
2848,616,3.493726513103753,3
2848,631,1.0,1
2848,914,3.97510982860619,3
2848,1291,3.5160862048052093,5
2848,2643,2.2083298429174354,2
2849,900,4.412400640650382,5
2849,1221,4.7109339126723535,5
2850,590,2.774905993320178,2
2850,2115,2.775187518689545,4
2851,233,3.0,4
2851,2581,3.408726506946389,4
2851,2712,4.186912389932493,3
2852,849,4.110882277857254,4
2852,2148,3.4611515207924324,4
2853,357,3.512478148246148,3
2853,745,3.8433819182881814,4
2853,2918,3.704654196849129,5
2854,34,3.3829319491695355,5
2854,1954,3.0615365930772747,2
2854,2375,2.4533044793822962,2
2854,2428,1.2724791223044616,3
2854,2990,1.747453385267699,1
2854,3189,3.0,4
2854,3448,3.036904070304553,4
2855,2706,3.8531723212632705,5
2855,3535,3.533211796270897,1
2856,1252,3.709869624078638,4
2856,2997,3.426890316372036,4
2857,153,3.4893018069879913,3
2857,420,3.46149639927013,3
2857,436,2.625095569038158,4
2857,485,3.4024757558677643,2
2857,507,3.431784320284074,3
2857,516,2.3192947573524045,3
2857,1089,3.6771279386801066,4
2857,1092,3.335981334056302,3
2857,1333,3.620077542531318,4
2857,1792,3.7310894429315833,4
2857,2322,3.352948220050234,3
2857,2526,3.0,3
2857,2881,3.442783300366533,3
2857,3203,3.1530785673973467,3
2857,3919,3.168064719370511,3
2857,3928,3.0000000000000004,3
2857,3930,3.394302954961554,2
2858,881,4.0,4
2858,2724,4.360499444993479,5
2859,785,4.394368569337333,3
2859,2396,4.521979836822581,4
2860,104,3.502346814332518,4
2860,190,3.0,5
2860,903,4.327218003306885,5
2860,910,4.375894896363848,5
2860,968,3.925645888354653,5
2860,1210,3.79141980106586,3
2860,1258,3.876347567894325,4
2860,1278,3.9911828307021193,5
2860,1345,3.797036259068066,5
2860,2186,4.673580612620623,5
2860,2243,4.1049409267250185,4
2860,2762,3.746209284336928,4
2860,3077,3.0,4
2860,3101,3.6726290427572756,3
2860,3300,3.4986959947551797,4
2860,3548,3.0,4
2860,3733,3.9938460975495262,4
2861,2987,3.31584393268511,4
2862,919,4.147749563410996,5
2862,1250,4.278127950959463,4
2863,334,3.0,5
2863,1223,3.0,5
2863,2959,3.010657509028335,5
2864,223,3.284089967348064,4
2864,2699,3.069837833720676,4
2864,2858,3.693690975180405,4
2866,1057,1.0,2
2866,1918,3.315398912100685,3
2866,2728,3.795615113221364,5
2868,3893,4.167551599164282,2
2870,58,3.6263075837261467,3
2870,1414,3.0,4
2870,3948,3.9120335918356752,3
2871,3476,3.6959482470874283,3
2871,3897,3.0,5
2872,273,4.339842709108631,2
2872,412,5.0,3
2872,640,3.0,1
2872,898,4.009431280304398,4
2872,1079,4.212808764738279,5
2872,1242,4.217147197487294,4
2872,1245,4.425550910748022,4
2872,1392,3.0,4
2872,1641,4.17733534571083,4
2872,1729,4.092480562785027,4
2872,3253,4.152338210444888,4
2872,3683,4.309238142248726,5
2872,3798,2.4930185982255564,3
2873,377,3.512029337684934,5
2873,1183,3.9306813447486917,4
2873,1380,4.043070100495033,2
2873,2109,3.8285353794543218,3
2874,34,4.195032667454881,4
2874,1199,4.531437345440196,5
2874,1270,3.762704499585165,3
2874,1449,4.01945741353306,5
2874,2010,4.026384272420929,5
2874,2997,3.865779919188025,4
2875,1240,4.746398256530539,5
2876,1127,3.5216345091025727,4
2876,1198,3.542108230423468,5
2876,2001,3.36703262394874,5
2876,3070,3.386044541216486,4
2876,3740,3.487536475298921,5
2877,485,3.583556089676207,4
2877,1199,4.056355923974914,5
2877,1690,4.040915939482117,3
2877,2890,3.4592589559472384,2
2877,3555,4.0,3
2878,249,3.0,4
2878,356,3.6552363079063426,5
2878,1032,3.748512439194497,4
2878,1200,3.718736681299183,3
2878,1230,3.962243565993801,4
2878,1303,4.235435870876699,4
2878,1353,3.0987585650442444,3
2878,1476,3.25344679290546,1
2878,1544,3.6375105361052547,4
2878,1663,3.3869243676003005,3
2878,1688,3.6509900656810244,3
2878,2140,3.866725633585755,5
2878,2145,3.6621789274065066,3
2878,2282,3.0,4
2878,2376,3.4617665160565565,3
2878,2628,3.4462700793008447,4
2878,2739,3.8100663173296025,2
2878,2746,3.46304686753949,5
2878,2829,3.0,3
2878,2870,4.0,4
2878,2875,3.6418931165447788,4
2878,3418,3.7715615932790447,3
2878,3469,4.171075809080859,4
2879,356,4.331437759563876,5
2880,223,3.429788308692985,4
2880,1092,3.6949946993617164,3
2880,1265,3.4719672066249587,3
2880,1544,3.105672338073438,3
2880,2291,3.4472596195348686,3
2880,3253,3.278519768730758,4
2881,589,4.070902533596246,3
2882,2407,3.2734567601206996,5
2883,2133,3.1151783070338523,3
2884,62,4.652459748332143,5
2884,2324,4.166518016111757,5
2884,3159,3.0,5
2885,441,4.344873068800897,5
2885,1230,4.441266922083484,4
2885,2359,4.36338040322644,4
2885,2416,4.457021199026423,3
2885,3287,3.0,4
2885,3881,3.0,5
2886,1385,3.9476743211416907,5
2886,1610,4.0409446366646025,4
2886,2424,4.391523402446434,5
2887,22,3.6613561540820543,4
2887,344,3.6207909691463325,4
2887,1136,3.9069496015142238,4
2887,1617,3.726034463220731,4
2887,1876,3.931951862704297,4
2887,2991,3.948083701149174,5
2887,3448,3.75700809759345,3
2888,333,3.3675523480291574,4
2888,353,3.3865933526827767,4
2888,434,3.4536201278384615,2
2888,737,2.5654313727841336,2
2888,1527,3.638079884161688,4
2888,1595,2.0,2
2888,1640,3.0,2
2888,1690,3.188455408093551,4
2888,1717,3.0823660806344977,4
2888,2253,3.0959603727201,4
2888,2502,3.765450186106513,4
2888,2529,3.3552631479719364,4
2888,2628,3.39129530660933,4
2888,2686,4.17432907402754,4
2889,457,4.053160954750686,4
2889,1949,3.0,2
2889,2321,3.7213730315044913,4
2889,3639,3.994785709934599,4
2890,288,3.7887086893260524,4
2890,3702,3.9863053692114803,4
2891,1923,3.9881652721227394,4
2892,3471,3.979067450036932,3
2893,2628,4.0,3
2894,2947,4.074348787033016,5
2895,474,3.969187758772059,4
2895,535,4.506031549904679,3
2895,778,4.329526493445212,4
2895,1343,3.9293591326606214,4
2895,1997,4.120122868856481,5
2895,2174,3.994289757372484,4
2895,2403,3.713807548414991,3
2895,3067,5.0,4
2895,3317,4.0080664028378035,5
2895,3476,4.37249543955522,4
2895,3498,5.0,4
2895,3946,3.0,2
2896,153,3.9589662651634976,3
2896,442,4.116667141855328,4
2896,593,4.07414115203083,4
2896,858,4.074371162311278,3
2896,1407,4.012157725430399,2
2896,1488,3.7661469584867517,4
2896,1805,4.152509559473405,2
2896,2422,3.751993232419073,4
2897,590,3.9877846054474158,3
2897,1396,3.7857212164281764,4
2897,2529,3.3282619144888423,4
2897,3735,4.293548405827978,4
2898,1080,4.362201504578912,5
2898,1717,3.446889224356732,3
2899,172,3.7561166649616697,2
2899,494,3.823780601048027,4
2899,1200,4.129769720572277,4
2899,1569,3.953372957917917,4
2899,1610,4.070787591349153,4
2899,1663,4.066763801671668,5
2899,1885,4.126804758393059,4
2899,2124,3.957673916563519,3
2899,2259,4.215429402271518,3
2899,2407,4.071274964800823,4
2899,2770,4.152591879935572,5
2899,2797,4.066117972370058,5
2899,3261,3.9890093139736007,4
2899,3544,3.0,5
2899,3591,4.058567569106959,5
2900,596,4.143404931682323,4
2900,1680,4.462512800346697,5
2901,39,4.1920315280300615,3
2901,110,4.479798416229352,5
2901,293,4.492972312629962,5
2901,451,3.0,5
2901,1209,4.368199530335207,3
2901,2951,4.609013035073163,5
2902,2321,5.0,3
2903,253,4.405265984368642,5
2903,380,4.342719243580023,5
2903,1240,4.364125886239723,4
2903,2424,4.471987251998379,4
2903,2916,4.366966399910816,5
2903,2997,4.29919129627619,5
2903,3253,4.387600730316994,5
2904,266,3.8385315492233305,3
2904,2706,3.6320620697317234,4
2904,3158,3.0,3
2904,3831,3.0,4
2905,783,4.44811865533816,4
2905,1909,3.927192283690839,4
2905,3527,3.33360133780243,5
2907,110,3.370722938806076,4
2907,516,2.999786226024985,2
2907,724,3.789902402447444,4
2907,808,3.0,2
2907,908,3.279516505758194,3
2907,923,3.193101208680529,3
2907,1302,3.270383742062127,4
2907,1345,3.5312470592920606,3
2907,1348,4.0,4
2907,1703,3.0,5
2907,2389,3.0443947085126237,3
2907,2421,3.6285877037388654,2
2907,2539,3.258544956689667,3
2907,2826,3.8165974275316605,5
2907,2890,3.2709801494137536,4
2907,3248,3.295572959463071,2
2907,3268,2.604912381953112,4
2907,3388,3.57562638089871,3
2907,3546,2.0,3
2909,93,3.0,2
2909,207,3.907164697575643,2
2909,292,4.141456900451645,5
2909,490,4.498023293988292,4
2909,551,3.931063342165012,4
2909,587,3.966664906409435,4
2909,762,3.4662350456603956,3
2909,839,4.0,4
2909,908,4.253705220487969,4
2909,947,3.390516416951665,3
2909,1200,4.22041213218306,5
2909,1238,3.371552142252138,4
2909,1330,3.8425957459633935,3
2909,1337,3.0,3
2909,1523,3.0,4
2909,1615,4.604008190869609,5
2909,1681,3.3818955858177246,3
2909,1693,3.0,5
2909,1971,3.772250761702536,4
2909,2053,2.982720905629073,2
2909,2077,4.0,4
2909,2316,3.5560198658172926,4
2909,2328,4.107269140183215,4
2909,2376,4.0893346091376985,5
2909,2628,3.946362992504312,5
2909,2661,3.6901835644934633,4
2909,2835,3.0,5
2909,2946,3.7588425409861808,3
2909,3034,3.436833625416427,4
2909,3066,4.777987310494355,5
2909,3114,3.988084099985131,4
2909,3328,5.0,5
2909,3444,3.76735542226903,3
2909,3696,3.9806670388523298,4
2909,3729,3.0,4
2909,3841,3.481655796413974,4
2910,606,2.741874194727167,3
2910,1407,3.843407272034312,5
2910,1639,4.3505666392589895,5
2910,2997,4.459806175288151,3
2911,2268,4.032137199517178,2
2912,19,5.0,3
2913,628,3.5695292946728396,3
2913,892,3.0,4
2913,1173,5.0,5
2913,1414,4.0,4
2913,1719,4.273178753751648,5
2913,2915,4.002514563529003,3
2913,3098,3.8673914802987497,3
2913,3408,3.928709853950327,3
2913,3506,3.0,3
2915,1265,4.105859284667531,4
2915,3566,3.0,3
2916,432,1.0,3
2916,457,3.3916036819175956,2
2916,515,4.293745522879806,3
2916,1279,4.0,4
2916,1513,2.40148869307002,3
2917,2073,3.0,5
2917,2710,2.718863783303483,2
2917,3869,2.0,2
2918,535,4.226189881710759,4
2918,733,3.449925185396138,2
2918,778,4.024149855007124,5
2918,1213,3.9497307506420327,4
2918,1279,5.0,3
2918,1466,4.0127784369806845,3
2918,1653,3.6668876028901276,2
2918,2707,4.265765824294702,4
2918,2770,3.8236202203237974,4
2918,2840,4.250023457793514,4
2918,3544,3.0,5
2919,733,4.075027529778019,5
2919,2001,3.857198483840784,3
2919,2046,4.096137804508254,5
2919,2161,4.052950976519279,3
2921,1396,3.581735774403198,4
2921,2094,3.1257529859182305,3
2922,3213,3.0,5
2923,485,4.330585199457161,4
2924,2485,3.7228538276464787,4
2925,3755,4.0,3
2926,356,3.6074250014909297,5
2926,368,3.5188561239790155,4
2926,648,3.525270241773295,4
2926,852,3.6961246288995935,3
2926,1177,4.0,4
2926,1597,3.4628883410850873,2
2926,1888,3.5448379428388193,3
2926,2581,3.4207950248569516,3
2926,3100,3.99210585688216,3
2926,3299,3.0,2
2927,919,3.7032103624448487,2
2927,1674,4.421931804494484,5
2928,1939,4.5673447907496465,5
2928,1953,4.2713871412247455,4
2928,2517,3.342826735901652,3
2928,3098,3.9058860343340034,3
2928,3271,3.9846163843102858,5
2928,3671,4.112114161110638,4
2928,3693,3.0,3
2929,920,4.65725726279593,5
2929,1327,4.148276231680526,3
2929,1407,4.040741234820765,4
2929,1690,3.775190810787135,3
2929,1971,3.5578796038625558,3
2929,3930,3.0,4
2930,527,4.369127544911991,4
2931,34,3.9152870916017717,5
2931,1923,4.179236050098848,5
2931,3173,4.757672404832021,5
2933,1407,3.9689441580231666,4
2933,2580,4.134135087309528,5
2934,105,4.0,4
2934,230,3.4097964712159716,3
2934,343,3.0,4
2934,357,3.557575609034255,3
2934,613,3.0,4
2934,691,3.6594078713132805,3
2934,1242,3.5348351678294905,4
2934,1391,3.1391719879004105,2
2934,1573,3.472295270997239,3
2934,2053,3.2278578658709685,3
2934,2141,3.365727297610897,3
2934,2455,3.3187469303675985,3
2934,2471,3.3354883865932394,4
2934,2555,3.0,2
2934,2617,3.1381634778460765,4
2934,2871,3.446453306130499,3
2934,2881,3.0952953597263426,4
2934,3388,3.337627364065345,4
2934,3591,3.484928418807994,4
2934,3686,3.268004428269662,3
2935,1196,3.748766096785709,5
2935,1375,3.6296674094577472,5
2935,1580,3.656900378098286,3
2935,1653,3.7523108914741,5
2935,3826,3.469000809845476,1
2936,908,4.442647877912593,5
2937,266,4.009342204869619,4
2937,647,3.9613938818768477,3
2938,150,3.9406014781002296,5
2938,551,4.084586578166385,4
2938,2012,3.9076297443026355,3
2938,2394,4.498652949585677,4
2938,2690,3.0,5
2939,541,3.974631997056578,5
2939,1096,4.026802520360884,3
2939,1994,3.67964354374409,3
2939,2396,4.090373264242065,4
2939,2987,4.0165663288673485,3
2941,173,3.0762934377048246,3
2941,1022,3.700953878464842,4
2941,1172,3.9580566147129144,3
2941,1282,3.7579759073952923,5
2941,1345,2.6383104698774638,1
2941,1967,3.535815665933859,3
2941,2009,3.6892976356531837,4
2941,2405,3.3662548092842868,3
2941,2424,3.4598150963770524,3
2941,2453,3.0,3
2941,3932,3.0,3
2942,110,4.362855804873418,2
2942,940,3.0,4
2942,1214,4.815048194680647,4
2942,1231,4.4776513430229645,5
2942,3362,4.439982116143827,4
2943,1270,4.4232011062800805,4
2943,2288,4.617189161901851,4
2943,3932,4.0,4
2944,72,3.0,5
2944,110,4.552955855719081,5
2944,368,4.536441426368189,5
2944,1060,4.351409085237088,3
2944,1617,4.277783710372026,4
2944,2558,4.0,4
2945,373,3.0,5
2946,317,2.844575782861549,3
2946,782,2.4831658446695313,2
2946,920,3.7751269214878618,4
2946,999,3.0,3
2946,1275,3.1038715672685067,3
2946,1294,3.521301288578414,4
2946,1518,2.400974852494683,3
2946,1772,3.0,2
2946,2688,2.9790641460036746,3
2946,3203,3.325995091105385,3
2946,3704,3.009213524497927,2
2947,1136,3.6545209347803658,5
2947,1307,3.8705096089253206,4
2947,1394,3.9190560506914633,5
2947,3261,3.9811864189570176,5
2950,28,3.0,5
2950,1680,3.6593941034695097,2
2951,1693,3.0,5
2951,3174,5.0,4
2952,474,4.266904195695795,4
2952,858,4.459532314652987,5
2952,3710,3.0,3
2953,43,3.0,3
2954,1911,4.485822827037989,4
2955,608,3.59785990314299,5
2955,1097,3.51918432384924,2
2957,1730,3.0,4
2958,2336,3.1738898664695623,3
2959,2081,4.164715109876579,3
2959,3408,4.369257588726903,2
2960,3897,4.515093663929772,5
2961,1197,4.389152284603494,4
2961,1249,4.355637680027208,4
2961,3873,5.0,5
2962,32,3.1008551480196713,4
2962,111,3.511590635957019,3
2962,216,2.606276673706668,2
2962,494,2.328530290826127,2
2962,1130,2.882399596485016,2
2962,1131,5.0,5
2962,1377,2.5975392308403227,3
2962,1544,2.933842192725881,3
2962,1957,3.379453603374035,2
2962,2122,2.3120153044601524,2
2962,2167,2.934755979685343,2
2962,2176,2.9712666764428475,4
2962,2182,3.1043053541138628,3
2962,2186,3.723101043459979,4
2962,2527,3.162567086439717,3
2962,2656,2.463420984484837,2
2962,2819,2.869118842859819,2
2962,3576,2.7313394688890957,3
2962,3793,2.8616302360018904,3
2962,3827,4.0,4
2964,296,4.526528649876294,5
2964,1103,4.788228604606589,5
2964,1280,3.0,5
2965,527,3.7385213964291464,5
2966,380,4.303451486874505,5
2966,1097,4.368682999930626,5
2966,3418,4.381503469919902,5
2967,759,3.0,3
2967,1193,3.7505498041017784,5
2967,1220,3.5097655970093773,3
2967,1248,4.2277148522207355,5
2967,1699,3.0,2
2967,1884,3.3941620368137353,2
2967,2150,3.476211962812533,3
2967,2763,3.0696072433640063,2
2967,2929,4.500519808043085,3
2967,3685,3.9137595238311,3
2968,260,4.15293619691397,3
2968,2470,4.050740277017579,3
2969,647,4.43361540588552,4
2969,1321,4.358028138677541,4
2969,2694,3.6622593320446786,3
2969,2959,3.750384259763449,3
2969,3114,3.970228903876945,4
2969,3157,3.0,3
2970,2762,4.842025209637189,5
2970,2858,4.253228495219327,5
2970,3785,4.0,1
2971,2677,4.0,5
2972,724,2.4662954990265673,1
2972,2858,4.036085949853012,5
2972,3020,3.901695830089733,5
2973,1093,3.955895312276117,3
2974,47,4.536069720101364,5
2974,1214,3.924345022683172,4
2974,1258,4.02904182394705,5
2974,2352,4.118259499350391,4
2974,2700,4.181337385083272,3
2974,2918,4.104378589569828,5
2974,3461,3.0,5
2975,952,5.0,3
2975,2020,4.388033579060641,4
2975,3468,4.500359879774277,4
2976,471,4.211999190734846,5
2976,1037,3.4237677229219527,2
2976,2155,4.332122727287076,4
2976,2301,4.100255137362513,5
2978,162,4.01126958467147,4
2978,541,3.5629415598976784,3
2978,1223,3.7010809267134235,4
2978,1617,3.5138072245423206,4
2980,1960,3.7206584551819595,4
2981,3751,4.699955432193646,4
2983,2051,3.0,2
2983,2353,4.5514799846473535,5
2983,2403,4.494782730341358,3
2984,1197,3.4249716830399075,4
2984,2028,3.2698338467558483,4
2985,480,3.7445691880595,4
2985,1377,3.5359006354451967,4
2985,1911,3.3007311259883827,2
2985,2762,3.452125675306854,4
2985,3157,4.0,4
2986,112,3.0022836409337224,3
2986,357,3.6650182481143503,5
2986,1161,3.0,3
2986,1479,3.1451166037656444,3
2986,1612,3.0,4
2986,1958,3.543494344739957,3
2986,2424,3.349753846623216,4
2986,2542,3.830332601438937,4
2986,3613,3.0,4
2987,180,4.270810306149199,4
2988,24,3.504123828308067,3
2988,1093,4.505153626023019,1
2988,3623,3.858708417824818,2
2989,527,4.173321387874323,5
2989,912,4.412785808757277,5
2989,1200,3.741406027228528,3
2989,3398,4.257002109614091,4
2990,417,3.0,2
2990,1617,4.167854121442401,3
2991,919,4.02842983859839,5
2991,1262,4.155829100896131,5
2992,3717,2.0,5
2993,2699,4.002908314226911,2
2994,1234,3.8513178159108126,4
2994,1259,3.68921186281512,4
2994,1883,3.774011401311608,3
2994,3265,3.4825110095188525,3
2994,3366,4.081422207439389,3
2994,3613,3.0,4
2995,368,3.9255094214512183,4
2995,1017,3.7701438618324494,4
2995,1127,3.8580795858895556,5
2995,1917,3.8586085797051983,4
2995,1994,4.101843032831251,5
2995,2000,4.099361172153945,5
2995,2115,4.060167382717512,3
2996,65,3.1284509420585263,2
2996,163,3.6803139599317007,3
2996,377,3.052909234552093,5
2996,594,3.862933053669815,3
2996,673,3.677739929590273,4
2996,786,3.557343506447452,3
2996,1918,3.619369855313455,3
2996,2011,3.6569422114359678,3
2996,2046,3.920529293698494,3
2996,2450,2.9264801484192717,3
2996,2502,3.4170899905343415,4
2996,2808,3.3662100188776143,3
2996,2961,3.0,5
2996,3108,3.8211686514631724,4
2997,105,5.0,3
2997,1958,4.128696605564773,2
2997,2081,4.218953472713483,4
2997,2745,4.0,4
2997,2858,4.210454811698064,3
2998,597,4.372693554747023,4
2998,1608,4.273717446069575,4
2998,2581,4.6683854784810155,4
2998,3623,4.270451634981334,3
2999,126,3.0,2
2999,594,3.4546025299896432,4
2999,1282,3.5811890926080374,4
2999,2014,3.484660917657747,3
2999,2102,3.482943696754199,4
2999,2253,3.0,1
3000,260,3.3162486237733666,4
3001,47,4.3403142330764295,5
3001,1037,3.9952828328332703,4
3001,1320,4.126380194325397,2
3001,1616,3.7923538913697157,4
3001,1917,4.1596264552039655,3
3002,440,4.374756564446457,4
3002,940,4.456813312724948,4
3002,1266,4.445509724039483,5
3002,1285,4.397740181063931,5
3002,2599,4.391216661902714,5
3002,2683,3.900443748431839,3
3002,3163,3.0,5
3003,592,4.043242242487592,5
3004,265,4.067538848648847,5
3004,930,3.8146222613457086,5
3004,1625,3.9333614420053515,4
3004,2797,4.087515016152577,2
3005,2336,3.3117671409923415,5
3006,47,4.511392500591892,5
3006,231,4.534486854208625,5
3006,1882,4.164256488472926,2
3006,2028,4.493409672512504,5
3006,2672,4.652334387816669,4
3007,1503,3.0,1
3007,1777,3.2971362455285265,4
3007,1920,3.5207043491739256,2
3007,2253,1.8409878017087642,5
3008,1580,3.9561929602560104,3
3009,165,3.901116343955462,3
3010,76,2.6629905565240684,4
3010,1374,3.400412668443956,5
3010,2021,3.623470624705066,5
3011,1101,4.201862610030319,4
3011,1197,4.35387991057768,5
3011,1200,4.391115836293486,4
3011,1210,4.323954472201963,5
3011,1280,3.0,5
3011,2020,4.4159688026157795,5
3012,32,3.14093780682918,5
3012,151,3.181081270840774,3
3012,527,3.2167803164144293,2
3012,674,3.24249460892862,1
3012,1376,2.8634288846330707,3
3012,1515,1.0,1
3012,1620,2.5005385872032604,1
3012,1641,3.1728906003718986,3
3012,1676,2.759870444918255,5
3012,2429,3.0,1
3012,2450,2.307105753826317,2
3012,2571,3.1404423723027333,5
3012,2959,2.939870881061044,2
3012,2985,2.7879842236099965,5
3012,3476,4.053070445833128,1
3012,3793,2.9211434447933367,3
3013,260,3.8431074395685023,5
3013,344,3.0718098761289343,2
3013,357,4.170608022512983,4
3013,516,2.8140657835947107,4
3013,552,3.362364996019944,4
3013,801,3.4919844355264127,4
3013,1201,4.019259376344567,4
3013,1398,3.0,3
3013,1850,3.0,3
3013,2035,3.0,2
3013,2162,4.0,3
3013,3033,3.134741996492381,4
3013,3360,4.15724470261309,4
3013,3398,3.8054199193515665,4
3013,3552,3.857382297050345,4
3014,1270,3.7530426474285283,5
3015,987,3.0,3
3016,1375,4.1140453062805715,3
3017,608,3.5933394575976125,3
3017,2028,3.51206273551068,3
3017,2294,3.9889630755100516,2
3017,3617,2.0093962832666654,4
3017,3873,4.0,2
3018,292,3.666424639278149,3
3018,733,3.729815401649055,5
3018,1214,3.724820232099362,4
3018,1307,3.884351580491938,4
3018,1321,3.7892388396548085,4
3018,2011,3.7357934557872157,4
3018,2193,3.701857206118195,3
3018,2405,3.6799543161121235,4
3018,2409,3.495508929050384,4
3018,2872,3.8905957570349456,4
3018,2985,3.679760254671172,4
3018,3039,3.7552111651662816,4
3018,3524,3.659809982556702,4
3018,3726,3.0,4
3018,3869,3.382397831122034,4
3020,80,3.0,4
3020,898,4.185354333317453,4
3020,1225,4.129565689212871,5
3020,1266,4.402658776757752,4
3020,1288,4.27369167790491,4
3020,3196,4.259031567043055,4
3022,380,3.034961889718302,4
3022,1222,3.118236182248857,3
3022,2985,2.841004621482508,3
3023,1093,3.7044987923133967,3
3023,2395,4.072053926265582,1
3023,2433,3.718203587293428,4
3023,3273,3.0,3
3024,480,3.9782265825727907,5
3024,1287,4.210563615963742,5
3024,1909,3.884678652049656,4
3024,2947,4.1535220635339085,5
3024,3861,3.0,4
3024,3897,3.9761461549069907,1
3025,916,4.615822338577809,5
3025,2915,4.229901953417528,3
3025,3504,4.244634206573929,3
3025,3606,4.7661739182151335,5
3026,1,2.8537020527141532,2
3026,585,2.464160892056856,1
3026,1126,1.6951112552945207,1
3026,1136,3.1841738412174667,5
3026,1474,1.547966788654915,1
3026,2053,1.2134003995768181,1
3026,2471,2.023854399703792,1
3026,2671,2.96967108555742,3
3026,2763,2.843280415680277,4
3028,435,3.577949834671644,4
3028,1476,3.9112179219150818,2
3029,246,4.678941363774151,3
3029,344,3.9226406897150703,4
3029,419,2.7263909934050865,3
3029,440,4.288326185271779,5
3029,552,3.7788402034975275,5
3029,1220,4.247982526235796,5
3029,1246,4.41591913105754,5
3029,1250,4.7033989639427505,5
3029,1356,4.035744661914682,4
3029,1393,4.24008189792574,4
3029,1408,4.174034431737149,4
3029,1587,3.8457655417339773,3
3029,2019,4.617346928877447,5
3029,2071,3.0,4
3029,2291,4.380080369583798,5
3029,2301,4.419526002631311,4
3029,2501,4.596674866588859,3
3029,2617,3.766316807345278,3
3029,2978,3.0,2
3029,3087,4.098224675964141,4
3029,3089,4.492965033316974,5
3029,3185,3.0,4
3029,3408,4.673660957724513,3
3029,3439,3.1869512367555366,2
3029,3948,4.5162236368944235,4
3030,150,4.039708122147593,4
3030,1210,3.7652675805697857,4
3031,58,4.135888743125383,5
3031,88,3.8157626032601413,4
3031,700,3.0,5
3031,805,3.6781609911408704,4
3031,1079,4.022871635917005,4
3031,1377,3.8255286042869883,4
3031,1704,4.0784348192284545,4
3031,1801,3.5115054389097597,3
3031,2001,3.7728307146116062,4
3031,2289,4.332382377348664,4
3031,2318,5.000000000000001,1
3031,3254,3.772416615745957,4
3031,3753,4.213061459518165,2
3032,455,4.4882567108670415,5
3032,553,4.538628236956907,5
3032,938,5.0,4
3032,1438,3.8854957262779135,5
3032,1951,5.0,5
3032,1982,4.470430318001737,5
3032,1986,3.6472526031340347,5
3032,1992,4.137944747798874,4
3032,2122,4.257561170299332,5
3032,2410,4.441742308227482,5
3032,2471,4.349068253026567,4
3032,2490,4.1039957579836726,3
3032,2815,4.162539763406044,3
3032,2903,3.9110229578176483,3
3032,3147,4.603827836380387,5
3032,3156,3.0,4
3032,3248,4.343629202432429,5
3032,3399,5.0,4
3032,3524,4.564614743936073,5
3032,3705,3.6880288345348737,4
3032,3774,4.514116215789237,4
3033,333,3.575435491638103,1
3033,2671,4.179502653823711,4
3033,2700,4.245948585221755,5
3034,2702,4.0,1
3035,50,3.87067759911054,5
3035,2355,3.757756016614257,4
3036,1287,4.739853933102141,4
3036,1343,4.507605242338051,4
3037,265,4.405517955626489,5
3037,2336,3.8874105318832757,5
3038,943,3.0,4
3038,1266,4.130248619509408,5
3038,3703,4.386945044635065,5
3039,951,4.772826267204104,4
3039,973,3.0,4
3040,3755,4.548240676239861,4
3041,2023,4.308194207374493,4
3043,3897,3.427385139368786,5
3044,500,4.295533336802327,5
3044,594,4.25554740810659,4
3044,802,4.525416355619721,3
3044,1003,4.671229351670242,3
3044,1012,4.1529725423167605,4
3044,1013,4.353086712022278,5
3044,1485,4.200763933487037,4
3044,2001,3.863157827686852,4
3044,2134,4.004956207447862,2
3044,2470,4.135771765291914,4
3044,2496,4.129805341584439,3
3044,2967,4.0,4
3045,1196,4.320928038496902,5
3045,2640,4.239613290605137,4
3046,788,3.3886412135249318,4
3046,2600,4.0,4
3046,2699,3.3913724481789735,4
3046,3114,4.354833768096593,5
3047,2947,3.7054274236548395,4
3048,1200,4.1314222633229924,5
3048,1270,4.113880790537609,4
3050,2699,4.056492748023484,2
3051,671,3.7969277622317748,4
3051,1597,3.501028978270437,5
3051,1687,2.94850008630139,3
3051,1729,3.606462930841065,2
3051,2707,3.0196318971781135,3
3051,2829,3.0,3
3051,2997,3.713370936238664,4
3051,3113,3.3155482857409817,3
3051,3697,3.4826462509052787,4
3051,3879,3.0,2
3052,1282,2.646300003001043,5
3052,1301,3.2133231666257087,5
3052,2117,3.3785982662524776,5
3053,148,3.0,3
3053,2730,3.0,4
3054,25,3.773882433654206,4
3054,223,3.226521596111673,3
3054,1256,4.605223527165148,4
3054,1617,3.4808042151230723,5
3054,1935,3.343154725828928,5
3054,2391,3.7295511467492735,3
3054,2575,3.0,5
3054,2863,4.451730634132747,5
3054,3052,3.3610296603514596,3
3054,3083,3.0,4
3054,3451,4.335451291718757,4
3054,3504,4.494613747319524,5
3055,161,3.7575015030242414,4
3055,589,3.7311233863845916,4
3055,2097,3.2889498861497697,4
3055,2841,3.9875307935441695,4
3057,318,3.726853065531249,5
3058,1089,3.9401983472513975,5
3058,1221,3.923486969115084,3
3058,1257,3.889545205309217,3
3058,1265,3.8743310390731986,4
3058,1276,4.064230367910739,5
3059,318,4.098153696224018,5
3059,527,4.050765594796755,4
3060,481,3.619006532259125,3
3060,1845,3.0,4
3060,2167,3.727960559517229,3
3060,3557,3.0,4
3061,1127,4.261203917081555,4
3061,2067,3.7980577996033964,5
3061,2174,4.247034779240694,3
3062,2707,4.0,5
3062,2762,3.6889505712353254,5
3062,3361,4.111369644722648,3
3063,2858,4.239542640289667,4
3064,2683,4.062193860411864,1
3065,1909,3.707453484777001,4
3065,2428,2.5513879404742235,3
3066,104,3.9068600918434306,5
3066,180,3.8015211993397036,5
3066,253,3.90381091848609,4
3066,1717,3.0,4
3066,3753,4.062172202888468,5
3067,3,3.3752896692093546,4
3067,21,3.780774774612848,5
3067,273,3.323313768801592,2
3067,318,4.135285523006978,5
3067,349,3.8323423561308494,4
3067,417,3.0,3
3067,509,4.289253477631042,5
3067,650,3.0,4
3067,1027,3.8340446491091345,4
3067,1097,4.032672554638677,4
3067,1193,4.417853903494913,5
3067,1268,4.383438041911968,4
3067,1917,3.641832250809341,4
3067,2163,2.0,1
3067,2417,3.0,3
3067,2787,3.3187450376860017,2
3067,2906,3.0,3
3067,2952,3.0,4
3067,3108,4.213349279442747,3
3067,3174,4.006657032155159,5
3067,3225,3.0,2
3067,3620,3.0,5
3067,3785,3.2627500767278037,4
3069,223,3.5397618327942504,4
3069,407,2.0,4
3069,1377,3.001271028721582,1
3069,2046,2.5926910383078625,2
3069,3005,3.8347879951738455,4
3069,3578,3.303077555208009,4
3071,2336,3.0000000000000004,5
3072,344,2.363476977926,1
3072,615,3.0,4
3072,649,3.0,5
3072,971,4.002910088825526,4
3073,1387,4.710533041983675,5
3073,2944,4.768571239557357,5
3074,1,4.7218884936224566,5
3074,50,4.704797604199239,5
3074,218,3.0,5
3074,296,4.71515115898142,5
3074,2310,3.0,5
3074,3510,4.584256972572773,5
3075,926,3.8032605736146077,4
3075,1029,4.025628595574522,3
3075,1653,3.7336086566273785,3
3075,2686,3.9646306708294237,4
3075,3798,3.0,4
3076,1047,3.0,5
3077,1196,4.109612684462547,5
3077,1527,4.043431684133699,4
3079,1247,4.336698057715784,4
3079,1954,4.181211986511832,4
3080,180,4.098284097661588,3
3080,318,4.122151300271269,5
3080,348,4.498138283129477,2
3080,496,3.0,5
3080,714,3.0,3
3080,800,4.211383483811708,5
3080,861,3.0,3
3080,1136,4.285189320544818,5
3080,1250,4.628077503969971,5
3080,1816,3.0,2
3080,2025,3.0,4
3080,3072,4.331225769301952,2
3080,3649,3.0,4
3081,1073,4.293036612675263,5
3081,1343,4.474231143460443,5
3081,2145,4.3561793820492,4
3081,2735,4.0155345775377285,3
3081,2990,4.031418008813748,2
3081,3101,4.631201522002457,4
3081,3421,4.481983300782029,5
3081,3917,3.672877152797962,4
3082,356,3.812001553502102,5
3082,440,3.9236836141624187,3
3082,527,4.131790806581403,5
3082,574,3.0,2
3082,587,3.660161851285662,3
3082,678,3.0,5
3082,818,2.169508416152996,2
3082,1197,3.9403591841569123,5
3082,1358,4.1713314531793255,5
3082,1863,3.0,1
3082,2243,4.106787796011541,3
3082,2320,2.0,2
3082,3247,3.300534336913202,3
3082,3404,3.0,3
3084,103,3.0,4
3084,3322,3.0,3
3084,3327,3.0,3
3085,1090,4.541067942602652,4
3085,1291,4.502918686403356,5
3085,2023,4.530755019703085,5
3085,3462,3.0,3
3086,1100,4.241437277129068,2
3086,2572,5.0,3
3086,3355,3.0,1
3087,150,4.159257658966778,5
3087,208,3.985424594003926,3
3087,1645,4.155336543552917,4
3087,2394,3.5404208143189613,4
3087,3194,5.0,5
3087,3548,3.0,5
3087,3793,4.3126492430472005,5
3089,952,3.0,3
3089,3513,3.0,4
3091,110,3.790107209289505,5
3093,25,3.912783380422951,3
3093,1094,3.9967664915662082,3
3093,3247,3.3888882402953393,2
3093,3354,2.500684628560148,1
3093,3824,3.0,1
3095,550,3.0,3
3095,1339,3.758143999813573,4
3095,1541,4.759270116558386,3
3095,1777,4.209872711453179,5
3095,2485,5.0,4
3095,3785,3.0,2
3096,207,4.376815996556223,4
3096,316,4.059237423374083,5
3096,589,4.091619893112782,4
3096,605,4.2928278536835105,4
3096,1210,4.154371592283904,5
3096,2532,3.788697933351125,4
3097,1394,4.2728621636954935,5
3097,2409,1.0,1
3098,3354,3.881489499619024,2
3098,3869,2.3834427901578863,1
3099,160,3.645345551174272,2
3099,1394,3.4836379536708195,1
3099,3269,3.4839706851543424,3
3100,34,4.241576012602732,5
3100,230,4.494456253003503,3
3100,608,4.424316903617522,4
3101,293,4.271399764384702,4
3101,1587,4.142230761701339,5
3101,2193,4.14106599354245,4
3101,2985,4.17019999544152,4
3102,2526,3.0,3
3102,2575,3.0,2
3102,2908,3.6315309256077035,4
3105,589,4.204026443566062,5
3105,943,3.0,4
3105,1580,4.192901548561256,4
3106,21,4.754898035257822,5
3106,920,4.570850983371633,5
3106,3317,5.0,4
3107,541,3.5420776630046302,5
3108,272,3.852118718214499,3
3108,349,3.7168586483848305,4
3108,506,3.0,1
3108,1079,3.6987507462557714,5
3108,1247,4.13068993937874,4
3108,1266,3.9951751277285643,4
3108,1643,3.3358553414459378,3
3108,1711,3.83094759325315,2
3108,1721,3.8585202584405796,5
3108,2467,4.024389278626599,4
3108,3108,4.011514442063637,3
3108,3789,4.0,4
3109,780,3.1900092731157788,3
3109,3863,3.758802842942975,4
3109,3893,4.482613324041475,4
3110,1242,3.8398527340602633,3
3110,1289,4.0,3
3110,2129,3.0,4
3110,2677,3.0,4
3110,3188,3.0,2
3112,2692,3.6505223535132005,4
3112,2918,3.3172853923736323,5
3113,3174,2.9999999999999996,5
3114,1060,3.893933015570174,3
3114,3392,4.0,1
3118,66,3.0,2
3118,519,2.834901337223243,2
3118,880,3.036099951348504,3
3118,904,3.769266927146104,3
3118,1287,3.7594907591356543,3
3118,1340,3.0000000000000004,3
3118,1527,3.438021389262989,5
3118,2140,3.49229616419521,3
3118,2288,3.5211660789870933,5
3118,2405,3.305615488021891,3
3118,2542,4.055518544968517,5
3118,3072,3.6302664775108298,4
3118,3190,2.0,3
3119,780,3.58825948974925,5
3119,924,3.548516067454007,2
3119,2657,3.4721422969573723,1
3120,3408,4.2200666358705226,4
3121,103,3.0,3
3121,413,2.9478162228798697,3
3121,481,4.40456792000945,5
3121,600,3.0,4
3121,828,3.0,1
3121,1407,3.918374896687355,5
3121,1748,3.9293878630113586,5
3122,541,5.0,4
3123,3285,4.0,5
3124,1387,3.903660930802361,4
3125,280,2.9902961241383004,5
3125,1265,3.803631787219004,5
3125,1372,3.739902822525801,3
3125,1586,3.837415978420948,4
3125,1625,4.022175123272448,5
3125,1704,3.8571619480704444,4
3125,2671,3.859955371686552,5
3125,3081,3.9646760880456875,3
3126,2232,5.0,3
3127,555,4.169594370257111,4
3128,372,3.622216565082963,3
3128,922,4.562010673107749,4
3128,1214,3.5360454539822417,4
3128,1256,4.603114914130195,5
3128,1573,3.48181910185187,2
3128,1914,3.0,2
3128,2571,3.638537977925374,2
3128,3039,3.55289953968509,4
3128,3176,3.7027394890539895,4
3128,3247,2.9141596091635047,3
3128,3598,3.0,3
3128,3948,3.711985615626102,2
3129,25,3.7539773782567987,4
3129,333,3.254872766165353,3
3129,1161,3.0,2
3129,1378,3.527190876145735,1
3129,1457,3.022151678177405,4
3129,1598,3.5158405937214696,3
3129,2372,4.152899123653978,4
3129,2416,3.227813703003648,5
3129,2458,3.657556502830811,3
3129,2517,3.4303949778737675,1
3129,2541,3.8802515865096643,3
3129,2641,3.4524018043161644,1
3129,2683,3.5193297336325178,1
3129,2746,3.6167813074168658,4
3129,3033,3.599212719090052,5
3129,3039,3.5627046328567107,5
3129,3107,3.5857805641361384,4
3131,446,3.0,5
3131,1730,3.0,4
3133,3186,3.0,4
3134,1210,3.714481529836739,5
3134,2605,3.2963624297243026,4
3134,2916,3.673873957101691,4
3135,1366,3.0,3
3135,3083,3.0,4
3136,2916,4.259387613973413,3
3138,410,3.69775461951963,3
3138,1019,3.655410266064867,4
3138,2407,3.560991002283868,4
3138,3175,3.801937809490893,4
3138,3753,3.9704769878427144,4
3139,3470,3.0,5
3140,249,3.0,5
3140,1035,4.157777082058252,5
3140,1096,4.250040269559958,5
3140,1285,4.248282630867627,4
3140,2115,4.207320267763737,5
3140,2193,4.215028479445098,5
3140,2405,4.240912686138487,4
3140,2456,2.886562010475517,2
3140,2971,4.092625382260863,3
3140,3871,3.0,3
3141,786,4.048611904268486,3
3141,2571,4.152356069056799,4
3141,2716,4.426061909232701,3
3141,3868,4.5533668895737165,5
3142,1219,4.280085355790054,4
3142,3018,3.0,3
3143,232,4.0,4
3143,665,3.0,4
3143,1094,3.620785416883247,4
3143,1173,3.0,3
3143,1721,3.4601605964966184,3
3143,2391,3.387602774839563,2
3143,2730,3.0,3
3143,3754,3.0,1
3145,1193,3.545053357543184,4
3146,1247,3.82319324584836,4
3147,125,3.3236655845351097,5
3147,1445,2.0,3
3147,1633,3.0,3
3147,2278,3.840265269038454,4
3148,110,4.0805701302870405,4
3148,1213,4.03150093966066,4
3148,1259,4.081886152714734,4
3149,3408,4.418234275765404,5
3150,2683,3.8142602967513635,3
3151,930,3.9050468231335347,5
3151,1101,4.405164555788657,5
3151,3044,4.21992589100694,5
3154,1356,3.486298143607329,3
3154,2023,3.3009181387486017,2
3155,1,4.142680729345855,4
3155,349,4.071931666496951,4
3155,1246,4.172685554184233,5
3157,671,3.989706794126171,4
3157,1266,3.7398725733443414,4
3158,2,3.6139184475722,3
3158,329,3.7806262670590103,3
3158,1214,3.998482192371767,4
3158,1262,4.25012956115251,4
3158,1287,3.896143996538525,4
3158,1784,4.015893091784138,4
3158,2336,4.287021958900721,5
3158,2542,4.207678895028384,5
3158,2641,3.763881440278883,2
3158,3266,3.0,5
3159,247,4.359280953213916,4
3159,1171,4.483154055792461,5
3159,1173,3.0,5
3159,1193,4.322647320628026,5
3159,2110,3.9229038246941657,3
3159,2144,4.249445215093064,3
3159,3826,3.7548996155962646,3
3161,25,4.339384093943001,5
3161,318,4.354269012319822,5
3161,3471,4.334509085222531,4
3162,163,2.9651901276039103,2
3162,1552,3.0431003881931313,3
3162,1617,3.0710041595417543,4
3162,3418,3.236418402272544,5
3163,11,4.095091874290917,3
3163,364,4.049211018883662,4
3163,747,3.0,2
3163,1185,4.691271186670769,5
3163,1190,3.0,4
3163,1321,4.0778489849489,2
3163,1465,3.0,5
3163,1573,3.999133413554206,5
3163,1777,4.012134861743397,4
3163,1954,4.188531603761218,3
3163,2124,3.872165315748532,3
3163,2261,3.7254616189681227,3
3163,2527,4.110933809584289,4
3163,3401,3.0,3
3163,3421,4.255658549030132,3
3163,3591,3.869355013820012,4
3163,3639,3.988224176030769,4
3163,3864,3.0,3
3163,3911,4.8154423847260714,5
3164,2683,3.694298897615687,2
3165,260,4.458572516133944,5
3165,3814,4.0,5
3166,2997,4.019146259979924,5
3167,260,4.203568164008386,5
3167,296,4.326507385448964,5
3167,1080,4.496439866264468,5
3167,1206,4.454461368849006,5
3167,1358,4.4688607498468755,5
3167,3793,3.9416849173164685,3
3169,2407,3.9293538964389194,4
3169,3471,4.33895967942765,5
3170,1200,3.982878956460199,5
3172,6,3.737041280496358,4
3172,29,4.097273148599471,5
3172,2997,3.8749031206296336,4
3174,105,3.0,3
3174,1057,3.0,3
3174,3569,3.0,1
3175,2348,4.484552062862976,3
3175,3683,4.287861061718695,5
3175,3827,3.0,2
3178,581,3.0,5
3178,849,2.1259070899973707,1
3178,2688,3.0,3
3180,16,3.583010653101498,3
3180,145,2.512487354778178,2
3180,223,3.1747916688470044,4
3180,589,3.46591174695139,3
3180,750,3.8260194693934935,5
3180,788,2.8440829910560748,2
3180,1614,2.4634927002977665,3
3180,1707,2.2615747696357804,1
3180,2407,3.0377229593535797,3
3180,2419,2.50978035534557,2
3180,2804,3.3154201335739955,4
3180,2848,3.0,3
3180,3255,3.02505819079907,2
3180,3347,3.0,3
3182,185,2.668347188799753,2
3182,253,3.429193758871374,3
3182,293,3.556973920491623,3
3182,380,3.2822908281282284,3
3182,1032,3.213424860720337,5
3182,1096,3.4531965334093337,3
3182,1193,3.8515799453301818,5
3182,1219,3.7283547043796132,4
3182,1619,3.9995980169117376,3
3182,2122,2.9680983895438833,4
3182,2311,3.3761490680152,3
3182,2863,4.172767224341698,3
3182,2990,2.8446121097236166,3
3182,3173,2.6340727550191105,4
3182,3396,3.526372448951024,5
3182,3513,3.0,3
3183,2406,3.3663498761914625,3
3184,1690,3.6701514173304544,3
3184,1914,3.0,5
3184,3206,3.0,3
3185,3868,3.9240165777751352,3
3186,3435,4.0996099384686255,4
3188,924,4.284607570223783,4
3189,266,3.8635279508595755,4
3189,370,2.4748207014924235,1
3189,733,3.5638774385826197,5
3189,1100,3.4385085466512515,3
3189,1445,1.668466925248272,3
3189,1616,3.126470252368799,3
3189,1777,3.545036795270601,4
3189,2297,3.767999345741067,3
3189,2700,3.6100889958463225,2
3189,3156,3.0,2
3189,3186,3.0,3
3189,3489,3.540996758806691,2
3191,316,3.5531875532968935,4
3191,349,3.6773153886222487,3
3191,480,3.662203086331834,5
3191,587,3.6663351507883384,5
3191,880,3.179988781242127,1
3191,1542,3.0,3
3191,2026,1.8742813011101032,3
3191,2748,3.0,3
3191,2806,3.0,4
3191,2985,3.6245147123267567,4
3191,3104,3.9812231135081717,2
3191,3274,3.41910880000988,3
3192,2028,4.482565607125361,4
3192,3793,4.319074960074808,4
3193,1356,3.39550121149444,4
3193,1500,3.684552563181616,4
3193,2126,2.924063527611962,2
3193,2763,3.5502203530169627,3
3194,1721,4.27217902460106,5
3195,1,3.8846722415542776,3
3195,1198,3.641346219266657,4
3195,1222,3.8345203378409503,5
3195,1291,3.786971570799027,3
3195,1587,3.5826650445835333,4
3195,1960,4.01408363650722,2
3195,1997,3.373644671151418,4
3196,596,3.478162422299636,3
3196,2513,3.1037413848878033,3
3196,3552,3.5000431991673713,3
3198,1278,4.479796851002231,5
3199,1610,3.743251512354418,4
3199,2006,3.7908789612717166,4
3200,150,3.772965999441167,4
3200,1617,3.6737388292495265,4
3200,1653,3.809345995097838,4
3200,3102,3.0,4
3201,1304,4.795632470090521,5
3201,1344,5.0,5
3201,1438,3.2783560274093624,3
3201,1876,4.116665221050211,3
3201,2313,4.80828729699893,4
3201,3088,4.91287803959735,5
3201,3766,2.523586771294963,3
3202,186,4.0,4
3202,349,3.6813361071019846,3
3202,1991,2.462168643855298,2
3202,2096,3.7409084052252033,3
3202,3408,3.7560009564139105,5
3203,1235,4.73725804820483,5
3203,1321,4.7130544696781795,4
3203,1371,4.498807438093862,4
3203,3160,4.020736748690399,5
3203,3528,3.5312719268400623,5
3204,260,4.33974304693765,5
3204,898,4.526904529180695,5
3204,3037,4.534064627874108,5
3204,3210,4.317589386598618,5
3205,2,3.676157671318793,3
3205,1376,3.6940208970644153,5
3205,3160,3.523324746783126,3
3205,3175,3.4774269468751884,3
3205,3450,3.989956669953937,4
3206,441,4.529765824470578,3
3207,1407,4.323068079062472,3
3207,1753,3.0,4
3207,2518,4.999999999999999,5
3207,2997,4.3509969784832,5
3208,198,2.900372425269014,3
3208,457,3.623746985061165,3
3208,1036,3.626929259739064,4
3208,1228,3.8641441473128824,4
3208,1231,3.8956830581361035,4
3208,1388,2.482225634664842,4
3208,1587,3.5098989901974083,3
3208,2134,3.4776911062818314,5
3208,2266,3.0,1
3208,2278,3.800675481281626,3
3208,2302,3.6489176371606677,4
3208,2371,3.6199443851947155,5
3208,2670,3.0,5
3208,3062,4.25565166842709,3
3209,42,2.619459774301824,1
3209,145,2.5900790676279466,4
3209,380,2.6132521419073744,1
3209,462,3.0,1
3209,996,2.2675194381241903,3
3209,1961,3.428203009528939,1
3209,2625,1.0,3
3210,524,5.0,2
3211,509,4.202630447522347,5
3211,1234,4.430244791443388,4
3211,3198,5.0,4
3213,608,3.748929591011695,5
3214,969,4.032138902827272,5
3215,1082,3.0,4
3216,923,3.78183928185848,4
3216,2529,3.0883949863307354,3
3216,3011,5.0,4
3216,3534,3.0,3
3216,3822,3.0,4
3217,454,3.7200700730816765,3
3217,1035,3.8458096837670888,5
3217,1085,4.0,4
3217,1573,3.712492021912005,5
3217,1614,3.8007822330921854,4
3217,1960,3.7510088296322084,5
3217,2493,3.0,5
3217,2745,4.311694169884791,5
3217,3197,3.0,4
3217,3250,3.0,3
3217,3274,2.8138498753874295,2
3217,3557,3.0,3
3217,3686,3.6424612637119353,5
3218,2147,3.0,2
3218,2762,3.2679520507339905,4
3219,2431,3.9906251307172163,4
3219,2690,3.0,4
3219,2724,3.6783863930906597,5
3220,3363,3.8942346605156977,4
3221,1196,4.3878608284907905,5
3222,110,4.178777044317442,5
3223,3219,3.3850058435478223,4
3224,19,2.875509068477565,3
3224,248,3.0,4
3224,261,4.17208044338414,4
3224,509,4.2125743248205305,5
3224,517,3.716004447785687,4
3224,608,4.08143361011082,5
3224,1009,3.6885124638422226,3
3224,1012,4.082139945360042,4
3224,1016,3.5014646672353904,4
3224,1124,3.8874918745332554,4
3224,1193,4.206865902624903,5
3224,1266,4.056975544102664,5
3224,1415,3.0,4
3224,2118,3.7163129804358355,4
3224,2183,4.4848530597958,4
3224,2236,3.0,2
3224,2471,3.4383770358721537,3
3224,2492,3.0,3
3224,2989,3.70174725953753,4
3224,3176,4.0456952414393,3
3224,3317,4.422376215198166,5
3224,3735,4.375422402199286,4
3226,111,4.5759436675051886,5
3226,162,4.827323803337193,4
3226,858,4.526249786682905,5
3226,1276,4.568507318644641,4
3227,107,3.0,3
3227,157,3.0,2
3227,1247,4.3301685953309335,5
3227,1296,4.546639439448256,5
3227,1307,3.530555228592252,4
3227,1454,3.0,4
3227,1894,3.1928490183029097,2
3227,2133,3.4222198221351574,3
3227,3261,3.533927893720101,5
3227,3361,4.065614401691256,4
3227,3526,3.8977360349060266,4
3228,1198,4.031757608988491,5
3228,2871,4.378026149886584,5
3229,1204,3.7598879446898756,5
3229,1252,3.6466146335103344,5
3229,2890,3.6990822122549836,1
3229,3038,3.0,1
3229,3476,3.0119969381863987,1
3230,1375,4.319365256904945,4
3230,2278,4.435283641382735,5
3230,2722,3.4886936475199466,2
3230,3578,4.297677247469049,3
3231,780,4.099267344047509,4
3231,2160,4.318837903568333,5
3231,2529,4.086577064920842,4
3231,3066,4.531945791330707,5
3233,1238,4.264878794601466,5
3233,1292,4.376499268369872,4
3233,2966,3.0,5
3234,858,4.237464674721057,4
3235,2706,3.9761353951100777,5
3237,1387,3.9870748547671733,4
3237,1639,4.220323062905604,2
3237,2580,4.122063990366358,3
3239,356,3.466006788172562,5
3239,2710,2.8334355457947673,1
3240,457,3.641753001561073,3
3240,520,3.407621052997755,2
3240,593,3.741479022708611,4
3241,2302,3.0820607314304502,3
3241,3176,4.504758687820342,4
3242,380,3.78453885240457,3
3242,2490,3.608682848658024,5
3242,3062,4.10242632334714,5
3242,3717,3.0,2
3243,832,4.063834329835117,4
3243,1196,4.1059547215837435,5
3243,1586,3.8731058504210183,3
3243,1769,3.8287994075806697,4
3243,2916,4.022239898856989,4
3243,2986,3.6783006080390925,1
3244,2959,4.0,5
3245,3515,3.0,2
3246,428,3.998969274645598,4
3246,1693,4.0,3
3246,2546,3.0,1
3246,2616,2.8868056931344217,3
3246,2627,3.0,4
3248,318,3.4852648315223806,4
3248,913,3.98841373850655,5
3248,951,4.705287793634306,4
3249,2533,4.344567405124313,2
3249,2997,4.441615747383266,5
3250,1213,3.550241380132686,5
3250,1393,3.4828394763078316,2
3250,1431,3.0,3
3250,1682,3.511592757828435,3
3250,2858,3.5166755254334534,4
3251,1214,4.078180805765917,3
3251,1394,4.1869353608250615,5
3251,2076,4.336781371967781,2
3253,1177,5.0,4
3253,1234,3.9619066715710085,5
3253,2333,3.7319978348600134,5
3254,3396,3.549589101243456,4
3255,2125,4.094587656454304,5
3255,3785,3.6505091688215727,4
3256,296,4.552226743971104,5
3256,1097,4.635711671879921,5
3257,1136,4.422361483010632,5
3257,3357,3.0,5
3258,3338,3.0,5
3259,225,3.88538473034214,3
3259,522,3.0,4
3259,1088,4.232805322929986,3
3259,1391,4.174364183641444,4
3259,1643,3.5320796105067536,4
3259,2414,4.257585196916644,5
3259,3081,3.9793610855739354,4
3259,3147,4.255368173087694,4
3260,17,4.314093365551534,5
3260,303,3.0,3
3260,440,3.7731608924682503,4
3260,1341,3.0,2
3260,1968,3.8314680228456273,5
3260,2000,4.144779939464647,3
3260,2396,4.224610560447787,5
3260,3147,3.932709070891498,4
3260,3255,3.7956002657943495,5
3260,3536,3.989064143936782,2
3260,3552,4.187641309073182,3
3260,3763,4.059259883340094,4
3261,58,3.9392159897682553,4
3261,299,3.0,2
3261,358,3.0,4
3261,799,3.5049793380436123,4
3261,1394,3.7100593857954483,5
3261,1610,3.686728620297429,3
3261,1747,3.9703904861158272,4
3261,2422,2.4259843721877137,1
3261,2470,3.4853972706140817,3
3261,2720,3.0,1
3261,3083,3.0,2
3261,3153,3.0,3
3261,3253,3.744391283566416,3
3261,3452,4.0,3
3262,1,3.6719659415180645,4
3262,1197,3.6758636612061513,4
3262,2694,3.0865376728214016,3
3262,3285,3.0,2
3263,1178,3.0,3
3263,1275,3.961977859163013,4
3263,2815,3.890985581959831,4
3263,3702,3.9229445580862983,5
3265,153,2.9107630785561254,3
3265,230,3.1937502473499504,3
3265,293,3.4465056137619885,3
3265,367,3.1938042788977743,2
3265,454,3.2722920913616598,3
3265,541,3.101776111602372,3
3265,724,2.546316530577603,2
3265,737,2.1116284953795557,2
3265,1100,2.609887492551434,1
3265,1183,3.6110013574215363,3
3265,1197,3.358193249822688,5
3265,1240,3.2124162606492956,4
3265,1883,3.8367996405757974,3
3265,2371,3.2490160559292556,4
3265,2542,3.6098028547806975,3
3265,2628,2.9093276876811545,3
3265,2713,2.596234436937493,2
3265,2989,3.058515530197372,3
3266,1207,4.425867346422702,5
3266,1252,4.657929899910859,5
3266,1387,4.450287013629087,5
3266,1678,4.0,4
3266,1732,4.498999963320844,3
3266,2396,4.4084542321692535,5
3266,3115,3.0,3
3267,440,4.154468834521116,4
3267,2770,4.561754242527698,4
3267,3298,3.9754019713348976,2
3269,540,3.0,1
3269,1197,4.207025183388512,5
3269,2628,4.12688981847835,3
3269,3753,4.396223611445882,4
3269,3869,3.0,2
3270,650,3.0,2
3270,2064,4.030357829189714,1
3270,2237,3.0,3
3270,2467,3.0,5
3270,3683,3.903076904411144,3
3271,1375,3.766888603703377,3
3271,2194,4.176135661202941,4
3271,2640,4.040064073639822,3
3271,3516,3.0,4
3271,3608,3.977319217211571,3
3271,3707,3.7331505598001384,4
3272,2,4.052957286986528,4
3272,253,3.9628253519571977,3
3272,329,3.9232636884302754,4
3272,428,3.3352565565896555,4
3272,520,3.8592299266764987,5
3272,1197,3.9772416849219585,5
3272,1320,3.855735759193953,4
3272,1518,3.8787889578281365,4
3272,1620,3.889152855203157,4
3272,1687,3.8447646827943536,4
3272,1960,3.9827965342943132,3
3272,2034,3.682103944782551,3
3272,2059,4.0,4
3272,2136,4.0,4
3272,2353,3.9951079407296093,4
3272,2455,3.9128351789400093,4
3272,2470,3.947704460621571,4
3272,3217,3.0,3
3272,3587,3.0,3
3272,3937,3.0,4
3273,3811,5.0,4
3274,1148,4.33844056768561,5
3274,3414,3.0,3
3277,593,4.387343310556688,4
3277,1193,4.3954373804176505,4
3277,1221,4.380682738599399,5
3277,2076,3.9087075596920196,5
3277,2248,4.340232933322317,3
3279,1233,3.0609869864306827,2
3279,1356,2.383932784108252,3
3280,413,2.362558887852796,1
3280,805,2.5758845166116466,2
3280,1059,3.5848684405601903,4
3280,1290,2.5209958495466207,3
3280,1676,2.9321949745762264,1
3280,2109,3.1411944266298484,2
3280,2497,3.0,2
3280,2716,3.2471670355050906,2
3280,2762,3.237762957713434,5
3280,2797,3.2174070230194176,2
3280,3248,1.824175923546159,1
3280,3421,3.2996662336254325,4
3280,3448,3.0061275234526703,3
3281,1379,3.8790595882237286,4
3281,1801,3.707117275701511,3
3281,2476,3.8804658550534255,4
3281,3107,4.119532060997643,4
3282,910,4.498617473337491,5
3283,2,3.638613815055771,2
3283,1009,3.6095714944780823,2
3283,1301,3.896506980789084,3
3283,1379,2.891480714494504,2
3283,2094,3.5745214083777532,3
3283,2699,3.8510227846991247,5
3283,2921,4.261196210915515,5
3283,3671,4.213477814337905,5
3284,2803,4.478351967543622,3
3285,6,3.919664473434854,5
3285,52,3.800133289258063,4
3285,141,3.8434597054672537,3
3285,145,3.3169646366968526,2
3285,388,3.0,5
3285,592,3.8174734770927836,5
3285,866,4.364948709719311,4
3285,1589,4.19749084625704,4
3285,2433,3.5089872836355998,3
3285,2701,3.2841542640635315,2
3285,2717,3.248407531165153,2
3285,3101,4.1741022654331,3
3285,3798,2.717418559490838,3
3286,2657,4.382159195216025,5
3289,924,4.57959104484517,4
3289,2826,4.0,3
3289,3806,3.0,2
3290,2541,3.329721210282396,2
3290,2724,2.0230243838371873,2
3290,3005,3.422025199725438,2
3292,235,4.521003426830309,4
3292,281,3.501656158948233,5
3292,346,3.0,4
3292,410,4.06308487182179,4
3292,553,4.027924027221695,4
3292,705,3.0,4
3292,858,4.348578544519865,5
3292,933,4.4987824745510485,4
3292,951,4.627646341490744,5
3292,1177,3.0,5
3292,1220,4.234478014005153,5
3292,1247,4.400264329491025,5
3292,2043,3.6711255709859425,3
3292,2059,4.010998395579014,4
3292,2140,4.120488609550604,3
3292,2291,4.184285215327452,5
3292,2565,4.2362148609772525,4
3292,2759,4.66269955304627,3
3292,2932,4.345328503310383,4
3292,2935,4.473026736817803,5
3292,3099,4.1300266539933626,4
3292,3545,4.537158354987074,5
3293,3758,3.0,4
3294,2139,4.519027251571725,5
3294,3868,4.7953831928853194,4
3295,2485,4.001334403334915,4
3295,3159,3.0,4
3296,2841,4.546903779380691,5
3296,2997,4.495026076150787,5
3297,300,3.790695662688684,4
3297,1393,3.8142737066652987,4
3297,2676,2.476676083847226,1
3297,2997,3.798724240144995,4
3297,3540,3.0,4
3299,156,3.0,4
3299,1095,4.497681554435352,3
3299,1197,4.152034295581199,3
3299,1373,3.694867070616826,4
3299,2028,4.181348590867354,3
3299,2804,4.147841809837365,2
3299,2946,4.258433238083738,3
3300,110,3.968293056456562,5
3300,1197,4.052611352210283,5
3300,1302,4.169496004529841,5
3300,2028,4.018256234639325,5
3300,2174,4.145870544766708,4
3300,2764,5.0,4
3300,3521,2.92121357147312,2
3300,3801,3.0,5
3301,474,3.4442513346717623,2
3301,1267,4.3838766493967505,4
3301,1387,3.802502745386543,4
3301,2959,3.328526418506475,3
3301,3952,3.054318185848423,4
3302,246,3.374612617508,3
3302,1639,4.061073776531704,4
3302,3578,3.504472087201393,4
3303,3871,4.0,4
3304,1012,4.40168842306172,5
3304,1130,4.116335774979008,3
3304,2553,4.0,3
3304,2657,4.263094746621924,5
3304,2716,4.29137884455367,5
3304,3039,4.505532560627407,3
3305,1183,4.679226418475185,5
3305,2353,4.106873625675659,4
3306,3811,4.999999999999999,5
3307,350,4.0,4
3307,2688,3.0,4
3308,39,3.6966710968365595,4
3308,220,3.0,1
3308,257,2.4925009042034643,4
3308,276,3.718169975759515,3
3308,593,3.7265081911953697,5
3308,879,2.8689721035314135,5
3308,1517,3.598674752141227,2
3308,1610,3.5386959083110274,3
3308,2081,3.8518533534262884,5
3308,2404,1.478543001217047,1
3308,2915,3.6085926091614358,2
3308,3036,3.0,3
3308,3702,3.588895098063372,1
3309,344,3.666996161937482,3
3309,799,3.6007486750885143,4
3309,1077,3.8016771369657016,4
3309,2003,3.679411840468453,3
3309,2581,4.251388182714001,3
3309,3037,3.7790392860714843,5
3309,3120,3.0,3
3310,593,4.414484670844661,5
3310,1704,4.384692564697634,4
3311,93,2.043468860447412,1
3311,161,3.388783515026403,3
3311,329,3.061357295680368,3
3311,414,3.0,3
3311,426,2.623824873491431,2
3311,460,3.0,1
3311,514,3.2838120535121753,5
3311,608,3.4516047082244885,4
3311,1513,3.3743641513445786,4
3311,1586,3.2448368306566517,4
3311,1608,3.2706564620883007,2
3311,1610,3.3340021476463164,3
3311,1884,3.419181438674264,1
3311,2292,3.0,4
3311,2502,3.6167313652746227,4
3311,2572,3.3826473456109287,4
3311,2581,2.9276596332579143,3
3311,2735,2.970108306288524,3
3311,2746,3.1467344483017943,3
3311,3087,3.2891173543522494,3
3311,3442,3.0,3
3312,20,1.9914283436733813,2
3312,39,3.316294626246588,4
3312,223,3.2716510948142234,5
3312,539,3.2309113353868293,3
3312,724,2.963158216634334,4
3312,1196,3.1794106865416367,4
3312,1356,3.069514958262817,2
3312,1485,3.046594948100265,3
3312,1562,2.653976179040248,1
3312,1608,3.118920308268948,1
3312,2672,3.4958120648426125,3
3312,3361,3.3582346614362,3
3312,3671,3.2405724355945527,3
3313,1097,3.8767548582073497,5
3313,1199,3.7797958791895594,2
3313,1287,4.033711622785569,4
3313,3316,3.0,3
3313,3654,4.071668708058383,3
3314,383,3.665117948037098,4
3314,1088,3.9994836760273293,4
3314,1179,4.291284138475272,4
3314,1378,4.05846454265906,4
3314,2110,4.1450749038635655,3
3314,2683,3.829517325522397,3
3314,3034,4.489260233578547,4
3314,3398,3.9342141183631734,3
3314,3484,4.0,3
3314,3696,4.529434662323057,1
3314,3791,3.715587178709168,4
3315,490,3.0,5
3315,541,4.236081102596049,4
3315,1197,4.2003148568526045,4
3315,1676,4.122056083392711,4
3315,1722,4.141258776511072,5
3315,3256,3.983558320578786,4
3315,3361,4.225208741236201,5
3315,3884,3.0,3
3317,593,4.525466287350586,5
3317,1580,4.147526257936733,4
3318,457,4.831820007200965,5
3318,908,4.6188577486722915,4
3318,1230,4.640616068478233,2
3318,1283,4.5646948201008275,4
3318,1927,4.0,4
3318,1931,4.0,4
3318,2138,3.0,4
3319,1293,3.247713052718357,4
3319,1956,3.3955188099271956,3
3319,2069,3.0,3
3319,2951,3.788030684684018,4
3319,3194,3.0,4
3320,185,2.7447856012989877,2
3320,616,3.65590292896349,4
3320,708,3.891894662303291,2
3320,919,3.8628595623896107,5
3320,1010,3.071572344727241,3
3320,1020,2.590859958537742,4
3320,1271,3.7013832747094453,5
3320,2108,3.8731416225863726,4
3320,2193,3.6493948215453877,4
3320,2297,4.006354379261179,3
3320,2745,3.443408054831711,4
3320,2799,1.0,1
3320,2877,3.0,3
3320,2903,1.3334476878960526,2
3320,3037,3.6593695845181897,3
3320,3039,3.6412137559595816,4
3320,3104,3.7855989700226567,2
3321,1096,3.826353393764298,2
3321,1293,3.850612028306182,5
3321,3448,4.255842475661206,4
3325,1959,3.0,4
3326,277,3.0,4
3327,373,5.0,4
3327,480,3.7337300243765297,4
3327,866,4.261266646491759,4
3327,904,3.980117383699494,4
3327,1101,3.6795304776515363,4
3327,1805,3.8576661622365207,4
3327,1885,4.214904324884359,4
3327,1892,3.7100206967186407,3
3327,2018,3.7569804789229355,2
3327,2541,3.901999410587592,3
3327,3615,3.0,4
3327,3799,3.0,1
3328,195,2.968857520918109,4
3328,230,3.7167509732206465,4
3328,350,4.10781593574676,4
3328,516,2.425889154604649,2
3328,708,3.699413046442564,4
3328,1784,3.6748196998012985,5
3328,2052,2.389762432989547,3
3328,2303,3.0,4
3328,3845,3.0,5
3328,3877,3.0,1
3329,1425,3.0,2
3331,899,3.944434257978061,4
3331,1088,3.8037724040309704,4
3331,1101,3.842788881487456,5
3331,1127,3.091088659957309,4
3331,2735,2.6114030801754446,3
3331,2959,3.307196898582981,5
3332,223,3.7086008539340565,5
3332,2669,3.0,2
3333,441,4.2653946048380975,4
3333,1015,1.0,1
3333,1378,3.997754241891293,5
3333,2541,3.4299934312319578,4
3333,2707,3.767028300038068,5
3333,3694,3.0,1
3333,3893,5.0,3
3334,288,4.074149208319519,2
3335,2706,4.235296271319024,5
3336,7,3.001985115559939,2
3336,45,3.3383984442324794,3
3336,122,3.0,2
3336,141,3.1932178592079956,3
3336,434,2.8843634395987063,1
3336,1047,2.370535316768889,4
3336,1200,3.274067726558828,3
3336,1358,3.473151797643935,4
3336,1882,2.6326628888102643,1
3336,2174,3.1350214672277463,2
3336,2335,2.5747521840179326,2
3336,2376,2.714789115257431,2
3336,2507,3.0,1
3336,2542,3.6144662004954538,3
3336,2723,2.9529490444363735,3
3336,2916,3.1624725666328075,4
3336,3264,2.9355082580620415,4
3336,3698,2.887463405347013,3
3337,2333,4.4292210344831755,4
3337,2502,3.4744984764561178,5
3337,2628,3.6486019714520324,4
3337,2805,3.344105445189454,3
3338,2762,3.927067797929755,5
3338,3225,3.0,4
3340,2266,4.0,3
3341,1393,4.119862563049648,4
3341,3793,4.480377273899254,5
3343,505,3.0,1
3345,1918,3.8994387606895224,5
3346,1077,3.8349551362569714,3
3346,1258,3.9879781407957915,3
3346,2130,3.9559256367541447,3
3346,2238,3.0,4
3346,2239,3.0,5
3346,3072,4.025232174105457,5
3347,1230,4.588707303687966,4
3349,3723,3.0,5
3350,39,4.125411229998954,4
3352,1342,4.038784049250268,2
3352,1987,3.23479598141073,3
3352,2782,2.2399044405137767,3
3353,204,3.306666474449246,3
3353,2094,3.610272826370223,3
3353,2571,4.241450040188442,5
3353,2989,4.091055033954208,4
3356,661,4.4851557902520955,3
3356,922,4.8384820025259785,5
3356,1291,4.419102064165951,4
3356,1339,4.428412207802647,4
3356,1625,4.516813150735687,5
3356,2528,4.218673541326085,5
3356,3044,4.798315354489831,4
3358,357,4.01857339771474,4
3358,1270,3.9365219959897764,5
3358,1676,3.787873449336434,2
3358,1729,4.079690009977666,4
3358,2006,3.821724163790501,4
3358,3704,3.7200741864923836,3
3359,377,2.70378081250911,1
3359,1265,3.6565188644612325,4
3359,3252,3.429404445771487,1
3360,916,3.876313786436348,5
3360,1094,3.6482067211658356,4
3360,2100,3.595109453545407,4
3361,592,3.9778683537365014,4
3361,2944,4.167017302983306,5
3361,3147,3.843321687622886,5
3362,908,3.716805237340427,4
3362,2694,3.774117171654769,4
3362,3052,3.863693839463294,3
3362,3189,3.0,5
3362,3324,3.0,2
3363,248,3.0,4
3363,261,3.8536855387828557,5
3363,367,3.566682814462276,2
3363,592,3.565885371003228,3
3363,1136,3.607790779493832,3
3363,1291,3.5495560832495405,4
3363,1409,3.7607752961202134,4
3363,1498,3.0,3
3363,2471,3.4520999648090744,3
3363,2671,3.7232975981645557,3
3363,3114,3.723526184136451,2
3364,363,3.0,5
3364,924,2.9957703905958755,3
3364,3078,3.0,5
3365,2369,4.492072849308764,4
3365,2454,3.991086682353437,5
3365,2946,4.758281502469092,5
3365,3144,3.0,5
3365,3500,3.0,3
3365,3770,4.075099088247019,5
3366,2000,3.7981870680113614,4
3367,162,4.130659643192046,4
3367,247,4.38528077222548,4
3367,900,4.579261965274351,5
3367,1103,4.528181076068748,4
3367,1250,4.485092148047607,5
3367,1304,4.446676583456257,4
3367,1950,4.5078715645108165,4
3367,2897,3.0,5
3367,2941,4.457295846282608,4
3367,3871,4.0,3
3367,3897,4.396027782580396,5
3368,589,3.98036949064267,4
3369,1225,4.033704232398463,4
3369,1278,4.060110320811455,4
3369,3868,3.8267081161098266,4
3370,527,3.5777077794578043,3
3370,2478,3.1629346727415086,4
3370,3408,3.556196790364502,2
3371,1176,5.0,5
3371,1244,4.050448689336976,5
3371,1307,3.2617670436710817,4
3371,2857,2.4276982811692456,4
3371,2997,3.532923619509096,5
3371,3081,3.3891392596756673,2
3371,3386,3.205854070650087,3
3372,2134,4.32702326631042,3
3373,474,3.619252240454739,5
3373,2912,2.992984564782848,3
3374,2336,3.977664010610271,4
3374,2710,4.012928928361058,2
3375,3439,3.0,2
3377,288,4.262555861143284,5
3377,1625,4.012505135062709,5
3377,3802,3.9838107208519933,4
3378,47,3.9683657717939456,5
3378,458,3.0,3
3378,1005,3.568084623129821,3
3378,1097,3.996810550521854,4
3378,2149,3.0,3
3378,2709,4.0,4
3380,428,3.312151695282908,3
3380,491,3.0,3
3380,515,3.6093860386614414,4
3380,921,4.281517653068215,4
3380,1333,4.212396753715236,4
3380,1678,3.4650915937044062,3
3380,2076,3.808082724713967,3
3380,2857,4.001373811003945,3
3380,3194,3.749241578482612,2
3380,3498,4.004540108247476,4
3380,3760,3.0,3
3382,588,3.4568976611475195,3
3382,2424,3.356953068874494,3
3382,3785,3.641255665217806,3
3383,750,3.774621799532357,4
3383,1078,3.957347444418145,4
3384,615,3.0,4
3384,1334,3.504528648815055,3
3384,1941,3.0,3
3384,3364,3.0,4
3385,1194,3.0,3
3385,2002,3.66457579657199,3
3386,1704,4.0520297945336825,5
3387,265,3.5722378298192687,3
3387,1198,2.8632545997569143,2
3387,1273,3.0,3
3387,1464,3.0,5
3389,379,2.504988248598797,3
3389,380,3.037642781724276,4
3389,527,3.5881451925588705,5
3389,919,3.5499208642182087,4
3389,1092,3.404866904344409,2
3389,1297,3.0629501719369534,2
3389,1320,2.8059824521491494,2
3389,1370,3.0480026038569514,3
3389,1479,2.6701594630984467,3
3389,1722,2.998814439721614,3
3389,1876,2.8048355336762683,2
3389,2001,2.861483206187278,3
3389,2046,2.8511051241444116,2
3389,2100,3.2586430986928647,3
3389,2265,3.0,1
3389,2427,3.6625326899996162,4
3389,2722,2.2227139987278206,2
3389,3081,3.053912481973273,3
3389,3273,2.3490025726068917,2
3389,3347,3.0,3
3390,1230,4.444712898987656,5
3390,3152,4.35346956732921,4
3390,3498,4.237022079184721,3
3391,3,4.1680016857613404,3
3391,4,1.0,2
3391,182,3.0,3
3391,229,3.0,5
3391,297,3.0,2
3391,467,3.0,3
3391,508,4.551378757695897,5
3391,551,4.472890764421203,4
3391,778,4.668054388504679,5
3391,1016,3.6504861372359,3
3391,1196,4.365077902257494,5
3391,1220,4.395772360477785,5
3391,1276,4.800483396053314,5
3391,1313,3.0,1
3391,1387,4.417735293239069,5
3391,1883,4.448739976011031,2
3391,2025,3.0,5
3391,2042,3.272934478730432,3
3391,2051,3.0178843382887464,3
3391,2354,2.4809897419593523,4
3391,2381,3.5845018535364064,3
3391,2458,3.899752628219676,3
3391,2797,4.150636281019615,5
3391,2822,3.420477521399025,3
3391,2868,2.8390023975316225,2
3391,3039,4.442106608531978,4
3391,3203,3.95128598460845,3
3391,3253,4.351569938368181,4
3391,3571,3.0,2
3392,2054,3.0,3
3393,111,4.16922052083057,5
3393,976,3.0,3
3393,1240,3.8839964428335625,5
3393,1653,3.7099958014176395,4
3393,2065,3.5509825802498316,1
3394,1210,4.041641897804478,2
3394,1284,4.621038829606609,4
3394,2720,3.0,3
3394,3013,3.0,2
3394,3545,4.5909551934315616,4
3395,2581,3.273823994291233,3
3396,1214,3.3646658597329235,4
3396,3265,5.0,5
3397,2351,3.0,4
3398,3717,3.0,2
3399,32,3.7232208571535934,5
3399,1587,3.481678346866267,3
3399,2126,3.514746268697799,2
3399,3006,4.124663258315529,5
3400,44,3.491213245013759,4
3400,165,3.845921448609203,4
3400,1388,3.166442793677644,4
3400,1587,3.955947294917934,4
3400,2367,4.298161531887846,5
3401,277,3.0,3
3401,724,1.8338185293881393,1
3401,891,1.0,1
3401,1032,3.441801350781985,3
3401,1196,3.5887768052225852,5
3401,2095,3.0,3
3401,2097,1.3003556770164848,3
3401,2470,3.4499138444533908,4
3401,2529,3.59847254076781,3
3401,2652,1.0,1
3401,2794,3.063505677944488,4
3401,3284,3.0,4
3401,3504,3.7333646944262955,3
3401,3699,3.6220549124866266,3
3402,1387,3.7523551859717195,3
3402,1958,3.586101510652948,1
3402,2065,3.8226007495542444,3
3402,2731,5.0,5
3403,145,4.235330408006158,4
3403,227,4.499894487847064,4
3403,1961,4.4958840000120555,5
3403,2393,4.0145289562041535,3
3404,1580,4.257744431619649,4
3408,866,4.443088767786952,3
3408,904,4.2347562659285165,5
3408,1136,3.8310819391569644,5
3410,152,3.0,4
3410,674,3.1780216506267585,4
3410,971,3.8525985758656134,4
3410,1223,4.307728813392432,4
3410,1225,3.4814552843889883,4
3410,1274,3.172840589346484,5
3410,1357,3.5127935774118417,2
3410,1617,3.4056925107448017,4
3410,2312,3.1623350175900273,3
3410,2344,3.0,4
3410,2971,3.326953082316856,3
3410,2973,3.4805946091130315,3
3410,2985,3.1145549720560375,4
3410,3249,2.8843953195907934,3
3410,3551,3.7882142806437433,4
3410,3578,3.2570926752239338,4
3411,185,2.299562917019447,1
3411,364,3.078990193981723,1
3411,1517,3.158040426209429,3
3411,1566,1.9554867998227288,1
3411,1912,3.2991950295073194,4
3411,1961,3.5427357275567237,3
3411,2028,3.266337803304813,4
3411,2105,3.004674428249629,3
3411,2124,2.534300425382441,3
3411,2762,2.981231933069677,4
3412,223,4.356824250416688,4
3412,337,4.428567396146944,4
3412,1237,5.0,5
3412,2997,4.396699855948766,3
3412,3744,3.6389587692517273,4
3413,509,4.2468245090829475,5
3413,1094,4.396802691199765,4
3413,1208,4.410770613388487,5
3413,1270,4.219860560073959,3
3413,3067,3.0,4
3414,2,4.477506630447668,4
3414,3386,4.536039912927957,4
3414,3633,4.864531349590136,5
3414,3698,4.435231175703148,3
3415,235,4.357316474254659,3
3415,457,3.924983976247452,4
3415,1079,4.403559402315261,5
3416,292,3.9124581367988487,5
3416,442,3.795839028504643,3
3416,762,3.857869693549391,3
3416,842,3.529448884158037,4
3416,1027,3.172566607958243,4
3416,1073,3.9350230969134303,3
3416,1199,3.888343322955926,5
3416,1270,3.9697652128069816,4
3416,1297,3.86294526717766,5
3416,1503,3.0,2
3416,1520,3.0,2
3416,1653,4.069601523750889,5
3416,2058,4.169054488682383,4
3416,2124,3.4183375695648217,5
3416,2165,3.0,3
3416,2231,4.366690472786487,5
3416,2340,3.0,3
3416,2707,3.996231315677098,4
3416,3255,3.5924540466005586,3
3416,3703,4.019819052205971,3
3417,1260,4.587310552778667,5
3418,663,3.0240937851250824,4
3418,1658,3.0,5
3418,2190,3.0,1
3418,2478,3.44309518079174,2
3418,2571,3.9297852768460295,4
3419,318,4.254389253149695,4
3420,595,4.171209740073285,5
3420,1189,3.0,5
3420,1407,4.2609864031331295,5
3420,2132,4.725067127510923,5
3421,3363,4.713240882111096,4
3422,12,1.0,1
3422,34,3.50547512092065,5
3422,248,1.0,1
3422,256,2.0,1
3422,564,3.0,1
3422,603,3.0,2
3422,719,1.9578913581972357,2
3422,725,3.0,2
3422,1090,3.341705268861126,4
3422,1445,1.0,1
3422,2081,3.1537715001674673,3
3422,3087,2.8724465224335796,4
3423,919,4.357160608969507,5
3423,1073,4.273886615557329,4
3423,1653,4.364459640044115,4
3423,2081,4.235606421895735,4
3423,2808,3.6703245376630083,3
3423,2827,3.0,3
3423,2947,4.339273243267881,5
3423,3299,3.0,3
3424,1680,4.510201714317065,4
3424,2058,4.333781605381734,5
3425,52,4.115700754475953,4
3425,145,2.772858733307335,2
3425,293,4.04747405089755,5
3425,543,3.8116690304390506,4
3425,809,2.0,1
3425,849,2.769488847964645,2
3425,1051,3.0,5
3425,1291,3.8253974917316995,4
3425,1517,3.9267260160620046,4
3425,1544,3.393567998905535,1
3425,1834,4.437780589100225,5
3425,1841,3.0,3
3425,2439,5.0,5
3425,2611,3.0,5
3425,3101,4.102022758627986,3
3425,3219,3.602222172194616,2
3425,3273,2.530535242894288,1
3425,3616,3.0,1
3426,904,4.600491478649027,5
3426,1245,4.067177999289804,5
3426,2871,4.275485850042124,3
3426,3147,3.9364186493536266,3
3428,362,3.0,2
3428,780,3.7685496493310726,2
3428,1148,3.3279072314773614,5
3428,1196,4.042031156249906,3
3428,1959,5.0,5
3429,2020,4.434384399183697,4
3430,14,3.0,4
3430,260,3.5163285165336373,5
3430,2174,3.4227760742565687,3
3430,2688,3.199106971650943,3
3430,2763,3.2795183827330376,3
3430,2917,3.6024930452208777,4
3430,3079,3.0,4
3431,912,3.8334494145888534,5
3431,2098,3.0,3
3431,2366,3.283275276751755,5
3432,1580,3.2108802515899257,3
3432,2792,3.5494852323993222,5
3432,2916,3.2321661303506217,3
3432,3591,3.1201546032490532,3
3433,364,3.7295324089265027,5
3434,44,2.9888239931952203,3
3434,589,3.7733870664069684,4
3434,2322,2.786730981809553,3
3435,1207,3.9352839525988026,5
3435,1208,3.9637156936872757,4
3435,1375,4.023042696303827,5
3435,2470,3.987668310228751,3
3436,1007,3.0,1
3436,2055,3.0,1
3436,2396,4.303006894610931,3
3436,2997,4.316072392064965,5
3436,3681,4.374402416052189,4
3436,3793,4.054440452140857,4
3436,3863,3.244024924415742,1
3438,2542,4.658076210587939,5
3438,3298,3.760007339227165,1
3439,1235,4.619373215548264,3
3439,3639,4.448747743871259,3
3440,318,4.376180661571952,5
3440,608,4.324552110110008,4
3441,919,3.4307498093625157,4
3441,1089,3.29206067692042,1
3441,1197,3.3154560877915107,5
3441,1586,2.8604397689652,1
3441,1597,3.0799299718528235,3
3441,2443,3.0,2
3441,2686,3.7856699726645022,5
3441,3261,2.8040442197746978,4
3441,3484,2.475646544795321,3
3442,724,3.1656361410692306,3
3442,1270,3.7194028359817226,3
3442,2003,3.6034702533724468,4
3442,2011,3.571659068924232,3
3442,2174,3.696914897666067,4
3444,39,3.299177512060927,3
3444,3253,2.8852953079730224,1
3445,1,3.896092730854604,4
3445,392,3.0,4
3445,968,4.1688900037333365,5
3445,1921,3.9234261059254436,5
3445,2204,4.0,3
3446,2662,4.812594667710725,4
3447,1089,4.0200919254793055,3
3447,1200,4.014245723830881,4
3447,1748,3.6289147888952513,5
3447,3676,3.0,3
3449,1097,4.3533451858314525,4
3450,180,4.24226061054066,4
3450,474,4.030561466591269,4
3450,1003,3.654050422257393,4
3450,1836,3.0,3
3452,1333,4.754199593606601,5
3452,1639,4.626994720677285,4
3452,2804,4.722736707322817,5
3452,3753,4.887969290676264,4
3453,1184,3.0,2
3453,1193,3.8362893042138504,4
3453,1617,3.106192821168409,3
3453,2293,3.0,3
3453,2944,3.6328368389615058,5
3453,3030,5.0,4
3454,553,4.024923489422873,5
3454,1170,3.0,3
3454,1394,3.6102527829240274,3
3454,1527,3.750110664827823,3
3454,2133,3.611018608600866,2
3454,2357,3.0,3
3454,2699,3.427759191354172,3
3454,2735,3.47442479582577,3
3454,3083,3.0,2
3454,3325,3.0,2
3454,3534,3.0,2
3456,1197,4.823061361983902,3
3456,2393,4.726860397190391,5
3457,555,3.9055367416272815,5
3457,724,3.2978209665897675,4
3458,1693,3.0,4
3458,3189,3.0,5
3458,3253,4.113910062331195,3
3460,1095,4.299778167055268,5
3462,3,3.7537548148682864,2
3462,231,3.4143974017013967,3
3462,924,3.6692202674714522,4
3462,1185,4.120140629850834,2
3462,1653,3.6227745323556375,3
3462,1831,3.059336346652157,1
3462,2455,3.6681349393994167,4
3462,2702,3.6161208260977884,3
3462,3741,3.6596708549875774,3
3463,1242,4.112524783150163,4
3463,2302,4.108136187451115,3
3463,2804,4.1208265087502465,5
3464,22,3.8835742614754616,4
3464,852,3.5449081292155613,4
3464,1479,3.9382855652812605,4
3464,1892,3.8422865925281915,4
3464,2433,3.516173964866933,3
3464,2447,3.198981832022892,4
3464,2551,3.0,4
3465,367,4.015448921820152,3
3466,1060,4.22097212921602,5
3466,1213,4.269523324061981,5
3467,904,4.11496436827299,4
3467,3835,3.0,5
3469,288,3.9585164587137878,1
3469,1294,4.343506881228614,4
3469,1748,3.490892713561619,5
3469,2018,4.168284274850283,5
3469,2717,3.6985377896504534,4
3469,2779,4.098188968440565,2
3470,293,4.214508432643803,5
3470,368,3.9167808451769313,3
3470,1500,4.042016313925901,4
3470,2335,3.7188250785906996,3
3471,19,2.819644756806267,2
3471,69,3.4343983426293088,3
3471,125,3.8166972904107763,3
3471,216,2.9401964949168415,3
3471,508,3.677342090247076,3
3471,511,3.0,3
3471,836,2.7101879448947477,2
3471,902,3.338636432606436,4
3471,1020,2.8840041982411906,3
3471,1198,3.457523509965693,4
3471,1499,2.6053286008580514,2
3471,1653,3.718537839873657,5
3471,1784,3.59426015551854,4
3471,1799,3.6408563381190744,3
3471,2502,3.5476408040599337,2
3471,2507,3.0,3
3471,3060,3.809873610141212,4
3471,3255,3.3476169168073118,3
3471,3263,3.447474799461086,2
3471,3317,3.8551357021011166,5
3471,3735,3.7405349237923153,4
3471,3868,3.693777351595982,4
3471,3916,3.363724100799886,3
3473,597,3.9449708301586077,5
3473,912,3.9857390983266705,5
3473,1353,3.0,4
3473,1357,4.265473373992086,5
3473,1393,4.007842775672771,4
3473,2020,4.14480173880162,4
3473,2763,4.050973440690205,4
3473,3481,3.945072146075508,4
3474,1911,3.9982699623129805,4
3474,1947,4.544595797145926,5
3474,1959,4.0257786962790085,3
3474,2076,4.342989531159996,5
3474,2186,4.906705868786695,4
3474,2600,3.0,4
3474,3097,5.0,5
3475,17,3.7879643278381914,5
3475,110,3.1848646762462236,5
3475,124,3.0,3
3475,216,2.813349038430063,3
3475,296,3.359052010415453,5
3475,307,4.344951623612641,5
3475,308,4.0,4
3475,457,3.1039995052561467,3
3475,500,2.8880772884541,2
3475,903,3.4956486256413037,3
3475,1378,2.616454355587776,2
3475,1468,3.0,3
3475,1649,5.0,2
3475,1974,3.1337902317475512,2
3475,2000,2.972267295249139,2
3475,2236,3.0,4
3475,2378,2.2917827917060833,2
3475,2402,2.0001578063789895,1
3475,2694,3.2044928624515414,2
3475,2899,2.0,2
3475,3157,3.0,1
3475,3267,3.4489479246245063,1
3475,3557,3.0,4
3476,116,3.0,1
3476,356,3.403830751860887,5
3476,926,3.9042990820961507,5
3476,1016,2.707693783813756,2
3476,1028,3.256428276009527,5
3476,1124,3.299436033730112,5
3476,1192,3.0,1
3476,1339,1.326711831278897,1
3476,1407,2.4336153948478105,1
3476,1771,3.0,1
3476,1952,3.5338487677631694,1
3476,2009,2.078747302938774,1
3476,2719,1.7547345548697404,1
3476,3427,3.0,5
3476,3671,3.463013415650802,3
3476,3682,4.529638118010755,3
3477,2671,3.7712837415099485,4
3477,3176,3.834264030914434,4
3479,2804,3.7288515813599554,3
3480,1927,2.0,4
3481,912,4.142691770934321,3
3481,1080,4.0940911723140685,5
3481,1256,4.127357640438944,5
3481,3764,3.0,3
3483,24,3.909336113522963,3
3483,353,3.9665725664383817,4
3483,480,4.16096573890476,5
3483,491,3.7719106223442793,5
3483,527,4.30067012749639,5
3483,653,4.049360736789722,4
3483,785,3.67617977536961,4
3483,1542,3.0,2
3483,3005,3.9548378884831044,4
3483,3186,4.532283596112596,4
3483,3483,3.0,4
3483,3701,4.107518004225734,3
3483,3735,4.463524666455321,4
3484,231,3.130801778309284,4
3484,1230,3.6921688185903574,4
3484,1639,2.817824560377441,4
3484,2144,2.6078068386271047,2
3484,2716,2.8187119266950686,4
3484,2968,2.7307125120858826,2
3484,3157,5.0,2
3485,1228,4.361282577968188,5
3485,1250,4.22706631136141,5
3486,2005,4.461180620850918,5
3486,2081,4.411779358613903,4
3487,145,3.0,3
3487,373,4.0,4
3487,608,3.731099799364169,5
3487,1059,4.23524261739292,2
3487,1073,3.5694968502274445,4
3487,1247,3.836112471719741,4
3487,1396,3.500137117618269,3
3487,1500,3.6028679790061413,4
3487,2858,3.6794336353984542,5
3487,2908,3.9700020609582207,4
3487,2997,3.7223195416901174,4
3487,3072,3.598617630098867,3
3487,3719,3.0,1
3488,1391,2.2621010350305477,1
3488,1544,3.103863557193349,3
3490,3328,4.014001766918161,4
3490,3424,4.015407317904409,5
3490,3608,3.4787571718199346,4
3490,3683,4.223815467883069,4
3491,144,3.0,4
3491,520,3.8111171111878184,5
3491,592,3.8364208885405193,3
3491,886,3.198695209563694,4
3491,1270,3.876915427475283,4
3491,1339,3.7762258446284935,4
3491,1343,3.857109791727621,4
3491,1693,4.0,4
3491,1907,4.375106511389972,5
3491,2011,3.811319173704784,4
3491,2401,3.7077562366872083,4
3491,2504,3.0,4
3491,2574,3.0,4
3491,2702,3.354684173480982,4
3491,2792,3.844157181015896,4
3491,3020,3.779595369397378,4
3491,3082,3.510850965193317,3
3491,3273,3.4873705455611295,4
3491,3452,4.0,4
3492,1077,4.16993302388813,4
3493,111,3.855067886243874,3
3493,169,3.0,3
3493,457,3.8253433396382306,4
3493,1234,3.8911809164609337,4
3493,1356,3.4112184257830607,3
3493,3366,3.8521821777969403,5
3494,913,4.573033468758896,5
3495,3897,3.9481416033209493,5
3495,3952,2.0,4
3496,104,4.336261004093253,3
3496,1968,3.250804082323681,5
3497,1307,4.731685879068627,4
3497,2355,4.3328837596199135,4
3497,2701,4.569147719154641,2
3498,70,4.29654188027552,5
3498,695,3.0,4
3498,1459,4.252998249220387,5
3498,2803,4.489085165487814,3
3499,485,3.4355191049133844,2
3499,1135,3.179299348495583,2
3499,1377,3.5112773165403297,2
3499,1527,3.817577772124592,5
3499,1831,3.5305408533872544,3
3499,2003,3.6291732689256784,2
3499,2076,3.8894682241178034,4
3499,2115,3.67542201367765,3
3499,2792,3.2562873015719433,1
3499,2898,3.0,2
3499,3267,4.321809453525726,5
3501,235,4.194819944355293,3
3501,951,4.67942569116804,5
3501,2206,4.596374624852158,5
3502,318,4.314689733548105,5
3503,293,4.258295736806179,5
3503,908,4.53749473726226,5
3503,949,3.0,4
3503,1079,4.536448199032222,5
3503,1126,3.8982681505219308,3
3503,1206,4.427727350774201,5
3503,1617,4.3145718582134895,5
3503,1722,4.000994344552169,4
3503,2005,4.154846082649749,5
3503,2015,3.823859807817465,3
3503,2072,4.116364173570916,5
3503,2959,4.376528145802995,5
3503,3146,3.0,3
3503,3526,4.356338509111028,5
3504,592,3.7332202776412524,3
3504,1136,3.85047962004014,2
3504,1211,3.0,3
3504,1966,3.0,4
3504,1994,3.283115459955455,4
3504,2391,3.902888401268524,4
3504,3130,3.0,3
3505,480,3.9131582620937264,1
3505,1183,4.023789671860352,5
3505,1267,4.412753553497049,5
3505,1517,3.8065497172374623,5
3505,1569,3.1833284163293425,1
3505,3741,5.0,2
3506,527,4.501856043714562,5
3506,1196,4.400990331650995,4
3506,1198,4.431317802425895,3
3507,104,3.313430073294898,3
3507,132,3.0,2
3507,178,3.0,2
3507,348,4.097429945844436,4
3507,368,3.2263170395365774,3
3507,589,3.6195223193282646,3
3507,662,2.0,3
3507,782,1.452653817465521,1
3507,1213,3.9415822941566483,5
3507,1299,4.452722424836194,4
3507,1590,2.6019474285080366,2
3507,2076,4.219052839877996,5
3507,2353,3.3355980035372417,3
3507,2747,4.50029816860576,4
3507,3385,2.9590689891446678,3
3507,3468,4.625143879552591,5
3508,1214,3.4091540679936836,5
3509,95,3.3524052572647047,4
3509,457,3.4640020629718715,5
3509,1951,1.3131755076372782,2
3509,2692,3.8897174138205464,5
3509,3386,3.7797880747699066,5
3509,3549,1.589354845529261,2
3510,1721,3.9433508596112956,2
3511,2401,3.0,4
3511,2571,4.07464687060886,5
3512,180,3.608785527910963,4
3512,293,3.988562192620992,5
3512,296,3.806018007720956,4
3512,1246,3.758196683519234,5
3512,1610,3.7208001169620437,4
3512,1702,3.2567830171838854,3
3512,2094,3.5738043421670205,3
3512,2100,3.643343731313496,3
3512,3478,3.1346493942156437,4
3512,3773,3.0,2
3513,180,3.939700918950918,3
3513,886,3.0,2
3513,1042,3.868746462707587,4
3513,1431,3.0,1
3513,2194,3.623698875452709,4
3513,3256,3.1530037879828927,4
3513,3418,3.8503324619842125,4
3514,1617,3.4373857555460203,4
3514,2019,4.706332183625962,4
3515,3006,3.897916264777022,5
3516,1197,3.684366690221152,5
3516,2942,3.0,2
3516,3175,3.343708338534334,3
3516,3652,3.0,3
3517,708,3.987957301164,4
3518,39,3.722663601307935,4
3518,581,5.0,5
3518,1356,3.7763161331170165,4
3518,1721,3.999480658272512,3
3518,2020,4.213398885731737,4
3518,2081,3.993560980277028,3
3518,2413,3.715152472624645,3
3518,2478,3.7464159454750625,4
3518,2692,4.05202002363438,4
3518,2859,5.0,4
3518,2994,3.0,5
3518,3751,4.154775463467937,3
3518,3897,4.2776112093318455,4
3519,237,3.150755692649817,3
3519,249,3.0,4
3519,1127,3.3454724784410583,2
3519,1363,3.0,2
3519,1393,3.311186354755696,3
3519,2021,2.9917627435368392,1
3519,2094,3.0064245777396685,2
3519,2331,3.0,5
3519,2539,3.0779664131647664,4
3519,2815,2.893310059743589,3
3519,3911,3.646071924742058,4
3520,39,4.285352594093286,3
3520,144,4.0,3
3520,231,3.65246010574985,4
3520,564,3.0,3
3520,589,4.065513122873073,3
3520,593,4.086415176821921,5
3520,2064,4.308604878983989,5
3520,2841,4.0,3
3520,3616,3.0,3
3520,3868,4.160615040459033,4
3520,3871,3.0,4
3521,954,4.180004563735374,5
3521,1088,3.775523260026166,3
3521,1300,4.484238175361392,5
3521,1340,3.269107661551465,4
3521,2087,4.051319397753718,4
3521,2926,3.545583043098619,4
3521,3021,3.0,2
3521,3072,4.098028724297448,4
3521,3102,5.0,3
3521,3793,3.9146015302729946,4
3522,2000,4.029652831879679,4
3522,2174,3.9627242762042694,4
3524,2676,3.0,1
3525,70,4.049049907645162,4
3525,2918,3.4278247558127606,5
3525,3264,4.00845007120845,5
3526,73,1.0,1
3526,199,3.0,1
3526,237,3.186603334972118,3
3526,275,3.0,1
3526,372,3.5848759255038853,1
3526,379,3.127751700551447,3
3526,422,3.0,3
3526,434,3.315285002223812,3
3526,468,3.7404820889428025,3
3526,716,3.0,1
3526,839,5.0,2
3526,1031,3.5226895531839335,3
3526,1036,3.605664430753384,5
3526,1213,3.6579855357279376,3
3526,1584,3.4700377559207345,1
3526,1597,3.3228426244030795,4
3526,1799,2.592047294122805,4
3526,2059,2.9965703622860285,4
3526,2084,3.0,1
3526,2245,3.70289559687019,5
3526,2338,2.9978366536193697,3
3526,2470,3.4795830362028415,5
3526,3263,3.611172255948174,1
3526,3715,3.0,1
3527,2355,4.34066318614653,5
3527,3764,3.454851201758702,2
3528,1258,3.1861587822075386,5
3529,353,2.890107909817473,3
3529,589,3.219341129622428,3
3529,2193,3.1781500313267426,2
3529,3764,3.0,3
3530,380,4.353745937922917,4
3530,2001,3.321885443356569,4
3531,2466,3.0,5
3531,2966,3.0,5
3531,3072,4.214478265043857,4
3531,3578,4.340990751847281,2
3532,1517,4.099180471821931,4
3532,1584,4.145278324216272,4
3532,2294,5.0,4
3532,3186,5.0,4
3533,307,4.0,3
3533,1805,3.8283896079133033,3
3534,1210,4.234134684833776,5
3535,1291,4.131364656496324,5
3536,2723,3.6134625447611493,3
3536,3052,3.956128864817429,3
3536,3178,4.169348267249713,4
3537,3744,4.54294687111613,5
3537,3745,4.357178561594447,1
3537,3799,3.0,1
3537,3824,3.0,1
3537,3830,3.0,1
3538,21,3.767231158057252,4
3538,94,5.0,4
3538,223,4.061716072279331,4
3538,253,3.9347573680291124,2
3538,481,3.9710897290112372,4
3538,589,3.9808509445084916,4
3538,733,3.8627303312198107,4
3538,908,4.312581307656148,5
3538,1597,3.784069800818688,3
3538,2267,3.0,3
3538,2391,4.037429593791342,3
3538,3809,4.1306967464508455,3
3539,180,4.403689061582545,5
3539,233,3.0,3
3539,499,3.0,4
3539,541,4.424114923774397,5
3539,705,3.0,4
3539,805,4.344623885753602,4
3539,1013,3.747041370000768,3
3539,1130,3.527075460508396,4
3539,1588,4.050547516755801,4
3539,2161,4.301131175335452,5
3539,2405,4.1473402498000835,4
3539,2793,3.2413074705337817,4
3539,3040,4.159369999314881,5
3539,3072,4.566371406711903,5
3539,3246,4.542940378456401,5
3539,3270,3.0,3
3539,3527,4.265229348807343,4
3539,3552,4.3737713787293755,4
3539,3760,3.0,3
3539,3840,2.9999999999999996,2
3540,104,4.218704689132686,5
3540,457,4.307509164667184,5
3540,1758,3.0,4
3540,2571,4.311551392900487,5
3540,2770,4.359102912327389,2
3540,2907,3.0,2
3540,3146,3.0,4
3540,3477,5.0,3
3540,3869,4.12455167852299,4
3542,3703,4.0,3
3543,589,3.793149037549693,4
3543,1162,3.0,3
3543,2858,3.9164197434439747,3
3546,541,3.1315058793214474,4
3546,1101,3.0569798775698804,2
3546,1180,3.0,3
3546,1228,3.7773128937221045,5
3546,2747,2.0,4
3546,2997,3.5299480145902886,4
3546,3685,3.5826315646843168,2
3546,3742,4.559301960000602,4
3547,538,4.0048454774256195,5
3547,1090,3.511838429449133,3
3547,1387,3.6121628391653213,4
3547,1960,3.839584473432454,5
3547,2177,3.0,4
3547,2436,3.0,3
3547,2795,3.536066296642422,3
3547,3111,3.6158795281531573,5
3549,635,3.0,4
3549,1234,4.273180495337468,3
3550,24,3.706337576220343,3
3550,648,3.5088176286209327,2
3550,1078,4.0,4
3550,1222,3.742214000183784,4
3550,1997,3.894733156075992,4
3550,2115,3.5518126445393174,3
3550,2700,3.818069307018599,4
3550,3624,4.0,4
3551,58,3.9281781394652975,5
3551,515,3.8540928473875287,5
3553,474,4.3953884145595215,4
3553,780,4.392823227702279,5
3555,1591,3.0185857049731784,2
3555,1779,3.1715492468177944,4
3556,912,4.2039175417075825,5
3556,2000,3.9653054399706416,4
3556,2161,3.9523026951343208,4
3556,2273,3.760416190329129,4
3557,293,4.246215813805719,5
3557,410,3.886053466521094,2
3557,1036,4.030099684314636,4
3557,1097,4.011132384037061,4
3557,1257,4.4381297694074835,4
3557,1270,4.0559061333046555,5
3557,1396,3.9637020648310544,4
3557,1916,5.0,4
3557,2615,3.4712220113788637,3
3557,2918,4.185406069267454,5
3557,2959,4.124138113281924,5
3558,291,3.0,4
3558,886,4.390378299338922,5
3558,1220,4.6282569603945625,5
3558,1573,4.63197676162476,4
3558,3438,4.481154499383312,3
3559,1285,4.545453180807916,5
3559,2572,4.372142969858747,4
3559,2746,4.47106855039904,5
3560,6,4.5837639365466,4
3560,608,4.57067609779098,5
3560,1188,4.58113179816478,5
3560,1721,4.542643552129225,5
3560,2028,4.552185851928194,4
3561,367,4.106986642952217,4
3561,1249,4.413168057377602,5
3561,1294,4.248806546777957,5
3561,2336,3.641797793109385,4
3561,2407,4.174650443690579,4
3561,2423,4.244294315375147,5
3562,3,3.7003933790306824,2
3562,11,3.988945454969067,4
3562,151,3.7991838565607114,3
3562,208,3.663777460728682,3
3562,353,3.5726976787848033,3
3562,480,3.6889026694503833,5
3562,490,3.0,4
3562,1088,3.7594785474400343,5
3562,1100,3.528010225320797,3
3562,1183,3.769764823554974,2
3562,1200,3.7165092973769767,5
3562,1407,3.7404688159888373,5
3562,1527,3.7017441120040733,5
3562,1961,3.720396393144961,4
3562,2114,3.918198932459762,3
3562,2140,3.845564356856438,3
3562,2375,3.475565279757506,3
3562,2628,3.839139402630838,3
3562,2915,3.7049811146417864,4
3562,3308,3.6801150271906877,5
3562,3316,3.0,1
3562,3527,3.6979968225604205,4
3562,3614,4.032797140378211,3
3563,21,3.949607627835157,3
3563,541,4.0147042310060215,5
3563,1296,4.274074405472335,4
3563,1729,3.988032223805697,4
3563,2929,4.135764512545264,4
3564,541,3.3218345152970943,4
3564,1580,3.4046191512682276,4
3564,1608,3.4056485718560037,3
3564,2490,3.010043567539774,3
3564,3178,3.4974807565829695,5
3565,318,3.579498356974346,5
3565,1499,2.279047349248834,4
3565,1587,3.6273508156013445,3
3565,1619,3.0,4
3565,2916,3.4960787498775496,4
3566,1262,4.106936382256943,4
3567,1240,4.2227851764367825,5
3567,2064,4.164873730733588,4
3568,151,3.714039988086169,3
3568,1408,4.143062450247937,3
3568,2028,4.206260971874921,5
3568,3175,3.81339195063164,3
3569,48,2.6198568876066117,1
3569,1961,3.1878173925960116,4
3569,2088,2.822095736005368,3
3569,3034,3.0062867732971625,3
3569,3471,3.198930628157854,4
3569,3477,3.0,2
3569,3740,2.9005725513655,2
3569,3809,2.870031231549783,2
3570,2967,3.0,2
3570,3470,3.0,5
3571,1769,5.0,4
3571,2827,1.0,2
3571,3578,4.082590840784244,4
3571,3863,3.183014872457044,1
3572,1136,4.357679996442297,5
3573,2662,3.9882714303794486,3
3574,1090,3.8939689911536237,4
3574,3299,3.0,1
3574,3629,4.0,5
3576,919,3.630890219502957,4
3576,1200,3.573459537947572,3
3576,1302,3.7437894854923726,3
3576,1927,4.107504532552828,4
3576,2080,3.5440162188190674,3
3576,2641,3.4970322910733067,3
3576,2746,3.533247707106114,3
3576,3152,3.483179912832062,3
3576,3367,4.0,3
3576,3639,3.637011516697565,3
3577,3257,4.0,4
3578,2006,3.404981742850111,4
3579,377,3.3969677413640795,3
3579,648,3.602218782138183,4
3579,1022,3.482874110810217,3
3579,1222,3.6587808948434777,5
3579,1233,3.8685163331339676,3
3579,1287,3.7386038458922735,1
3579,1587,3.5915574634820326,3
3579,2018,3.543996763984315,3
3579,2628,3.5104483438732976,4
3581,260,3.36304207072627,5
3581,1210,3.3225782377977886,5
3582,455,3.0505524396896506,4
3582,2642,3.8949267152490106,3
3582,2987,3.9719344074257945,2
3584,3825,3.0,3
3585,17,3.700530425373882,3
3585,468,4.021051480608356,4
3585,736,3.715309000977266,2
3585,908,4.048003633065886,5
3585,926,4.392616164168712,5
3585,953,3.875223946089035,5
3585,1084,4.122991907665881,2
3585,2291,3.6320558986367755,4
3585,2293,3.0,4
3585,2704,3.0,3
3585,2739,3.7195932561024585,4
3585,2873,3.0,3
3586,266,2.472998530484461,1
3586,1196,3.263322380098765,4
3586,3565,3.0,3
3586,3675,4.517039920746508,3
3587,1378,4.461995160561228,4
3588,349,4.134090817358382,5
3588,1608,4.070880020486226,3
3588,1952,4.214203694810583,3
3588,2000,4.172727567172557,5
3588,2391,4.234544935386398,4
3588,3424,4.328899718841832,4
3589,502,1.6832931648462715,1
3589,589,3.0429123890076246,5
3589,1129,3.120789280967625,3
3589,1266,3.200559492774714,4
3589,1653,3.1330540367613193,1
3589,1672,3.314970045047923,1
3589,2115,3.0420462616850847,3
3589,2194,2.799106954344597,2
3589,2245,2.944561519084281,4
3589,2375,2.770658224353178,2
3589,2527,3.168001832303839,2
3589,2640,2.7533019536221657,3
3589,2642,2.7944504252036815,2
3589,3871,3.4990510617327266,3
3590,112,3.9877419418997317,4
3590,260,4.461089477381595,5
3590,377,4.252566067249691,1
3590,441,4.49085856596562,4
3590,1027,3.580791381027739,4
3590,3071,4.329412733749296,4
3590,3253,4.326931744526279,5
3590,3256,4.161556794746687,4
3590,3528,4.364271901373867,4
3592,236,3.9260822377874405,3
3592,1084,4.699369518356689,5
3592,1292,4.687078943745966,5
3592,1711,4.304406792904005,5
3592,2398,4.801496373417865,5
3592,2762,4.4263826622917675,3
3592,3157,3.0,5
3592,3684,4.394006386186751,4
3593,1394,3.356635454927388,2
3593,2355,3.6687077387594096,3
3594,356,3.8122029418443026,5
3594,1645,4.0575680167537165,5
3594,1732,3.7610250648623986,3
3596,176,5.0,5
3596,911,5.0,4
3596,1961,4.636648836422335,3
3597,153,3.9478450883090135,2
3597,3869,4.121573974570558,4
3598,22,1.0,1
3598,104,1.0,1
3598,410,3.0,1
3599,736,3.8269117238612993,4
3599,786,3.7335895626292066,4
3599,2058,3.8112998431314855,3
3599,2762,3.7397597589788005,4
3600,5,3.683987939988569,4
3600,355,2.986831563651361,2
3600,1221,4.178109483870951,5
3600,1307,3.7607699892713438,5
3600,1953,4.211510313612511,5
3600,2712,3.89811805897924,3
3600,2720,3.0,2
3600,3111,3.9376315012321954,4
3600,3211,3.0,4
3600,3360,4.213390470058015,4
3600,3450,3.982880503474274,2
3600,3552,4.15752365840183,4
3601,1,4.10479382972446,5
3601,527,4.213226588124552,5
3601,590,4.178920099466424,5
3601,1019,4.060922009928518,4
3601,1208,4.197497342381805,4
3601,1704,4.210683630374071,5
3602,2167,3.6318078418112307,3
3603,1307,2.837701371651453,2
3603,1356,2.937070994070449,3
3603,1380,2.750586213968341,2
3603,1422,3.2533585614793736,3
3603,1464,3.0,4
3603,1674,2.7052814780148453,2
3603,1752,2.833457117614308,3
3603,1982,2.897837245395531,4
3603,2110,2.1964216055691224,3
3603,3210,2.7082922148435715,1
3603,3717,3.0,4
3605,1727,3.0,2
3605,2997,4.399798200154289,5
3605,3782,3.0,4
3607,1220,4.029995588107964,5
3607,1234,4.189294769845253,5
3607,1356,3.214149021093996,4
3607,1876,3.760260974013535,3
3607,2078,3.996752634331914,5
3607,3200,4.2459809117004195,5
3607,3702,3.9730536618313597,4
3608,2108,3.951075511734718,4
3609,380,3.518276240241044,2
3609,3764,2.0,3
3610,48,2.0100299615391855,1
3610,107,3.0,2
3610,663,3.6624020349970596,2
3610,733,3.758937159603807,5
3610,1125,2.845189435830436,1
3610,1212,1.219374652800948,1
3610,1544,3.757722562206784,3
3610,1784,3.612826459090289,3
3610,2002,3.8651862430051733,5
3610,2043,1.0,1
3610,2174,2.9832616032083092,3
3610,2202,1.0,1
3610,2722,3.6946347326220432,4
3610,3310,3.0,1
3610,3527,3.656098555294053,4
3610,3642,1.0,1
3610,3948,3.990450792271666,5
3611,377,4.045861117436326,2
3611,1197,3.9923564500252673,3
3611,1680,3.9862895294896186,4
3611,2011,3.872214762459666,4
3611,2916,3.860561032955776,2
3612,292,3.788984240156261,3
3612,736,3.7842742403519294,3
3612,1079,3.870858920821404,4
3612,1645,3.8149513825453356,4
3612,1876,3.7153299733988643,3
3612,2571,3.8246177559066052,4
3612,3298,3.2267341531712175,4
3614,239,4.0,4
3614,2001,3.635028840892829,4
3614,2722,3.2641590236847824,4
3615,3000,1.0,1
3615,3683,3.7720622817083354,5
3616,110,3.7398576824113587,4
3617,1200,4.050634093417767,5
3617,1278,3.9194772642712303,3
3618,11,3.2295516471647017,4
3618,100,3.0,3
3618,140,3.0,3
3618,371,3.0,3
3618,376,2.9986510772980677,3
3618,379,2.8385366488787396,3
3618,493,2.0710342732989497,3
3618,498,3.0,3
3618,866,3.123212571266265,3
3618,900,3.736118900669342,4
3618,930,3.1498710091220783,3
3618,1644,2.8256919221869325,3
3618,1704,3.3156178848629647,3
3618,1733,3.0,3
3618,1805,3.1503354267295425,3
3618,1918,2.9871012746846906,3
3618,1947,3.5148409234030407,5
3618,2088,3.097364693433444,3
3618,2125,3.3579700217982045,2
3618,2300,3.3739869872140864,3
3618,2341,3.0,3
3618,2352,3.210149301024337,3
3618,2553,2.1941262456081905,2
3618,2724,3.450792075137033,4
3618,2856,3.0,3
3618,2914,3.0,3
3618,2943,3.0,3
3618,3082,2.91295735893666,3
3618,3103,3.0,3
3618,3196,3.4767914752179525,4
3618,3257,3.056722770463979,3
3618,3316,3.0,3
3618,3362,3.3191606305925347,3
3618,3418,3.25557870681648,3
3618,3600,3.0000000000000004,3
3618,3738,3.0,3
3619,2694,3.760791771244106,4
3620,377,2.9268517667544356,4
3620,479,2.2126816858773295,2
3620,786,2.9372603166622935,2
3620,1127,2.887298725718529,3
3620,1617,3.093837196417201,4
3620,2353,3.347085644977295,3
3620,2916,3.3316046999329525,4
3621,185,2.7748090616671104,2
3621,608,3.5051569171741916,5
3621,1090,3.4090671856628583,3
3621,1094,3.7338720434911643,2
3621,1224,4.517155975354556,5
3621,1831,2.395144685908729,1
3621,2371,2.4892858427129734,2
3621,2916,3.068127113250892,2
3621,3006,4.143619157664453,4
3621,3198,3.981901662906648,4
3621,3386,3.3583138906145833,5
3621,3424,3.537157482427881,2
3621,3789,3.0,4
3622,28,3.0,5
3622,260,3.902314577452453,5
3622,1094,4.079094722154062,3
3624,29,4.652210070334573,5
3624,260,4.206948051679524,5
3624,1265,4.255104822821077,5
3624,1722,4.095646553666988,4
3624,2023,4.260112505301855,3
3624,2707,4.1137057331840445,4
3624,2890,4.313065501770827,5
3624,3006,4.506156733138845,3
3625,6,3.8875958660259324,5
3625,589,3.8236554531132034,4
3625,788,2.9898698353794813,4
3625,1466,3.886786624684089,5
3625,2571,3.8182807432078887,5
3625,2723,3.1819165473101894,1
3625,3173,4.012685237611533,4
3625,3269,3.1674349002714255,3
3626,223,3.7841942776369693,4
3626,233,3.0,2
3626,673,3.7325460944683972,4
3626,891,3.6020714806963445,3
3626,1105,2.671747959652376,2
3626,1321,3.926343776508111,3
3626,2053,3.4025943232196316,3
3626,2089,3.9916855520255687,4
3626,2119,3.5607417078971846,3
3626,2296,4.0,2
3626,2412,3.4517326625269296,3
3626,2710,3.893260474515564,4
3626,2752,3.0,3
3626,3098,4.02876912400401,4
3626,3524,3.8375201935374195,3
3626,3897,4.39138335089557,4
3626,3949,3.0,3
3627,3263,4.016548413261054,4
3630,1036,3.6135710347598162,4
3630,1370,3.408091601069711,4
3630,2890,3.737554343578719,4
3630,3438,3.1288035800987486,2
3632,3041,3.0,2
3632,3615,3.0,4
3633,1556,3.0,4
3635,39,3.6896591977196898,4
3635,707,4.0,3
3636,111,4.057762341191663,5
3637,3016,3.0305553764479813,3
3638,1097,3.8899292947858752,4
3638,2070,5.0,4
3638,2581,3.3956993565888998,3
3638,2959,3.2493434051783914,5
3638,3168,4.187427266133077,4
3639,708,2.946938241491556,2
3639,2671,2.8711499957037585,3
3639,3051,3.0,1
3641,266,3.875039643184723,3
3641,1136,4.026139262544919,5
3641,1275,3.683907623639801,4
3641,2395,4.1339868677167075,3
3641,2424,3.2970274865700597,3
3641,2706,3.423727022023272,4
3641,2762,3.5514824969347747,5
3641,3117,3.0,4
3641,3591,3.655514656693056,2
3641,3836,3.99063666619739,4
3642,246,3.0000000000000004,4
3643,11,3.630143012672463,4
3643,50,3.850806484646059,5
3643,342,3.693026889509222,3
3643,446,3.0,4
3643,1356,3.245082923676413,3
3643,1722,3.6325069017888745,3
3643,2353,3.664647011299802,2
3643,3793,3.445122138481096,3
3644,920,3.9094879022533857,5
3645,1193,4.133209737999474,4
3645,1387,4.186774461933864,3
3645,2716,3.709796721297662,5
3646,1199,3.961688837428253,5
3646,1334,4.1597333398677065,3
3646,2527,4.100861865438558,3
3648,253,3.6707079050913256,3
3648,333,3.5154782929270776,4
3648,393,3.0,1
3648,440,3.109472369713413,3
3648,485,3.240228968864592,3
3648,784,2.7964315245745355,4
3648,1093,3.5476332319188333,4
3648,1203,2.0,2
3648,1298,3.7691744900476634,5
3648,2245,3.367331811560065,2
3648,2247,2.9046162408399216,2
3648,2571,3.565386472836756,5
3648,2642,3.1948833729770483,3
3648,2771,2.0,3
3648,2791,3.205291419278693,4
3648,3409,5.0,5
3648,3527,3.4979630477181036,4
3648,3536,4.182808799665893,3
3649,1090,4.324561693976607,5
3649,1674,4.093541515376491,4
3649,2804,4.14305332973162,3
3649,3552,4.268872397019905,5
3650,44,3.247190364837183,3
3650,52,3.8404348547878664,5
3650,357,4.150729723597739,4
3650,475,4.364548237399752,4
3650,832,4.0677803371496735,5
3650,1197,4.051037634131171,5
3650,1208,4.293547549720683,3
3650,1687,3.2268202746415606,4
3650,2405,3.8768037175415833,2
3650,2518,3.877445899897027,4
3650,2539,4.021827931615959,4
3650,2541,3.64781766287893,2
3650,2724,4.073052182186204,3
3650,2747,1.0,1
3650,2883,3.0,4
3650,2906,3.0,3
3650,2991,4.174893461717017,4
3650,3107,3.982246717495441,4
3650,3273,3.30331976007546,2
3650,3793,3.9898473055385533,4
3651,112,3.43613174855782,4
3651,780,3.9972502419425555,2
3651,866,4.2567264731985,4
3651,1209,5.0,4
3651,1240,4.221613215246476,4
3651,1960,4.692707301995947,5
3652,312,3.0,4
3652,546,2.852006595466158,1
3652,733,3.545837666495936,3
3652,799,2.999922832433316,3
3652,1198,3.6811705976425046,5
3652,1372,3.4126222141882416,3
3652,1425,3.0,4
3652,1641,3.9681569031427966,4
3652,2558,3.861973380407976,2
3652,2716,3.7646327240952675,4
3653,432,4.705781975444751,3
3653,2505,3.0,3
3653,3033,3.9933328329238207,5
3654,1079,3.6951476499236806,4
3654,3016,3.3253166211226097,3
3654,3174,4.198418429705553,4
3655,260,3.7694275697485575,5
3656,3146,3.0,2
3656,3758,3.0,1
3656,3769,3.498041975631414,4
3658,849,3.529988389625447,4
3658,923,4.378927899657695,4
3658,2985,4.255415068092513,3
3658,3075,3.0,5
3658,3168,4.667092014074056,3
3658,3421,4.150900660242713,3
3659,2302,4.715713464205262,3
3661,1073,4.088273989914546,3
3661,2366,4.0199172610599465,5
3662,799,3.0,1
3662,1019,4.224102362546858,3
3663,1100,3.996516475748901,2
3663,1387,3.533655232439606,4
3663,2457,4.0,5
3663,2735,3.837016212823366,2
3663,3704,3.333417815812243,2
3664,350,2.1793105741991754,2
3664,1262,3.6561152468272913,3
3664,1293,3.3361699083711827,3
3664,2094,3.3608440329606832,2
3664,2997,3.392289052807947,4
3665,316,3.969480087867753,4
3665,653,4.004909351426098,5
3665,858,3.948930245010607,4
3665,1025,4.17908437916353,4
3665,1197,4.024667137961063,4
3665,1200,3.952659030602438,3
3665,2096,4.0745135781645985,3
3665,2701,3.8952944907515863,4
3665,2761,3.970204474113586,5
3667,231,4.097227051353971,4
3667,588,3.573362933815687,5
3667,1380,4.073207210498311,5
3669,3,2.9336382728360637,3
3669,590,3.691261456449436,5
3669,736,3.3709008216904572,2
3669,805,3.7633458875108388,3
3669,1722,3.3652798724093422,3
3669,1777,3.380538468489532,2
3669,1992,3.0,1
3669,2082,2.4984830531479494,2
3669,2410,3.407781978612637,3
3669,2700,3.883222802099636,5
3669,2707,3.9262640238472084,3
3669,2713,3.0157589995107923,1
3670,3793,3.695558024066654,4
3671,349,4.409299683608794,4
3672,1125,3.709224570345228,3
3672,1286,3.0,4
3672,1345,3.7513150208560244,4
3672,1682,3.2066332619741726,4
3673,924,4.203638401135941,5
3673,934,3.0,3
3673,1028,4.035371951989253,4
3673,1084,4.300709858164446,4
3673,1222,4.185362657565505,5
3673,1243,3.0,2
3673,2599,4.068048277580702,4
3673,3408,4.1930257739608905,2
3673,3717,4.0,4
3674,3418,3.93423430060527,3
3675,1,3.9278316981721786,5
3675,63,3.0,1
3675,144,3.0,4
3675,436,3.0,3
3675,473,3.3197722042604942,3
3675,994,3.4227779199568045,5
3675,1020,3.3731913450891606,4
3675,1024,3.5688273184842236,3
3675,1094,4.126559735367397,2
3675,1258,3.7542109971270845,4
3675,2367,3.406506085817853,3
3675,2528,3.8049360580395892,3
3675,3148,4.2661492095157865,5
3675,3159,3.0,5
3675,3267,4.050368613032128,4
3675,3448,3.874889445150793,4
3675,3527,3.8569366521480752,3
3675,3688,3.5797233939354367,3
3676,1270,3.797260051642674,2
3676,1376,3.957665941588658,5
3676,1396,3.655404838774605,4
3676,1876,3.3732367494208075,1
3676,2085,4.074235434873086,4
3676,2985,3.8905631903875957,1
3677,22,4.414962881994143,5
3677,2651,3.674717117245745,3
3678,260,3.7069542466046146,5
3679,213,3.0,1
3679,377,4.046582953988574,3
3679,589,4.035105996328727,5
3679,1094,4.030101491892397,1
3679,1722,3.9920696709060226,4
3679,2273,3.8899356415638717,4
3679,2490,3.8539358721363,5
3679,2791,4.174659224705694,4
3679,3347,3.0,4
3680,1041,4.248134583611369,5
3680,1956,3.8703891054760464,5
3680,3006,4.285483369255204,3
3681,1,4.306698095521784,5
3681,22,4.215962216703195,4
3681,88,3.551396995843129,4
3681,296,4.310474505070067,5
3681,318,4.353291742152595,5
3681,384,3.0,4
3681,454,4.271465450578578,5
3681,736,4.18630339063174,5
3681,1271,4.164254000529999,5
3681,1275,4.130014201666971,4
3681,1343,4.2668403131135815,4
3681,1382,4.0,3
3681,2088,3.7147392123790266,3
3681,2140,4.0842769707741775,3
3681,2145,3.9793176752214015,4
3681,2146,3.774110185508627,4
3681,2745,4.128404050579692,4
3681,2846,3.0,3
3681,3157,3.0,4
3681,3186,4.532283596112596,5
3681,3361,4.2968248815521966,5
3681,3441,4.0581534682160765,4
3681,3484,4.0,3
3681,3681,4.741991953627952,5
3681,3861,3.0,3
3682,2621,3.0,5
3683,193,1.5126832816509967,1
3683,233,3.0,4
3683,352,3.0,4
3683,364,3.2813101463941203,4
3683,1036,3.2743125016150354,5
3683,1262,3.880600914630247,5
3683,1270,3.3270262797142256,3
3683,1719,4.050039998985353,4
3683,2006,2.9802910120956994,1
3683,2289,3.758669269895869,3
3683,2473,2.7586032020154394,1
3683,3272,3.342691271947839,4
3683,3728,3.0,5
3684,1953,4.7744840505696295,5
3684,2395,4.5315481530118005,3
3684,2828,3.0,1
3685,778,4.379988363765975,5
3685,1196,4.162166447655222,5
3685,1201,4.113706866420452,4
3685,1206,4.301722956734626,5
3685,1207,4.434734834234969,4
3685,1246,4.162631124816898,3
3685,1252,4.441815678415143,4
3685,1257,4.332665237840584,5
3685,1358,4.303231068015372,5
3685,2580,4.611411660025254,5
3686,2762,4.610808844546087,5
3687,1,3.5758641673711757,5
3687,1094,3.842547498139666,5
3687,2355,3.626316385285897,5
3687,2706,2.2867209006670106,1
3688,480,4.50162162403303,4
3688,1243,3.0,5
3688,1248,4.928437914222766,5
3688,1259,4.516353263346532,5
3688,1704,4.442742163756815,5
3688,2019,4.72437058054461,5
3688,2702,3.978989788031897,4
3688,2918,4.331091973589007,4
3688,3263,4.601680859619673,5
3689,349,3.1533044888685042,4
3689,436,3.0,2
3689,608,3.3657245844746138,5
3689,671,3.0,3
3689,1042,3.3837334238442356,2
3689,1343,2.89348511876934,3
3689,1672,3.7536339982255766,3
3689,1713,2.3564325346196173,3
3689,3697,2.8576332729314067,3
3690,520,2.8012823313968083,3
3690,647,3.2065688854966057,2
3690,1573,3.271781790641916,4
3690,1604,2.0,2
3690,1701,3.0,4
3690,2106,3.0,3
3690,2504,3.0,3
3690,2676,2.5233239161527736,3
3690,3176,3.2009351114729885,4
3690,3556,3.0,3
3691,527,3.972657297205397,5
3691,648,3.716456532311598,4
3691,1200,3.796612561919526,4
3691,1214,3.884116289348651,5
3691,1610,3.789849461368504,4
3691,2879,4.0,3
3691,3052,4.027487293245631,4
3691,3300,4.3119835153553945,4
3691,3617,3.520917085901037,3
3692,3508,4.43941782159824,5
3692,3755,4.0,4
3693,477,3.0,4
3693,543,3.5257005407389745,4
3693,1086,4.29523049289284,4
3693,1186,3.985706350477715,3
3693,1663,3.7002457173947625,4
3693,2194,3.6938202768312207,4
3693,2395,3.9991087679263746,3
3693,2423,3.471852281083679,2
3693,2485,3.305794786907415,3
3693,2746,3.6774070171254998,3
3693,2917,4.167493269903132,4
3693,2947,3.8891362721755462,5
3693,3591,3.4606757141662543,3
3693,3623,3.6458946238974366,4
3695,1274,3.8454766326716143,3
3695,1277,3.0,5
3695,2450,3.7397147937519013,3
3695,3158,3.0,4
3695,3418,4.109384188620649,5
3695,3704,4.018291781433541,4
3696,6,4.008591533992928,4
3696,593,4.0468020724125155,4
3696,3543,4.538026121984906,4
3696,3812,4.434135760886993,4
3697,2858,4.513180716593476,2
3697,3699,4.553385901905906,3
3698,1126,1.8362317032354665,4
3698,1542,3.0,3
3698,1824,3.0,5
3699,3870,3.0,5
3701,1224,5.0,5
3701,2501,4.307293175774965,4
3702,1092,3.4884284412197237,2
3704,720,5.0,5
3704,1321,4.440902029190803,5
3704,1617,4.59095879799114,5
3704,3019,4.6704459125597175,5
3704,3114,4.608316177446293,3
3705,364,3.8105824934142443,4
3705,471,3.932529945745579,4
3705,924,4.114325035584758,5
3705,1104,4.404371477303878,4
3705,1196,3.9217476528323383,4
3705,1259,3.9755818124109483,4
3705,1408,3.842829822342866,4
3705,1960,4.2076709900173555,4
3705,2054,3.664171614080432,4
3705,2134,3.6491072711710446,3
3705,2247,3.888490030757113,4
3705,2463,3.804955125565921,3
3705,3089,4.311349893117823,4
3705,3168,4.009607213495847,4
3705,3200,4.167256691689911,4
3705,3263,3.675885575535938,4
3705,3424,4.166102862462621,4
3707,391,3.0,3
3709,380,3.618844899434992,5
3709,500,3.5320884808566655,4
3709,1805,3.65539272777358,4
3709,1985,1.78589497716855,1
3709,2144,3.753643970871461,5
3709,2151,3.0,1
3709,2405,3.3617225883425412,3
3709,3552,3.7302280945628024,5
3710,3208,3.99308640419947,4
3710,3869,4.322705907366698,4
3711,293,4.790069419577659,5
3711,1876,4.432405069366763,5
3711,3751,4.61707881969624,5
3712,185,3.417003586759575,3
3712,377,3.6200574252609483,4
3712,1500,3.96267706828517,3
3712,2005,3.7805120881732783,3
3712,2735,3.491103100115853,3
3712,2763,3.7791069000990936,4
3712,3461,3.0,4
3712,3868,4.055660654599958,4
3713,141,4.022744840148947,5
3713,296,4.05486438805832,3
3713,1213,4.093065379327585,4
3713,1888,4.097399864672773,4
3713,2023,4.079491573005123,3
3713,2374,3.6643932235498204,3
3713,2716,3.998600467077982,5
3713,2724,4.4497478227653176,4
3713,2763,3.8685860769424925,4
3713,2804,4.139830412970832,4
3714,3846,3.0,1
3715,57,3.0,4
3715,327,4.465099280493464,5
3715,364,4.452920493874554,5
3715,426,3.001747031012067,2
3715,2038,3.0,4
3715,2826,3.614022656213757,4
3715,2985,3.968607991190181,4
3715,3175,3.9972700756192654,4
3715,3301,4.651104249756178,5
3716,32,4.178042034219627,4
3716,260,4.0449144178666145,4
3716,368,3.8337866771487263,4
3716,410,3.6246108659712766,3
3716,416,3.0,4
3716,1021,1.7980374068673228,1
3716,1061,4.629366308024543,3
3716,1476,4.056453855192346,3
3716,2478,3.88795855213627,5
3716,2485,4.392191368266841,3
3716,2502,4.103882527630046,5
3716,2617,3.802668573991091,4
3716,2672,3.9951838342661103,4
3717,1220,3.9663558632392033,5
3717,1573,3.8777306401660896,2
3717,1834,3.860597473685914,5
3717,3249,3.76176347151762,4
3717,3421,3.977826969000777,3
3717,3424,4.052918913769132,4
3717,3543,3.947558963678882,5
3718,50,3.4660305322658203,3
3718,232,3.961087683618409,3
3718,926,4.234088112919517,4
3718,1125,3.5011892122783896,2
3718,1175,3.0,2
3718,1211,4.392219033639201,5
3718,1217,4.422264352511236,4
3718,2019,3.875898316502934,4
3718,3418,3.3401567949949436,3
3718,3751,3.2774402614473694,3
3719,2599,4.429198578342742,3
3720,34,2.9683254986610734,4
3720,208,3.511474575535921,1
3720,524,3.248353077232294,3
3720,1171,3.0,5
3720,1586,3.6463930418351294,4
3720,1733,3.0,3
3720,3723,3.0,4
3721,50,3.5675458389737416,5
3721,1298,3.3129748547168525,4
3721,2770,3.645465916240047,1
3724,3,3.628020594276971,3
3724,163,3.9690345399313487,4
3724,235,3.909703516728929,4
3724,237,3.4653355170865234,3
3724,599,3.870948532661508,4
3724,610,3.841702491863975,2
3724,719,3.3043712518538104,3
3724,1225,4.13274803214459,4
3724,1256,4.069299610867584,5
3724,1278,3.9969454361536285,5
3724,1955,3.7717566857810243,3
3724,2100,3.8078420797067043,4
3724,2336,3.9587952449164474,4
3724,2749,3.0,3
3724,3204,3.692141917132103,4
3724,3258,3.037126546462679,4
3724,3362,3.971108961223774,4
3724,3690,3.0,2
3726,173,3.1799922503942812,3
3726,737,3.1554051055833594,2
3726,786,3.350454299324347,2
3726,1037,3.466340240025811,3
3726,1200,3.7714904516564682,5
3726,1257,3.776092024321296,4
3726,1262,4.057804280177709,4
3726,1372,3.5201497331669382,3
3726,1641,4.013095567403175,5
3726,2416,3.4432599445491077,3
3726,2672,3.83927253182655,3
3726,3039,3.789515425358329,4
3726,3210,3.8405955026646916,4
3727,165,2.9651790667004736,4
3727,231,3.1504224662072207,3
3727,969,3.992073717618253,3
3727,1078,3.8319940006553583,3
3727,1287,3.9543761108527304,5
3727,2119,2.591591702610933,1
3727,2122,2.2878555601938593,1
3727,2268,3.508050293082111,4
3727,2369,3.556480786272777,2
3727,2474,3.3616561782967835,4
3727,3358,3.6186164067762645,4
3727,3431,2.5697935039792275,2
3727,3791,2.7474661477140048,2
3728,2028,4.230689010890884,5
3728,2672,3.0,3
3728,2683,3.790893836580525,4
3729,161,4.069765553856135,5
3729,288,3.9728946411808232,3
3729,346,3.0,3
3729,913,4.167327946952312,4
3729,919,4.048199333685499,3
3729,1247,4.140765569746352,5
3729,1645,4.010848965454247,4
3729,2112,4.062025167949607,2
3729,2470,3.9135007544097924,3
3729,2620,3.0,4
3729,2683,3.8429103247818555,4
3729,2700,3.9459331380152975,4
3729,3148,4.347163382996314,5
3729,3167,3.232301526305543,4
3729,3362,4.198130471423537,4
3729,3527,4.03454033978977,4
3729,3793,3.7359389132760223,5
3730,1580,3.840214370161316,4
3731,2901,2.4256508393467646,5
3731,3638,3.3936641907198615,3
3731,3663,1.0,1
3732,497,3.290535303936925,4
3732,1094,3.616535244267336,5
3732,1294,3.4832727809011215,4
3732,3836,2.5179269291314754,5
3733,2959,3.6094232507101887,5
3734,3273,4.515618152323006,4
3735,260,3.959286738677662,5
3735,1197,3.8849999800801616,5
3735,1200,3.9431449569868597,4
3735,1270,3.7945206305359265,4
3735,1857,3.0,3
3735,1954,3.8634214376620326,5
3735,2726,4.78984821446204,5
3735,3104,3.9488855696876985,4
3735,3281,3.0,2
3735,3283,3.0,4
3735,3728,3.0,4
3736,316,3.9371998556127834,4
3736,2916,4.031405983336212,4
3737,788,3.988750224767954,4
3737,1101,3.880112179367753,4
3737,2353,3.871980913160864,4
3740,508,4.408888357604953,5
3741,1213,3.7746173355762505,4
3741,2571,3.661888278413779,4
3741,2621,3.0,4
3742,6,3.9532974237990306,4
3742,32,3.9634401087917484,3
3742,785,4.047047881809728,5
3742,1200,3.974742097562514,3
3745,351,3.414306060181706,4
3745,497,3.922514283770677,4
3745,1485,3.4633736445435828,3
3745,1569,3.540182247615719,4
3745,1806,3.0,3
3745,2321,3.7226394492103627,4
3746,39,3.7260039086708896,2
3746,441,3.8679144905985856,5
3746,555,4.089603836206108,5
3746,592,4.048337936003387,3
3746,1179,4.263394036730448,1
3746,1208,4.2813072642104295,5
3746,2124,3.5674266361656377,2
3746,2405,4.014355675002705,5
3746,2470,4.060320692321931,3
3746,2746,3.512657560372392,2
3747,2336,3.5152302850550132,3
3747,3785,4.0,2
3749,357,4.025072666582729,5
3749,2490,3.254627640785495,3
3749,2599,4.454986249861606,4
3751,613,3.0,5
3751,912,3.9900414986384773,5
3751,916,4.361796760850246,3
3751,1616,3.3308489906556726,3
3751,2184,5.0,2
3751,3257,3.2481251346467035,2
3751,3436,3.0,2
3751,3689,2.0,1
3752,154,3.0,3
3752,531,3.0,3
3753,589,3.8859669782711963,5
3753,1704,3.9017313192789653,5
3753,2762,3.3849956168493915,5
3753,3552,3.858803004856653,5
3754,2369,3.8835963759958965,4
3754,2531,3.4266247228800046,3
3754,2535,3.6795512853654637,3
3754,2901,3.208641039421631,3
3754,3422,3.0,2
3754,3498,4.0,5
3755,1,4.562617227350821,5
3756,590,4.238248770095817,5
3756,802,4.103254847693366,4
3756,1092,3.895102043365707,4
3756,1193,4.3249043078875715,5
3756,1198,3.9168775873203243,5
3756,1367,4.0,3
3756,1592,3.0,3
3756,2011,4.055613102190199,4
3756,2406,4.10078535482496,3
3756,3552,4.169994328778712,4
3757,50,4.498232060028587,5
3758,1148,3.4682284062876625,4
3758,2028,3.4859494120475705,4
3759,1278,4.406559988740441,5
3759,1513,3.6279601276795357,1
3759,3210,3.9423133634478957,4
3759,3671,4.343715761026426,5
3760,353,4.0533550056969405,4
3760,1019,3.910407078685486,4
3760,1206,3.9578654455703877,4
3760,1210,3.8838429791805433,4
3760,1213,3.9337238732910778,3
3760,1287,4.040926646709241,5
3760,1333,4.136971086100074,5
3760,1589,3.81702089059142,3
3760,1953,3.958921836182102,4
3760,2064,4.0011165235226605,1
3760,2728,3.9986907137010284,4
3760,2926,3.8045985327411582,3
3760,3505,3.665197810778532,4
3761,593,4.3431938239947945,3
3761,923,4.33324973112524,4
3761,1200,4.311349360193337,5
3762,1748,2.8774921286409767,3
3762,1976,1.105122132661127,1
3762,2183,3.382176227192697,3
3762,2202,3.678446052487449,5
3762,2208,4.3021955043383056,3
3762,2364,3.0,2
3762,2513,1.8765065571868196,2
3762,2640,2.749527260625515,3
3762,2665,3.347095926278853,3
3762,2986,2.156743619344462,1
3763,353,4.109033293404169,4
3763,1220,3.9567877230310757,4
3763,1259,4.040251663564985,5
3763,1285,4.130820732148638,4
3763,2406,3.937184108428894,5
3765,3081,4.687531082817373,5
3766,413,2.3803025388294916,1
3766,587,3.201419162288111,4
3766,1457,3.5336642187367655,3
3767,2396,3.539520235687712,4
3768,161,3.6400706381587007,3
3768,163,3.3884118239090024,3
3768,762,2.7497765739272593,2
3768,1527,3.5618642361630664,4
3768,1883,3.8024077684648026,3
3768,2090,3.51311461719892,4
3768,2121,3.104957544944768,2
3768,2421,3.15715008208895,2
3768,2459,2.990068046541681,3
3768,2568,3.0,2
3768,2700,4.070318247679603,4
3768,2763,3.8617221308294303,4
3768,3219,3.767660907094596,2
3768,3526,3.7361660998470425,4
3768,3785,3.9882645903612306,4
3768,3869,2.8193217017212664,3
3768,3879,3.0,2
3769,165,4.19628923065613,4
3769,1029,4.519700202692224,4
3769,1220,4.345061549171742,5
3769,1271,4.431274393257174,5
3769,1285,4.469049499848151,5
3769,1683,3.0,5
3769,2064,4.690150479468354,5
3769,2628,4.255972990743377,4
3769,3210,4.393671619371443,5
3769,3552,4.27659172963454,3
3770,1213,4.180132333441772,5
3770,1297,4.433835290956625,3
3770,2502,4.266924996266602,4
3770,3396,4.245466034608801,3
3770,3526,4.07878238815826,3
3771,1233,3.743931746891207,3
3771,1375,3.129695170143644,4
3771,1626,1.5958531109551812,1
3771,1876,3.046053927965919,3
3771,1970,2.622132662692578,2
3771,2026,2.479038996401408,1
3771,2529,3.273890937092476,4
3771,2719,3.0311107872989704,2
3771,2903,1.5120278656897848,3
3771,2948,3.24031904565064,4
3771,3062,3.704563033049397,3
3772,1214,4.4575575498466815,5
3773,18,3.0,3
3773,223,3.4181982321755275,4
3773,367,3.586547523217674,4
3773,1513,3.504433076023578,3
3773,1953,3.9071574442770403,4
3773,2145,3.60102438405909,3
3773,2420,3.4777450454845944,4
3773,3114,3.4843471558368373,3
3773,3168,3.7533872031735886,4
3773,3690,3.7799442990707695,3
3773,3827,3.0,3
3775,2746,3.912153919569042,2
3776,2100,3.8539593825308267,4
3777,1019,3.890256658304667,5
3777,1073,3.731325634350814,4
3777,1136,3.822496936652018,5
3777,1721,3.7741683924534355,3
3777,2253,3.47852306669753,2
3777,2396,3.856935581234587,3
3777,2692,3.969235913676905,5
3777,3160,4.0000113087535345,4
3778,2,2.843266664481566,3
3778,79,3.0,2
3778,203,2.3061303588715054,1
3778,246,3.5255287516570886,5
3778,253,3.2030897371063847,3
3778,280,3.0,4
3778,490,3.318747159086315,3
3778,592,3.16882202321306,3
3778,747,1.0,1
3778,1012,2.653249962097481,3
3778,1019,2.8526620928893536,3
3778,1602,2.0,3
3778,1956,3.3136667441738585,3
3778,1996,1.7255463502437869,1
3778,2001,2.946502858000118,2
3778,2136,3.0,3
3778,2291,3.2946533627937087,3
3778,2414,2.961483302755688,3
3778,2787,2.238354720272218,2
3778,2906,3.0,3
3778,3087,2.946504179825717,3
3778,3174,2.8726467067695913,2
3778,3175,2.7883804346621632,1
3778,3427,3.0,3
3778,3524,3.1731293478961855,3
3778,3844,3.0031269076101834,2
3779,920,4.062863979807447,5
3779,3479,4.015220940543828,4
3780,1198,4.207936492982054,5
3780,1991,3.855779548173238,2
3780,2144,4.143233100705468,5
3780,2375,4.226697595884728,1
3780,2399,3.0,3
3780,3699,4.49649835858585,3
3781,62,4.762839424459806,5
3781,608,4.625316996791788,5
3782,1173,4.0,5
3782,1198,4.256792782400285,3
3784,1,4.071769932526443,5
3784,1233,4.353033443127342,2
3784,1923,4.1276432801127685,3
3785,3751,2.696814342077512,4
3785,3793,3.1359505462983375,3
3786,449,3.0,4
3786,1719,4.026860523388986,5
3786,1834,4.145997341917597,3
3789,905,4.272674563801144,4
3789,1212,4.547573253957894,5
3789,1214,4.1169246842840295,5
3789,1401,3.0,4
3789,1729,4.482680996763418,4
3790,674,4.141870704513668,2
3790,2396,4.348171548688671,3
3790,3683,4.538840458102965,5
3791,515,3.7717120954853716,4
3791,1694,3.9423771299297092,3
3791,2112,3.3007858553803406,4
3791,2976,5.0,2
3792,238,3.0,2
3792,628,4.506345455205197,4
3792,903,4.315106925923785,5
3792,919,4.247265260742629,3
3792,1259,4.329621070458401,5
3792,1466,4.469185466520106,4
3792,1517,4.190619396044699,3
3792,1616,3.62255431476848,4
3792,1676,3.724845026675208,5
3792,1911,3.3096132158236804,2
3792,2414,4.075066428266376,4
3792,2530,4.035990235463798,4
3792,2532,4.046609943852668,4
3792,2571,4.240260289337953,5
3792,2683,3.616938699144596,2
3792,2716,3.8310062391091457,5
3792,2746,3.630726879473501,2
3792,2796,3.6859662251858794,5
3792,2863,3.9989363098699617,1
3792,2886,3.0,2
3792,3263,4.1936110920782035,3
3792,3909,3.0,2
3793,69,4.282504280583987,5
3793,1541,3.0127651242150058,3
3793,2379,1.976983625941119,3
3794,2605,3.197410695532348,3
3794,2987,3.627278528583557,2
3795,858,4.510009109816903,5
3796,231,3.6407995966279745,3
3796,1228,4.422883714692889,4
3796,1263,4.354204965550128,5
3796,2795,3.7838670255597218,4
3796,3812,4.456343204730811,4
3797,1931,4.018967767293782,4
3798,296,3.8187716995837264,5
3798,3841,3.0,2
3799,1215,4.1186444467895145,5
3799,2078,4.15985718205826,5
3799,2657,4.131209786727491,1
3800,377,3.2638003406738467,3
3800,736,3.549071851383197,3
3800,2605,3.928809698146183,5
3800,2657,3.212704665971377,3
3800,2916,3.618342162364048,3
3801,1994,4.119584984072399,5
3804,306,3.0,3
3804,1394,4.438918184673297,5
3806,1984,3.100908383897106,1
3806,1997,3.2561689330154846,5
3807,60,4.0,5
3807,172,3.4371756089637575,2
3807,1336,3.0,3
3807,1345,3.998454975044154,5
3807,1388,3.738128216607044,1
3807,1981,2.349293458551582,1
3807,2100,3.915268617638767,4
3807,2461,2.5201358136233964,1
3807,2655,2.7395894174354485,1
3807,2657,4.041939375496534,5
3807,2717,3.564360434844288,3
3807,3155,3.0,5
3808,25,3.898845806777162,4
3808,66,3.0,1
3808,81,4.338371300448483,3
3808,266,3.8947589580014674,2
3808,316,3.41143630591152,4
3808,550,4.0,3
3808,606,1.2964368371479673,1
3808,662,4.0,3
3808,1101,3.568197392037526,3
3808,1271,3.6057290492729024,3
3808,1479,3.219299335575944,3
3808,1771,3.0,4
3808,1840,3.0,4
3808,1876,3.4861863200172456,3
3808,1956,3.4263528577811044,3
3808,1964,3.2360517265746265,4
3808,1991,2.3707261583021433,4
3808,2249,3.3103239639825492,4
3808,2406,3.5686457873573794,4
3808,2461,1.7765090818598805,1
3808,2902,2.861821791629525,1
3808,2916,3.7023553544806345,4
3808,2921,4.254929137560658,4
3808,2985,3.3595202498882633,5
3808,3274,3.0810753534163067,4
3808,3363,3.797656782814049,3
3808,3726,3.0,3
3809,1200,4.427163831776653,4
3809,2662,4.227473994962706,5
3810,356,4.406375260884445,4
3810,1387,4.443384858593944,5
3810,2951,4.319302655431503,4
3811,1199,3.770748724763483,4
3811,2657,3.7123633215254395,5
3811,2970,3.0,4
3812,198,3.6247778241156046,3
3812,260,3.5131512371696063,3
3812,1129,3.3938766130106646,3
3813,1276,4.698717176157699,5
3813,1748,5.0,2
3813,1953,4.68604579025585,5
3814,2002,3.1873980672016886,3
3815,2000,4.480244478754529,5
3815,2779,4.585929044554905,5
3815,3421,4.474694551963348,5
3816,852,3.8831935680969965,4
3816,933,4.291454811133835,5
3816,1030,4.230025444175169,4
3816,1101,4.052121281848905,3
3816,1378,3.953492239995037,4
3816,2947,4.072043097081736,4
3816,3599,5.0,4
3818,2598,4.214754412053096,2
3818,3175,4.0109989104508355,4
3819,267,3.0,5
3819,1544,4.145020539838268,3
3819,2414,4.163620052422509,3
3819,3253,4.266327876302874,5
3820,1198,4.630310296605473,5
3821,456,3.0,3
3821,535,3.5664052984417034,4
3821,589,3.1081284111353487,2
3821,912,3.472917637104708,5
3821,1127,2.607173597879082,1
3821,1212,4.067000177876988,4
3821,1284,4.073771156023073,5
3821,1288,2.9259689966559055,4
3821,1291,3.1046904877852626,3
3821,1816,3.0,2
3821,2062,3.0,3
3821,2144,2.774037712601398,3
3821,2302,2.8942450687879395,3
3821,2872,3.1772315538197855,2
3821,3081,2.4488509589998895,3
3821,3221,3.0,3
3821,3569,3.0,3
3821,3702,3.2693603708304235,4
3821,3753,2.769407860133464,2
3821,3897,3.136055885484279,3
3822,21,3.2675457611435723,3
3822,45,3.4894969060395136,4
3822,318,3.834583138890772,5
3822,1082,4.0,3
3822,1214,3.4820131280065043,4
3822,1358,3.8417639066060447,4
3822,3421,3.757703009328696,5
3822,3457,3.0,4
3822,3763,3.753029967210523,3
3823,268,3.0,4
3823,953,4.181777217101611,3
3823,1008,4.0,4
3823,1097,4.215024902470894,5
3823,1968,4.075506469386747,3
3823,2076,4.137542052556435,4
3823,2605,3.65520565439395,5
3823,2917,4.28096909556655,5
3823,2918,4.128714868675935,3
3823,3370,3.0,3
3824,382,2.495310820699547,2
3824,440,3.132763980282812,3
3824,551,3.344415665520903,4
3824,555,3.364219002131509,5
3824,674,3.064282898697607,3
3824,733,3.2664800176917836,3
3824,924,3.4998560891059203,3
3824,969,3.6875420257141402,4
3824,1214,3.2551670535602266,5
3824,1248,3.9046418923008916,3
3824,1249,3.4449756508926153,3
3824,1304,3.534566650089093,3
3824,1752,2.9871117076952944,3
3824,1920,3.0039167398038176,3
3824,1965,3.3529975726528307,5
3824,2034,2.994691589214493,2
3824,2069,3.515281407205857,3
3824,2139,3.3591775537210196,3
3824,2149,1.7149799681688926,1
3824,2176,3.264987726887873,3
3824,2692,3.443094471505504,4
3824,2903,2.0907805926580756,2
3824,3393,3.0,1
3824,3420,3.0,3
3824,3523,3.0,3
3824,3635,3.4721690701955157,3
3824,3668,4.0,3
3824,3692,2.543113276057923,2
3825,293,3.3995709628514437,1
3825,339,2.6987685536747934,1
3825,1089,3.565458063978737,5
3825,1206,3.6099524553789277,4
3825,1220,3.1800428124292814,5
3825,1250,3.8315290076135504,5
3825,1625,3.216480349959631,4
3825,1991,2.7750743584496895,2
3825,2111,2.167264854572512,1
3825,2734,2.6748775390677224,1
3825,2804,3.153293230026128,3
3825,3208,3.0023353312987053,2
3826,593,3.64895244002914,5
3827,800,3.1247714269002684,5
3827,1306,3.0,2
3827,1552,3.956339477209635,4
3827,1584,3.9217222558263294,5
3827,3093,3.9809917784627107,1
3827,3682,4.174311050227463,4
3828,2529,4.335501982953325,4
3828,2662,4.007957496037484,4
3828,2968,4.239531598818556,4
3829,541,3.652693192503449,4
3829,968,3.5281861055251946,5
3829,1051,3.0,2
3829,1057,4.0,2
3829,1211,4.338693233218298,2
3829,1585,3.0,2
3829,1597,3.0500653510108098,1
3829,3358,3.612864777077185,4
3829,3360,3.4997883048084963,3
3829,3848,3.0,2
3830,309,3.0,4
3830,3183,3.0,2
3830,3717,4.0,2
3830,3752,3.0,3
3831,163,3.5480282807887358,1
3831,593,3.5875715509302286,5
3831,1333,3.9470148068513566,4
3831,1704,3.6491547923458336,5
3831,2413,3.262705632440259,4
3832,581,4.0,4
3832,1997,4.73765802610273,4
3832,3328,4.507000883459081,5
3833,1291,3.6017520510148993,5
3833,2334,4.213417193449934,4
3833,3450,3.2637502619461585,2
3834,10,4.539349889495829,4
3834,135,4.324641980063585,4
3834,317,4.5304700895188885,5
3834,329,4.3436286473233325,5
3834,546,3.993309643385643,4
3834,1028,4.359389443147962,4
3834,1367,4.0,4
3834,1494,3.0,3
3834,1729,4.685744485030866,3
3834,1907,4.146462052761607,5
3834,2005,4.4506301569656666,5
3834,2382,4.584644417735682,5
3834,2550,5.0,3
3834,2761,4.8055260960461785,4
3834,3253,4.582840899289874,5
3834,3499,4.675640820696532,4
3835,2529,4.2629582733011135,4
3835,3578,4.706047731047082,5
3836,48,2.793885443990471,2
3836,208,3.6942999439654485,1
3836,356,4.015495786703409,5
3836,377,3.4597014344706474,4
3836,806,3.0,3
3836,1240,3.874471540906658,5
3836,1410,3.0,3
3836,2243,4.302524885643742,3
3836,2367,3.195724242443507,2
3836,2414,4.057767308245084,2
3836,2436,3.0,3
3836,2506,3.0,4
3836,3249,3.788892264090285,2
3836,3811,3.937592529538594,1
3837,858,4.08594657124628,5
3837,1060,3.6160800870705425,4
3837,3809,3.8029374789640875,4
3839,2840,4.0,1
3840,1073,4.2665857177524895,5
3840,1265,4.2121694101221605,5
3840,3911,4.726881972509688,1
3841,6,3.6524466833195346,2
3841,291,3.0,4
3841,593,3.7064367387042756,5
3841,733,3.3376619365753397,2
3841,750,4.02048317563365,5
3841,891,2.2366389107542144,3
3841,958,3.0,4
3841,1069,3.843119841621554,3
3841,1175,4.007714596300905,3
3841,1179,4.034211199258774,5
3841,1212,4.305213665573313,5
3841,1293,3.7179139099194156,2
3841,1445,3.0139080339289688,1
3841,1513,2.87103455580133,2
3841,1639,3.2787141284743098,2
3841,1805,3.493575030013981,4
3841,1959,3.196685264409006,3
3841,1991,3.008320033539351,3
3841,2053,2.5081489832427364,3
3841,2076,3.82132624937376,5
3841,2118,3.724502741680312,5
3841,2210,3.7964120655498053,4
3841,2940,3.5078101182164745,3
3841,3272,3.9968909539972044,3
3841,3301,2.5913556190157956,3
3841,3311,3.713834851629288,4
3841,3372,3.52351419912915,4
3841,3528,2.707378631479421,1
3841,3686,3.2741619316790813,2
3842,512,2.6056499505814146,3
3842,514,4.251437093074184,5
3842,539,3.6459548436852027,2
3842,921,4.234028161394052,5
3842,1219,4.051436916101267,5
3842,1222,3.7615640708582423,2
3842,1257,3.8068481030393095,4
3842,1464,4.0,3
3842,1983,2.9669182075753464,3
3842,2144,3.9637109032422115,5
3842,2247,4.400167145396247,5
3842,2295,3.0,5
3842,2455,3.559332908964939,4
3842,2458,2.1613598834003933,5
3842,2612,3.0,5
3842,2723,3.5073387272356533,4
3842,2739,3.9808429632688047,4
3842,2968,3.955330434882327,4
3842,3088,4.0131013205093,5
3843,231,2.7764338552695773,3
3843,788,3.265454177127872,4
3843,1042,2.754644210861128,4
3843,1617,3.3291804117451815,1
3843,2572,3.632954828534839,4
3843,2858,2.744329681984082,1
3844,1342,4.111639052580664,5
3844,2713,4.28384756011829,2
3845,480,4.034724133946037,2
3846,2918,4.005936390155896,4
3846,2926,4.360250802572506,4
3847,266,3.0982332714176297,3
3847,318,3.0966379530304287,3
3847,1059,2.865141006145637,1
3847,1721,3.019317424825396,3
3847,2060,2.1401979751356763,3
3847,2105,2.9006054446139715,3
3847,2140,3.0371502910850303,3
3847,2719,2.752775364002995,1
3848,1213,4.692307466190185,5
3849,2942,3.0,4
3850,230,4.185137978590604,3
3850,471,4.283918109414414,4
3850,2334,3.509986624801575,3
3850,2599,4.0874347579776,5
3850,3499,4.164802708457949,2
3851,1093,3.923253620567663,3
3851,2723,3.3800268498016934,2
3851,2826,3.3165173241943346,3
3851,2959,3.3105672335797753,4
3853,112,4.261705234770229,4
3853,329,4.2074948074853,4
3853,367,4.4456025805342785,5
3853,1073,4.561695829022311,5
3853,1200,4.443206635608861,5
3853,1307,4.62542477731316,4
3853,1754,4.028651453800806,5
3853,2406,4.4400483026749,4
3853,2735,4.092144668314354,2
3853,3555,4.257751204230163,4
3853,3917,3.0,5
3854,150,4.281816334339959,4
3854,1259,4.207093533922006,4
3854,3298,4.0,4
3855,32,3.9052710957919725,4
3855,1372,3.579604784971524,4
3855,1653,3.8946358785180806,4
3855,2278,3.9877483777672915,2
3856,3153,4.096588091319863,5
3856,3664,3.0,1
3856,3809,4.487763580081526,5
3856,3844,3.0,5
3858,919,4.291838866072943,5
3858,1683,4.663095932093154,4
3858,3668,5.0,5
3858,3704,4.036263557533728,3
3859,104,3.6090982804755978,4
3859,292,3.609951841762985,3
3859,464,3.4505734537075963,3
3859,1015,3.0,3
3859,1411,3.659475580609062,3
3859,1862,3.278835785335076,3
3859,2278,3.71124489301424,4
3859,2640,3.575683310961502,3
3859,3702,3.8232142789413235,4
3860,466,3.87777331156834,3
3860,1253,3.2509557480237823,4
3860,2067,4.06651592057813,4
3860,2712,4.30515689248882,4
3861,2571,4.300049724213962,4
3862,1265,4.086075788700883,2
3862,1641,4.1879053490255576,4
3862,1673,4.048351527653458,1
3864,1084,4.788794985988654,5
3864,1256,4.93697620666981,5
3864,1269,4.854968244996117,5
3864,1927,5.0,5
3864,3088,4.857016352086429,5
3866,296,3.8228786419799143,3
3866,1422,4.052826146470625,4
3866,3044,4.023276502371278,4
3867,610,4.003006352107084,3
3867,2968,4.36839714876428,3
3868,356,3.671545146332782,5
3868,450,3.372637713455662,5
3868,1363,3.0,3
3868,1518,3.2795780233262164,4
3868,1729,4.022201063764673,5
3868,2321,3.5487853769614017,3
3868,2393,3.228225136029549,3
3868,2671,3.5075433852777755,3
3868,3156,3.0,3
3870,3081,2.818535011025647,4
3870,3147,2.7310425967152456,4
3872,356,4.560000279170479,5
3872,3081,4.686199025241575,4
3873,19,3.52102909029015,1
3873,1693,3.0,2
3873,2085,4.684326367927648,5
3873,2748,3.0,2
3874,1220,4.168378280015967,5
3877,922,5.0,4
3877,2111,3.0,3
3877,3077,3.0,5
3878,141,4.054399773325889,4
3878,223,4.109907082744242,2
3878,639,3.0,3
3878,785,4.120719403082863,3
3878,969,4.418372360566503,5
3878,1037,3.7891326582614955,3
3878,3769,4.0,4
3880,1961,3.6331044775894155,4
3880,2550,3.0,1
3880,2804,3.4489764138864185,4
3881,1,3.6095009737887254,3
3881,104,3.9946881304848096,5
3881,471,3.9001355138382454,3
3881,2124,4.0381050031142305,3
3882,1357,4.084567199445823,4
3882,1500,4.0024876776520655,3
3882,2000,3.8914196749908467,3
3884,235,3.0961236488579282,2
3884,293,2.9232626850084604,3
3884,461,3.0,5
3884,994,2.809766235700151,5
3884,1060,3.0613022588276713,2
3884,1244,3.719342152823139,5
3884,1246,2.692279204545721,3
3884,1291,2.6423769910646246,2
3884,1784,2.7276706939721023,1
3884,1824,3.0,2
3884,1952,3.5805669743897286,3
3884,2124,2.7206540479414536,3
3884,2150,2.983875552828759,4
3884,2245,2.561471593571223,4
3884,2310,3.0,3
3884,2571,2.759935824191531,1
3884,2690,2.0,3
3884,2867,2.404263862544904,2
3884,2882,3.0,1
3884,2926,3.2032539333563896,4
3884,3033,2.7816297216684758,4
3884,3095,3.549739897728555,2
3884,3481,3.0968499774064213,3
3885,480,3.55914375673252,2
3885,1264,4.0,3
3885,1297,3.6660314097480557,5
3885,1310,3.0,4
3885,2476,4.201414556339612,4
3885,2612,3.0,4
3885,2641,3.4243025554248603,3
3885,2668,3.13074813294502,1
3885,3548,3.0,4
3886,260,3.803828346299169,5
3886,364,4.0125354459725955,4
3886,1371,3.5737532680710653,3
3887,11,3.7302984589783024,5
3887,407,3.0,3
3887,2701,3.305717596915808,1
3887,2908,4.396606382354672,4
3887,3615,3.0,4
3888,3188,3.0,5
3889,154,3.0,4
3889,722,3.0,4
3889,1333,4.648358439658215,4
3891,296,3.888474009223815,5
3891,307,5.0,5
3891,425,3.0,5
3891,1177,3.0,5
3892,235,3.677584952849295,5
3892,434,3.165194842278216,2
3892,590,3.7244833631144783,3
3892,899,4.393656548569853,5
3892,912,4.221851135448333,5
3892,913,4.3648229630327595,5
3892,1183,3.861502315376385,4
3892,1584,3.5259916818313264,3
3892,1670,3.0,4
3892,1711,3.600964578881264,3
3892,1884,3.49124719325975,2
3892,1912,3.6239446007167766,2
3892,1939,4.62071261805192,4
3892,2102,4.0,4
3893,2175,3.0,3
3893,3593,3.0,1
3893,3646,3.0,3
3894,1081,4.311064671027472,5
3894,1148,4.262621968383315,5
3894,1233,3.8730668910573534,4
3894,1270,4.075272588731402,4
3894,2333,4.075304139904587,4
3894,2987,4.093163356957628,5
3894,3342,3.0,5
3895,1393,3.320340868427698,3
3895,2801,4.0,4
3896,70,3.5983181714885246,4
3896,546,2.57711738663503,1
3896,1591,3.0219926161413526,4
3896,3708,3.462433576361932,3
3897,648,4.433367670953305,3
3897,2013,4.008572145325421,2
3898,924,3.9585356126576148,4
3898,1956,3.8945327020444584,4
3898,2670,3.0,4
3899,2598,3.7041474743180807,2
3899,3793,3.792303850117634,3
3900,10,4.054267129278395,5
3900,144,3.0,3
3900,169,3.0,4
3900,590,4.170479364786782,5
3900,852,4.074534301448669,4
3900,1126,3.3965145629947577,3
3900,1441,4.025238253602557,3
3900,2050,2.7248506642887635,4
3900,2111,3.6064338780179157,2
3900,2641,3.986418394737191,4
3900,3189,3.0,4
3900,3512,3.0,4
3901,673,4.0,3
3901,2001,3.70037274868027,3
3902,172,4.910557835831073,5
3902,1438,5.0,5
3902,2322,4.900926534679833,5
3902,2363,4.82047132777029,5
3902,2411,5.0,5
3902,2476,5.0,5
3902,2642,4.9348647563020345,5
3903,1387,3.5918526889974722,5
3904,1387,4.1783552348536,3
3904,2000,4.15677273694595,4
3906,1220,3.777692720417145,4
3906,1275,3.758269260259443,3
3907,1884,3.0350112269610006,1
3908,1387,3.8387183320464575,3
3908,1484,3.0,5
3908,3816,3.0,3
3908,3822,3.0,5
3910,457,3.655018765635569,5
3910,1080,4.1661562262632135,3
3910,1240,3.718431832033216,4
3910,1301,4.037117336634478,5
3910,1597,3.298203905818754,4
3910,1610,3.610900053207785,4
3910,2334,2.761246584196667,2
3910,2529,3.3734819684525053,4
3912,260,4.566075400049991,5
3912,3365,4.616061757889989,5
3913,366,3.0,4
3913,1073,3.9178828636125163,3
3913,1500,3.815759397315653,4
3913,1892,3.2094404249402158,3
3913,2396,3.9059623339563867,5
3913,3499,3.9285690016998456,4
3915,2712,3.793071857929906,2
3916,293,4.315219243319552,5
3916,541,4.3578578165167565,5
3916,946,3.0,4
3916,1079,4.399555664046173,5
3916,1179,4.737510581264012,4
3916,1224,4.746682924764627,5
3916,1371,3.7427190036493205,4
3916,1394,4.370690239868191,5
3916,1777,3.838808670121231,4
3916,1824,3.0,4
3916,2003,3.9071636424071916,3
3916,2105,3.7921313271312926,4
3916,2333,4.819583660582253,5
3916,2371,4.0734025466520905,5
3916,2395,4.503641979818521,5
3916,2628,3.9829921426804296,3
3916,2918,4.125111414219589,5
3916,3142,3.0,5
3916,3148,4.59587408669642,4
3916,3276,3.0,4
3917,593,3.716449401417865,5
3917,1358,3.8696426370559927,3
3917,1732,3.6854912052436766,4
3917,2917,5.0,2
3919,1197,3.9420084338013655,5
3919,3638,4.140928674402158,4
3920,1513,4.0150362744809325,4
3920,2699,4.175321200796701,3
3920,3702,4.566311242570562,5
3922,32,3.2483275474239006,4
3922,493,3.0,4
3922,529,3.532147870263919,4
3922,543,3.0782049613648907,2
3922,1580,3.1974043692850596,2
3922,2918,2.730754244682507,3
3923,2009,4.043973509781645,5
3923,3814,5.0,4
3924,2762,4.028704353101209,5
3924,3163,3.0,2
3924,3551,4.387895540806643,3
3925,1206,4.787378114051206,5
3926,761,3.0,2
3926,3638,4.423573862949011,4
3926,3844,4.0,4
3927,459,3.0,3
3927,1343,3.8826443210275756,4
3929,318,3.73850566076551,5
3929,356,3.5975482845346543,5
3929,1135,3.4011899602428897,3
3929,1171,3.9754790432178626,4
3929,1358,3.8802901858968735,4
3929,1617,3.781222404858911,3
3929,1967,3.2033318836682056,2
3929,2002,3.3516564178431865,3
3929,2420,3.4707704513374606,3
3929,2756,3.0,4
3929,2950,2.868769927911248,2
3929,2986,2.9632103299520844,2
3929,3438,3.096044671177818,2
3929,3441,3.4232297877564366,4
3929,3703,3.6275674073052784,4
3930,199,3.0,5
3930,260,4.282851179416655,5
3930,3035,4.586101073463437,5
3930,3101,4.231291352386292,3
3931,265,3.709071328212802,3
3931,971,3.787092664320907,5
3931,1097,3.6730813038640977,3
3931,3752,3.65699579493306,4
3931,3824,3.0,3
3932,1278,3.331282650693982,4
3933,260,4.012198872537496,5
3934,7,2.7249998679500216,2
3934,253,2.9173386205525196,3
3934,420,2.4501958601968847,2
3934,637,2.415713603760993,2
3934,904,3.4341101526135214,5
3934,1193,3.3781052109390584,4
3934,1267,3.7719366063206694,3
3934,1372,3.0249598051081605,5
3934,1485,2.7829049363993947,3
3934,2044,3.0,3
3934,2255,3.0,2
3934,2414,3.2577561525908907,3
3934,2496,2.568525750395029,3
3934,2528,3.1049063795959118,2
3934,2641,2.89810303351326,3
3934,2802,2.5933783790371527,3
3934,3044,3.236761519863107,3
3934,3255,2.9704255041397616,2
3934,3396,3.114496736408948,5
3935,34,3.9325334146798783,4
3935,431,4.66473934919305,3
3935,1034,3.0,3
3935,3752,2.508562031267587,1
3935,3791,3.2817489610557162,4
3935,3835,3.0,3
3936,994,4.334958160753577,5
3938,43,3.0,4
3938,1201,4.527025988467317,5
3938,2922,4.45872143144782,3
3938,3494,4.44952763618522,4
3939,1900,3.0,3
3940,196,3.057313002287574,3
3940,230,3.369485096479006,2
3940,592,3.763031546946183,4
3940,1027,2.5630547099233354,3
3940,1188,4.2561228834381994,5
3940,2291,3.8505837408234993,4
3940,2410,3.282242334186981,3
3940,2481,3.0,3
3940,2929,3.9995816698967714,5
3940,2987,3.8834783968787567,4
3940,3256,3.7600835335983303,2
3940,3578,3.8440828012596424,3
3941,742,2.5285916174430003,3
3941,1653,3.2562760466272604,2
3941,2167,3.3772849638545956,4
3942,969,3.348739783172906,3
3942,1101,2.7583458085621735,2
3942,1197,3.0870770901284925,3
3942,1552,2.7399308751644624,1
3942,1623,3.0,1
3942,1711,3.1327921416396065,3
3942,1983,2.2571600421241764,3
3942,2043,2.4814967713836777,2
3942,2410,2.407464657052133,2
3942,2571,3.028833083849517,4
3942,2784,2.9717671047847096,2
3942,2787,2.672398441805806,3
3942,2898,2.0,3
3942,2915,3.188913014695968,3
3943,1747,4.375547598754463,5
3943,3253,4.346467767072825,2
3943,3675,3.0,4
3944,1213,3.799990364315957,5
3944,2915,3.702307248152542,4
3945,208,3.440157828742948,3
3945,265,4.232823520463215,3
3945,909,4.276351138366618,5
3945,1136,3.9333792883520617,2
3945,1307,3.858788592628544,5
3945,2067,4.215389252149602,3
3945,2116,3.5387817067552376,2
3945,2132,4.4661335121046655,5
3945,2133,3.489772832794886,2
3945,2504,3.0,3
3945,2574,3.0,3
3946,1569,3.9862261714295433,3
3946,1961,3.95996163279728,5
3946,2161,4.047698157745283,5
3946,2416,3.8768248471955276,3
3946,3752,2.789934260992241,3
3947,480,4.329289669066018,5
3947,608,4.400437803149171,5
3947,1584,4.294919896809273,3
3948,348,3.6408971292155687,2
3948,1294,3.3723306170163276,2
3948,2750,2.814100572200802,5
3948,2923,3.0,3
3949,2890,4.102710021810514,3
3950,180,3.6985495586396593,5
3951,356,4.082746512909342,5
3951,3489,3.8117043350409423,2
3953,1201,3.9172030338079873,5
3953,2376,3.4628512243572747,4
3953,2643,2.7243366412795034,1
3953,2947,3.870505732890002,4
3954,2986,3.296861993573597,2
3955,292,3.6955162303990017,4
3955,908,4.4888766393927995,5
3955,1722,3.764120760718835,5
3955,3793,3.7483427343054747,4
3957,1100,3.8888953942483697,4
3957,1358,4.456368946188693,4
3957,2001,3.7537645845759298,3
3957,2410,4.077812256311502,4
3958,588,4.011272572520664,5
3958,1672,4.127423999212533,4
3958,3763,4.388521045756571,5
3960,480,4.116553269178529,3
3961,196,2.7536386881955024,3
3961,1320,3.0252110661576035,2
3961,1882,2.430384817159245,2
3961,2668,3.4986054788449295,2
3961,2997,4.18191202324056,5
3962,1375,3.9209188527073144,4
3963,912,4.2306267379391596,5
3963,913,4.3531981050964275,5
3963,922,4.25106119865538,3
3963,1219,4.2060249425931255,5
3963,1580,3.991602637723472,3
3963,1935,3.9905646310809986,4
3963,1968,3.944466389925473,4
3963,2080,4.132217705104172,3
3963,2539,4.027210309227405,5
3963,2699,3.6512345202406995,4
3963,2883,3.0,4
3963,2948,4.000673123210761,4
3963,3155,3.0,3
3963,3789,3.0,5
3964,1272,3.736414570416666,5
3964,1952,3.830979409183415,3
3965,454,4.213055661964313,4
3965,487,3.0,3
3965,2247,3.0,3
3965,2722,3.3540084731987774,3
3965,3005,3.030990252537575,4
3965,3441,4.166521204398003,4
3966,1196,4.180056797672942,4
3967,141,2.4023932718219885,2
3967,362,3.0,2
3967,477,3.0,3
3967,919,3.2826805117343216,4
3967,1021,2.033808470669895,1
3967,2142,2.250043316010459,3
3967,2268,3.097908303805032,3
3967,2369,2.418247722273926,2
3967,2449,3.0,2
3967,2791,2.693299309000997,3
3967,2857,2.6462591229154966,3
3967,3147,2.839143120590094,5
3967,3418,3.279997468663769,2
3968,1391,3.4588918939930084,4
3969,2190,3.0,2
3970,780,3.4591312065901785,3
3970,1097,3.4762710196761795,4
3970,1672,3.589522440237809,4
3970,2153,3.0,1
3970,2329,3.6386847605773682,5
3971,195,3.224717124286734,4
3971,222,3.6302600237052687,4
3971,296,3.6631462845642715,4
3971,1285,3.601131959784512,4
3971,1587,3.437505147941043,3
3971,2302,3.6315927192713002,4
3971,2915,3.6563822556837766,3
3971,3254,3.5990048036641555,3
3973,3793,3.682062085693524,4
3973,3809,4.253324993949842,4
3974,3070,3.4659028039875945,4
3975,246,4.359028699874699,4
3975,1090,3.835800808167013,4
3975,2294,3.6704285990214336,4
3975,3210,3.408167432747587,3
3975,3763,3.966319063816137,3
3976,1127,3.659896278212563,3
3976,1704,4.176320015080512,5
3976,2008,3.0,2
3976,2428,3.0,2
3976,2762,3.566789395480582,5
3976,2840,2.7745390269848946,3
3976,2841,3.3802003847307067,3
3976,3115,3.0,2
3976,3260,4.040265694876766,5
3976,3752,1.989043119441335,3
3977,296,4.018647698828314,4
3978,480,4.435746845995253,4
3978,1233,4.629633417259066,5
3978,1982,4.221651136715455,4
3978,2097,4.0,5
3978,2762,4.304338962362697,5
3978,3101,4.5332334985623435,5
3978,3102,4.689090819027235,5
3978,3766,3.0,4
3979,552,4.80488408041125,4
3979,1033,4.836492955625445,5
3979,1414,3.0,5
3980,799,2.8795963676557452,4
3981,21,3.5266316858325157,2
3981,415,3.0,3
3981,1235,3.90952554137893,4
3981,1258,3.7947147785465813,3
3981,1956,3.755033087707152,4
3981,1964,3.969705388501561,3
3982,1204,3.38526119498446,5
3982,1393,3.6056086940959435,4
3983,1299,3.809758462583456,4
3983,1409,3.6788242542554315,2
3983,3016,3.0,3
3984,303,3.7673782261007354,2
3984,356,3.749359861135758,5
3985,150,3.920586196478447,4
3985,457,3.893781779866543,4
3985,1500,3.8907753549509905,4
3985,1669,3.0,4
3985,1961,3.9842420800035265,4
3985,2171,3.0,4
3985,2247,3.0,4
3985,2431,3.4937384700081973,1
3985,2677,3.0,3
3985,3481,3.8944077969392707,4
3986,2858,3.8943019122105995,5
3987,2987,3.3488927700474957,4
3987,3325,3.0,2
3987,3408,3.3478589933979563,4
3987,3785,3.786134314424147,4
3988,1167,3.0,2
3988,2395,4.163219501076727,4
3988,3690,3.0,4
3988,3712,4.019356260843989,3
3988,3791,4.190312207351071,4
3989,586,3.9179471987263583,3
3989,587,4.077235220079102,4
3989,1246,4.249203685915013,5
3989,1291,4.111489469160002,4
3989,1300,4.0,5
3989,2973,4.671789718785819,4
3989,3125,3.0,4
3989,3543,4.546056456291369,5
3989,3717,4.0,4
3990,3751,4.434238942925195,4
3992,107,4.0,4
3992,339,3.9745111550627903,4
3992,434,3.948722838242655,4
3992,589,3.9495219682579226,5
3992,1320,3.7733007408542343,4
3992,1339,3.886691913567193,3
3992,1391,3.690370035462457,2
3992,1592,3.0,2
3992,1722,4.01220466631741,4
3992,2082,3.810315458893717,4
3992,2302,3.9535371447268197,4
3992,2450,3.8494729477391747,3
3992,3704,4.003262980175334,4
3993,293,3.166501503256263,4
3993,1197,2.982176096252862,3
3993,1371,2.8679255723914148,2
3993,1449,3.7705088249594207,5
3993,2003,2.993644693693997,3
3993,2616,2.931685632380865,2
3993,3098,2.9202003425857717,2
3994,1,4.1657812971646155,3
3994,1104,4.168894164140691,4
3994,3088,4.27326624082435,3
3995,1625,3.659596170203681,2
3995,2353,3.7563415415986094,5
3995,2407,3.6291698876445753,4
3995,2455,3.703633047460947,4
3995,3418,3.759812479970482,4
3996,260,4.425630597254424,5
3996,1918,4.247340106749355,5
3997,832,3.758439215593835,2
3997,1894,3.8380196976083387,4
3997,2019,4.117467474660099,2
3997,2170,3.0,4
3997,2916,3.913206242773184,5
3997,3208,3.1610359171616755,5
3997,3846,3.0,5
3998,1019,3.6876948159853264,3
3998,1240,3.7018344604445788,5
3998,2117,3.87164939693145,5
3999,2,3.626169697248369,3
3999,70,3.6821423561966142,1
3999,165,3.459101180724042,5
3999,253,3.675855046035175,4
3999,438,3.0,3
3999,544,2.6879001130096674,2
3999,586,3.6376925382620544,4
3999,611,2.3417104905952093,2
3999,1037,3.5942780285862166,2
3999,1061,3.8264440879961357,4
3999,1267,3.988945525142343,4
3999,1342,2.7002694390426454,1
3999,1347,3.3271754723564357,5
3999,1476,3.6403173123766828,3
3999,1499,2.9642153635317308,3
3999,1591,3.5233233970683457,2
3999,1885,3.608524765820815,2
3999,1958,3.6103716165943363,3
3999,1971,2.749035171117726,2
3999,1983,2.233394557962304,2
3999,2374,3.279588738112562,1
3999,2389,3.322719473247889,1
3999,2644,3.5285928197595275,4
3999,2791,3.6126156762932236,4
3999,2806,3.0,3
3999,2817,1.0,1
3999,2942,3.682487605091145,3
3999,3262,1.0,1
3999,3479,3.7382831576909985,5
3999,3685,3.917701712300559,3
3999,3715,3.0,2
3999,3730,3.7798853095661915,2
4000,3476,4.329262320519287,2
4001,224,4.76280226927471,3
4001,412,4.0,5
4001,724,2.965849199706437,4
4001,785,3.368160797949195,5
4001,1517,3.5718241848965846,3
4001,1959,3.3150906224262715,3
4001,1994,3.7217632346570504,5
4001,2431,4.234009120309099,3
4001,3175,3.6490701444855898,5
4002,60,3.0,2
4002,2028,3.756429170745983,5
4003,540,3.0,2
4003,2186,3.912141295242567,3
4003,3624,3.0,4
4004,292,3.001289298294602,3
4004,2628,2.285058649842917,1
4005,50,4.130598106861468,4
4005,1220,4.102706075215943,5
4005,1240,4.138749288208873,5
4005,1704,4.071281042765651,4
4005,1805,4.230206452164335,4
4005,2622,4.0,2
4005,3299,3.0,3
4005,3526,3.9617701712773226,3
4006,1220,3.84935710278312,3
4006,1276,3.784224890408395,4
4006,1573,3.8096060210954255,4
4006,2009,3.7392587933770556,4
4006,2948,3.8858994096995465,3
4006,3704,3.7925336422932876,3
4007,316,3.092655024884968,3
4007,611,2.0,1
4007,1259,3.380820262747909,3
4007,1272,3.59681618850384,5
4007,1438,2.0169154577984667,2
4007,1562,2.436630941576219,1
4007,2455,3.302343800228498,3
4007,2524,2.3072647784986358,2
4007,2549,2.0,1
4007,3035,3.5488155516941546,3
4007,3267,3.5206663150666926,2
4007,3697,3.0489417936159913,1
4008,3623,3.464757728024804,4
4008,3743,3.0,2
4008,3784,3.0,1
4009,177,2.4098730881747166,1
4009,1978,2.786476282937792,3
4009,2026,2.3516263041494496,2
4009,2793,2.9254890405473803,2
4011,541,2.8025559690468613,4
4011,3676,3.0,3
4012,3617,3.027889447868049,1
4012,3747,3.0,1
4013,17,3.470346276142499,4
4013,315,1.5687508282326208,2
4013,1866,1.0,1
4013,2174,2.859987955422386,2
4013,2882,3.0,3
4013,3527,3.261939903471194,3
4014,12,4.0,3
4014,19,3.8143262218489533,4
4014,1863,3.0,4
4015,110,3.8796056757274733,5
4015,933,4.092152624056507,3
4015,1285,3.7808064196914044,1
4016,535,2.820406316113426,3
4016,1266,3.3416502890889173,2
4016,1375,3.2078676138523448,3
4016,1411,4.0,3
4016,1704,3.3821886869132536,4
4016,2926,3.040748653743747,2
4016,3098,3.2991831956713864,2
4016,3130,3.0,2
4016,3388,2.7347999233326226,1
4016,3418,3.3632728564231305,5
4016,3498,3.0597150059408134,4
4016,3675,3.909517742777205,3
4017,1230,5.0,4
4018,2370,3.0,3
4019,951,3.9924111930025385,4
4020,673,3.330691798865183,3
4021,548,3.153952064660151,3
4021,933,4.664015976720482,4
4021,1260,4.825921955097734,5
4021,1262,4.255870730103578,5
4021,1284,4.729741230073407,5
4021,1479,3.5741751987105355,2
4021,1499,3.401616332839046,3
4021,1744,3.0,4
4021,2013,3.7851052589944474,1
4021,2518,3.8553124033408186,4
4021,2665,4.4027985348001515,4
4021,2735,3.685889364041632,3
4021,2748,3.0,2
4021,2751,3.0,4
4021,2901,3.7913377160767165,3
4021,3137,3.0,3
4021,3432,3.3276860789012725,3
4021,3467,4.4414106083924425,5
4022,610,3.340598058503198,3
4022,1126,2.582685686901853,2
4022,1396,3.3465913001874297,3
4022,1676,3.173746991933634,4
4022,1690,3.040967771711441,2
4022,2807,3.0,2
4022,2871,3.4978340376126034,4
4022,3267,3.5532354080016204,3
4022,3698,3.281743544655962,3
4023,3671,3.272329033435515,4
4024,924,4.58533251732146,5
4024,1127,3.4228439287330477,4
4024,1230,4.641573504673498,5
4024,2311,4.181931427041507,3
4024,2369,4.276029629163946,3
4024,2826,3.0614892792294808,2
4024,3250,3.0,4
4024,3251,3.0,3
4026,466,3.4711384590299827,3
4026,914,4.01779778065021,4
4026,1093,3.8756414763630778,3
4026,1246,3.6366598768194907,3
4026,2355,3.5762288778399567,3
4026,2712,3.938572736369673,3
4026,3114,3.4024417802164155,3
4027,1199,4.7134497179663075,5
4027,1200,4.689879140829821,5
4027,2692,4.673523294639809,5
4028,427,3.0,1
4028,482,3.0,5
4028,485,4.10831720326597,4
4028,1080,3.831487079171079,5
4028,1234,3.596745150493976,4
4028,1379,4.316774397935531,1
4028,2111,4.069899958174088,5
4028,2539,4.050941406855963,5
4028,2935,1.0,1
4028,3235,3.0,5
4028,3263,4.126505164573926,5
4029,901,4.093063578787576,3
4029,2109,4.245525133587244,4
4030,2335,3.8382792401849373,4
4030,2420,3.325597649886313,2
4030,3444,4.0,4
4031,70,4.224938660820948,4
4031,1130,4.179363720776622,3
4031,2664,4.332604696197594,4
4032,1240,4.479583646861986,5
4032,2028,4.400935069921477,5
4032,2366,3.5853089550088133,4
4032,2735,4.45771838008177,3
4033,151,4.514598386104981,3
4033,539,4.230421050051701,4
4033,802,4.2880442663468745,4
4033,1222,4.351773195665626,4
4033,2023,4.322826584859034,4
4033,2028,4.3138439246859,5
4033,2396,4.444895754180254,5
4033,2598,4.296888691609125,2
4033,2617,3.9787121440101334,4
4033,2717,3.9696258564158766,4
4033,2763,4.139177205536406,4
4033,2860,3.0,3
4033,3706,4.257272311753815,4
4034,1090,4.4340982230970045,5
4034,1193,4.471245874653941,3
4034,1247,4.5272907124051525,4
4034,1276,4.526365203496816,5
4034,3041,3.0,1
4035,780,4.079515609861608,4
4035,2717,4.197440018342651,2
4036,419,3.0,2
4036,2142,1.0,3
4037,2731,3.0,4
4037,2948,3.0,3
4037,3788,4.0,4
4038,1247,4.075698879351991,4
4039,3744,3.6389587692517273,3
4040,379,2.6643044511242135,2
4040,541,3.3568933731697075,5
4040,1257,3.049392124499426,4
4040,1785,3.5002984586555184,4
4040,2002,3.0634148255816465,4
4040,2027,3.0,2
4040,2028,3.6996871240904867,4
4040,3274,2.7809649901549536,2
4041,453,3.0,3
4041,799,3.015847200996856,4
4041,919,3.924070490589294,4
4041,1073,3.823710980547843,4
4041,1127,3.7145684359007465,4
4041,1129,3.757147614802893,5
4041,1259,3.845015899380024,4
4041,1439,3.0,3
4041,1603,3.3156445976635722,3
4041,1640,3.0,4
4041,1831,3.600012148873021,2
4041,1911,3.5037008402762853,3
4041,1986,2.4358707882665103,3
4041,2159,4.329141997325552,3
4041,2253,3.643966918916509,5
4041,2320,3.4989560467489302,4
4041,2416,3.6470582704140324,4
4041,2513,3.6040088260327856,3
4041,2599,3.7068785523356427,4
4041,2692,3.923927493211402,5
4041,3477,3.519066917752051,3
4041,3491,3.0,2
4041,3660,2.9647229941232096,3
4041,3740,3.8259404058033115,3
4042,553,3.6216978968445677,3
4042,1186,3.743729344067899,4
4042,1188,4.255433595867013,4
4042,1949,3.0,4
4042,2700,3.7488416728911407,4
4042,2808,2.8196551685077105,3
4042,3361,3.6492816220223823,4
4042,3745,3.8528830492957233,3
4043,474,3.951355677528708,4
4043,780,3.7836474677792196,4
4043,2822,3.0,3
4044,1172,4.306254051918991,5
4044,2188,3.0,5
4044,2975,3.0,5
4045,3808,3.0,4
4046,541,4.0,4
4046,3461,3.0,4
4048,368,3.810487189167105,5
4048,374,3.5582642559228495,3
4048,589,3.874454622655474,3
4048,736,3.8794419245221925,5
4048,1022,4.296845028694963,5
4048,1085,5.0,5
4048,1307,3.6488503756054884,4
4048,1500,3.8849804994582082,2
4048,1959,4.014386889901194,3
4048,2003,3.7709484217323164,1
4048,2450,3.7705883701502194,4
4048,2694,2.236960619045924,2
4048,2987,3.971008851852947,2
4048,3100,3.8889090802718593,2
4048,3194,4.0,4
4048,3360,3.983337595921031,4
4049,110,3.6859568723845806,4
4049,1499,2.6421341816879873,3
4049,1590,3.3518929444674006,2
4049,1608,3.6053470170050597,4
4049,2170,3.0,3
4049,2495,3.0,4
4049,2668,3.2405261124755067,2
4049,3257,3.1363235442750157,2
4049,3467,4.414399755368129,4
4049,3701,3.6405198054646646,4
4050,608,4.46769658279369,5
4050,858,4.539945846659611,5
4050,1193,4.502292394210027,5
4050,2348,3.655043777145528,3
4050,3342,3.0,3
4051,2746,2.677126566164924,1
4053,353,3.4641834504711557,3
4053,724,3.00668373708205,3
4053,1010,3.3317424383958385,3
4053,1024,3.9321467302147246,3
4053,1382,3.0178809947101253,3
4053,1779,3.2011025660594576,2
4053,1833,2.0,3
4053,2021,3.751497834389696,4
4053,3032,3.8434759315508984,3
4053,3081,3.5548767852056926,4
4053,3385,2.6112619796319856,3
4054,349,3.9204520318447305,4
4054,354,3.0,4
4054,424,3.0,2
4054,667,3.0,2
4054,852,3.833549012717034,3
4054,1196,4.0266874135895785,4
4054,1370,3.898660017681553,2
4054,1518,3.5893428635807765,3
4054,1587,3.798723881731781,4
4054,1783,3.0,3
4054,2167,3.8588812145846556,4
4054,2652,2.461629333232746,2
4054,2750,3.7325983848857573,4
4054,2940,3.4764206923634253,3
4054,3175,3.9804521331918368,3
4054,3613,3.0,4
4054,3614,3.7761546324482227,4
4055,282,3.0,3
4055,589,3.4637725004927864,5
4055,1409,3.0150098269552412,3
4055,1645,3.4804949057376717,2
4055,1804,3.0,2
4055,1876,2.971740118591488,2
4055,3100,3.7492064974418895,4
4057,2000,4.011719065858944,5
4058,47,3.7712056004924253,3
4058,293,3.820307140149103,4
4058,296,3.7760581658371977,5
4058,316,3.350276800232631,2
4058,994,3.9844266609914576,4
4058,1060,4.297446909974082,5
4058,1294,3.8390916536198776,5
4058,1614,3.372151121472165,3
4058,1722,3.4614653991436923,3
4058,1885,3.7005039543683544,3
4058,2081,3.5610130369975677,5
4058,2259,3.7360973901099412,1
4058,3317,4.1054101922531725,3
4058,3668,3.0,4
4058,3809,3.7492105617170592,1
4059,2791,3.440083092848162,3
4059,3176,3.5422405047360312,3
4059,3608,3.5188532951110054,2
4060,610,4.028140654509687,3
4060,1270,4.019445438059775,3
4060,2150,3.923757740489641,5
4060,2366,3.9787403583514678,3
4060,2746,3.9103263670546253,3
4060,2890,4.0157498120987185,4
4060,3101,4.081099181737173,4
4060,3763,4.064348436827815,3
4061,3849,3.0,5
4062,328,2.0,4
4062,428,3.8178346250540356,4
4062,518,3.0,2
4062,1089,3.919374181532176,5
4062,1589,3.9918171855574545,4
4062,1597,3.7326598994149234,4
4062,1783,3.0,2
4062,1799,2.9948840040810762,4
4062,1912,3.560921504324848,3
4062,2858,3.801660706559005,5
4062,3186,5.0,3
4062,3300,4.243229711624444,3
4063,3037,4.093516344320056,4
4064,21,3.216930896130145,3
4064,539,3.107826861279083,3
4064,969,3.9879260435001815,5
4064,986,3.0,4
4064,1019,3.185904928756367,3
4064,1037,2.656153360506383,2
4064,1077,3.9698406857448356,3
4064,1233,4.05504497239878,4
4064,1340,3.3937742619488365,5
4064,1614,2.590801718207439,2
4064,1627,2.5010380950979068,3
4064,1882,2.6238858212196536,3
4064,1948,4.0,4
4064,1951,3.7332583905231935,3
4064,2114,2.602035757750111,3
4064,2409,2.6466500701464866,2
4064,2421,2.580888491146853,2
4064,2532,2.623735976087372,1
4064,2633,2.587799941499592,3
4064,2846,3.0,3
4064,3070,3.3102471874272137,2
4064,3105,3.2979226370955845,3
4064,3145,3.0,4
4064,3194,4.25453223930039,2
4064,3244,3.7384773727457112,5
4064,3301,2.887572447029266,3
4064,3431,1.4302064960207725,1
4064,3751,3.739504033698778,5
4064,3788,4.170621323269187,3
4066,608,3.3221865646681774,5
4066,1262,3.230714480797031,3
4067,2599,3.60123998782298,5
4067,2701,3.676408629623539,1
4067,3543,4.507212519506008,5
4068,2987,4.45801810136205,4
4070,377,3.3734518490880716,4
4070,1573,3.526585913138331,3
4070,1726,3.0,1
4070,2947,3.8158594886109496,4
4071,1214,3.837790372509587,5
4071,1220,4.093614241014552,5
4071,2694,3.7352682536983934,4
4071,2710,3.632304231827749,5
4072,42,1.6461943174649207,2
4072,356,3.7738299909128585,3
4072,593,3.856745999155862,5
4072,1020,3.463611386073118,3
4072,1249,3.682953960212029,4
4072,2819,4.514910623660007,4
4072,3418,3.80987511031157,4
4072,3468,4.527918796085358,4
4072,3614,3.9866156998882585,3
4075,6,3.7749663944342373,5
4076,36,3.8969775472113297,4
4077,597,4.037090347729801,5
4077,733,4.087698510466332,3
4077,1097,4.09496761965634,4
4077,2384,3.0,4
4077,2406,4.01922691660891,5
4077,3247,3.970638080099335,4
4077,3548,3.0,5
4078,300,4.028341679928047,3
4078,556,3.0,5
4078,1587,3.1662703646761527,2
4078,1994,3.3861801369188718,4
4078,2022,3.0,3
4078,2716,3.5984572739221026,3
4078,2792,3.2276260942666553,3
4078,3033,3.5337904015058084,3
4078,3478,3.4381937447983324,3
4079,381,3.0,5
4079,648,3.5499849397081116,3
4079,1183,3.6527298791939606,3
4079,1219,3.7328856180051084,3
4079,1344,4.22207061793523,4
4079,1617,3.3693576434195105,4
4079,2259,3.8086184599050643,4
4079,2531,3.5653048891737344,3
4079,3366,4.615242035884303,5
4080,260,4.305100763953296,4
4080,858,4.329677237522097,5
4082,25,4.138115424900227,5
4082,293,3.886887946689039,3
4082,1193,4.153145385911846,3
4082,2997,4.0282879889725,4
4083,79,3.0,1
4083,195,3.0,2
4083,485,2.8476326032688917,3
4083,520,2.32996923134534,3
4083,719,2.0874670999875224,3
4083,1356,3.102268536101553,3
4083,1479,2.8898406705798645,1
4083,1641,3.5193538920050034,4
4083,1701,2.4868006796591855,3
4083,1752,2.27531356099462,3
4083,1863,3.0,1
4083,1912,3.5858006506633107,3
4083,2028,3.4835277658434225,4
4083,2105,3.264393637312406,1
4083,2115,3.297742227584636,5
4083,2412,1.9718851642502262,1
4083,2877,4.0,3
4083,2951,3.939906039516559,3
4083,2986,2.556960593118465,2
4083,3014,3.0,3
4083,3546,3.5249786220169943,1
4083,3704,3.292200135705152,3
4084,3077,3.0,4
4084,3510,4.729138763720942,3
4084,3735,4.95194543527688,5
4084,3747,5.0,5
4084,3792,3.0,5
4085,318,3.9557318081434882,5
4085,357,3.9549867282216282,4
4085,382,3.6138226720352944,3
4085,475,3.7935906937329538,2
4085,628,4.000585152824293,4
4085,1487,3.0,4
4085,1498,3.0,4
4085,1625,4.007669906395851,3
4085,1754,3.9176416431412666,4
4085,2048,3.8497284648650414,4
4085,2261,3.707971780441829,4
4085,2340,4.0,3
4085,2735,3.637242557480728,3
4085,2759,3.688910410284654,4
4085,2816,4.0,4
4085,2942,4.437292156049088,4
4085,3147,4.00957397536342,4
4085,3354,3.8875602689196476,3
4085,3751,4.039263774236441,2
4085,3869,3.2820196861778888,1
4085,3879,3.0,3
4085,3895,3.0,3
4086,7,4.8049783277177385,5
4086,34,4.814597585656169,3
4086,1028,4.898345567872886,5
4086,1441,4.8813814058446425,4
4086,2633,3.0,4
4088,166,3.0,1
4088,444,3.0,3
4088,1266,3.9635117363217707,3
4088,1468,3.0,2
4088,1498,3.0,3
4088,1522,3.0,2
4088,1673,4.007353237220701,5
4088,1747,3.7236285485776928,3
4088,2355,3.685230139392642,4
4088,3717,3.6254509638536505,2
4089,163,4.190774259347654,5
4089,1047,3.786043854340415,4
4089,1219,4.1756982825777955,4
4089,1294,4.1120168988969095,4
4089,1513,3.9709896023346127,3
4089,1584,4.170991807517247,4
4089,1617,3.991489950793221,4
4089,1909,3.8914990661682007,4
4089,2194,3.9559163176695313,4
4089,2371,4.024426752740105,5
4089,2530,3.771411579057469,3
4089,3060,4.109770855355533,3
4089,3219,3.9735291705284035,4
4089,3355,3.0,3
4089,3707,3.3220730346405785,2
4089,3844,3.6947187430689006,4
4091,346,3.0,2
4091,1208,4.259288106993864,5
4091,2122,2.0,2
4092,1968,4.3456622964570055,5
4092,2134,3.919806981992155,5
4092,2867,3.0,3
4093,1221,4.458748155234709,5
4093,3688,4.222028925889147,2
4094,318,4.459461785534598,5
4094,1258,4.39858274502859,5
4094,3555,4.439348338724838,4
4094,3809,4.51034644134684,3
4094,3916,4.404999923524924,5
4095,2696,3.0,5
4096,1304,3.8523319964986973,5
4096,1385,2.60845441051638,2
4096,2870,3.0,4
4098,1912,3.5413200304699357,5
4098,2699,3.767920312908323,3
4098,3812,3.0,4
4099,1252,3.9726565668943468,4
4101,226,3.0,2
4101,555,3.9373874822656725,3
4101,2762,3.8805803658880538,5
4101,3177,3.0,2
4101,3798,4.669709121929394,5
4102,3273,3.347667565552114,5
4103,21,3.8131275034185594,2
4103,293,3.4929899206187076,5
4103,527,3.613776344096253,5
4103,535,3.8599602556927937,5
4103,593,3.508509539786885,4
4103,1247,3.7680676470622085,5
4103,1895,3.0,2
4103,3179,3.0,4
4104,512,3.0,4
4104,1097,3.608827843618285,4
4104,1333,3.7328902373788635,3
4104,2628,3.65523400960871,4
4104,3396,3.7007374133376194,2
4105,429,1.9145713448175263,2
4105,1391,2.5757472105180557,2
4106,1566,5.0,3
4107,1954,4.239943834300105,2
4107,2000,4.103885432779957,4
4107,2054,4.196568425446612,3
4107,2081,4.096825933315984,3
4107,2150,4.399763959187741,5
4107,3418,4.253864540462058,5
4110,858,4.1954798330463765,5
4111,920,3.895085148901089,3
4111,2028,3.9621520468650155,5
4112,39,4.061534799480387,4
4112,267,2.992053151598227,3
4112,374,3.5221436817689673,2
4112,1019,4.188180195278351,5
4112,1500,4.175143711790846,4
4112,1517,4.0918464755052195,4
4112,2978,3.0,3
4113,9,3.0,4
4114,1,4.0105947230020345,3
4114,260,3.9610743532054533,5
4114,594,3.8356531823152573,3
4114,968,3.9967427882805113,3
4114,1089,4.131266009311782,4
4114,2858,4.118869133971703,5
4115,222,4.240657780574298,4
4115,912,3.944769057718943,5
4115,1101,4.035546122423536,3
4115,1250,3.9289603114077782,4
4115,1272,3.912017051205754,3
4115,2028,4.041651577214897,2
4115,2116,4.146318043507196,4
4115,2718,4.0,2
4115,2993,4.1334202360932055,4
4115,3087,3.8610938608928085,4
4116,508,3.992589100352292,4
4116,608,3.977330025398483,4
4116,1213,3.9838312827863,4
4116,1615,3.9998047266911536,4
4116,3703,3.9283767539865897,2
4117,10,4.265016159758798,4
4117,318,4.422070342376458,5
4117,780,4.26474386702613,4
4117,1918,4.16055680119946,4
4117,2806,3.0,5
4118,594,4.166803328739091,5
4118,1278,4.39205687782619,5
4118,2716,4.005141181768683,4
4120,2716,3.7916691652552386,4
4121,32,4.189154088320898,4
4121,1037,3.8048153586199818,3
4121,1097,4.300974990017564,5
4121,1372,3.8480531452973157,2
4121,2530,3.7807888748727483,3
4122,223,3.90584102553769,4
4122,485,2.977778250823126,2
4122,700,3.0,3
4122,1261,3.740713564780414,3
4122,2193,3.2850203466452936,3
4122,2248,4.106354226054644,4
4123,1892,3.0,2
4124,344,3.5773684548937337,5
4124,1220,3.769255769267274,5
4124,1410,3.0,4
4124,1876,3.7414482837321383,3
4124,2060,3.471910404913322,5
4124,2288,3.5016950277277266,4
4124,3210,3.6549071072493633,4
4124,3591,3.6756109095518923,4
4126,327,3.2866301420704582,2
4126,539,3.6560149127747565,4
4126,1215,3.693963756572569,5
4126,2083,3.8968816353567073,4
4126,2087,4.026788658679636,3
4126,2137,4.05387257608187,4
4126,3081,3.7000794331632814,4
4126,3255,3.5593429639601,3
4126,3267,3.9589417950761137,4
4126,3614,3.4735337499002323,2
4127,1552,3.930262874836171,3
4127,1625,3.502246307361745,3
4127,2162,2.0,2
4128,1459,5.0,5
4128,1883,4.462589917962059,4
4128,2174,3.3845849876133673,3
4130,457,3.832534999396927,4
4130,924,3.992241734251814,5
4130,1086,4.319086163344974,4
4130,1129,3.7686195402550675,4
4130,1376,3.611149294531638,4
4130,1422,3.5399318645034645,3
4130,3527,3.7692679865030208,4
4131,2890,4.089744586731355,5
4133,1747,3.634394253970225,2
4133,2599,3.704582611329935,4
4133,3476,3.570294497901424,5
4134,858,3.882516130418163,5
4134,1953,3.9819797806225736,4
4136,1252,4.877547027905437,5
4137,3039,4.094130871556879,3
4138,498,3.0,3
4139,229,3.0,4
4139,590,3.9038804189945777,5
4139,1183,4.185880755765934,5
4139,1508,3.0,4
4139,1535,3.0,4
4139,1613,3.0,3
4139,1617,3.90336112382117,4
4139,1845,4.249519885605907,5
4139,2291,4.007108693087827,4
4139,2702,3.7193967547250346,3
4139,2858,4.010942300805554,5
4139,3219,3.6596401264769574,4
4140,2,3.3505491873547153,3
4140,237,3.3807524899669987,1
4140,300,3.939378074281505,3
4140,416,3.0,2
4140,648,3.6437249521788497,3
4140,836,2.367908243508191,3
4140,1012,3.668326312684307,3
4140,1339,2.88788805474044,3
4140,1431,1.805736265777781,3
4140,1625,3.495095567260096,5
4140,1954,3.8986408291343233,4
4140,2023,4.127585968971592,1
4140,2053,2.8617696540192292,2
4140,2134,3.4663488021858564,5
4140,2724,4.10255899565888,4
4140,2817,1.0,1
4140,3074,2.9999999999999996,4
4140,3426,3.0,3
4140,3552,3.8760228608564957,5
4140,3702,3.8761797096970096,3
4140,3810,3.0,4
4141,10,3.8421336434989724,4
4141,780,3.8622698764745205,4
4141,1213,4.1493561954768365,4
4141,1459,3.7372831077793953,4
4141,2448,3.0,3
4142,1198,3.8340898530040715,5
4143,2816,3.0,3
4144,316,3.2068522567005675,3
4144,367,3.3733357593411877,3
4144,1253,3.266489224900953,5
4144,2985,2.99055770709855,3
4145,2762,3.5266672250425337,5
4148,464,4.0,4
4148,780,3.905598654403744,3
4148,1220,4.012847761286065,3
4150,329,3.4864314372124534,4
4150,436,4.0,3
4150,1203,3.6877034358226433,3
4150,1230,3.7608464406829265,2
4150,1320,3.4859525869766337,2
4150,1407,3.347645853198086,3
4150,1645,3.3874300219947058,3
4150,2467,3.5005416519517323,3
4150,2616,3.242749399764793,2
4150,2875,2.669499274589206,3
4150,2889,3.0,4
4150,3197,3.3714912943843967,4
4150,3274,2.9364228533774837,3
4150,3653,3.0,3
4150,3712,2.853348049338174,2
4150,3760,3.0,5
4152,419,3.0,1
4152,1276,4.3494301210822135,5
4152,2416,3.279824928365973,2
4152,2871,4.293887467097116,5
4153,1562,3.847214323001522,4
4153,1801,3.982043619627519,4
4154,150,4.492044110254843,5
4156,442,3.772024284253366,3
4156,957,3.0,4
4156,1952,4.139910850395182,5
4156,2410,3.7593392479723327,4
4156,2455,4.038986229669163,4
4156,2475,3.0,4
4156,2807,3.0,3
4156,3032,3.6426257526479726,4
4156,3093,4.0,4
4156,3476,4.342415152884308,4
4156,3697,3.7690426652003923,5
4157,1077,3.902406679426761,5
4160,1214,3.095537868006733,5
4160,1320,2.9978771516726783,4
4160,2407,2.9969869971125243,3
4160,2529,3.116785799489922,5
4160,2600,2.9048380940710037,3
4161,21,2.5993266603620118,3
4161,356,2.5016385487754778,2
4161,459,2.0,2
4161,1049,1.845678755522782,3
4161,1208,3.450758633597209,5
4161,1296,4.338527445018934,3
4161,3273,2.0105755080438836,1
4161,3298,3.3114001027361235,3
4161,3598,3.0,3
4161,3659,3.0,4
4162,1641,4.347133699255234,5
4162,1673,4.244292024425842,4
4162,3501,3.0,4
4163,2669,3.0,3
4163,3375,3.0,3
4164,2019,3.5697621010110607,5
4165,1270,3.8562365060094783,4
4165,3618,3.0,3
4166,914,4.0,5
4167,45,3.961542102621881,4
4167,552,3.246994949991825,2
4167,858,3.9939627801612767,5
4167,1234,4.103967443710248,4
4167,1301,3.58307328220255,2
4167,1375,3.59435602489756,4
4167,1968,3.7279167790604246,5
4167,2065,4.051863227394554,4
4167,2117,3.80238824158923,4
4167,2321,3.6892765291644194,3
4167,2395,4.069270506899786,4
4167,2526,3.0,3
4167,2628,3.4856415769508238,3
4167,2779,4.0058293586636795,4
4167,2951,3.9230039134104606,4
4167,2973,4.3539145656242875,4
4168,461,4.0,4
4168,1280,5.0,5
4168,1611,4.576195928133636,4
4168,3060,5.000000000000001,5
4169,219,3.0,3
4169,344,3.5187200649663297,2
4169,346,3.0,4
4169,418,3.0,2
4169,457,3.9391747069896668,4
4169,541,3.7998217144747666,3
4169,635,3.0,4
4169,806,3.0,4
4169,969,4.54273648759308,5
4169,1051,4.0,3
4169,1073,3.948210082552114,3
4169,1085,5.0,4
4169,1099,5.0,4
4169,1200,3.92176971526957,4
4169,1224,5.0,4
4169,1373,3.079076814873057,3
4169,1409,3.649420840797486,4
4169,1666,3.0,1
4169,1752,2.658668258125656,2
4169,1824,3.0,2
4169,1857,3.0,2
4169,1918,3.3841579868466747,4
4169,2075,3.0,5
4169,2078,3.9632519736968677,4
4169,2138,3.5166045971822895,3
4169,2160,4.564725102152671,4
4169,2242,3.0,3
4169,2262,3.1685112877445625,3
4169,2387,4.0,1
4169,2407,3.5394829520262645,5
4169,2490,3.4474545951080677,4
4169,2653,3.1616080086851253,4
4169,2701,3.587797947290763,2
4169,2751,3.0,2
4169,2804,3.8527553455472305,4
4169,2933,3.0,5
4169,3049,3.0,5
4169,3109,3.0,3
4169,3135,4.606876228482588,5
4169,3158,3.0,4
4169,3184,3.0,2
4169,3201,4.727533978720732,5
4169,3206,3.0,3
4169,3334,4.753821958805814,4
4169,3355,3.0,3
4169,3367,2.0,3
4169,3445,2.768253364342167,3
4169,3475,4.40654421634242,4
4169,3527,3.67677052636705,3
4169,3793,3.780969192803271,3
4169,3861,4.0,3
4169,3946,3.0,1
4170,1220,3.841401208740723,4
4170,3421,3.8706806993069858,2
4171,356,3.8377056132519307,4
4171,999,3.0,4
4171,1210,3.9664677469488088,3
4171,3147,3.9268319071338937,4
4172,2321,4.370252044032802,4
4172,2762,4.537708287311251,5
4173,733,4.140600900662185,5
4173,914,5.0,5
4173,1370,4.156665014764902,2
4173,1722,4.163760176944152,4
4174,1253,4.023051057224822,5
4175,2473,3.1414776598366325,3
4175,2794,3.5156403471594766,3
4175,3834,3.0,3
4177,235,4.40125029685292,4
4177,610,4.468194949545995,4
4179,933,4.777833431700846,5
4179,1569,4.272996589598373,3
4179,2336,3.9815246498361163,5
4179,2527,4.489557051725372,5
4179,2571,4.480912802335858,5
4180,1544,3.8438598249944023,3
4180,2976,3.0,4
4180,3421,3.8273474847976825,4
4180,3649,3.0,3
4181,1784,3.64421017863703,5
4182,858,4.431823773040889,5
4182,3793,3.938632542551452,5
4183,204,2.2810540597104842,2
4183,469,3.0,3
4183,587,3.126841099969536,1
4183,778,3.6649440420891737,4
4183,1287,3.4301016268206093,4
4183,1562,2.5532637421856728,1
4183,2431,2.8779025076086127,3
4183,2490,2.9472963492344615,4
4183,2628,2.925798738031819,3
4183,3020,3.1474934232421736,3
4184,3793,2.8367183168039642,3
4185,1214,3.4242979150734576,3
4185,1983,3.323043413334633,3
4185,2613,3.599394532022802,4
4185,3576,3.706178371984843,3
4186,580,3.0,3
4186,592,2.971247307590492,4
4186,923,3.501867231662498,5
4186,1219,3.3599630784433114,4
4186,1394,3.0025280284310085,3
4186,1682,3.227613744006895,3
4186,1704,3.2840384518411256,3
4186,2108,3.256282494060194,3
4186,2262,2.469339562181769,3
4186,2408,2.0872604557847763,2
4186,2554,3.0,4
4186,2700,2.7315142182439995,3
4186,2918,2.9050941597901914,4
4186,3471,3.146736239663017,4
4187,1169,3.0,4
4188,2846,3.0,1
4189,2731,3.0,4
4190,1304,3.546397033391106,4
4190,1873,3.0,4
4191,1881,3.0,5
4191,2761,4.452063694727488,3
4191,3175,3.4883921407542227,5
4192,1097,3.5093978749585815,3
4192,3766,3.0,2
4193,260,3.704398058885199,5
4193,1234,3.7140188723934164,3
4193,1645,3.5402400860435788,5
4193,2407,3.518364803881555,4
4193,2457,3.0407121959480623,3
4193,2967,3.0,4
4193,3196,3.9321506409636218,3
4194,663,4.605485962751338,4
4194,745,4.821512385419083,4
4194,1080,4.516918287346491,5
4194,1288,4.312637478342845,4
4194,1297,4.154167421227949,2
4194,1321,4.247353378875814,5
4194,1517,4.343748288102931,3
4194,1732,4.425798484080686,5
4194,3052,4.440756405521391,5
4195,1233,4.77296608000832,4
4196,3814,3.48255871452316,3
4197,1193,4.534078732397907,4
4197,3363,4.56464679323944,3
4198,2167,3.730458158695781,3
4199,110,3.8609917412995824,5
4199,745,1.0,5
4199,832,3.7980806126356565,3
4199,3072,1.0,4
4201,2797,4.438933718415751,4
4203,70,4.316704048702483,3
4203,608,4.363095835952773,5
4204,1193,4.715857808370359,5
4204,1374,4.361467856107957,5
4204,1584,4.543956010545265,4
4204,1729,4.574641911521975,4
4204,2194,4.381684200284886,5
4204,2248,4.6669294593235975,5
4204,3551,4.715034707109647,5
4205,2761,4.009946076677579,3
4205,3615,3.0,5
4206,783,4.699670442321283,4
4207,316,4.5221277446969586,4
4207,1210,4.674985610651214,5
4207,2203,4.599100964399549,5
4207,3342,4.0,4
4207,3654,4.823002651521227,5
4210,2699,4.009928689951282,3
4210,3703,3.8400315109425396,5
4211,3767,2.546880448256821,2
4212,920,4.412639707582071,4
4212,3020,3.9616324720210843,3
4213,104,4.103208114031378,4
4213,315,3.8979554774411023,4
4213,379,4.1457838299824505,4
4213,494,4.005805574627257,4
4213,707,3.0,4
4213,1779,4.113948292891479,4
4213,2951,4.442268708502105,4
4213,3360,4.274068115352528,4
4213,3366,4.494279674701729,5
4213,3367,3.0,4
4213,3529,5.0,4
4213,3551,4.419531276702308,5
4213,3608,4.298807461250557,3
4213,3766,4.0,4
4215,50,4.112739021188181,5
4215,267,3.0,3
4215,919,4.165297724494854,4
4215,1294,4.172552642173226,5
4215,2301,4.114659964522469,5
4215,2797,4.027937490105636,4
4217,539,4.109106082828097,4
4217,1049,4.142693995281726,4
4217,1092,3.993423514484583,5
4217,1552,4.205025667822281,5
4217,2321,3.83968302128321,3
4217,2701,4.280719940457189,4
4217,2706,4.020854301583353,5
4217,2890,4.227860568660517,4
4217,3869,4.239839847128091,4
4218,2174,3.2937324283527967,2
4218,2712,3.4134837052996723,3
4218,3253,3.6972481813923177,2
4219,1375,3.9365626397624354,3
4219,1396,3.8688421582485963,4
4219,2661,4.481875260346818,3
4219,2985,3.6979181239563306,3
4220,357,3.6835550991231476,3
4220,371,3.0,3
4220,720,3.0,3
4220,1095,3.70035880668634,3
4220,1135,3.4230530402840227,3
4220,1485,3.7001842200559216,4
4220,2371,3.5488590926019925,3
4220,2424,3.701444346397557,4
4220,2581,3.26248320036633,3
4220,3039,3.609966120663805,4
4221,720,3.0,3
4221,955,4.7720186840764125,5
4221,1267,4.55584043119991,4
4221,2858,4.231366288363213,2
4221,3649,3.0,3
4222,953,4.104879162135007,5
4222,1967,3.8864968323363978,3
4223,316,3.587765653811988,5
4223,1375,3.612275438219609,3
4223,2289,3.656821901550603,3
4223,2628,3.8571059239035814,4
4224,350,4.076239094337234,5
4224,905,4.157471234321571,4
4224,924,4.147872068692028,5
4224,1099,5.0,4
4224,1193,4.083217633103643,4
4224,1220,4.211306049922917,5
4224,1231,4.180769496818205,4
4224,2081,4.276663673487283,5
4224,2863,4.09853694603917,4
4224,3559,3.0,4
4224,3731,3.0,4
4225,1673,3.78153126107058,3
4227,42,2.4411026878072826,2
4227,44,2.7975922180320847,3
4227,332,2.637080210529311,1
4227,357,3.814038166717121,4
4227,688,1.0,1
4227,810,1.2757207804136086,1
4227,941,3.0,5
4227,1050,3.0,4
4227,1186,3.9947035424051083,2
4227,1333,4.124255281497046,3
4227,1371,3.513521755744564,3
4227,1381,3.0644066562016583,1
4227,1409,3.0298082358725495,5
4227,1678,3.3415967604445203,3
4227,1806,3.0,1
4227,1939,4.294145178938582,5
4227,2068,3.0,2
4227,2174,3.5554731370396913,4
4227,2398,3.93392119214925,5
4227,2414,3.7668969752660404,5
4227,2461,1.0,1
4227,2476,3.218791323496211,2
4227,2694,2.8677696796492027,4
4227,2716,3.63232203987207,5
4227,2835,3.0,3
4227,2947,4.075021166058859,4
4227,2979,3.0,1
4227,3048,1.0,1
4227,3074,4.0,5
4227,3391,2.11138385897685,1
4227,3427,3.0,3
4227,3434,1.725380484062767,1
4227,3695,1.0,1
4227,3764,4.37617526420075,2
4227,3768,1.3475283390921156,1
4229,3157,3.0,4
4229,3243,3.215091200314294,2
4230,3763,3.0,3
4230,3841,3.0,3
4233,858,3.8166914234568328,4
4233,2858,3.799095747476112,5
4233,3210,3.545126959802885,3
4234,541,4.048108252317889,2
4234,953,4.30602138517446,4
4234,969,4.239959940549338,4
4234,3088,4.217695533947583,5
4234,3153,2.359227036508411,3
4235,3744,3.962637268266967,4
4236,2770,4.688402491769814,5
4237,1372,4.035817466558823,3
4237,1517,4.034332196496771,2
4237,3108,4.05481719748907,3
4238,412,3.0,3
4238,1378,3.6157700476181067,4
4238,1687,3.3070786154542064,3
4238,2167,3.6956679976953115,3
4238,2376,3.585614753531107,3
4238,2700,3.944630774770316,5
4238,2866,4.46326300448152,4
4238,3771,4.552827356694398,5
4240,1270,4.165541185581594,4
4240,1962,4.0915813563956895,5
4240,2243,4.042787599180038,4
4240,2407,3.8124676518470633,3
4241,2670,3.0,5
4241,3163,3.0,4
4242,344,3.8782820762544414,3
4242,485,3.997600656633837,3
4242,3578,4.064466941118117,5
4243,517,3.9808229109590108,4
4243,1488,3.7169284744089457,4
4243,1499,3.7231160647805517,3
4243,2807,3.0,4
4243,2916,4.141642406707255,4
4244,1083,3.0,4
4244,2038,3.0,2
4245,1676,3.6536383089075093,4
4246,3812,3.8677220844132463,4
4248,296,3.9259584882199365,4
4248,2193,3.9093107770698667,4
4249,165,3.396586989717439,3
4249,423,3.5248230628265085,2
4249,736,3.4316169245017614,3
4250,169,3.0,4
4250,459,4.036321863837637,3
4250,1388,3.2851035468705683,3
4250,3667,3.0,3
4250,3767,2.2112472618432584,2
4251,2795,3.3839130705477882,4
4251,2918,3.480966489502074,3
4251,3424,3.7328209344498573,4
4252,163,3.4767916087620496,5
4252,2353,3.4316771083108093,3
4252,3186,3.0,5
4253,337,3.7186268585921143,3
4253,1012,3.8522744770687094,3
4253,1086,3.6216222479182614,3
4253,1185,3.3916857407818433,3
4253,1284,3.6431792320607617,4
4253,1344,3.6575784136923244,3
4253,2300,3.567034887779318,3
4253,2396,3.8536681263356236,4
4253,2728,4.138959118074067,5
4253,2987,3.841444751387372,3
4253,3363,3.7603904054458046,5
4253,3468,3.8932439803967633,3
4257,195,2.9841137057511378,4
4257,1409,4.489244150143698,3
4257,2485,2.6070575575515655,4
4257,3301,3.0,4
4258,474,3.8573872994837153,5
4258,605,3.650278202509001,4
4258,1272,4.163028988618709,5
4258,1485,3.6416330333733886,4
4258,2109,3.9346414256404416,3
4258,2126,3.3397458444239674,3
4258,2788,4.243227073340763,3
4258,2890,3.9343984357216044,4
4258,3039,3.765745118919008,5
4258,3448,3.7688638804021934,4
4260,1269,3.5392803116457525,4
4260,1320,3.3783909281585665,4
4260,1347,3.055135801970349,3
4260,1997,3.535855577265067,3
4260,2000,3.3928348452631885,4
4260,2118,3.415443535888833,3
4260,2288,3.678225609724601,4
4260,3660,3.0,4
4260,3793,3.4615440512141484,4
4261,172,2.792671267795334,2
4261,1029,4.125563947996779,5
4261,1587,3.2602623502563195,2
4261,1954,3.466645557959706,3
4265,362,3.0,5
4265,1136,4.047520286892028,5
4265,1858,5.0,5
4265,2640,3.7768320917627585,3
4266,2712,3.774177260092529,1
4266,2906,3.0,3
4268,48,2.933266043709487,1
4268,1873,3.0,1
4268,3086,3.0,2
4268,3363,3.537339031317606,3
4269,551,3.9133899847041134,4
4269,750,4.063447855951551,5
4269,1010,3.2982328656080653,3
4269,1080,4.0250965421692975,5
4269,1371,3.5443283725503774,3
4269,1377,3.4021544415314096,3
4269,1527,3.726624944153515,3
4269,2100,3.6616162800325243,3
4269,2530,2.9648530060008933,2
4269,3538,3.0,4
4269,3599,5.0,4
4269,3699,3.617823947743271,3
4271,34,3.015854493977675,2
4271,318,3.5491460174112306,3
4271,349,3.338606208229,4
4271,494,2.858920987525386,3
4271,940,3.9136266254498944,4
4271,1092,2.8553914959525213,4
4271,1307,2.9050408611415333,5
4271,1370,3.257137500279685,4
4271,1374,2.911212134767281,3
4271,1556,2.556080600526193,1
4271,2019,3.940214710938889,4
4271,2133,3.086374883835127,2
4271,2393,2.879115421657314,3
4271,2700,2.7401505978697003,1
4271,2702,2.0,1
4271,2713,3.0,3
4271,2718,2.0,2
4271,3310,3.0,4
4271,3733,3.548702904794479,4
4272,76,3.623968899175853,3
4272,196,3.7670187186659065,3
4272,2105,3.7852633060339547,4
4272,3697,3.8341759393066512,4
4273,2791,4.51268297139333,5
4274,21,2.92896382328891,3
4274,376,3.3401135705106286,4
4274,1518,2.693185112270943,3
4274,1591,2.977887274627925,2
4274,2857,3.0,1
4275,2762,3.988641599284586,5
4275,3156,3.0,4
4276,1270,3.870745372302509,4
4276,2407,3.422797013580435,4
4277,83,3.0,5
4277,247,4.586649842550397,4
4277,319,4.729344836395504,4
4277,490,4.003850721574699,4
4277,516,3.6700764399664076,4
4277,570,3.0,4
4277,611,4.0,3
4277,621,3.0,5
4277,969,4.705093529893614,4
4277,1175,4.752902865248789,4
4277,1279,3.0000000000000004,4
4277,1346,4.256009126292108,4
4277,1590,4.108171943994699,2
4277,1699,3.0,3
4277,2003,4.321355304471906,3
4277,2070,4.27215536077532,4
4277,2075,3.0,4
4277,2133,4.139075302690179,4
4277,2231,4.5863562092873345,4
4277,2348,4.765811220142217,4
4277,2359,4.583528837124748,5
4277,2490,4.083586401165247,5
4277,2493,3.0,4
4277,2551,4.661119280657699,4
4277,2616,4.12102521071163,3
4277,2628,4.345760080379036,4
4277,2660,4.405581129229684,5
4277,2761,4.532765695904199,5
4277,2846,3.0,4
4277,2893,3.0,4
4277,2979,3.0,4
4277,3052,4.553176259290981,4
4277,3115,3.0,4
4277,3181,3.0,3
4277,3422,5.0,3
4277,3452,4.4935316359492345,4
4277,3566,3.0,5
4277,3653,3.0,4
4277,3735,4.828013085627727,5
4277,3877,3.0,3
4278,1370,4.046713707306172,5
4279,153,3.447625711153446,3
4279,356,3.771356693220339,4
4279,593,3.8951288624719935,5
4279,1097,3.81046152613719,3
4279,1336,3.0,4
4279,2028,3.8377955105968766,3
4279,2528,3.61787668910861,4
4279,2989,3.5248636419476647,3
4279,3024,3.5469502633215346,2
4279,3550,3.8737730162569233,3
4279,3703,3.8444432575333143,5
4280,2369,3.593159357152374,2
4281,46,2.973405632724891,3
4281,608,3.7556708841144832,3
4281,3098,3.8807908239566684,4
4283,2170,3.0,4
4284,861,3.346889659906599,3
4284,3593,3.0,1
4285,316,4.01194102814857,5
4285,1240,3.9423534267771423,3
4285,1887,3.0,4
4285,1894,4.130864653090873,4
4285,2109,4.08149827646169,4
4285,2802,3.932226355531326,4
4285,3088,3.6535993030372778,5
4286,527,4.525296152363092,2
4286,1941,3.0,4
4286,2424,4.334892778220491,2
4286,3569,3.0,1
4286,3663,4.0,3
4286,3752,3.0,3
4287,466,3.974440203924953,2
4287,849,3.8589324777559217,4
4287,1210,4.027951602716332,5
4287,1779,3.859533946573721,5
4287,2034,3.890978507937495,4
4287,2763,4.070919301572489,5
4287,3699,4.050164862994414,3
4288,1290,4.489695484082162,4
4289,1965,4.169573491574158,3
4289,2423,4.021581599230666,4
4289,3767,2.3714913283432972,2
4290,1619,5.0,5
4291,1275,3.8433334804599832,5
4291,1616,3.2744330720924024,4
4291,2094,3.51670910775355,5
4292,349,3.8748373303723227,4
4292,2806,3.0,3
4293,344,5.0,4
4294,1907,3.441212111266628,3
4294,2567,3.780633412034479,3
4294,3821,4.0,3
4296,2724,3.481186775369569,2
4296,2763,3.309499225702308,2
4297,2746,4.508179558862635,4
4298,1617,4.390444563235053,5
4298,3134,4.697261251165081,5
4298,3703,4.294174895966617,3
4299,339,4.34837177240591,5
4299,605,4.722654790358793,5
4299,1994,4.008624283137057,3
4299,2432,3.0,5
4299,2622,5.0,5
4301,750,4.534133233897283,5
4302,1291,4.163273329266652,3
4302,2111,3.492839922739903,4
4302,2671,4.252221799890095,4
4303,494,3.503088972567442,3
4303,556,3.0,5
4303,968,3.4785718526476894,3
4303,1220,4.0414575314889705,4
4303,1663,3.7413154837277562,4
4303,1754,3.5378177142899148,4
4303,2951,4.183207401974548,3
4303,2997,4.1356585858902095,4
4303,3702,4.008008126011504,3
4305,12,3.0,4
4305,891,2.8985254298523913,3
4305,1388,3.4189809859821376,2
4305,1517,4.0733879725214,3
4305,1620,4.238368291522466,5
4305,1682,4.138883322848379,2
4305,1866,4.032632603138307,5
4305,1921,3.8824718728563083,3
4305,1972,2.934955666490381,2
4305,1987,2.9567931314735887,4
4305,2365,3.0,2
4305,2453,3.0,3
4305,2662,3.8517175517980027,5
4305,3635,4.121372636779957,5
4306,280,4.0,3
4306,908,4.266141011675691,5
4306,2916,3.7493481112744758,4
4308,318,4.0703606891680115,5
4308,1259,4.100233399866133,4
4308,2336,3.371308669115298,4
4308,3754,3.0,3
4309,587,4.142162873154079,4
4309,2268,4.162203655790453,5
4310,1,3.9859907850385436,4
4310,162,4.259074628758877,3
4310,230,3.5861388262805103,4
4310,424,3.0,3
4310,457,4.042064017048808,4
4310,1653,4.12145022041231,1
4310,1732,4.174894859230607,5
4310,2236,3.0,2
4310,3052,4.263290663172032,5
4311,260,3.0336033587464613,5
4311,1376,2.6326848908522638,3
4311,2949,3.156735700690129,3
4311,3037,3.4687819929707677,4
4311,3362,3.274952480578047,1
4311,3516,3.0,3
4312,89,3.0162350827772024,4
4312,101,4.0,4
4312,110,3.785367635778174,5
4312,165,3.2820518236766123,3
4312,223,3.7567834282208956,4
4312,276,2.8125916664046464,2
4312,356,3.7354855365352138,5
4312,595,3.83520198917999,4
4312,611,3.0,3
4312,999,3.0,4
4312,1059,4.292527173375406,4
4312,1092,3.820242653450774,4
4312,1206,4.039213271966354,4
4312,1261,3.668403138764325,5
4312,1457,2.9152464625521124,2
4312,1617,3.809852061193954,4
4312,1722,3.582031575292953,4
4312,2117,3.693272848482734,5
4312,2409,3.303433316661155,2
4312,2733,3.0,3
4312,2795,3.7221176052513347,5
4312,3173,3.3208450652866004,3
4312,3524,3.3728951635447677,4
4312,3639,3.70337753342413,4
4312,3671,3.822193562793954,4
4313,919,4.374232097305131,4
4313,3578,4.241481978953442,5
4314,3510,4.057465284681077,5
4315,1408,3.845971577575022,3
4318,858,4.250467540260451,5
4318,1193,4.3071688964484585,5
4318,1573,4.045396872349598,4
4318,1674,3.6748209600513753,4
4318,2505,4.0,4
4318,2763,3.4340978488205676,4
4318,3434,4.0,4
4321,912,4.566702847637323,4
4321,1663,4.541560956798116,4
4321,3543,4.643599658269751,4
4321,3555,4.124488038101912,4
4322,1515,3.31989840690079,3
4322,2406,3.5863802627081056,4
4322,3252,3.968949830737773,5
4323,595,3.726796882307378,5
4323,1027,3.4906556483570403,3
4323,1460,3.0,3
4323,1923,3.720711907229457,5
4323,2046,3.529383789491088,4
4323,2094,3.1148828645450513,3
4324,2858,4.739045541712249,5
4325,2041,3.0,3
4325,3039,3.4291278676414896,3
4326,11,4.442377183889952,4
4326,16,3.9656069797986966,5
4326,350,4.119151222590387,3
4326,531,3.0,5
4326,1465,3.0,4
4326,1466,3.997022293365504,2
4326,2190,3.0,1
4327,1219,4.496811326942831,4
4327,1620,4.501774973767867,4
4327,2871,4.423797502552934,4
4327,2899,3.0,5
4328,674,3.893105668051035,3
4328,1233,4.107742401878963,5
4328,1276,4.168595899913386,5
4328,2268,3.5298070155339496,3
4328,2804,3.732264973905869,4
4329,223,3.8509710001421182,4
4329,2268,3.5998787494819178,5
4329,3255,3.6343549778334086,4
4329,3450,3.460049489795801,4
4330,1293,3.0,4
4330,3580,3.0,4
4333,1274,4.17853898751348,1
4333,2364,3.0,5
4333,2531,3.5595775995484416,2
4333,2662,4.226901652702661,5
4333,2797,4.45202152002238,3
4334,1240,3.759785330477629,4
4334,1342,3.743140465248813,4
4334,2517,3.4981353920207923,4
4334,3033,3.6008169340257545,3
4335,532,3.0,4
4335,852,3.5752906204833645,4
4335,986,3.0,4
4335,1200,3.763026146814828,5
4335,1225,3.694350363196346,4
4335,1321,3.7292652396824084,3
4335,1588,3.3268034769400385,3
4335,1672,3.9352354285817994,3
4335,2302,3.6778352731754644,4
4335,2501,4.08549967935297,4
4335,2513,3.1493105889317032,3
4335,2852,2.9798669272610288,4
4335,3255,3.48092066741992,4
4335,3836,4.0,4
4336,344,3.270745274162117,5
4336,1589,4.437726177067657,1
4337,919,4.466745076823573,3
4337,1294,4.458207837094306,4
4337,1333,4.398017791136323,3
4337,1717,4.074649259656637,3
4337,1972,3.3032686208197943,3
4337,2395,4.430364191606918,4
4337,2710,4.5903245325334385,4
4339,1356,4.2430314806381615,4
4339,1876,3.7747679640193783,4
4339,3745,4.205929592236063,5
4342,1197,4.371862316795778,5
4342,1347,4.46429564047971,5
4342,2133,4.326435277258041,5
4342,2143,4.270426652543187,3
4342,2410,4.243748453471388,3
4342,3480,5.0,4
4342,3525,4.640831574036962,4
4343,1,3.570403564907619,4
4343,172,2.892434194608469,3
4343,337,3.7424408062389256,3
4343,1918,3.255646281038262,2
4343,2427,3.7380918765399054,3
4343,3450,3.3549874224499736,4
4343,3723,3.0,4
4344,529,3.989161051219273,4
4344,971,3.9482207309060042,5
4344,1019,3.4419439059210206,3
4344,1114,3.0,3
4344,1554,3.0,4
4344,1611,3.943932776850053,4
4344,1784,3.615487946660325,3
4344,1805,3.3563216149339103,4
4344,1961,3.8327509118009413,4
4344,2003,3.2761914626970903,4
4344,2184,5.0,3
4344,2245,3.493206498901207,4
4344,2478,3.113156414708692,2
4344,2550,4.165708445791153,5
4344,2717,2.970025269916723,2
4344,2905,5.0,4
4344,2951,4.205705175527584,5
4344,2959,3.8621770414536147,5
4344,3039,3.556596523440822,3
4344,3072,3.905392253999011,4
4344,3088,4.211515519671125,4
4344,3099,4.311075880889297,4
4344,3107,3.299341622143909,2
4344,3272,2.7441925577967545,5
4345,553,3.595329496773659,3
4345,942,4.123028500616555,4
4345,1020,3.3312234115872004,3
4345,1060,3.754880602750814,4
4345,1120,3.825892023689681,4
4345,1198,3.639208188796148,4
4345,1277,4.0,3
4345,2095,3.0,3
4345,3112,3.0,4
4345,3396,3.8576888745087428,4
4345,3699,3.8094581099891927,3
4346,2997,3.9491813900870705,5
4347,587,3.697693299868607,3
4347,1704,3.790542671673659,3
4348,3155,3.0,4
4349,2351,3.0,3
4350,1200,4.144698667446696,5
4350,1921,3.5450988816553384,3
4351,1573,4.245690938820453,4
4351,3208,4.0,3
4351,3355,3.0,1
4351,3623,4.1074220682560965,4
4351,3753,4.165540252123195,4
4352,540,3.4753506775847827,3
4352,589,3.998762087468439,5
4352,783,3.791478665188341,2
4352,899,4.13692369363022,2
4352,1005,2.5990353591244233,3
4352,1380,3.9770729144555896,4
4352,1682,4.063465297247086,5
4352,1717,3.5683060927417456,3
4352,2338,3.006397967808432,2
4352,2890,4.231209031788881,5
4352,3016,3.860557739165126,3
4352,3114,4.108690251816776,5
4352,3392,2.6691552911446665,1
4353,852,3.996059510005107,4
4353,1953,3.8334568894081675,4
4354,111,4.275151419499914,5
4354,260,3.9461379605560136,5
4354,466,3.3608490383563674,4
4354,969,4.358255898339103,5
4354,1019,4.0274335812498405,4
4354,1301,4.0301122820118955,4
4354,1953,4.371219631697769,5
4354,2009,3.9010901948717382,5
4354,2115,3.716613048082571,4
4354,2300,4.438758778728435,5
4354,2786,2.4582475308990643,1
4354,2859,5.0,2
4354,2926,3.256479255731815,2
4354,3014,3.0,4
4354,3261,3.076550130592845,3
4354,3506,3.2742487708443693,1
4354,3599,3.0,3
4354,3700,2.9542821312549097,5
4355,3834,3.0,5
4356,1233,3.8309391807687407,5
4356,3252,3.84172907505901,4
4356,3676,2.0,4
4357,1093,3.0,5
4359,1028,3.59696440882163,4
4359,1197,3.9196108831067984,2
4359,2706,2.9684314732345727,3
4360,453,3.0,3
4360,1030,2.823613946455006,2
4360,1614,2.6841322728913783,2
4360,2028,3.04228046774644,4
4360,2723,2.6400631397974457,3
4360,3438,2.7513279108761846,2
4361,919,4.394694395587699,5
4361,1103,4.613275871576877,3
4361,1394,4.205851545063995,2
4362,877,3.0,2
4362,1617,2.993949844127701,3
4362,1625,2.832761667535567,3
4362,2409,1.9861659953895694,2
4362,3740,2.2091900369582067,3
4362,3754,3.0,1
4363,736,4.501835414358085,5
4363,1078,4.735039243295706,5
4363,1262,4.8262373521759825,5
4363,2532,4.239692406668251,4
4363,2761,4.675385141042468,2
4363,2822,4.188761822995503,4
4363,3590,3.0,3
4364,86,3.0,3
4364,362,2.0,3
4364,2046,3.7815416327237044,3
4364,2119,2.805486717966716,2
4364,2161,3.534062668800817,4
4364,2167,3.760605511805143,5
4364,2641,3.614411173223804,4
4365,3839,3.0,2
4366,3034,3.223883497770999,4
4367,678,3.0,4
4367,924,3.9670370543053215,4
4367,2804,3.5908727721911258,4
4368,1129,3.8204313021523215,2
4368,1265,3.862679391636408,2
4368,2042,3.0,2
4368,2571,3.8390735801683378,5
4370,3052,4.129052977171456,1
4370,3255,3.0341774939415274,3
4371,266,2.933653938276445,2
4371,915,4.593289290013563,5
4371,1408,3.6329283204661293,5
4371,3285,3.0,2
4373,1265,4.238157157065059,3
4373,2645,4.607516281626998,5
4373,2781,3.0,3
4373,3097,4.374284894126683,4
4374,70,4.513340426134013,2
4374,1985,3.5863138622090687,5
4374,2279,4.290308012135477,3
4374,2640,4.470671453027332,5
4375,429,3.6953125845652157,2
4375,454,4.24930307961198,4
4375,2236,3.0,4
4375,3693,4.329750302674076,1
4376,597,4.057234549104307,5
4376,2683,3.753877973157094,3
4377,70,3.9888299755623535,5
4377,1586,4.132107934905876,5
4377,2720,3.0,2
4377,2826,3.4029897858148748,5
4377,3113,3.6589504380782194,4
4378,1304,3.4981984451658836,4
4378,2541,3.2952658768314516,3
4378,2724,2.236094640025892,3
4379,171,3.0,1
4379,260,3.5839634634652886,5
4379,329,3.4387004248670534,2
4379,357,3.546932529333158,5
4379,788,3.1974024187189998,3
4379,1240,3.530726005809735,5
4379,1711,3.56166868337707,4
4379,3263,3.551243998569055,2
4379,3418,3.5176064881832185,4
4380,1220,3.77969738766661,2
4380,1956,4.178993030632973,5
4380,2541,3.874772724247919,3
4380,2720,4.0,3
4381,47,3.678387834060651,4
4381,1201,3.913049614852241,5
4381,1219,4.071568735847148,4
4381,2605,3.165398912622907,2
4381,2607,3.0,2
4381,2762,3.5858319851233778,4
4381,2883,3.0,4
4381,3261,3.829557470117739,4
4382,480,3.236364157281381,3
4382,3686,2.9466158233011983,3
4384,1291,4.2278264096998965,4
4384,2700,4.079485301548519,5
4384,3591,4.130447535014833,4
4386,329,3.9326197568801966,4
4386,364,4.018627832597371,3
4386,778,4.19245622317269,4
4386,904,4.566366735445211,5
4386,953,4.317866560535949,5
4386,1124,3.735696733422266,3
4386,1244,4.240583549292855,4
4386,1276,4.583136535015815,5
4386,1291,4.030427051190499,5
4386,1292,4.274240893454135,4
4386,1304,4.4459024669102565,3
4386,1321,4.242352860574813,5
4386,1580,4.048987663882482,5
4386,1894,3.512802476694237,3
4386,1995,2.8082278370946105,4
4386,2312,3.5197876297154265,4
4386,2363,4.355001519461875,4
4386,2373,3.8482331481584673,2
4386,2616,3.7786366585601345,1
4386,2640,4.046692504799718,4
4386,2736,3.8556503158538087,3
4386,2819,4.302714834710123,4
4386,2852,3.9842281386698364,3
4386,2872,4.43659610316485,4
4386,3421,4.198871250207038,5
4386,3526,3.903914073718929,4
4387,7,3.1176368565493995,5
4387,230,3.7162018208646375,4
4387,316,3.1858290892637138,5
4387,588,3.399563462568221,4
4387,1198,3.2160158612594407,3
4387,1200,3.253275957399308,4
4387,1291,3.272911489398333,4
4387,1573,3.254990483225454,4
4387,1580,3.222689619427169,4
4387,1586,3.057424635512268,5
4387,1711,3.296119137692649,3
4387,2735,2.923583643859619,4
4387,3079,3.0,4
4387,3252,3.4728727416735885,2
4387,3405,3.0,3
4388,1101,4.0196914191332676,5
4388,1250,4.162504978649768,4
4388,1377,3.697132359388442,3
4388,1961,4.042406300386285,4
4388,1968,3.8173265984784646,3
4388,2094,3.6802837152475845,2
4388,2527,4.005795700070925,3
4388,3070,3.667623875866568,3
4388,3698,3.9481096586192344,3
4389,1298,3.606924876802021,3
4389,1732,3.3130317246572614,2
4390,153,3.3859425617070107,4
4390,296,3.667838064683548,4
4390,494,3.026777746482987,3
4390,586,3.3745376701452936,3
4390,2355,3.8112674763556096,4
4390,2683,3.074377990117358,3
4390,3243,2.8691649037253977,2
4390,3256,3.2064004259981855,4
4391,19,2.0,1
4394,2541,3.8125835848214944,3
4397,1704,3.724604114801931,5
4397,2710,3.3786442432809265,4
4401,1221,4.080351509871667,4
4401,1254,4.4778299965061255,5
4401,3729,3.0,3
4403,1215,4.140205401706081,4
4404,52,2.7449389263673623,4
4404,440,3.4566089266830886,4
4404,457,3.5193163117525708,4
4404,1563,3.0,3
4404,1620,3.0964897827975575,3
4404,1729,4.065628171582647,3
4404,1810,2.9986178242045307,4
4404,2497,3.0,1
4404,2514,2.3228011847758205,1
4404,2710,3.5214958077302803,3
4404,3378,3.0,3
4404,3697,2.564902152132743,2
4405,3052,4.719290770904636,3
4406,260,4.466466066365849,5
4406,407,3.0,4
4406,913,4.6625126118643845,4
4406,2901,3.996584475624436,3
4406,3516,3.0,4
4406,3793,4.2584465873010755,5
4407,1625,3.4273196418215126,4
4407,2236,3.0,5
4407,2858,3.641735702918474,5
4407,3450,3.406175935623313,3
4407,3477,3.0,3
4408,596,3.7778117363984025,4
4408,928,4.332998758942668,5
4408,934,3.0,4
4408,1023,3.778317806590333,3
4408,1290,3.70719174025785,3
4408,2289,4.044539880411243,3
4408,2661,2.675764582671041,2
4408,2780,3.0,2
4408,2959,3.760716351606517,3
4408,3267,3.802489409745527,3
4408,3360,4.046157361766813,4
4408,3461,3.0,4
4409,2581,4.118268697365155,3
4409,3174,4.140204663824536,2
4410,260,4.287701290875926,5
4411,39,3.9796349153210704,5
4411,73,5.0,4
4411,202,3.0,1
4411,921,4.693908009101607,4
4411,1057,3.0,5
4411,1083,5.0,5
4411,1148,4.4891355853287305,5
4411,1197,4.094526873847759,4
4411,1219,4.473614940230785,5
4411,2096,4.5163089802981435,4
4411,2424,3.8024069177926854,3
4411,2450,3.387379944533885,4
4411,3107,3.6830608096172237,3
4411,3176,4.051436184444114,3
4411,3418,4.013852708206401,3
4411,3733,4.494350687847809,5
4412,95,3.821440337255664,3
4412,785,3.735401678154255,5
4412,1883,3.4769683310870163,4
4414,282,3.0,1
4414,339,3.6375246524125866,3
4414,3300,4.0,3
4416,223,4.084151080655121,5
4416,441,4.30837959782103,4
4416,595,4.460304947718209,3
4416,1208,4.6369779700492835,5
4417,998,3.0,2
4418,615,3.0,2
4418,781,3.0,3
4418,1217,4.251013079434969,4
4418,1635,3.8176382865610745,4
4418,2131,3.0,4
4418,2571,3.827711537021093,4
4418,2677,3.0,5
4418,2697,3.0,4
4418,2732,4.283079147738673,5
4418,3620,3.0,3
4419,2710,3.8682722965283864,2
4420,1198,4.213961881454971,5
4420,2160,4.221252464589092,4
4421,3798,2.506981401774443,4
4422,356,4.0356850899777275,5
4422,1196,4.029039233766022,5
4422,1214,3.6911206773551943,3
4422,2465,3.0,3
4422,3841,2.982868593390833,3
4422,3844,4.0,2
4423,2132,4.022040892937163,4
4424,1200,4.286380295402496,5
4425,27,3.0,2
4425,48,3.8598791735346545,3
4425,164,3.5166308773087502,3
4425,260,3.705659417120295,5
4425,317,3.5000722724498776,3
4425,432,3.075378592959052,3
4425,1124,3.5318545887099706,4
4425,1587,3.3981254127434575,1
4425,1844,3.0,3
4425,2253,3.2396344527884624,1
4425,3147,3.7187723914175015,4
4426,541,3.1201499083365305,4
4426,1234,3.5911187434027285,5
4426,2369,2.981267116235656,3
4426,2384,3.0,4
4426,3114,3.015427393844629,4
4427,50,3.778039784693013,5
4428,2707,2.354303187675935,5
4428,3837,3.0,3
4429,864,3.0,4
4429,954,4.213893407841532,5
4429,3578,3.270152696504493,4
4430,350,2.7950151339253577,2
4430,647,2.8588092982963103,1
4430,1611,3.2362702900559444,3
4430,1641,2.971828507334022,5
4430,1693,1.0,3
4430,2858,3.0492256223553227,5
4431,1199,3.6250652610432685,4
4432,539,3.770655705501518,4
4433,293,3.7591490580725946,4
4433,1197,3.7570614759919794,4
4433,1252,3.9474056340603343,4
4433,3730,4.00154088508144,3
4434,253,3.548384955226001,3
4434,1078,5.0,3
4434,3102,4.0,4
4434,3763,3.7713656160260633,4
4434,3814,5.0,5
4435,3176,3.398924071281613,3
4436,924,3.9062465527428945,4
4436,1172,3.9601046466734635,5
4436,1704,3.913820630964975,4
4436,2006,4.055297422409989,4
4436,2502,3.8358791865988464,3
4436,2889,3.0,3
4436,2943,3.0,5
4436,3753,4.144717723119723,4
4437,185,2.6785572881764,2
4437,786,3.0997852877481686,4
4437,1136,3.1504121136032137,2
4437,2002,3.042583665912411,4
4437,2078,3.1499562669793306,4
4437,2518,3.1182767349924845,3
4438,1299,3.746032878983759,5
4438,2288,3.3758708438984626,4
4438,3760,3.0,3
4439,3384,3.0,3
4442,1207,5.0,4
4444,2959,3.383846975634872,5
4445,2002,3.0678399363043938,2
4445,2587,3.0,2
4446,466,3.2428233981719212,2
4446,653,3.34000079506603,4
4446,1391,3.1435310234108007,4
4446,1968,3.3682084152647818,3
4446,2460,1.9360399279018825,5
4446,2701,3.5656263631870058,3
4446,3387,2.3751121584580734,3
4446,3441,3.4610930313966617,3
4447,466,2.5578910428563053,3
4447,648,2.8864625838487936,2
4447,674,3.1368044449340835,3
4447,762,2.3261733726951386,3
4447,905,4.073799077007572,4
4447,999,3.0,2
4447,1014,3.0,2
4447,1233,3.6841945641076492,4
4447,1254,4.080757982587658,4
4447,1805,3.0032571290480967,4
4447,2455,3.232834456222216,3
4447,2459,2.786411326271994,4
4447,2488,4.102186692584889,5
4447,2535,2.482265864269933,3
4447,2565,3.6136290138680347,3
4447,2644,3.5973726681051486,4
4447,2670,3.5611382928749657,4
4447,2722,2.469666581200286,3
4447,2759,4.061144410659877,3
4447,2922,3.2370833295564583,3
4447,2968,3.2211789682946046,3
4447,3015,2.593217519405161,4
4447,3020,2.7596874928177613,2
4447,3629,4.432319380713791,4
4448,165,3.9310150215494732,4
4448,303,3.932425571877802,4
4448,382,3.793956089955287,4
4448,648,4.266397745690406,4
4448,903,4.757520728772508,5
4448,1197,4.41473001078572,5
4448,1300,4.4824831257764055,5
4448,1389,3.45896027240027,2
4448,1690,4.058869153341919,5
4448,1711,4.528932738755492,4
4448,1792,4.153377277548317,3
4448,1912,4.356468693622302,5
4448,1961,4.478741795625317,4
4448,2004,4.038099529076417,2
4448,2081,4.3371500689945135,3
4448,2476,3.7649052159345366,5
4448,2699,4.016527410106724,4
4448,3024,4.5920465731152,2
4448,3067,4.596839231192106,4
4448,3785,3.7693541248494693,1
4448,3841,4.0,5
4448,3948,4.573203211694691,4
4449,2278,4.292853784241818,4
4449,2314,3.0,2
4449,2427,4.266397067576537,4
4449,2549,4.0,4
4450,2393,2.533313524741691,3
4451,19,2.2776761347431433,2
4451,296,3.228190534085263,5
4451,1191,3.0,1
4452,367,4.1074223623995385,4
4452,1500,4.076512337659818,3
4452,1573,4.0743184140990225,1
4452,1916,3.0,5
4453,2302,3.459175933221131,4
4453,3175,3.337433157729754,3
4454,259,1.0,2
4454,866,3.6484148527689295,4
4454,1320,2.138860865494476,3
4454,1562,2.022019245401246,1
4454,1917,2.4828551590856387,1
4455,1545,3.0,5
4455,2706,3.609178983043131,4
4456,357,4.157524774445033,4
4456,364,3.844458764126976,4
4456,1035,4.074003064142862,5
4456,1921,3.6671859247189547,4
4457,85,3.0,4
4457,593,4.471177606107991,5
4457,1090,4.4361669846150145,4
4457,1111,3.0,4
4457,1653,4.553945907044579,4
4457,2020,4.49879675493547,5
4458,410,3.424884895505291,4
4458,837,3.0,4
4458,1278,3.7064191802000184,5
4458,1673,3.5806404832339873,4
4458,1693,3.4944561882536966,4
4458,1914,3.0,4
4458,2600,3.039654429141728,1
4458,3159,3.0,4
4458,3476,3.517554199378147,3
4458,3608,3.634629445500121,5
4459,2858,4.137377917550337,4
4459,3253,4.10980557219223,4
4460,50,3.7363058562791225,5
4460,1517,3.7090217418451044,5
4461,457,4.389737061421041,4
4461,592,4.435518707727448,5
4461,1196,4.422635680056136,4
4461,1907,4.2406290313854,4
4461,1909,4.821715087909018,4
4462,2221,3.0,1
4462,3629,3.0,1
4463,50,4.086202528848006,5
4463,2639,3.0,4
4466,1231,4.036065396329305,3
4466,2972,3.0,5
4466,3704,3.649060659899727,4
4468,2324,4.205764710962692,4
4469,2922,4.041490172783146,3
4469,3160,3.450372795350861,4
4470,5,3.854629018629564,4
4470,372,3.898403050296922,4
4470,454,4.448157825237578,5
4470,1036,4.391365114385383,5
4470,1388,4.344327601151829,4
4470,1438,4.0564420148899245,5
4470,1517,4.372580653961134,4
4470,1569,4.292261570074112,3
4470,2699,4.343993867576575,3
4470,2707,4.339793125969545,5
4470,3020,4.483610965735752,3
4470,3274,4.36461549075311,4
4471,515,4.002213806903091,4
4471,1222,3.812099698553185,3
4471,1242,3.824557640696843,4
4471,2150,3.3154598898168484,5
4471,3125,3.0,4
4472,193,1.0,3
4472,371,3.0,3
4472,736,3.6635559932277895,5
4472,1210,3.6089671891858623,3
4472,2001,3.434301596313551,4
4472,2126,3.860034120331951,4
4472,2424,3.464372726881539,4
4472,2470,3.590179194701957,4
4472,2628,3.464431453474127,3
4472,2890,3.5387711222789355,3
4472,2947,3.688385412744067,4
4472,2991,3.7844799825674618,4
4473,52,3.0159300416673336,4
4473,144,3.0,1
4473,296,3.6598820860061685,4
4473,527,3.7488589158915655,5
4473,593,3.719435188945639,5
4473,648,3.463552427249338,2
4473,902,3.5296736018397543,4
4473,1082,3.0,3
4473,1208,3.655762943836683,4
4473,1346,2.617074763681596,2
4473,1401,3.0,4
4473,2184,4.0,3
4473,2291,3.5944084403677703,4
4473,2622,3.0,3
4473,2710,3.857152313945664,2
4473,3074,3.0,3
4473,3505,4.076836059942667,3
4473,3614,3.1962603080152268,3
4475,1584,4.284589216275281,4
4475,1831,4.049028392492585,4
4475,2324,4.602942982956638,5
4476,2287,3.327616745270542,2
4476,2498,3.0,1
4476,3349,3.0,3
4477,1883,3.863003980707166,3
4477,2712,3.5662899332344242,1
4477,3639,3.8739964319698266,4
4478,52,3.147003376388719,4
4478,377,3.4349266614483094,3
4478,537,3.0,2
4478,1131,3.0,3
4478,2413,3.196617631452945,4
4478,3755,3.606977820030433,3
4479,2183,3.0,3
4480,153,2.76426289846391,1
4480,353,2.9469451974388394,2
4480,597,3.0087347903690715,3
4480,1194,3.0,3
4480,1201,3.7735632866462305,5
4480,1219,3.8066388256770836,5
4480,1663,3.1505172562912955,3
4480,2153,1.0,1
4480,2262,2.9934382491031832,4
4480,2712,4.056765168965991,5
4480,2717,2.7245734664240406,1
4480,2918,3.1583248722582167,4
4480,3478,2.4534000203179427,3
4481,1358,3.710538470451587,4
4482,122,3.0,4
4482,153,3.6669431923584397,1
4482,185,3.7950836568369426,4
4482,216,3.121561098273138,1
4482,231,3.641442718032941,2
4482,288,3.778784138499168,2
4482,358,3.0,3
4482,428,3.997427887269675,4
4482,440,3.84114977183083,4
4482,517,3.4967557564630747,4
4482,536,3.0,4
4482,910,4.369169375569694,4
4482,1049,3.678461155700444,2
4482,1201,4.03771686661135,4
4482,1354,3.750117747029806,4
4482,1387,3.967133015022958,5
4482,1682,3.917012767135367,3
4482,1951,4.126953255203274,4
4482,2475,4.0,4
4482,2899,5.0,4
4482,2989,3.71335443837855,4
4482,3040,3.81559227780489,4
4482,3219,3.3492667408099277,3
4482,3386,3.9606067844272004,5
4483,1895,3.0,2
4483,2858,3.458280126074081,4
4484,1124,4.159525472619315,5
4484,1290,4.298755928482411,5
4484,1971,1.0,1
4485,2762,3.2099505271056055,4
4486,1407,1.0,1
4487,1608,3.92095458195452,3
4488,942,3.677637757077286,4
4488,1086,3.5748626058879562,4
4488,1378,2.8910790083217384,2
4488,2193,2.8937448203042644,3
4488,2260,3.0,2
4488,2278,3.039782634020486,3
4488,2651,2.9302469138673404,3
4488,3644,3.0,2
4488,3766,1.8398523301314524,1
4489,185,3.679930792822765,3
4489,196,3.6488137431971746,3
4489,435,3.794657425116563,2
4489,589,4.258204513312377,5
4489,1214,4.164651759736127,4
4489,1274,4.3548191947711405,5
4489,1307,4.480594815276112,4
4489,1405,4.00012897847972,3
4489,2287,4.048164155738507,5
4489,2542,4.646417904159478,5
4489,3896,4.509860976925137,5
4490,110,3.739652555350928,4
4490,435,3.2355666867048987,3
4490,1083,3.0,5
4490,1219,4.088547300847585,5
4490,1358,3.9937239725050158,5
4490,1617,3.5759599662140467,5
4490,2533,3.5912339048352218,3
4490,2951,4.121235434659099,5
4490,3479,3.475841157328167,4
4490,3516,3.0,5
4490,3623,3.6390502669784923,3
4491,455,3.0,3
4491,504,4.0,4
4491,1499,3.92487070048507,4
4491,2328,4.293458477630328,5
4491,2353,3.9312830986493275,5
4491,2490,4.218820218902091,4
4491,2628,4.156067220132878,5
4491,3053,3.0,5
4491,3107,3.915225168719526,4
4492,2369,3.0,3
4494,110,4.087469314593791,4
4495,353,4.013587418254496,5
4496,426,3.0,4
4496,1748,3.729189228633141,4
4496,3649,3.0,4
4496,3676,4.0,4
4497,314,3.0,5
4497,788,3.9548320053665647,2
4497,1130,2.769551531505331,5
4497,1197,4.237233269685718,5
4497,1275,3.976633283214091,4
4497,1913,4.0,5
4497,2163,2.9833341854124393,4
4497,2193,3.887412665571015,1
4497,2194,4.05537994863747,4
4497,2457,3.5758062054376,3
4497,2495,3.0,4
4497,2542,4.365207816767523,5
4497,2572,4.999999999999999,4
4497,2599,4.450141739038073,5
4497,2633,4.253590839423678,4
4497,2641,3.9487762411496257,2
4497,2762,3.8276999688001965,5
4497,2784,3.657090825880016,4
4497,3033,3.492782211654532,5
4497,3073,3.0,3
4497,3117,3.0,4
4497,3194,3.802672642651397,4
4497,3444,3.5814210877793577,4
4497,3550,3.699738483911897,5
4498,1513,2.882884925685976,2
4498,3567,3.0,3
4498,3893,3.5060616249291483,2
4499,457,4.324137992414222,4
4499,3178,4.504428613754374,4
4501,1653,3.748223320536693,4
4501,2804,4.34782927839627,4
4502,920,4.207361892377505,4
4502,1333,4.166579056062223,4
4502,2407,3.703612033786822,4
4502,2922,4.268498454203113,4
4502,3681,4.219942407212558,4
4503,3632,3.0,5
4505,780,4.27327332881836,4
4505,1129,4.273684404458398,4
4505,1343,4.504059936894383,4
4505,1573,4.264857278361734,4
4505,2401,3.0,4
4505,2716,4.507804334631984,4
4505,3471,4.312014597804703,5
4505,3705,4.485389115051474,4
4505,3731,3.0,4
4506,197,3.0,4
4506,1189,4.0,5
4506,1226,4.0,4
4506,2551,3.0,4
4506,2735,3.702289129549238,2
4506,2944,4.210908122168415,4
4506,3448,4.061117743956449,4
4506,3461,3.0,4
4506,3504,4.507770229024952,5
4506,3672,4.0,3
4507,608,4.4726802848024825,5
4507,648,4.4140963662731,3
4507,1275,4.427629873508338,5
4508,12,4.0,1
4508,225,2.502089699600341,2
4508,338,2.542893862575375,2
4508,671,3.805195901493861,3
4508,737,2.633869051246986,1
4508,879,2.691838986081253,2
4508,996,2.8922045691153446,1
4508,1126,2.477587284591001,3
4508,1222,3.5623041095038945,4
4508,1261,4.008339182677292,5
4508,1339,3.522820074054465,2
4508,1380,3.148351903256813,2
4508,1556,2.1933576864362756,1
4508,1962,3.450560468203706,1
4508,2003,3.074960575371352,4
4508,2025,3.0,4
4508,2245,3.0677764410716004,2
4508,2356,4.0,3
4508,2459,3.229775280930991,4
4508,2657,3.7010381142019435,3
4508,2756,3.0,2
4508,2767,3.0,4
4508,2791,3.6370185404388073,4
4508,2857,3.9963455388567053,3
4508,3000,3.657809939280729,5
4508,3041,1.0,1
4508,3145,3.0,1
4508,3503,4.0,4
4508,3504,4.0075871610912674,4
4508,3676,4.0,4
4508,3918,2.891391941130593,4
4509,1136,4.115275075710794,5
4509,1394,3.990270639783344,4
4509,2502,3.8291396271606706,3
4510,367,2.9871441712618454,2
4510,380,2.8855590010924432,3
4510,628,3.0168946636473066,3
4510,647,2.963636879265284,3
4510,1016,3.4308271703395676,3
4510,1083,3.5028018601667688,3
4510,1183,3.2871529921548484,1
4510,1196,3.146005456716328,5
4510,1286,2.5989417587914247,3
4510,1303,4.219482410434431,3
4510,1327,2.1551522065140363,2
4510,1337,3.0,3
4510,1344,3.7900949092634026,3
4510,1388,2.2849018526720957,2
4510,1552,2.812528091231649,3
4510,1587,2.77223701917218,2
4510,2054,3.045814217473051,3
4510,2075,3.0,2
4510,2100,3.0683992725085174,3
4510,2243,3.363391681336098,3
4510,2279,2.308890991757393,2
4510,2294,3.387080043585509,5
4510,2371,3.2608006809526793,2
4510,2513,2.105531888907059,3
4510,2617,2.7616276740806107,3
4510,2628,3.0349208931153555,3
4510,2752,2.0,3
4510,2898,2.1452084662638398,2
4510,2944,3.3527514122065787,4
4510,2991,3.0830206621593965,2
4510,3033,2.917458457176635,2
4510,3264,2.82705192662484,3
4510,3330,3.4877351955899623,3
4510,3331,3.0,2
4510,3469,3.902133445672999,4
4510,3600,2.0,2
4510,3644,3.0,3
4510,3682,3.502295626995703,3
4510,3736,3.0,3
4510,3757,1.0,2
4511,2001,4.4573858057341385,5
4511,2406,4.372733702019872,3
4512,1129,3.882791370530119,4
4512,2321,3.8594021205496665,3
4512,3635,3.974862547644327,3
4512,3735,3.906261645232934,4
4517,1291,3.3483086009845917,4
4517,1945,3.7224743590051,3
4517,1958,3.728695882362013,4
4517,2359,3.9408145750721926,4
4517,2770,3.813706009940987,2
4517,2798,2.3295042517054023,1
4517,3039,3.3733842541407375,4
4517,3258,3.057492738821143,4
4517,3316,3.0,1
4517,3398,3.273517240721139,4
4517,3499,3.5875974866600933,4
4518,3629,3.0,5
4519,947,4.0,3
4520,858,4.222900568498052,5
4520,1210,4.106910135865084,5
4520,1250,4.456149025179523,4
4520,1274,3.8871488051742826,4
4520,3635,3.9011867602423558,4
4520,3728,3.0,4
4520,3785,4.030492801124341,3
4521,593,4.152222044934324,5
4521,922,4.709636807735346,5
4521,1200,4.039118244699082,3
4521,2393,3.7055715084605123,3
4521,2469,3.5474606806920996,3
4521,3105,4.200447041536183,4
4521,3362,4.450111847016874,5
4522,1196,3.877777579668649,3
4522,3578,3.78300622259429,4
4523,62,3.9888501645389107,4
4523,160,3.602463067927196,4
4523,474,3.7697379293304265,4
4523,913,4.392618643241014,4
4523,1356,3.436982745297723,4
4523,2091,3.0,1
4523,2529,3.7587400924729195,5
4523,2710,3.320488995551586,3
4523,2826,3.439392972592455,3
4524,141,3.734063429938995,3
4524,558,3.0,1
4524,785,3.4238325462512686,3
4524,1347,3.8779488442524896,4
4524,2003,3.7572475633944875,5
4524,2028,3.782660069332034,4
4524,2671,3.5579839211311413,2
4524,2688,2.5182949167224,2
4524,2706,3.508843869633964,2
4525,1208,4.240335173609715,5
4525,2395,4.109000623279478,4
4526,1233,4.3207102746090635,4
4526,1235,4.1689648596047,3
4526,2599,4.172514992522525,4
4526,3135,4.1743514724440995,4
4528,2115,3.72511926657708,3
4528,3624,2.4533664747783077,3
4531,260,3.7116392521148844,4
4531,720,4.4224714860217516,5
4531,1208,3.916091785612336,4
4531,1281,5.0,3
4531,1617,3.641953077335655,4
4531,2859,4.50378220381643,5
4531,2947,3.683003325463031,3
4531,2959,3.7003100814131207,2
4531,3629,5.000000000000001,3
4531,3844,3.429426774726707,2
4532,110,4.056736591145098,5
4532,377,4.095258376983303,4
4532,1377,4.0087000234533745,2
4532,1645,4.068945451129103,3
4532,2302,4.0276973413273645,4
4532,3723,3.0,4
4534,587,4.047515777661774,3
4534,780,3.9536700686115736,5
4534,3249,3.4527966524323404,2
4535,1226,3.0,5
4535,2502,4.1506193280509605,4
4535,2539,4.049463880480947,5
4535,2640,4.1592181396692665,3
4536,1380,4.537340143307564,3
4539,265,1.7083256985140778,4
4539,892,3.0,1
4539,1210,1.5814756974115032,1
4539,2351,3.0,1
4541,356,3.475639483702671,5
4541,2355,3.050518841328211,3
4541,2424,3.66072708316209,2
4541,2687,2.179573726914166,3
4543,912,4.274450938066132,5
4543,968,3.837019153373239,4
4543,1225,3.936660848047737,5
4543,1266,4.007252411627843,5
4543,1297,3.508651508351658,4
4543,1307,3.728901982564183,4
4543,1359,1.7093498470847748,1
4543,1485,3.183806912485462,3
4543,1517,3.6048007305324297,4
4543,2081,3.577960072305087,5
4543,2133,3.1593009645299546,3
4543,2237,3.0,3
4543,2338,2.657004933993388,1
4543,2772,3.0,2
4543,3274,3.1109566360700107,2
4543,3397,3.156076851277849,3
4543,3509,3.0,2
4549,3081,2.673903607184191,5
4551,246,4.331828817355335,4
4552,185,3.3962127586803197,3
4552,350,3.9245577102051494,3
4553,35,3.0,3
4554,2174,3.628190853847956,1
4555,597,3.565333166100125,4
4555,1527,3.5838799872978173,1
4555,2671,3.644809650949692,5
4555,3225,3.0,3
4556,1702,4.0,3
4556,2389,1.40368537119776,2
4556,2459,1.0,1
4556,2902,1.189358579580883,1
4556,3668,3.0,4
4557,50,3.467699481509363,5
4557,3812,4.0,5
4558,1911,4.0,4
4560,893,3.0,2
4560,910,4.197924142688033,4
4560,1466,3.9317300141682865,4
4560,1693,3.0,3
4560,2001,3.5089036089165666,3
4560,2490,3.7283142564109486,3
4560,3361,4.06443578112847,4
4560,3793,3.6736249176698523,5
4561,371,3.0,2
4562,1276,3.735233476369931,3
4562,1307,3.618984412612523,4
4562,1993,3.0,1
4562,2734,3.3435687168486723,3
4562,3060,4.244819119808855,2
4562,3338,3.0,5
4563,527,4.459408855087415,5
4563,3534,4.0,3
4566,1394,3.6632772368608446,5
4566,1919,3.0,4
4566,2372,2.703189163069193,2
4567,673,2.9220598053823736,2
4567,923,4.634480196718985,5
4567,1916,3.0,5
4567,2859,3.0,5
4567,3556,3.0,5
4568,507,3.0,3
4568,586,3.764718375043333,4
4568,750,4.395425842099867,5
4568,2581,3.4404937207419666,3
4568,2683,3.6973589709174135,2
4568,2770,4.1569476291659875,3
4568,2953,4.0,2
4568,3363,4.356647238882828,3
4569,3697,3.881752359437199,2
4570,2997,4.006222175848799,4
4570,3175,3.5896333203889674,3
4570,3608,3.2629807381886433,4
4571,356,3.9795565342842654,5
4571,1722,3.9277029914777772,4
4571,2268,3.954913571892342,4
4571,3175,4.448162784391121,2
4572,48,4.179499680224982,5
4572,899,3.990684295497353,5
4572,1408,3.5835646549940967,1
4572,3594,3.0,5
4573,1340,3.005183153625112,4
4573,1441,3.3859577106451475,4
4573,3108,3.6441985745530396,5
4573,3204,4.0,4
4575,2617,2.237191184461447,1
4576,409,3.0,4
4576,1097,4.621022433316841,5
4577,903,3.491886984046455,4
4577,2747,2.49910549418272,4
4577,2944,3.4800372433069184,4
4577,3448,3.317935428690022,3
4578,36,4.236515987722552,5
4578,1061,4.330003375878538,5
4578,1197,4.182652464331359,5
4578,1527,4.098136136165798,4
4578,2023,4.341479366513567,4
4579,73,2.9999999999999996,5
4579,253,3.882532104927467,4
4579,1136,4.064578890064896,4
4579,1639,3.6071693909633535,4
4579,1907,3.6625634204849327,3
4579,1957,4.12130968922349,5
4579,2181,3.5599050161186714,3
4579,2574,3.0,3
4579,2719,3.1108936929600874,3
4579,3089,4.353507010021397,5
4579,3217,3.0,4
4579,3807,3.0,2
4579,3833,3.0,1
4579,3896,3.0,3
4580,1959,3.7158097691554746,4
4581,495,3.0,3
4581,1663,3.890799179731739,1
4581,1968,3.824688247636166,3
4582,2951,4.253778010163436,4
4583,1226,3.0,5
4583,3468,3.3088763132555448,5
4584,951,4.850464868846563,5
4585,39,4.115379697041855,4
4585,335,3.0,4
4585,377,3.925127630891542,3
4585,836,3.7497607960928296,4
4585,1370,3.9339267209961832,4
4585,2788,3.0,4
4585,3508,4.02159617893785,4
4585,3697,3.8785600070367923,4
4586,2710,4.034170060217316,4
4586,2840,3.6043545452487713,1
4588,527,4.262787121088868,5
4589,1186,4.825207914210873,5
4591,107,3.0,3
4591,126,2.0,2
4591,173,3.4116213003329636,2
4591,750,3.7681616613523543,5
4591,1022,3.60713229171454,3
4591,1084,3.437314771824374,4
4591,1298,3.9732195203973992,4
4591,1552,3.6301338893665958,2
4591,1573,3.6500220147632656,4
4591,2212,3.0,3
4591,2616,3.437644419594684,4
4591,2692,4.124306392849836,2
4591,2808,3.127149922915764,2
4591,3044,3.803599884274805,5
4591,3104,3.900553816801475,4
4591,3156,3.0,5
4591,3439,2.8672690564140035,1
4591,3448,3.708653747173662,5
4591,3661,3.0,2
4592,367,3.5399296875795554,4
4592,1394,3.388276603353055,3
4592,2002,3.4172079403714166,4
4592,2951,3.9198426326834337,5
4592,3108,3.654965749127962,5
4592,3247,3.406235520460832,2
4592,3703,3.6204249606702565,2
4593,1189,3.0,4
4593,1246,3.3481178448019597,3
4593,2436,3.0,3
4593,2997,3.6197785624942713,5
4593,3538,3.0,3
4593,3747,2.0,3
4593,3811,3.4932700824700675,5
4594,3598,3.0,5
4595,2571,4.640151484760454,5
4596,1196,3.709304284175264,4
4596,1627,2.0,2
4596,2174,3.3826747772671593,3
4596,2248,3.9128334575255956,4
4596,2408,2.754497218302689,1
4596,2985,3.2935057902067055,3
4596,3793,3.9127933780489514,3
4597,86,3.0,4
4598,110,4.0588820802412195,4
4598,3362,3.9873414822880267,3
4600,413,3.2280306322022048,4
4600,716,3.0,2
4600,1088,4.001864076481774,4
4600,1876,3.8934735495705253,4
4600,2409,3.80525168532799,4
4601,95,3.7839112544967968,3
4601,1917,3.9008415560105227,4
4601,2706,3.57678243565941,4
4601,3360,4.240117520928837,3
4603,1676,2.265414446323094,1
4603,2020,4.009467924730078,3
4604,912,3.581438454955298,3
4604,1225,3.375993345437103,4
4605,265,3.679026054689445,4
4605,527,3.8445880993616655,4
4605,971,4.027577122387753,3
4605,1735,2.471710669763394,1
4605,2171,3.0,4
4605,3418,3.749982644016287,4
4605,3678,3.0,3
4606,788,3.745295173325681,3
4607,1136,4.080973288999661,5
4607,1704,4.131041812845841,4
4607,2366,4.172053569800072,4
4607,2699,3.942500337818486,2
4607,2780,3.0,3
4609,435,2.7714727627056512,2
4609,436,2.0,3
4609,451,3.0,3
4609,736,3.1426141334034625,4
4609,1088,3.0318392959277567,3
4609,1584,3.2607516283126556,4
4609,2788,2.9990555422443648,5
4609,3699,3.0779114529993676,3
4610,1259,3.2571872951377996,4
4610,1541,3.0,3
4610,1747,3.5006804177960396,3
4610,2716,3.2956775001722116,3
4610,3442,3.0,1
4611,211,3.0,3
4611,265,3.8977783386651996,5
4611,353,2.9375056104127144,1
4611,1042,3.330903582012833,3
4611,1918,3.185883577779588,3
4611,3260,3.984841738729165,4
4611,3274,2.826540996407453,3
4612,222,3.759928123522321,3
4612,2628,3.0,2
4615,529,4.09974049046242,4
4615,1296,3.946500817295176,4
4615,1644,4.181891575316921,3
4617,589,3.145632843936509,4
4618,1573,3.8991411695885323,4
4618,3571,3.0,4
4619,361,2.0,3
4619,2108,4.006537988623079,3
4619,2145,3.8541145378955255,5
4620,481,3.5324632197589323,4
4620,3051,3.0,3
4620,3107,3.7876788063777576,2
4621,1196,3.7186226710852726,5
4621,1957,4.439413077504269,4
4621,2536,3.0,2
4621,3197,4.0,3
4621,3257,3.3983714251557626,4
4624,1961,4.496176086516845,4
4626,292,3.762336107003663,3
4626,538,3.9988616178943857,5
4626,593,3.855706017491844,5
4626,809,3.0,2
4626,1054,3.0,4
4626,1674,3.7125598319475173,5
4626,1909,3.5180479587905142,5
4626,2424,3.5766180356787327,1
4626,2426,3.0,1
4626,2707,4.672183647566195,5
4626,3130,3.0,5
4627,3341,5.0,4
4627,3504,4.32515771634917,4
4629,2699,3.448387932432153,2
4630,1196,3.8882837211388654,4
4631,590,3.5154353548519985,4
4631,2064,4.097823407169637,5
4632,1293,4.376679690868456,4
4632,1994,4.123567340416087,4
4634,2871,4.97450691336855,5
4634,2976,4.466523649717814,3
4635,355,3.6037186815572575,3
4635,608,3.9895932604839714,2
4635,709,3.9459082352422037,3
4635,851,3.0,3
4635,1265,3.916763201692244,4
4635,2064,4.2435294447869065,4
4635,2080,4.090928138000881,5
4635,2571,3.913178472991712,5
4637,169,3.0,3
4637,531,4.0,4
4637,1018,3.583410815266112,5
4637,1207,3.7296378499602696,5
4637,1291,3.8189386892638373,5
4637,1772,3.0,2
4637,2394,3.3173437289480723,4
4637,2688,3.465878584421655,4
4637,3483,3.0,5
4640,1265,3.0114532275449526,1
4640,1911,2.046979476517795,2
4643,1354,3.433907091804718,1
4643,2912,3.1344677590638588,1
4643,3745,3.408086732217902,2
4645,1035,4.199064886404603,5
4647,45,3.5354931564636236,3
4647,69,3.12955216937065,3
4647,367,3.1529377994966534,2
4647,534,3.656894476087407,4
4647,1263,4.090925959383344,5
4647,1580,3.2666010837361337,1
4647,1615,2.0,5
4647,1840,3.0,3
4647,1865,3.0,3
4647,1983,3.457665002672869,3
4647,2109,3.3921130370359776,3
4647,2406,3.2911502360254943,2
4647,2470,3.1280511743039536,3
4647,2475,3.0,4
4647,2490,2.902940047438504,5
4647,2863,4.033298028764942,4
4647,2885,3.0,3
4647,2917,4.1150225676297065,4
4647,3039,3.3076721452875266,4
4647,3100,3.59680325985495,5
4647,3147,3.2378558371811175,3
4647,3588,4.0,4
4647,3717,3.680168227176273,2
4647,3728,5.0,5
4647,3747,5.0,5
4650,453,3.0,4
4650,593,3.4143640195756078,4
4650,1092,3.190141247357009,4
4650,1394,3.197932750588642,2
4652,2371,5.0,4
4653,491,3.1874603971911464,3
4653,910,3.9639245764324222,3
4653,965,4.0,3
4653,1148,3.6612123680907906,4
4653,1393,3.513655463506623,4
4653,1801,3.077281200805382,2
4653,1836,3.0,3
4653,2971,4.127532757177421,4
4653,3317,3.1153320392189388,3
4653,3747,3.0,4
4654,728,3.0,4
4654,1210,4.037055747097241,3
4654,1225,3.995550673331126,3
4655,339,3.480513779818154,4
4655,852,3.5733129365178704,4
4655,2145,3.6346306840506553,4
4656,969,4.494288904273088,5
4656,994,4.3367124408160125,5
4656,1212,4.8481800739536,3
4656,1747,4.137443293387304,4
4657,2866,3.0,3
4658,112,2.539222827651906,4
4658,692,1.327284080821033,1
4658,1206,3.2759149254668327,2
4658,1210,2.9336798727204334,4
4658,1219,3.595732108955038,5
4658,1337,3.0,2
4658,1645,2.8418358540364066,4
4658,1690,2.305063303349787,3
4658,2241,3.0,2
4658,2468,1.9218177092154873,1
4658,3034,2.939264035340386,2
4658,3701,2.499645084012395,3
4658,3745,3.05347637707849,4
4659,105,5.0,3
4659,329,4.326452873878272,5
4659,457,4.218441997159846,5
4659,838,4.538661084390375,5
4659,912,4.405994718064563,5
4659,1944,4.646684640110646,5
4659,2805,3.0,1
4660,1022,4.483384971046238,3
4661,2208,4.0,4
4661,3230,4.0,3
4662,337,3.2639334616834366,2
4662,339,3.076595936979063,4
4662,1485,3.1177128705588957,3
4662,1569,3.081743107746343,5
4662,1580,3.331963046775675,3
4662,1727,3.0,3
4662,1982,3.0,3
4663,538,3.6968749265580376,4
4663,671,3.5150338503910232,4
4663,1251,4.0020712869379675,4
4663,1302,3.2476583006010995,3
4663,1629,3.0,2
4663,2599,3.4697982583780322,5
4663,2877,3.0,3
4663,2973,3.582943388550933,5
4663,3135,3.50902591274831,4
4663,3699,3.1707673564479206,3
4664,3809,4.403600055944453,4
4665,2916,4.034482402362011,5
4666,344,3.400061086665898,2
4666,1027,2.50658702769693,2
4666,1291,3.671655466181854,3
4666,1952,3.9323936380417024,5
4666,1964,3.85573484651473,2
4666,3169,4.087991647292124,2
4666,3793,3.5209326599420416,4
4669,920,3.8486837811835137,3
4669,1204,4.168305090957086,4
4669,1214,4.0616487695134476,3
4670,674,3.180385547561789,3
4670,1584,3.7095124612635115,3
4671,1721,4.0720027297237555,3
4671,2746,3.993503147651202,4
4673,253,4.118990518703151,4
4673,648,4.059566044313182,3
4673,778,4.408625002817211,5
4673,1127,3.4186336648909004,4
4673,1206,4.167993411222913,4
4673,2411,3.0087876329876884,1
4673,2797,3.6209271293647647,5
4673,2817,1.0,1
4673,2921,3.73667444664113,3
4673,3074,3.0,4
4673,3210,3.572864323483263,3
4673,3256,3.5687711310034107,5
4673,3527,3.953528173660464,5
4673,3551,4.214422391628396,5
4674,1246,4.302392103487183,1
4674,1307,3.969455501814729,3
4675,1500,3.786653026035454,3
4675,1563,3.0,3
4675,1639,4.021909007205815,3
4675,1921,4.473551985492328,5
4676,1517,2.8817104568288325,2
4678,2000,3.8605746230293865,4
4679,2013,2.5310635014055123,3
4679,2396,3.7360558189246134,5
4679,2987,3.60997892051743,4
4679,3174,3.252053391637142,4
4680,72,3.0,5
4680,1183,3.8981952093221377,4
4680,1277,3.0,4
4680,1476,3.642766349618425,5
4680,1836,3.0,4
4680,2318,4.689385720580797,5
4680,2616,3.2390728086594334,3
4680,2683,3.6131378971453376,5
4681,2336,3.868440457848155,1
4682,153,2.77777726339736,1
4682,345,4.472561572049178,5
4682,802,3.42300289801174,4
4682,1009,3.679854688664858,3
4682,1093,3.405957597196557,1
4682,1210,3.3360208597137397,4
4682,1617,3.567470970055931,3
4682,2406,3.2418521034030876,4
4682,2467,3.324555157467887,5
4682,2596,3.0,4
4682,2672,3.2638271223691886,4
4682,2697,3.0,5
4682,2734,2.6461037360958426,5
4682,3099,4.0313765462012325,5
4682,3685,4.084692609580405,3
4682,3706,3.542426795633426,4
4683,2056,3.0,5
4685,615,3.0,4
4685,1254,3.6489400126924414,4
4686,750,4.624922704297643,5
4686,1079,4.3595707770202825,4
4686,1294,4.629450737898094,5
4687,164,4.51663087730875,4
4687,230,4.122676338930171,4
4687,357,4.454506754030845,4
4687,648,4.213933980994673,3
4687,1136,4.466942968919034,5
4687,1961,4.436965245147924,5
4688,953,4.137733679101735,5
4688,2485,4.0,3
4688,3526,3.904557955950372,5
4689,2396,4.2029243465749815,3
4690,1388,3.5963415514409407,5
4690,1552,4.029135239222527,4
4691,802,3.6719725317307295,4
4691,1183,3.423293198542559,2
4693,368,4.402391948316039,2
4693,1250,4.173418688559953,4
4693,2921,4.395580695833507,5
4694,2520,3.0,3
4695,2977,3.0,5
4697,2580,4.667231370639357,4
4697,2797,3.9805596922369237,4
4697,3247,4.126665332689348,5
4697,3325,3.0,4
4697,3565,5.0,4
4698,3051,3.0,2
4699,1586,3.429697903056749,2
4699,1831,3.3406298913862145,4
4699,2058,3.600268930200045,4
4699,2881,3.3750541524073188,3
4700,1035,3.4642854142685864,5
4700,1136,3.3805640106738424,5
4701,2396,4.5540728152042185,5
4702,150,4.348772856998382,4
4702,919,4.319423343511125,3
4702,2908,4.533073832857697,4
4704,2,2.6503131713390946,3
4704,1033,2.5989788122849573,3
4704,1295,3.0,1
4704,1517,2.833842891194091,1
4704,1918,2.6773806737918697,2
4704,2252,4.0,2
4704,3399,3.0,1
4704,3606,2.4436773312858073,3
4705,236,4.359637535008588,5
4705,261,4.2825007290164105,5
4705,527,4.125679139646471,4
4705,539,4.160309312377174,4
4705,915,4.533673726342001,4
4705,953,4.155702806841103,5
4705,2194,3.622977690160731,4
4705,2340,3.0,2
4705,2906,3.0,1
4705,2916,3.9375203323719243,1
4705,3361,4.06683591265444,3
4705,3668,3.0,5
4705,3686,3.7530377903045347,4
4706,110,3.4340121989757275,3
4706,260,3.5466255592834695,4
4706,367,3.3852057414988446,2
4706,778,3.7789193344796184,4
4706,1197,3.5069859043482614,4
4707,858,3.793726208742492,3
4707,1288,2.596376027212353,1
4707,3751,3.89036568373412,3
4708,21,4.066899667566917,4
4708,1080,4.231254738565587,4
4708,1178,5.0,5
4708,1208,4.2283414153149845,5
4708,1269,4.490697242420508,4
4708,1356,3.754609631554845,3
4708,2194,3.8734173433347667,4
4708,2447,3.0,3
4708,2683,4.05670516819509,3
4708,3082,3.5850913156353172,3
4708,3147,4.086305345423426,4
4708,3441,3.6664444527247646,3
4709,608,3.956054012809516,2
4709,2791,3.2444262393062235,5
4711,1372,4.012889927667687,4
4711,3499,4.038949191990217,3
4712,1283,3.42520770253744,2
4712,2013,3.0,2
4714,3089,4.040193290947118,4
4714,3788,4.322446230532731,2
4715,29,3.753171270485437,4
4715,111,4.213167410001892,3
4715,165,3.778322990878942,5
4715,231,3.648130034620031,4
4715,253,3.7533826267807053,3
4715,420,3.3007256353882584,2
4715,608,4.019405338836851,5
4715,1213,4.116913391071127,5
4715,1214,3.952487464912187,5
4715,1603,3.349293448124109,3
4715,1845,4.0,4
4715,1993,2.3963057179355602,1
4715,2134,3.6611592310457235,3
4715,2450,3.5320927585829023,2
4715,2458,2.8297514596766566,3
4715,2640,3.9434633153212975,5
4715,3029,4.0,4
4716,3067,4.500504980087146,5
4717,1204,4.205921343865682,5
4718,329,4.526297859571507,3
4718,2294,4.495325273138037,3
4718,2394,4.4660410714771,4
4719,1372,3.518162781508606,5
4720,2565,3.0,4
4720,3157,3.0,4
4721,2699,4.2520636130393346,3
4721,2900,4.0,4
4724,2858,4.320446042542765,4
4725,364,3.415215788255979,4
4725,514,3.1090146449778926,3
4725,546,3.2511924936597416,3
4725,736,3.301955290481751,3
4725,784,2.964516304801174,3
4725,833,2.0,3
4725,839,5.0,2
4725,941,3.0,5
4725,1333,3.5243232122225017,3
4725,2054,3.222487945250697,3
4725,2105,3.411895856179683,4
4725,2107,2.9943650747586883,3
4725,2296,2.0,3
4725,2331,3.0,3
4725,2541,2.978758923766773,3
4725,2763,3.1686133665840894,3
4725,2803,3.07711829015599,3
4725,2836,3.0,3
4725,2926,3.248858394256626,3
4725,3044,3.20543572723174,4
4725,3554,3.0,4
4725,3624,3.894878558519853,5
4726,2,3.866661687768961,4
4726,595,4.057480947286175,5
4726,1617,4.117738962684491,5
4726,2710,3.951824783820072,3
4728,417,3.0,3
4728,858,3.681015257257331,5
4728,1221,3.690690499247698,5
4728,1321,3.8274250902791978,4
4728,1366,3.0,3
4728,1378,3.6336226963269667,4
4728,1408,3.614137600645112,4
4728,1589,3.4995931262027145,3
4728,1620,3.43799638182194,3
4728,2322,3.366324631316993,3
4728,2378,3.5945898863167147,4
4728,2485,3.2027046770883243,3
4728,2504,3.0,3
4728,3005,2.772764960605791,3
4728,3274,3.263121641271031,3
4728,3363,3.7812079028848773,4
4728,3476,3.7600051904840193,4
4729,147,3.0,5
4729,454,3.6994522406689474,4
4729,1097,3.714078426368175,4
4729,1674,3.8986863346296206,3
4729,1704,3.9044556225088796,5
4729,1777,3.590842100514288,3
4729,2424,3.57258604870153,4
4729,2683,3.751292568359842,2
4729,3108,3.8914029000941377,4
4730,3764,5.0,4
4731,1954,4.062420585488234,5
4732,912,4.473731015857215,5
4732,1306,3.0,4
4732,1909,3.920958727706749,3
4732,1953,4.348968690330707,5
4732,2015,4.046703445885741,4
4732,2137,3.9907005773891857,5
4732,2354,3.0,4
4732,2519,4.247275819244982,2
4732,2622,5.0,3
4732,2699,3.79855018474804,3
4732,2701,3.794901366196886,1
4732,2787,3.64949249722319,3
4732,2803,3.2556870325178386,4
4732,2948,3.835514860997155,4
4732,3029,3.018439832603254,4
4732,3102,3.804920215016628,3
4732,3256,3.6417775885215877,4
4733,432,3.5258029401530013,2
4734,168,4.0,2
4734,1210,4.245705261954621,4
4734,2396,4.4584115496559305,5
4734,3516,3.0,3
4734,3725,3.0,4
4735,164,4.51663087730875,4
4735,648,4.294070253892301,4
4735,2206,3.8607806921746284,4
4735,2987,4.428621866257182,4
4736,407,3.4169437619751104,4
4736,590,3.539116080522673,4
4736,1042,2.7915059097333637,3
4736,1265,3.542995170269499,4
4736,2546,3.0,4
4736,2628,2.8393963704909653,3
4736,3270,3.0,3
4736,3448,3.439914158759159,3
4736,3476,3.722091398892097,5
4736,3623,3.177660591374324,1
4737,1395,4.186736131716589,5
4737,2859,5.0,5
4738,260,3.622523092568204,5
4738,1266,3.5035459690053914,1
4738,2136,3.0,1
4738,3330,3.0,3
4738,3504,3.221168335868436,4
4739,497,4.34589937812988,5
4740,610,3.6424922078179582,3
4742,954,4.103703887034089,4
4742,1036,3.728508242589125,4
4742,1918,3.193563588728208,2
4742,2717,2.9491728634066865,2
4742,2746,3.3037025946093554,2
4743,1017,3.0,4
4743,3468,4.252784941759773,5
4744,1214,3.7278886135305283,2
4744,1225,4.120540563778034,5
4745,1230,4.278086435142304,5
4745,1711,4.031715103738037,2
4746,590,3.627077414218653,3
4746,1198,3.408705854137438,4
4746,2070,4.0,5
4746,2407,3.3481726392190865,3
4746,3441,3.5380166891594196,2
4747,608,3.9803867027716806,4
4747,1200,3.753562447730673,5
4747,1438,3.0258040643409947,2
4747,2427,3.911402322586307,5
4747,2990,3.376650964448389,3
4747,3271,4.213196896181033,4
4748,524,4.389922823245192,3
4748,1276,4.715800616114267,5
4748,1480,3.0,4
4748,1855,3.0,2
4748,2470,4.402658473403332,4
4748,2846,3.0,3
4749,2997,4.0,4
4750,180,4.4300699385596225,2
4750,3100,4.543298985992948,5
4750,3421,4.200774596984655,4
4753,595,3.121308366795523,1
4754,1299,4.039125820717848,5
4754,2990,3.993557567752216,3
4754,3051,3.0,4
4754,3102,5.0,5
4757,750,4.633208904007747,5
4757,2424,4.520742234790202,3
4757,3175,4.164062375383655,5
4757,3855,3.0,4
4758,2903,3.0,4
4760,164,4.0,4
4760,587,3.931537614490092,3
4761,1258,2.574254830814479,5
4761,3052,4.651088074972483,2
4762,1276,4.093357358281599,5
4764,1344,3.0,2
4765,1307,4.281125544381042,4
4765,2009,4.270230238786752,3
4765,2130,4.466350588356397,4
4765,2670,4.336870697484111,4
4765,3054,3.0,1
4765,3176,4.3998925210165005,4
4765,3545,4.485230031643821,5
4765,3685,4.520622059953518,4
4767,45,4.0,2
4768,1409,3.6592125167785436,5
4769,3693,3.0,1
4771,39,3.6501563470949656,4
4771,50,3.8965739851564956,5
4771,759,3.0,3
4771,1721,3.8374363458188334,2
4771,2117,3.6270703157784476,4
4771,2161,3.9209291127665034,2
4771,2481,3.0,4
4771,2539,3.4290266671337366,3
4771,3620,3.0,4
4772,1270,4.283628362199923,5
4772,1927,4.615062426949643,5
4773,913,4.808586506059421,5
4773,1479,4.253330990658685,4
4774,648,4.3196198340670104,4
4774,2019,4.93345545631257,5
4774,2762,4.154311435227716,5
4774,3274,3.3284791818321797,4
4774,3461,3.0,5
4774,3703,4.663476553192239,5
4775,3052,3.8523031506655454,3
4775,3160,5.0,5
4776,1393,4.51301123597398,5
4776,3160,3.0,1
4779,454,4.200781067124829,3
4779,457,4.225087720262145,5
4779,906,3.0,5
4779,969,4.350536547490959,4
4779,1219,4.275706287402308,5
4779,1250,4.321455474726019,4
4779,1296,4.457188437797011,3
4779,1300,4.0,4
4779,3844,4.0,3
4780,2186,4.451020725064285,4
4781,3785,3.0,1
4783,3044,3.993107234988841,4
4784,1060,4.3479371214174085,3
4784,1094,4.314164214250973,4
4784,1278,4.341552683547094,4
4784,2015,4.3219243633630615,4
4784,2278,4.268924349859811,3
4784,2539,4.1009418358654015,4
4784,2640,4.242875979165891,3
4784,2736,4.0,5
4784,3614,4.081914461221468,3
4785,58,4.248634246784529,5
4785,1396,3.9086597766794275,4
4785,1882,3.767779100750745,3
4785,2722,4.0,3
4785,3706,4.501947851262846,4
4786,150,4.155464329978526,5
4786,169,3.0,3
4786,377,3.725149298623233,4
4786,1375,3.941585757497165,3
4786,2153,3.0012773897810567,1
4786,3015,4.025601098223793,4
4786,3039,4.070544335952772,4
4788,367,3.6630485455618325,4
4788,1307,3.573114622714527,3
4788,1375,3.611458586963302,3
4788,2161,3.5716850380836567,4
4788,2363,3.411076408725177,3
4788,3702,3.733742522776187,4
4789,448,3.0,3
4789,748,3.2704029904359095,4
4789,1197,3.8008215009691817,5
4789,1569,3.7126937126352813,4
4789,1687,2.8413408657632933,3
4789,2278,3.5289160554852037,5
4789,2336,3.793136167345623,4
4790,190,3.0,2
4790,365,3.0,3
4790,858,3.7365077654463885,4
4790,1177,2.0,4
4790,1268,3.731032089855639,3
4790,1320,3.2916334002279743,2
4790,2145,3.3602319039600594,3
4790,2243,3.8201068143495287,4
4790,2280,3.0,4
4790,2324,3.733011716623094,3
4790,2333,4.062637871631802,3
4790,2420,3.3028794456992627,2
4790,3289,3.0,2
4790,3481,3.724069274619007,4
4790,3578,3.57102224381614,5
4790,3614,3.345685747823388,3
4791,118,3.0,1
4791,141,3.4070197852912676,3
4791,1079,3.4967354586912722,3
4791,2699,3.1497487774928694,3
4792,920,3.873135013620208,5
4792,1127,3.0,4
4793,36,3.60820274996252,5
4793,356,3.3111003513626724,2
4793,778,3.7314304825235287,5
4793,1249,3.8502652978755516,5
4793,1573,3.435607226860753,3
4793,2396,3.4549602499814323,5
4793,2490,2.919023982311346,4
4794,1256,4.87046884054972,5
4794,3157,5.0,4
4795,903,3.9459029329990196,4
4795,919,3.9806083329437225,5
4795,2824,3.0,4
4795,3753,4.1552854060835624,3
4796,1080,3.715368919958191,5
4796,1214,3.602069273606276,4
4796,1883,3.8115512857832377,4
4796,2093,3.633750236124763,4
4796,2723,3.397609357566375,2
4796,2883,3.0,4
4796,3307,4.213088252996498,4
4796,3479,3.3324810899520854,4
4798,1244,4.809995277082176,3
4798,2628,3.8728009754495836,3
4798,2858,3.7387114683764513,1
4799,1968,3.496883203710635,4
4800,10,3.3265620602651698,4
4800,47,3.5277892853082813,5
4800,188,1.4900282860201421,2
4800,720,3.0,5
4800,1805,3.4754577468777024,3
4800,2003,3.3901607233192195,3
4800,2268,3.4658186790657215,3
4800,3270,3.0,2
4801,173,4.584952247270366,4
4801,1408,4.854941865186766,5
4801,1552,4.793784634725519,5
4801,2513,4.882963172514952,5
4801,3107,4.814489528364406,5
4802,151,4.102444491551931,3
4802,1125,4.537704505046559,5
4802,1294,4.422496866315175,5
4802,1380,4.039581634390059,5
4802,1643,4.658634407379126,4
4802,2301,4.314799613161991,4
4802,2407,4.241509986710597,4
4802,2531,3.8560367745280355,3
4802,2571,4.0865714755189275,4
4802,3147,4.458905343878614,5
4802,3169,4.608831984358183,4
4802,3451,4.535538995582303,5
4802,3468,4.605839772876063,4
4802,3746,3.0,4
4803,2908,5.0,1
4806,258,3.0,2
4806,1356,3.9273701972334614,4
4806,1777,4.237635867712463,4
4806,2021,4.2677395400552856,5
4807,858,3.7844645151666207,5
4807,2023,4.590831519310393,5
4808,203,3.0,3
4808,315,3.0000000000000004,3
4808,330,2.792835249004906,3
4808,362,3.0,2
4808,519,2.8378459033801713,3
4808,534,3.0,3
4808,547,3.0,3
4808,653,3.6596979518317294,4
4808,785,3.446493079556566,4
4808,1011,3.2759400446606395,3
4808,1091,3.2234071947956466,3
4808,1345,3.469906369260848,4
4808,1347,3.2774189538992453,4
4808,1373,3.4665543808908197,3
4808,1479,3.4475537372450797,2
4808,1537,3.0,5
4808,1660,3.0,3
4808,1858,4.168363604823188,3
4808,2126,3.360577902302422,3
4808,2142,3.166717002919748,3
4808,2348,3.0,3
4808,2405,3.488628729124352,3
4808,2671,3.417048848025788,4
4808,2699,3.5008912097495846,3
4808,2879,4.358974445807724,5
4808,2961,3.0,4
4808,3157,3.0,3
4808,3210,3.556008267760252,4
4808,3264,3.4862016488871967,3
4808,3552,3.5036826014281375,4
4808,3708,3.215007519159079,3
4808,3791,3.26436606362617,3
4809,1357,4.127660815977469,4
4809,2949,3.7854977018351974,4
4810,457,3.467367804145015,3
4810,1580,3.3353763085569206,2
4812,42,3.987700354112948,4
4812,999,3.0,2
4812,1729,3.9105273789541006,5
4812,3265,2.9300440380754096,5
4813,1183,4.422881331150731,4
4813,3269,4.645071360744721,4
4814,260,3.592654298285366,4
4814,2478,3.381741316264192,2
4814,2671,3.6811474522335375,3
4814,2890,3.74255762994328,3
4814,3052,3.7349150036482337,5
4815,541,4.404142988267085,5
4815,923,4.4987044531089335,5
4815,926,4.848579466214114,5
4815,1084,4.553732659401427,5
4815,2124,3.9636152839689163,5
4815,2863,4.695246452441712,5
4815,3699,4.174116957192159,5
4815,3702,4.245520981865929,5
4815,3911,4.5439185547948036,5
4816,50,4.218203117137128,5
4816,647,4.359440520427847,5
4816,2126,4.316178760307898,4
4816,2797,3.9291581499800614,5
4816,3051,3.0,5
4816,3158,3.0,5
4816,3252,4.337256491794634,4
4816,3740,3.531350291863128,4
4819,195,4.0,5
4819,200,3.0,4
4819,418,3.0,2
4819,539,4.1303941628145,5
4819,708,3.930580416745038,4
4819,1027,3.9967661786228397,3
4819,1092,4.236468043761236,4
4819,1126,3.40009296078583,3
4819,1363,3.0,4
4819,1702,4.001206401360381,3
4819,2097,4.278047086314672,4
4819,2110,3.755403802746657,3
4819,2134,3.870814551344051,5
4819,2161,4.153694339219966,5
4819,2279,3.857247699944802,4
4819,2334,4.614613342502268,5
4819,2392,3.0,3
4819,2413,3.9373387698747924,5
4819,2735,3.9624949640333913,5
4819,3418,4.216902263587956,5
4820,1127,3.7884806605167403,2
4821,2150,3.3124096049941447,3
4822,3755,3.0,3
4823,436,3.0,2
4823,454,3.3133258424975365,3
4823,852,3.1331548662655364,3
4823,1275,3.1036126823607106,4
4823,1641,3.551594739625252,3
4823,1945,4.319890675887296,4
4823,2395,3.7354725086138005,5
4823,2542,3.7729901539228723,4
4823,2657,3.3415643295739663,3
4823,2804,3.3557213563853328,2
4823,3033,3.228789982003657,3
4823,3087,3.04935867781119,2
4824,1374,3.581256321565691,5
4824,1747,3.8376516411217128,4
4824,3107,3.69480084984932,4
4825,2858,3.98119202108677,4
4826,1213,4.043502885899728,4
4826,1333,4.122511603143993,5
4827,2762,2.866445405632945,3
4828,1674,3.999564844656921,3
4828,3108,3.9770565835954828,1
4829,39,3.885805413249107,4
4829,541,3.9175346027105893,5
4829,728,4.0,4
4829,1197,4.159911461640635,4
4829,1721,4.228077573359817,5
4829,2761,4.076860882835991,4
4829,3177,3.0,3
4829,3241,3.0,3
4829,3755,4.409067032902716,3
4829,3793,3.8423818634522293,4
4830,2393,4.502751441032355,4
4830,3253,3.8627337015017824,4
4831,913,4.396448240576803,5
4831,1203,4.732601074678153,5
4831,1307,4.300941177028715,3
4831,1358,4.285815009311998,4
4831,2918,4.20703310215252,4
4831,3296,3.0,4
4831,3350,3.0,5
4831,3481,4.217499906353848,2
4831,3671,4.121051013016608,5
4832,1663,4.093635692097064,4
4832,1968,4.125975157593714,5
4832,2716,4.032541286415239,4
4833,908,4.227206333960569,4
4834,380,3.827751806774544,4
4834,527,3.876445248248369,4
4834,1089,3.8420781753519453,4
4834,1193,4.013628290671881,4
4834,1199,3.594090306663553,3
4834,2006,3.841412178788698,4
4834,2268,3.8506277554948127,5
4834,2357,3.0,3
4834,2858,3.833130419874944,3
4834,2863,4.1667168413524385,3
4834,3067,3.667884609739345,4
4835,1210,4.0082195091475405,3
4835,3176,4.301328686444123,3
4836,2707,5.0,5
4836,3179,3.0,4
4836,3623,4.01403371818318,1
4836,3826,1.7605534047859879,1
4837,4,2.0,2
4837,141,3.429545505908066,3
4837,1342,3.706764901282381,4
4837,1394,3.7757407965017875,4
4837,2012,3.69977086395625,4
4837,2385,3.0,2
4837,2517,3.8844296506572844,3
4837,2648,4.241343871397436,4
4837,2713,3.7840111039143465,2
4837,3701,3.896620888969411,4
4837,3740,3.4957936881582037,4
4841,1129,3.716813435496931,4
4841,3007,3.0,3
4842,2912,5.0,4
4842,2968,2.328385183934291,4
4843,111,3.998877641908419,4
4843,608,4.034524151421723,5
4843,2686,3.0,3
4844,150,4.167011904345902,4
4845,265,4.322090623311121,4
4845,708,4.233625058424019,5
4845,3134,3.0,4
4846,2023,3.4195078176622995,3
4846,2858,4.079022130064592,5
4847,903,3.977290280436133,5
4847,913,4.009915155409297,3
4847,1208,3.9265706335397503,4
4847,1223,5.0,3
4847,3683,4.0449069145724295,4
4848,2713,2.7381725317976082,3
4849,1088,4.367424913380027,5
4849,1291,4.252161459763238,5
4849,2054,4.213692092083359,4
4849,2700,3.853370870000974,3
4849,2804,4.187942593967428,5
4849,3087,4.2608708873911825,4
4850,3565,5.0,4
4852,910,4.242870713923806,2
4852,1136,4.159997283162566,5
4852,1203,3.7605973481771797,3
4852,1266,4.209864577628339,5
4852,2348,4.449828542052642,2
4854,728,3.0,4
4854,2971,4.018330470957307,4
4854,2987,3.9240837812222673,1
4854,3724,3.0,3
4855,333,3.1813770164108135,3
4855,377,2.9500984848524334,4
4855,1503,3.0,4
4855,2628,3.0934117354277078,5
4855,3033,2.815112859942632,1
4856,1084,3.8109640331347676,3
4856,2203,3.9487597931082745,5
4856,3174,2.7754896078891624,3
4856,3362,3.6214367549846047,4
4858,260,4.631393809302401,5
4858,3360,4.582523458764096,4
4858,3798,3.0,4
4861,260,3.89030402545457,5
4861,800,3.983421752502622,2
4861,940,4.0,4
4861,2394,3.7563654744751545,3
4861,2716,3.5315363410888643,3
4861,3159,3.0,4
4861,3287,3.0,2
4862,2529,3.434539446764192,4
4862,2804,3.688428478364344,3
4863,1231,4.459377187725795,5
4863,2797,3.9619458496713706,4
4865,58,3.8573065230981074,3
4867,555,4.0578254778761,4
4867,1270,3.9989772679512634,4
4867,1304,4.126935417544772,3
4867,1405,3.757809448187934,5
4867,1441,3.8659653336842705,4
4867,1680,4.23188249528463,4
4867,2065,4.02450545353369,4
4867,2359,4.196546366973954,4
4867,2997,4.213399913181895,5
4867,3095,4.224745177642208,4
4867,3261,4.063056473838792,2
4868,2456,3.0000000000000004,4
4869,778,3.645660822850251,5
4869,1111,3.0,3
4869,1962,3.4214847490020035,4
4869,2163,3.0,2
4869,2943,3.0,2
4870,784,2.9597830010454693,1
4870,1225,4.08896444551079,4
4870,1441,3.800502435537979,4
4870,1459,4.0,4
4871,593,4.194481142733807,5
4872,1485,3.693445000349318,4
4874,3019,4.883104309235153,4
4876,348,4.0,4
4877,48,4.110440974177342,2
4877,296,3.853888731345454,5
4877,1625,3.239786370607509,3
4877,2617,3.651035645082582,1
4878,2352,3.61061371596103,3
4878,2359,4.254218641427722,5
4878,2858,3.6448374841354596,1
4879,541,3.6027130810559846,5
4879,608,3.5508666259223025,5
4879,780,3.080760482439523,3
4879,1206,3.5335719827231027,2
4879,1231,3.599787574576579,3
4879,1252,3.958576816639906,4
4879,1374,3.3913115656308204,3
4879,1500,3.3598944352015803,4
4879,1952,3.981387300151133,2
4879,2160,3.9909918555025903,5
4879,2232,5.0,3
4879,2973,3.9396355394164475,4
4879,3152,4.010255165553296,5
4880,2858,3.066329050968223,3
4880,3125,3.0,5
4882,2819,4.2520073551847775,5
4882,3024,3.0,2
4882,3498,3.9702705743671944,5
4882,3685,4.1762502699587705,4
4883,2359,3.3253395610844643,4
4884,111,4.225400838335334,4
4884,249,3.0,5
4884,260,4.032947040398895,5
4884,1196,4.0242675015167455,5
4884,1252,4.300512316722719,4
4884,1350,3.960079361595212,4
4884,1876,3.8355816906566895,3
4884,2406,4.032572605833312,5
4884,2470,4.034674087329856,5
4884,2826,3.6929694525438936,4
4884,3508,4.197183180207359,4
4885,952,4.650306595547317,5
4886,610,4.044571022251351,4
4886,1580,4.056643335051319,4
4887,29,3.3225987553512635,1
4887,206,3.0,3
4887,281,4.19519700040608,3
4887,356,3.6984691860283108,4
4887,1258,3.784873093493634,4
4887,2718,2.0,3
4888,534,3.0,5
4888,1022,4.068138341066553,5
4888,1077,4.541491186072776,5
4888,1251,4.615691893133393,5
4888,1264,3.0,5
4888,1394,4.445407137690835,5
4888,1953,4.565559540713817,5
4888,1957,4.66189543239644,5
4888,3724,4.653101746128418,3
4889,356,4.392240111616609,4
4889,1049,4.234334497458256,4
4889,1994,4.275563136562264,4
4890,1535,3.0,3
4890,1639,3.605489985363388,4
4890,3046,3.0,3
4890,3529,3.0,3
4892,750,3.388071395585795,5
4892,1411,3.507811186491718,4
4892,1965,3.559201552805111,4
4892,2858,3.628899023616187,4
4892,3755,4.0,3
4893,780,4.046891048755012,5
4893,1375,3.962913138706263,4
4893,1882,3.881402566716266,5
4893,2808,3.6512010518576297,4
4894,648,3.8739477223165952,5
4894,1196,3.9073830709696273,5
4896,3535,3.0,1
4897,196,3.3233401617746603,4
4897,861,3.2929184945535535,3
4897,1090,3.8147397927509905,5
4897,1130,3.0923018216989857,3
4897,1326,2.8408926552040334,3
4897,2522,3.0,3
4897,2645,3.6901194409579285,3
4897,2797,3.427984320761224,4
4897,2804,3.4648663766713574,5
4897,2918,3.4439513733196625,2
4897,3710,3.0,2
4898,6,4.203881786201989,3
4898,260,4.2985680024787,5
4898,1214,3.81776428538403,5
4898,1227,4.798617157838647,4
4898,2324,4.3062088967495,5
4898,2947,4.391405494042604,4
4899,296,3.6793750215036036,4
4899,529,3.7323497654984252,4
4899,2140,3.268168215205442,3
4899,2407,3.8329318126015863,2
4899,2660,3.0,2
4899,3706,4.011029255792148,4
4900,3274,3.0,2
4901,349,3.917287271177473,2
4901,1073,3.9385681988041177,4
4901,1994,3.918791121603249,4
4901,2551,3.0,2
4902,920,3.8607633312477723,4
4902,1207,3.8831760936784474,5
4902,2951,3.5188325727040084,4
4904,338,4.579782902559685,4
4904,1019,4.779956410153117,5
4904,1127,4.656575502458345,5
4904,1136,4.656533358307868,5
4904,1197,4.62746581730624,5
4904,1419,3.0,5
4904,1690,4.64037460759677,5
4904,1962,4.584660580567169,5
4904,2140,4.696804561016261,5
4904,2353,4.5522543069759545,4
4904,3527,4.625396671507755,5
4904,3697,4.642759010784961,5
4905,318,3.493416422053335,4
4905,2287,4.517495875868441,2
4905,2944,3.493622836585448,3
4905,2976,4.0,2
4906,1210,3.8907728944690256,3
4906,1670,3.0,4
4906,1805,3.782474149232018,3
4906,2987,3.9402309911839444,4
4906,3705,2.826086110450166,3
4907,969,3.283092880742594,5
4907,1124,3.9196442311244875,3
4907,1172,3.3917876099057795,5
4907,1693,3.0,5
4907,2499,3.0,1
4907,2716,2.95697354942064,3
4908,364,4.10421261153451,5
4908,426,2.0,3
4908,1136,4.254988794951438,5
4908,1214,4.043389108582789,4
4908,3702,4.088124518313107,4
4909,1024,3.0,3
4909,1188,4.65224254194145,5
4910,2688,3.0,2
4913,260,3.689026302404797,3
4914,11,4.0180093805578165,5
4914,457,3.879413508409352,4
4914,1270,3.949554850035223,5
4915,34,4.0356063675251805,4
4915,1197,3.9526632935250823,5
4915,1320,3.5770053694000117,2
4916,2190,3.0,1
4917,2043,3.0,2
4917,2141,3.194200756474959,4
4918,457,3.5460763250469642,4
4918,555,3.699013053517444,2
4918,924,3.684654723231803,4
4918,953,3.663370186983333,3
4918,1748,3.5232939103829772,3
4918,2105,3.5056731721057455,5
4918,2986,3.3553097012072812,2
4919,318,4.196660535543797,5
4920,296,3.8305954479544733,5
4920,750,4.1413150260976295,5
4921,454,4.081454963210963,4
4921,562,4.4874632664909475,4
4921,1484,3.0,4
4921,2112,4.495347312708652,3
4921,2716,4.507240831221522,4
4921,3363,4.475161854380182,5
4922,1079,4.099782006175248,4
4922,1091,3.5180105582419485,3
4922,1246,3.8422276313595574,5
4922,2701,3.036613230955118,1
4922,2858,3.945813442876337,5
4922,3006,4.345273878023583,5
4922,3441,3.2308565133116596,3
4924,1247,4.037538342638358,4
4925,708,4.817936629684296,4
4926,3397,3.5861382888594986,4
4927,317,4.005711818640156,4
4927,349,4.034618169936681,4
4927,1357,4.395918718479244,4
4927,1610,4.06161531021162,4
4927,2628,3.756701691214683,4
4928,628,3.4833375209518365,4
4928,924,3.6503842531188306,5
4928,1211,2.982267758965075,4
4928,1269,3.548233876377553,4
4928,2150,3.6355502219316147,4
4928,2302,3.392895397494231,4
4928,2778,3.0,3
4931,1927,3.0,5
4931,2433,5.000000000000001,5
4932,300,4.245619849044618,5
4932,388,3.0,5
4932,553,4.21263056006532,2
4932,1200,4.280164688212477,5
4932,1215,4.384641514516351,3
4932,1317,3.0,3
4932,1366,3.0,4
4932,2396,4.216130232443242,5
4933,85,3.0,3
4933,253,3.6435527297415042,2
4933,468,2.249637144308349,2
4933,3175,3.513573512903629,3
4933,3911,4.103371816031707,4
4933,3943,3.0,5
4934,595,3.1722248711011605,1
4934,947,2.6811534700838293,3
4934,1425,3.0,3
4934,1704,3.3053573962439238,4
4935,2028,3.678845481480303,4
4936,593,4.361839295359178,5
4936,1358,4.248376725792299,2
4936,1394,3.7661106483909266,1
4937,246,4.3661403568792405,5
4937,265,4.429060752618032,4
4937,2282,5.0,4
4938,2355,3.168834201675137,5
4938,2706,3.429811231900074,4
4939,1,3.947582578275189,4
4939,1196,3.848615261576854,5
4939,2115,3.6994178910686935,4
4939,2966,5.0,5
4940,594,4.108918400917959,5
4940,900,4.7502034402726485,5
4940,1179,4.169059193483989,5
4940,1287,4.4473257153472225,5
4940,1674,3.9732635931126126,4
4940,2524,3.0,2
4940,2529,4.070448221068088,4
4940,3926,4.0,4
4942,185,3.5479871060490824,4
4942,1028,3.9128560341682648,3
4942,1099,5.0,3
4942,1387,3.755957810879512,4
4942,1909,3.5412683489343713,4
4942,1963,3.5366425751521136,4
4942,2009,3.521093565299484,4
4942,2096,3.8993794976543077,3
4942,2311,3.4861856531579454,4
4942,3068,3.6081069420408562,4
4942,3114,3.849973462006838,5
4942,3354,3.8104646518699936,4
4943,912,3.8001206542078383,5
4945,1287,4.213000134021078,4
4945,1304,4.040819791427308,3
4945,3361,4.101457460385811,4
4946,943,3.494974649730325,4
4946,964,3.0,3
4946,1018,3.0,4
4946,1028,3.967917696647586,3
4946,1914,3.0,5
4946,3396,3.913171861756082,3
4946,3467,4.268461790257904,4
4946,3671,4.062772033637605,2
4947,1225,4.540548033463933,4
4947,3755,5.0,3
4948,301,3.0,4
4948,551,3.2258329439345945,4
4948,594,3.3290055362656292,4
4948,941,3.0,3
4948,1042,3.3720202220297044,2
4948,1235,3.3840850913891964,3
4948,1262,3.7224935126989,3
4948,1350,3.878276283236011,2
4948,1527,3.215350792252087,2
4948,1673,3.149356473055664,5
4948,2363,3.129839931565075,2
4948,2729,3.65569230773771,4
4948,2791,3.023166922649278,5
4948,3019,3.2618200099394192,2
4948,3200,2.7485259923429775,2
4948,3201,3.6123845356735553,2
4948,3498,2.5520234423234833,5
4948,3671,3.278998947335703,4
4949,3252,4.449169665709643,5
4950,36,4.0871363193031796,3
4950,374,2.0,2
4950,950,4.728720182415048,4
4950,955,4.545462185989948,4
4950,1278,4.092713112483501,5
4950,1794,3.0,3
4950,2707,3.6208662773090974,3
4950,2968,3.8125739395229736,4
4950,3163,3.0,4
4950,3633,3.857914731567059,3
4950,3798,2.0,4
4951,199,3.0,5
4951,750,3.8216570155397562,5
4951,1269,3.943374906238166,5
4951,2333,4.00847077208203,4
4951,2664,4.124063335804598,4
4951,3897,3.9508902441163465,5
4952,21,3.6371991512892885,3
4952,1683,4.340580370882892,4
4953,253,3.8386261515070217,4
4953,308,3.0,3
4953,1616,3.1192468518521914,3
4954,34,3.0362998948634505,3
4954,1197,3.6387123518863036,3
4954,3086,3.0,5
4954,3421,3.6873866462981777,4
4955,3606,4.472551181687791,5
4956,1293,4.10425588677422,5
4956,1620,3.013762567660674,4
4956,1639,3.7442550063679145,3
4956,1643,4.467383226504377,5
4956,1695,3.0,3
4956,2313,4.099178191226043,3
4956,2470,3.6907177499346306,3
4956,2571,3.825771319140362,4
4956,3421,4.1072980904587535,4
4957,7,3.0991455664448977,3
4957,47,3.5268247611888386,5
4957,224,3.160656255035704,3
4957,367,3.325928843227447,3
4957,450,2.58339847248815,3
4957,899,4.145972917374444,5
4957,1127,3.4198095434431597,3
4957,1224,4.861620427121574,5
4957,1588,2.7210734463342052,2
4957,1673,3.7459126169133317,3
4957,1885,3.8069205520326403,3
4957,1954,3.525985477471195,4
4957,2088,3.2162603997396575,4
4957,2170,3.0,2
4957,2352,3.666090317667058,3
4957,2371,3.389352035109355,3
4957,2396,3.7596563195172035,4
4957,2453,4.0,3
4957,2471,2.93176738612618,2
4957,2598,3.413412818200359,3
4957,2641,3.284379321883194,3
4957,2828,3.0,2
4957,2949,3.547430488257045,4
4957,3045,3.0,3
4957,3088,4.247087685791447,4
4958,157,3.0,1
4958,529,3.7259828441465777,3
4958,912,3.6857874978598124,5
4958,1089,3.477827339322105,1
4958,1196,3.4955452595448144,4
4958,1293,3.7245587076324966,5
4958,1610,3.420602754719316,3
4958,1760,3.0,2
4958,1968,3.5082667435500006,4
4958,2085,3.89500521167365,4
4958,2096,3.917693009843344,3
4958,2105,3.328132806348986,5
4958,2628,3.5152981694639096,4
4958,2692,3.489020611577228,5
4958,2924,3.0,4
4958,3071,2.7451861002937723,5
4958,3477,3.0,1
4958,3479,3.4557873301712676,1
4959,608,4.319614239013779,5
4959,1296,4.381533264012518,4
4959,1347,3.941314357493209,2
4960,2085,4.261117691101428,5
4961,22,3.5493520355992696,4
4961,318,3.449171727208422,3
4961,1210,3.3509951218199787,3
4961,1213,3.4974557161895494,4
4961,2402,2.728137020966352,1
4961,2605,3.4056270431157367,3
4961,3508,3.659736128316774,3
4961,3835,3.0,3
4962,587,3.773508630936718,3
4962,916,4.352798150146011,5
4962,919,4.059259612535069,5
4962,1288,3.5343920377988054,3
4962,1302,3.9278686335478334,3
4962,1674,3.7684673689574275,4
4962,2398,3.977825380555062,4
4963,1704,3.7386853080997553,5
4964,185,2.6716417206265173,3
4964,527,3.67459220630576,4
4964,593,3.6408886671964735,5
4964,924,3.62066135137997,5
4964,1036,3.403632554446753,3
4964,1187,3.0,4
4964,1282,3.542021290749241,3
4964,1304,3.619065839355187,3
4964,1391,3.0895481036202437,4
4964,1721,3.329313543212303,3
4964,2010,4.346389514468084,4
4964,2450,2.8349654763318752,3
4964,2530,2.7404751125298237,3
4964,3175,3.1075590270372615,1
4964,3176,3.239582404500389,4
4965,89,3.263908308014671,3
4965,160,3.24871981934385,2
4965,172,3.248214414659855,2
4965,2006,3.474854812594203,4
4965,2959,3.4727231701452577,4
4965,2997,3.8200633916067743,4
4967,21,3.5785778396924557,4
4967,3863,3.0,4
4968,750,4.748455974876876,5
4970,2402,1.0,1
4971,1136,4.284812064818947,4
4972,1214,3.890112370690955,5
4972,1332,3.2641478352228535,3
4972,1333,4.449622560612,4
4972,1335,2.0,3
4972,1373,3.5619503643652015,3
4972,1977,2.678326965828774,2
4972,3021,2.605403857519903,2
4972,3146,3.0,3
4973,1084,3.8451501440655576,4
4973,1674,3.8502795313531264,4
4973,2245,3.9063119981071206,4
4973,3342,5.0,3
4975,541,3.8415417650432,5
4975,1073,3.9318528355066147,3
4975,1727,3.0,4
4975,2028,3.9267500109868765,5
4975,3471,3.9058981033211584,5
4975,3489,3.767967222576458,4
4977,741,3.0,5
4977,1676,2.9379919272128525,3
4977,1692,3.0,3
4977,3697,2.977117516734553,2
4978,2628,3.971858465755784,2
4978,2985,4.0025843505497205,3
4979,161,3.840859654358283,4
4979,203,2.0,1
4979,592,3.555713732221102,4
4979,988,3.0,2
4979,1028,3.6085436744152024,2
4979,1201,4.11016494847383,5
4979,1303,4.339474642057175,4
4979,1573,3.54209730132413,4
4979,1639,3.76225300705853,4
4979,1663,3.3109261304031747,5
4979,2115,3.546585197702997,2
4979,2116,3.687572219942297,3
4979,2160,3.4556169537720285,1
4979,2488,3.0,1
4979,2651,1.3975270179891357,1
4979,2699,3.251002808579219,4
4979,2717,3.017191807990415,2
4979,2884,3.0,2
4979,2968,3.43483236343608,4
4979,3070,3.4747461048217883,3
4979,3130,3.0,3
4979,3146,3.0,4
4979,3840,1.3066893678117677,1
4980,25,3.787045266011844,5
4980,125,3.2763535091596716,4
4980,1273,3.0,4
4980,3418,3.7124052509760608,4
4981,151,4.136516512110918,4
4981,553,3.751173957881719,3
4981,1057,4.246505723247138,4
4981,1398,3.0,3
4981,2610,3.0,4
4981,2885,3.0,4
4982,1299,5.0,5
4983,588,3.9246083903467563,4
4983,1367,3.0,5
4983,2085,3.878147957464811,5
4984,105,4.0,3
4984,272,3.5635865503545645,4
4984,1179,3.6134208963654078,5
4984,2283,3.0,3
4984,3105,3.3025795542249266,4
4985,1222,3.942077759248109,4
4985,1240,3.894650936644569,5
4988,246,3.9299257826511096,5
4988,637,3.0,1
4988,986,3.0,4
4989,300,4.131487020874521,4
4990,1,4.401473324712723,3
4990,924,4.412109046429134,5
4990,3182,3.0,5
4992,1073,4.052835175550066,4
4992,1387,3.8894184921349764,3
4993,1183,4.3698013061779655,4
4993,2724,4.291563139381056,4
4994,24,4.485972911583939,4
4994,517,3.6795784791370827,4
4994,1215,4.408601317369043,5
4994,1230,4.832961291711085,5
4994,1294,4.5133524928575515,5
4994,2140,4.18115296160184,4
4994,2628,4.353910600853717,3
4994,3529,3.0,4
4994,3593,3.0,2
4995,1,3.3875174625637516,4
4995,1093,4.019060486943193,2
4995,1197,3.464165068656228,4
4995,1276,3.547861060702232,3
4995,1537,4.0,3
4995,2580,3.8385043967963215,5
4995,2890,3.4018356002477046,4
4995,3350,3.0,3
4996,1466,4.737083649043349,5
4996,3701,3.0,5
4997,2918,3.73624097987509,4
4998,297,3.0,5
4998,590,4.144054230656471,3
4998,1569,3.9897483502721895,4
4998,2997,4.124644920875287,4
4999,1784,4.090613499821146,5
5000,489,3.0,4
5000,593,4.436030521210735,4
5000,1342,3.8576717605545316,4
5000,1347,4.385903878838098,5
5000,1584,4.407205020885645,5
5000,1727,3.0,5
5000,2137,4.804903143026011,5
5000,2968,4.167028649121322,4
5000,3638,4.533187395801937,4
5001,1223,3.9891650039863435,5
5001,1225,4.169034831533802,5
5001,1688,4.364795770467072,5
5002,337,3.71719033618238,4
5002,593,3.677394202098732,3
5002,903,3.938491063964503,4
5002,1967,3.4564356765311133,4
5002,2011,3.437003632775296,2
5002,2808,3.078149121127926,3
5003,593,4.669402631433768,5
5005,249,3.0,4
5005,475,3.808735836025758,3
5005,1135,3.3534125364929883,2
5005,1834,3.6154160114555784,4
5005,1885,3.6015980214813292,2
5005,1957,3.838559948845291,5
5005,2020,3.7816801971544725,5
5005,2413,3.3983763062603036,3
5005,2478,3.4596177625740885,3
5005,2520,2.0,4
5005,2889,3.0,4
5005,3471,3.566926392737326,3
5008,1034,3.0,3
5008,1223,4.721311961355652,5
5008,2700,4.140515396884229,5
5008,2959,3.7439070226227686,5
5008,3527,4.1454555635431145,3
5011,161,3.92322443288787,4
5011,260,3.958872404859691,4
5011,542,3.196460660854043,3
5011,661,4.075819859853113,5
5011,920,4.064902563972682,4
5011,1088,3.9230124940020668,3
5011,1307,4.023098707167216,5
5011,2120,3.673198687744752,4
5011,3000,4.65285907250152,5
5011,3040,4.007791971606371,4
5011,3557,5.0,4
5011,3857,3.0,4
5013,2529,3.704821077426105,4
5014,1356,2.916442985338751,1
5014,3175,3.1451680952581436,3
5014,3702,3.26012523260658,3
5015,296,4.230382070255085,5
5015,318,4.291555078531219,5
5015,367,4.130059107599804,4
5015,368,4.067034194010707,4
5015,588,4.176963427541784,5
5015,593,4.234362080100126,5
5015,1028,4.244575088526394,5
5015,1224,4.658327712628836,5
5015,1252,4.24634180086122,5
5015,1288,4.0891902445189565,4
5015,1385,4.1713801969454005,3
5015,1616,4.2925892520042215,4
5015,1960,4.308542237884819,3
5015,1964,4.080588917703426,3
5015,2003,4.065934106424534,4
5015,2336,3.935237028599861,4
5015,2670,3.4928706637012823,4
5015,3519,2.956557832053182,3
5015,3701,3.936658049880113,1
5015,3807,2.0,2
5016,26,3.0,4
5016,1968,2.756294015664078,3
5017,1222,4.05574275205852,5
5018,30,3.0,4
5018,1244,4.182392556276837,4
5018,1262,4.217579577018765,4
5018,1270,4.166960116023825,4
5018,1395,4.093345554278547,4
5018,1515,3.0,1
5018,2268,4.143897806424971,4
5018,3037,4.167871015290384,5
5018,3098,4.165965640585228,4
5018,3246,3.993285540153827,5
5019,1097,3.52547221077405,3
5019,1199,2.8269397825180587,3
5019,3163,3.0,4
5019,3629,5.0,4
5020,653,3.8951490162362723,3
5020,1566,3.9685622410680392,3
5020,2456,3.757982797764597,2
5021,1129,3.328744674217163,2
5021,1263,4.328589320221468,5
5021,1939,4.8057209492264406,4
5021,1964,4.348896290342655,5
5021,2455,3.4360589152200305,1
5021,3471,3.752871960944953,4
5022,858,4.586470188479163,5
5023,1022,4.0460979182126975,5
5023,1066,4.0,3
5023,2997,4.073959420945141,4
5023,3081,3.2687109977493454,3
5023,3710,1.0,2
5024,352,3.0,3
5025,111,4.461909481402707,5
5025,1247,4.44343496187017,3
5025,2529,4.42172511397127,4
5025,3019,4.468852979308963,3
5026,291,3.0,1
5026,1020,2.791114230650484,2
5026,1023,3.6204524718743674,4
5026,1219,3.8149153687949457,4
5026,1320,2.800006848313504,3
5026,1425,3.0,1
5026,1687,2.4877288925963827,2
5026,2013,3.81057131897968,3
5026,2126,2.8981067555023876,3
5026,2539,3.2545381954452846,4
5026,2701,3.123653656027146,2
5026,2728,3.5638442322922574,5
5026,2806,3.0,1
5026,2951,3.9878046266475424,4
5026,3253,3.2648165190977285,4
5026,3615,3.0,4
5029,6,4.1827036768020935,4
5029,1722,4.109424558479679,4
5029,2268,3.7881568096789975,5
5029,2335,3.307081903914804,4
5029,2567,3.0681737110950453,1
5032,231,4.000344772924842,5
5032,1517,4.044765184605647,5
5034,593,4.147560763333453,4
5034,912,4.319977929878351,4
5034,1066,3.0,5
5034,3111,3.0,4
5034,3196,4.473354264386972,3
5034,3405,3.0,5
5035,589,3.9664277384933957,3
5035,1204,3.9660384218106945,3
5035,2001,3.9246647183016337,4
5035,2109,3.9535592713107373,2
5035,2302,3.923981778721734,4
5035,2736,4.02246991768217,4
5035,3072,3.936488399041733,4
5036,2670,3.0,3
5037,2100,4.141123427383557,4
5038,1094,4.025744686698327,3
5038,1387,3.9674451993006343,5
5038,1419,3.0,3
5038,2160,4.191374229306246,5
5038,3159,3.0,4
5038,3273,4.0,3
5038,3298,3.0,2
5039,628,2.2966142375635,4
5039,1683,3.0,3
5039,2219,1.0,1
5039,2391,2.4772708976888653,4
5039,2806,3.0,1
5039,2882,3.0,1
5039,2908,3.5546000549802086,4
5039,2977,3.0,1
5039,2981,3.0,5
5039,3505,2.605745503231199,2
5039,3527,2.2431302268150084,1
5040,1779,4.009949953045217,4
5040,1992,3.4074261357443616,3
5041,1625,3.9220815634546056,4
5042,149,3.0,3
5042,708,3.5696421820637294,4
5042,800,3.4952352035810135,4
5042,838,3.6416312232454398,3
5042,1300,4.0,4
5042,1393,3.7029224054505856,2
5042,1446,3.0,4
5042,1513,3.484348782432459,4
5042,2413,3.5328553025591636,4
5042,3448,3.6424472382283235,5
5042,3466,3.0,2
5043,356,4.128053148138546,4
5044,111,4.2567175584315,4
5044,3070,3.7074011519347305,1
5046,30,3.0,4
5046,344,3.7479311404071,3
5046,782,2.0,2
5046,1255,3.0,4
5046,1266,4.064727303859541,3
5046,1380,3.6844146433971123,2
5046,1449,3.936722064700922,3
5046,1694,4.011426698636433,5
5046,2010,4.674576443672413,5
5046,2070,5.0,5
5046,2112,3.880433258529766,2
5046,2118,3.965389748114215,4
5046,2240,3.8264381401349303,4
5046,2361,3.0,5
5046,2815,3.460644910610069,2
5046,2986,3.0966690827099086,4
5046,3253,3.675846720173835,4
5046,3330,3.0,5
5046,3505,4.032620074796902,5
5046,3788,4.760949427117967,5
5047,247,4.403272934390836,4
5047,1089,3.913311481750163,5
5047,1179,4.388966451456899,5
5047,1500,3.6740882673103927,4
5047,1625,3.4984779898499,4
5047,2065,3.904567122935916,3
5047,2318,4.627364739424202,4
5047,2574,3.0,2
5047,3623,3.540636525332453,2
5048,1333,4.483629257943561,5
5048,3350,3.0,5
5048,3494,4.691696790952035,5
5049,720,5.0,5
5049,1957,3.987984379408587,3
5049,2020,4.210098538759093,3
5049,2788,4.205557021723683,4
5049,3836,3.5096430869992985,4
5050,605,4.22801275681148,4
5050,2443,3.0,4
5051,2025,3.0,5
5051,3186,3.596850788337789,4
5053,296,4.194601180506187,5
5053,457,4.083955941792508,3
5053,1917,3.861887601507892,4
5053,2046,4.1280775405921535,3
5053,3298,4.008518945053143,3
5053,3355,3.0,4
5053,3534,2.2854029750074227,4
5054,316,3.435482051678099,3
5054,534,3.3304982907981335,4
5054,912,3.720611983037687,5
5054,969,3.8630932031536425,5
5054,1046,3.0,2
5054,1186,3.558198536897443,3
5054,1258,3.4988630862953833,4
5054,1261,3.7989230480168756,1
5054,1263,3.7465960029634506,4
5054,1673,3.431212542843614,3
5054,1974,2.395936868193051,2
5054,2071,3.0,3
5054,2125,3.47887891747334,3
5054,2171,3.0,3
5054,2186,3.989960954929886,5
5054,2352,3.434690890465013,4
5054,2397,3.0,4
5054,2454,3.6625320736875553,4
5054,2567,2.8095736737830816,3
5054,2692,3.4418874662083265,4
5054,2784,2.4259597239065753,2
5054,2935,3.988581988307298,4
5054,3089,3.504080594329578,3
5054,3379,3.0,3
5056,440,4.481887115070979,4
5056,1270,4.436526589709765,5
5056,1294,4.59254342897081,5
5056,1663,4.4638740472237375,3
5056,2046,4.238211968932964,5
5056,2105,4.19640212209752,4
5056,2302,4.5426694753833115,5
5056,3450,4.526532552880344,4
5057,589,3.6419037158685823,3
5057,3510,3.199601706215033,3
5058,350,3.0,3
5058,1284,4.9268174597987615,5
5059,1687,3.4564377309690784,4
5059,3005,2.9426681675657758,4
5060,914,4.759175603202709,3
5060,1214,4.139175265110058,3
5060,2078,4.0571672240507635,4
5061,595,3.9365939743618394,4
5061,1022,4.191073308692465,5
5061,1025,4.2334381766170095,5
5061,1214,3.785272661135006,4
5061,2080,4.1088204589972985,5
5061,2628,3.643284356354391,3
5061,2724,3.010114069867599,4
5063,1270,4.343669659694168,5
5063,2622,5.0,3
5064,903,4.447786586912935,4
5064,3788,5.0,3
5065,2121,3.067544138606415,2
5065,2344,3.0,5
5065,3476,3.761807047495694,3
5067,3416,3.0,5
5070,141,3.673788758160026,4
5070,1136,3.6876239503262314,4
5070,1242,3.7209929086549383,4
5070,1276,3.810983475765353,4
5070,1408,3.421679127055318,1
5070,1639,3.8233484060786616,4
5070,3544,3.0,4
5070,3763,3.3403523013560945,4
5071,3740,4.082133744828137,4
5072,2046,4.700519936236887,5
5074,77,3.0,3
5074,153,3.3051205774804595,1
5074,509,3.893194810527401,5
5074,1178,3.772001878548713,5
5074,1259,3.7244487388437317,5
5074,1276,3.864444565528775,4
5074,1288,3.688098563052942,3
5074,1365,3.0,5
5074,2138,1.9912600056071006,5
5074,2336,3.93526012451299,4
5074,2475,3.0,4
5074,2628,3.5350327567115305,3
5074,2739,3.638557427359794,5
5074,2764,3.0,2
5074,2795,3.9709962112230865,4
5074,2840,4.009835481079541,1
5074,2932,3.9845037716843703,4
5074,3261,3.9721595757529964,3
5074,3763,3.2739176844803857,3
5076,125,3.5151308533111787,4
5076,2065,3.5713291207657,3
5076,2915,3.4622732105967575,3
5077,407,3.518694424334255,2
5077,864,3.0,3
5077,1073,3.6257458303169012,5
5077,1077,4.033535023639196,3
5077,1084,4.30368301823692,4
5077,1179,3.8878102606968503,4
5077,1277,3.0,4
5077,1580,3.5219245758734146,1
5077,1639,3.7887626801708696,1
5077,1964,4.43420720919203,5
5077,3081,3.4560137368990884,2
5077,3814,4.238816241026389,3
5079,1221,3.8182003169814607,3
5079,3186,4.0,5
5081,318,3.848225243190277,5
5081,1265,3.8316254724096264,3
5081,3618,3.0,4
5082,905,4.245277641483288,5
5082,1201,3.5265230553782576,5
5083,266,4.060665109285128,2
5083,593,4.07153354920036,5
5083,1022,3.273660760856797,3
5083,1246,4.102958255461516,5
5083,1265,3.99799360365603,4
5083,1648,3.0,3
5083,2402,3.024337569195999,3
5083,2858,4.038229031604731,5
5084,107,3.0,1
5084,170,2.9769043838244507,5
5084,527,2.981896304290074,5
5084,3060,3.232648454794833,3
5084,3255,3.146579665212341,3
5084,3396,2.770229545965521,2
5084,3526,3.0014571046172347,1
5085,951,4.666985576942342,5
5085,1265,4.479747438220195,4
5085,2321,4.209618485190305,3
5085,2359,4.544513040232729,5
5085,2941,4.592589341107835,4
5085,3308,4.461121346879177,3
5085,3685,4.5249082018191835,5
5086,318,3.995299861948374,5
5086,913,4.271496487028705,4
5086,1097,4.003878014348138,4
5086,1196,4.006059420011544,5
5086,1387,4.062797263950245,5
5086,2064,4.139339012426437,4
5087,1892,4.3342344705985205,3
5087,2605,3.1636658484882183,3
5087,3175,3.547779126081492,5
5087,3185,3.0,5
5087,3536,3.334235128458497,4
5088,1097,4.337767890821171,4
5088,1240,4.34451860820806,4
5088,3448,4.379933882045171,4
5090,509,4.380679326737745,5
5090,788,4.103009877688624,1
5090,1080,4.410974402672238,5
5090,1301,4.183906006121329,5
5090,1721,4.466408039598905,3
5090,2520,3.0,5
5090,2918,4.319369791788037,2
5090,3543,4.378687833848129,3
5091,674,3.12318218283183,4
5091,1073,4.0203158521006355,4
5091,1276,4.410863930144581,4
5091,1408,4.089176529580019,5
5091,1584,4.017647624993135,5
5091,1777,3.958787340941436,3
5091,1952,4.428424995894463,2
5091,2144,3.9995926546510585,4
5091,2243,4.288418916384404,4
5091,2473,3.3741215482022398,3
5091,3450,4.141179470550494,3
5092,1953,4.3732614702518635,4
5093,553,4.204395330298083,5
5093,2268,4.085205245159058,5
5094,2058,4.495847014502198,4
5095,720,3.0,4
5095,1193,4.650542872831884,5
5096,223,3.972207086328457,4
5096,515,4.106825146654014,4
5096,610,3.2865101936241605,2
5096,750,4.159709650943441,5
5096,1230,4.442986778121769,5
5096,1584,3.6516017053214567,4
5096,2411,2.542262272936873,4
5096,2526,3.0,2
5096,2748,3.0,1
5096,2961,3.0,2
5096,2975,3.0,1
5096,3593,3.0,1
5096,3770,2.886369874582109,2
5097,1127,3.841398607302966,3
5097,1221,4.581487292145681,5
5097,3362,4.560202808212582,5
5098,952,3.599433172791087,3
5098,1344,3.272537984679835,4
5098,1378,3.312526422611165,2
5098,3035,3.4039763671337506,4
5099,180,4.569537035692359,5
5099,366,4.735238613859493,5
5099,724,4.249211292123424,3
5099,1020,3.5161817979775036,3
5099,1377,3.6867160260879026,3
5099,1983,4.518691138013423,5
5099,2003,3.831244218710052,3
5099,2321,3.8375798599724287,2
5099,3404,3.0,3
5100,4,3.0,3
5100,87,1.4692813137587422,3
5100,216,2.3724484668636934,1
5100,316,4.1318403888914945,1
5100,589,4.3144792312018865,5
5100,1131,5.0,5
5100,1409,3.3347897456682936,4
5100,1949,4.75697545947611,5
5100,1968,3.912692320547712,5
5100,2071,3.0,4
5100,2347,3.0,5
5100,2405,4.079337594224514,3
5100,2983,5.0,5
5100,3497,3.0,4
5100,3504,4.7981862297119005,5
5100,3683,4.775741402495749,5
5100,3948,4.1526043313902905,4
5102,3253,4.5523285005395655,4
5103,610,4.474166580090594,5
5103,880,4.392116376724137,5
5103,1374,4.355439226412563,4
5103,2110,4.51230895543559,5
5103,3702,4.485659173940661,4
5103,3766,3.0,4
5104,1287,4.596893766189288,5
5105,2311,3.7677913588959466,4
5105,2454,2.808715189777696,2
5105,2997,3.2512592057953067,1
5105,3081,2.2217736306144147,1
5107,198,3.1318710512515255,3
5107,788,3.0193327966380377,3
5107,907,3.5208303250842627,3
5107,1094,3.572622722581805,4
5107,1213,3.4304078750130005,3
5107,1247,3.5975546254420094,4
5107,1354,3.8786587993563373,5
5107,1390,3.0,2
5107,1482,3.0,3
5107,2437,3.0,4
5107,2454,2.963088545931981,2
5107,2530,2.245103086833221,1
5107,3037,3.50731509977822,5
5107,3060,3.678068436030613,4
5107,3396,3.255596683748914,3
5107,3552,3.0020039490251453,2
5107,3578,3.2004153994873255,5
5108,296,3.570503101252785,4
5108,535,3.8213273490415705,4
5108,1211,4.253620637783341,4
5108,1244,3.765808594370994,4
5108,1374,3.4733927156668547,3
5108,1396,3.4195204759445494,3
5108,1704,3.5206583812941292,2
5108,2124,2.96097772560496,2
5108,2135,3.63449157704122,3
5108,2248,3.5243022821479006,3
5108,2282,3.0,5
5108,2352,3.5199578138977095,3
5109,531,3.0,2
5109,1197,3.6949079053153278,3
5109,1947,3.689577732828659,5
5109,2067,3.848847719559519,4
5109,2085,3.390446878130204,4
5109,2971,4.407960721282068,4
5111,457,3.8044967333496307,4
5111,515,3.764228470888575,5
5111,529,3.923872973886899,2
5111,670,2.0,3
5111,938,4.13294088891896,2
5111,1028,3.7735646925642636,5
5111,1073,3.7929717322650798,5
5111,1150,3.0,5
5111,1193,3.989477707998562,5
5111,1214,3.515671587468765,5
5111,1219,3.9943475798889656,5
5111,1395,3.7001012447132626,2
5111,1414,3.0,4
5111,1416,3.0,4
5111,2110,3.3058584517372114,3
5111,2291,3.852301107635425,4
5111,2333,4.215858203803791,4
5111,2341,3.0,4
5111,3015,2.764889562665278,3
5111,3435,4.1967685405874775,5
5111,3475,4.233274066523583,5
5111,3724,4.331895792220491,4
5112,898,4.056380255091827,5
5112,1304,3.4147278611474543,3
5112,1391,2.8879638962852145,2
5112,2140,2.6611342948989654,3
5112,2713,2.817859565317446,2
5112,2716,2.9968993307551997,3
5112,2991,2.9084407883100067,2
5113,5,1.490883063792738,1
5113,778,2.7379106085350564,3
5113,880,1.5363017883627128,1
5113,1617,2.348241451444611,3
5113,2108,2.408489247620737,4
5113,2112,2.6415092504238986,3
5113,2943,3.0,3
5113,3129,4.0,4
5113,3250,3.0,2
5113,3705,1.1579927297340318,1
5113,3766,3.0,1
5113,3767,3.0,1
5113,3792,3.0,4
5113,3813,3.0,3
5113,3844,1.6860963606047241,3
5114,60,3.0,4
5114,594,4.168098626011533,5
5114,596,4.370216946660796,2
5114,1009,4.661363487969805,4
5114,1064,4.265318567824591,3
5114,1097,4.047067502352356,5
5114,2018,4.1326561418555015,4
5114,2143,3.6589181458462807,4
5114,3483,3.0,4
5115,3147,4.034997158977123,5
5116,2997,4.513985960377219,5
5117,2712,4.190699717868982,2
5118,1704,3.5440585618254974,5
5118,2890,3.496265878598308,2
5119,1230,3.9046046286470024,4
5119,1244,4.015337725562312,5
5120,1674,3.8041282659817384,5
5120,1923,3.768627443621792,3
5120,2160,4.228428326785355,4
5120,2724,3.6386288542114023,2
5121,1,3.6888431178010554,4
5121,44,3.053585023878544,4
5121,69,4.2045753994421995,4
5121,2571,3.5676866300274885,5
5123,1304,3.712654802576304,5
5123,1333,4.0,5
5123,1732,3.5324556863508882,3
5123,3513,3.0,4
5123,3752,2.5015692415850483,2
5124,35,3.0,2
5124,1343,3.545622444208043,3
5124,2203,4.254264702668818,5
5124,2664,4.138526740605947,4
5124,3319,3.0,3
5125,3307,3.8533465995524363,5
5127,1274,3.650326582179067,4
5129,480,3.9342933916939833,5
5129,952,4.662648980564594,4
5129,1219,3.9224844849478373,5
5129,2819,3.4748730320922516,4
5131,21,3.5630366090203203,3
5131,64,3.0,1
5131,222,3.8870723982051594,4
5131,412,3.0,2
5131,550,3.0,4
5131,802,3.2728425597201314,4
5131,1242,3.8387350039507817,5
5131,1353,3.4493524993534384,4
5131,1784,3.6464232606720532,5
5131,2114,3.7670369201334126,4
5131,2396,3.839618214514078,5
5131,2407,3.5620609279445397,4
5131,2875,2.9994429280489583,1
5131,3684,4.047064809886772,3
5131,3697,3.289201208668929,1
5132,1217,4.922672268560132,5
5132,1267,4.647396420965575,5
5132,1299,4.669908195308302,4
5135,3421,4.248831183293907,3
5137,196,4.085067635496863,4
5138,2948,3.385996584214076,3
5138,3105,3.1024505278651744,4
5139,1837,3.0,3
5139,1955,3.818455717919423,4
5140,150,3.7694110892901196,4
5140,165,3.513144185979879,3
5140,1393,3.720824318961057,4
5140,2121,2.3700979295250217,3
5141,1580,4.35831302367244,3
5142,238,3.0,4
5142,370,3.3246699864944818,5
5142,516,2.9975826503420584,3
5142,1198,3.8821370264606907,5
5142,1210,3.855786671345156,4
5142,1254,4.525058697449214,5
5142,1396,3.792340864310606,5
5142,1968,3.9358375478075995,5
5142,2528,3.8036132192684633,4
5143,2762,4.231254539734972,5
5144,1665,3.0,4
5144,3285,3.0,2
5144,3565,3.0,4
5144,3717,3.0,5
5145,2907,3.0,1
5145,3147,3.8057225108749324,3
5146,3711,3.0,2
5148,1617,3.7428804985327115,5
5148,1732,4.075903175323513,4
5149,1221,4.174666902438734,4
5151,1334,2.111821937638325,2
5151,2093,5.0,3
5151,3553,3.0,3
5152,1210,3.4848012033787463,5
5153,367,3.444370590216762,4
5153,491,4.157455242944674,4
5153,708,3.245114252249038,4
5153,926,3.8433590132548883,3
5153,1080,3.7990310178701594,3
5153,1290,3.0226893316856605,4
5153,2012,3.3909825210750024,3
5153,2473,3.038446577073359,3
5153,2518,3.3635667585081723,4
5153,3019,3.6939638252873968,4
5153,3210,3.4302894035011637,5
5153,3456,3.0,3
5153,3638,3.544174554335689,2
5154,2628,4.672838593957326,5
5155,21,4.0,3
5155,110,3.009158094170207,5
5155,800,3.0,2
5156,260,4.394783395295511,5
5156,780,4.239217999858253,3
5156,1090,4.45539112961794,5
5156,1200,4.402736309036624,5
5156,1267,4.757217226903659,5
5156,1889,3.0,4
5156,1945,4.833332310329224,5
5156,2353,4.140345962748272,4
5156,2395,4.411612545127482,5
5158,920,4.399186357189235,5
5158,1270,4.327423060688918,4
5158,2613,3.479578087510642,3
5160,919,4.294527425121339,4
5161,111,3.8479460095774476,5
5161,736,2.77820888496498,2
5161,1221,3.6254612891074083,4
5161,1273,4.507652783018595,5
5161,2078,2.642202383533394,3
5161,2571,3.2359579288985394,4
5161,2918,3.07667777710838,4
5161,3091,3.0,4
5161,3267,3.6556973677306828,4
5161,3742,4.0,1
5162,1610,3.6133145475523865,3
5162,1784,3.6454719308704044,5
5163,39,4.023408293489054,4
5163,150,4.093470317459089,4
5163,357,3.964576748576074,4
5163,695,3.0,3
5163,969,3.962743218126468,4
5163,1083,3.0,3
5163,1304,4.020348704116046,5
5163,2407,3.8586181915386257,4
5163,2499,3.0,4
5163,2774,3.0,5
5163,3175,4.126494786572803,5
5163,3504,3.990028653195591,3
5163,3524,3.7997783147718756,4
5163,3706,2.941529467473336,3
5163,3710,3.0024997024094917,4
5165,247,5.0,5
5165,1235,4.768429256508105,5
5165,1952,4.7107910805383515,5
5165,2973,4.769298557844386,5
5165,3683,4.858453758064492,4
5166,541,2.947094723770397,3
5166,908,4.584102481692384,5
5166,1256,4.495550797422283,5
5166,3037,4.513290975013384,5
5166,3091,3.0,5
5167,589,4.273872564140498,3
5167,748,4.470340085808669,5
5167,2253,2.999999999999999,4
5167,2533,4.114280208778276,3
5170,2064,4.441580493115871,5
5170,2333,4.802625733112701,4
5172,317,3.3096702600736694,2
5172,1197,3.5986340129235947,5
5172,1230,3.9365007183178644,5
5172,1285,3.638810406211334,4
5172,2470,3.4234092746933857,3
5172,3060,3.7361729435038464,4
5172,3079,3.0,4
5172,3255,3.1841427404221525,3
5172,3448,3.4699491264873314,3
5172,3544,3.0,1
5173,592,3.9883070098545352,4
5173,3114,3.0821734896708795,5
5175,3155,3.0,4
5177,1608,3.5450670821247288,4
5177,2883,3.0,4
5177,3174,3.2458365844228587,1
5178,901,4.247737397640886,1
5178,1278,4.10423246074983,5
5178,1461,3.548696167426208,3
5178,1916,5.0,4
5178,1958,3.9785297922087004,5
5178,2671,3.9000324615321675,3
5179,608,3.713463566531331,4
5179,2278,3.552367170871715,3
5180,235,4.58877436794886,5
5180,647,4.508081627417528,5
5180,1086,4.5873204547389586,4
5180,2664,4.727300053436252,2
5180,3499,4.662171726860629,4
5181,260,4.4373497023304695,5
5181,2394,4.0,4
5182,457,4.138317176421528,5
5182,2716,3.9858491008907535,5
5182,3153,4.510654026174906,4
5183,11,4.242653821717929,3
5183,539,3.6681785019087396,3
5183,2424,3.784957204000627,3
5183,3893,5.0,4
5184,253,4.298729273695577,3
5184,457,4.333432214855773,3
5184,628,4.742381220261207,5
5184,780,4.12711304849765,1
5184,2997,4.577589777331452,4
5184,3178,4.510079906759541,3
5184,3773,1.0,3
5185,161,3.4663842593349585,3
5185,828,3.0,3
5185,1263,3.5668172771555446,4
5185,2124,2.9807130871720546,3
5185,2174,3.161388779853698,2
5185,2423,3.392415822966871,3
5186,748,3.723599515904657,3
5186,1253,4.035394619573465,5
5187,3701,3.604216753082156,1
5188,1562,4.117448749473136,3
5188,2739,4.839134839690108,5
5189,2174,3.0206438526371286,4
5190,1282,4.261000913887082,3
5190,2048,4.201141788798961,3
5191,2353,3.9693114598880337,5
5192,2761,4.0,5
5193,125,2.8125778887267843,4
5193,246,3.983964493461078,4
5193,1079,3.7761485211279995,4
5193,1199,3.8771046445650286,4
5193,2000,3.763886731587141,3
5193,2724,3.504288660392858,5
5193,3503,3.0,5
5194,1220,3.707525130663113,4
5194,3298,3.444808978160741,2
5195,1248,4.652841149009869,5
5196,1500,3.194048079189753,3
5197,303,5.0,2
5197,454,3.729222003019705,4
5197,2203,4.231265178098305,3
5197,2746,3.5720922003067552,4
5197,3766,3.0,3
5198,586,2.560498865391065,1
5198,1288,3.4156453521604955,5
5198,1449,3.4416250129676333,5
5198,1535,3.0,2
5198,1904,3.0,3
5198,2502,3.3765714445984494,5
5198,2987,3.252596921716345,4
5198,3320,3.0,3
5199,2028,3.7930917373454176,5
5200,1196,4.0762371222325795,4
5200,1566,3.7030008625812103,4
5201,337,3.7926919662681318,2
5201,457,3.706997459428557,3
5201,750,3.711287902927583,4
5203,416,3.0,3
5203,2012,3.7875229981332135,4
5203,2396,4.1960632131597935,5
5204,2617,3.2932697421446173,2
5205,198,3.1731726281312103,2
5205,247,3.4685468064686025,3
5205,497,3.7648573365738107,5
5205,1037,3.5722509873101904,1
5205,1240,3.7267099383967612,4
5205,1356,3.1299050855599497,4
5205,1999,3.4931345807567338,4
5205,2105,3.6692604335093533,3
5205,2140,3.589271188313675,2
5205,2706,3.4350535683223167,2
5205,2762,3.418607183761652,4
5205,2985,3.284382265896865,3
5205,3081,3.574758995309038,4
5206,1,3.8675852016010013,4
5206,527,3.862215175244013,4
5207,2020,4.066167480394709,4
5208,377,4.008628133598788,5
5208,1391,3.967026384047021,1
5208,2770,4.512170891491894,2
5208,3175,3.891669083109516,3
5208,3409,3.3070363461765115,5
5209,3109,3.0,3
5209,3198,3.66334762748748,5
5211,2105,3.573775295864094,3
5213,3593,3.0,1
5214,260,2.4738826434787216,1
5215,858,4.519414125702446,5
5215,919,4.541027514288187,5
5216,34,4.529005887597097,3
5216,1721,4.079470865537251,1
5216,2858,4.312633761659132,5
5217,1210,3.615882703183928,4
5217,1270,3.6150647944052015,3
5217,2010,4.0,4
5219,1270,4.179959550909313,4
5219,1527,4.060293344749158,5
5220,366,3.5863283051446624,4
5220,471,3.6892870730294267,2
5220,1009,3.126219182545082,4
5220,1357,4.012718680652117,3
5220,1393,3.6558858732868105,4
5220,1613,3.0,4
5220,1719,4.184930300960237,4
5220,2344,3.0,3
5220,2377,3.9093196412667246,2
5220,2535,3.576006587477466,4
5220,2580,3.928097532906902,4
5220,3068,3.7214648686722307,4
5220,3204,3.5037678340763088,4
5220,3713,3.0,2
5222,588,3.298971369933356,3
5222,908,3.7048741351740455,5
5222,1022,3.125340540819393,4
5222,1218,3.0,4
5222,1301,3.0499039893892856,2
5222,1393,3.4923251691853303,4
5222,1584,3.3250777756594507,3
5222,2529,3.173738121807264,3
5222,2750,3.824476964387731,5
5222,3248,1.9995485678319584,2
5222,3471,3.428710207508006,3
5223,247,3.7344160965688706,5
5223,2076,3.649491673180476,3
5223,2291,3.3433479842645517,4
5225,1079,3.893156234050375,4
5226,2000,3.7772654100256093,3
5226,2194,4.1732620716405,4
5227,95,3.6738014103880907,4
5227,1370,3.6294643126244766,5
5227,1912,2.864614439561437,1
5227,1917,3.563816458320429,5
5227,3740,3.179932526101288,3
5229,1876,4.0701752048814726,2
5229,2840,4.260274059088708,5
5229,3113,4.487087970712554,4
5230,953,3.7902324968766035,5
5230,1221,3.8233089993027076,4
5230,1299,3.7601483828601627,4
5230,1674,3.847868110360159,4
5231,1201,4.5245886653635505,4
5232,2628,3.5242809679156486,1
5233,190,3.0,3
5233,908,4.184668790350004,5
5233,3174,4.018089455242944,2
5233,3822,3.0,4
5234,1183,3.856263063602678,4
5234,1236,3.0,4
5234,1895,5.0,4
5234,3019,4.438278047433132,4
5234,3067,4.490693992513281,4
5234,3099,4.814627315605841,3
5236,1834,3.752520648960258,5
5237,1704,3.2356437128337237,5
5238,2917,5.0,3
5239,515,4.175778006792931,4
5239,1198,4.022064153650211,4
5239,1250,4.103117760659923,4
5239,1300,4.513005236752197,5
5239,1610,3.893431384277679,5
5239,1955,4.112386021505039,4
5239,2076,4.182408059211833,5
5239,2150,4.0369097738648545,4
5239,2382,2.4049640451226346,1
5239,2455,3.8889881614341735,4
5239,3198,4.500290196595174,4
5241,1230,4.068715613891577,5
5241,3072,4.419759821454183,5
5241,3326,3.0,2
5242,2021,3.166643167678942,4
5242,3328,2.9979663374964702,5
5243,2628,3.807491859911044,5
5245,3462,3.0,5
5246,372,4.444823584394412,5
5246,2428,2.522798229731448,1
5246,3174,4.073499622378021,4
5246,3623,4.357558715904282,5
5247,3477,3.0,3
5248,1270,3.689052502701526,3
5248,1569,3.8167939767030394,5
5248,2622,5.0,5
5249,24,3.455946801723694,3
5249,280,2.7986531020585805,4
5249,361,3.701783703462931,4
5249,880,2.678054089288626,2
5249,1213,3.431397038943206,2
5249,1370,3.4313706967891666,4
5249,1580,3.370401035893413,4
5249,1617,3.516201494219029,4
5249,2052,3.7927999730326376,2
5249,2605,3.396540997078876,4
5250,11,3.8986739925754863,3
5250,85,3.0,4
5250,377,3.9976708858771297,4
5250,1240,3.783445204645382,5
5250,2004,4.0220936888995595,2
5250,2387,4.0,3
5251,1185,3.5809355077546874,4
5251,1293,3.9284894614819392,4
5251,2883,3.0,4
5251,3699,3.5509620044807155,3
5252,2020,4.472205917725107,4
5252,2824,3.0,4
5253,750,3.9501198762563057,5
5253,903,3.972600352863005,5
5253,926,4.210256478113695,4
5253,1200,3.9225378759516714,4
5253,1291,3.917867047228031,5
5254,165,3.56669782693494,5
5254,1197,3.811255822595058,4
5254,1722,3.878561161474732,3
5254,2710,3.514603748842752,1
5254,2916,3.8086191345362708,3
5254,3113,3.7800948178731653,4
5255,923,4.712046075063185,5
5255,951,4.903371372762868,5
5255,3445,3.0,4
5255,3462,4.6288104953703035,5
5256,39,3.617888155004107,3
5256,119,3.0,3
5256,132,3.0,2
5256,252,3.8202778176235337,2
5256,317,3.4716256589646672,4
5256,442,3.4691692396193337,2
5256,494,3.248767549799791,4
5256,800,4.136112661379844,4
5256,934,3.0,5
5256,952,4.262714320976207,3
5256,1185,3.6961674535286098,4
5256,1359,2.5009926336049597,2
5256,1390,3.0,3
5256,1453,2.6462615958756026,2
5256,1479,3.5311277214669134,2
5256,1556,2.830825955836772,2
5256,1597,3.728704702748298,3
5256,1917,3.642536837005885,5
5256,1939,4.242804339384096,5
5256,2015,3.30939887085118,3
5256,2087,3.672867964874767,3
5256,2352,3.812507388881599,3
5256,2411,3.2653171137496253,3
5256,2468,3.3729680540671114,2
5256,2497,3.0,4
5256,2764,3.498932682120962,5
5257,916,4.603624735760164,4
5257,1214,3.6675755888390125,3
5259,1721,4.611205184051505,3
5260,1198,3.3028094209758847,5
5260,1244,4.188981059164254,3
5260,1250,4.0285793891536485,4
5260,2064,3.9455617200239352,5
5260,3629,4.293326363070396,3
5261,318,3.4366325486189333,4
5261,1214,3.0304267961834324,4
5261,2527,3.382729449963511,1
5262,1304,3.025428557493505,5
5263,1580,3.9240752457343646,5
5263,1954,4.001233638030503,4
5263,3667,3.0,1
5263,3693,3.0,4
5264,260,3.9902729872821547,4
5264,1089,3.937483694267265,4
5264,1222,3.905855930785097,4
5264,1997,3.892539483631141,3
5264,3210,3.746571306540005,4
5265,594,3.774034994848413,4
5265,1176,5.0,4
5265,1228,3.9710982020959316,5
5265,1264,3.0,4
5265,1267,4.035495610927243,4
5265,1674,3.704129356545543,4
5265,2872,3.556133374238627,5
5266,1892,4.0,4
5267,495,3.0,4
5267,3115,3.0,3
5268,1717,3.1983595379242122,2
5268,2126,3.1975766120830986,4
5268,2133,3.6471623925871866,2
5268,2144,3.8326812966389276,5
5268,2316,2.635049610606189,3
5268,2735,3.259648975284664,4
5268,2761,4.317300894451477,5
5268,2942,4.1617096077290645,4
5268,3072,3.978557682577263,5
5268,3684,3.3778426401174952,2
5269,47,3.541911837208965,4
5269,89,2.0,3
5269,805,2.569192744007977,2
5269,2000,3.345711321624416,2
5269,3265,2.965022019037705,3
5269,3363,3.8384456126829116,3
5269,3421,3.5826365247812197,2
5269,3543,3.998497704818137,3
5270,2762,3.9414395677198306,5
5271,278,3.0,3
5271,440,3.8089852542033125,4
5271,628,3.3755879965471247,4
5271,902,4.169354862013356,4
5271,1199,4.344011728248994,3
5271,1394,4.107860496463505,5
5271,1459,3.1395310239018945,3
5271,1542,3.0,3
5271,1593,2.411051147727462,2
5271,2080,3.7144969562607546,4
5271,2206,4.164195619735449,5
5271,2291,3.67447307392226,4
5271,2384,4.0,3
5272,912,3.476140787719406,5
5272,1291,2.8569884986822145,3
5272,2843,3.0,5
5273,11,3.792674577721907,2
5273,1183,3.854776059977194,3
5273,1238,4.254802219140818,3
5273,1272,4.147943262206452,4
5273,1380,3.815643193522361,3
5273,1394,3.7769034008216917,5
5273,1569,3.3554822034509666,2
5273,2321,3.75839577835011,3
5273,2349,4.1907310587609174,4
5273,3088,4.408320630107926,3
5273,3104,3.9775694448356127,5
5273,3363,4.15201787642235,4
5273,3406,3.0,4
5274,1203,3.0,5
5274,1259,3.9691384851566602,3
5274,3424,3.8931472513522056,3
5275,296,4.351645055853146,5
5275,358,3.0,5
5275,538,4.5462394499516,3
5275,590,4.288363915350287,2
5276,1343,4.0,4
5276,3658,3.0,2
5277,1298,3.4963149169071723,3
5277,2366,3.3883373693171386,3
5277,3456,3.0,4
5278,954,4.715419718092372,5
5278,3614,3.1283706916127674,3
5281,539,3.998177687154834,4
5281,587,4.022440848534775,4
5281,1196,4.109659430954301,5
5281,2433,4.0,4
5281,2734,3.684765123121135,4
5281,3489,3.924871807104877,3
5281,3525,3.924924917847211,3
5282,237,2.9389823470327343,2
5282,1821,2.8202280059783673,3
5282,1883,3.4901380534727693,5
5282,2133,3.6581311795860656,4
5282,2390,5.0,4
5282,3400,1.928231506715564,1
5283,1032,3.9626111981577443,4
5283,2137,4.023698764944391,3
5283,2857,4.502814414257231,4
5283,3157,5.0,1
5283,3300,3.505628129565457,2
5283,3556,3.0,5
5284,296,4.149879729647501,5
5284,553,4.556204940106199,4
5286,551,4.3591684220042755,4
5286,946,4.514673477364195,5
5286,970,3.0,4
5286,1060,4.093670445897317,4
5286,1294,4.397498167098017,4
5286,1827,3.0,3
5287,2406,3.847687664112015,3
5287,2471,3.6394628087801224,3
5287,3635,3.8704531361302292,4
5289,541,3.637784290444223,5
5289,2857,3.8594229731320877,3
5289,3033,3.424165283313926,3
5289,3094,5.0,5
5289,3359,4.23227794547305,4
5290,2710,4.192195186738974,5
5291,260,4.334555195415237,4
5292,2858,3.7312624953655393,5
5293,1199,4.318802630512856,5
5293,1266,3.903819057223928,3
5293,2028,3.8785444850214374,4
5294,562,4.482924882503374,3
5294,1199,3.8107777135344483,4
5294,1296,4.550973547394014,5
5294,1617,3.912595914591875,5
5294,2729,3.0,4
5296,1235,4.276493316133944,5
5296,3699,4.237192459444024,3
5298,509,3.0,5
5298,2012,3.352432653487079,4
5298,3156,3.0,3
5300,556,3.0,5
5300,1204,4.689063817258091,5
5300,1217,4.801801308081066,4
5300,1252,4.654472558196258,5
5300,1261,3.890055218298038,4
5300,1573,4.171468194763942,2
5300,1965,4.455431246433125,5
5300,2011,4.150342043810644,2
5300,2282,3.0,5
5300,2395,4.248238812553501,5
5300,2829,3.0,2
5300,2946,4.2726879385533385,4
5300,3007,3.0,4
5300,3108,4.239299757415998,5
5300,3790,3.0,5
5301,21,3.7070089378996007,2
5301,920,3.8295833789933096,4
5301,1266,3.9185692192551556,3
5301,2080,4.105401017942995,3
5301,2805,3.3047439953477995,2
5302,440,3.5645534106587946,4
5302,830,3.5280612231425366,4
5302,1282,3.9486858811742223,1
5302,1682,3.790920027795306,3
5302,2683,2.9599242445566363,2
5302,2996,3.0,3
5302,3408,3.6479342320194936,4
5303,1293,4.605277350681838,5
5303,3006,3.756659295282906,4
5304,3515,3.0,3
5305,179,3.0,5
5305,1259,4.0027826357412,4
5305,1456,3.0,4
5305,3535,4.685408894845763,5
5306,586,3.4847359709289454,4
5306,913,3.9756625109040984,5
5306,1302,3.65180745286792,5
5306,1580,3.4717500083314574,4
5306,1643,3.1652817824838855,5
5306,1711,3.6271611874724563,2
5306,2278,3.4307939158901597,2
5306,2406,3.50941221498626,3
5306,2826,3.334521932645599,3
5306,2881,3.2585006161887544,3
5307,1917,3.318930599620245,2
5308,1214,2.8631959031181866,2
5308,1304,3.5668215858944228,5
5311,1415,3.0,5
5312,6,4.284228697439406,4
5312,237,3.443897052340325,3
5312,366,3.5869994217663987,5
5312,919,4.2265101819468285,4
5312,933,3.900704938994269,4
5312,952,4.028936996159082,4
5312,1196,4.179106212198183,4
5312,1407,4.1617020394570465,5
5312,1580,4.132647807584403,5
5312,1663,4.23630923342408,5
5312,1732,4.291689630958751,4
5312,1961,4.246836436772472,5
5312,2174,4.261972472822267,4
5312,2393,4.009339986764883,3
5312,2822,3.9301818070358308,3
5312,2968,4.275292669210486,5
5312,3868,4.252217264321548,4
5313,229,3.0,4
5313,2565,3.1232938494203593,5
5314,2628,4.558042497528847,3
5315,2686,4.6368777158985415,5
5315,2710,3.57787891678688,2
5317,531,3.0,5
5317,555,4.052863115754764,4
5317,587,3.9564196648981587,3
5317,750,4.3295157605755366,5
5317,926,4.649680569362399,5
5317,999,3.0,5
5317,1185,4.410533446254026,4
5317,1344,4.402751226964125,4
5317,1377,4.070314424884028,3
5317,1704,4.105795840593876,5
5317,1914,3.0,4
5317,2093,5.0,2
5317,3138,3.0,5
5317,3608,4.217306758523849,2
5318,1608,3.647613027796769,3
5318,1722,3.669521515086682,4
5319,480,3.8342270362350748,3
5319,919,3.8554964994321277,3
5319,934,3.0,3
5319,1370,3.7987066170923267,4
5319,2021,3.9976769563290753,5
5319,2054,3.88735903737212,3
5319,2115,3.826438463944213,3
5319,2549,3.0,1
5319,3285,4.0,3
5319,3409,2.460111200627642,4
5319,3461,3.0,4
5321,371,3.0,3
5321,435,2.6135206852171,1
5321,535,3.480710058187155,1
5321,3037,3.6957818719018083,4
5321,3247,2.8675894074247728,2
5322,2115,3.8517627611929877,3
5322,3022,3.0,5
5323,1215,3.7927573576550273,5
5323,2147,3.0,1
5323,2683,3.2261931512689936,1
5323,3726,3.0,4
5324,593,4.097487588862781,5
5324,628,4.081901374344095,4
5324,1060,3.954680207004749,3
5324,1304,4.236993652425632,4
5324,2769,3.0,5
5324,2826,3.5964667166389033,1
5324,3821,3.0,1
5325,903,2.210316873400268,3
5326,151,1.7772973537709897,4
5326,482,3.0,5
5326,1252,1.821304555830271,2
5326,1270,1.884697235110117,1
5326,1276,1.8434438325771203,1
5326,1845,2.0,2
5326,2064,1.8005858888030455,2
5326,2908,2.0,3
5327,1378,3.8928483745873423,5
5327,2901,5.0,4
5327,3564,3.0,2
5328,1207,5.0,1
5328,1362,3.0,1
5328,3089,3.539629128330705,5
5329,187,3.0,4
5329,523,3.0,4
5329,574,3.0,4
5329,1285,4.600922645978774,5
5329,1333,4.682269673079434,5
5329,1405,3.922680674896172,4
5329,1961,4.52802098959966,5
5329,2076,4.503065204120602,4
5329,2133,4.350855330952305,4
5329,2176,4.999999999999999,4
5329,2530,4.195053929143564,2
5329,2531,4.114886792013384,3
5329,2676,2.5233239161527736,4
5329,2870,5.0,4
5329,2877,4.0,3
5329,3081,3.8978009005251217,4
5329,3217,3.0,5
5329,3448,4.443581250298342,4
5329,3604,4.0,5
5329,3755,4.129548495975834,3
5330,2762,3.2137485482698462,4
5330,2858,3.4324390983319493,3
5331,1104,4.406285758304649,3
5331,1894,2.9454149373249354,4
5333,110,3.780407332775088,4
5333,592,3.6682883024252226,4
5333,1173,4.0,1
5333,1407,3.634543662780369,1
5333,1836,3.0,4
5333,1876,3.6432224339304193,3
5333,2028,3.80830451040565,5
5333,2042,3.272869055895164,3
5333,2080,3.8519644186911925,4
5333,2321,3.7857045887259932,4
5333,2571,3.7333332279128277,5
5333,3033,3.6107278385468,4
5333,3256,3.6227765747008687,4
5333,3396,3.728923816308947,3
5333,3538,3.0,3
5333,3591,3.584401709103503,4
5335,590,4.200402391700997,5
5335,1358,4.173535086055766,4
5335,2716,4.274924999566009,4
5336,1036,4.52719786981579,5
5337,1127,4.290761683124852,5
5337,2013,4.390217906907497,3
5337,2950,4.178462442227205,1
5337,3479,4.221723471677243,5
5337,3671,4.401425965490087,5
5338,329,3.95857523304058,3
5338,1240,3.9930998864315703,4
5338,2393,3.9245188164626037,3
5338,2528,3.9690470026882285,4
5338,3032,4.006259891857069,3
5339,2571,4.097016197822363,5
5339,3617,3.0,4
5340,25,3.6812971139307575,4
5340,356,3.5918930425566424,2
5340,440,3.811939393691376,3
5340,2671,3.490249978111745,4
5340,2885,3.0,4
5340,3260,3.6623107105906376,5
5341,1327,3.9608449893856585,4
5341,2640,3.6716525986218826,3
5342,105,4.0,4
5342,380,3.8638421680621837,3
5344,80,3.0,4
5344,2699,3.378092919588712,4
5345,417,3.0,4
5345,1307,3.9929522551799694,5
5345,1377,3.45071342773132,4
5345,1441,3.651301521327662,4
5345,3535,5.0,4
5345,3608,3.8858369792383596,4
5346,2987,4.2817857232670935,5
5347,196,3.2315487610725784,4
5347,231,3.606156949263956,4
5347,1876,3.3836025102361447,3
5347,3256,3.100838600336606,4
5347,3510,4.154044439917996,4
5349,2716,4.100882392416231,5
5349,2739,3.9537148514266267,5
5349,3424,4.2561647504440066,4
5350,480,3.0263961854808272,3
5350,1374,2.8069297693220014,3
5350,2139,3.008629561133236,2
5350,2712,4.1881078168370856,5
5350,3107,2.9086153880808547,2
5350,3256,2.834886671447303,3
5350,3438,2.8161646736448382,1
5352,708,4.0008087299070825,2
5352,1225,3.95829813136595,5
5352,1374,3.7266046134737434,4
5352,1517,4.0212702246679495,3
5352,2011,3.8971855376315037,4
5352,2160,3.826440639015061,3
5353,11,3.8782353479221685,3
5353,1270,4.094615520044888,4
5353,1784,4.091208066532989,4
5353,2734,4.0,2
5353,2987,4.101421319933586,2
5354,474,3.717399505957341,4
5355,933,3.645389817301161,2
5355,1127,3.511153382934557,3
5355,1784,3.74924437314852,4
5355,2716,3.582981164276002,4
5355,2858,3.7349109067602813,5
5355,3037,3.7312303738850163,5
5355,3421,3.7043391246428174,4
5356,1258,3.4240454074319078,5
5358,2019,4.632812046641275,5
5359,1023,3.4788774741421618,4
5359,1499,2.568063522021136,1
5359,2004,2.8873715176043837,2
5359,2141,3.546220750084512,4
5359,2422,3.5142303156155417,2
5359,2712,4.394845986785139,5
5359,3462,3.7331648922828227,3
5359,3668,3.0,4
5359,3946,3.0,2
5360,2997,3.763275921347756,1
5360,3578,3.9469311293582026,3
5361,318,3.5747287323424373,1
5361,828,3.0,4
5361,1304,3.482404548146294,4
5361,3073,3.0,4
5362,899,3.1396128082118864,5
5363,1370,4.415555344155379,4
5363,2393,4.0507475083039175,4
5364,1,4.215298157163729,4
5364,502,2.3631342787395417,1
5364,2110,3.755012358521799,2
5364,2282,5.0,2
5364,2719,3.3487549430955252,1
5364,2747,2.0,3
5364,3330,3.0,4
5365,364,4.050849775808003,3
5365,542,3.735832597679278,3
5365,1127,4.161083956467674,4
5365,1213,4.109945312949171,4
5365,1792,3.8769253411513755,4
5365,2058,4.0196055527615915,5
5365,2231,4.141345622603837,4
5365,3020,3.9346697715374317,4
5365,3396,4.187819930362133,2
5365,3476,4.304954267625613,4
5366,480,3.6033327774638524,3
5366,1845,5.0,4
5366,2019,4.546641054348581,5
5366,2880,4.0,4
5366,2968,3.553398129196579,4
5367,296,3.508905853729543,4
5367,453,3.0,3
5367,908,4.040805522739776,5
5367,998,3.0,1
5367,1185,3.661270949121986,3
5367,1218,5.0,5
5367,1274,3.3265240104892526,4
5367,1301,3.103094153730061,3
5367,1359,1.5520563475649702,1
5367,1516,3.0,3
5367,1525,3.0,2
5367,1604,1.9897120646550452,1
5367,1717,2.457537554185798,2
5367,2021,2.9720832042110823,3
5367,2076,3.706787304895193,4
5367,2080,3.0771253012881012,3
5367,2379,1.8843376398295266,1
5367,2405,2.72523795300549,2
5367,2410,2.6485665146076056,1
5367,2427,3.6906280686374275,4
5367,2467,3.0,4
5367,2889,3.0,2
5367,2899,2.0,3
5367,2959,3.2549409970569108,5
5367,3338,3.0,5
5367,3386,3.5349604126997503,4
5367,3712,2.584649438771464,2
5367,3773,1.6189580950488673,3
5367,3799,3.0,2
5368,788,2.735935803267002,1
5368,2021,3.1732213307422295,2
5368,2976,5.0,3
5369,39,3.9117738093514025,5
5369,95,3.3942874215718253,3
5369,1047,3.4834698280276184,2
5369,2690,3.0,4
5369,2700,3.918292968349202,4
5369,2764,4.0,1
5369,2819,4.094872332023012,5
5369,2997,3.799656487727176,3
5371,223,4.299694486764498,5
5371,457,4.052491483339032,4
5371,923,4.276910508072341,5
5371,1594,4.379583670218636,4
5371,3168,4.188691569167829,5
5371,3676,5.0,2
5371,3897,4.345476392607893,4
5372,2541,4.000039412700957,3
5372,2881,4.016809192880753,4
5372,3317,5.0,3
5373,3484,3.0,3
5376,1,3.890950029684157,3
5376,6,3.988543031228659,4
5376,515,3.84804866725355,3
5376,1079,3.7117434846307455,4
5376,2076,3.8340235728449548,4
5376,2116,3.6496754164085203,3
5376,2174,3.623602818607032,3
5376,2951,4.271918333536803,5
5376,3104,4.01478987125913,5
5376,3258,2.460272129353801,3
5377,2918,3.46303376476457,3
5378,190,3.0,3
5378,3604,5.0,5
5378,3668,3.0,3
5379,3552,3.9699429162739355,4
5383,950,5.0,5
5386,380,4.015564564272988,4
5386,1196,4.08548356856302,5
5386,1391,3.9343667407627825,3
5386,3752,4.522128557801031,4
5386,3770,3.8940329899525614,4
5387,7,3.2038031753760983,3
5387,70,3.6903998126324637,4
5387,206,3.0,2
5387,1031,3.43887162884744,4
5387,1193,4.102551588390161,4
5387,1303,3.8336455286277413,4
5387,1747,3.899330976399998,4
5387,1801,3.397378071643438,4
5387,1946,3.7993385407545768,5
5387,2181,4.0,2
5387,2289,4.135614658024601,5
5387,2527,3.775207267167394,4
5387,2782,3.680132813148562,2
5387,2875,2.837295087347839,3
5387,3096,3.0,5
5387,3244,3.932314483929472,2
5387,3578,3.8864389220799302,4
5387,3684,3.2507085802172804,3
5389,912,4.153009052283169,4
5389,2529,3.6358528656425415,3
5389,2763,3.719577077601762,3
5389,2961,3.0,3
5389,3300,3.494504734950604,3
5390,145,3.5374312895370794,4
5390,694,3.4094021485463557,4
5390,1291,4.022028306644226,5
5390,3267,3.906901433158759,4
5390,3702,4.207227138918996,5
5391,2022,3.0,4
5393,1242,3.9773663860270907,4
5393,1263,3.8753318603079734,4
5393,2412,2.3592501480761388,1
5393,2541,2.0,2
5393,3430,3.0,4
5394,697,3.0,2
5394,1057,4.0,3
5394,1213,3.8294364511913574,4
5394,1249,3.8993273530522616,4
5394,1391,3.3847177613185755,4
5394,2232,2.9687115222460707,3
5394,2324,4.008661163784428,5
5394,2371,3.4375946403362545,4
5394,2469,3.3856765764937036,3
5394,2624,3.0,3
5394,2667,3.0,2
5394,2748,3.0,2
5394,2986,3.0441374215751824,2
5394,3118,3.0,2
5394,3477,4.0,2
5394,3535,3.9698296286918797,2
5395,162,4.624973574890589,4
5395,1084,4.551770104627489,5
5395,1265,4.12169561072714,4
5395,1677,3.0,2
5395,2352,4.460147933127669,4
5395,3535,3.0,4
5396,1222,4.062169641648351,5
5396,1291,4.093235710319463,5
5396,2407,4.210856557940133,5
5397,428,4.508674795026156,4
5397,1178,4.2231757371149525,5
5397,1208,3.991934472559927,5
5397,1945,4.179477613769421,5
5397,2268,3.631594584624762,5
5397,2366,3.3317680453529293,4
5397,2866,4.0,4
5397,2976,4.63684039471897,3
5398,2959,4.243139660691215,5
5398,3118,3.0,5
5401,1257,4.316813622262961,5
5401,3246,4.209437337924757,5
5402,1704,3.7646844905719217,3
5402,2100,3.7317191167743133,4
5403,2572,3.9851338020769935,4
5403,2764,3.0,5
5403,2890,3.7226524192326647,4
5403,2986,3.6392704686357824,4
5404,934,3.0,4
5404,1293,4.2480658704882295,5
5404,2502,3.720637845885532,5
5404,2770,3.6453644121428663,4
5405,1204,4.31781088062826,5
5405,1333,4.137155709323949,4
5406,11,3.6530874803823985,3
5406,339,3.3186630598399103,5
5406,1674,3.5640836709506547,4
5406,2000,3.34295586099207,3
5408,588,4.08806345609693,5
5408,1385,3.6527645367373345,3
5408,3649,3.0,3
5409,2858,3.3679406501225633,5
5412,464,3.0,1
5412,1035,4.190770832684343,4
5412,1729,4.295826346472017,4
5412,1792,3.6820832490762894,4
5412,2565,4.392885545254624,2
5412,3483,3.0,4
5413,223,4.34441400629951,5
5413,314,3.0,5
5413,1225,4.3623460375568275,4
5413,2028,4.2780944394811815,4
5413,2412,4.0,2
5413,3741,4.505405269410424,5
5415,3421,3.7342315821794676,4
5415,3624,4.0,2
5415,3751,4.045220850271637,1
5416,608,4.919830741245483,5
5416,3643,3.0,5
5418,34,4.166843639924985,4
5418,904,4.480558638759121,4
5418,1188,4.349652735000366,4
5418,1200,3.6068429029811533,4
5418,1247,3.7633161175861143,3
5418,1248,3.6527841449037948,3
5418,1304,3.707442012677965,4
5418,1947,3.85089483057167,4
5419,535,4.287348660845788,5
5419,1206,3.7384075645186665,4
5419,2488,3.0,4
5420,126,2.0,2
5420,258,3.0,4
5420,367,3.1746151580628332,2
5420,919,3.3139108687575582,4
5420,2953,2.2179562455572137,1
5422,2436,3.0,5
5422,2657,3.4553286044478133,5
5422,2736,4.31632022329522,3
5423,924,4.416072058422912,3
5423,1081,4.491590617266354,5
5424,25,3.862476553593749,3
5424,955,4.682782730659292,5
5424,2598,3.831729762756528,3
5424,2841,3.4153007012853074,4
5425,1673,4.339959532324051,4
5426,168,3.761681305447903,4
5426,1120,3.6037057781728947,2
5426,1476,3.823137885979845,3
5426,2302,3.83720620704957,4
5426,2411,3.698099976228005,4
5426,2455,3.8114861808351925,4
5426,3576,3.3770180006949495,3
5426,3617,4.0,3
5427,1358,4.644650717036002,5
5427,2997,4.654549754399143,5
5428,724,3.895821266398948,3
5428,1061,4.183109177280402,4
5428,1639,3.9974761732595216,4
5428,1772,3.0,2
5428,1810,4.1482572818552805,4
5428,2324,4.498916930988002,5
5428,2336,4.145232947300773,5
5429,34,4.132578212523426,3
5429,898,4.390315014252953,5
5429,1206,3.7955472426887047,1
5430,588,3.9588466631784245,3
5430,1010,3.5336617883187915,5
5430,1031,3.7177198881749525,4
5430,1088,4.189103314477156,5
5430,1556,3.0,1
5430,2297,4.733075127387664,5
5430,2485,2.909132065049603,5
5430,2565,4.361042527315537,4
5432,527,4.081232674796684,4
5432,1956,4.1672452900160515,4
5432,2020,4.181944169934671,4
5432,3654,4.068079743931206,4
5433,86,3.0,3
5433,318,3.483982743057444,4
5433,427,3.0,4
5433,742,2.1238104007677743,3
5433,748,3.067854473125578,3
5433,1258,3.1187913731400636,4
5433,1298,2.6250935709563277,3
5433,1660,3.0,5
5433,1674,3.2747293762772065,2
5433,1701,3.9869151211206937,2
5433,1917,3.1508807696831336,3
5433,2006,3.1852563000084255,2
5433,2053,2.564670853516679,2
5433,2232,2.9676465861418984,4
5433,2391,3.7223364195678004,5
5433,2408,2.575264076057241,3
5433,3300,3.1431589046053245,5
5434,1199,4.002729136127421,5
5434,1225,4.0926606347845365,5
5434,1896,3.0,2
5434,2757,3.0,4
5435,589,4.13624070961577,4
5435,1271,5.0,5
5436,6,3.3462100871125537,5
5436,387,3.0,3
5438,150,3.742160480691569,3
5438,342,3.5517886516262336,2
5441,546,3.8494812633404227,1
5441,1036,4.057249498053103,5
5441,1288,3.841450336980145,1
5441,3440,3.0,1
5443,39,4.112905381883871,3
5443,224,3.0,5
5443,426,4.402737578679745,5
5443,481,3.8201490277424797,4
5443,1073,4.32705923130189,4
5443,1132,3.0,5
5443,1377,4.03229437411052,4
5443,1690,4.217415253753942,5
5443,2794,4.091073160282924,5
5443,2942,4.301684499889982,4
5443,3461,3.0,5
5445,34,3.7977608152581555,5
5445,1223,3.0,5
5445,1265,3.842925667362895,5
5445,3471,3.7921901114821437,4
5446,898,4.621027696206392,5
5446,899,4.681019641859986,5
5447,1096,4.4278701667467875,5
5447,1449,4.005378009216825,4
5447,2877,5.0,4
5447,3499,4.340814505058071,3
5448,32,3.5497682738778398,4
5448,230,3.0247406075119883,4
5448,1233,3.556534172886894,5
5448,1247,3.711309565480402,5
5448,1777,3.3723746305101,3
5448,2065,3.9144473639387396,5
5448,2331,3.0,4
5448,2396,3.6709311696419182,3
5448,2463,3.5331812123665043,4
5448,2779,3.3848037400855078,3
5448,3066,3.444946273033667,2
5448,3471,3.492695912365573,3
5449,2527,4.059778117172712,3
5449,2710,4.386192048177617,2
5449,3081,4.4401998232459325,5
5450,58,4.032614147807457,4
5450,260,3.169537307352715,5
5450,592,3.108395836053035,1
5450,831,3.0,4
5450,1136,3.298619139664653,5
5450,1230,3.6758146085145613,4
5450,1259,3.197914521513414,4
5450,1296,3.964728204785181,5
5450,1305,3.0,3
5450,2716,3.108738220598525,3
5450,3033,2.9272376601947596,3
5451,912,4.351813783682253,5
5451,916,4.780836271308812,5
5451,1101,3.7943359353745696,3
5452,171,3.0,4
5452,353,3.070731323840046,1
5452,780,3.0185031918449154,1
5452,1196,3.3223156039252117,4
5452,1396,3.1797051081946783,3
5452,1580,3.159226337452122,2
5452,1897,3.0,4
5452,2427,3.594991738907203,2
5452,2770,3.495670849474753,3
5453,319,4.1519099545123845,4
5453,527,3.9719995888813022,4
5453,1225,4.088639363892149,4
5453,2138,4.0,4
5453,2395,4.0194408136986945,4
5453,2598,3.7206879932448347,3
5453,3693,3.0,4
5454,296,4.086996788028908,5
5454,1214,3.482136983857913,5
5454,1945,4.485871725872069,4
5454,3354,3.001369257120296,1
5455,223,3.8852976011477254,4
5455,2617,3.5208655635433805,5
5455,3175,3.811216217958347,3
5457,1148,4.411870839799354,5
5457,1214,3.3724527605478607,5
5457,1965,3.5171549677796263,5
5457,2761,4.1030623318086965,4
5458,356,3.7916177956610086,3
5458,457,3.8797711819187577,4
5458,858,4.124529560272621,5
5458,1197,3.9960772826383284,5
5458,1249,4.133461801636648,5
5458,1273,3.697232591701282,5
5458,1358,3.9806339175329835,4
5458,1408,3.865580251224477,4
5458,1966,4.0,4
5458,2150,3.8948891996963613,4
5458,2174,3.7115507129048457,4
5458,2301,3.910059443700958,4
5458,3090,3.0,4
5459,38,5.0,4
5459,2772,5.0,5
5459,3253,4.0894079835674555,4
5460,778,4.500575907084077,5
5460,1704,4.4462704380524825,4
5461,588,3.6380839565650165,3
5461,2797,4.530625709376259,4
5462,480,4.318033564262367,5
5463,1354,3.470395972652349,3
5463,2300,4.3927528688520265,4
5463,3340,3.0,3
5464,235,3.929370568133677,4
5464,912,4.411061252256246,5
5464,1136,4.321256904593347,5
5464,1912,4.502045464964144,5
5464,3201,4.438348786198103,4
5465,2134,2.0,4
5466,535,4.24577295739235,3
5466,1175,5.0,3
5466,1224,3.9976259923817747,5
5466,2163,3.0,3
5466,3481,4.208591929722477,5
5467,3494,3.7542436042912404,4
5468,377,3.4863402689102996,2
5468,480,3.48763728928837,3
5468,783,3.1751834617130275,2
5468,1148,4.074692912298804,4
5468,1479,2.8804306357780867,3
5468,2133,3.14916641772915,2
5468,2150,4.145234644928565,2
5469,329,3.5474785235173774,3
5469,3685,4.713612932551055,4
5470,1172,4.241108704687492,4
5470,1206,4.245230870020092,4
5470,3341,3.0,4
5470,3755,5.0,2
5470,3871,3.0,4
5472,384,3.0,1
5472,1017,2.5307782015283236,3
5472,1224,4.3280065004763975,5
5472,1944,3.2661291876196223,2
5472,2116,3.2400974987267768,5
5472,2491,3.0,3
5472,2728,3.3353772478860257,3
5472,3643,4.319758583261981,3
5473,1252,4.014514298928456,4
5473,1610,4.057732756773129,5
5473,1617,4.2639873372627335,4
5473,1625,3.997972874448793,5
5473,3362,4.189852428150648,4
5473,3366,4.0,5
5475,515,4.189333962747103,3
5475,1193,4.4600937241560645,5
5475,1797,3.0,5
5475,2245,4.179739339721337,3
5475,2518,4.064478922734493,4
5475,2618,3.0,5
5475,2952,3.0,4
5475,2987,4.154984239471988,4
5475,3317,4.292926735438566,4
5475,3684,4.210072664770123,5
5476,1635,4.738812457843296,5
5476,3379,3.0,5
5478,1721,3.7551179704261854,2
5479,1228,3.4157589094258425,2
5479,2118,2.6546167935094123,4
5480,912,3.8458981827915113,5
5480,1784,3.471145236580431,3
5480,2396,3.6356499164575893,4
5480,3072,3.65008625862656,4
5481,1391,3.7054210777302035,4
5481,3355,3.0,4
5482,832,4.1165283251952,4
5482,2291,4.192842183148465,4
5482,2402,3.696184858958044,4
5482,2476,4.192540369515483,4
5482,3704,4.076958579917866,4
5483,370,3.240373175839266,3
5483,436,3.0,3
5483,586,3.715753912609119,3
5483,1678,5.0,4
5483,2289,4.686864717430588,5
5483,3649,3.0,4
5483,3671,4.472238766046165,4
5484,1221,4.682333550049212,4
5485,1,3.8630888957996135,3
5485,329,3.802306821503185,3
5485,780,3.7122351432566365,3
5485,912,4.002356808504889,5
5486,858,4.2481982825023525,5
5486,3521,3.0,2
5488,546,2.167183960907853,1
5488,595,3.4611356251268455,4
5488,788,3.305604212375837,2
5488,1225,3.643465200074935,5
5488,2580,3.782923336588882,4
5489,1354,5.0,4
5490,1617,3.4768532472082914,3
5490,1722,3.5365583581559337,3
5491,318,4.011846057361837,5
5491,1225,3.880552049285689,5
5491,2194,3.642510569195741,4
5491,3175,3.630684452067379,3
5492,204,2.7064002050925176,4
5492,1101,3.604628630932681,4
5492,1259,3.6576677651489047,3
5492,1356,2.601266969763353,1
5492,1431,1.5413812651499468,4
5492,1678,1.6741281494950948,2
5492,1960,3.703788580194151,4
5492,2384,1.0,2
5492,2504,3.0,1
5492,2572,3.6270622186399435,2
5492,2722,3.3916292863447906,4
5492,2828,3.0,3
5493,527,3.8369588628031415,5
5493,1410,3.0,1
5493,1414,3.0,3
5493,1507,3.0,2
5493,1834,3.9363906250881646,5
5493,1840,3.0,4
5493,2743,3.0,4
5493,2804,3.7169435963818334,5
5493,2890,3.775991482853556,4
5493,3039,3.78123547096204,3
5493,3045,3.0,2
5493,3514,3.0,4
5493,3524,3.9024286956635015,5
5493,3798,2.75498700923272,1
5494,306,3.0,4
5496,608,3.7234560076796317,5
5496,1213,3.678834725172154,3
5496,2428,3.0,4
5496,2890,3.7256699652753094,3
5496,3053,3.0,4
5496,3068,3.0,4
5496,3408,3.741270504608505,5
5497,10,4.156250510191412,4
5497,1527,4.201847214073945,3
5497,2628,3.750001641235936,4
5497,3404,3.0,2
5498,728,3.0,2
5498,780,3.721736312882231,2
5498,2697,3.0,4
5499,2916,4.716077721140793,5
5500,3114,3.2080075550525478,3
5501,1079,3.753478043473883,4
5501,1183,4.1000365117645075,3
5501,1274,3.4638331859658127,3
5501,1394,3.710076691190868,5
5501,1441,3.522460794771551,3
5501,1845,4.244623914185694,3
5501,2147,3.0,3
5501,2262,3.7499953626774922,4
5501,2664,3.9581563446708903,3
5501,2867,3.2735972081669518,3
5501,2953,2.2144406506468726,2
5502,2858,3.993954952624586,5
5502,3175,4.511357214402858,4
5503,1358,3.977249705697362,5
5503,3072,4.347489335607906,5
5504,11,4.07828963912499,4
5504,750,4.489604279367425,5
5504,1204,4.632050995515908,5
5504,1263,4.4891951180465295,5
5504,1372,4.060905454169294,3
5504,1390,3.0,4
5504,1617,4.162463916478936,5
5504,2116,4.477167429078993,5
5504,2193,4.361051006218755,4
5504,2430,3.0,4
5504,2456,3.0000000000000004,2
5504,2950,4.140974903699397,2
5505,541,3.6262531034847343,5
5506,2140,4.111594052674746,4
5506,3408,4.354188491659386,5
5507,667,3.0,2
5508,2070,3.0,4
5508,2572,4.712031810685345,4
5508,2772,5.0,4
5509,305,3.0,3
5509,1193,3.4953244071259424,5
5509,1259,3.39992500727854,2
5509,1844,3.0,5
5509,3684,2.6589412819343434,2
5510,1242,4.083362602146494,5
5510,1517,4.044085500929864,5
5511,305,3.0,4
5511,329,3.9386154626759162,5
5511,410,3.676773732770717,3
5511,750,4.547770948646547,5
5511,849,3.822272825814395,3
5511,915,4.175041220808107,4
5511,1210,4.322737858229018,3
5511,1544,4.083289358814522,3
5511,1597,4.178142806433447,4
5511,1625,4.19717163606494,4
5511,1747,4.441247980980373,3
5511,2020,4.586057707881152,5
5511,2248,4.557539599485515,5
5511,2524,3.000182940935081,3
5511,2561,4.502591093886751,5
5511,2916,4.299014709041077,5
5511,2935,4.756154439591661,4
5511,3070,4.388194854565545,4
5512,435,4.203316114572735,3
5512,1387,4.250999917285472,5
5512,2846,3.0,5
5512,3255,3.965812784721973,5
5513,34,4.123767064376361,5
5513,265,4.4310883345314505,5
5513,908,4.4152389258748475,5
5513,1244,4.532553539168201,5
5513,1293,4.2394496313870516,4
5513,3246,4.0,5
5515,2762,3.990313929133071,4
5515,3624,3.0,4
5516,95,4.306412074243269,2
5516,800,4.20259102756787,4
5516,1358,4.182211472586602,5
5517,976,4.0,3
5517,2638,2.6119841053253174,2
5517,2647,2.8377333472446047,3
5517,2669,3.0,4
5517,2731,5.0,5
5517,3334,4.596135548631365,4
5518,2424,3.734970139156806,4
5518,2701,3.910371992367631,3
5519,345,3.0980244105752943,5
5519,724,3.2438325081298554,4
5519,919,3.548238001591598,3
5519,1235,3.6316578790379035,5
5519,1952,3.6116434145214034,3
5519,1962,3.566313458585245,4
5519,2080,3.489072351720037,4
5519,2091,3.0,3
5519,2143,3.1106736936769646,2
5519,2451,2.0,2
5519,2568,3.0,3
5519,3590,3.0,2
5520,52,4.0,3
5520,1527,4.0301166253169,4
5520,2396,4.18007953170154,4
5520,2826,4.157510460542867,3
5520,3108,4.1879188614647855,4
5520,3256,3.997212297093201,4
5520,3688,4.0,1
5521,1188,3.0978759468824864,5
5521,2247,4.0,4
5522,254,3.0,3
5522,534,4.509198468878904,5
5522,1080,4.183618089099157,5
5522,1197,3.972832972359739,4
5522,1307,4.029823654441088,5
5522,1777,3.812871377641388,4
5522,2130,4.498118749913055,5
5522,2929,4.5488543477149435,4
5522,3188,3.0,2
5522,3210,3.984836874957789,5
5522,3253,3.90994368783873,4
5522,3538,3.0,3
5522,3676,4.504761550098441,5
5523,11,3.866836608340635,5
5523,480,3.936163844494839,5
5523,1136,3.9453878503557216,4
5523,1210,3.9140890268123796,5
5523,1275,3.9698637278680082,4
5523,1371,3.9030247041247845,3
5523,1373,3.884059640946042,3
5523,2115,3.8945499014503526,2
5523,2321,3.8683327492424353,3
5523,2424,3.9842048044894995,4
5523,2520,3.0,3
5523,3638,3.9597174372256267,4
5524,899,3.959396398393833,5
5524,1416,3.0,5
5524,2206,4.062916184556865,5
5524,3548,5.0,5
5525,2053,3.0,3
5526,6,3.6488509143066525,3
5526,448,3.0,4
5526,1245,3.986756163763681,5
5526,1892,2.726601767693773,2
5526,1949,4.343944611691752,5
5526,2932,4.0,5
5526,3037,4.064594592761444,4
5527,3263,3.6068266461699965,2
5528,2396,4.572136816679941,4
5530,147,3.0,2
5530,182,3.0,2
5530,194,5.0,4
5530,250,3.0,1
5530,378,2.9426329136086284,1
5530,1410,3.0,2
5530,2134,3.074362043580149,3
5530,2291,3.5260411068965705,4
5530,2399,3.0,2
5530,2502,3.462082658661239,4
5530,2568,3.0,2
5530,2791,3.5790071726777657,4
5530,3360,3.748006622395592,4
5531,1373,3.7672469920675695,4
5531,1479,4.025030193613876,5
5531,2105,3.9693680600013668,4
5531,2916,3.9870668111233294,4
5531,3527,3.9584203951027623,4
5531,3643,4.020490422755508,3
5532,2394,2.9999999999999996,3
5534,1262,4.322072709761825,5
5534,3578,4.4301427514397504,5
5535,1265,3.7529390458801806,4
5535,1280,3.0,4
5535,1375,3.4597479471055483,3
5536,14,3.0,2
5536,196,2.5321211351578814,2
5536,237,2.5686126449395075,2
5536,281,3.6543927924951003,3
5536,316,2.892851655324128,2
5536,1086,3.575716818827086,3
5536,1213,3.434460189103305,4
5536,1227,4.242488088919228,4
5536,1380,3.025872034598913,3
5536,3298,3.7512527709340713,5
5537,2333,3.390900673123662,5
5538,592,3.7361163660721326,3
5538,950,4.414740105621412,4
5538,2791,3.8233030572053606,5
5538,2926,3.6521180806628526,5
5538,2967,3.0,5
5538,3526,3.670312743819718,3
5539,314,3.0,5
5539,920,4.0298852983415285,3
5539,921,4.198452434040854,4
5539,943,3.503116851461557,4
5539,1259,3.8137773524960155,5
5539,1278,3.9095568643530902,4
5539,1283,4.379779123594234,5
5539,1914,3.0,4
5539,1927,4.000237537191897,4
5539,3188,3.0,4
5539,3865,3.0,3
5540,1301,3.42207250754248,3
5541,260,4.289910513673408,4
5541,2312,3.0,3
5542,2203,4.569884874527735,5
5543,1,3.7374232832832415,4
5543,379,3.6212573780403976,3
5543,1197,3.7780686299661346,5
5543,1243,5.000000000000001,5
5543,1374,3.8393158001039716,5
5543,2140,3.6581987006070573,4
5543,2167,3.744260897391419,5
5543,2297,3.397684993562551,3
5543,2408,2.3760740030487817,1
5543,2676,3.0,2
5543,2687,3.1163640198175075,3
5543,2762,3.972449838971658,5
5544,2707,4.166001329768092,4
5544,3052,4.763332936848344,4
5545,318,4.520219596140197,5
5545,848,3.0,4
5545,1214,4.443087199032655,4
5545,1321,4.516971806071424,5
5545,1940,3.0,5
5545,3526,4.496493762907394,5
5546,565,3.0,3
5547,587,3.7733462659471173,3
5547,1804,3.0,3
5547,3210,3.9391249187410624,4
5548,562,3.947894387679399,4
5548,1784,3.5681200097093786,2
5548,2324,3.733729085025119,4
5548,3044,3.6929260496258234,2
5549,858,3.2492736461109866,5
5550,151,4.254169381288249,3
5550,318,3.9673730534550433,5
5550,365,3.0,3
5550,964,3.0,4
5550,1208,3.9775653704331004,5
5550,1231,4.066611737041282,5
5550,1376,3.703449966771023,3
5550,1590,3.4037627705765177,2
5550,1672,3.9917556875425344,4
5550,2014,3.5098444188778073,3
5550,3527,3.8250420863208356,5
5550,3649,3.0,3
5550,3740,3.6883412500681505,4
5551,1342,2.103744664857336,4
5551,1617,2.97503634837563,4
5551,1645,3.284868403945899,2
5552,319,3.0,4
5552,3489,3.2001371787047512,4
5552,3606,4.0,3
5553,597,3.536598467525062,3
5553,928,4.056495048526253,5
5553,1284,3.9773798814007004,5
5553,1963,3.9340414904530805,4
5553,3194,3.350909427309858,2
5554,924,3.85070481500559,5
5554,1200,3.8699158328232914,4
5554,2346,3.8293746365533967,2
5554,3676,4.0,2
5555,15,3.0,3
5555,34,3.825840579910089,1
5555,377,3.366632798350351,4
5555,593,3.7626193847164293,5
5555,595,3.6767000614192584,2
5555,836,2.879232902072265,1
5555,1025,3.2630273600934125,4
5555,1206,3.8774331075782174,3
5555,1302,3.8567766591102575,4
5555,1345,3.823695397060139,4
5555,1967,3.413593339843531,4
5555,2195,5.0,2
5555,2320,3.4989560467489302,3
5555,2404,3.230173405832565,3
5555,2535,3.0,2
5555,3257,2.9688001545463547,3
5556,2018,3.411435578745461,5
5556,2385,3.0,3
5556,2532,3.0291398062373007,2
5556,2554,3.0,3
5556,2700,3.6837892104379297,5
5557,1250,4.565989705415214,5
5557,1256,4.713455153846348,4
5557,2797,4.3747788052368275,4
5557,3210,4.380689933301628,4
5558,2,3.017778840238307,2
5558,329,3.828158242940739,2
5558,434,3.976449656873638,3
5558,1672,4.0,4
5558,1876,3.729764341527913,3
5558,2018,2.346747153338508,2
5558,2720,3.0,3
5559,527,4.465833655378984,5
5560,2355,4.19232194995673,3
5561,161,3.5252938163713297,4
5561,549,1.0,1
5561,588,3.4076489935353234,3
5562,914,3.5847807300387613,4
5562,1959,3.3652995967376667,4
5563,2324,3.955821456425743,5
5564,454,3.0196945464347724,2
5564,3462,4.0,4
5565,265,4.045055957118269,5
5565,2396,4.2379276461064945,3
5567,1125,3.150652434582385,4
5567,1416,3.0,3
5567,1663,3.3639056904744984,2
5567,2820,3.0,3
5567,3591,3.250915156426065,2
5568,461,3.0,3
5568,547,3.0,4
5568,589,4.2111869600297815,4
5568,592,4.189723842182149,5
5568,1275,4.18899093713726,5
5568,1346,4.0,3
5568,1438,3.769279711977716,3
5568,2002,4.170383569884,4
5568,2058,4.206364052470143,5
5568,2115,4.188099888898126,5
5568,2135,3.985044171443991,4
5568,2898,4.002742645334389,4
5568,2916,4.2331617034727955,5
5568,3489,4.193314325996432,3
5569,1225,3.4249673130218268,3
5569,1854,3.0,4
5569,2378,3.315322234531094,3
5570,1,4.009904215921538,5
5570,910,4.274208935379527,4
5570,1198,3.9634143240002224,5
5570,2414,3.548312343083172,4
5570,2819,4.130017785698388,4
5571,912,3.6689211873757013,3
5571,3471,3.548843269339228,3
5572,306,3.0,4
5572,1304,4.033565881776704,3
5572,3635,3.8403493556534074,4
5573,82,3.0,5
5573,568,3.0,4
5573,904,4.467174495617149,4
5573,930,4.263938699021982,3
5573,1938,4.0,4
5573,2208,4.7275460460896275,5
5573,3067,3.9857230379668134,3
5574,2076,4.258648423670843,5
5574,2080,4.096884798549813,5
5574,2294,3.3500136236004963,3
5575,539,3.2060056497608778,4
5575,852,3.2213313542162747,3
5575,1005,2.953677509979982,3
5575,1367,1.0,4
5575,2605,3.2085608456885613,3
5575,2763,3.5557711096405202,3
5575,2872,3.3359658114174664,2
5575,3049,3.0,3
5575,3088,3.2114472133551786,4
5576,434,4.272771877307165,4
5576,1587,4.038674072069912,2
5576,2421,4.077965235423493,4
5576,2985,3.7088192879148743,4
5576,3157,3.0,5
5576,3673,3.0,1
5577,3633,2.10149347664119,2
5578,260,4.133344793717813,4
5578,281,3.0,5
5578,2248,4.184069649179917,3
5578,2805,3.4910222384925946,3
5580,597,3.782190429691426,5
5580,1088,3.8581804430005464,4
5580,1479,3.7416919328704625,3
5580,2361,3.0,4
5580,2581,3.1954775876561703,3
5580,2687,3.0,3
5580,3462,4.759633234384733,5
5580,3591,3.856967713995821,2
5580,3614,3.832957789036892,3
5580,3724,4.763352081996536,3
5581,1197,4.4481895100572695,5
5582,953,4.605031879153145,3
5582,954,4.808115271387248,5
5582,3545,4.776889726768576,5
5583,2478,4.208785128277252,3
5583,3639,4.1367386382166424,3
5585,1221,4.004384567893069,5
5585,1233,3.8970406317062345,5
5585,1240,3.7568905485689594,3
5585,1347,3.4154511015665747,5
5585,1982,3.270263345009837,2
5585,2947,3.8128390110480406,4
5588,858,3.951106538613754,5
5588,971,4.368471404964404,5
5589,1909,5.0,4
5590,3281,3.0,4
5591,553,5.0,5
5591,924,4.779349380407071,4
5591,1225,4.469771990459735,5
5592,480,4.139866580274615,5
5592,2132,3.954935456484331,4
5593,1230,4.455440240985911,4
5593,1373,4.687588548141466,5
5593,1387,4.453712776318405,5
5593,2857,5.0,5
5594,1245,4.021633945949919,4
5595,1215,3.207344996778874,4
5595,1221,3.698469618880977,4
5595,2722,2.671352740702355,1
5595,2986,2.881890402773443,2
5596,7,3.342743731680417,3
5596,593,4.41288998496209,5
5596,1225,4.012624748193185,4
5596,1407,4.348089430330231,2
5596,3037,4.5898910759863965,5
5596,3169,4.001658268025695,3
5597,162,4.516787479763999,2
5597,1330,4.067759614776956,4
5597,1717,3.249627548011796,1
5597,1974,3.4465794527209255,5
5597,2119,3.365225244548685,5
5597,2279,4.008522890176784,5
5597,2459,3.654996067382458,1
5597,2517,3.3152833813567426,5
5597,2782,3.0738139561240225,5
5598,1,4.223738242728771,4
5598,39,3.795329351769614,3
5598,1653,4.241449707597092,5
5598,3617,5.0,5
5599,68,3.0,3
5599,434,3.7240665384463245,4
5599,1408,4.127187920201835,4
5599,2616,3.52495046126925,3
5599,2907,3.0,1
5600,1394,3.7776623341240194,4
5600,2144,3.7156713047752836,5
5600,2716,3.7654122218407067,5
5600,3358,4.267472032060419,5
5601,1189,3.0,4
5601,1213,3.314377757425511,3
5601,1252,3.5447010968703423,5
5601,2000,3.2655516648138474,2
5601,2985,3.809428808783457,2
5602,1,4.2565805851634675,5
5602,339,4.255498387998393,3
5603,1078,3.53863413197881,4
5603,1198,2.5315728307459664,2
5603,2686,4.056513111433307,4
5603,2708,3.0,5
5604,2,2.9823059807223333,3
5604,1204,3.7082892185512084,3
5604,2081,3.3329514418673476,5
5605,17,3.444285520919954,4
5605,104,2.860534174941866,3
5605,239,2.090579616612084,3
5605,353,3.055205291981158,4
5605,543,3.0635163033030257,4
5605,587,2.975343533121406,3
5605,851,3.0,5
5605,1513,2.708181670205203,3
5605,1676,3.2117598368588314,4
5605,1909,3.3256276637735103,1
5605,2102,3.604939192254747,3
5605,2301,3.5073289577969886,3
5605,2336,3.0974280700308725,5
5605,2470,3.011237841607144,1
5605,2502,3.183495571963789,4
5605,2747,5.0,5
5605,2863,3.5193830070934435,3
5605,3148,3.5846631625714034,5
5605,3269,2.8207172634489073,2
5605,3409,3.0,4
5605,3557,4.0,4
5605,3733,3.0,1
5607,539,3.6353003979472183,4
5607,585,3.895447685659371,4
5607,1614,3.564437623817875,4
5607,2606,3.0,2
5607,3052,3.696784718611249,3
5607,3450,3.724622641710568,4
5609,3134,5.0,5
5610,480,4.510854626872543,4
5611,1713,3.0,4
5612,2840,2.201347846701162,2
5612,3363,4.524637926758669,3
5614,405,3.384783580721046,1
5614,454,4.118122044056186,4
5614,1179,4.247564746759065,4
5614,1186,4.029331934061471,5
5614,1224,4.3869301593976555,4
5614,1246,4.033867920222147,4
5614,1350,3.8330137707246226,5
5614,1372,3.850961873732646,3
5614,2026,3.6506227511599727,3
5614,2105,3.863276136910741,4
5614,2291,4.100409750094903,2
5614,2692,4.415004265265351,5
5614,3015,4.024662889431397,4
5614,3219,3.9841933497645674,3
5614,3361,4.0408125702409015,5
5614,3451,4.01898590163566,3
5614,3645,3.0,4
5614,3676,5.0,5
5614,3702,3.981222158135385,3
5615,1060,3.5604967017123066,4
5615,1213,3.725010544338024,4
5615,1291,3.462352775445009,2
5615,1641,3.6076199625644376,4
5615,2144,3.6138726350840313,4
5615,2352,3.6440888345881555,3
5615,3584,3.0,3
5616,110,4.286413489781934,3
5616,1247,4.302903364153511,4
5616,1380,4.1153047856192675,3
5616,3210,4.190611483026137,5
5617,1356,3.590141964579395,4
5617,2662,3.8837352699879806,4
5617,3418,3.8242964233045575,2
5618,588,4.090647552362414,5
5618,2359,4.072167644287384,3
5618,3114,4.301321927022609,5
5619,1333,3.8485859654753547,4
5619,2087,3.5005512615917,4
5620,104,3.693687452715911,2
5620,923,4.018334520406551,2
5620,1272,4.070089474791571,5
5620,1997,3.6548985075793627,4
5620,2906,3.0,2
5620,3729,3.0,4
5621,344,2.9233428838641395,1
5621,508,3.0373649289552893,5
5621,529,3.463907015712105,3
5621,588,2.9543368308481965,2
5621,590,3.1528693012442077,1
5621,1176,5.0,5
5621,1678,2.0339766748977923,4
5621,2146,2.592784790642969,3
5621,2467,3.34330658793831,4
5621,2533,3.1509017977753695,1
5621,3155,3.0,3
5621,3265,2.5174889904811475,4
5621,3301,3.2040074571699995,3
5621,3698,2.912231100472779,4
5622,922,4.242975564627749,5
5622,1269,4.017096330706835,3
5623,1589,4.5276609503187295,4
5623,2248,4.298627071961786,4
5623,2378,3.6133657082714974,3
5624,541,3.699192543599854,4
5624,3543,4.379579038096066,3
5625,1269,4.362963680648496,3
5625,3308,3.824604332949069,3
5625,3671,4.038794112163498,4
5626,24,3.0,1
5626,913,4.621330097261023,5
5626,1617,4.863556818326542,4
5626,2302,4.156992578384797,4
5626,3555,4.419880258222929,5
5626,3654,4.593954238303849,5
5626,3782,4.0,2
5627,29,2.8287944514682377,3
5627,34,3.32562351134573,4
5627,541,3.1669076834188283,4
5627,1095,3.433124310589192,4
5627,1245,3.5415692707059083,3
5627,1361,3.0,4
5627,1389,2.3743891855059105,2
5627,1472,3.0,3
5627,1587,3.047370140648368,4
5627,2021,2.968101521222011,2
5627,2081,3.178438913119077,3
5627,2107,2.2876793546166736,3
5627,2132,3.683369280984054,5
5627,2278,3.2019257607263567,3
5627,2336,3.1410298871293554,3
5627,2662,3.0722575857889964,3
5627,3108,3.3894652300804777,3
5627,3260,3.4933075026853895,4
5628,2516,3.0,3
5628,2633,3.0,4
5629,260,4.590168883763337,5
5629,356,4.555091032943374,3
5629,1219,4.5694294313044646,5
5629,2300,4.746840574388875,4
5629,2968,4.582460928996563,4
5629,3543,4.733345406606447,5
5630,556,3.0,5
5630,1358,4.55023459139074,5
5630,2696,3.0,4
5631,308,5.0,5
5631,3499,3.9702896911116654,3
5634,76,2.2215584804667166,2
5634,1350,4.329916370095139,1
5634,2134,4.1088444658257375,5
5634,2688,3.6140407392395963,4
5636,32,3.419215439402961,5
5636,58,3.814137020352952,4
5636,235,3.471474714062579,3
5636,1218,3.0,3
5636,1221,3.7966024938103153,5
5636,1250,4.0439184880672,5
5636,1408,3.248926394578905,4
5636,1643,3.783257143565944,4
5636,1694,3.686142965685719,3
5636,1759,3.0,4
5636,1860,3.0,4
5636,2065,3.8254782708867268,3
5636,2094,3.023978044100505,1
5636,2108,3.4326808215013953,3
5636,2109,3.455653149055055,4
5636,2442,4.0,3
5636,2542,3.438059048821249,1
5636,2852,3.557767614545048,4
5636,3158,3.0,3
5636,3253,3.1891568455099533,2
5636,3426,3.0,3
5636,3512,1.0,3
5636,3676,4.504761550098441,3
5636,3697,2.8957565856417564,3
5636,3703,3.5815218512431266,3
5637,648,4.005219461278303,5
5638,1784,3.811471848991437,4
5638,2028,3.9082044066874,4
5640,2860,3.0,4
5640,2976,3.9712065265574643,3
5641,509,3.707418140708248,1
5641,1569,3.373569609903554,5
5641,1580,3.425941219327405,2
5641,1747,3.5519844292424776,3
5643,168,2.982124238909893,1
5643,422,3.4847883590386757,4
5643,474,3.5301295129397907,2
5643,1231,3.899832061032171,3
5643,1282,3.5694246997270414,4
5643,1479,3.1648959538586534,2
5643,2031,3.0,2
5643,2348,3.4651684951814317,1
5643,2497,3.0,3
5643,2580,3.830277439794859,4
5643,2640,3.2975655892447375,3
5643,2730,4.0,2
5643,2762,3.370738157717606,3
5643,2918,3.41391168472288,3
5643,3011,4.088056114869239,4
5643,3159,3.0,4
5644,364,3.987971645848788,5
5644,2485,3.0,3
5644,2687,3.5631023951776206,5
5645,509,4.521822928072961,2
5645,596,4.045831248268002,3
5645,1028,4.300230450895029,4
5645,1223,5.0,5
5645,1302,4.458234768080817,4
5645,1304,4.52435291145529,4
5645,1674,4.240145020899957,4
5645,1784,4.551911978708792,5
5645,2006,4.58261200369497,5
5645,2455,4.699274040065591,5
5645,2997,4.663139601788187,5
5645,3635,4.781753450005955,5
5646,1300,3.0,5
5646,2794,3.6339305727330573,2
5646,2948,4.532505863556782,4
5647,1101,3.991591888771106,3
5647,1388,2.4799815123897977,3
5647,2109,3.8502861126560024,3
5647,2846,3.0,2
5647,3505,4.28631730208459,2
5648,153,3.9482797868856774,4
5648,588,4.0317995286602955,5
5648,648,4.0129423971631795,4
5648,1196,3.983573443086606,4
5648,1198,3.8464082316326187,5
5648,1580,3.9641337636869873,3
5648,1892,5.0,3
5648,2724,3.7442132314351757,4
5649,165,3.7906872244830137,4
5649,480,3.737697685579024,4
5649,892,3.0,5
5650,1130,1.1699438179697181,1
5650,1221,3.3148900317545156,2
5650,1286,4.017960136319575,3
5650,1347,1.5130895734814698,1
5650,2616,2.6937517554025217,3
5650,2671,3.401471479359096,1
5650,2716,2.6727570804915532,5
5650,2739,3.5514095941673767,1
5650,3545,3.7307999584122906,3
5650,3591,3.3031563297975004,2
5650,3745,3.5735683665308193,3
5651,50,4.290210751923888,5
5651,594,4.078414802589683,3
5651,1396,3.920256250021713,5
5652,593,4.09591591647895,5
5652,866,3.99017338441033,3
5652,1059,4.463005160680418,3
5652,1466,4.058579626123521,4
5652,3255,4.221261855419008,3
5653,222,3.656014027095436,4
5653,1207,4.3953008109357485,5
5653,2527,3.8099152352196954,3
5654,296,3.9517309081931216,5
5654,909,3.914554278352216,5
5654,1449,3.9865579192838383,4
5654,1904,3.0,4
5654,3039,3.9540334405650546,4
5654,3527,3.8756595762252624,4
5655,39,3.6192751902197497,2
5655,1249,3.409088233689169,4
5655,2393,3.1502618382990546,3
5657,21,4.069854524344969,4
5657,1566,3.8824149654730236,4
5658,434,3.776329772239816,4
5658,1084,4.634714406172712,4
5658,2616,3.5246792652113488,1
5658,2981,3.0,5
5659,32,3.7893482014055806,5
5659,1552,3.804211689402651,4
5659,2232,2.9999999999999996,1
5659,2291,3.7735003724476797,1
5659,2385,3.0,3
5659,2395,3.8374803651997964,3
5659,2840,3.67338149950648,2
5659,2950,3.280572279319379,5
5660,610,4.027946170358869,4
5660,2628,4.080194145272093,2
5661,296,3.8283817010947905,3
5661,1225,4.015795161933965,4
5661,1299,4.127316463430756,4
5661,2583,3.0,4
5662,861,3.0,4
5663,1342,3.208818268575791,2
5663,1372,3.7873894829768444,4
5663,2120,3.2229957036785954,4
5663,2490,3.4307337456224145,3
5663,3703,3.932155725200101,4
5664,1306,3.0,3
5664,2005,4.25333411425147,5
5664,2139,4.134589059193143,4
5664,2616,3.975402825391268,4
5664,2857,4.001584033869424,5
5667,1299,4.345228684819886,4
5667,1945,4.478911827673951,5
5667,2130,4.3640994776916555,5
5667,2302,3.8752351873063056,3
5667,2859,4.0,4
5667,2944,4.129741492178833,4
5667,3504,4.357328377586947,5
5667,3813,3.0,3
5668,899,4.108239639573119,5
5668,2017,4.0,5
5668,2081,4.396922116091172,5
5669,1078,3.634123273918965,3
5670,1258,4.660842158006338,5
5670,2167,4.720379096396034,5
5670,2571,4.7885303039272005,5
5671,1210,4.544321575529048,4
5671,1569,4.371270544287273,4
5673,1197,3.8007168320429816,5
5673,3261,4.0,3
5675,198,3.9276730518074894,4
5675,349,4.0924877901536405,4
5675,637,3.0,2
5675,1388,3.5645005958664613,3
5675,1515,3.1471705829716576,3
5675,1907,3.9333441858576417,3
5675,2167,3.9536020149292597,3
5675,2387,3.473083861074154,2
5676,550,2.0,1
5677,260,3.5519571223095543,3
5677,454,3.433047179922202,3
5677,1883,3.274828383584381,3
5677,3408,3.530665336301023,3
5678,904,3.963411914030977,4
5678,913,3.853856364098051,5
5678,1037,3.913203890447653,4
5678,1263,3.9165174222821464,4
5678,1387,3.8064059300198454,2
5678,2078,3.360491328503127,2
5678,2788,4.7578944238416945,4
5679,21,4.286925977456615,3
5679,1196,4.633449370888285,5
5679,1233,4.777245139262571,5
5679,1610,4.6086438258869755,5
5679,2019,4.736363421476155,5
5679,2028,4.6244268238722785,5
5679,2278,4.623916926011947,5
5679,3404,3.0,3
5679,3576,4.812258010118864,4
5680,942,4.692940930237135,4
5680,1090,4.131558262585065,5
5680,1589,4.093560782213628,4
5680,3251,3.0,2
5682,50,4.379600378318539,5
5682,296,4.356284699699732,5
5682,516,3.3220503324489368,3
5682,542,3.621446044147003,4
5682,647,4.527107272791393,5
5682,673,3.7105017083512357,1
5682,1271,4.250859804736299,5
5682,1584,4.218913103696598,3
5682,1799,4.583455678790826,4
5682,2278,4.409727104520319,5
5682,2447,4.494028448816664,5
5682,3355,3.0,2
5682,3453,3.0,2
5682,3826,4.28142425147589,4
5684,34,4.137129876762722,4
5684,1022,3.3864462774498554,2
5684,1527,3.4467268793490753,2
5684,1591,2.991418350016246,2
5684,1641,3.786261099149485,2
5684,1717,2.8239502864929587,2
5684,1732,3.741152799994946,3
5684,2023,3.666640046489372,2
5684,2094,3.279390024760063,2
5684,2109,3.9335870559815813,4
5684,2121,3.019965073775554,2
5684,2795,4.1677736324773,5
5684,3255,3.806979392913878,2
5685,2762,3.5214750667863077,4
5686,1,2.366031345672909,4
5686,587,2.190688606066589,1
5686,628,2.576486088253219,2
5686,719,1.521954292826391,1
5686,909,2.437356016665021,1
5686,965,2.0610823507964153,3
5686,1172,2.7530857200360983,4
5686,2076,2.2429268907001094,4
5686,2160,2.581542661845855,2
5686,2245,1.8917682179991184,2
5686,2804,2.2991518168934997,2
5686,2951,2.314740045815582,3
5686,3015,2.2456277358035686,2
5686,3240,3.0,2
5686,3450,2.1689262361428288,1
5687,2116,3.77786658993615,4
5687,2193,3.6790068263564657,3
5688,919,3.5101483351568366,4
5688,1625,2.948686413930113,5
5688,1673,3.8153128624452757,1
5688,2174,2.7326059239733493,2
5689,260,3.9309124273206995,5
5689,543,3.8072237576768835,5
5689,1060,3.862754312354989,5
5689,1208,4.020317129054709,3
5689,1235,3.899328309543268,4
5689,1259,3.9223512582540576,5
5689,1438,3.1923995445308226,4
5689,1584,3.8979186497385188,5
5689,1693,3.0,4
5689,1777,3.7921202878101976,2
5689,2100,3.8323344071934144,3
5689,2427,4.127993771071698,3
5689,2671,3.7843551440787535,4
5689,2700,3.660234006258014,4
5689,2997,3.924271966449598,5
5691,11,3.896111878530626,5
5691,1894,4.421847510731784,4
5692,3005,4.434930054461817,4
5694,2355,4.430655538925209,5
5694,3334,4.289694503208171,4
5695,541,3.049767014290833,4
5698,2,3.547317148720037,4
5698,780,3.7372171566473096,4
5698,902,3.4990644540012275,4
5698,912,3.978255584359328,5
5698,1259,3.8055005184821016,4
5698,2628,3.5485036878808467,4
5698,2633,4.0,4
5699,1019,2.959258457880045,3
5699,1207,4.0418091833949745,5
5699,1653,3.2838281910214926,4
5699,2000,3.3071698814303376,3
5699,2021,2.8765108645152986,2
5699,2302,3.3956204159503454,2
5699,2527,3.211108410502304,1
5699,3039,3.2986664297544914,3
5699,3083,3.0,5
5700,1617,4.8103891630725055,4
5700,3408,3.8597524370769296,5
5701,2710,3.5261413116794675,4
5701,2762,3.654189434043676,5
5702,29,4.25868736876399,5
5702,3181,3.0,1
5703,2391,3.992483144254961,5
5703,2649,3.33804788800476,3
5703,3408,3.819978267326529,3
5705,48,3.771454305344151,3
5705,377,3.7142479862848403,3
5705,1197,3.8449500837598127,5
5705,1500,4.0018055861381,5
5705,1735,4.490570223254465,2
5705,2399,3.0,2
5706,32,4.101943586575401,3
5706,1037,3.6168551426794986,3
5706,1089,4.2426915800802885,1
5706,2384,3.8232898968805222,5
5707,497,4.4005214699616655,4
5707,1966,5.0,4
5708,1097,3.190855997891787,2
5708,3217,3.0,3
5709,1136,4.062237431299535,5
5709,1466,3.885006759863612,4
5709,1953,4.102613146690323,3
5709,3638,3.812035522454859,4
5710,198,4.140906871660201,4
5710,1279,3.0,4
5710,1747,3.7232010018103767,3
5710,2762,3.5571815848808344,5
5710,2959,3.53804007900492,5
5712,555,3.5217937689211856,4
5712,1233,3.5341067710448,3
5712,2662,3.7732430590515067,3
5713,1188,3.8891620411183525,3
5714,3157,3.0,4
5714,3301,4.012620005303642,4
5714,3593,3.0,2
5715,81,3.0,4
5715,153,3.7985963379542875,2
5715,1287,3.943029076725225,3
5715,2985,3.785247337260427,4
5716,1077,4.238661755966184,4
5716,1214,3.9850294002617836,5
5716,1387,4.184593150383446,4
5717,112,3.3970708798357823,3
5717,1288,3.816160352308954,3
5717,2076,3.9003557743857873,2
5717,2324,3.8762830432086837,5
5717,2398,3.8305071897054703,3
5717,3253,3.823461861491771,4
5717,3363,3.8694690011183344,5
5717,3484,3.0,2
5718,194,5.0,3
5718,223,3.996173055189415,5
5718,318,4.394534263694105,4
5718,348,3.6822132777155203,4
5718,357,4.386763201048294,5
5718,1535,3.0,3
5718,1921,4.041539990886587,1
5718,2384,3.8387172579479043,4
5719,3591,3.084955211696597,2
5720,799,2.6019497636351447,3
5720,1194,3.0,3
5720,1500,2.9539062324693828,4
5720,2110,2.612479180068622,2
5720,2261,3.0427452232830765,2
5720,2706,2.9137537871536203,5
5720,2872,3.340264728460275,5
5720,2985,2.897836968058464,2
5720,2990,2.7421985323012072,3
5720,3261,2.572637241234554,3
5720,3363,3.06053758751798,4
5721,2028,3.7318980823972385,2
5722,608,4.0393861045452395,5
5722,965,5.0,5
5722,1171,3.7796582960789205,5
5722,1252,4.4290103116291455,5
5722,1856,3.0,4
5722,1963,4.547224364396693,4
5722,2159,3.0,4
5722,2640,3.640035063834583,4
5722,3733,4.54354627533137,4
5722,3741,4.842840158644263,5
5722,3895,3.0,1
5723,1220,3.6950490835525827,3
5723,2628,3.221541161474704,2
5723,3740,3.258933172194423,4
5725,3510,3.0041012778106047,4
5726,1240,3.9192807863652113,4
5726,1304,4.079558669219511,5
5726,2108,3.721310837801823,3
5727,2827,3.493401618627598,2
5727,3176,4.007049954676989,3
5728,3,3.4624291392366415,4
5728,1381,3.1604638484472605,2
5728,1777,3.6544215332571635,4
5728,2135,3.740212362787386,4
5728,2300,4.458401224348411,4
5729,799,3.874045914228124,5
5729,2519,3.8867587912972663,5
5730,527,3.613178111560827,4
5730,2763,2.983088646789503,5
5730,3578,3.643267432852526,3
5731,1291,4.345432755674625,4
5731,1580,4.3553014583819785,4
5732,2470,3.8674933987022104,2
5733,36,4.3106731874009006,5
5733,1126,3.562298719872947,3
5733,2918,4.096401881445859,5
5734,236,3.270132049012078,3
5734,266,3.616213672574368,3
5734,597,3.7582299925114775,5
5734,933,4.413043058999207,5
5734,1172,4.229442577769813,5
5734,3052,4.097422793941241,3
5734,3359,4.23060267863431,3
5734,3948,3.962788915033912,3
5736,1610,4.411435872682207,4
5736,2762,4.439154602642527,5
5737,1230,4.085006921877929,4
5737,3536,2.649567393677546,4
5738,196,2.9606421600752437,2
5738,494,2.635774299026849,1
5738,511,2.0,4
5738,1298,3.5868787519002256,4
5738,1590,2.762387889615917,4
5738,1876,3.021995345548167,3
5738,1954,3.4598277627126666,5
5738,2699,3.2272319986385263,3
5738,2841,3.40366342083035,4
5738,3264,3.1051264924807023,4
5738,3527,3.2919969379313345,4
5740,329,2.355216567185307,3
5740,1307,2.8289743939928567,3
5740,1610,2.654679753495035,2
5741,2365,1.0,1
5742,1204,4.084258650197802,4
5742,2396,3.858164812120608,5
5744,50,4.21541783711781,3
5744,260,4.0449848982881225,4
5744,531,3.0,4
5744,593,4.2143584938439425,5
5744,918,4.272534549676885,4
5744,973,3.0,4
5744,1022,4.00786930377327,5
5744,1377,4.021885321003981,4
5744,1381,3.3746131879749024,2
5744,1931,3.0,4
5744,2942,3.9708704593374273,4
5744,3301,4.0,3
5744,3340,1.0,1
5745,1393,3.7178685468963715,4
5745,2087,4.066965835544669,4
5746,1259,3.7552002184849878,4
5746,1690,3.6498842254921953,3
5746,1968,3.769127889037328,4
5746,1997,4.104565691011412,3
5746,2722,3.0241569308298764,2
5746,3005,4.492272642967786,1
5746,3360,3.6490935843839813,3
5747,6,3.751314823821584,4
5747,21,3.459229580070156,4
5747,519,1.5801005829356864,1
5747,648,3.551776109706209,4
5747,1029,4.12854413918093,4
5747,1285,4.040581388629942,4
5747,1333,4.181407691801145,4
5747,1721,3.970648286326765,4
5747,1888,3.5440038706790307,3
5747,2354,3.0,2
5747,2710,3.6207776995952847,3
5747,3439,2.091389741929089,2
5747,3623,3.5872808559604668,3
5748,2016,3.0,3
5748,3624,1.0,5
5749,36,3.8155847436256107,5
5749,85,3.0,2
5749,296,3.701532504500604,5
5749,457,3.566020189420496,4
5749,523,3.0,3
5749,537,3.0,3
5749,1699,3.0,5
5749,1785,3.0,4
5749,1916,4.328061733220024,5
5749,2596,3.0,1
5749,2858,3.7220875879492206,5
5749,2916,3.5086031010116505,1
5749,2959,3.515477953893973,4
5749,3203,3.238401857015622,3
5749,3770,4.658689627460888,3
5750,585,2.0,1
5750,930,3.954315346641093,5
5750,1356,3.2165257598243633,2
5751,1,3.095449278424571,5
5751,1367,3.0,4
5751,2683,3.77350929945838,5
5753,1573,4.398363546504941,2
5754,112,3.0143029679963655,3
5754,1136,3.3465953136522444,2
5754,1487,3.0,2
5754,1619,3.7379195869025876,1
5754,1962,3.3792352128558654,4
5754,2018,2.895665845305757,3
5754,2054,3.2817681417125097,3
5754,2163,3.0,2
5754,2470,3.022051639310291,2
5754,2529,3.411518120437192,1
5754,3060,3.6639088355987512,3
5754,3258,2.793987034671898,1
5754,3534,3.920218460461743,1
5755,184,3.0,3
5755,299,3.0,4
5755,307,5.0,4
5755,428,4.50100566173231,5
5755,522,3.0,5
5755,800,4.6748217189513515,4
5755,1034,3.0,3
5755,1193,4.004833149104869,5
5755,1306,3.0,2
5755,1676,3.6522424147571364,3
5755,1805,3.612215773946849,4
5755,1897,3.0,4
5755,2028,3.6934255797997237,4
5755,2112,4.005782655213583,4
5755,2662,3.6313175626455556,5
5755,2867,3.7665140448773893,4
5755,3088,3.7293442537158232,5
5755,3201,4.351090753570095,4
5755,3359,4.229715138886319,5
5755,3361,3.7617187660623217,4
5755,3468,4.325509760249677,5
5756,928,5.0,3
5756,934,3.0,4
5756,1721,4.425931219705659,5
5756,3004,3.0,2
5757,198,3.637608727767433,4
5757,1196,4.180066065378582,2
5758,733,3.7743566186543807,3
5758,2406,3.901086275157036,3
5758,2470,3.851346547465848,2
5758,3257,3.2904501303407074,4
5759,252,3.488881852526367,3
5759,485,3.26152920626649,4
5759,919,3.9391631875872197,5
5759,953,3.9487102568213137,4
5759,1124,3.836729879493242,3
5759,1240,3.8501647647683552,5
5759,1658,3.0,4
5759,1953,4.217495893631854,5
5759,2009,3.998353223562308,3
5759,2278,3.7951692164674458,5
5759,3354,4.3222653910836355,1
5759,3620,3.0,3
5760,2858,3.6955570655094623,5
5760,2997,3.6842780727697586,5
5761,1188,4.328757456752874,4
5761,2174,3.857983638331184,4
5761,2502,3.85465308253838,3
5761,2657,4.110995223810082,1
5761,3495,3.0,4
5762,595,4.150319581123025,4
5762,1021,3.5972615583308496,3
5762,1030,3.8134885560729668,2
5762,2533,3.900979026428769,4
5762,2739,4.322605936213341,5
5762,3386,4.3028837256587,4
5763,34,3.578023788350026,5
5763,420,2.3643470786014054,1
5763,474,3.447988646929346,5
5763,509,3.973097072182612,2
5763,529,3.948789704696414,3
5763,1080,3.911810331792971,5
5763,1125,3.8341804479232655,4
5763,1136,3.7971636277625898,5
5763,1214,3.5667381275950976,4
5763,1265,3.637761634613989,5
5763,1270,3.589161267495323,4
5763,1276,3.9724081430639386,4
5763,1760,3.0,3
5763,1827,3.0,3
5763,1856,3.0,2
5763,1914,3.0,3
5763,1917,3.06967430748013,1
5763,2378,2.8585562237464903,5
5763,2664,4.073204794053068,5
5763,2949,3.5855023696832693,4
5763,3246,4.1581465834014395,3
5763,3396,3.7299199622936823,4
5763,3468,4.223594410776888,3
5764,947,4.644038023802349,4
5765,1301,3.0402950147606305,2
5765,1967,3.1675328664749065,3
5765,2365,3.0,4
5765,2405,3.2677115843726576,3
5766,1183,3.743658949764716,5
5766,2687,3.8655285693706043,3
5766,3114,4.0,2
5767,998,3.0,3
5767,1130,3.5279910811760016,3
5767,1200,4.053874388015437,5
5767,1438,3.4493749368132183,3
5767,1980,3.165372256172115,1
5767,1981,3.101316121621306,1
5767,2011,3.979776091424388,5
5767,2641,3.9851190596490063,4
5767,3018,3.666471359472693,3
5767,3070,3.619797408916222,3
5768,1307,4.76376498431051,4
5768,1684,3.0,5
5769,1805,4.089400910463484,4
5769,3513,3.0,3
5770,3105,4.339371328052294,4
5770,3524,4.076690086670642,4
5771,417,3.0,5
5771,1291,3.502003481639133,3
5771,2899,3.0,4
5771,3389,3.0,4
5774,1265,3.958106555085611,4
5775,377,3.5968500849737715,3
5775,597,3.480936678786466,4
5775,1610,3.7987393205626487,3
5775,3526,3.859920129527113,4
5776,780,3.830526128656707,4
5776,908,4.039095818125483,4
5776,1210,3.8778196143140393,3
5776,1214,3.5609059444691695,4
5776,3033,3.495753933680996,4
5776,3070,3.5218098240432196,4
5776,3107,3.8617679328167616,4
5776,3471,3.892069053413089,4
5777,318,4.328937853745366,4
5777,919,4.440013982226635,5
5777,1262,4.466382686613162,5
5778,1214,4.178566749949926,5
5778,2640,4.156659457714808,5
5778,3449,3.0,3
5779,32,3.701012757285495,4
5779,122,3.0,4
5779,510,3.0,2
5779,1196,3.656763665899913,5
5779,1964,3.738549583214551,3
5779,2203,4.443403052055876,5
5780,1084,4.157319467075638,4
5780,1089,3.960193603024677,4
5780,1673,3.882010683703811,3
5780,1785,3.0,4
5780,2706,3.818488092583957,5
5780,3250,3.0,2
5782,1265,3.6821486619463863,3
5782,2421,3.6346989805635976,4
5783,11,4.300627616131446,5
5783,237,4.87049595162824,5
5785,1291,4.5486678046689475,5
5785,1610,4.500609955511262,5
5785,3060,4.685234756071129,4
5785,3408,4.471633365193046,4
5786,1201,3.7909114302708002,4
5786,1585,3.0,5
5786,1663,3.4293400007916537,3
5786,2372,3.5814019612306858,2
5786,2622,4.0,2
5786,2791,3.455045832543072,3
5786,3175,3.3568055220642252,2
5787,153,3.25378967396327,3
5787,552,3.1760939702679636,2
5787,714,3.0,4
5787,905,4.439824729605013,4
5787,1029,3.886692219829833,4
5787,1079,3.74368307335527,3
5787,1278,4.013625971352071,5
5787,1373,3.7373630748550366,1
5787,1605,3.0,3
5787,2654,3.6891616086348904,4
5787,2946,4.256881794689341,4
5787,3155,3.0,3
5788,122,3.0,2
5788,445,3.0,1
5788,532,3.8199475850194493,2
5788,1233,4.349812998984171,5
5788,1259,3.8019447867429244,5
5788,1270,3.6453007288232953,5
5788,1340,4.03181123042419,4
5788,1616,2.247901136461324,1
5788,1679,3.0,1
5788,1769,2.394313439031105,1
5788,2055,2.0,2
5788,2325,4.0,4
5788,2513,2.4925894369544968,3
5788,2779,3.6289868592668846,4
5788,3264,3.2698922672048165,3
5788,3268,1.595546758427306,1
5788,3608,3.653177300471215,4
5789,3588,3.0,4
5790,235,3.5135897197642874,2
5790,1079,3.8209387678449365,4
5790,1193,3.885897770014932,5
5790,1291,3.9564329071355453,5
5790,2482,3.0,3
5792,555,3.8542088953162263,3
5792,1027,3.499131309156952,3
5792,1095,4.045884256020322,5
5792,1274,3.37996459386952,5
5792,1921,3.919229822443728,5
5792,2599,4.021624779511623,4
5792,2858,3.951456712122592,3
5792,3250,3.0,3
5793,3366,5.0,4
5794,234,4.0,5
5794,485,3.121950231497211,3
5794,910,4.543315135577201,5
5794,1731,3.0,1
5794,2043,3.0,4
5794,2394,3.153794786820653,2
5794,2406,3.866041055522853,5
5794,3552,3.7396919201293075,4
5795,1,3.9764765711212813,5
5795,9,1.0,1
5795,45,4.252447358451232,4
5795,86,3.0,4
5795,104,3.2097625698697616,1
5795,125,3.8810884029693264,4
5795,185,2.749270640853433,1
5795,425,3.0,2
5795,434,2.934999853387142,2
5795,451,3.0,4
5795,473,1.3408134596678234,1
5795,480,3.709252488281724,5
5795,571,3.0,4
5795,575,1.5096101605337606,2
5795,1064,3.6068192268759054,3
5795,1262,4.689046659812491,5
5795,1407,3.64895773044786,5
5795,1499,1.538053437791579,1
5795,1701,4.116444478314941,5
5795,1959,4.321853210285644,5
5795,2146,3.446411864110227,4
5795,2167,2.959417493511273,1
5795,2240,4.111934862503219,1
5795,2268,3.86399211861835,4
5795,2473,3.0620880234645558,1
5795,2605,1.899196020942018,1
5795,2664,4.394084009371598,4
5795,2852,4.777123353870954,4
5795,3269,2.9540874437119693,3
5795,3386,4.117761940830669,5
5795,3441,3.257426790570924,3
5797,1175,5.000000000000001,5
5797,1372,3.3287565745662246,2
5797,2600,3.428628570553253,3
5797,2692,4.208497324590788,5
5797,2987,3.913260168911642,5
5800,3384,3.0,2
5801,1214,3.811861500479896,5
5801,1466,4.2479869750873025,4
5803,1837,3.0,1
5803,3261,3.0086027681956122,1
5805,1028,4.081307939536174,5
5805,2140,3.798056735190381,4
5805,2174,3.8838557973085845,4
5805,2797,3.8760863606506772,3
5806,923,3.884364974170865,5
5806,1152,3.0,4
5806,1260,4.534725536659434,5
5806,1263,3.7532783184734697,3
5806,1264,3.0,3
5806,1633,4.0300889280796035,5
5806,2732,4.48960071016571,4
5806,2858,3.772468194038771,4
5807,1982,3.0,3
5807,2355,4.17108954518017,5
5809,314,3.0,4
5809,480,3.52280700804044,3
5809,588,3.645214379249896,3
5809,1732,3.65797494966939,4
5809,1917,3.1838803918061798,3
5809,3087,3.3879310679484487,3
5809,3526,3.7015216808715694,4
5811,2714,3.0,2
5812,203,4.0,3
5812,225,3.930993829353204,4
5812,592,3.913956354261947,5
5812,720,4.5775285139782484,5
5812,899,4.326459456594942,5
5812,1249,4.1827910417271905,5
5812,1442,3.0,2
5812,1639,4.040909269403859,4
5812,1668,3.0,2
5812,1836,3.0,3
5812,1907,3.9770861049735857,4
5812,2076,4.601484115223194,2
5812,2181,4.0,3
5812,2436,3.0,5
5812,2700,3.830818833891045,5
5812,2748,3.0,1
5812,2915,4.134511138551448,3
5812,3072,4.572322557606819,5
5812,3145,3.0,3
5812,3269,3.6570181235079624,2
5812,3730,4.264932257416519,3
5813,2105,3.8298426651905335,2
5814,3114,4.013393919367978,5
5815,1199,4.531355404180179,5
5816,1589,4.0,3
5818,2396,3.551126960733141,3
5820,1304,3.669194173371502,3
5821,1186,4.138481196907497,4
5821,2700,3.7936868174840197,4
5823,2396,4.1072411118087855,4
5824,150,3.7914520575216244,5
5824,292,3.6605167119843585,3
5824,473,3.1440671039321635,1
5824,933,3.89356137063261,4
5824,1381,3.0918601185936816,2
5824,1682,3.759308877147962,4
5824,1801,3.4152132321403768,3
5824,2000,3.662516493752094,4
5824,2002,3.5483614396678385,3
5824,2144,3.3144096649106327,2
5824,2396,3.861563714508739,5
5824,2521,3.0,1
5825,320,3.0,5
5825,3148,4.304774491643367,5
5825,3176,4.106307599201764,4
5826,23,4.0,2
5826,593,3.76484533873566,5
5826,1199,4.171122585953838,5
5826,1701,4.469580618886555,3
5826,1921,4.156137507826754,3
5826,2324,3.8289503857365266,5
5826,2391,3.8744097846342953,3
5827,1359,3.0,3
5827,3249,4.0,2
5828,2976,1.0,4
5829,260,3.7985502206659807,4
5829,952,4.027118931301838,3
5829,2797,3.5532314557085645,3
5829,3210,3.4209070903305183,4
5829,3608,3.3589373468593298,3
5830,2997,4.047059518969429,3
5830,3537,3.0,4
5831,272,4.0,5
5831,471,3.9375974450635884,4
5831,508,4.137801398737174,4
5831,539,3.953507519878256,4
5831,608,4.127770608968514,4
5831,720,4.0,4
5831,832,3.877361069812306,4
5831,938,4.269693356551551,4
5831,953,4.211551783572728,5
5831,1073,3.972853428219418,5
5831,1113,3.0,4
5831,1275,3.731344112985638,3
5831,1297,3.9585240726899085,4
5831,1382,3.5040106610721415,2
5831,1690,3.5276359842537444,3
5831,1711,3.9963595422068785,5
5831,1727,3.0,4
5831,1954,3.9976152915112557,4
5831,1959,3.8437160269994703,4
5831,2093,3.748103927503648,3
5831,2210,4.0,4
5831,2257,3.0,4
5831,2367,3.4154436909618497,3
5831,2370,3.0,4
5831,2385,3.0,2
5831,2427,4.125081721360576,4
5831,2454,3.8908450232336005,4
5831,2474,4.0081238026178685,4
5831,2641,3.7352940616828336,4
5831,2642,3.4512068410338,2
5831,2662,3.8788419942628276,4
5831,2692,4.2219791956033355,4
5831,2756,3.0,4
5831,2815,3.5311155204188034,3
5831,2956,3.4900723898001327,3
5831,2968,3.898672898346872,4
5831,2991,3.8898170309593256,4
5831,3203,3.647090692732598,4
5831,3614,3.869655544963534,3
5831,3798,3.0,4
5831,3836,4.1887949240437425,4
5832,1187,3.0,3
5833,1500,4.1376258906405745,4
5833,2734,4.0,5
5833,2987,4.069587460306391,4
5837,16,4.371041741139018,5
5837,47,4.258915623475405,5
5837,368,4.088582841085191,4
5837,370,3.512425622150577,4
5837,1350,4.0372116564057325,4
5837,1485,4.055606981149499,3
5837,1791,3.0,4
5837,1876,4.028183771973154,4
5837,1953,4.362226513253212,5
5837,2153,4.008196758950369,2
5837,2353,4.1879893264905865,4
5837,2391,4.4553441245795975,4
5837,2468,3.8583227778829055,4
5837,3527,4.138417001139693,5
5838,1,3.8387896588391413,3
5838,587,3.6079714569831314,3
5838,951,3.934464479699922,5
5838,1226,3.6541359949640184,3
5838,2288,3.8218902047404626,1
5838,2801,4.0,3
5838,3105,4.066921318706111,4
5840,140,3.0,3
5840,497,3.8566037920138236,4
5840,832,3.6810676554517494,4
5840,1270,3.7548385663161272,4
5840,1721,3.7761713372441954,4
5840,2150,3.5320919569734937,3
5840,3068,3.802601299112627,3
5841,888,3.0,1
5841,1012,4.61837216325174,4
5841,1358,4.254192611429153,1
5841,2096,4.5838989563919705,4
5841,2212,4.630149699133994,4
5841,2245,4.255753304844435,5
5841,2677,3.0,5
5842,493,3.0,4
5843,3526,2.699639356646115,3
5844,339,3.725874528827036,3
5844,1199,4.046372774884037,5
5844,1372,4.022284037277595,5
5844,2572,4.1938979877961104,4
5844,2710,3.702299235181029,4
5845,223,4.199269237520921,5
5845,670,5.0,5
5845,913,4.485017591773466,4
5845,1217,4.563239787959535,5
5845,2337,3.0,5
5845,2683,4.040012342935771,4
5845,2840,4.326330743302039,4
5847,5,3.21908758979095,3
5847,151,4.301370297045541,4
5847,471,4.369029261166406,4
5847,830,3.3022672608138723,4
5847,1327,4.492635264611012,3
5847,1425,3.0,4
5847,1682,4.072947157909351,5
5847,2294,3.9963148352745477,4
5847,3591,3.8123462586780223,4
5848,1015,3.0,4
5848,1136,3.7686005050674267,4
5848,1907,3.314127492691341,4
5851,2139,4.399348337527884,5
5852,289,3.164194091490463,3
5852,527,3.5915702473796323,5
5852,858,3.7257322673807662,5
5852,1196,3.5822762575985854,4
5852,1784,3.450445906578935,4
5852,2262,3.5321599724835036,3
5852,2333,3.9088131250327494,3
5852,2871,3.7687492626847776,4
5853,5,3.0027820511631473,1
5853,1196,3.5427343612088102,5
5853,1290,3.395920402472488,2
5853,1690,2.99827658230748,2
5853,2985,3.150206808570895,5
5854,332,3.0000000000000004,3
5854,338,4.423140545832948,3
5854,548,3.45255477719972,3
5854,788,3.7226903488064615,3
5854,799,3.4023220747074974,4
5854,1128,3.3118255027002377,4
5854,1346,3.3552480658760113,4
5854,1347,3.6277747851269466,4
5854,1453,3.0,2
5854,1644,3.4777564087961865,3
5854,2315,2.829211108094736,2
5854,2505,3.5044038058932743,5
5854,2541,3.33089246428857,5
5854,2616,3.8303225064657394,2
5855,508,4.221074556060808,4
5855,2153,3.0,5
5856,17,3.132820990459742,5
5856,380,3.7062969621600312,4
5856,1036,3.70099154139569,5
5856,2975,3.0,5
5857,480,3.7196043882694774,5
5857,592,3.6820966621421682,4
5857,919,3.6809558121870527,5
5857,1088,3.9220721690756206,5
5857,3108,3.801412929255552,3
5858,345,4.158085245655923,5
5858,858,4.253605715806175,5
5858,1250,4.3830132015367465,4
5858,1262,4.360612953402753,5
5858,1387,4.186208644222676,5
5861,34,4.510270881902876,4
5861,1377,4.0610566977417895,2
5862,153,4.665306632019617,4
5862,1527,4.652585484206276,5
5862,1580,4.642951406267895,5
5862,2355,4.688244096898931,5
5864,260,4.20392190241858,5
5865,1276,4.3815805315157705,4
5865,2513,2.0,2
5867,2707,4.380993255962949,4
5867,2719,3.352023547076582,2
5867,3113,3.4513684777022164,2
5868,615,3.0,5
5868,1873,3.0,5
5869,260,3.7551292535694993,4
5870,1291,4.326742036112099,5
5870,2501,5.0,5
5871,2212,3.0,5
5871,2762,3.717397463816423,5
5871,2763,3.166725517099129,2
5872,111,3.978968755457672,3
5872,785,3.4373427339623577,3
5872,1377,3.1240885229843354,2
5872,2145,3.6854604996619416,3
5872,2502,3.4697432586963357,4
5872,3911,3.8470582616594373,4
5874,457,3.641176023568754,5
5874,1247,4.144205517872412,5
5874,1370,3.448874359832268,2
5874,1609,3.0,3
5874,2006,3.3893529671915075,3
5874,2406,3.5601436605652297,3
5875,70,3.9258745785659483,5
5875,260,4.133288973756443,5
5875,2710,4.016959533137053,2
5875,3307,3.0,5
5875,3438,3.582767341578117,3
5875,3751,4.509520995957694,4
5878,32,3.6398403974546936,5
5878,36,3.745463945920134,5
5878,141,3.48075897391129,3
5878,543,3.601999699715902,5
5878,589,3.631874523964613,3
5878,1060,3.3822013566971245,2
5878,1069,5.0,3
5878,1103,4.199097173904274,5
5878,1291,3.6892947917175416,5
5878,1417,3.0,1
5878,1466,3.611906332599766,4
5878,2174,3.3697810770516523,5
5878,2261,3.9758267521498416,5
5878,2453,5.0,4
5878,2639,4.00720228564959,3
5878,3175,3.359499989626346,1
5878,3264,3.6466081064147833,5
5878,3512,4.518634317000659,3
5879,1127,3.4960452218228943,5
5879,2948,3.7123245360316046,4
5880,344,3.0784219516370164,3
5880,639,3.0,2
5880,1193,3.6671772036353856,4
5880,1246,3.575886311054913,4
5880,1320,3.258274306870217,4
5880,1580,3.451897472794354,5
5880,1591,2.9960611808532347,1
5880,1729,3.824334442735603,3
5880,2059,2.981882461068265,2
5880,2080,3.410792768330735,3
5880,2109,3.536535028684538,5
5880,3247,3.224709868757985,2
5880,3361,3.60415962804207,4
5881,11,3.801525292203272,3
5881,210,3.0,4
5881,276,3.698129792614642,3
5881,2718,4.0,5
5881,3269,3.5267294996899468,3
5882,1356,3.302117026380052,5
5883,2694,3.4728999902688353,3
5883,2716,3.3616172996415785,3
5884,2000,3.73926921777373,2
5884,3256,3.5422240873709887,3
5885,198,4.155302933390049,4
5885,316,4.292037310794461,2
5885,588,4.316770523369986,5
5885,781,3.0,4
5885,965,5.0,4
5885,1183,4.662627265983041,4
5885,1461,3.0,1
5885,2058,4.389300162964479,4
5885,2995,3.0,2
5885,3578,4.350110218285457,4
5886,29,4.268806364333595,3
5886,316,3.0858753007081536,2
5886,440,3.284280601912634,4
5886,552,2.936498931404014,2
5886,1025,3.1583642918064094,3
5886,1032,3.196202908008032,3
5886,1221,3.7267048743035494,4
5886,1358,3.7739292245937666,5
5886,1394,3.4487235383031796,4
5886,1625,3.2951545702841774,5
5886,3418,3.5975767487158388,3
5887,595,3.777370099560367,4
5887,2423,3.7306007504786414,3
5887,3418,3.7156325271725414,1
5888,46,2.6093537223021652,1
5888,140,2.001268371344579,3
5888,708,3.5236201400100224,3
5888,1078,4.665530425642662,4
5888,2081,3.6037926176626134,5
5888,2371,3.2893180111208036,4
5888,2385,3.0,2
5888,2472,4.0,3
5889,34,3.9519863654921834,3
5889,720,4.0,4
5889,912,4.185642860293729,5
5889,994,4.0,3
5889,1080,4.125181432935775,3
5889,2598,4.0,4
5889,2791,3.932928443500267,4
5890,581,3.0,4
5890,918,5.0,3
5890,1947,4.220023242958984,5
5890,2859,3.9458969075105643,4
5890,3068,4.137395683135701,4
5890,3366,3.914325839502826,4
5891,2572,3.367919475555341,4
5891,2861,3.0,2
5892,608,4.2462775223330285,5
5892,1077,4.412147489223128,4
5892,2937,3.0,5
5892,3175,3.988100360985018,5
5893,1223,5.0,4
5893,1958,2.4366404589755226,2
5893,2243,3.261229702003482,5
5893,3362,3.5237028956471534,4
5894,377,3.9292212794390546,4
5894,589,4.016423224896632,3
5894,1266,4.184593262617001,4
5894,3074,3.0,3
5894,3434,4.0,4
5895,1729,3.9553206213179157,2
5895,1953,4.314758760785041,4
5896,312,3.0,1
5896,1713,2.404519373093502,2
5896,2052,2.5953360690075526,4
5896,2502,3.245358435232619,3
5896,3258,2.72621578595058,4
5896,3462,3.0,2
5898,2628,3.5450290791215875,4
5899,3591,3.5285452408033198,4
5900,110,3.2163371584777134,2
5900,1810,2.527125244099308,5
5900,1968,2.506360491102069,2
5902,1240,3.627086261987482,4
5903,163,3.8958159178787692,3
5903,216,2.0,1
5903,595,4.136144955069519,5
5903,923,4.291094366384075,5
5903,1210,4.014313607464506,4
5904,2124,2.5153658771718734,3
5904,2712,4.70421579084188,4
5906,2791,4.159398713196636,4
5906,2890,4.144743468795514,5
5907,905,3.886967587357383,4
5907,910,3.9311190428410634,3
5908,1,4.365900500365246,5
5908,165,3.8169906501965944,4
5908,2012,4.296470853085209,4
5908,2088,4.325919173952597,4
5910,3006,4.124894470404788,5
5911,1210,3.702728322808767,3
5911,2997,4.043657996297633,5
5912,260,3.6085443024301798,5
5912,3259,3.0,4
5912,3361,3.647277752712875,3
5912,3508,4.06286665976827,3
5913,356,4.026693869740206,5
5913,529,4.162212463040762,5
5915,141,3.563433776881198,3
5915,410,2.9661715494826915,1
5915,589,4.03925725445266,5
5915,1200,4.064503718033143,4
5915,1265,4.136146589194842,4
5915,1378,3.715455782891546,4
5915,2947,3.970570728538428,3
5916,17,3.487543862102119,3
5916,26,3.0,2
5916,111,3.441179218109369,4
5916,225,3.149843270818757,3
5916,532,3.1770259639311016,2
5916,1215,3.2089786485459078,3
5916,2122,2.884820690250148,2
5916,2208,3.575151572668497,3
5916,2571,3.2420476322358702,3
5916,2764,3.66606894072215,3
5916,2937,4.0,3
5916,3028,3.0,3
5916,3062,3.55518144984288,3
5917,1197,4.212213716292459,5
5917,1214,3.947839505714954,5
5917,1376,4.069279374201557,4
5917,3036,3.0,3
5917,3440,3.206168632758494,3
5917,3552,4.213581117167059,2
5920,265,4.038855908013814,4
5920,1721,4.115986833696223,4
5920,1957,4.280623022910028,4
5920,3100,4.268236175247956,3
5921,1210,3.6504531702499046,5
5922,513,3.0,3
5922,1019,3.812450370603898,4
5922,1394,3.7914789626718504,3
5922,3362,3.798665446203662,3
5922,3549,3.4577692613159234,4
5924,112,3.666071444326939,4
5924,1527,3.8020897096415505,4
5924,1608,3.7811883603980587,4
5924,2353,3.8342990442412312,5
5924,2406,3.864058301338251,4
5924,2524,2.607824959586334,4
5924,2808,3.3463883528264895,2
5924,2991,3.954401941866933,3
5925,899,4.023380390661449,5
5925,904,4.073652579791522,4
5925,1296,4.023914415737257,4
5925,1704,3.7613450741294,5
5925,3329,3.0,5
5926,480,3.753939593406574,5
5926,648,3.7403489497759748,4
5927,21,3.7061615093572877,3
5927,39,3.3671354732292866,4
5927,199,3.0,3
5927,265,4.347763108721251,3
5927,339,3.6680594369041724,4
5927,508,4.020621110903157,3
5927,523,3.0,5
5927,1821,3.510448867921763,4
5929,742,3.243621041039456,3
5930,911,4.891998252153616,5
5930,1212,4.738824192324068,5
5930,2174,4.689484295794065,3
5931,2797,3.270061015761198,3
5933,2987,4.456170547667227,5
5934,2728,5.0,4
5936,34,4.645104503154018,5
5936,1240,4.670842215120663,4
5937,750,3.350138709311318,4
5937,2571,3.5066785561320373,5
5937,2664,3.768229655586978,3
5938,2759,4.650388827318276,3
5939,1299,4.121740832163342,4
5939,1307,3.783989943768422,4
5939,2997,4.336298405313623,5
5939,3230,3.0,2
5941,2081,3.8260807066820806,3
5942,1193,4.461564387357302,5
5942,1203,4.492789110638778,5
5942,2406,4.114993866594655,4
5943,1207,4.153114333197132,5
5944,559,3.0,1
5944,900,4.0,5
5945,3201,4.734226018880926,4
5946,1883,3.9713099402061665,1
5946,2125,3.787534264129275,4
5948,305,3.0,1
5948,307,5.0,5
5948,1028,4.093161974847348,3
5948,1035,4.226827533497861,4
5948,1208,4.437272886014813,5
5948,1282,4.354491702302344,5
5948,1303,4.856757253729255,4
5948,1960,4.311332817173598,5
5948,1997,4.531810566103493,5
5948,2065,4.23891848260928,4
5948,2929,4.3498554510469765,3
5948,2987,4.1546987411639416,3
5948,3072,4.262083830690371,3
5948,3684,3.409781302287769,5
5948,3733,4.097210867176127,5
5949,434,3.8266063601052305,1
5949,555,4.044040649342391,5
5949,1343,3.305084349327742,4
5949,3948,4.180148793985785,2
5950,271,3.0,2
5950,1061,3.5759210479329577,4
5950,1206,3.5060007476516457,4
5950,1287,3.4829218683852896,3
5950,1777,2.769964137808021,2
5950,2135,2.0,3
5950,2866,4.0,3
5950,3135,3.842851132079633,5
5950,3243,2.2689328869111565,1
5950,3360,3.337620120111488,3
5952,457,4.256245852998151,4
5952,589,4.251399942534445,4
5952,1378,4.285256421344246,4
5952,2527,4.212692020363098,5
5953,29,4.463225315798555,5
5953,2605,3.8518028977398435,3
5953,3054,3.0,1
5954,344,3.147086389005631,1
5954,736,3.21363867352496,1
5954,1025,3.899779619200842,3
5954,1073,3.653424504086129,5
5954,1080,4.04826148507728,4
5954,1089,4.012842545033534,5
5954,1267,4.332770529294695,5
5954,1356,3.529916084626077,3
5954,1396,3.6515976008403004,4
5954,1707,1.0,1
5954,1884,2.4073378077927914,3
5954,1965,3.9572501523618326,5
5954,2013,3.520913140692438,3
5954,2078,3.6839879750296496,5
5954,2367,2.999998546961284,3
5954,2404,2.0053095950180144,1
5954,2946,4.0032565981730235,4
5955,25,3.6375291472836286,3
5955,32,3.6037085941604037,5
5955,50,3.5681424527247296,4
5955,88,3.082631623037658,2
5955,208,3.384804066396552,2
5955,533,3.391763512854645,4
5955,589,3.5606702421247305,3
5955,902,4.017708475962288,4
5955,1233,3.652442899365195,4
5955,1333,3.8372676895150235,4
5955,1500,3.5734711627842968,4
5955,1680,3.3780985799970003,5
5955,3269,2.881355373205018,2
5956,353,3.437178118172676,3
5956,593,3.431456897950098,5
5956,848,3.0,4
5956,1909,3.578841245259811,4
5956,2161,3.3676128213629015,5
5956,2390,3.0,4
5956,2718,2.0,4
5957,1278,3.7715546617788145,4
5957,1584,3.6337609595918683,3
5957,2716,3.6983855681890714,4
5957,3265,4.628290099756317,5
5958,2794,3.5264602506089675,4
5958,3552,4.0013498939376095,4
5959,367,3.1181992812012362,2
5959,441,3.0575293482083197,3
5959,3477,4.0,3
5959,3481,3.101766660552814,5
5960,24,3.197537137359042,4
5960,3548,4.50289735073419,4
5961,2387,5.0,3
5961,2713,2.61481588054059,3
5962,608,4.825700773818688,5
5963,700,3.0,4
5963,1252,4.260501358872906,5
5964,175,3.247094337675506,3
5964,280,3.0,4
5964,1240,3.8568539086427385,4
5964,1580,3.7383087154213355,3
5964,1882,2.8711149748044114,3
5964,2064,4.72829442717877,5
5964,2087,4.0038835425492065,4
5964,2108,3.9861861100323903,4
5964,2291,4.000490061800246,5
5964,2599,4.338760240934126,2
5964,2683,3.8600937032420712,4
5964,2712,4.204013001960615,3
5964,2719,3.7276993359727064,1
5964,2844,3.0,4
5964,3388,3.2300238060343642,3
5964,3397,4.090658143698048,5
5964,3448,3.7684368835230773,4
5967,2959,3.6924725735953405,5
5969,345,3.0,4
5969,1288,4.115645250454604,2
5969,2804,4.215681228400028,5
5969,3615,3.0,4
5970,1391,4.104392093689547,1
5970,2985,4.158359212392961,3
5971,260,3.715095464600035,4
5971,414,3.0,2
5971,1270,3.6786220722124674,4
5971,2194,3.5261570974125105,4
5971,2396,3.860584928710821,4
5972,318,4.037360625192587,5
5972,500,3.939328652286213,3
5972,1093,4.065463599536167,3
5972,1347,3.9245042545950364,4
5972,2144,4.0874158430705805,5
5972,2268,3.997118445735012,4
5972,2369,4.0197547085921785,1
5972,2473,4.313402444771718,2
5972,3688,4.236255286135701,4
5974,6,3.470460483533644,4
5974,306,4.51671916100699,5
5974,337,3.560738533031793,4
5974,910,4.498670144663418,4
5974,1089,3.7535677754025354,4
5974,2114,2.61205538183757,2
5974,2702,3.0,4
5975,480,3.9612076852303386,4
5975,1193,3.974779842080175,5
5975,1240,3.9190143262105606,3
5976,34,3.221969080433794,5
5976,1127,2.952255279059005,2
5976,1219,3.1623850208725623,3
5976,1958,3.4406216534397527,5
5976,2090,3.3066219356988293,3
5978,10,3.017044765187924,3
5978,44,1.9639440291567865,1
5978,455,3.525276219844825,3
5978,1011,2.4016218355498458,2
5978,1030,3.523535151300213,2
5978,1184,3.0,3
5978,1566,3.885182573140669,2
5978,1754,3.146765093210822,4
5978,2890,3.63677544181579,5
5978,3256,2.6482781308691528,5
5979,111,3.6912822419673996,5
5980,589,3.9033850710762374,4
5980,905,3.957194414798473,4
5980,1945,4.017269765580853,4
5980,3175,3.913284808363207,4
5981,1952,4.051741173934852,5
5981,1997,2.4022627727975734,2
5981,2019,4.095860749138128,5
5981,2065,3.805576247822737,4
5981,2208,4.28701588852398,5
5981,2212,4.078284421929861,4
5981,2925,2.0,4
5981,3543,3.9694787584404634,4
5982,10,4.157159935284333,4
5982,733,4.182996306780178,5
5982,2001,3.4561756573812965,4
5982,3501,5.0,4
5985,832,3.9133895439276736,3
5985,2714,3.0,3
5986,1132,3.0,5
5986,1639,4.541952568392792,5
5986,1947,4.406062131483894,5
5986,3467,4.288470561964809,4
5987,858,3.536392078258857,5
5987,2395,3.5349355858052127,5
5987,2617,3.6399108432227045,2
5988,471,3.037711459840775,4
5989,1920,3.9830056421332274,2
5989,2881,4.0,4
5990,597,3.2060707017573593,2
5990,1296,3.734232730804022,4
5990,1344,4.531287316839061,4
5990,1953,3.9870119471073915,5
5990,2262,3.2473814757085284,2
5990,2413,3.1604516185615057,2
5990,2860,3.0,2
5990,3118,3.0,4
5990,3198,3.66544330977013,3
5991,17,3.69941283702513,5
5991,1639,2.8282275721274868,1
5992,356,3.711984794013341,5
5994,2028,4.355799423400624,5
5995,296,4.256238287522854,4
5995,1033,3.732011681049188,4
5995,1234,4.311015038440193,5
5995,2355,4.185712208631093,3
5996,318,3.988926436094903,5
5996,543,3.78549938550264,3
5996,736,3.801967201882074,3
5996,786,3.7048094233551856,3
5996,1025,4.312186045280296,5
5996,1033,4.285974745110673,4
5996,1243,3.4871558708608417,4
5996,1805,3.777791564050133,3
5996,2021,3.9066852400337835,5
5996,2025,3.0,3
5996,2078,4.143536340977778,5
5996,2091,3.0,3
5996,2802,3.7445606558854942,3
5996,3527,3.9060854528391156,3
5998,590,3.679343262148952,4
5998,1061,3.5148057232315986,2
5999,1284,4.614794221047597,4
6000,2,3.3691349288983563,3
6000,160,3.460129666568968,3
6000,370,3.252051984991407,3
6000,445,3.0,3
6000,1278,3.6893111877615743,4
6000,1665,2.6878935894672735,2
6000,1949,4.001520177852601,4
6000,2006,3.6059139463105936,4
6000,2161,3.372468005707343,4
6000,2396,3.783192947108525,4
6000,2574,3.0,3
6001,903,4.227782629292432,5
6001,969,4.173756646708699,4
6001,1214,3.4613273365212254,4
6001,1219,4.172768207501818,5
6001,2115,3.5600816029157305,3
6001,2645,3.0,4
6001,3812,3.0,3
6002,260,4.218545576975278,4
6002,750,4.30900711588169,5
6002,1090,4.234733738538239,5
6002,1147,4.0,5
6002,1200,4.138625282596723,4
6002,1358,4.245657110628781,3
6002,1375,3.966001123808032,3
6002,2396,4.300376489519164,5
6002,2726,4.501599097702883,4
6002,2946,4.0268510180934385,4
6002,2948,3.6249242419958643,4
6002,3072,4.061431906092336,5
6002,3448,4.1651057909219755,4
6003,480,4.058645848613531,4
6003,1784,4.1287233588580206,5
6003,1845,4.339201485310435,4
6003,2863,4.622713050243265,5
6004,2140,3.4712995164848697,3
6006,2,3.251670978412147,2
6006,986,3.0,2
6006,1302,3.17406688828132,3
6007,1204,3.1921392749831665,4
6007,1562,3.359030340453796,3
6007,1610,3.330535824645287,5
6007,2664,3.291651654347926,3
6007,3476,3.168888457206502,2
6008,3256,3.686764609597448,4
6010,1258,4.295881072869915,5
6010,1382,3.7680922966463757,4
6010,1527,4.163138128096104,5
6010,2941,3.5188949465897936,4
6011,185,3.997953845296247,4
6011,292,4.3719394604119515,4
6011,610,4.17627513315066,2
6011,1610,4.335140468139288,5
6011,2021,4.117590379427352,5
6012,2763,2.522353124928479,3
6013,363,3.0,5
6013,1035,4.641547981954102,5
6013,1513,3.4863995449638145,5
6013,2596,3.0,4
6013,2774,3.0,5
6013,3118,3.0,4
6014,1207,4.217961495883104,5
6014,1288,3.7892176849066384,4
6014,2300,4.54533116723409,4
6016,7,2.964743146781671,3
6016,1013,2.3325434526143303,2
6016,1136,3.4720300553729597,4
6016,1214,3.2245778041478967,3
6016,1220,3.2432741170229065,3
6016,1271,3.375926620288188,3
6016,1278,3.45037985509574,4
6016,1466,3.5453507410458323,4
6016,2145,3.0380179745631635,2
6016,2302,3.1918289832773734,3
6016,2336,3.6242045263874427,3
6016,2409,2.755775519655914,2
6016,2581,2.976936575051962,3
6016,3684,3.5107117322173402,3
6017,2961,3.0,3
6018,780,3.637320701836395,3
6019,1357,4.138200780743202,5
6019,1375,3.3555172974977765,3
6019,1580,3.565202141445206,4
6020,918,3.0,4
6020,2130,4.760623154934604,4
6021,2011,3.668252394592188,4
6021,2105,3.7061302751059837,3
6021,2872,3.7373161757116296,3
6023,44,3.6224149963079353,3
6023,227,3.4912401272630893,3
6023,1210,3.8361543518736014,5
6023,1242,3.9710945439377126,5
6023,2002,3.857963205411165,4
6023,2640,3.6352006303823137,3
6024,165,4.1015992646678425,4
6024,2058,4.391772886524854,4
6024,2991,4.233483824308095,4
6025,1821,3.3100250156616484,3
6025,1980,1.6729503084006039,1
6025,2668,3.0014574747299876,2
6026,1270,3.702537500801623,4
6026,2699,3.7490052949979886,2
6027,1917,4.354709662091955,5
6029,3591,3.335522642134305,4
6030,1372,3.929701925278183,4
6030,1653,4.315856994759984,3
6030,1917,4.060961012262246,4
6030,2012,4.139202500387551,3
6030,2628,4.058135932345629,3
6031,1394,3.967285360495858,2
6031,1961,4.022593436084745,3
6032,1278,4.286663325299381,5
6032,1304,4.389546076491245,4
6032,3504,4.514169310182629,5
6033,3404,3.0,5
6035,236,2.2779788161243633,2
6035,293,3.3859716006651257,5
6035,325,3.0,1
6035,429,1.3179564827671797,1
6035,605,2.3675076038187637,3
6035,708,2.9741485451202974,3
6035,737,1.6824637428081326,1
6035,1320,2.800156107788459,3
6035,1586,2.583813499896652,5
6035,1602,1.0,1
6035,2542,3.433785286502837,1
6035,3252,3.12023680895534,4
6035,3386,3.1768952230391783,3
6036,280,3.0,3
6036,571,3.0,3
6036,788,2.965737530635437,3
6036,800,3.7576598250934765,5
6036,969,4.064635702676311,4
6036,1248,4.497833449389357,5
6036,1617,3.5317268822930266,5
6036,1623,3.0,2
6036,1924,4.005980265913613,4
6036,2102,4.15352511398971,4
6036,2245,3.2908933501315456,3
6036,2291,3.576670808723605,4
6036,2348,4.0,3
6036,2707,3.625536684921457,2
6036,2736,3.6662626258535234,3
6036,3363,3.811232176640518,2
6036,3573,1.0,1
6037,111,3.923738477591441,5
6037,296,3.850362417064541,5
6037,1136,3.87767892010052,4
6037,1219,3.895377183067261,5
6037,1225,3.5670887967220737,5
6037,2208,3.6654923592741997,2
6037,2353,3.7801770933871763,3
6037,2997,3.834075334389998,4
6037,3471,3.881936737922146,5
6039,1066,4.0,3
6039,1934,3.0,5
6039,3028,3.0,3
6040,1097,3.6056110826824668,4
6040,1674,3.2650515721871525,4
6040,1963,4.116996499437459,4
6040,2384,3.1793146058697386,4
