userId,movieId,pred_rating,actual_rating
1,720,3.0,3
1,1193,4.423966531673214,5
2,589,3.8759690872503256,4
2,590,4.005720206313997,5
2,1084,4.135797897492699,3
2,2028,3.921335890313965,4
2,3809,4.050286759455147,3
2,3893,4.0,1
4,1196,4.218390278227594,2
5,215,3.0,3
5,299,3.0,3
5,728,4.0,4
5,2683,2.8753597544208884,3
6,48,4.1609679493962375,5
6,364,4.035873134902034,4
6,1566,4.150076728276338,4
6,3699,3.6552785764578557,4
7,1196,4.420786218864575,5
8,3252,4.174926606390442,3
8,3500,3.0,3
10,915,4.488853517055665,5
10,969,4.119639224085409,3
10,1030,4.418380810090317,3
10,1230,4.12686940430073,4
10,1921,3.866834989283492,4
10,2497,3.0,4
10,2529,4.188191887313866,4
10,2959,3.915668100364484,3
10,3591,4.364804311607659,5
11,333,3.5038330642826074,4
11,1244,3.680215263610352,4
11,1753,3.0,4
11,3146,3.0,3
13,1097,3.641144442744799,5
13,1375,3.4794666850408627,3
15,628,3.622117449811932,4
15,1615,3.4808403996965733,3
15,1645,3.5090825978340705,3
15,2764,3.0,3
15,3418,3.4868893759070465,3
17,300,4.295900908806876,5
17,446,3.0,5
17,913,4.546784869751703,5
17,1270,4.292297893171976,5
17,2454,4.343783958160342,2
17,3156,3.0,4
17,3638,4.160663421079549,2
18,555,3.910308650249489,4
18,1678,4.761177758129089,5
18,1688,4.362734366002856,4
18,1801,2.653426832008994,1
18,1805,3.61215477799143,4
18,2020,4.3859001630057035,5
18,2718,3.0,2
18,2826,3.110687624453575,4
18,3479,4.153584920015334,5
18,3526,4.294629824890326,3
18,3889,1.0,1
19,356,3.910720536725672,4
19,420,3.7496634326464013,4
19,1644,3.4272352366809806,3
19,2002,3.842841885475218,5
19,2454,3.127775567863774,4
19,2949,3.9270377450896095,4
19,3527,3.8092654336123033,4
21,3745,5.0,5
22,111,3.6549447212236066,4
22,163,3.108935901377504,3
22,480,3.272549357115293,2
22,1261,3.461499511621642,4
22,1391,2.9915020306610627,4
22,2249,3.3372124447169886,4
22,3107,3.148260996181727,3
22,3113,3.102166155157192,1
22,3255,3.115140345219854,2
22,3896,3.0,2
23,296,3.5973075674088038,5
23,720,3.577528513978248,4
23,1213,3.6934567356438883,3
23,1527,3.495548013503709,5
23,2064,3.7703170061000493,4
23,2176,3.0000000000000004,2
23,2527,3.718878590680957,5
23,2973,3.5386301060690046,3
23,3763,3.7598306637311882,2
24,296,4.192392834495383,5
24,1584,4.055127262371777,2
24,1663,4.044022640055559,4
24,2064,4.388023796313401,4
24,2791,4.0166126005354,4
24,3104,4.251473364756217,4
25,1375,3.689077808636763,3
26,74,3.979681591834308,4
26,377,2.8565674958893505,4
26,440,2.830741018493308,3
26,491,3.8289030455261543,3
26,592,3.05981654801737,3
26,1013,3.0,3
26,1097,3.134685525841071,2
26,1240,3.172113731685116,4
26,1586,3.1548355303951756,4
26,1711,3.1733825858521363,2
26,1917,3.0378002104872235,4
26,2146,3.408435203726507,5
26,2261,2.4731847765503727,3
26,2352,2.9136033488043562,5
28,32,3.733344589736354,3
28,144,3.0,2
28,901,3.364944368497055,3
28,1968,3.9137179768455344,5
28,2132,4.031866754946733,5
28,2550,4.0,4
29,1135,5.0,3
29,2534,3.0,3
30,150,3.7837373566792594,3
31,1307,3.718539055644721,5
31,2657,3.8933584170994484,4
31,2922,4.0,3
32,2858,3.7051684079440923,4
32,3286,3.0,1
33,902,3.1740590719605835,2
33,1079,3.7732303019086393,5
33,1252,3.7190276016463764,3
33,1253,3.9439266662151384,5
33,1615,2.0,3
33,1947,3.559920990395473,3
33,1953,3.8641730959325282,4
33,2159,2.9958481363917113,4
33,2664,3.832824165002277,5
33,2915,3.6417170145295286,3
33,3068,3.7809472851130246,4
33,3576,3.276303852947923,3
33,3599,3.0,3
33,3683,3.749461571965265,2
33,3836,3.6804152064505717,4
34,2072,3.5165617367625,2
34,2145,4.048396966915685,5
34,2369,4.378365953010914,2
35,838,3.2409810941720845,4
35,1035,3.6292728191883117,3
35,1210,3.5213897357973343,4
35,1217,5.000000000000001,5
36,480,4.301107868604768,5
36,500,4.366376173256826,4
36,788,4.149772733737225,4
36,1191,3.0,4
36,1249,4.498995223956854,5
36,1358,4.448708694549477,5
36,3060,4.16367282910118,5
36,3576,3.7455461192132047,4
38,1,3.9564485249558583,5
38,2144,3.6200459972251524,4
39,1127,3.4913967644170856,4
40,2366,3.6817089265902845,3
40,2662,3.781064226097489,4
41,2694,3.3361451252000736,3
41,3578,4.173426636922236,3
42,353,3.9946341882003553,4
42,494,3.9726895465335774,3
42,1387,3.8225655231251654,5
42,1580,3.774162322551667,3
42,2015,3.448905771334229,4
42,2115,3.7993980360149795,3
42,2533,3.9950166435501173,4
42,2986,3.9564936768814096,4
43,1961,4.688293464683585,3
44,497,4.2546143030339065,5
44,904,4.294787559039544,4
44,1234,4.1145529758653305,5
44,1291,3.9547656374335802,5
44,2167,3.7883360086329754,4
45,48,3.3503864332421966,3
45,910,3.5776506673413184,5
45,1593,2.91242413608374,1
45,2109,3.1781544564260256,2
45,2243,3.365250366191774,3
45,2247,3.6099564808491897,2
47,34,4.0,4
48,2,3.308787262383061,3
48,419,2.254244937579095,2
48,474,3.433771769607127,3
48,520,2.751272248825919,3
48,647,3.4114716167049286,3
48,1101,3.355195186720198,4
48,1208,3.614233261618257,3
48,1359,2.4578953957084315,2
48,1408,3.514746587186561,4
48,1566,3.370582616265559,3
48,1580,3.380145610172672,4
48,1653,3.519626431236294,4
48,1833,2.8015545324648956,3
48,1892,3.202520581574687,3
48,2096,3.5361575181381584,3
48,2193,3.3187681698091858,3
48,2530,3.218378824563589,3
48,2531,3.0679216787381915,3
48,2921,3.31926552590977,3
48,3926,3.0,3
49,2761,4.081872833520952,4
50,2791,4.0,4
50,3786,3.0,3
51,348,4.0,3
52,1233,4.107865169754413,4
52,3948,3.90176636447184,5
53,184,3.0,5
53,296,4.597981082726207,5
53,353,4.2503612606389,4
53,538,4.810117454296573,5
53,595,4.532552104472691,3
53,1013,3.9746950697299344,3
53,1019,4.523951151842242,4
53,1249,4.870362673741453,5
53,1300,5.0,5
53,1487,3.0,4
53,1566,4.168345539415981,3
53,1633,4.804277006749189,4
53,1735,5.0,4
53,1816,3.0,3
53,2093,4.821990262926294,3
53,2248,4.741014248805787,5
53,2278,4.420485046391326,5
53,2413,4.208779426343507,5
53,2468,3.730378701913833,3
53,2575,3.0,5
53,2723,4.572994257683667,5
53,3285,3.0,4
53,3476,4.625333294137096,5
53,3479,4.429477801010113,5
53,3747,3.0,5
54,3114,4.3904137128968745,2
56,1635,3.7463271492473664,5
57,1977,3.0,1
58,95,3.7006399945562314,2
58,353,4.094632816419776,4
58,509,4.341251432338934,5
58,519,3.074768704945616,3
58,926,4.772220907385621,4
58,954,4.744547805932081,4
58,2324,4.4841849668736575,5
58,2410,3.738151788206088,3
58,2613,4.177956781548117,4
58,2628,4.173442367291684,4
59,265,3.7324260977893164,4
59,912,3.6502984313920432,5
59,920,3.691839296746983,5
59,923,3.6606963419642464,4
59,1282,3.733160653209758,5
59,1288,3.411870753598036,3
59,1421,3.0,2
59,2020,3.607033270839298,4
59,2067,3.7662114062418093,4
59,2692,3.5477670391728213,3
59,2919,3.4293775961945125,4
60,356,3.4916095660850694,5
60,1676,3.7948832192665547,2
62,1222,3.6024137200420596,2
62,1408,3.450256690088945,3
62,1513,4.01829009817573,4
62,1783,3.0,3
62,1784,3.4674116706167784,4
62,1938,4.504340832549479,4
62,2021,3.360929700279836,2
62,2297,2.860901064374924,2
62,2531,3.2093115695645076,3
62,3104,3.5804304321624056,3
62,3252,3.435415506621015,5
62,3468,4.006703262128864,4
62,3518,3.0,3
62,3528,2.994723676011626,3
63,912,4.199761071554235,4
63,3174,3.3526019138065344,4
65,1100,4.587371948933996,3
65,1610,4.515133361027698,5
66,356,4.613933903829061,5
67,973,3.0,5
67,3035,4.435513527416873,4
67,3362,4.316805569144813,4
68,3030,3.0,1
70,3751,3.727964454734107,4
70,3793,4.4082457983448835,5
71,1198,3.7544034691846258,5
72,3255,2.7800958849654522,4
72,3798,3.0,4
73,1732,3.7275510319490626,5
73,3440,4.344566816948254,3
75,2,3.761303688044363,4
75,158,4.009013529159784,4
75,169,3.0,3
75,355,4.581444628420372,3
75,1210,3.730067704278736,4
75,2355,3.7613367778141233,4
75,2687,3.2826033726722095,5
76,1411,4.75180468622309,2
78,708,3.592381582543422,3
78,1171,4.012032257959781,4
78,3255,3.6378129390351117,5
79,1997,3.3570409373070893,5
81,1084,4.630634209321551,5
81,1617,4.76496723095726,5
82,55,3.0,3
82,62,4.586490522637487,5
82,457,4.295981977576911,5
82,2278,4.237631175784657,4
82,2701,4.198773769450946,3
82,3147,4.082089902747352,4
82,3662,3.0,3
85,2125,3.0,3
85,2710,3.189917903448841,2
85,3914,3.0,4
86,2454,4.0,5
87,457,4.17693692684563,5
89,1193,3.470597288558982,5
89,3869,1.0,1
90,780,3.615846850273718,2
90,852,3.103827538322603,3
90,2177,3.0,2
90,2302,3.6791946182728945,3
90,3082,3.5812921691682464,4
91,1060,5.0,4
91,1394,5.0,5
92,70,2.9690484278382923,1
92,216,3.3209468356715677,5
92,1682,3.186775430232008,3
92,1848,3.0,1
92,2572,3.1121887443463128,4
92,2724,3.32695843325735,3
92,2822,2.612475421228876,3
92,3825,3.0,3
93,464,2.687162311005179,3
93,1387,3.493302603875592,1
93,2162,3.0,1
93,2532,3.297506723973801,1
94,1258,3.66468418738724,3
95,608,3.7321091470881744,5
95,1396,3.7823794218116666,3
95,2167,3.6430099271850094,2
95,3418,3.6979108068358637,3
96,150,3.755825544948269,4
97,907,4.63808062265896,4
97,1235,4.354403749337425,5
97,2366,4.143783319461009,5
97,2648,4.4541232761810985,5
99,1,3.712856312503012,3
100,318,3.2724852274974414,4
100,1101,3.0749884617421475,3
100,1597,2.924741891638347,2
101,466,4.757194566574057,5
102,933,4.691449117972481,4
102,2700,2.646308568491693,1
103,485,4.1257451580659135,2
103,849,4.174606653300236,4
103,1129,4.272955224502156,4
103,2549,4.0,5
103,2571,4.1725379167140275,5
103,3555,4.58316550176202,5
104,1911,3.5382769207714704,4
104,2858,3.596449028551135,5
105,2028,4.411744123798199,5
106,1183,4.1506909612272676,3
106,3097,4.0,4
107,594,4.036479255935552,4
108,3925,3.0,2
109,780,4.131438083924254,4
109,930,3.8888433890438803,4
109,1304,4.080926865011137,4
109,2098,3.528306773777177,4
110,3701,2.6436610021635563,3
112,745,4.07771491815825,3
112,2078,4.182758959532945,5
112,2761,4.108900868055214,5
112,3683,4.720671141378742,5
113,1580,3.983067620889522,3
115,1407,4.555063213756833,5
115,2791,4.445331994835289,5
115,3354,3.4396116248077426,2
115,3908,3.0,3
116,1995,3.0,4
116,2013,4.0,5
116,2826,3.4036238669253422,4
117,66,3.0,2
117,110,3.607103862150854,5
117,611,3.487975131715988,4
117,1222,3.6121115003839366,3
117,1379,3.571228514039874,2
117,1385,3.5159975757075403,3
117,1663,3.5123266421260473,4
117,1951,3.0,5
117,1992,1.891096383498922,1
117,2005,3.6225380328541834,4
117,2018,3.4948180778946205,2
117,2122,2.8131519319460456,4
117,2137,3.6084750453503487,3
117,2453,5.0,3
117,2640,3.616973960261528,3
117,2971,3.0,3
117,3024,2.798325880949406,4
117,3032,3.442063229925933,4
117,3440,3.6048761800397964,3
117,3441,3.750984120531268,3
117,3701,3.8190578758881553,4
117,3877,3.0,3
118,1136,3.857655470037393,4
118,1304,3.868560325026568,4
118,1552,3.9047994992258315,3
118,3035,4.264574016474794,5
118,3555,4.184089335007169,3
118,3745,4.230339909471076,4
119,2294,3.9046301721027827,2
119,2468,4.0,4
119,3793,3.713707779148967,5
120,923,3.8268541823434257,3
120,1639,4.249005151073659,3
120,3753,3.7442485252909217,3
121,594,4.41908336270311,5
121,1097,4.572553600743805,4
121,1676,4.676705963400128,4
121,2327,3.5056488539408868,4
121,2628,4.6715676508597985,3
121,2985,4.675679963071216,4
122,95,2.885986852732292,2
122,733,3.0616479855883116,5
122,2409,2.405002161402516,2
123,454,3.6822668220692756,4
123,1379,3.2886421031856186,2
123,1407,3.7770188008825563,4
123,2312,3.8358396758928177,3
123,2802,3.24693556631537,3
123,2861,3.0,4
123,2871,3.938071617065586,4
123,3200,3.215370051182832,3
123,3388,2.8063916735351437,3
123,3698,3.6104351483457684,3
123,3728,3.0,4
124,34,3.0,5
125,2872,4.446385218476854,4
125,2947,4.389684689924571,5
125,3763,4.361821823919382,3
126,858,4.116127343565575,4
127,1374,4.022322127465105,5
127,1544,4.1537933895199055,4
127,1748,3.827212406849909,5
127,3481,4.194500843382037,5
127,3538,3.0,3
127,3755,3.912670600965927,4
128,2792,5.0,2
129,1267,4.6824611226664326,5
129,1552,4.2284464116076625,5
129,2278,4.287355741255327,3
129,2318,4.0,4
130,1242,4.651979371943772,5
130,2058,4.406693049827591,3
131,265,3.744819754325849,2
131,535,4.10645738350016,4
131,593,3.5603552069664115,4
131,1900,3.0,5
131,2697,3.0,5
131,3163,3.0,3
131,3267,3.2678846883310806,4
131,3481,3.713956119187223,2
132,1080,4.118387469832241,5
132,2000,4.08832635851648,3
133,357,4.002330848540035,3
133,2555,3.0,4
133,2572,3.9743806048732786,5
133,3095,5.0,3
133,3436,3.0,5
133,3476,3.5975203092997954,4
134,15,3.0,1
134,1641,3.50086733875058,4
134,1918,2.6812717219120445,3
134,2393,2.586517543991525,4
135,1210,4.537588147828473,5
135,2600,3.0,2
135,2771,3.0,3
135,3175,4.1918161262345945,5
136,236,1.6461934812482075,1
136,345,3.368537818518768,3
136,924,3.0302791464754177,5
136,1449,3.6523433603107174,5
136,1680,2.610083241533605,1
136,1923,2.593764707571253,1
136,2124,2.8991355929030385,3
136,2420,2.962649947741174,2
136,3253,2.635713397696736,1
136,3448,2.6158034707386024,3
137,233,3.0,4
137,249,3.0,4
137,480,3.7497518371616296,4
137,648,3.713689982698209,4
137,1603,3.952273225337393,3
137,2002,3.6998686272275916,4
137,2987,3.7939047877154635,4
138,2357,3.0,5
138,3793,4.2376132028746465,4
139,364,4.037912720069132,4
139,480,4.034963976646902,4
139,592,3.9815147835903297,5
139,616,3.6799706320931107,3
139,1196,3.986552929770506,5
139,2361,3.0,4
139,2366,3.8753175996418436,2
140,2936,4.246141086024891,4
141,480,3.784694363191396,5
141,648,3.609047088763858,3
142,1097,3.3712709711084208,4
143,3753,4.058097786672971,1
144,2858,3.772451493370268,2
144,3578,3.6977333040513196,5
144,3717,4.0,3
145,1961,3.9573453936717193,3
145,2311,3.0,3
146,337,4.123744047702527,4
146,931,3.0,3
146,1193,4.219118701147505,4
146,1212,4.142961602180536,5
146,1231,4.194257582315916,5
146,1254,4.3803814437080995,3
146,1283,4.402886708701657,3
146,2657,4.192050875837827,5
146,3159,3.0,4
146,3791,3.5656913899335985,3
147,760,3.0,4
147,1240,3.806832869795987,4
147,1377,3.456034392514071,2
147,1566,3.1456768773078676,3
147,2628,3.6675108401826435,4
148,2,3.9418145266416285,5
148,165,3.892654472371477,3
148,368,3.953975299170712,5
148,377,3.94316559328927,4
148,653,3.970651533876057,3
148,748,3.626514024120064,3
148,801,4.0,4
148,1270,3.9724094268964825,5
148,1597,3.9345743249711345,5
148,1762,3.4335620689149335,4
148,1792,3.9661596006089166,3
148,1962,4.0457528459887335,4
148,2006,3.981857778467319,4
148,2065,3.7940718288588795,4
148,2067,3.5956007697806887,4
148,2670,4.22116571069853,4
148,3403,3.0,4
148,3527,3.9179393370711133,3
148,3889,3.0,2
149,47,4.144768343907224,5
149,112,3.6013272599863404,3
149,198,3.8386920265594706,3
149,778,4.28189099303136,4
149,1055,3.0,3
149,1112,3.0,5
149,1608,3.9981547519721503,4
149,1653,4.218292746618942,4
149,1965,4.721616424997456,4
149,2064,4.645660467980218,5
149,2324,4.335977259998535,4
149,2529,4.144442776152413,3
149,2947,4.4301839187722925,4
149,3044,4.052196468706596,4
149,3255,3.981763587919511,4
149,3763,4.260769779264124,4
150,25,4.19048362008247,4
150,144,3.0,4
150,265,4.300763120110114,5
150,920,4.348006464918139,4
150,1358,4.219448457874964,4
150,1711,4.332617955974374,4
150,2683,3.480585372134384,4
150,3105,4.274687891445166,5
151,190,3.0,3
151,441,4.2789713599201225,5
151,593,4.1364312178650025,4
151,728,3.0,4
151,736,3.8435723821559082,3
151,1230,4.167876029300623,3
151,1732,4.185763522292957,5
151,2407,3.6379343706991865,4
151,2915,4.1547378705801785,4
151,2962,3.0,3
151,3052,4.269800508274247,3
151,3704,3.8733215909013645,2
154,2428,3.0,2
155,141,2.54436261948921,5
155,1265,3.4199876146199584,4
156,357,4.302846608263469,5
156,2013,3.0,4
156,2598,3.7870811284616464,4
156,3513,3.0,5
157,165,3.6082834852734518,3
157,588,3.6177779188803387,3
157,780,3.6361226611628497,4
157,1091,3.200556106306851,3
157,1094,3.980511130143885,4
157,1610,3.725206797198352,4
157,2011,3.606593422428772,3
157,2028,3.8287817988876816,5
157,2080,3.669776875175215,4
157,2288,3.954248219785824,4
157,2375,3.1080257047963347,2
157,3104,3.8597069882321584,4
157,3479,3.2811200585383045,3
157,3698,3.5328389464553616,3
158,376,3.0,5
158,2973,4.204574144960289,4
161,527,4.503460027248715,5
161,991,3.0,4
161,1186,4.5527254944739175,5
161,1449,4.563360300061571,5
161,1960,4.654352441862768,4
161,2070,4.665794958255391,5
161,3873,5.0,4
161,3897,4.461862110195904,4
162,1608,4.420232634735297,4
162,2001,3.958555012976776,4
162,2692,4.628100675439818,5
162,3755,4.086001820120634,4
163,47,2.8047068400025155,2
163,736,2.5508219922456927,2
163,1468,3.0,2
163,1475,3.0,1
163,1835,2.8616868276784135,3
163,2120,2.1877034863613205,1
163,2439,3.0,2
163,2558,2.370764552991417,3
163,2700,2.772138975459639,5
163,2826,2.6700519021577693,3
163,2978,3.0,2
163,3176,2.9832976025170823,3
163,3257,2.0810640915475758,3
165,2035,3.0,4
165,3624,3.0,4
166,34,3.819868284953279,3
166,733,3.7346450722643465,3
166,1270,3.910285402361936,4
166,1856,3.0,4
166,1997,3.8530418209682322,3
166,2076,4.149517093650219,5
166,2115,3.8028952495606356,5
166,2263,3.0,3
166,2346,3.803498253624341,4
166,2450,3.785753102180518,2
166,2794,3.4681963135057234,5
166,3083,3.0,4
166,3179,3.0,3
166,3243,3.2864115369161118,2
166,3672,3.0,3
166,3911,4.402779378984577,4
169,150,3.9463103706080327,4
169,204,3.1414475985493957,3
169,380,3.821640838068432,4
169,527,3.899320435901668,4
169,1183,3.8533250533224503,2
169,1246,3.914988935215539,4
169,1304,3.933687972817233,4
169,1407,3.8723205657912168,5
169,1827,3.0,3
169,1961,3.943325708066154,5
169,2616,3.6070326644550486,4
169,2709,4.0,2
169,2763,4.025525955095918,2
169,2792,3.837139321763083,4
169,2872,4.123135675657263,4
169,3327,3.0,5
169,3329,3.0,2
169,3608,3.7305748594562242,4
170,1196,4.208144236257337,5
170,1221,4.384154194198889,5
170,1222,4.272443987390955,4
170,2459,3.0,2
170,2710,3.7362139094815783,1
171,3578,3.9525327295989374,4
172,922,4.07207894330111,3
173,162,4.298021224979944,5
173,593,4.059228680841295,5
173,965,5.0,5
173,1046,3.0,1
173,1147,4.544912214350723,5
173,1206,4.143749266524226,5
173,1287,4.120721825987169,4
173,1294,4.227607724377984,5
173,1527,3.7508134302214797,3
173,1615,2.0,2
173,1963,4.762346148031168,4
173,2023,3.887446033052089,3
173,2202,4.481344277185511,4
173,2433,4.0,4
173,2706,3.8902721093356623,4
173,2708,3.0,3
173,2769,3.0,3
173,2935,4.551917757254251,5
173,2949,3.8990733908135966,3
173,3543,4.413375400428275,4
174,10,4.03178501223622,3
174,1127,3.6133619943959547,3
174,2947,4.025301312644541,3
174,3767,1.0,1
175,104,3.842453840440289,1
175,141,4.022632813749158,3
175,235,4.180852713226365,5
175,480,4.03592839289319,2
175,1268,4.09330431436377,4
175,1344,3.0,5
175,1611,3.916328682022177,5
175,1840,3.0,4
175,2160,4.356641539442682,4
176,1394,3.6654787872615557,4
176,2375,3.665949636637763,3
176,2471,3.7723457620622063,4
178,1096,3.8324714259598713,4
178,1374,3.608864865339114,4
178,3494,4.568610490675116,3
179,185,2.0592618898767268,2
179,541,2.821457422985176,5
179,1242,3.3351544946923086,4
179,2053,1.453608410441452,1
179,2615,2.134905926025529,3
179,2699,2.40018190086607,2
179,2820,3.0,4
179,3698,2.814820862254731,2
180,1041,4.33321019445513,4
180,3006,4.022893504041056,3
181,47,4.108268126463032,5
181,180,4.089366955835062,4
181,329,3.4460369612875743,4
181,785,4.070095532743898,4
181,831,3.0,1
181,861,3.436942681519513,3
181,1196,3.9886555370322148,5
181,1378,3.6877916454281463,3
181,1466,4.311679933883369,4
181,2379,2.6775679368703846,2
181,2402,3.3325605754446457,4
181,2421,3.4478440000740833,2
181,2423,3.50185709415398,3
181,2616,3.4760481963327736,2
181,2700,3.9681519718320475,5
181,2797,3.7059623771145453,4
181,2916,3.9580281025929374,4
182,1517,3.9415274603536576,5
182,3189,3.0,4
183,1964,4.893035744545263,4
183,2463,3.8313882512268473,4
183,2571,4.01845470125021,1
183,3101,3.3382979458822915,4
183,3706,3.641746737217917,3
184,596,4.479798425918646,5
184,1375,4.052581381823005,4
184,1919,3.0,3
184,2403,3.4430376632671047,1
186,1907,4.150424102966099,4
186,2572,4.424662061407923,4
186,2692,4.721225315684255,5
186,2701,4.383791222715155,4
186,2707,4.756544651943975,5
186,2772,4.0,4
186,3424,4.717032048525081,5
187,101,4.481086351829845,4
187,144,3.0,4
187,182,3.0,4
187,372,4.284038369519918,3
187,454,4.031707054610969,3
187,509,4.209614005579616,4
187,671,4.503115510928346,5
187,987,3.0,4
187,1050,3.0,4
187,1093,4.681131508095621,4
187,1573,4.019556873092621,4
187,1810,4.006668656538674,5
187,2024,3.0,5
187,2028,4.086382703249292,4
187,2337,3.0,5
187,2353,3.964202247869104,3
187,3128,3.0,4
187,3257,3.946712342400506,3
188,858,3.991342135690467,1
189,605,3.0,3
190,1231,3.878893277922492,5
190,2194,3.660997399407136,4
190,3839,3.0,2
191,2539,3.861769799597248,5
192,32,3.5939935815413127,5
192,204,2.265354323009432,2
192,293,3.655719174017962,3
192,502,1.4905203635372373,1
192,708,3.2320351446646067,3
192,832,3.374791654240319,3
192,836,2.157958735333893,2
192,1354,4.690806058631678,2
192,1385,2.6814546488255866,1
192,1676,2.9406718331429675,2
192,2125,2.988018357547803,2
192,2490,3.1337149825754227,4
192,2986,2.373576394703274,1
192,3745,2.0,3
192,3868,3.8110655678714127,5
193,923,3.835595265764872,3
193,1225,3.7817014668798064,4
193,1265,3.8388780654927457,5
193,1617,3.836854366245013,5
193,2076,3.585565208934458,1
193,2361,3.0,3
193,2716,3.8002606829469014,4
194,3809,4.23838687208999,3
195,527,4.260242396253183,5
195,1130,3.820672065619103,3
195,1197,4.127752681396665,5
195,1203,5.0,5
195,1250,4.417805786208465,4
195,1269,4.364995330976801,4
195,1359,3.2713633414291534,3
195,1517,4.090585871246468,2
195,1551,3.0,4
195,1730,3.0,4
195,2418,3.0,4
195,2453,4.0,4
195,2488,3.0,4
195,2770,4.3333263832508155,3
195,2959,4.041985338376263,5
195,3030,4.338085209293208,4
195,3498,3.0,5
195,3576,3.70197442842612,4
196,1267,4.061218304112915,5
197,2858,3.8932094909911323,5
197,3160,4.0,4
198,1022,4.1870655824666665,5
198,1090,4.066207418059146,4
198,2363,3.4361495158541,4
198,2628,3.885154944191163,5
198,2947,4.125121286787924,4
198,2986,3.387749484081079,2
198,2989,3.789305268100066,3
198,3039,4.05635409743755,3
198,3060,3.872651211254013,3
198,3098,4.10959422505261,3
198,3526,4.110300530206501,3
199,227,2.989843767915682,4
199,276,3.2722408039344755,4
199,1920,3.4219865381823644,2
199,2858,3.715522423421366,5
199,3755,3.6448232186113203,4
200,2779,3.0,2
201,1666,3.0,4
201,3481,4.287832245060001,4
202,95,3.562317226334097,3
202,300,3.9399894261065205,3
202,434,3.62713615760125,3
202,1020,3.4453365836745617,2
202,1093,3.7211463502637203,3
202,1377,3.3358992431641066,4
202,1517,3.7852307782384482,5
202,1912,3.7616059411085274,3
202,2405,3.5701848358046444,3
202,2406,3.6927891882071795,2
202,2605,3.8127550808464052,1
202,2915,3.8445274419688884,4
202,3082,3.450844738351365,4
202,3398,3.4481427445202804,3
202,3481,4.05691608693913,3
202,3500,3.0,2
203,1642,3.0,2
203,1704,2.4410657467178276,2
204,303,3.2184285815580074,3
204,551,4.057478685590392,4
204,750,4.181017964205794,4
204,3354,4.11573030855724,2
204,3527,3.997281096242424,5
205,1265,4.2222894731982,5
205,3037,4.351853256082439,3
205,3093,5.0,2
205,3363,4.146742702675963,4
205,3462,4.666587885151131,2
205,3470,3.0,5
206,252,3.0,4
208,377,3.757295066172462,4
208,1193,3.924769384738182,5
208,1345,3.7783684383782936,4
208,2022,3.0,2
208,2542,3.878595802449542,4
210,1831,4.40039703108333,2
211,648,4.067576893987972,3
211,3484,5.0,5
212,3451,4.0,4
214,1544,3.407402750271778,3
214,1784,3.245796629353004,5
214,2195,2.0,4
214,2809,3.0,3
214,3180,3.0,2
216,934,3.0,3
216,1136,3.426403827448125,5
216,1271,3.233675922833475,2
216,1343,3.2766960662787343,4
216,1397,3.0,3
216,1513,2.845669795744769,3
216,1894,3.5106667362353807,4
216,2002,3.3121056444178993,3
216,2032,4.0,2
216,2042,2.819238669039766,4
216,2134,3.1621279701075475,4
216,2336,2.9174628539633547,4
216,2378,3.147346754917653,3
216,2470,3.3203029631352594,4
216,2747,2.0,2
216,2792,3.230521441083634,4
216,2857,2.7474851472247894,4
216,2871,3.5724545191365,4
216,3102,4.0,3
216,3105,3.6023809415523482,5
216,3168,3.460393903938991,5
216,3204,3.47735647817704,4
216,3525,3.486177674077954,3
216,3549,2.2368167736502147,1
217,2302,3.613715307121122,4
218,223,2.951888824653523,2
219,648,3.394106073751985,3
220,160,3.558709684532824,1
220,527,4.345336150453989,5
220,1288,4.900108056787658,5
220,1589,4.033209798264171,5
220,1885,4.3707631531727875,4
220,2020,4.521096878264841,5
222,592,4.275649601645417,5
222,2797,4.249283353319192,4
223,733,3.791690172857948,5
223,2253,3.660213430181227,1
224,1091,3.3919191940532003,1
224,1243,3.0,4
224,1678,3.0,5
224,1934,3.0,4
224,2243,3.676190737788034,4
224,2599,3.6493303975238227,3
224,2890,3.5749765225397416,3
224,3717,2.465025291096691,1
224,3793,3.4177370328196486,5
225,265,3.892389979249738,4
225,342,3.7942789931809706,4
225,605,2.64893107678095,2
225,831,3.0,3
225,1711,3.7187161941935973,2
225,1945,4.136423952221807,5
225,2054,3.5308494308636993,2
225,2248,3.9573278375378296,5
225,2352,3.8229947114220946,5
225,2890,3.770496341216164,5
225,2918,3.573244076870363,4
225,3067,4.199860816827908,5
225,3187,3.0,4
225,3298,3.850550628283424,3
225,3571,3.0,4
226,1225,4.343926554935565,5
226,1739,3.0,2
227,1127,3.643216898517597,3
227,2657,4.018096601803813,3
227,2707,3.512027760054347,4
228,3300,4.0,4
229,24,2.345089192414331,4
229,480,3.2556902592434387,3
229,885,3.0,3
229,1246,3.6575269159809785,5
229,2590,3.0,3
229,2672,2.4741610151908136,4
229,3173,3.5140085368450524,4
229,3555,3.3784844679687356,3
229,3948,3.698447484144386,4
230,1127,4.260766233066202,5
230,1380,4.196140484877115,4
230,1961,4.242334387055048,4
230,1994,4.254660019011699,5
230,3258,3.5449853270992158,3
231,1210,4.252565270850313,4
231,2194,4.756135009941629,5
232,176,4.359412146374148,4
232,1175,3.0,3
232,1546,3.0,1
235,541,4.315233881636336,5
235,551,3.9362852413297116,4
235,581,5.0,4
235,1292,4.433222722694487,4
235,2116,3.5433780288921923,4
235,2117,3.875967269789025,4
235,3623,3.766897804024201,1
236,318,3.913463757948597,4
236,1259,3.89363472097608,5
236,3114,3.730565796583534,5
237,34,3.9360780248525056,5
237,356,3.7787507543242835,4
237,360,3.0,3
237,1291,3.9040322786036827,4
237,1396,3.8944207724707733,4
237,3536,3.837382840364012,3
237,3744,4.696075190873904,2
238,1041,3.427667048647031,4
238,1941,3.0,5
238,2732,3.0,3
238,3386,3.7608632152706507,5
238,3714,3.0,3
238,3735,4.068366042218188,4
239,58,4.260400234835356,5
239,1198,3.9856556188932775,3
239,1225,4.074022550945203,5
239,1960,4.672991703913759,5
240,1077,3.6040536081931625,4
240,1200,3.4146833611500527,4
240,3763,3.2876290170897486,4
241,1923,4.033630929636788,3
241,3072,4.678914407998928,5
241,3745,4.0,2
242,39,3.373137340976394,3
242,1616,3.391975588507326,2
242,1672,3.4164222749384483,2
242,2000,3.0606786755906783,3
242,2268,3.1828652632708425,4
244,587,4.189463032005037,3
244,1240,4.160566052467867,5
244,2150,4.108350317370943,3
245,76,1.9737423276404173,1
245,93,1.3320445826028418,1
245,292,2.5819567347658383,3
245,551,3.011260732013227,3
245,904,3.40155089082629,4
245,912,3.4171679159574957,4
245,1293,3.372058977782385,4
245,1876,2.5491659571088867,2
245,2040,3.0,2
245,2046,2.5622410879101163,3
245,2430,3.0,2
245,2525,2.518546179770356,3
245,2633,3.265909215464567,4
245,2646,2.9817952935438963,2
245,3358,2.8331014235641656,3
247,1207,5.0,5
248,110,4.291172737422324,5
249,39,3.930348243806057,5
249,2420,4.180576815987989,2
249,3147,4.122276510893691,5
250,648,4.098513254662734,4
250,1097,3.9593429609014943,3
251,110,3.6976477098372142,4
251,266,4.014115031478436,4
251,2174,3.693471781578078,4
252,2692,3.8116717182750715,4
253,296,3.959705785501868,5
255,231,4.19850573559747,4
255,383,4.0,4
255,1097,4.167197386674122,4
255,1099,5.0,3
255,1304,4.137768762271902,5
255,1633,3.0,4
255,1726,3.0,4
255,2965,3.0,2
255,2986,3.777789091596728,4
256,2115,3.8438031019207917,4
257,1358,4.740307047223109,5
257,2028,4.717904240559241,5
257,2628,4.44368327545217,4
258,6,3.831988916153591,3
259,1466,4.245237890868859,4
259,1690,4.313833719369578,4
259,1912,3.9906690063511694,3
259,2599,4.268652917336252,5
259,3176,3.927493301248097,4
260,288,3.800548151415982,4
260,704,3.0,3
260,2826,3.0544192009141486,4
261,231,3.770752499359987,3
261,1217,5.0,4
261,1513,3.567393765740346,3
261,1614,3.6667121436925476,3
261,2622,3.0,3
261,3052,4.243825158797257,3
261,3791,3.7283673443943837,3
262,1129,3.4361649689145173,4
262,2613,3.9974328685407268,3
263,1288,3.7901527659111833,4
263,2641,3.770242154526321,1
263,3067,3.0,4
264,260,3.0380837232083633,4
264,357,3.1800568402748937,3
264,432,2.588786699883821,2
264,457,3.023660599141019,3
264,1257,2.836003787866267,3
264,1288,3.095741793241015,2
264,1371,3.053245130293126,4
264,1394,2.9846082784116112,2
264,1994,2.796974562769995,3
264,2033,2.7413476640361347,2
264,2043,2.5137117534083253,3
264,2115,2.9612913907181873,2
264,2791,2.9422535870173387,4
264,3253,2.997427932938234,2
264,3628,3.0,3
265,1276,4.410988187976323,4
268,500,3.5316269764730337,4
268,1405,2.9132333591148982,1
268,1580,3.598347774210565,5
268,1923,3.5431568888155494,5
268,2139,4.2138120181476175,3
268,2422,3.5102034733515293,2
269,2334,3.0,4
270,2987,4.312512392652359,3
271,168,3.7175400674759334,3
271,293,4.276025569095198,4
271,588,4.1270246245172215,4
271,1024,4.1582741431636485,4
271,1073,4.218412148098006,4
271,1214,4.169774774794711,4
271,1562,3.7447782669890652,2
271,1604,3.0,3
271,1645,4.056370797568573,3
271,2081,4.16763663026448,5
271,2529,4.180257415399047,4
271,2858,4.3010341329107264,5
271,3096,3.0,4
271,3489,4.119071366890588,4
272,32,4.243372325963894,5
272,377,3.8125665080314275,4
272,1206,4.570352646299164,5
272,1215,3.7988765816822885,5
272,2313,4.35889432573984,5
272,2762,3.8990507395226115,5
272,3147,4.2486540035127085,4
273,785,3.5941186902330147,2
273,2470,3.812350090939014,4
273,2541,4.208280183169096,4
273,2858,4.013637874359542,5
274,32,4.634933492250079,5
274,1246,4.611764000794551,5
274,2683,4.154284182849447,4
274,2858,4.693145307243388,5
275,1293,4.607482110875311,5
275,2144,4.468984999482507,5
275,2194,4.3176138739205445,5
276,1282,3.7949426602122713,3
277,2396,3.7734603133179347,4
278,1982,4.346019785787503,5
278,2149,3.695164747731074,3
278,2159,4.659934893090562,4
278,2515,3.0,2
278,2664,4.438133941151783,5
278,3572,3.0,5
278,3838,3.664001802527178,3
279,246,3.2307438036586396,3
280,1963,4.318996725654471,3
280,3308,3.9732763995212936,3
281,1617,3.842948656160411,4
281,2908,3.9565752130680885,5
281,3163,3.0,3
283,1372,4.846220821117802,5
283,1683,3.0,5
284,231,3.1400246010222346,3
284,362,2.0,2
284,1201,4.011654092557346,4
284,1394,3.8502943243735257,4
284,1474,2.0002098893172815,1
284,1687,2.7098952728781844,3
284,2034,3.4695961289663373,3
284,2139,3.5315442975076334,4
284,2718,3.0,3
284,2739,3.8758250173371143,1
284,2763,3.683460395298898,3
284,3159,3.0,5
285,154,3.0,3
285,1034,3.0,4
285,1228,4.406932483481297,5
285,1527,4.093105017807191,3
285,3421,4.326992578912,4
286,1265,4.052436102958696,4
287,2976,4.024939110126425,4
287,3147,3.615124029363183,3
287,3271,3.834634598873958,4
288,1200,4.724742931541422,5
289,1079,4.325355070563585,3
289,2951,3.961101013596049,4
290,539,3.4491409186209334,4
290,2581,3.2545065085983835,1
291,3362,4.0135451341761925,4
292,1094,4.479105596462759,4
292,2023,3.691511154702456,5
292,3649,3.0,2
293,279,3.0,5
293,515,4.35262064442212,4
293,1096,4.474742949751552,5
293,1395,4.114664819057448,5
293,1743,3.0,4
293,2706,2.609805026469342,1
293,2878,1.0,1
293,2918,3.5015978416304496,2
293,3105,3.897565640850043,4
293,3701,1.0,4
294,235,3.7369349776649785,4
295,1222,4.434234877415533,5
295,1615,4.0,2
295,2959,3.861685361988488,5
295,3174,4.056003885023804,4
295,3717,3.6733830658232893,4
295,3793,3.8875989212537223,5
296,2288,4.050585440003936,5
296,2723,4.240209882964845,5
297,3624,3.7026111840738922,3
299,858,4.360316591455606,5
300,150,4.399234480032271,5
300,163,4.119265425673147,4
300,494,3.9323037083063963,4
300,1090,4.38224396606557,4
300,2243,4.438313585942432,3
300,2248,4.444533637531959,5
300,2852,4.4956861632103475,4
300,3403,3.0,2
300,3526,4.429660534894271,4
301,3,3.8899764390124236,4
301,364,4.267791540353257,3
301,1918,3.995764841842316,2
301,2692,4.619330418509698,4
301,2997,4.523646714468323,5
301,3499,4.468017353279531,5
301,3578,4.395529089881041,5
302,231,3.2888482642150523,5
302,318,3.745725525853956,5
302,480,3.427783503294125,4
302,586,3.091104404359636,3
302,1215,3.217578135290645,5
302,1258,3.5277067804459104,4
302,1407,3.6266750751773578,4
302,1488,2.5302263792491875,2
302,1845,5.0,4
302,2108,3.8494294099156545,3
302,2115,3.4166096255496403,3
302,2184,5.0,2
302,2265,3.0,1
302,2296,3.515294834471278,3
302,2300,4.035261947639183,4
302,2322,2.1869141154631078,1
302,2335,2.73269932358284,3
302,2405,3.2719861268134283,2
302,2541,3.285857919506509,3
302,2712,4.210588910175251,4
302,2796,2.4524644110786107,2
302,2916,3.428493127328365,2
302,2948,3.4447656169143452,5
302,3174,4.05572837417167,3
302,3257,2.6874601140229646,1
302,3354,3.1618435139995675,1
302,3361,3.7575952915291464,4
302,3466,3.0,2
302,3841,3.3292406767301275,2
303,493,3.0,5
303,1060,3.6414739272081498,5
303,1197,3.861580753239422,3
303,1246,3.9798798007341603,4
303,3256,3.9572308022543816,4
303,3361,3.970646118174687,3
303,3536,3.3857167133241686,5
304,707,3.0,2
304,913,3.71054979704819,5
304,1783,3.0,2
305,1996,1.2131730240302976,1
305,2004,2.182189136844101,1
305,3930,4.0,4
306,296,4.216218517116659,5
306,2416,4.170970940868126,4
306,3255,3.998330860316492,4
306,3512,4.0,4
306,3608,3.895708493683068,3
307,927,3.0,5
307,3093,4.519066033528581,5
308,216,2.864692741448666,3
308,230,3.6406310004962656,3
308,450,2.751738007806337,3
308,905,4.0868921613879845,4
308,1084,4.130598000918969,4
308,3148,3.843082694602072,3
308,3197,3.282443610078161,3
308,3208,2.591796010048358,2
308,3747,3.0,4
309,1097,4.155786432328289,4
309,1923,4.167763445742314,4
309,2959,4.384320043768484,4
310,252,3.5014400069285516,3
310,455,4.0,1
310,1367,2.571173019578684,4
310,1721,3.4884571639419435,2
311,260,4.126146064570668,5
311,3623,4.038621864816291,4
312,318,3.7889361805949635,4
314,73,4.0,4
314,933,3.925739575241513,3
314,1219,3.9124990082474365,5
314,1653,3.6912756977135217,5
314,2312,3.925506858478926,4
314,3361,3.7445333987020373,2
314,3475,3.9977452865385987,2
316,1372,4.3579341448409545,5
319,300,3.8315813797627314,4
319,344,3.3013693448651575,1
319,440,3.7230261330875067,4
319,589,3.653244991266267,4
319,1221,3.934756614832075,5
319,1357,4.128012823026754,3
319,1834,3.9205021843994716,3
319,1994,3.6550560685674207,4
319,2121,2.377405246197599,3
319,2446,3.0,2
319,2700,3.5212625530618946,3
319,3198,3.8352024220038516,4
319,3363,3.918646049976299,5
319,3501,3.200401185752421,3
319,3516,3.0,4
321,552,3.2681873024725476,4
321,1089,3.8322871870148516,3
321,1997,3.370546949063215,5
321,2006,3.3772804421030105,2
321,2763,3.251362127123383,4
322,266,4.835398762788442,5
322,356,4.474380743503481,5
323,2871,4.513164282148496,4
323,3793,3.75058086786166,2
324,608,3.7944998827460874,1
324,832,3.742030508098937,3
324,1035,3.506064940596129,4
324,2723,4.353150549946612,2
326,468,3.0077682223196116,3
326,1101,3.6669993760889494,5
326,1247,3.514050947380813,5
326,1358,3.5283042841674757,1
326,1960,3.487603425693776,2
326,2300,3.6475837819675703,3
326,2501,3.3961988583377307,5
326,2949,3.7468392546286076,3
326,3072,3.59082063734048,5
327,922,3.921903116445466,4
327,929,3.0,3
327,1034,3.0,3
327,1039,3.0,4
327,1198,3.657855370223421,3
327,2132,3.837043677472103,3
327,2732,5.0,4
328,434,3.020147042426081,2
328,1994,3.280219082685795,2
329,88,2.1940442152386845,3
329,95,2.890088643259987,3
329,243,3.0,1
329,317,2.9788883578888923,3
329,581,3.0,3
329,866,3.452341545119798,4
329,1188,3.4257036592046255,5
329,1225,3.2515744206731925,4
329,1584,3.049466304722378,5
329,1907,3.437958924414401,3
329,1969,2.889295893044654,3
329,2133,2.891658430036104,3
329,2160,3.3167490542930445,4
329,2184,3.0,2
329,2504,3.0,2
329,2617,2.7726369242156053,2
329,2790,1.0,2
329,2793,2.3961505487481696,3
329,2799,1.2224267909409723,1
329,2806,3.0,2
329,2987,3.148582473193294,4
329,3039,3.121468978021363,4
329,3081,2.9844790960490593,3
329,3471,3.19006644712973,4
330,909,4.33431979275818,5
330,3363,4.4250134077211145,4
331,11,3.9354118352658887,4
331,39,4.060900030658892,3
331,194,5.0,4
331,196,3.2431877734325525,1
331,372,3.9209800323823623,3
331,517,3.0165867705031024,3
331,1094,4.364749442614954,5
331,1246,4.083530690182569,2
331,1265,4.0561871218031875,4
331,1385,2.992809086153447,3
331,1584,3.92897179628662,4
331,1661,3.0,3
331,1711,3.9258453955268267,3
331,2001,3.625854249829578,4
331,2243,4.452601191918754,5
331,2391,4.228028358229856,5
331,3105,4.238790956130812,4
331,3386,4.065779410664827,4
331,3526,4.120957255122736,5
331,3827,4.0,4
332,57,3.0,1
332,326,3.0,5
332,3507,4.608952118922886,4
332,3893,4.514432111063981,4
333,1085,2.0,4
333,1247,3.358172823923612,2
333,3451,3.6925672988117975,3
333,3461,3.0,4
333,3545,3.1819299404065955,5
333,3897,3.689765974831451,5
335,1291,2.5212609054165154,4
335,1374,2.244614267354224,4
335,3683,3.3654518015397956,2
336,546,4.5613118338059495,2
336,1037,4.635936963305831,4
336,2641,4.64821148471743,4
336,3617,4.488444317989953,3
337,273,3.6163408273700313,5
337,879,3.1905166661566198,3
337,2026,3.1281698135169576,3
337,2167,3.9056548075113007,4
337,2699,3.4019631170942497,3
338,317,3.841296252818849,4
338,490,5.0,4
338,552,3.714054380627638,4
338,592,3.887322830269703,4
338,708,3.8441495694584127,4
338,1073,3.9532381092875424,4
338,1297,4.026679527101541,4
338,1479,3.688750213468774,3
338,1639,4.056568720964891,4
338,1722,3.91627025339679,4
338,2058,4.077049277226132,5
338,2406,3.8992471746172885,4
338,2990,3.4630841874683718,4
338,3452,5.0,3
339,2067,4.233992577793157,4
339,2433,3.0,4
339,3668,3.0,4
340,940,3.0,4
340,2565,3.8809620816235735,4
341,1584,4.4034673541882485,4
342,785,3.783929837598572,4
342,2571,3.808586103959466,5
343,107,4.408833380771488,4
343,514,4.0,3
343,945,4.869847640635373,5
343,1387,4.19621650019268,5
343,2124,4.2183754899194135,5
343,2409,4.344563208312021,4
343,2471,4.136513135432175,4
343,2762,4.23176598427549,5
344,1090,4.0153040422134,2
344,2355,3.6962313426891322,3
344,3519,3.3106114064237335,3
346,222,3.5983703420725304,4
346,899,4.416748567776245,5
346,1282,4.4100910043107895,5
346,2384,3.0,1
346,3196,4.270746418835916,5
346,3247,4.295716314121673,5
347,2324,4.056348706623447,5
347,2762,3.150627396834775,4
347,2919,4.0812422794769585,4
348,383,3.9707912229804583,3
348,1204,4.313559967692844,5
348,1208,4.193305817126355,3
348,2662,4.209518616358285,3
348,3062,4.080214144855108,5
348,3604,3.340221136792267,4
349,157,3.0,1
349,648,3.600626157529358,5
349,1518,3.007489937205628,3
349,2302,3.6591961061971845,4
349,2710,3.289473078526487,1
349,3448,3.6690051145751905,4
351,349,3.7602936697526896,4
351,497,3.9221916005368778,4
351,1391,3.24201995576525,2
351,1429,3.8501389984579433,4
352,538,4.598423978501871,4
352,541,3.726444274219225,4
352,648,3.724158212006517,1
352,1240,3.890312969795912,3
352,1393,3.8744563846488385,5
352,1409,3.345781510074527,3
352,1914,3.0,4
352,2291,3.9896416504215684,4
352,2458,3.169429359084758,1
352,2474,3.6609425483900715,4
352,2915,3.921284450947944,4
352,3686,3.3204349436648424,4
352,3802,2.9104276041180013,5
354,314,3.0,3
354,1237,5.0,1
355,39,3.6105617007255058,4
355,688,3.0,4
355,1097,3.853918379754777,4
355,1225,3.838304444068004,5
355,1320,3.410867802124372,2
355,1573,3.8775543696842703,4
355,2539,3.8282366531490513,4
355,2712,4.211935877528532,3
355,2713,2.3473474687494535,2
355,2889,3.0,2
355,2965,3.0,4
355,3178,4.251481456864438,4
355,3258,3.383884967596075,2
355,3259,3.4378132816996314,5
358,1226,3.0,4
358,1466,3.607064173615402,4
358,2080,3.9446319665300966,4
358,2985,3.5736448762687796,5
358,3196,3.350134180422891,5
358,3418,3.776752194204805,4
359,480,4.092701793162693,3
359,1129,4.030372261298097,4
359,1965,4.274826008615532,4
360,1931,3.0,3
361,3751,3.993914515547018,4
362,474,3.297852462340413,2
365,603,3.0,4
365,1605,3.0,1
365,1912,3.421703129409768,3
366,111,4.347715253777306,4
367,3097,3.0,4
368,161,4.159890556213149,4
368,382,4.296260896186462,5
368,628,4.3055615382201875,4
368,1047,3.148477216101128,4
368,1653,4.124284555922483,4
368,1689,3.0,3
368,1747,4.264242611867501,3
368,1752,2.5945939496675856,3
368,2278,4.079899594670751,5
369,1294,3.437465431726568,3
369,2110,3.266450443867859,4
369,3263,3.4978091440167147,3
369,3301,2.6723183004621673,4
370,1093,3.9709143572143972,3
370,2395,4.28423738615647,4
370,3717,4.003933242197277,3
371,357,3.5685832715011645,4
371,1079,3.067760971149216,3
372,1608,4.619076833535951,5
372,1717,4.679646490015725,5
372,2026,4.878136388975817,5
372,3113,4.400658484190889,4
372,3708,4.544704094602995,5
372,3755,4.869262254916558,4
373,317,4.174894479378283,3
373,1186,3.5886327092492922,3
373,1197,3.850751900425901,3
374,1201,4.384296678010536,5
374,1266,4.303029974656071,5
374,3104,4.429829913087329,4
375,3498,3.0,3
376,2699,4.174729539330803,3
376,3623,4.412098016868318,5
376,3747,3.0,3
377,924,4.046159784544704,4
378,3160,4.067044133770342,5
379,3155,3.0,4
379,3269,4.332345322101023,5
380,104,3.9041588380856416,5
380,1210,4.025720123729759,4
380,1500,3.9637558732533296,5
380,1883,3.9892919667412343,4
380,3261,3.9205731468107503,5
380,3745,3.410470578104792,5
382,1172,4.5072470307201495,5
385,427,3.0,2
385,1580,4.179230782706252,5
385,1590,4.101630926709473,1
385,1617,3.909664609731607,3
385,2985,4.023647962838033,4
385,3114,4.1057948747369375,5
386,32,3.659039980036263,3
386,107,4.489683158807573,3
386,514,3.394890724036471,4
386,1200,3.692621168588789,4
386,1285,3.9706022721275214,5
386,1673,3.6855273837290397,5
386,1917,3.111601794809089,1
386,2289,3.9548791142214528,5
386,2431,2.4367353865362493,1
386,2657,3.8280469566918303,4
386,3624,3.0497851027658838,2
386,3896,3.0,3
387,1307,3.5316502599114226,4
387,2628,3.624058167085944,4
389,3499,4.261903717543824,5
389,3555,4.542737140451599,5
389,3623,4.232959521947453,5
390,1976,3.053136836466927,3
390,1986,2.4778681904637474,2
390,3727,3.694945015720633,4
390,3837,3.0097007466827863,2
390,3893,3.5905413321173802,2
391,1589,3.462169317689255,5
391,3364,4.335776130986414,3
392,88,3.08819415380476,3
392,258,3.0,3
392,524,3.5458734222270025,4
392,1136,3.8021251203198543,5
392,1258,3.8734536911172985,5
392,2353,3.478172001997397,4
392,2406,3.594240721942905,4
392,2423,3.453815581366918,3
392,3255,3.6779700467138468,3
392,3617,2.3258492695225548,3
393,1394,4.292883800440323,3
394,260,3.5013908916039727,3
394,1036,3.4577045375662325,4
395,39,4.634664788178558,1
395,104,3.760041093554141,5
396,7,2.708439589896295,2
396,236,2.419214994687743,4
396,908,4.160638270600249,4
396,2321,3.518947271338493,4
396,2797,3.553228097264907,3
396,3526,3.437497205438733,2
397,380,4.051501214315236,3
397,1238,3.0,5
397,2248,3.996760167057717,3
398,34,3.9856897393136173,4
398,733,3.744593551650911,4
398,1036,3.981261888152531,4
398,1047,3.131237127581554,4
398,1304,4.287395786465039,4
398,2871,4.343564426333559,4
398,3505,4.014226775427035,3
399,223,4.640412794279678,5
399,1240,4.067030633334279,4
399,2574,3.0,4
401,1345,5.0,4
401,1552,4.004222578135421,3
402,70,3.850095073685294,4
402,500,3.665521038979123,3
402,532,3.0,2
402,543,3.7621993541682697,3
402,1136,4.105968708981939,4
402,1617,3.830204952760234,4
402,2321,3.7970461550181387,4
402,2331,3.0,2
402,2568,3.0,2
402,2605,3.020297603082902,3
403,508,4.175318330930843,5
403,590,4.07150307199754,5
403,788,3.9220238081164256,3
403,3265,3.0,5
403,3552,4.090176463468731,4
405,1265,3.819449696198349,5
405,2996,3.0,3
405,3451,3.0,3
406,235,3.364724542610756,1
406,246,3.385755093283878,4
406,1259,3.4951749325382924,4
406,1285,3.5261957285902006,3
406,2264,3.0,3
406,3755,4.223018305131253,4
408,50,4.25573842864916,5
408,1221,4.34825055079854,5
408,1248,4.856082747815915,5
408,3067,5.0,5
408,3271,3.0,3
409,11,3.912937322274132,4
409,431,4.327382129245489,5
409,480,4.10333943495463,5
409,1090,4.153927643208367,4
409,1345,3.8930327674423792,4
409,2106,3.0,4
409,2174,3.9156147853998573,3
409,2291,4.10914828705521,4
409,3062,4.501157673040327,4
410,1197,4.093629114460393,4
410,2144,4.336195041858288,4
411,468,3.729369913737378,3
411,480,3.642657312342278,3
411,509,3.7251521321968655,4
411,1061,3.8896130087362657,3
411,1183,3.830411058426291,5
411,2496,3.3287333874128398,3
411,3148,3.884178788905711,3
411,3175,3.5395059648433564,4
411,3387,2.1828231142891696,3
412,58,4.689063133070724,4
412,260,4.498818247711324,5
412,923,4.684231135685348,5
412,950,5.000000000000001,5
412,1136,4.531268841031781,5
412,1179,4.627968436516821,5
412,1282,4.564538233547759,5
412,1704,4.48125476003154,5
412,1955,4.652101758393074,5
412,2858,4.469622152869905,5
412,2940,5.0,5
412,3061,4.5013894411397795,5
412,3087,4.30744755551605,5
412,3684,4.464152517310622,4
413,1,4.555267430921998,5
413,32,4.560898934736182,3
413,661,4.573477218198658,4
415,1292,4.199185769985915,4
415,1296,4.223039601102194,4
415,1653,3.6004733697383866,4
415,1952,4.267724345663217,4
415,2300,4.30813954478969,5
415,3124,3.0,4
416,2804,3.7920302584588828,5
418,2353,3.806047971961346,4
418,3104,3.63593735160598,3
419,457,4.244403821010924,5
419,1270,4.260739996018956,4
419,2396,4.30776851467003,4
419,2959,4.173954659309067,3
420,2396,4.332596391883905,4
420,3751,4.345115792838242,5
421,380,4.0508998928598885,5
423,2396,1.9447242101249218,4
424,48,4.1117341674279535,4
424,152,3.0,4
424,303,3.564590201455907,3
424,328,2.6355048673006847,3
424,349,3.8666834218777173,3
424,423,2.9912994444249823,3
424,494,3.3869299623645994,3
424,518,3.5046337141100206,3
424,531,4.0,4
424,673,3.495841708325904,3
424,748,3.483438766596336,3
424,1020,3.407718230473811,4
424,1101,3.8828303914468654,4
424,1136,4.219555443969596,5
424,1257,4.02699657369366,4
424,1267,4.688131219648974,5
424,1476,3.711557730740242,4
424,1694,4.288142103665922,4
424,1946,4.662924635490031,4
424,2150,4.0553317452792035,5
424,2249,3.3807249919149305,3
424,2273,3.714197465470686,4
424,2376,3.6824551121115516,4
424,2428,3.251932577537924,3
424,2640,4.00562488544126,5
424,2657,4.21915489436425,3
424,2747,4.0,4
424,2791,4.139633297540777,5
424,2944,4.279330021495431,4
424,3029,3.1147607766541014,4
424,3035,4.506728366446799,5
424,3070,4.128807503628638,4
424,3075,3.0,4
424,3257,3.526181990476905,3
424,3403,3.0,3
424,3490,3.0,5
424,3769,3.7477407782942778,4
424,3809,3.8532613266921643,4
425,1221,3.7030251439633646,4
425,1307,3.4681866174228073,4
425,1641,3.672425878391023,4
425,3471,3.7056693587951695,5
426,910,4.525578920312944,5
426,1371,4.083559711373903,2
426,1544,3.984252321877119,4
426,2676,2.5233239161527736,2
426,2989,4.029464236367405,5
426,3178,4.323035357484834,3
427,2858,4.208943371934348,5
428,377,3.3155609509144113,3
429,527,4.020369434214333,5
429,1589,3.751113682680651,3
429,2560,3.0,3
429,2762,3.6031193122429723,3
429,3285,2.0,3
429,3453,1.0,3
429,3556,5.0,5
430,1136,4.314832604439409,4
430,1269,4.396102557177827,5
430,1357,4.667050731977456,3
431,457,4.0700086633679255,4
432,1674,3.705485504331291,4
433,1230,3.933204864704969,5
435,454,3.92969326129923,4
435,1101,4.08405967274159,5
435,1200,4.10401030570984,2
435,1249,3.826546722936227,4
435,1374,3.890641391442871,3
435,2376,4.3200849340855045,5
435,2402,3.9300315028916213,5
435,2916,4.067024352994747,4
436,527,4.0129022257101425,5
436,899,3.9131189142674723,5
436,2046,3.914620504770789,5
436,3945,3.0,4
437,1250,4.560699216844824,5
438,733,3.7090637947181606,4
438,1298,4.114755792543171,4
438,1654,3.0,4
438,2036,2.3682504526965324,2
438,2282,5.0,5
438,2427,4.102247171628349,4
438,2617,3.7441481896626514,5
438,2643,3.5464405819952245,2
438,2700,4.110191368695963,5
438,2791,4.047764661834149,4
439,110,3.9774284676782967,5
439,380,3.9808562578761397,4
439,1302,4.0821097489766105,5
439,2067,4.167900881649338,5
440,11,3.9408950268780396,4
440,3418,3.446770472490027,4
442,1073,3.962336589241392,5
442,1091,3.2970817789558517,1
442,1196,4.003856817609357,5
442,1205,2.0,5
442,2109,4.016358514851124,5
442,2324,4.217331003531042,4
442,3481,4.214370304648566,4
442,3578,4.097828221961313,4
442,3699,3.9099166427786494,3
442,3793,4.20184839082775,4
442,3897,4.148079897401537,4
443,2391,4.093547111224129,1
444,936,3.0,4
444,2944,3.9952625432888627,4
444,2969,3.0,5
445,327,2.742121687046238,2
445,524,3.516228175293119,5
445,788,3.571760529377219,4
445,1206,4.0898093805049935,3
445,1320,3.2725806455287643,3
445,1371,3.7656347131543306,2
445,1882,3.353705716961153,2
445,2038,3.0,2
445,2091,2.0,2
445,2147,3.0,3
445,2528,3.7015841592858916,3
445,2791,3.877914825947174,4
445,3190,3.0,2
445,3551,4.4302391464910285,4
445,3623,4.183577924254797,4
447,594,4.938032893533283,5
448,2908,5.0,5
450,910,4.266628208332775,5
450,1952,4.311896726023985,5
451,306,4.347316685101315,4
451,912,4.596207579529448,5
451,930,4.573944879825345,5
451,950,4.615696154167049,4
451,1189,3.0,5
451,1294,4.600658802485538,5
451,1956,4.59803303874126,5
452,553,4.820947730098783,5
452,2111,4.0,2
452,2763,4.570003456373214,4
452,2858,4.747203624631937,5
453,10,3.653822362538786,4
453,34,3.7791496570458474,4
453,428,3.435265771296944,4
453,520,3.2528977894030335,4
453,1193,4.27128052031793,5
453,1194,3.0,3
453,1225,3.8476633965751197,5
453,1288,3.8653786328678756,5
453,1704,3.971877966279445,5
453,1961,4.007579339619546,5
453,2085,4.018177471838955,4
453,2174,3.702027046326815,3
453,2380,3.0784411704143477,3
453,2599,4.145946528826963,2
453,2642,3.5863201826087403,3
453,2700,3.686794076278821,4
454,532,2.5514903586910482,4
454,1500,3.2992799198810068,5
454,1907,1.8012589966669712,1
454,2641,2.7768487901010057,2
454,2761,2.714034453413878,4
454,2763,2.7459061336894326,2
454,2804,3.2640575854020635,5
454,3301,2.6931858927382946,1
455,1254,4.441612526452846,4
456,50,3.6657645795657463,3
456,1200,3.5719497755075826,2
456,1225,3.4487017800118127,4
456,1994,3.275813797319495,3
456,2921,3.446668360996939,3
457,608,4.081226238982457,5
457,1060,4.000644374260533,4
457,1092,3.8645118288595377,4
457,1302,4.132051252886752,4
457,2011,4.04794085051705,4
457,2126,3.5203789855748906,1
457,2716,3.7560935915988,4
457,3178,3.9030848227661092,3
458,2792,3.3907753303027532,2
458,3925,3.0,1
460,1193,3.1386350635312508,4
460,1234,3.1209188312474563,3
460,1663,4.095130508676842,3
461,316,3.315590115641652,4
461,737,2.561499980256091,1
461,1201,3.7302175910363813,3
461,1616,2.6046691618559423,3
461,1779,3.1436503598666903,2
461,1945,4.107321066829435,5
461,2174,3.327773259271318,4
461,2815,3.0107483400949,2
461,3074,2.9999999999999996,4
461,3263,3.323548421577027,3
461,3361,3.7416617815620365,5
461,3724,4.0,3
462,1197,3.844216691138505,4
462,1298,4.758692130261423,4
462,1380,3.7448773070279606,3
462,2028,3.9062587724692523,5
462,2059,3.0,3
462,2355,3.8392774498282103,4
462,2528,4.000417951759631,4
463,1278,3.4893282167558883,3
463,2082,1.7924051342799314,1
463,2378,2.297779862358667,1
464,2482,3.0,3
465,1175,3.0,4
466,104,4.194240810716564,4
466,1220,4.201593755468444,4
466,1270,4.156252759699197,4
466,2847,3.0,5
470,343,3.0,2
470,1125,5.0,5
470,2087,3.8404737752007354,5
471,1185,3.729325124367108,5
471,1214,3.139188968159954,3
471,1300,3.0,5
471,3022,3.0,5
471,3753,4.011451320361484,3
472,1245,4.615731875808773,4
473,832,5.0,5
473,945,4.341878865874138,5
473,3882,4.0,3
474,442,3.3615150422726114,3
474,521,3.0,4
474,1399,3.0,1
474,1912,4.073466878828732,3
474,2605,3.45030235937162,2
475,1586,4.105489015315725,3
475,2640,3.957121326345542,4
475,3624,2.9543906203053227,5
476,63,5.0,1
476,122,3.0,5
476,174,2.9999999999999996,3
476,674,3.7917317304190528,4
476,1275,3.978302858921465,5
476,2140,3.90378829889307,3
476,2262,3.5090558399068454,2
476,2306,3.0,4
476,3489,3.8554536742202488,4
477,996,3.543012791032666,3
477,1376,3.466939797622264,3
477,1586,3.6905943255166225,3
477,1917,3.7009809182892184,4
477,2019,4.389821883884366,5
477,2881,3.1580310177084456,4
477,2916,3.7929129107400104,4
479,150,3.861386968276672,5
479,161,3.7785749561532977,5
479,2987,3.867171869627738,4
479,3100,3.662323590865148,2
479,3471,3.896349221303875,4
480,2571,3.6365387378492233,4
480,3454,3.0,2
480,3717,3.0029638697748706,3
480,3863,3.472874526351713,3
480,3916,3.8610695209580728,4
481,1997,2.9470339732677377,1
481,2002,3.856524820015508,4
481,2130,3.71761364361477,4
481,2407,3.398138447064023,4
481,2700,3.398076163175373,2
481,3200,4.197573593712797,5
481,3529,3.0,3
482,16,3.779189650225026,4
482,148,3.0,2
482,153,3.161701021546133,3
482,337,3.875598297692375,4
482,413,3.6961498565500914,2
482,474,3.581005738413043,3
482,662,3.0,4
482,1197,3.567324569287202,5
482,1302,3.6604732265265185,5
482,1307,3.345988277879994,4
482,1396,3.4650236646377937,3
482,1912,3.4211325604424414,5
482,2248,3.7071225692810796,4
482,2374,2.7470755147250645,2
482,2406,3.448973743322822,4
482,2528,3.212589679927171,3
482,2664,3.149257839156825,2
482,3052,3.6281656706443894,3
482,3256,3.098000501916167,3
482,3428,3.0,3
482,3441,3.1812544672136545,3
482,3481,3.874053404138339,4
482,3791,3.336355843974814,3
483,1193,2.9746750581230277,3
484,2694,3.1775496277351616,3
484,2762,3.5518519854758015,5
486,1358,4.165123842217485,5
491,3536,3.0,4
492,2759,3.4797877390489873,4
493,300,4.2037242792820235,4
493,1459,4.525651923132656,4
493,2692,4.133456297933261,1
494,243,3.0,3
494,355,3.9365907672128917,5
494,1018,5.0,5
494,1391,4.244319356476636,3
494,1517,4.226208739769958,5
494,1544,4.302016457850142,5
494,1731,3.0,4
494,2273,4.505710210850857,5
495,1021,3.0,2
495,2057,3.0,2
496,180,4.677215259158333,5
497,587,3.560742656316764,3
497,2262,3.0,3
498,2336,3.337198051175996,4
499,271,3.0,4
499,1088,4.184549214180828,4
499,2000,4.073685911635233,5
499,2316,3.96813358022523,3
499,3347,3.0,3
500,527,3.705831069265198,5
500,954,3.966966409779171,4
500,3461,3.0,5
504,1127,4.382783028872107,5
504,1260,4.665779918188087,5
504,3917,2.1882183699423736,4
504,3930,4.0,5
506,2580,4.070293103146564,3
506,2709,3.0,3
506,2734,3.759370574511831,4
506,2961,3.0,5
506,3354,4.159560685181748,1
506,3798,3.4969586167747613,3
507,1203,5.0,5
507,1248,3.7465882084816857,4
507,1277,3.0,4
508,1101,3.5225652398820224,4
508,1301,3.6501420984652513,4
508,1917,3.3558023010628526,1
508,2015,2.986213865838338,3
508,2455,3.7249161010655745,4
508,3479,3.5457543049304903,3
508,3697,3.352202587038938,3
509,25,3.592669026093503,4
509,196,3.2589015777714163,3
509,318,3.5336467356964167,4
509,374,2.548027961282168,3
509,602,3.0,3
509,778,3.820843989336501,4
509,1916,4.0,4
509,1966,4.0,5
509,2154,3.0,3
509,2316,2.477081084325954,2
509,2572,3.1998524050386563,4
509,3535,4.511070598756966,5
512,517,3.0,3
512,3015,3.0,5
513,2312,3.167029750075508,4
513,2352,3.8685120299471523,4
513,2858,3.813458812641053,4
514,32,4.581617807557819,5
514,2762,4.125718841929776,5
514,2959,4.209991520513881,5
514,2987,4.584405645986978,4
515,300,3.6816807293124976,3
515,2657,3.971782016765266,3
515,2791,3.9163606323059548,4
515,3083,3.0,3
516,480,3.177189011852218,5
516,1304,3.2955719233899465,5
516,1344,4.0,2
516,1566,3.396678626570704,3
516,2174,2.6783303949242376,2
516,3421,3.203598794182933,2
517,2135,4.6427112067904845,3
517,2474,4.394942557664519,3
517,2738,3.0,4
517,3436,3.0,3
517,3552,4.18438218526671,4
517,3911,4.400750267795142,5
518,24,3.9859493185942285,3
518,1380,4.29601821219479,4
519,588,3.5145841306989243,4
519,2706,3.53776256680323,4
519,3799,3.0,1
520,105,3.0,3
520,380,3.981634350396142,2
520,1258,4.276680424413369,5
520,2108,4.252926153130772,4
520,2109,4.361036721308157,5
520,2288,4.449813884051335,4
520,2826,3.155583508110571,4
520,2987,4.208100029433912,4
520,2997,4.281887903757964,4
520,3584,3.0,3
521,3467,5.0,5
522,198,3.6597513728968143,2
522,3793,3.8299055348257145,3
523,1198,3.9489187165981714,5
523,2640,3.9237335923717107,3
523,3683,4.289380382388725,4
523,3868,4.276234910257338,4
524,61,2.50457509715719,1
524,240,3.0,3
524,253,4.015736146588427,3
524,306,4.3774356713602405,5
524,337,4.4996722921285395,5
524,361,3.455870426543752,4
524,473,1.9761436877873217,1
524,527,4.3892238072616925,5
524,548,2.632534339586211,3
524,733,3.862527683790141,4
524,836,2.7388013438065064,1
524,1219,4.55986771165627,5
524,1242,4.363630210545299,4
524,1246,4.194036154001362,4
524,1641,4.292418348780696,4
524,1717,3.453375650987214,4
524,1748,3.8632999753444097,5
524,1754,3.5208983835233947,2
524,1892,3.8087518265712252,4
524,1923,4.0830426540990326,4
524,2253,3.7034452057176788,1
524,2303,5.0,5
524,2600,4.0,4
524,2793,3.4560865169618675,1
524,2916,4.047737183217614,4
524,3167,4.185324063061514,4
524,3752,3.3141025993936117,1
525,1466,3.953971518084238,4
525,2863,4.26587153681628,3
525,3578,4.131527784949616,4
526,3265,3.7239611350783095,4
527,2318,1.0,5
528,46,4.669830011865824,3
528,47,3.751788163601188,2
528,223,3.529936919985499,4
528,377,3.4729811363589205,4
528,585,3.381855352843521,2
528,886,3.0,3
528,1021,2.957310717081013,3
528,1222,3.705328157761868,3
528,1363,4.0,3
528,1380,3.7177589200657257,5
528,1385,3.133324772945649,4
528,1500,3.7104418674451036,5
528,1777,3.6101673372848913,5
528,1863,3.0,2
528,2096,3.8511495990241156,3
528,2253,2.388330279459177,2
528,2598,2.720746283758742,1
528,2687,3.8227467777284985,4
528,2716,3.4019164084506706,3
528,2724,4.17309996075679,3
528,2858,3.813398143150354,5
528,2860,3.0,4
529,1230,4.470132665977705,5
529,2529,4.334282179964684,4
529,3201,4.420022140652443,4
530,678,3.0,5
530,1136,4.13006093279197,4
530,1185,4.343567318767559,5
531,317,3.563077783070171,3
531,593,3.673344963743154,5
531,1339,3.471379843045816,4
531,1581,3.0,3
531,1595,3.0,2
531,1854,3.0,3
531,1909,3.5320080308508124,3
531,2083,4.243229245606316,5
531,2268,3.6437239175561267,5
531,2269,3.0210581423150753,3
531,2272,3.0,3
531,2433,3.8227424817595534,3
531,2699,3.438384255816165,2
531,2706,3.5307449108513755,3
531,3107,3.560956365022009,3
531,3798,2.9790110958267406,3
532,3354,4.5955095384596305,2
533,217,3.0,4
533,337,3.865883984053496,4
533,370,3.1951899150715772,4
533,440,3.3195898850250343,4
533,507,3.11611772300816,1
533,788,3.166121685222714,5
533,1036,3.6972554842592076,4
533,1320,3.2702474386225604,2
533,1379,3.2591205539349386,3
533,1573,3.583040331224209,4
533,2126,3.3237998470860104,3
533,2161,3.4336614562253467,3
533,2302,3.6728542863389473,4
533,2657,3.754657511461911,3
533,2699,3.501214494648289,2
535,3408,4.280249903034413,4
536,1029,4.295935658946232,4
536,1221,4.5707508011580265,3
536,3505,4.798058081646276,4
536,3702,4.63009447996889,3
537,318,4.36284680107422,4
539,745,4.575989479886597,4
539,1610,3.783782486627509,4
539,1912,3.877879431549561,5
539,2028,3.798497086618546,5
539,2167,3.7096158551587064,4
539,2826,3.4552050280895554,5
541,342,4.264541007247164,2
541,2985,3.2444358926845926,2
542,3879,3.0,4
543,1029,4.217120834786594,4
543,1676,4.311571998536046,5
543,1748,4.228120962376261,4
543,2088,4.171447952065833,3
543,2118,4.403015133987558,4
543,2628,4.30125737545858,4
543,2648,4.364234761044128,5
543,2953,3.4144899463713183,2
543,3029,4.168814320804607,4
544,1032,4.0742446360744315,4
544,1035,3.9376414909136983,5
544,1304,3.916640004195033,3
545,1959,3.0,5
546,1405,3.0239546546849483,1
546,1513,2.9584403988320274,4
546,3296,3.0,5
546,3922,3.0,3
547,2734,5.0,4
547,3793,3.7457467167822065,4
548,1261,3.3905140995921488,3
548,1994,2.846474033148552,3
549,266,3.324295340586093,3
549,507,3.8381234896972876,3
549,533,3.5012112464616054,5
549,542,2.6535066672929255,3
549,547,3.0,2
549,707,4.0,4
549,965,5.0,5
549,1073,4.137097459202827,5
549,1183,3.9594691823257553,5
549,1185,4.215311160148256,2
549,1196,4.126144698083673,5
549,1240,4.152167473957921,5
549,1408,3.912699017300913,3
549,1517,3.962735785603392,5
549,1825,3.0,2
549,2023,4.201500517041114,5
549,2050,2.1519080119658316,2
549,2108,4.126102795420721,5
549,2268,3.98906599753124,2
549,2349,4.13279772241308,3
549,2413,3.6277662202796,4
549,2642,3.787406099466506,3
549,2706,4.0079422132842994,5
549,2950,3.7248701949904937,1
549,3087,3.6984877736039206,3
549,3114,4.295623374532889,5
549,3300,4.263716767227012,4
549,3408,4.051451291736461,2
549,3600,3.0,3
549,3755,4.146674044765865,5
549,3793,4.228464116760841,5
549,3920,3.0,5
550,172,3.6142277217327203,5
550,292,3.8306226227936904,5
550,339,3.8005206821098296,4
550,371,3.0,4
550,448,3.0,5
550,546,3.634631543651095,5
550,838,3.9824394201456603,4
550,1291,3.889725941954342,4
550,1300,4.346239133358987,4
550,1377,3.6421716280219805,4
550,1429,3.73132789149944,3
550,1647,3.0,3
550,1962,4.0497359276147815,4
550,2311,3.7331828023299365,3
550,2345,3.0,5
550,2410,3.600563107622493,1
550,2539,4.003354717302934,4
550,2622,4.0,5
550,2687,3.9146274718003378,4
550,3502,3.0,3
551,261,4.0,4
551,475,3.8349965889942434,4
551,527,3.919139723363658,5
551,912,4.025819076532671,5
551,1124,3.8332789297564536,3
551,1186,4.020071768768661,4
551,1282,3.862240706655916,3
551,1294,3.8966862016039086,4
551,1758,3.0,5
552,410,3.5239188268519523,4
552,3107,4.274128366027059,4
552,3671,4.024974781053108,2
553,1885,4.157834315294435,5
555,3213,3.0,4
556,1188,3.757895468689864,3
556,2115,3.6252267558439084,3
556,2948,3.127354383118173,3
556,3033,3.534303943505807,4
557,3033,3.8135123344682773,3
558,350,4.1316903384586965,4
558,647,3.9009738453974614,4
558,1228,3.8736851590114996,3
558,1293,3.822798607196973,5
558,1485,3.404693330703235,3
558,1683,4.328886073722123,4
558,2797,3.608723586116819,3
558,3914,3.0,4
559,1674,4.1043579020908805,4
559,3370,3.0,4
560,858,3.8632594359055883,3
560,1375,3.8005910326871297,5
560,2366,4.235532818600917,5
560,2662,3.8052382173953703,5
560,2916,3.9380077990513285,4
561,3623,4.389186786402068,4
562,2028,4.16682896392005,5
563,737,1.9560830352553824,1
563,1022,3.642625920086341,4
563,1373,2.544594653618955,1
563,1375,3.073588202584412,3
563,2138,3.6288564570212665,4
563,2364,3.0,1
563,2797,3.0550889055428208,3
563,2827,3.0,3
563,2968,2.86301741651483,3
563,3758,3.0,1
564,2529,3.0,5
566,1028,3.0407287606798046,3
566,1779,2.41481872297989,2
566,1963,3.2480815398664706,3
566,2371,2.7404543450733376,3
566,2413,2.654228061284169,3
566,2987,2.881293202156479,3
566,3108,3.1873619018742265,4
566,3752,2.670331104179768,2
567,1197,4.782334347128943,5
567,2968,4.775033378221836,5
569,374,3.6275524523862717,3
569,2036,3.359863382853205,3
569,3477,3.486764092184854,3
570,440,3.469321078633224,4
570,588,3.5316177677460776,4
570,1210,3.6121670629108755,5
570,1339,4.0,3
570,2138,3.0,4
571,1573,4.06651077883927,3
571,1876,4.0098946326056435,4
573,919,4.155728329097798,5
574,1213,4.592500883949517,5
575,420,3.5397224078702516,3
575,541,3.8639678161038447,2
575,733,3.8332535585919856,4
575,1198,3.858721322129566,5
575,1831,3.7919024730922684,4
575,1876,3.824991886459153,5
575,1918,3.7665573016732212,3
575,2408,3.475209146245891,3
575,3578,3.8922112614892486,4
577,337,4.5960637641699265,4
577,508,4.493528435550231,3
577,593,4.595916543929184,5
577,2115,4.51465921457629,4
577,2571,4.6113925960115605,5
577,2917,4.634340004277889,5
579,2001,4.075658591947079,5
579,2915,3.979455586030895,4
579,3688,4.279069565779721,4
580,2816,2.9053832065653253,1
581,802,3.8183361362568515,4
581,1265,3.881913269588589,4
582,1270,4.767046703353526,4
583,337,4.3060067258229555,4
583,364,4.418976188674757,5
583,1240,4.261129354775209,5
584,919,4.515270230022024,5
584,3952,3.0,4
585,593,3.693603593252781,3
585,1205,4.0,4
585,2028,3.668090242040843,3
587,73,3.0,4
587,194,4.0,5
587,445,3.0,3
587,1073,3.1176689433842584,4
587,1093,3.2320719397156403,2
587,1097,3.120180934511209,3
587,1150,3.0,3
587,1179,3.20513115676353,3
587,1220,3.1521555577124207,4
587,1954,3.1881321138823173,4
587,2746,3.389564193833287,3
587,2806,3.0,3
587,2973,3.760936407479431,5
587,3253,3.0750085011288544,4
587,3538,3.0,2
587,3861,3.0,2
588,492,4.3878960099472915,4
588,509,4.273224314789945,4
588,549,4.0,3
588,1206,4.146630021969634,5
588,2272,3.0,3
588,2359,4.101044795458085,4
588,2366,4.016855749610376,4
588,2396,4.148667391531918,4
588,2762,3.8772285978981973,5
588,3035,4.4145725641413875,3
588,3456,3.0,4
588,3813,3.0,3
589,1136,3.9942273619779582,3
590,235,4.591284855758856,5
590,456,3.0,4
590,535,4.483597117860581,4
590,551,4.1645795116397295,5
590,764,3.0,4
590,1549,3.0,4
590,3515,3.0,4
591,1124,2.7458260580296336,4
591,1380,2.6891211782056863,3
591,1653,3.0849987501573963,4
591,2150,2.7030285872834665,4
591,2571,3.058973089034123,4
591,3408,3.2072902608836698,2
592,260,5.0,5
592,3555,5.0,5
593,2501,4.090122901996887,4
593,3145,3.0,5
593,3252,3.8599597418279736,4
594,342,4.6902898544312706,3
594,356,4.530980597688003,5
594,377,3.8883603905244826,1
594,444,3.0,1
594,597,4.4205778955254145,5
594,933,4.871929987527246,5
594,3099,4.698156007071962,3
594,3516,3.0,4
595,45,4.391800593785431,3
595,648,3.909936101151545,4
596,3578,2.839939200810224,5
597,2700,4.344684185576479,5
597,3793,4.2733633228585175,4
598,2840,2.504438930055032,1
598,3578,3.633660300897888,4
599,1673,4.193558457831276,3
601,344,3.167386470064304,3
601,370,3.1110995757218562,3
601,648,3.1952908794955017,3
601,1196,3.276845663530237,3
601,1970,3.1760896035049515,3
601,2134,2.9618339420117143,1
601,2253,2.3157497473401873,4
601,2421,2.8082686333515046,1
601,2435,3.0,4
601,2478,2.9912487220552206,3
601,2723,3.2990751140917993,4
601,3706,3.3103833570094565,4
602,2034,3.7215932319564784,5
602,2093,5.0,2
602,2495,3.0,5
602,2901,3.8916656466817825,2
602,2985,3.811969747708334,5
603,2273,3.4528384442304696,3
603,2496,3.7921211860049118,3
604,329,3.2040124572753643,3
604,376,3.347032966822848,4
604,1200,3.336912071981211,3
604,1599,3.0,3
604,1833,3.7048272684756065,4
604,1917,3.30616414226584,3
604,2009,3.251955042529563,4
604,2013,3.391153342373239,3
604,2528,3.3105036874360843,4
604,2642,3.2575726101435354,2
604,2906,3.0,2
604,3578,3.477718841622938,4
605,1573,4.28060072158495,5
605,1625,3.586218402855524,5
605,1644,4.0,3
605,3081,3.580933664841683,4
608,1438,2.537572058325369,3
608,2335,3.169697148039724,2
608,2572,2.838535779210567,5
610,661,4.212941263343199,5
610,2291,3.652485508086765,3
611,589,3.9312295279147165,5
611,590,4.037641294706663,5
611,2455,4.1139001730178215,4
611,3006,4.082117976635012,5
613,1196,3.6671023263544287,5
613,2100,3.5429845203868133,3
613,2858,3.7666161902044415,5
614,783,3.7987115493173236,2
615,1234,4.207681358207378,5
616,1214,4.416061039709932,5
617,912,4.243759896360966,5
619,3083,3.0,5
620,70,3.559933002141362,3
620,370,3.1113140802816304,4
620,1042,3.666816995450731,3
620,1449,3.9901101782882744,3
620,1466,3.7092327054446863,3
620,1485,3.304367535571223,3
620,2126,2.8333138997580805,3
620,2424,3.4113906705551407,3
620,2723,3.4699296206762984,3
620,3160,3.9627806482992494,4
623,290,3.0,4
623,2155,4.336604259597112,4
623,2359,4.495283164385352,3
623,2502,3.8922981481537122,5
623,2791,4.142402625290736,5
623,3083,3.0,4
623,3745,3.7216512647083375,4
623,3911,4.586526001250691,4
624,25,3.9019310242364096,4
624,780,3.78444974839607,2
624,1090,3.8410204188298187,4
624,1193,3.8624828293707063,4
624,1272,4.018771202745378,5
624,1276,3.952103443183782,5
624,1663,3.6160788673911646,4
624,2336,4.24152659775312,5
624,2762,3.6853382876405747,4
624,2987,3.7544050835974754,3
624,3125,3.0,3
624,3341,3.0,4
624,3521,2.0,4
625,593,3.7524065632935644,5
625,1357,4.064431133608971,5
625,2112,3.836010285850694,4
625,2336,3.9607486751507643,4
625,2858,3.755402809295187,5
626,1101,4.163095596282731,4
626,3897,4.1315835221074675,5
627,2399,3.0,1
627,3479,3.9015370450948526,4
627,3882,5.0,5
628,356,3.9978069108520957,4
628,2396,3.9672271738837557,4
629,34,3.391519528908734,4
629,262,4.0,4
629,2089,3.466482580562286,3
629,2099,3.5830436224435154,5
629,2872,4.216035548858863,5
629,3910,3.0,4
629,3911,2.616061672522889,2
630,1,4.189323847292971,4
631,474,3.9712380446313076,4
631,1266,4.1061137482939,4
631,2073,3.0,3
631,2301,3.3734850785369668,1
631,2405,3.5936281419510303,2
631,2571,4.006028461200561,5
632,32,3.9086347685581773,4
633,2908,4.134012048506388,5
634,158,3.472531435911022,3
635,2973,4.581854784081323,5
635,3089,4.301212746926126,5
635,3528,3.0,5
637,780,3.7488493530641986,3
637,1029,4.115179272115996,4
637,1035,4.113529701311916,4
637,1081,3.688602297649857,3
637,1242,4.044322107027381,4
637,1957,4.156918185437842,5
637,2021,3.619246674738528,2
637,2141,3.8133875054770794,4
637,2953,3.035998516993214,4
637,3107,3.7382209295687607,5
638,1130,4.139825572775703,5
638,1198,4.198767936202886,5
638,1378,4.493819797349725,5
638,1663,4.36554619809265,5
638,2111,4.206999168466096,5
638,3203,3.9385815769227617,4
638,3703,4.599794587757284,4
639,788,3.6408645610543786,4
639,1031,3.512683758177444,3
639,1196,3.7378800617868335,4
639,1372,3.529553736237792,4
639,1608,3.8565543743284967,4
639,2028,3.8183242033999005,5
639,2363,3.3345721336086673,3
639,2409,3.6217898223141245,4
639,2533,3.7269929646299618,4
639,2951,3.7442798089737646,4
639,3157,4.0,4
641,858,4.283901655175553,5
641,902,4.283287287241001,1
641,1214,3.9603787910365336,1
641,2779,3.9646379746282343,3
643,2888,2.0,3
643,2987,3.2601644417978637,4
644,665,3.0,1
644,2706,3.6828127968267292,1
644,2761,4.173182122044815,4
644,2770,4.155876762623914,3
646,595,4.057532991131104,4
646,786,3.840490287356609,4
646,912,4.063399944535662,5
646,1090,3.9301390311068594,4
646,1385,3.497172603466586,4
646,1393,3.9401930063225055,4
646,1527,3.876638820773374,5
646,1586,3.8421267937127195,3
646,2804,3.651198858086336,5
646,3366,3.9261055675170144,5
646,3638,3.862976156121025,3
647,688,3.0,2
647,818,3.3773981330330223,4
648,372,4.463635101450215,4
648,1537,4.0,4
648,2706,3.7083287322677214,3
648,3499,4.418769184924697,4
648,3543,4.512021116404335,4
648,3793,3.5997856850961636,4
649,10,4.474305134844795,4
649,541,4.120521005132515,5
649,1982,3.240332279300367,4
650,1047,3.0,4
650,3300,4.0,3
651,441,3.580029181941724,4
651,999,3.0,3
651,1215,3.550538408336171,4
651,1240,3.7981805321675077,5
651,1263,4.3667193133574775,5
651,1371,3.603480880356561,4
651,1974,3.321724342341316,3
651,2117,3.8704583609629712,4
651,2736,3.155282920201066,4
651,3654,4.156424985384402,3
652,3697,3.119874662088236,1
654,1246,3.6938116306345306,4
654,2474,3.5166851976166638,4
654,3104,3.64846189609365,5
655,621,3.0,4
655,926,3.5531912683347473,3
655,1096,3.4677377484103773,4
655,1124,2.4263566153131193,3
655,2074,3.0,3
655,2443,3.0,3
655,3526,2.5725937985448777,2
656,32,4.06335808518724,2
656,745,3.3946795678725565,3
656,1234,4.069727768611942,4
656,1292,4.1766982852507075,5
656,1302,4.102605735720464,4
656,2919,3.7758664962314903,4
656,3022,3.0,4
656,3606,3.8990960938855097,3
657,1513,4.054696333417809,4
657,2395,4.418508178891128,4
658,1562,2.447171826901178,2
658,2770,3.265988261480852,3
659,62,3.898781849503786,5
659,858,3.895357566245383,3
659,1962,3.8370486058488136,3
660,102,1.0,1
660,105,3.0,3
660,231,3.0108644706901018,3
660,432,2.536253429071962,2
660,737,2.4901573650145874,1
660,788,3.132561749483002,4
660,1093,3.444118785040785,3
660,1094,3.510528964809987,4
660,1291,3.256137557264016,3
660,1391,3.033149271338033,3
660,1393,3.3564389786014024,3
660,1608,3.1762923592290133,4
660,1959,2.851016240563087,2
660,2583,3.0,4
660,3066,3.8849056590102675,3
660,3198,3.66832618625626,4
660,3243,2.5709417358209574,2
660,3263,3.158318409411236,3
660,3735,3.786676213725961,4
661,1997,4.586139743224391,5
662,1,3.4485833828208428,3
662,589,3.6039022267834424,3
662,596,3.395512055229036,2
662,1976,3.0169471069065663,2
663,480,3.5974585217956085,5
664,500,4.534556567595721,2
664,1262,4.434573643407115,4
664,2324,4.478007854666646,4
666,272,4.063100305396309,4
667,2279,2.791107517205396,3
667,3627,3.0,1
667,3793,3.554695368372953,5
668,1197,3.664513061583215,5
669,539,4.085319519485795,3
669,552,3.7842579583384706,3
669,588,4.152401791100644,4
669,1288,4.582532038544065,3
669,1961,4.270802678362436,5
669,2002,3.9336047225288135,4
669,2793,2.483106614519349,2
669,2826,3.630518280467611,4
670,1219,3.8717784286417793,4
670,1856,3.0,1
670,2077,3.0,2
671,541,4.269935151295699,5
671,923,4.409442289394389,5
671,1238,4.41571293327989,5
671,1284,4.664714623333813,5
671,3514,3.0,4
671,3896,4.0,4
673,32,3.6498289558592805,5
673,82,3.0,4
673,480,3.3210409987696425,2
673,804,2.9999999999999996,1
673,951,3.9508607157766096,5
673,1584,3.5477319812551102,1
673,1635,3.9447399463932986,5
673,2154,3.0,1
673,2531,2.0616245520460006,1
673,2577,3.0,5
673,3163,3.0,5
673,3571,3.0,5
674,1233,4.516204210164323,5
674,2858,4.258026335270295,5
675,2683,3.174853951698319,3
675,2757,3.0,3
675,2997,3.8327226695064884,5
676,280,3.4896710589288555,4
676,1704,3.6284886846221895,5
676,2054,2.9950369473104725,3
676,2269,3.967255550531321,3
676,3268,2.0,2
676,3271,4.100393388800859,4
676,3480,3.0,4
676,3484,3.0,3
677,147,3.0,5
677,164,3.0,4
677,1225,3.641227753244376,5
677,3253,3.562561206072847,1
678,455,4.0,4
678,508,3.872698727742806,4
678,1088,4.146447246612981,5
678,1192,3.0,4
678,1603,3.552821703559789,4
678,1831,3.774867655277381,4
678,1876,3.8248708774900413,4
678,2028,3.9413927978026946,4
678,2038,3.0,3
678,2291,3.970836532906635,4
678,2437,3.0,4
678,2456,3.3616765131338338,3
678,2457,3.885131076028484,4
678,2615,3.6626812297330913,3
678,2724,4.311743357795927,3
678,2761,4.3270492934533555,4
678,2795,4.1322210057585185,4
678,2815,3.641433532349618,3
678,3087,3.865158990332433,4
678,3363,4.079148168590558,4
678,3755,3.8291832402070494,3
678,3948,3.7323854591580563,2
678,3952,3.684381597120035,4
679,1206,4.058065461059867,3
681,1033,4.19041039455424,5
681,1230,4.818283276868687,5
681,3799,3.0,4
682,1214,4.802609292687784,5
684,524,3.0,5
684,3174,3.602350962920283,4
685,1968,3.3477848706240128,4
685,3087,3.2813953447089843,3
685,3555,4.088710815599867,4
687,247,4.350914231667134,4
687,276,3.273332342353202,1
687,337,4.2429954878940075,5
687,551,4.2994769830595665,4
687,1635,4.328133032738605,4
687,1888,3.267398451809906,1
687,2599,4.236095198778405,4
687,3101,4.224354913370187,5
687,3471,4.037713189196711,5
687,3864,3.0,1
689,1265,3.776938990862495,2
689,2662,3.912992501771636,3
690,318,4.541431458004346,5
690,596,3.9967690362062713,4
690,1968,4.4415633348939485,4
690,2174,4.442368922527782,4
690,3398,3.908376528219031,4
691,553,3.7974452346150027,5
691,1238,3.9976003356561387,4
691,3418,4.089864977078828,4
692,18,4.0,4
692,288,3.8959490060861506,1
692,353,3.829929084659188,3
692,778,4.332412442511969,4
692,798,3.4573016023753045,3
692,1126,3.806211421233894,4
692,1271,4.196802247738031,4
692,1616,3.4710082599152905,3
692,1912,4.249363201912344,5
692,2091,3.0,3
692,2352,4.1595672362324985,5
692,2394,3.9999194574252446,4
692,2402,3.5680539575585106,3
692,2416,3.6936111358687613,2
692,2762,4.1187071606393655,4
692,3108,4.242479432731292,4
692,3266,3.0,2
692,3298,4.422217810686691,4
692,3301,4.236702515195239,4
692,3426,3.0,4
692,3703,4.075573897459449,4
693,2987,4.492684242052536,3
695,1088,3.8972517143461336,5
695,2145,3.8397867994675865,5
695,2987,3.794417059634318,4
695,3257,3.095795271133785,2
695,3510,3.914603712864876,5
695,3555,3.729397198573084,3
696,247,4.295269180997339,3
696,595,3.825278214039403,4
696,858,4.041582776208865,5
696,1278,4.057388050346471,4
696,1304,4.07136335833152,4
696,1517,3.8670416860048795,3
696,1610,3.803115603689432,3
696,1732,3.929061938484374,3
696,2291,3.9421878588541035,3
696,2396,4.040110437198515,5
696,2571,3.793664189110927,5
696,3317,3.96428286942128,3
696,3418,3.9194146332814745,4
696,3481,4.09244729883736,5
697,232,3.0,4
697,2997,3.791039216175073,5
698,1320,3.0644535576228296,3
698,1610,3.621355215532733,4
698,2739,3.4002860540922244,3
698,3421,3.857237109564635,3
699,7,3.269226273933273,2
699,315,2.6251416443907933,1
699,375,4.0,3
699,429,3.411102990418115,1
699,609,3.0,3
699,968,3.528388710760641,5
699,1220,3.592750249758759,3
699,1422,3.0898054433878386,3
699,1569,3.42564009759474,3
699,1580,3.4949223027569287,4
699,1593,2.994250021909045,3
699,1909,3.461542658657212,2
699,2082,2.9537858787505447,3
699,2084,3.0,3
699,2302,3.6697811551041286,5
699,2355,3.5235261401358597,3
699,2571,3.5404304725064826,4
699,2794,3.222992245686164,2
699,3040,3.3402480258873544,1
699,3208,2.920496269446446,3
699,3385,2.8225630742151187,1
699,3578,3.668536691021907,5
699,3751,3.6783668436366637,3
700,1909,3.5745900089687157,3
701,47,3.583740817066091,4
701,104,3.6043512218798077,5
701,1393,3.629358426869746,3
701,1732,3.5819712880805947,4
701,1753,3.0,3
702,912,3.7539336225778794,5
702,1200,3.488955375289685,4
702,1250,3.829222736470912,5
702,1296,3.8171354081321005,5
702,1380,3.269685895549851,4
702,2075,3.0,4
702,2249,2.540453394528526,4
702,2890,3.439800347407576,4
702,3114,3.591616771494719,4
702,3372,4.0,3
702,3507,3.6872403204413375,3
704,2369,3.8207290107878427,2
704,2392,3.0,1
704,2710,3.1972094245492135,4
704,3879,3.0,3
705,366,2.6014699553782537,4
705,1282,3.9936576429581048,3
705,2461,3.0,3
706,85,3.0,4
706,1563,3.0,4
706,1694,3.3943758909650645,1
706,2914,3.0,3
706,3418,3.7245295182209497,4
707,924,3.8242863067288684,4
707,1610,3.8676209523115075,4
709,663,3.0,4
709,2061,3.0,5
709,2478,4.039349500974722,4
709,3013,1.0,2
710,18,4.0,4
710,93,1.6483506511582116,2
710,333,3.1075958516129822,3
710,480,3.789275322114789,4
710,514,3.8776591603134265,3
710,539,3.583736742172195,3
710,661,3.5985893267997224,3
710,1253,4.038871775226876,4
710,1298,3.7390602173087983,4
710,1392,3.0,4
710,1965,4.310786371433306,4
710,2124,3.5317913180969684,4
710,2134,3.530065837041611,4
710,2167,3.6279246563676346,4
710,2278,3.923437544945608,4
710,2527,3.999744689985191,4
710,2687,3.388600525598353,3
710,2796,3.0707570514264777,2
710,2879,3.6805453821695404,4
710,2883,3.0,3
710,3005,3.525165984228275,4
710,3424,4.146640048265692,4
710,3744,3.5186813658665166,4
711,1090,3.894288569310556,3
711,2019,4.336381043591356,5
711,2359,3.632428421081565,4
712,316,3.5963016138660677,4
712,551,3.918317621489193,5
712,923,4.1079937110400815,4
712,1210,3.7519102171402,3
712,1270,3.8054825712531404,4
712,2395,4.220589069367872,4
712,2581,4.004779607986822,4
712,3113,3.518551744634599,2
712,3327,3.0,4
712,3697,3.5415883617752058,3
713,442,3.6930001140884037,3
713,1136,3.5840825249276467,4
713,1777,3.469120052189493,3
713,1876,3.665375450639851,5
713,1917,3.641974616444791,3
713,1954,3.58494841453573,3
713,3269,3.974311593680534,2
713,3755,3.6632043752252192,4
714,19,4.073102700633227,4
714,318,4.546510386474399,5
714,588,4.396616609176855,4
714,592,4.459060570636291,5
714,828,3.0,3
714,1210,4.488128294356947,5
714,1457,4.299495913331997,4
714,1645,4.489735773905562,5
714,2231,4.448730664319032,4
714,2279,4.028275576420297,5
714,2335,4.225732012433739,5
714,2498,3.0,2
714,2699,4.201634684438162,4
714,2948,4.405116284851402,4
714,3717,3.6597828526318112,4
715,1196,4.067134317777452,5
715,3952,3.0,4
716,6,4.417910654954832,5
716,748,4.204951151059219,4
716,996,3.9971348095435424,4
716,1431,4.0,5
716,1610,4.36337030566389,3
716,1748,4.2675965348482725,5
716,1845,5.0,5
716,2194,4.207126872224306,5
716,2268,4.383248421961942,4
716,2322,3.927374108887754,4
716,3107,4.294599595354317,4
716,3578,4.422826554988719,5
717,908,3.631669218646929,4
717,2858,3.6739384219794724,2
718,95,3.971988540753728,1
718,648,4.038892832110012,5
718,2324,4.27797877442817,4
719,745,3.0,4
720,480,3.3743460183986143,4
720,2676,2.5233239161527736,3
720,2694,3.0394404582592376,3
720,2840,2.6049441381405645,3
720,3160,3.160182198113784,3
720,3285,4.0,3
720,3461,3.0,4
720,3534,3.6361030661549,3
721,1,3.845865460121535,3
721,15,3.0,4
721,22,3.915799207448877,4
721,60,3.0000000000000004,3
721,185,3.688147192807279,4
721,280,4.002897311971882,3
721,316,3.7359257343423917,3
721,376,3.8552253282682707,5
721,466,3.6956383906569843,4
721,469,3.0,3
721,552,3.777344572161201,3
721,788,3.678894806352576,3
721,910,4.019671289646844,4
721,1037,3.6552297844845802,2
721,1092,3.765425008579741,4
721,1221,3.8520953865347707,4
721,1552,3.8042160825400355,5
721,1597,3.818477638462824,2
721,1655,3.0,2
721,2052,2.670374436222663,3
721,2080,4.034256933443981,5
721,2690,4.0,3
721,2805,4.273240271417429,3
721,3175,3.6865167566048846,5
721,3763,3.9436555691927984,4
721,3764,5.0,4
724,39,3.6727372118101513,4
724,608,3.860451691923123,4
724,1479,3.7518523476665306,3
724,1748,3.80447382970895,2
724,2391,3.765396787671645,2
725,608,4.27359454457535,5
725,994,4.5158001924697055,5
725,1641,4.171352396924764,5
725,3101,3.9253419673888508,5
726,1639,3.833513810853716,4
726,3157,3.0,3
727,1225,3.810839465106001,2
727,2071,3.0,5
727,2499,3.0,4
727,2690,2.0,5
728,34,3.705733656542803,2
728,535,2.7990142531504993,4
728,1213,3.6072577745624765,4
728,1396,3.7446001266538342,4
728,2243,3.687734465747459,3
728,3448,3.7024121293405363,3
729,1372,3.518989984026994,4
729,3247,3.7794253744663506,2
729,3578,3.801193467334023,3
731,52,4.1635301172015575,4
731,153,3.5264575750518143,4
731,417,3.0,4
731,471,3.9564462202169914,5
731,719,2.8466957488227163,5
731,936,4.5132821224145605,5
731,1234,4.127755242010932,2
731,1526,3.0,2
731,1885,4.236225087887217,4
731,1918,3.515622278812101,3
731,2262,3.33896177036319,4
731,2675,3.0,4
731,3097,4.7128393413928285,5
731,3200,4.432403997952018,3
731,3362,4.1851058298642325,3
731,3489,3.767814664121237,5
731,3877,3.0,4
732,1124,3.5860392414747264,5
732,1589,4.167258900354011,4
732,3029,4.677588883467526,5
733,1188,4.493412882489594,3
733,1215,3.9592458463561413,3
733,1266,4.370815623041439,5
733,1580,4.321967289600524,5
733,1961,4.318246928996526,4
733,3429,4.4759403647421605,5
734,1210,3.852924181711691,4
734,2921,4.658645370509673,5
735,22,3.659529052500565,4
735,736,3.756886835960745,3
735,1079,3.969464542804243,3
735,1876,3.7597982065395437,3
735,2012,3.7601842998284636,3
735,2320,3.00208790650214,2
735,2324,4.059388377832093,4
735,2393,3.6855042896888137,3
735,2706,3.807144242324631,4
735,3147,4.001831977867392,4
735,3354,3.3918919040969557,3
736,1,4.3162731127070995,3
736,266,4.537498052086111,4
736,1036,4.2519747242979,5
736,2710,4.167671757448515,5
737,1221,3.947776471527955,2
737,2203,4.022516557649773,3
737,3000,3.0,5
738,3409,3.268666458203758,2
738,3916,3.654216096178434,4
739,377,4.285570223429517,4
739,1272,4.3848742928331,4
739,3448,4.4933476195491835,3
741,253,3.6090351197635058,2
741,426,3.754349965472829,3
741,3264,3.5901529851153695,3
742,2021,4.165457175338986,5
742,3527,4.179675937181349,4
743,720,4.5775285139782484,5
743,947,3.5065793414223974,3
743,1197,3.7768203615059948,3
743,2065,3.776597905198663,3
743,3083,3.0,4
744,292,3.287831355584117,2
744,912,3.6350142023620893,4
744,1197,3.495867500959626,5
744,1265,3.481927003760955,3
744,2571,3.4622994772366176,5
744,3156,3.0,1
746,173,2.345905665351828,1
746,457,3.1503885932368267,3
746,1090,3.2565446254889516,3
746,1207,2.818148240114367,2
746,1266,3.294232380767478,4
746,1431,2.2627392495313026,3
746,2090,2.4122441442934175,2
746,2141,2.665461251158524,3
746,2273,2.412936023462102,3
746,2842,3.0,3
746,3174,3.35501673921467,3
746,3249,2.389144055154608,4
746,3273,2.5295574350692696,2
747,260,3.4675426236054627,4
747,1210,3.4641542158916105,4
747,3624,4.0,3
748,589,4.206044240039074,4
748,1969,2.190286650780032,2
749,593,3.479803429779321,5
749,849,3.0667949431279675,3
749,1083,3.0,4
749,1388,2.972705970394516,4
749,1389,2.841006535655269,3
749,1920,3.3256514144463765,3
749,1977,2.7663053589346775,3
749,2028,3.4688400518148734,3
749,2085,3.4241062392876747,3
749,2605,3.6648132471675274,4
749,2640,3.277618935032527,3
749,2694,3.2855662160195327,2
749,2863,3.642014246025139,3
749,3418,3.462607910983172,4
749,3624,3.0,3
749,3826,3.3146315657268146,3
749,3897,3.4909303193522017,4
750,17,4.539311222860393,5
750,1225,4.0,5
751,3566,3.0,1
752,18,1.0,4
752,268,3.0,4
752,322,4.46543419839549,3
752,348,3.858336461449547,5
752,450,2.4344153057452673,1
752,532,2.7798475135713154,4
752,605,2.534821698231581,1
752,765,1.4848935759970106,1
752,780,2.6342757522920146,2
752,924,3.2133606666677523,1
752,1080,3.317668974784667,3
752,1151,3.0,1
752,1225,3.332114352324047,3
752,1422,1.7405244563764557,3
752,1735,3.0282229728209717,2
752,2124,2.887826283694749,1
752,2240,2.6047867132717464,1
752,2355,3.000866226347263,4
752,2447,2.3629929682401154,1
752,2469,2.636991304495325,3
752,2610,3.0,4
752,2757,3.0,5
752,2976,3.7835764899729862,2
752,3141,3.0,3
752,3243,2.072078956225175,1
752,3426,3.0,4
752,3508,3.19655837543359,4
752,3743,1.0,1
752,3761,3.0,1
752,3863,2.9048733302210255,2
753,1385,3.607980525959934,3
753,2335,3.6668499518203634,3
754,2278,4.350685577254388,4
754,2396,3.9151254717881216,4
754,2871,4.26928030485252,3
754,3175,3.964555960309569,3
755,913,4.386175385791995,3
756,593,4.021889623316473,5
756,3362,4.319830742847239,5
757,253,3.5496961611917834,4
757,256,2.656689770039031,2
757,349,3.5791497317645704,4
757,805,3.7389319431266395,3
757,1197,3.6881162862909185,4
757,1416,3.0,4
757,1722,3.560333465770661,3
757,1994,3.5863622868362697,3
757,2560,3.0,3
757,2762,3.5027886725818225,5
757,3033,3.483069477537696,4
760,611,3.0,4
760,1219,4.203768181541698,5
761,924,4.527623245530062,5
763,1213,4.143517154557039,4
764,1334,3.8311563494078396,5
764,2093,5.0,5
764,2761,4.8311340740383075,5
765,161,4.033676656121606,4
765,356,3.888270122003878,5
765,457,3.859013020229236,4
765,539,3.9919387054694835,4
765,711,3.0,3
765,1101,3.831613827742094,4
765,1562,3.6637568268987524,3
765,1748,3.6193283722437894,2
765,2517,2.7592471408100554,3
765,3836,3.7958616214970884,5
766,2746,3.8922233510042217,2
767,153,4.272388907215299,4
767,1007,4.0,4
767,3102,4.0,4
768,1619,3.0,5
768,1704,4.616006383015268,5
769,905,4.0059139225249565,4
769,940,4.0,4
769,1231,3.9881889652285403,3
770,420,2.7096283814392734,3
770,833,2.6441258720344876,3
770,1042,3.556705758020842,3
770,1080,3.7483217065388414,3
770,1188,3.080981698495128,1
770,1208,3.6508342065191357,4
770,1468,3.0,1
770,1676,3.043415032643243,3
770,1918,3.2594930829117152,1
770,2078,3.460181365321052,4
770,2366,3.349140857986222,2
770,2394,3.4526287257178176,4
770,2412,2.20917558650839,1
770,2470,3.406911627934963,5
770,2605,3.281822609997282,4
770,2990,3.1126682621151875,3
770,3256,3.0507444287524095,3
770,3471,3.5410537173642247,5
771,1284,4.0,5
772,1591,3.8674065519226346,3
772,1968,3.8997002538127252,5
773,2699,3.3066167063098977,3
774,34,3.46321593396679,3
774,1197,3.524122031688283,4
774,2617,2.8379894130091006,3
775,3785,3.0,4
776,2206,4.729394234592398,4
776,2694,3.2182794075657286,1
777,79,3.0,3
777,473,2.7909324433674887,3
777,836,2.841155623837316,3
777,1644,2.575077037677849,2
777,2050,2.8655442009081735,2
777,2082,2.4763716421166304,2
777,2167,2.8090866135377386,2
777,2321,2.6851137460364725,3
777,2413,2.6643218829936104,3
777,3327,3.0,1
777,3450,2.916183721590261,2
777,3698,2.698984088473084,3
777,3753,3.2397814962262625,4
778,420,3.345893147124457,2
778,733,4.056696324323135,5
778,1552,3.952529666643401,4
778,1608,4.045699956139423,4
778,1610,4.161074773256254,5
778,1769,3.1067594966803576,3
778,2642,3.796709646358304,2
778,2858,4.460915978744262,5
780,1,3.7462681790176564,4
780,170,3.4763659345180695,3
780,471,3.5323905640216804,4
780,1367,3.0,3
780,1590,3.5478228214135807,2
780,1606,3.010454458706353,3
780,1754,3.6297851704139,5
780,1792,3.518488599906176,4
780,2048,3.5114608374310516,4
780,2316,3.2838745341141102,3
780,2759,3.0,3
780,3439,3.2617820242140287,2
780,3699,3.8239845724511556,3
781,3256,3.320521011018729,4
781,3263,3.6246644161312167,5
783,1097,3.6149898941889367,4
785,173,3.4561272767380675,3
785,1101,2.81141726754573,1
785,2322,3.351037035773412,4
786,316,4.110652037801122,3
786,589,4.191845604925031,5
787,104,4.294140480339343,4
787,1732,4.307124036253916,5
787,3596,3.0,1
788,66,3.0,2
788,196,3.432058054039281,3
788,327,3.7157392822787543,3
788,356,3.5477980386464854,5
788,587,3.541727332734888,3
788,2116,3.704643257278219,2
788,2643,3.5174730411441004,3
788,3087,3.495695389995266,4
789,2396,3.446654512934325,4
789,2490,3.2236059695605768,4
789,2694,3.2835135365228045,4
789,3471,3.9140848467915004,5
790,500,4.668976998331838,4
791,708,4.087212048616145,4
791,1207,4.7365496715177775,5
791,1380,4.113831741502013,4
791,1438,3.3215746672079733,4
791,2145,4.143294492765327,4
791,2396,4.3055527030474305,5
791,2641,4.077809001875928,4
791,2997,4.380769648713488,5
791,3253,4.2030162638086574,5
791,3361,4.283018478610753,5
791,3671,4.29629192662359,5
792,2318,3.0,3
792,2580,3.5457635135142125,3
792,2694,3.291033091993169,2
792,2997,3.7300237286618416,4
792,3510,3.875608498886551,2
792,3753,3.8422183978274274,3
793,531,3.0,3
793,1286,3.0,5
793,1422,5.0,3
793,2396,3.600645221309532,4
793,2431,3.6565632606274394,4
795,804,3.0,2
795,1259,3.7028086914079266,5
795,1643,4.4980604564486555,5
795,1747,3.5875520740059583,4
796,260,3.166657748192412,5
796,1081,3.004355865480287,3
796,1097,3.1157285150077065,3
796,1196,3.0975901148271627,4
796,1207,3.017014484809501,4
796,1291,2.9951428683857864,3
796,1374,2.652025828291653,3
796,1690,2.5429979927197226,3
796,2872,3.1035029535606173,4
796,2971,3.2191189816217447,3
796,3504,3.423015839383004,4
796,3526,2.9347259981936125,1
796,3952,3.0,3
797,1198,4.131259482317797,4
797,3244,3.7540070095668967,3
798,1025,3.99553328610159,5
798,2469,3.434874120044275,4
798,2639,4.418191280618973,4
798,2746,3.0496734544713235,2
798,3432,1.3032025308714215,1
799,3160,2.8834518600795933,4
800,471,3.24494933714914,4
800,1199,3.5170368245233883,3
800,1372,3.530180891537976,5
800,2111,3.9234927593525675,4
800,3155,3.0,1
801,322,4.0,4
801,454,3.5921512743290243,3
801,523,3.0,4
801,948,4.50455044333086,4
801,1213,3.755027604422358,5
801,1968,3.5256238632149346,3
801,2926,3.6291927440331455,4
801,3168,3.910679632160147,3
802,608,4.248368447141432,5
802,788,3.955709406316042,4
802,903,4.393361944992256,4
802,1206,4.195039827671644,5
802,1234,4.270167977894322,4
802,1292,4.305772138572224,4
802,1674,4.278011206332839,4
802,1835,3.910254932506859,4
802,2248,4.235184997512934,4
802,2391,4.362539414794536,4
802,2683,4.0168199100593736,4
802,2688,4.178642481882325,4
802,2826,3.8957315534058403,4
803,1275,3.808889558622664,5
803,3703,3.804767201439736,4
804,1562,1.0,1
804,3911,3.5362769503088973,5
805,1210,3.706990393894369,4
805,2248,3.570239901381371,2
805,3408,3.438852766917999,3
806,2937,5.0,5
807,3594,3.0,4
807,3793,2.0,5
808,1200,3.9535532120711423,5
808,1339,3.7436116082025017,5
808,1361,3.0,4
808,2947,3.962753335646251,4
808,3078,3.0,2
808,3696,2.4025161173044394,4
809,1777,4.326655377186647,5
809,2108,4.308199499620314,5
809,2567,4.4264875339790635,4
810,198,3.609461586569528,2
810,678,3.0,4
810,3418,4.078183669188029,5
811,1214,4.305892240146309,5
811,1276,4.331753314683215,5
811,1411,4.48730487675077,4
811,2858,4.208623272754344,5
812,3160,3.5225643549363554,4
813,180,3.609132079735307,2
813,539,3.556099321975757,3
814,912,4.310907425241186,4
815,2858,4.785842480341111,5
816,1258,3.806273506914993,5
816,1282,3.838018207409133,5
816,2455,3.692744049225073,3
816,3022,3.0,3
817,39,4.514897652820423,5
817,457,4.3537970750384565,5
817,532,3.7564208012920233,5
817,553,4.436590189967137,4
817,590,4.417107446558995,5
817,711,3.0,3
817,1391,4.178244943749461,3
817,1588,3.8371603997740715,5
817,2059,4.502461844328263,4
817,2141,4.290718074101098,5
817,2144,4.599755569223281,5
817,2163,4.0,4
817,2243,4.646087786844223,5
817,2352,4.715697502376894,4
817,2518,4.5930634319838335,4
817,3623,4.489987570983583,5
818,6,4.259889616172053,5
818,110,4.0993654729451725,4
818,2268,4.215348889544485,4
818,2490,3.234341485622692,5
820,2287,3.7049680476659326,2
820,2681,3.0,5
820,3354,3.1985376422661567,3
822,1,3.8170834849403894,5
822,105,4.514171602630277,3
822,539,3.851496386212879,4
822,1234,3.739365150545084,2
822,1286,3.0,4
822,1393,3.783448548243161,3
822,1537,4.0,3
822,1732,3.6822983332694443,4
822,2011,3.8155662357426543,5
822,2096,4.097605968901063,3
822,2469,3.7891673495522964,3
822,2707,3.3429289344344255,3
822,3499,3.8206558632516052,3
822,3591,3.8113280001822365,5
823,296,3.9552260128220977,4
823,1476,3.684224931860999,3
823,1923,3.858034454861781,5
823,2395,4.0200052645440305,4
823,3507,3.9009940020501372,4
823,3893,4.0,2
824,912,3.994860345643521,5
824,1148,4.007720205179107,4
824,1171,4.0,1
824,1271,3.492146785134476,4
824,1961,3.7603583340577864,4
824,2011,3.494307192867255,3
824,2112,4.089834059724733,3
824,2987,3.660720093108685,4
825,2732,3.0,1
825,3789,3.0,2
826,2859,3.0,5
828,1895,3.517425270983631,4
828,2060,3.0,3
828,3510,3.5863534161508124,3
828,3861,3.0,3
829,50,4.429197401239238,5
829,904,4.048681140729623,4
829,913,4.395675480005995,5
829,969,4.378015203369519,4
829,1223,3.0,4
829,3435,4.404797894922787,5
829,3793,3.9939813549546663,4
830,1965,3.5594361528377396,3
830,2747,4.303699581741626,5
830,3927,3.6540129117929006,3
831,3927,4.0,4
832,21,3.664955853914681,4
832,373,3.0,4
832,1194,3.0,4
832,2247,3.8733766484327603,2
832,3884,3.0,3
832,3893,4.187080783742302,4
833,1704,4.282021751359043,4
834,1265,4.256906689295019,2
836,661,2.775482939178037,2
837,1267,3.3914412895837285,2
837,1292,3.41604266495826,1
838,2333,4.670093145057019,5
839,508,4.265839248384104,4
839,1101,4.080038630215326,3
839,1173,5.0,2
839,1200,4.232142145074322,5
839,1371,4.017977672626257,4
839,1556,3.1331041847680607,2
839,1730,3.0,4
839,2384,4.69810879368644,4
839,2561,3.0,3
839,2901,4.46306674385402,4
839,3006,4.485817088852664,5
839,3267,4.385164099229776,4
840,994,5.0,3
840,1348,3.0,4
840,2114,3.61772177873589,4
840,2313,4.506700806417827,5
840,3397,4.303563635351247,4
840,3812,3.0,5
842,2580,4.141369729880548,4
843,1136,4.129403705921953,5
843,1485,4.094201571729949,4
843,2100,4.037868331434752,4
844,788,2.751166536171874,1
844,1411,4.0,5
845,593,4.195452726404906,5
846,648,4.107026896055568,4
846,1965,4.349419233489925,3
846,2001,3.637863546683864,5
846,2054,3.6484077001349644,4
846,2521,3.0,3
846,3521,4.523025483422366,5
847,2395,3.843867171074311,5
848,1265,4.318023160994192,3
849,1278,3.541138232721888,3
849,2001,3.513974074835925,3
849,2867,4.5827687235130385,3
850,136,3.0,4
850,936,4.0,3
850,948,4.015963864553469,4
850,1066,3.0,5
850,2137,3.667677399611055,3
850,2529,3.345321420650173,3
850,2535,3.6274951625175005,4
850,2580,3.9079946239176375,4
850,2715,3.0,2
850,2762,3.335487966511997,3
850,3786,3.0,4
851,512,3.9832233628609464,3
851,1779,3.608067246120382,2
853,3256,4.018981356573693,5
854,236,3.4787564898662495,3
854,346,3.0,3
854,371,3.0,3
854,539,3.4762367254873787,4
854,866,3.394690406151367,4
854,1041,3.640973619310077,3
854,1393,3.4241469408374563,4
854,1883,3.38051738175983,2
854,2145,3.677481926300761,4
854,2262,3.0,4
854,2266,3.667048586490679,3
854,2296,3.0,1
854,2321,3.111050746157742,3
854,2336,3.5048433689224168,3
854,2443,3.0,4
854,2840,3.0398345421552198,2
854,2950,3.2820442279683983,2
854,3113,3.008201787443821,2
854,3206,3.0,2
854,3258,2.7045688572857167,3
855,7,3.321107937031358,3
855,174,2.0,2
855,177,2.7108889039580224,3
855,252,3.2888344100742217,3
855,342,3.757099716435949,3
855,710,3.0,2
855,1043,3.0,3
855,1235,4.043243525113894,5
855,1304,3.7526585717147736,4
855,1584,3.5698142321625888,4
855,1922,3.0,4
855,2005,3.4613692357595744,4
855,2413,3.3784106426368767,3
855,2442,4.0,4
855,3039,3.5982463043735833,4
855,3257,3.235165355443597,2
855,3819,3.0,5
856,3357,3.0,4
857,3334,4.263259623042927,4
858,1375,4.23080256192253,2
858,2287,4.999999999999999,5
858,2532,4.47789912944624,5
859,196,3.2512111435248094,2
859,1972,3.2545483306058856,3
859,2393,3.3467614819842075,2
859,2793,2.866501130121019,3
860,1997,3.8854377528250756,5
860,3908,3.0,4
861,1297,4.591227195876434,5
861,2470,4.015259687148785,3
861,3868,4.383698780004889,5
862,2575,3.0,5
862,3429,4.0,4
863,1215,4.402298240204991,4
863,2019,4.269991897142783,5
863,2571,4.313815265918555,4
863,2947,4.374210957700324,5
864,296,4.474502992738305,4
864,922,4.374921505421205,4
864,924,4.352634844184607,5
864,955,4.42376106135499,4
864,1028,4.270711745050529,4
864,1092,4.492628113114568,2
864,2912,5.0,4
865,474,3.4160894660874184,5
866,3147,4.295454613993641,5
867,260,3.8338335788482802,5
867,2145,3.160572580615937,4
868,1214,3.5891788251068464,3
868,1345,3.5949815444711164,4
868,1985,3.796187007795547,4
868,3926,3.000000000000001,3
869,34,4.221754978096782,5
869,552,4.0134372309622846,4
869,611,2.532000390279131,1
869,969,4.174241107782036,4
869,1035,4.226696287234298,4
869,1334,3.4876412674377093,3
869,1372,3.993044904906702,4
869,1970,2.8123249860641835,2
869,2081,4.079995006641095,5
869,2142,3.4165099554082357,3
869,2167,3.980786879438796,4
869,2193,3.8823973484975127,5
869,2328,3.2171899863250037,4
869,2338,3.034076663113176,4
869,2556,3.0,3
869,2581,3.8929315421802357,5
869,2645,3.555351862370152,3
869,2793,3.422493124999828,4
869,2860,3.0,4
869,2995,3.601600551935981,3
869,3155,3.0,3
869,3553,3.0,4
869,3754,3.0,4
869,3760,3.0,3
869,3869,3.909324601310984,4
870,19,5.0,3
870,1270,3.9152026321413445,4
870,1961,3.8529570934016193,5
870,3911,5.0,4
871,3081,4.116742170566514,4
873,265,4.1496172335409245,4
873,3168,3.6579962971592437,3
873,3406,3.0,4
874,858,4.339539143323059,5
874,2453,3.0,4
876,21,4.0150738309752185,5
876,1275,3.882910086318119,3
876,1624,3.0,4
876,2406,3.9057046361319347,4
877,435,3.202644081485148,3
877,593,3.934991313027759,5
877,1120,3.8262851042481083,4
877,1268,3.7116628385786234,4
877,1377,3.516380190021808,5
877,1500,3.832698839267434,4
877,2000,3.65100160069264,4
877,2028,3.874481057480469,3
877,2100,3.596795193637288,3
877,2355,3.8386903383507995,5
877,2518,3.71002922365345,3
877,2615,2.762748487998464,3
877,2880,3.550086636550486,3
877,2987,3.69152181977528,4
877,3308,3.452053938569424,4
877,3505,3.879681354127339,4
877,3869,3.0871096402533826,4
878,185,4.708547643605197,3
879,900,4.757822045931134,5
880,2053,2.789649726276158,3
880,3911,4.523803191271742,5
881,42,4.0,3
881,62,3.347128322193188,3
881,89,2.6900182863254742,4
881,95,3.0927785649199624,1
881,107,2.0,3
881,163,3.2005351331137932,5
881,480,3.3635818603767182,3
881,673,2.8370125733682725,2
881,736,3.1926022120064204,2
881,1390,3.0,3
881,1552,3.154703543135693,1
881,1845,4.32159702937913,3
881,1858,3.1634665722756297,2
881,2006,3.1675323555215775,2
881,2396,3.4074024501466096,2
881,2412,2.8781118930633274,2
881,2600,2.752380046938257,4
881,2700,3.710718274322104,3
881,2997,3.533969081847874,5
881,3256,3.209696546439259,4
881,3365,4.294390117364579,5
881,3857,3.0,2
882,3159,3.0,5
884,924,4.77187104929566,3
884,2028,4.7381788062763395,5
885,1197,4.436424742080858,4
885,3114,4.002516909747349,5
886,3241,3.0,4
886,3893,4.226927179788723,3
887,272,4.025649282364356,4
887,492,3.0,3
888,2142,4.0,4
888,2700,3.8660591204147274,4
888,3793,3.932991664458391,4
889,218,3.0,3
889,232,3.6509908049831417,4
889,277,3.0,3
889,293,3.377014004351022,3
889,308,4.0,4
889,559,3.0,3
889,778,3.2680562753058227,2
889,907,4.691853609405574,4
889,997,3.0,2
889,1101,3.1864286689447816,2
889,1131,4.0,3
889,1230,3.8045920380764335,4
889,1257,3.2475644620544837,3
889,1812,3.0,3
889,1972,2.1455395204743466,2
889,2028,3.3266611988824137,3
889,2105,3.12957191132837,3
889,2108,3.292037350824543,3
889,2116,3.1909426281770648,2
889,2291,3.2540991171081073,3
889,2338,2.7629741277986977,2
889,2344,3.0,3
889,2369,3.350186711682893,3
889,2407,3.0069144973362207,2
889,2629,3.0,2
889,2719,3.0059685017977764,2
889,2863,3.9741853394579785,5
889,2915,3.4015358591940426,3
889,2921,3.58763575119446,3
889,2997,3.438041331932448,4
889,3006,3.4624534215811225,4
889,3286,3.0,2
889,3358,3.138750456438027,3
889,3405,3.0,3
889,3417,3.0,3
889,3473,3.0,2
889,3475,3.5845298851219995,5
889,3554,3.0,1
889,3556,4.0,1
889,3581,3.0,2
889,3678,3.0,3
889,3785,2.814216542322739,2
890,2,4.479315943701444,5
890,1682,4.330648186105241,4
890,1835,4.091111328521456,4
890,2089,4.403064454722745,4
890,2355,4.390999478999975,4
890,2539,4.395258579424668,3
890,2571,4.315044664261593,5
891,1683,3.683696499006278,5
891,1721,4.042987661976541,5
892,924,4.349528422045942,5
892,1304,4.3089558676581365,5
893,164,5.0,3
893,480,3.4447079218605317,4
893,3534,3.2370803306874034,4
893,3581,3.0,3
893,3617,3.0,2
895,345,4.524221044161948,4
895,1883,4.191102207279377,4
895,2700,3.8068611056989474,3
895,3298,3.0,4
896,1,4.0277866987161834,4
897,318,3.838942348524579,5
897,1721,3.8251395404337782,4
897,3253,3.782934967288471,1
897,3418,3.8554016557211943,4
897,3916,3.8826141775956815,3
898,527,4.064136657034992,4
898,1673,3.8222581901143933,1
899,1,3.851965977658571,4
899,537,3.0,2
899,1136,3.857318464813842,5
899,1268,3.8394285130774333,4
899,1286,3.011980930065718,2
899,1297,3.546389446225802,4
899,2067,4.420525654023506,5
899,2125,3.695654599931677,3
899,2407,3.33745089690302,3
899,2424,3.613089053323436,4
899,3033,3.349533333886244,2
899,3088,4.231697415062289,4
899,3824,3.0,2
901,2574,3.0,3
902,1221,4.769965397427386,5
903,2762,3.2240289598440834,4
903,2959,3.1121785392220365,3
904,377,3.1154326827618646,4
904,1215,3.2948915674559793,2
904,1644,2.8367965690682704,3
904,2423,3.4782633167089636,4
904,2916,3.690207701908582,2
904,3837,3.0191645268956835,3
905,674,3.716372326130973,3
905,1411,4.666624617433548,4
905,3702,3.789076964509687,5
909,3755,3.406515481933303,4
910,432,3.0207989747619486,2
910,2712,4.0,1
911,230,3.717000274936924,4
911,923,4.136670042197761,4
911,1030,3.598131745152597,4
911,1201,4.089962023373559,4
911,1293,4.119990287650843,5
911,1370,3.9337741769890378,2
911,1625,3.8939422400679953,5
911,1772,3.0,3
911,1876,3.8747535824945163,4
911,2401,4.0,4
911,2890,3.9407914197509655,4
912,2599,3.816424546778826,5
912,3545,3.474021938105564,4
913,1242,3.543987089121846,5
913,2137,4.252281358803641,5
914,678,3.0,5
914,2324,4.291899689325425,4
915,21,2.9018691196309963,3
915,524,3.447922253798732,4
915,1259,3.5327519633473448,4
915,1970,1.335542686158945,1
915,2723,2.8342955724045864,1
915,3107,3.297166534583472,3
915,3257,2.8970507602217315,3
916,1196,4.1222618784032194,4
916,1380,3.9172729339193846,4
916,3526,4.012086394730293,4
918,207,3.3971812770079883,3
918,590,3.1109389423467517,3
919,427,3.0,2
919,1035,4.022617369621395,5
919,1135,3.9316134542565537,4
919,1247,4.16055806443395,4
919,1394,4.063250482755928,4
919,2266,3.0,2
919,2291,4.052119551720654,5
919,2369,4.132130372121103,4
919,3098,3.9648046805811625,4
920,590,4.034184205592064,3
920,780,3.9057853569314744,5
920,3174,3.6640090653063084,5
921,2371,3.641921312755801,2
921,2396,3.890894863917516,4
921,2455,3.913150850890753,5
921,3210,3.80605827192372,4
921,3480,3.0,3
922,516,3.0,1
922,647,3.8224312740010142,5
922,900,3.703809651491376,2
922,905,4.236420339524306,1
922,912,4.2700525092780675,5
922,2333,4.37755410047562,4
922,2387,3.0,1
922,2729,3.0052663281478864,4
922,2890,3.9847891421737156,4
922,3006,4.133444974373341,4
922,3318,3.0,5
924,215,3.0,4
924,902,3.951450919423088,4
924,1094,4.061459553869468,4
924,1374,4.098485899949784,4
924,2692,4.191151761966742,4
924,2729,3.0,3
924,2908,4.248601671069597,4
924,2987,4.1175271087834036,4
924,3930,4.0,4
925,648,3.2951552815465988,3
926,260,4.369432643407368,5
926,908,4.54764936109315,5
926,2080,4.330453408289751,4
926,2273,4.443973951976141,5
926,2720,4.0,4
927,19,3.531338351363373,1
927,293,3.7873608617396486,3
927,2997,3.5954678633293478,1
927,3257,3.5608992538426003,3
927,3753,4.001396576016071,5
928,527,4.479368580908076,5
928,1103,4.55620884179358,5
928,3504,4.663557774789377,4
928,3951,3.0,5
929,852,3.0566068483046984,2
929,1372,3.6891623745354654,3
929,2762,3.6012504385995454,3
929,3685,4.117254103551162,4
929,3871,5.000000000000001,4
930,1620,3.2714958874468145,4
930,1845,3.0,4
930,1912,2.6468293543401433,5
931,84,3.0,3
931,1932,3.0,4
931,3654,3.6890282514514645,5
933,277,3.0,4
933,594,4.130009572996914,3
933,2396,4.2208966636642185,4
933,3793,2.6435012298988383,4
934,107,3.0,2
934,784,2.7486225418872103,3
934,1242,3.6141369374801977,4
934,1393,3.4043325603778936,5
934,1580,3.3749711508300204,5
934,1821,2.962246259847695,3
934,1845,5.0,2
934,2248,3.610177541468409,3
934,2331,3.0,2
934,2409,2.890542656363638,3
934,2478,3.1949420762129597,1
934,2791,3.3545421910358035,4
934,3109,3.0,3
934,3388,2.699463726559593,3
935,546,2.732898749408039,2
935,1480,3.0,3
935,1544,3.579000577209108,3
935,1792,3.510845971866491,3
935,2028,3.841213826832697,5
935,2463,3.8081097982176,3
935,2827,3.0,2
935,2841,3.454731855196873,4
935,2866,4.0,4
935,3016,3.0,4
935,3705,3.370961840296944,3
935,3827,4.0,5
936,1,3.788443375177436,4
936,2694,3.4161769015024905,3
937,544,4.0,2
937,1983,3.027177285701459,3
937,2529,4.082391746603709,5
937,3160,3.9551433109807426,5
937,3318,3.0,3
939,490,3.0,2
939,1077,4.30057052417101,4
939,3795,3.0,4
940,258,3.0,1
940,608,4.206237649452942,5
940,2762,3.614484217708251,5
940,2836,3.0,4
942,337,4.131307653620793,5
942,2324,4.238800633577283,4
943,1573,4.4977893532135145,5
944,2580,4.808410146580652,4
945,1704,3.829701032137318,5
945,2686,3.3226528935639528,2
945,2805,3.6534187517430183,3
945,3081,3.1013761484655467,3
945,3098,4.063911533807363,5
945,3623,3.9547134437877776,3
946,904,3.0,5
948,368,3.52228585872419,4
948,737,2.566027873152288,3
948,1653,3.591464561296381,3
948,1784,3.61409994496444,4
948,1961,3.9040518619880586,4
948,2476,3.9527910745403676,4
948,2642,3.562419379089278,3
948,2918,3.522777188802589,3
948,2939,3.0,4
948,2944,4.1357532493138285,3
948,3034,4.306092226876984,4
948,3461,3.0,4
948,3836,4.085806894939152,4
949,208,3.8521883831301245,3
949,260,4.210962797860961,5
949,653,4.056089332505286,4
949,1198,4.141483898284326,5
949,1301,4.6278741078349155,5
949,1334,4.359911343017699,3
949,1370,3.9623124272815438,5
949,1772,3.0,3
949,2167,3.925128924713843,4
949,2288,4.359861198895544,4
949,2355,4.189335358656668,4
949,2535,3.5597170840590433,3
949,2665,4.325984267771869,4
950,2571,3.4381055101381093,5
952,1465,3.0,4
952,2289,4.18153462208986,5
952,3246,3.6587604047830595,5
953,1,4.809112219586562,4
953,1416,3.0,5
953,3091,3.0,3
953,3864,3.0,5
954,318,3.783944915085202,5
954,923,3.817495532794948,5
954,1097,3.7380832744725305,4
954,2396,3.7375021727067748,3
955,318,3.9776979690353262,5
955,1097,3.8994201815565277,4
955,1196,3.8807735716608347,5
955,1287,4.124381106010389,5
955,2054,3.3520118329692385,3
955,2622,3.0,4
955,3039,3.911517535998561,4
955,3635,4.112400442725667,4
956,527,4.184775627425778,5
956,531,3.0,4
956,594,4.100875031456446,4
956,1022,4.109882056973554,4
956,1584,4.114593480447863,4
956,1914,3.0,3
956,2941,4.279551759813594,4
957,923,4.730820567604783,5
957,1136,4.644116343588524,4
957,1183,4.562974682721678,5
957,3615,3.0,4
958,1270,4.010951446515318,2
958,1977,3.0,1
958,2333,3.748772265832243,4
958,2488,4.0,4
958,3521,4.0,4
960,1345,4.583379228012678,3
960,1704,4.15820493390159,4
960,2431,3.5796595820800468,1
960,2442,3.0,4
962,50,4.2347179394444225,5
962,3565,3.0,3
963,34,3.646917096037242,5
963,110,3.6936521745675432,5
963,337,3.7154016704363224,4
963,339,3.2422881666196814,3
963,471,3.483601214410309,4
963,1375,3.592006592932097,3
963,1396,3.5975774767902027,4
963,1961,3.80730473321384,4
963,1968,3.6241922179720887,1
963,2288,3.6790108798461074,3
963,3052,3.593747481712155,4
963,3175,3.6332077391606337,4
963,3526,3.675725802443322,4
964,342,4.083588325878691,2
964,2671,4.140343759646107,4
964,2997,3.905385912777578,5
964,3358,4.242219817298365,4
964,3897,3.9531078769842765,4
965,1193,4.188012851816541,5
966,214,3.0,5
966,232,4.349009195016858,4
966,3148,3.9169785302905047,1
966,3173,3.9875910320565646,4
966,3893,4.535917523979877,3
967,1580,4.017718636170024,3
967,2710,3.179534927793735,4
968,1537,3.0,4
968,2318,5.000000000000001,4
968,2633,3.0,3
970,103,3.0,3
970,163,3.5258335138987995,4
970,303,2.794048130966684,2
970,587,3.8309485277128985,3
970,707,3.0,4
970,990,2.0,3
970,1752,2.6574594181634588,3
970,2410,3.6810392326649843,4
970,2735,3.1214222103331295,3
970,2763,3.409232813129842,4
970,2916,3.5731246185593917,3
970,3510,4.193354600915846,5
971,608,3.7711001809836615,4
971,904,3.8788191133931615,4
971,1339,3.43527722521006,3
971,1391,3.2137477268999777,3
971,1603,2.814453708901974,2
971,3476,3.7447488044444355,3
972,551,3.388646346938346,4
973,246,3.6597200923432607,5
973,590,3.4486883826680326,4
973,728,3.0,5
973,919,3.4330444533271063,5
973,1198,3.2779547389780075,4
973,1228,3.4128434414264412,1
973,1357,3.540409615246235,5
973,1961,3.363872097917588,4
973,2693,3.0,4
974,2359,4.21420298994042,4
975,64,3.0,2
975,316,3.3797674955644026,2
975,589,3.4473045346513422,4
975,914,3.7651529467555984,3
975,1213,3.5456197692349,3
975,1220,3.4133045416522276,2
975,1276,3.4959772570362695,3
975,1653,3.519862747368421,3
975,2572,2.825274569484796,1
975,3834,3.0,2
976,968,4.0,4
976,1210,3.9869472985691012,3
976,2763,3.1685639962866046,4
977,21,3.607703293157099,4
977,198,3.311600701297855,3
977,680,3.0,4
977,1247,4.043336387121829,4
977,1276,4.208834019463086,4
977,1997,3.96641246735715,5
977,2657,3.625593409087333,2
977,3269,3.0559173509439486,2
979,2094,4.222659820456818,3
980,10,3.323573743061832,3
980,969,3.931021850442804,3
980,1219,3.797744846878833,5
980,1374,3.651887804222745,2
980,2628,3.3032779884484706,3
981,87,3.0,2
981,1204,3.5520973656558,4
981,1282,3.3847265436765634,3
981,1297,3.3306391156421897,3
981,2174,3.226650332400437,2
981,3481,3.5073378151429604,5
981,3819,3.0,3
982,1188,4.0811848577084655,4
983,2054,4.477098786669161,3
983,2858,4.275001697905542,2
984,62,3.6334210356330647,4
984,260,3.7805918837889,5
984,653,3.4340541612235778,2
984,1083,3.4971981398332312,3
984,1262,4.119732091926834,5
984,1263,4.002682806953582,4
984,1438,3.3037032871418712,4
984,1883,3.6646469720412735,3
984,1939,4.137000004688747,4
984,1947,4.032270326034776,4
984,2174,3.400349713464407,4
984,2268,3.6850518211163257,3
984,2355,3.638546840282912,3
984,2366,3.9213081894748343,4
984,2571,3.6696865580272036,4
984,2889,3.0,4
984,3360,3.809487503539254,4
985,1210,4.181127361169283,5
985,1617,4.556901219456636,4
986,199,3.0,4
987,924,3.942816944966467,4
987,1238,4.381989162808158,5
987,1674,4.105486676663988,5
987,2359,4.282722765791874,4
987,2469,4.072160458662097,5
987,2875,3.4938311061576406,3
988,1220,3.973379458149049,4
988,2321,4.292309415425674,4
988,3608,4.2210978069410166,5
990,223,3.3369317326430794,4
990,2683,3.0458835091861887,4
991,342,3.5676221292280794,3
991,911,4.207438212772129,5
992,3160,3.464896306569846,4
995,2100,4.1834931862066265,3
996,493,3.0,4
996,1198,4.08640501249372,5
996,1201,4.207502429420032,5
996,1407,4.014136814357025,3
996,2278,4.050692683316244,3
996,2672,3.4972101757542733,4
996,2951,4.41614722813847,4
996,3916,4.191634896918735,4
997,3253,4.373176338931319,4
998,2687,4.0,4
998,2813,3.0,4
999,145,3.179844358792851,4
999,163,3.5413279437086085,3
999,456,3.0,4
999,836,2.6251485350058226,2
999,1231,3.716741789929034,4
999,1727,3.0,3
999,1866,2.2429002493797396,1
1000,1201,4.236219915984945,5
1001,140,3.0,3
1001,1479,3.0398143773392357,1
1001,1673,4.137356532247149,5
1001,1721,3.6991677052924645,4
1001,1916,3.0,4
1001,1921,4.407162780147356,5
1001,2502,3.910949858968848,4
1001,2580,4.165482003916988,4
1001,2761,4.117106240514063,4
1001,3159,3.0,4
1001,3185,3.0,3
1001,3186,2.9354328077748066,2
1001,3299,3.0,2
1001,3328,4.0,5
1001,3825,3.0,3
1001,3854,3.0,4
1002,1393,4.30010093213391,5
1003,1196,4.347627627724728,5
1004,135,2.264771343734381,3
1004,173,3.01186708654328,1
1004,368,3.380895183004086,3
1004,420,2.8966734994193155,3
1004,500,3.3355526546906624,4
1004,653,3.490526312740321,1
1004,1073,3.4772956058038544,3
1004,1080,3.875909212947425,4
1004,1387,3.611311940209977,4
1004,1394,3.6108097295435364,3
1004,1702,2.4312292421286084,3
1004,1784,3.544213288265315,3
1004,1792,3.3860203997777734,4
1004,2046,3.3661350394318066,2
1004,2167,3.5199537991898744,3
1004,2414,3.383160526749514,4
1004,2879,2.3610643304646683,4
1004,3247,3.161981848612836,2
1004,3257,3.104963113715971,2
1004,3396,3.562233466442146,5
1004,3740,3.2944513654146492,3
1005,527,4.267610407218661,5
1005,2312,5.0,4
1005,2395,4.2184257826310025,4
1008,111,4.252006675488813,4
1008,2997,4.019581027534124,4
1008,3363,4.365344227634417,4
1009,3747,5.0,4
1009,3858,3.0,2
1009,3952,5.0,2
1010,19,1.7304220206391672,1
1010,110,3.0805261325924196,5
1010,504,1.3195529884241763,1
1010,1005,1.3344986472834943,1
1010,1079,3.0796340167172533,3
1010,1185,3.296286910981757,4
1010,1274,3.0445424135956016,4
1010,1302,3.1254610034181636,4
1010,1375,2.7526163833000763,3
1010,1625,2.978391312680948,4
1010,1694,3.804141826979333,3
1010,1748,3.01904423905651,4
1010,1806,3.0,1
1010,1911,2.524647781288008,2
1010,1912,3.4067230208271626,3
1010,1976,1.939505795920866,1
1010,2112,3.608354891160866,3
1010,2264,3.0,1
1010,2334,2.4079798688978475,1
1010,2348,4.283772560153307,4
1010,2376,2.7581070795061216,1
1010,2527,3.200047150670591,3
1010,2693,3.0,3
1010,2959,3.093001111274238,4
1010,2997,3.5092966272478474,4
1010,3418,3.1879714112731774,2
1010,3614,2.7265509769559353,3
1010,3897,3.651792481253791,4
1011,2797,3.9531957906492297,5
1012,1097,3.2702156776657723,4
1012,2083,4.028682198493937,5
1013,1968,4.092136130765845,4
1014,969,3.6024125671384213,5
1015,490,2.039192214535505,3
1015,521,2.482501144443649,3
1015,603,3.0,2
1015,762,2.5555332820349936,1
1015,917,3.0,4
1015,921,4.413431567560881,3
1015,997,3.0,4
1015,1150,3.0,3
1015,1218,3.0,3
1015,1227,4.545508290636904,5
1015,1260,4.528378804116389,5
1015,1263,4.423657850027382,3
1015,1270,4.032171591624678,4
1015,1288,4.190722636752159,5
1015,1300,4.252866311610653,4
1015,1498,3.0,3
1015,1836,3.0,4
1015,2424,3.8365708640045453,3
1015,2622,4.0,4
1015,2806,3.0,2
1015,2836,3.0,3
1015,3199,4.0,3
1015,3243,3.2959602532571406,4
1015,3760,3.0,4
1015,3811,4.08782776738415,3
1016,1449,4.147000373185205,5
1016,3083,3.0,5
1016,3163,3.0,5
1017,380,3.62403296632386,3
1017,903,3.9007809194228216,4
1017,1028,3.9261513957624334,5
1017,1987,3.0868612550318244,3
1017,1993,2.4660669847467727,1
1017,2163,3.002635699464617,1
1017,2301,3.771677215747617,3
1017,2367,3.7162167428708233,2
1017,2646,4.431967242039049,4
1017,3344,3.0,3
1017,3396,3.9131442537744308,1
1017,3665,1.0,2
1017,3843,2.1757594879064968,3
1018,318,4.395837842423642,5
1018,1722,4.286735854058483,4
1018,2406,4.34556284352202,4
1019,151,2.957568276044049,2
1019,233,3.0,1
1019,247,3.8924109126576942,3
1019,288,2.8887086364543646,1
1019,344,2.638659993059369,3
1019,435,2.4505536581459304,4
1019,482,3.0,2
1019,719,2.0993179522281724,4
1019,933,3.4492213166243273,4
1019,1197,3.101147821283784,4
1019,1266,3.3991607880056693,5
1019,1366,3.0,4
1019,1431,2.002833219804806,1
1019,1456,3.0,1
1019,1729,3.3334526754668583,4
1019,1836,3.0,2
1019,2074,3.0,3
1019,2529,3.2307736933162814,3
1019,2633,2.5423076465711025,3
1019,2859,4.640445736627756,4
1019,3048,3.3072208530565117,1
1019,3235,3.0,3
1019,3416,3.0,4
1019,3459,3.0,1
1019,3475,3.1923449747629613,2
1019,3728,5.0,4
1019,3739,3.0,2
1020,1945,5.0,4
1021,247,5.000000000000001,4
1021,541,4.86592423554185,3
1021,1204,4.892149507108831,5
1021,1206,4.845516095059515,5
1021,1224,4.67950993109777,5
1021,3366,4.321737537909117,4
1022,2861,3.0,1
1022,3163,3.0,2
1023,1035,3.9488849012231357,3
1023,1148,5.0,5
1024,1230,3.819617146253075,5
1024,3244,3.6561369765496043,4
1025,2694,4.194251664584122,5
1025,3114,4.117566834564925,5
1026,3556,5.0,4
1027,3173,4.009174462296441,3
1028,1547,3.0,4
1028,2005,3.6368318388792313,3
1029,1036,3.019471012149569,2
1029,1176,5.0,5
1029,1235,3.673195816362577,4
1029,1285,3.1727829437055273,5
1029,3569,3.0,1
1030,163,3.754601321383084,3
1030,380,3.7691799110197644,4
1030,733,3.733742125558228,3
1030,1196,3.9134086103705226,5
1030,1291,3.871394049430873,4
1030,1608,3.7148903582582213,3
1031,170,5.0,4
1031,260,4.160609688445658,4
1031,736,4.1272114399434825,4
1031,1376,4.10464019840237,4
1031,2532,4.266670055107692,4
1031,2662,4.248390687039973,5
1032,1,4.118235506015653,5
1032,159,3.0,3
1032,272,4.172428192629715,4
1032,913,4.385613775124276,5
1032,1695,3.0,3
1032,2916,4.123600862093735,4
1033,161,3.5501550017579517,4
1033,1272,3.7811165766837935,4
1034,592,3.626911687449259,2
1034,905,4.430052790018621,5
1034,951,4.363947954338132,4
1034,1196,3.7241268177335205,4
1034,2035,3.0,3
1034,2080,3.8150614918309156,4
1034,2340,3.0,4
1035,524,3.3320247813639026,5
1035,1003,2.0,2
1035,1589,4.372928392563564,3
1036,593,4.390795472095832,5
1036,3468,4.517208606965381,4
1037,3794,3.0,4
1038,838,4.0117599553188565,5
1038,1584,4.009116308319072,5
1038,2013,4.0,4
1038,2699,3.9372503414091193,4
1038,3160,3.9049750449469642,5
1040,1923,4.279521987012961,5
1040,2133,4.18668141496005,4
1041,3468,4.642703094563456,5
1042,2015,3.382413180471834,3
1042,3466,3.0,2
1044,1371,3.718754838163211,2
1044,2736,4.0,3
1044,2987,3.749008368725946,3
1046,316,3.8033974324708235,4
1046,2080,4.096124422327279,3
1047,1917,3.9445297377503463,3
1047,2571,4.018328323326297,4
1047,2628,3.6288333894458016,4
1049,17,4.689271869426333,4
1049,213,3.0,4
1049,1876,3.572694406402739,4
1050,248,2.511586602041996,2
1050,540,2.3745474492100986,2
1050,866,3.6344897053671565,5
1050,1042,3.269873029676473,4
1050,1584,3.260079397770023,3
1050,1721,3.315840079687469,3
1050,2002,3.0033985640017105,2
1050,2280,3.0,2
1050,2321,3.3216857051988216,4
1050,2329,3.7310725087379475,4
1050,3271,3.7214683234914765,3
1050,3835,3.0,2
1051,364,4.112025090143637,5
1051,372,4.030075968233968,3
1051,375,3.0,3
1051,520,3.288497075832312,3
1051,592,4.012555428579866,4
1051,700,3.0,4
1051,1064,3.6449817028743574,4
1051,1330,1.6529026265166802,4
1051,1629,3.0,2
1051,1653,4.1501938913059275,5
1051,2018,4.2606133979872105,5
1051,2037,3.0,3
1051,2044,3.0,3
1051,2058,4.082141732244808,4
1051,2120,3.041850757398565,1
1051,2321,4.058222847198788,5
1051,2446,3.0,1
1051,2456,3.2987512548294196,1
1051,2571,4.116564388818287,5
1051,2829,3.0,4
1051,2888,4.0,3
1051,2974,1.9498102634954944,1
1051,3114,4.292601295142798,5
1051,3186,5.0,1
1051,3318,3.0,3
1051,3571,3.0,2
1051,3852,3.0,4
1052,928,4.763167647814635,5
1052,1944,4.798178835717416,3
1052,2020,4.552776543769815,4
1052,3289,3.0,4
1053,407,2.0,2
1053,1129,3.852392972826527,4
1053,1201,4.016836396388217,5
1053,1909,3.9050434867287103,4
1053,2167,3.644989658085774,4
1053,2527,3.9639729591988813,4
1053,2951,4.11794189537562,4
1053,2989,3.9074901702004032,3
1053,3219,2.8664899268800124,3
1054,589,4.530503085426772,5
1054,2424,4.570024307520898,4
1054,3948,5.000000000000001,5
1055,1230,3.7637684784669942,5
1057,364,3.9461962219716544,4
1057,919,4.028847381611836,5
1057,1391,3.377928562319666,1
1057,2099,4.002870213933655,4
1058,512,2.7810663097394044,3
1058,1089,4.096791329034691,4
1058,1653,3.978255219796741,5
1058,1732,4.12791539531672,4
1058,2571,3.9354019577520414,5
1058,2662,3.6963314019935654,4
1058,2872,3.87832083960494,4
1058,3178,3.659761337716858,4
1058,3578,4.005229619173021,4
1059,110,3.0875808440725327,2
1059,260,3.1119818216481807,3
1059,317,2.431652802594282,1
1059,444,3.0,1
1059,1081,2.9347073966516075,3
1059,1097,3.0732051893476355,3
1059,1219,3.271956222312745,3
1059,1285,3.1712892656805205,3
1059,1673,3.4002141937263546,4
1059,1947,3.254383971687585,2
1059,2109,2.9553587669441357,3
1059,2395,3.4702921241647826,4
1059,3087,2.664263630567322,2
1059,3527,3.000801668025002,2
1059,3707,2.677926965359422,2
1060,95,3.69557149282533,5
1060,589,3.641376318917481,4
1060,3452,4.012936728101531,3
1062,926,4.764043295182935,4
1062,1299,4.5292105218513825,5
1062,1307,4.18046680598684,5
1062,2302,4.336129113112007,4
1062,2857,5.0,5
1062,3076,5.0,4
1062,3152,4.689269441091108,5
1062,3255,4.176309648531547,4
1063,1199,4.2289434275042925,5
1063,1380,4.321796421594388,3
1064,1231,4.102171282203241,4
1064,1617,3.897579674528978,5
1064,3623,3.9111782284152534,4
1065,2697,3.0,4
1066,915,3.410908009357578,5
1066,1204,3.863288882092127,5
1067,780,4.035989443019578,3
1067,1136,4.080487170476592,4
1067,2997,4.280731581087949,5
1067,3911,4.366091496302562,4
1068,175,4.646685828636515,4
1068,468,3.7842356011107112,5
1068,1073,4.015569899238921,4
1068,1246,4.051657341774721,4
1068,1988,3.0,2
1068,2017,4.5100893915515705,3
1068,2058,4.115981549491716,5
1068,2269,4.2100292857941675,3
1068,2330,3.0,5
1068,2699,3.8467757136574368,3
1069,166,3.0,2
1069,218,2.0,1
1069,463,3.0,2
1069,495,3.0,4
1069,507,3.0,4
1069,529,3.269489300089988,2
1069,1041,3.788550075550077,5
1069,1391,3.1308147030211955,4
1069,1437,3.0,3
1069,1600,3.0,4
1069,1633,4.019073056558806,4
1069,1659,3.0,1
1069,1726,3.0,2
1069,2271,1.0,2
1069,2316,1.4043631889969455,1
1069,2388,3.0,2
1071,1226,5.0,5
1071,1457,4.999999999999999,5
1071,2094,4.574411018844338,4
1071,2919,4.62193605595075,5
1071,3366,4.549987131588524,5
1072,150,4.148999964418649,4
1072,914,4.162615474564422,4
1072,945,4.019150232402048,4
1072,2881,4.185331184535937,4
1072,3114,3.6888482677329764,5
1073,265,4.346021375063575,2
1073,613,3.0,5
1073,919,4.158580432999188,3
1073,1293,4.809322595232747,4
1073,2291,4.117901893323228,4
1073,2369,5.0,4
1073,2396,4.146507936127708,5
1073,3095,4.072966380804466,5
1074,308,3.0,3
1074,527,3.5655370222173364,5
1074,1272,3.57104397929042,5
1074,2006,3.55693663061401,4
1074,2860,3.0,4
1074,3753,3.840037869871806,3
1075,912,4.141504863640453,5
1075,2028,4.21184589888504,4
1075,3081,3.0,3
1077,47,4.179610272814011,3
1077,272,4.2086686154690485,4
1077,345,3.3527360684586536,4
1077,555,4.217800354748874,4
1077,1228,4.321178537724622,5
1077,1285,4.081740417489131,5
1077,2731,5.0,4
1077,2848,3.0,5
1077,2918,3.8549000644977736,4
1077,3090,3.0,4
1077,3608,3.759344633446168,4
1078,802,2.9817476474407942,4
1078,3685,3.8505065091870265,3
1078,3699,3.85588237579042,3
1079,733,3.741384066658252,2
1079,1196,4.000493448695206,4
1079,1894,2.4285282809577327,2
1079,3175,3.6546146576096756,5
1080,2657,4.783746187815285,4
1082,590,4.542213310691267,3
1084,608,3.4594181236836654,5
1084,782,3.0,2
1084,1262,3.883469008606571,5
1084,1378,3.088346513634044,3
1085,474,3.1465034334397415,4
1086,47,4.149432700686887,4
1086,368,4.001378073348969,4
1086,1185,4.644986709406333,4
1086,3624,4.394690771116394,5
1087,994,4.004791448465583,4
1087,1086,4.916774338729893,5
1087,1262,4.467237102092328,5
1087,1270,4.006774809580209,5
1087,1376,3.7197628625183454,2
1087,1580,3.8712038638289306,4
1087,2533,3.6810921664723666,3
1087,2662,3.937855578120049,5
1087,2724,3.242526140440696,3
1087,3108,4.101101300398712,5
1088,52,3.663961037390782,4
1088,224,3.580746713785517,4
1088,227,3.496512782688731,3
1088,261,3.340546621025759,4
1088,710,1.0,1
1088,715,3.0,4
1088,742,2.8660862871042676,2
1088,780,3.5691891596138667,3
1088,923,4.241663902553641,5
1088,936,3.0,4
1088,969,4.258660256639249,4
1088,1263,4.166448446973459,5
1088,1299,4.216320442253794,5
1088,1722,3.5293511589735984,4
1088,1805,3.859330912575735,4
1088,2059,3.3962041125772853,3
1088,2300,4.312392625349469,4
1088,2433,3.3213582900054237,3
1088,2612,3.0,5
1088,2724,3.6012183869315484,3
1088,2793,3.120267555947209,2
1088,2881,3.2853019396403043,3
1088,3079,3.0,4
1088,3145,3.0,2
1088,3201,4.1838932538670495,2
1088,3721,3.0,1
1089,457,4.140540967210172,4
1089,2160,4.342801509006259,4
1090,1584,3.7286185728306758,4
1090,1645,3.7155977797283337,4
1090,3450,3.9485836816870603,3
1092,2081,4.267671376748194,4
1093,2763,3.5977847661919817,3
1093,3753,3.655579590168507,5
1094,3072,3.3631604512501503,3
1095,3260,4.475672868531797,4
1096,66,3.0,1
1096,145,3.3925214233555985,2
1096,337,3.657423977636009,4
1096,551,3.334808756233079,5
1096,2006,3.0567944434920142,4
1096,2424,2.880488138312497,3
1096,2672,3.335423338497581,2
1097,480,3.717766702793653,4
1097,648,3.7484510459035927,3
1097,1479,3.5589429997941684,4
1097,1639,3.5635684470807205,4
1097,2000,3.7707797397135905,4
1098,1100,3.0,2
1098,1193,4.627654557844778,5
1099,1230,4.637424533070529,5
1099,1597,2.963561512003123,2
1099,3858,3.0,4
1100,444,3.0,2
1100,500,2.11652420525908,1
1100,585,2.2636919341589627,4
1100,1011,1.1151529060184426,1
1100,1405,2.9267419915829587,2
1100,2054,2.6428079476821478,3
1100,2582,3.0,1
1100,2706,2.5895843926500994,2
1100,2880,3.0,4
1100,3448,2.3892529842496297,4
1100,3948,2.7074095323287466,3
1101,1127,3.357070562564809,3
1101,1200,3.681410096111376,3
1101,1214,3.387901728856821,4
1101,1387,3.7377818346845175,4
1101,2600,2.7827130355116183,3
1101,3068,3.58695162626879,4
1101,3339,3.0,3
1101,3509,3.0,4
1102,562,2.203674485839369,1
1102,858,1.7285881393339915,1
1103,2455,4.16891820406035,4
1104,34,2.9894994615873722,3
1104,36,4.273226854669557,4
1104,41,3.0,4
1104,300,4.258043393727973,5
1105,589,4.050801384452264,5
1105,913,4.661436790894541,4
1105,1193,4.392795474365064,5
1105,3555,3.567788568957027,4
1106,2792,3.7075611748254524,2
1106,3263,4.579268905399272,4
1107,2359,4.264432645820877,4
1109,238,3.0,2
1109,257,2.0,3
1109,1214,3.520740912173678,4
1109,1291,3.2128655122298238,3
1109,2046,2.5652443539265413,2
1109,2399,3.0,2
1109,3698,2.800646665996418,1
1110,3623,4.145850876239337,5
1111,2085,3.9064802623399206,5
1112,39,3.70379059658229,5
1112,282,4.0,2
1112,436,2.451770480343854,2
1112,541,3.9987419550879357,5
1112,661,4.5715953657221196,4
1112,782,2.0,2
1112,1013,4.003331766015978,3
1112,1041,4.437553358543392,4
1112,1185,4.610933019721609,4
1112,1408,4.109372405521004,5
1112,1573,3.7961852396447346,5
1112,1682,4.10067381770444,4
1112,1702,2.5973556834475455,3
1112,1993,2.465081178035702,1
1112,2081,4.1694325097196065,5
1112,2288,3.8652166209066308,4
1112,2393,3.316209005126397,3
1112,2465,1.0,1
1112,2629,3.0,2
1112,2714,3.0,3
1112,2804,4.137191444483118,4
1112,3100,4.392473850609848,4
1112,3240,3.0,2
1112,3249,3.3633055751075305,4
1112,3438,3.279288438747978,2
1112,3535,4.243746929108675,3
1112,3608,3.832128500827176,3
1112,3948,4.402783898302637,3
1113,380,4.169791628882723,5
1113,1147,5.0,4
1113,1265,4.2476127626757085,5
1113,1513,4.065560051075778,3
1113,1673,4.300635610636907,4
1113,2858,4.277857013424372,4
1113,3147,4.081393745660764,4
1114,912,3.548484552409084,4
1114,1101,3.921828935713658,3
1114,1183,3.9327102734607067,2
1114,1230,3.2570963188639364,3
1114,3745,1.0,5
1115,2719,3.0,3
1115,3918,3.0,5
1116,125,3.854233538323031,5
1116,1198,3.9821289701977243,5
1116,1257,3.970251185217438,5
1116,2791,4.01662936906632,3
1116,2918,3.9901527740947245,5
1116,2926,3.6963983723743983,3
1116,3308,3.4466319143755277,4
1117,21,4.151382984562133,5
1117,527,4.325936048475183,4
1117,539,3.9943106454645347,4
1117,778,4.42823661995895,5
1117,912,4.473471960555234,5
1117,1179,4.574134194501974,5
1117,1336,3.0,2
1117,1590,3.6315945346795777,2
1117,1635,4.496326060022992,4
1117,1970,3.229277245642752,1
1117,2133,4.023572421313024,3
1117,2150,4.1487695785823355,1
1117,2183,4.663171393928513,4
1117,2268,4.1140437095709315,4
1117,2302,4.111076106351211,4
1117,2413,4.005596409190947,5
1117,2702,4.266287623334526,3
1117,2787,3.957332026007586,3
1117,3087,4.037814571072926,4
1117,3104,4.284235111953054,3
1118,1035,3.7148953831566973,4
1119,70,3.8392811656725025,3
1119,265,4.126816785286939,4
1119,273,3.0,2
1119,1090,4.115252791777332,5
1119,1680,4.145962050723937,4
1119,2312,4.2294312099843765,4
1119,2533,3.8459164955708176,3
1119,2789,3.300572816930262,3
1119,3802,3.3920530026989812,2
1120,355,3.5106285310085954,4
1120,368,3.7214843380056757,4
1120,608,4.171690123615498,5
1120,653,3.42301380518251,2
1120,743,3.008394138277604,3
1120,748,3.212496500963872,3
1120,780,3.7820999143609795,3
1120,1015,3.3198097671391094,4
1120,1025,4.010407702309118,4
1120,1127,3.9186502807757138,4
1120,1193,4.361565396149761,4
1120,2406,3.9240296143454563,4
1120,2762,4.140456034168388,4
1121,17,4.0611154802875875,2
1121,21,4.218598482470022,4
1121,1513,4.372585660517157,5
1121,1556,3.802206915471401,2
1121,1645,3.8013554920973034,3
1121,2171,3.0,4
1121,2505,4.0,1
1121,2671,3.879647685692695,3
1121,2949,3.8018751886888333,3
1121,3869,3.1399702337052178,4
1122,480,3.4305646279302247,4
1122,3700,5.0,1
1122,3926,3.0,2
1123,3354,3.4831366722210326,3
1124,551,3.8977458637095403,3
1124,648,3.820132257546454,3
1124,1027,3.34054739071376,3
1124,1213,4.217491703580568,5
1124,1953,4.33444288016652,5
1124,2034,3.4188959423059115,3
1124,2150,4.312296604023694,3
1124,2826,3.775742779652406,4
1124,3153,2.5319620785247188,4
1125,4,3.542002163888897,3
1125,102,3.0,1
1125,332,3.0,3
1125,733,3.5135468145646147,5
1125,1042,3.539782250428625,2
1125,1556,2.9544151884816503,1
1125,2278,3.5533044187143483,1
1125,2297,3.223957678115043,3
1125,2702,2.763941189105939,4
1125,2916,3.5510273712512177,5
1125,2986,3.099593870077027,3
1125,3299,3.0,2
1125,3527,3.5053223319618225,3
1125,3882,1.9870315778775187,3
1127,3,3.0,1
1127,277,3.0,2
1127,2815,3.317164611123528,1
1128,34,3.599095981670498,4
1128,296,3.666630059556249,5
1128,806,3.0,4
1128,931,5.0,4
1128,2005,2.799751520321779,2
1128,2966,3.0,2
1128,3414,3.0,2
1128,3435,4.204230525911821,4
1128,3751,3.641676596709943,3
1128,3844,2.705759952211587,4
1129,3624,5.0,4
1130,235,4.11312934342078,4
1130,608,3.98476694074982,4
1130,1240,3.938690106349085,4
1130,2064,4.077310993936156,5
1130,2108,3.966659798745666,4
1130,3827,3.0,2
1131,912,4.887615780623641,5
1131,1248,4.898193433802664,5
1132,296,4.464726742819452,5
1132,1275,4.6230773823394555,4
1132,3698,4.5599168046681555,5
1133,47,3.952434001763426,5
1133,707,2.0,2
1133,1562,2.2873371947594845,1
1133,1972,2.0068733825508627,1
1134,383,4.692627655363486,4
1134,541,4.410935472851041,5
1134,589,4.390353644677439,3
1134,590,4.429430934085938,5
1134,608,4.622528161194353,5
1134,1069,4.509545970203532,5
1134,1580,4.371871961396954,3
1134,2065,4.619691537625773,5
1134,2692,4.705815495737811,5
1134,2872,4.253966687859862,5
1135,589,4.080827643390418,5
1135,1037,3.9591793141052922,3
1135,1301,3.6356982143138454,5
1135,2054,3.90496450093318,3
1135,2455,3.8392312617430067,3
1136,1921,2.7044125889546304,3
1136,3481,3.4906226671078726,4
1137,71,3.0,2
1137,250,3.0,3
1137,348,4.606869896289468,4
1137,594,4.17382191322885,4
1137,1214,3.9670665144584882,4
1137,1584,4.068443237675615,5
1137,1639,3.9808759736693475,5
1137,2186,4.479831860163149,5
1137,2583,4.0,4
1137,2629,3.0,2
1137,2702,2.9810931103778264,1
1137,2827,1.9868032372551967,2
1137,2976,3.5159264925936995,2
1137,3008,3.0,4
1137,3253,4.101680220546191,3
1137,3267,4.016751171044655,5
1137,3504,4.141241765170036,4
1137,3537,3.0,4
1137,3751,4.161216402583353,5
1137,3857,3.0,2
1138,1597,3.929983222735333,4
1138,3081,3.9173328716320626,5
1138,3255,3.794641605813072,5
1139,24,4.149372112643449,4
1140,32,3.813422204591694,3
1140,728,3.0,4
1140,2638,3.2795447693735613,3
1140,2648,3.943300563465145,5
1140,2665,3.6506297945532946,4
1140,3095,3.8232885206406118,4
1140,3208,3.0,2
1140,3264,3.3732043643223815,4
1140,3486,3.0,5
1140,3532,3.0,4
1140,3735,3.76334069455539,3
1141,247,4.858767490857104,5
1141,344,2.688431504544069,2
1141,468,4.0,3
1141,491,4.334369340283197,2
1141,901,4.247467781923202,5
1141,906,5.0,4
1141,910,4.356914508281645,5
1141,923,4.370397088454288,5
1141,1271,2.9646162190462997,3
1141,1358,4.18743592126787,5
1141,1381,2.8341127302072504,1
1141,1474,2.5857615463131967,1
1141,2006,3.4090622328535054,3
1141,2056,3.0,4
1141,2497,3.0,2
1141,2542,4.403699229992306,5
1141,2997,4.23494431569606,5
1141,3258,2.0164283749747636,1
1142,355,3.394663101385657,3
1142,1377,3.4464713075557576,4
1142,3869,3.589339500467686,4
1142,3949,4.021400844546252,5
1145,1263,3.2753547414317628,1
1145,1292,3.637418010767215,3
1146,22,2.790231529110304,2
1146,328,2.9772431266144834,4
1146,482,3.0,3
1146,733,3.102889990258152,3
1146,832,3.0393730492127182,2
1146,1370,3.106419951989467,2
1146,1674,3.331831160869534,3
1146,2167,3.164246996355184,4
1146,2479,3.0,1
1146,2878,2.4494099005392167,3
1147,1444,3.0,3
1147,1694,3.147177445781027,5
1147,2185,2.5573662142356923,4
1147,2610,3.0,2
1147,3117,3.0,5
1147,3450,2.7595662296128407,2
1147,3510,2.7226912349741426,3
1148,3552,4.1977428366894,5
1149,112,2.8684439797117838,5
1149,2394,5.0,2
1149,2701,3.452496279875894,2
1149,3070,3.3335880629483454,3
1150,429,1.5045186223494844,1
1150,451,3.0,3
1150,731,3.0,2
1150,880,1.753995886891605,1
1150,899,3.37311842513546,5
1150,933,3.4701339831547213,3
1150,1063,3.0,3
1150,1114,3.0,3
1150,1188,3.0582204771180943,3
1150,1199,2.762639411803793,2
1150,1228,3.3900499289125703,4
1150,1278,3.000419729197956,4
1150,1281,4.674736126674308,4
1150,1297,2.3034100262535917,1
1150,1381,1.9789391367289253,1
1150,1649,4.6976354555837085,5
1150,1717,2.2008826806658672,1
1150,1784,2.444689828528877,1
1150,1836,3.0,2
1150,2025,3.0,2
1150,2125,1.5694701362484942,1
1150,2212,3.0,4
1150,2716,2.3348687190492856,1
1150,2750,3.3125884117693576,4
1150,3046,3.0,2
1150,3105,2.472885507991803,2
1150,3110,3.0,2
1150,3114,2.3410576894988813,2
1150,3481,2.844843597104809,4
1150,3525,2.1158962873082525,1
1150,3542,1.9804547041366705,4
1150,3549,3.167963478448917,3
1150,3551,3.597832868552927,3
1150,3566,4.0,3
1150,3712,2.2115370003513295,1
1150,3831,3.0,3
1151,152,3.0,4
1151,215,3.0,4
1151,296,4.099614876249201,5
1151,592,4.004462404342951,4
1151,858,4.235946789336599,5
1151,1408,4.1558954030168005,2
1151,1488,3.9755167192728824,3
1151,2916,3.9601215126321136,3
1152,1954,3.0043074711355784,4
1152,3000,4.411080027456405,5
1152,3159,3.0,4
1152,3466,3.0,2
1153,2188,3.0,3
1155,553,3.5814883700361335,3
1156,357,3.544039605145804,4
1158,39,3.0606648599404966,2
1158,1183,3.8051006158143803,5
1158,1487,3.0,3
1159,1129,2.937592086702587,4
1159,1373,2.530554712131936,1
1159,1391,2.568024742709325,3
1159,1591,2.556340524959549,3
1159,1779,2.574016913947938,1
1159,1924,3.0,4
1160,3615,3.0,3
1161,1976,2.8304230814962694,3
1161,3911,3.985156702941475,4
1162,17,3.69111775491698,5
1162,2081,3.352086277775765,4
1162,2919,3.840122348109237,3
1164,101,3.7602414437732383,3
1164,501,3.0,3
1164,838,3.499053007721902,3
1164,1302,3.864470393329411,5
1164,1574,3.0,3
1164,1721,3.72585489068695,4
1164,2575,3.0,5
1164,3244,4.379608464110926,4
1165,2160,4.073250240085303,4
1165,2532,3.2201564646237144,3
1166,2160,3.6015718202705274,5
1168,329,3.3918260552021917,3
1168,420,3.268094718295777,3
1168,480,3.6615606585988623,3
1168,728,3.0,4
1168,779,3.0,2
1168,1569,3.5408346779187534,3
1168,1916,3.994905019153857,4
1168,2028,3.7389750318292725,4
1169,497,2.7796163629096724,4
1169,2245,2.675373098483611,4
1169,3087,2.7839789016969134,4
1169,3671,2.830060043107064,3
1170,597,3.8906461834419788,3
1170,903,4.5131702665159015,5
1170,1269,4.479477159980061,5
1170,1944,4.71674388967912,5
1170,2779,4.080185216799188,4
1170,2939,3.0,4
1170,2947,4.153621389141253,4
1170,3634,3.0,5
1171,3717,4.0,3
1171,3793,4.42878260698132,5
1172,147,3.0,4
1172,296,3.9054121799625845,4
1172,852,4.13503822378929,4
1172,1690,2.9134913458553515,1
1172,1747,3.916523128426889,3
1172,1972,1.2089559970701294,1
1172,2502,3.665666040354121,4
1172,2762,3.636496436134645,5
1173,45,3.8969450945841735,4
1173,153,3.3161360012766385,3
1173,372,3.6654315676970644,4
1173,550,3.0,3
1173,1544,3.52031062075132,3
1173,1580,3.6855979276071436,3
1173,1883,3.778388063242591,5
1173,2125,3.0052215975777927,3
1173,2771,3.0,3
1173,2806,3.0,2
1173,3052,3.775379758074092,2
1173,3081,3.441014198642115,3
1173,3299,3.0,1
1173,3418,3.818281555468485,4
1173,3623,3.6384516187954477,4
1173,3858,3.0,4
1174,3484,2.0,1
1174,3513,3.0,3
1175,378,3.0,3
1176,1240,4.17732269899696,4
1176,3654,4.240066364075576,4
1177,551,4.032620292162164,2
1177,1358,4.238561745200316,4
1178,350,2.502713118759342,4
1179,1270,3.8008378601103807,4
1179,1580,3.7245082780007515,4
1179,2034,3.212765381606331,1
1179,2406,3.740943680684356,4
1179,2662,3.5678051007783766,3
1179,2944,3.8819716878740236,3
1179,3260,3.735342036126108,3
1179,3406,3.0,4
1180,1203,4.507210889361221,4
1181,165,2.9710897991489977,4
1181,379,3.1143988098846886,3
1181,407,3.0,1
1181,435,2.719252123418396,3
1181,522,3.0,3
1181,527,3.2318526437289683,3
1181,608,3.2333077939626857,3
1181,678,3.0,3
1181,818,2.113665053128643,2
1181,928,3.5669451898814715,3
1181,1022,2.839864369910841,3
1181,1095,3.232982442603897,3
1181,1320,3.080787334211337,3
1181,1350,2.79241780689348,3
1181,1777,2.902120318376758,3
1181,1909,3.2242909475973875,3
1181,1924,4.0,2
1181,2077,3.0,2
1181,2145,2.865143369413095,3
1181,2160,3.3309107212637916,3
1181,2186,3.6329370005347266,3
1181,2450,2.8830566005171083,1
1181,2491,3.0,2
1181,2530,2.5030205898624645,2
1181,2539,2.859822942013713,3
1181,2540,2.314353452745973,4
1181,2598,3.1462026562698364,3
1181,2625,2.0,4
1181,2738,2.4957332159621255,2
1181,2792,2.556537709853839,2
1181,2808,2.8439772340728053,2
1181,2818,1.0,1
1181,2871,3.2644981714455676,3
1181,2983,3.0127462211716165,3
1181,3113,3.104828297200063,2
1181,3198,3.3704466085318403,3
1181,3274,2.8120467025245675,3
1181,3311,2.0,3
1181,3431,1.9584956218864025,1
1181,3445,2.236781475902383,3
1181,3471,3.1254222093565653,3
1181,3516,3.0,3
1181,3793,3.4280930409351007,4
1181,3852,3.0,4
1181,3923,2.5305111716226856,2
1182,45,3.7991807013358097,2
1182,246,4.225120368489456,3
1182,356,3.6134155882156724,5
1182,1127,3.12879475439594,4
1182,1376,3.1052020862214698,5
1182,1562,2.8397388479095094,1
1182,1580,3.477569760333995,3
1182,1679,3.0,1
1182,1779,2.6178343922406326,1
1182,2694,3.0841410812093457,1
1183,1219,4.094526421937551,5
1183,1748,3.399880958178656,3
1183,2111,2.9472939194778895,3
1183,2150,3.2193402402150944,5
1183,2163,4.0,4
1183,2247,3.3163762742379634,2
1183,2718,3.0,3
1183,2985,3.22338792651242,3
1184,25,3.9824767520304505,1
1184,603,3.0,3
1184,838,4.027960454690295,4
1184,1101,3.66357165291552,5
1184,2355,3.848144808334911,4
1184,2616,3.0422629487160737,3
1185,2320,3.0,4
1185,3363,4.272490295697777,4
1186,50,4.359635214362119,5
1186,541,4.046232833755491,5
1186,965,3.0,4
1186,1266,4.314926948285104,5
1186,1690,4.067368739219647,5
1187,2424,3.52736460804251,3
1188,733,4.227926439187567,3
1191,1946,5.0,5
1191,3334,4.844644039334662,5
1191,3364,4.833660286846232,5
1192,412,3.0,4
1192,3271,5.0,5
1192,3897,4.495076638057737,5
1193,377,2.647305476748621,3
1193,1020,3.0094585303921977,4
1193,1100,2.7183340719308324,3
1193,1591,2.6383588754448435,2
1193,2412,1.6463144614829992,2
1193,2826,2.100882876612163,1
1194,7,3.450304140608528,4
1194,45,3.711964735298382,3
1194,110,3.6191784471450115,3
1194,180,2.9688603668766693,4
1194,218,4.0,3
1194,460,3.0,2
1194,502,1.6295226117049948,1
1194,780,3.4476527660828453,3
1194,1240,3.578605370185952,4
1194,1271,3.482729165972909,5
1194,1391,2.991375979979775,1
1194,1641,3.6508454187588995,4
1194,1707,3.0,2
1194,1721,3.676026533534692,4
1194,1841,3.0,5
1194,1914,3.0,4
1194,2006,3.511326387739662,3
1194,2100,3.4766517011065603,3
1194,2145,3.4010741617963482,3
1194,2268,3.6117421780512746,4
1194,2278,3.680947547344636,3
1194,2717,2.8554510615184285,2
1194,3424,3.7845157936430422,4
1194,3552,3.4234445258322324,4
1194,3697,3.3939611655445274,3
1195,3863,3.0,3
1196,1617,4.0092935293799306,4
1196,3006,3.883584677607452,4
1196,3671,4.072466894286544,4
1196,3868,4.224314042242511,3
1197,1267,4.473027493587523,4
1198,1713,3.0,1
1198,3484,5.0,5
1199,11,3.926281343176552,4
1199,838,3.960443321297362,4
1199,3068,4.173233900472903,4
1200,2856,3.0,1
1200,3510,3.6448208790153336,3
1202,344,3.4920244769370425,4
1202,497,4.092595486737137,3
1202,737,2.7167502184621237,2
1202,968,3.6026251159518137,1
1202,1079,3.7361742893160947,4
1202,1127,3.4859985218822453,5
1202,1200,3.654656328448848,5
1202,1267,4.14290110953777,3
1202,1291,3.6613609170853123,4
1202,1704,4.014446150195055,4
1202,2822,2.9981002034956723,1
1202,2947,3.7533823774418607,2
1202,3354,3.826964559286352,1
1202,3698,3.4108097762077647,2
1203,14,3.0,4
1203,222,3.603483908042494,3
1203,446,4.519849881351518,5
1203,866,4.253670461348642,5
1203,1051,3.0,4
1203,1361,3.0,5
1203,1545,3.0,3
1203,1660,4.0,3
1203,1680,3.6551380315136788,3
1203,1784,4.132055873900828,4
1203,1923,4.11321759076976,3
1203,2007,3.0,4
1203,2012,3.8500598248250966,3
1203,2138,4.520968508307522,5
1203,2908,4.193839822787383,5
1203,2987,4.1767110948487645,4
1203,2995,2.9937479836701537,2
1203,3081,3.793978911623337,4
1203,3157,4.0,3
1203,3534,4.0,4
1203,3755,4.141244328052332,4
1203,3826,3.2852740767922812,2
1204,1196,4.06867681719177,5
1204,2541,3.777532733118552,3
1204,2683,3.6479716131647906,3
1205,254,3.0,3
1205,2390,4.0,3
1206,246,5.0,4
1206,780,3.5393892053010756,3
1206,1077,4.437004332710109,5
1206,1527,3.5635262367194778,1
1206,2140,3.8575573602850866,5
1206,2529,4.164308362051209,5
1207,327,2.75022729451595,1
1207,366,1.697623666529406,1
1207,590,2.894238480228184,3
1207,1081,3.1833343739703723,3
1207,1092,2.6181696966923327,2
1207,2148,1.9312116712221574,2
1207,2167,2.6620338743876704,2
1207,2194,2.703500183012025,3
1207,2353,2.750696213986544,2
1207,3114,2.975589203934188,4
1207,3273,2.5455878034355384,2
1207,3489,2.9499571544080707,2
1207,3524,2.738049975090475,1
1207,3623,2.9842251374519044,2
1207,3810,3.0,1
1207,3826,3.0,3
1209,2137,3.711627888412378,3
1209,2352,3.3666839640144546,5
1209,2474,3.4843743083380203,3
1209,2819,2.828676377614657,3
1209,3102,3.0,4
1209,3176,3.8038933575577056,5
1210,21,3.7183296460926076,4
1210,260,3.9999623768336563,5
1211,714,3.0,3
1211,1077,4.32548726956397,4
1211,1378,3.2051847099901627,2
1211,2012,3.336201992881122,1
1211,2710,4.241692041512083,3
1211,3256,3.4242409166182703,4
1212,879,3.8009502903557193,4
1212,1918,4.061123078569178,2
1214,3751,3.49823928834725,4
1214,3871,4.0,5
1215,1196,4.3692157081636145,5
1215,2529,4.031908884262395,5
1215,2916,4.341737584967894,3
1216,1292,4.346529854854078,5
1216,1963,4.343453467084125,5
1216,3623,3.1823644144747414,1
1218,318,3.7189420006922074,4
1218,587,3.4154510813066827,3
1218,1284,4.316261725855302,4
1218,1356,3.286601716065304,3
1218,1948,3.0,3
1218,3201,4.704894846403786,4
1218,3368,3.0,4
1219,163,3.8444585303121115,4
1219,368,3.754710482102076,3
1219,1608,3.78377797087906,3
1219,2058,3.9403659951460783,4
1219,2561,4.0,5
1219,2803,3.7417874801285165,3
1220,1442,3.0,4
1220,1954,3.3942184277646708,5
1220,2423,3.659366039505035,4
1220,3507,3.447755531048037,4
1221,543,4.18126122913169,3
1221,589,4.326515790654304,5
1221,1265,4.2441887826317695,5
1221,1614,4.014574444462985,2
1221,2144,3.8308136356781812,1
1221,2405,4.261112774988017,3
1221,2471,4.400210353650036,4
1221,3175,3.9224596127847904,5
1222,2070,3.0,3
1222,2716,3.436849056500284,3
1222,3384,3.0,4
1222,3409,4.0,2
1223,950,4.836670539130778,3
1223,1203,4.0,5
1223,1278,4.089215852562114,4
1224,953,4.278110631744751,5
1224,1203,4.785895422440377,4
1224,1333,4.434207456298345,4
1224,2341,3.0,3
1224,3107,3.678622404280135,4
1224,3783,3.0,4
1226,3902,3.0,3
1227,515,3.657746080239136,4
1227,3481,3.532176740451668,4
1228,10,4.012471121660663,4
1228,14,3.0,2
1228,517,2.876189466055644,3
1228,2126,3.797765753628554,2
1228,2575,3.0,4
1228,2762,3.762213751366617,4
1228,2881,3.243352239050203,3
1228,3266,3.0,3
1229,50,4.0623996818613355,4
1229,306,3.0,3
1229,480,3.848117354704493,5
1230,1,4.269109839832422,4
1230,50,4.31757267487274,5
1230,223,4.2175947263611295,4
1230,780,4.106143022763899,4
1230,1101,4.178674738917481,5
1230,1307,4.296290408456319,5
1230,1688,4.6839991725623324,4
1230,2294,4.309215898129638,4
1230,3113,3.9976665723624047,2
1231,2336,3.451301941403055,3
1232,1041,4.703604013734656,4
1232,1265,4.427522566335126,5
1233,260,4.163623634118691,5
1233,1127,3.9758534315319993,5
1233,1203,5.0,5
1234,1127,5.0,4
1234,3863,3.0,2
1235,2712,4.001580159993002,3
1236,1222,3.2436873984528587,2
1236,2115,3.2849056434073645,4
1238,17,3.6486765549301423,4
1239,1396,4.106818952364823,4
1239,1610,4.1107521269396035,4
1239,3827,3.0,4
1241,1517,4.563317575976613,4
1241,3591,4.425336192633019,4
1242,105,2.0,3
1242,111,3.7798027234999716,3
1242,778,3.6229869904606766,5
1242,923,3.8849504822548404,5
1242,1569,3.3976356696256897,4
1242,1573,3.3586387346887956,4
1242,2024,3.0,3
1242,3341,5.0,5
1242,3550,3.0,4
1242,3747,3.237846373142956,4
1243,1081,3.8224907687567704,3
1243,1376,3.4047238312500725,3
1243,1391,3.4319512719815193,2
1243,2245,3.70739529385708,3
1243,2384,3.588355051559739,3
1243,3733,3.999498734982579,5
1243,3863,3.6376438149774506,3
1244,387,2.0,2
1244,551,3.8201994045780787,3
1244,1183,4.046996892821481,3
1244,1213,4.1656349190706985,5
1244,1378,3.2833922221521323,2
1244,2616,3.059598934188365,5
1244,3178,3.617974175796587,3
1244,3354,3.077611259491597,3
1244,3633,3.65253025724553,4
1244,3937,3.0,3
1246,1060,3.840982608057952,2
1246,1208,3.897372307788635,3
1246,1257,3.9125927006892374,4
1246,1393,3.838433079184426,4
1246,2662,3.806114115703023,4
1246,3264,3.82629405101495,3
1246,3342,3.0,3
1246,3355,3.0,1
1246,3444,3.4421353519952858,4
1246,3617,2.663099687210271,2
1246,3717,3.465890526052765,2
1246,3920,3.0,2
1248,164,4.48336912269125,3
1248,1721,3.9141549465363488,3
1249,3699,4.076674199059298,3
1251,233,3.0,4
1252,1304,4.089285965784861,4
1252,2952,3.0,4
1252,3160,3.823414206309118,5
1252,3949,3.269282994258279,4
1253,34,3.66529258367774,4
1253,671,3.0,5
1253,2289,3.817413396963312,4
1254,605,3.883544055524254,3
1254,1210,4.0471701026644356,5
1254,2497,3.0,3
1254,3261,5.0,4
1255,24,3.638295766497199,2
1255,508,3.8067275846710076,3
1255,778,3.9031647792895923,5
1255,1298,3.7886681953177628,5
1255,2240,4.198051058177889,4
1255,2580,4.140441033236154,4
1255,2761,2.6901898216212317,2
1255,3255,4.100565664080474,3
1255,3261,4.138929598777126,3
1257,2405,3.282211390873496,3
1258,1912,5.0,5
1259,3927,4.316939235314197,5
1260,1090,3.9967164627122966,5
1260,1240,3.8880998966825757,4
1260,1393,3.901567280266052,4
1260,1711,3.8202246043492245,3
1260,2420,3.8037220868074244,4
1260,2542,3.9351544908822356,3
1260,2779,3.8377706422149105,4
1260,2871,4.065003082829703,3
1260,2951,4.021022159304402,4
1260,3152,4.322372307437258,4
1260,3386,3.9391845253834243,4
1260,3720,3.0,3
1261,223,3.980185667103976,5
1261,3617,3.683219824781094,5
1261,3793,3.9993926388689705,4
1262,454,3.7183176285045203,3
1262,1395,3.1158072787724587,1
1262,2423,3.335637728950436,5
1262,3246,3.1963293255581275,3
1263,111,4.00326032638441,3
1263,551,3.7492242263997504,4
1263,1220,3.731896238671294,3
1263,1234,3.794974026231468,3
1263,2671,3.322917620272856,1
1263,2763,3.422079172181233,4
1263,2806,3.0,2
1263,3081,3.348505518673132,4
1263,3448,3.5390902764766854,5
1264,165,3.392252740653533,4
1264,1234,4.082482363424306,4
1264,1339,3.551782320950743,3
1264,1690,3.45834192373873,2
1264,2064,4.304559180631077,5
1264,2126,3.099764388191529,3
1264,2613,3.1496944867213155,3
1264,2770,3.9242487757737567,3
1264,2858,3.9580928599974174,4
1264,3753,3.9015405016335185,3
1265,11,3.176356852990961,2
1265,24,2.514446041566663,3
1265,353,3.1117013237362037,3
1265,562,4.336467272255211,4
1265,1517,3.6567324519221245,3
1265,2324,4.084582762677139,4
1265,3299,3.0,1
1265,3363,4.219030264264194,4
1266,2,3.4666310834762224,3
1266,25,3.8247481437747433,3
1266,350,3.7100719732691227,4
1266,362,3.0,4
1266,420,2.310959515378799,1
1266,800,3.7495124485785993,3
1266,1035,4.071001418333103,5
1266,1660,4.0,3
1266,1982,2.782762688843603,4
1266,2320,3.00207564901345,2
1266,2333,3.7482393437728416,5
1266,2628,3.72506854755361,3
1266,2792,3.1813845721457112,3
1266,3087,3.4816952372430636,3
1266,3608,3.8243881389894114,4
1266,3857,3.0,1
1267,608,3.5469584153287834,4
1267,1127,3.621735373543473,2
1267,1220,3.558455743186563,5
1267,2527,3.7006120318615565,4
1267,3599,4.029259245825793,3
1267,3742,3.6262171663269327,5
1268,1206,4.14918583064273,5
1268,1230,4.670758875101631,5
1268,1968,4.126298040731288,4
1268,2371,3.9403575746400765,2
1268,3549,5.0,5
1268,3702,3.970991838748059,4
1268,3730,4.751359946976184,5
1269,1959,5.0,3
1270,3325,3.0,1
1271,2,4.114143188617685,3
1271,107,4.489683158807573,4
1271,1292,4.694529768311748,4
1271,1556,3.0,2
1271,3438,4.252109144442767,1
1272,141,3.870773543626302,4
1272,230,3.7368769022573116,3
1272,2373,2.5332057682530302,1
1272,3006,4.076974254707415,5
1272,3489,3.302647485104362,3
1273,910,4.3012344112044305,5
1273,965,4.469458824601793,3
1273,1203,4.674881135086714,5
1273,1214,3.800051211984448,3
1273,1500,3.9559803579998944,4
1273,3028,5.0,4
1274,1,3.643725020089555,5
1274,296,3.6737659982065267,3
1274,541,3.748304138280261,5
1274,911,3.911557684611463,4
1274,913,3.8368431133222534,4
1274,916,3.857685568973547,5
1274,920,3.7686357119747167,3
1274,1129,3.495372045626689,3
1274,1131,4.0,5
1274,1178,4.330573454779631,5
1274,1222,3.639779052900939,4
1274,1240,3.621299871624306,5
1274,1262,3.720726144926459,4
1274,1269,3.884837156174176,4
1274,1941,3.0,4
1274,2070,3.504589690316323,5
1274,2425,3.0,4
1274,2897,3.0,5
1274,2946,3.68551272146191,3
1274,2968,3.7774170455850564,3
1274,2993,3.5245551034989924,4
1274,3386,3.5919754192940925,2
1274,3737,3.0,3
1274,3763,3.42416509796011,4
1275,111,4.51385251622507,5
1275,260,4.522854902453083,5
1276,1269,4.596060295490995,5
1276,2788,4.5797696328906055,4
1276,3341,4.0,4
1277,318,3.970377052562212,5
1278,1640,3.0,2
1279,17,3.19515951296624,3
1279,26,3.0,3
1279,1219,2.917030469247898,3
1279,1947,3.0881175556761367,3
1280,1721,4.279035603232004,5
1280,2581,2.9999999999999996,2
1281,266,3.469737236857204,2
1281,1580,3.329155224762133,2
1281,3083,3.0,5
1282,912,4.171644578071533,3
1282,1673,4.225428766737274,3
1284,76,2.2785311877935452,1
1284,232,4.038912316381591,3
1284,434,3.523287936512677,3
1284,527,4.015202959718324,5
1284,648,3.644028075702303,4
1284,1635,4.088972564043638,5
1284,1769,2.4438022563790747,1
1284,1792,3.275915655922585,3
1284,1970,1.7380993136807792,1
1284,2441,3.0,4
1284,2948,3.726484393925286,4
1284,3255,3.539040861327996,4
1284,3272,3.0165065964319386,4
1284,3565,3.4927792584330852,4
1285,69,3.2999777970319712,3
1285,188,3.523650990009279,2
1285,300,4.426889353569398,4
1285,329,3.797004531298284,4
1285,441,4.250239025521286,5
1285,448,3.0,5
1285,535,4.336458703813277,5
1285,908,4.709783604255364,5
1285,921,4.664831200474084,3
1285,1010,3.8753871488844327,4
1285,1517,4.197366440507496,4
1285,1617,4.288365014746705,3
1285,1690,3.7437893948908143,4
1285,1883,4.359201899468775,5
1285,2080,4.429936643305707,5
1285,2231,4.100247837124023,5
1285,2238,3.0,4
1285,2409,3.6698676396070384,3
1285,2513,3.208974579669195,3
1285,2551,5.0,5
1285,2745,4.322859901413051,4
1285,2871,4.621051694672295,5
1285,2919,4.537875408288378,4
1285,2997,4.503774115431092,4
1285,3019,4.628695196838624,5
1285,3421,4.451324532219316,5
1285,3591,3.9470177895598657,4
1285,3616,3.0,1
1285,3699,4.271842550626276,4
1285,3859,3.0,4
1286,2702,2.25678126453449,4
1287,608,4.535619218840399,5
1288,1513,3.993209587325144,5
1288,1946,4.0,3
1288,2686,4.7645004930437835,3
1290,3081,4.201476774600334,3
1291,914,4.243393807046502,4
1291,1120,3.8211144792182434,4
1291,1129,3.8768986285929032,5
1291,3496,3.0,3
1291,3499,3.8223286772231613,3
1291,3741,4.244867116055847,3
1291,3811,4.478521945751206,4
1292,1544,3.8900490670651777,3
1292,1673,4.193541533904587,5
1292,2490,2.0,3
1293,1617,3.501595938158548,5
1293,2997,3.5839504478166875,5
1294,497,4.04015280984219,4
1294,927,3.0,4
1294,1845,3.6632270884870226,4
1294,3363,4.068071695637454,4
1296,1079,3.9734250878100363,5
1296,2291,3.9372803247693815,4
1296,2706,3.353273229252246,5
1296,3499,3.8821022227451754,5
1297,88,2.2682428031861908,2
1297,223,3.9602935303345435,5
1297,435,2.855732689969589,2
1297,590,3.7569090006952504,4
1297,1219,4.148379091916516,5
1297,1370,3.469545530142672,3
1297,1476,3.6669024703640685,4
1297,2138,4.0097658873824,2
1297,2325,3.0,4
1297,2571,3.696172138200425,4
1297,2712,4.494671552461514,4
1297,3033,3.354094004710779,3
1297,3204,3.5040224609971835,3
1297,3525,3.0284158933362364,2
1297,3844,2.0,2
1298,235,3.9769835333959733,4
1298,585,3.6677746785067833,4
1298,1100,3.8699663741994965,3
1298,1126,3.6360688155536085,3
1298,1220,4.005298504039004,4
1298,1270,4.0493436142511365,5
1298,1388,3.5314195671329567,4
1298,1602,3.0,3
1298,1686,3.0,4
1298,2617,3.883375370382188,4
1298,2706,3.851934479325525,5
1298,3068,4.001094854131965,4
1298,3108,4.0238575675103965,4
1299,1994,3.9670116712819747,2
1299,2085,3.671490060645479,4
1299,2717,3.9511854015813053,3
1299,3624,4.32653034733574,5
1300,968,4.631911452297141,4
1300,1342,3.788876846678895,4
1300,3752,3.7861257231592425,5
1301,3111,3.8638569649639978,4
1301,3259,4.006451719656825,2
1301,3285,3.0,2
1301,3317,3.164206973744471,4
1301,3471,3.992447511441669,5
1301,3763,4.07898331242615,3
1302,1059,3.0,4
1302,2890,4.559940446160443,4
1303,319,4.490044320188424,3
1303,919,3.7787025707696156,3
1303,1089,3.7398653718959523,4
1303,1090,3.6723530733668004,4
1303,1213,3.7641859476771202,5
1303,1275,3.206496561034899,4
1303,1464,3.9923513115146614,4
1303,1663,3.4647170115245145,4
1303,1914,3.0,1
1303,2300,4.0901292589212686,4
1303,2405,3.245266796226351,3
1303,2683,3.3824369872835938,5
1303,2916,3.4583824791158193,5
1303,2921,4.074442864812236,4
1303,3363,3.957671579229194,4
1303,3396,3.7398460792811634,3
1304,2194,4.43598053387031,3
1304,3421,4.207901508586348,3
1306,162,4.8373841460260545,4
1306,198,4.196864472765772,4
1306,485,3.894427838862419,3
1306,910,4.7656966440794095,5
1306,1127,4.284136472509335,4
1306,1252,4.688872374705432,5
1306,1307,4.647050192046615,5
1306,2506,3.0,3
1306,2611,3.0,4
1306,3525,4.5838882709143745,5
1307,589,4.314764887066822,5
1307,1036,4.278921185642617,5
1307,1210,4.296065952388209,4
1308,110,3.737043688399797,5
1310,1090,3.831403419653491,2
1311,688,3.0,3
1311,924,4.085749592379004,4
1311,2046,3.4257892619486876,4
1311,3035,4.272103918552096,5
1312,519,1.2870564706999792,1
1312,924,3.8425387812151217,5
1312,1396,3.490225286426809,3
1312,2761,3.9294851838696796,4
1312,3213,5.000000000000001,5
1312,3745,3.001899490931675,4
1313,1370,3.993357756715075,4
1314,356,3.301379491281319,1
1314,588,2.792876370675489,1
1314,1487,3.0,4
1314,2628,3.1235544464099374,5
1315,1198,3.9927276623874377,5
1315,2686,4.681886658846294,4
1316,2699,2.814694061986494,2
1317,58,3.9562056672713886,4
1317,62,3.8486038536563405,4
1317,272,4.0899088976943245,4
1317,357,3.960684680186561,4
1317,405,1.9856775817816585,2
1317,440,3.9257080893247327,4
1317,466,3.62342063149547,4
1317,1272,4.1991364480159135,3
1317,1327,3.5320677790100143,4
1317,1356,3.800237775712871,4
1317,1562,3.4449074268042628,3
1317,3033,3.693853008286286,3
1317,3039,3.9186601476149923,4
1317,3272,3.0,4
1317,3702,3.9001573292467264,5
1317,3745,3.592355716053178,3
1317,3798,3.0,2
1317,3911,3.807908470486085,4
1319,3752,5.0,4
1320,260,4.249729873785625,5
1320,593,4.27315555210387,5
1320,1219,4.541692799685129,4
1320,2916,4.160226979432474,3
1321,2081,3.71850323473257,5
1321,3036,3.0,1
1322,73,3.0,3
1322,935,4.0,5
1322,1201,4.259454158814596,5
1322,1254,4.500187240426112,5
1322,1307,3.923344761697705,5
1322,2539,4.036183998831498,4
1322,3068,4.163684330679123,4
1322,3678,3.0,3
1323,498,3.0,1
1323,936,3.0,5
1323,1104,4.534441255649228,3
1323,2065,3.801257336160542,4
1323,3678,3.0,3
1324,1394,4.224678076185108,3
1325,48,3.770957450183162,2
1325,950,4.303723582183952,4
1325,1080,4.299991768959054,4
1325,1375,4.163517610592357,3
1325,1912,3.841219225667894,3
1325,2355,4.242576081269618,4
1325,2692,4.266317412206925,4
1325,3061,4.082515987303188,4
1325,3159,3.0,3
1327,595,3.956289549700661,4
1328,10,3.775267672740002,4
1328,1036,3.840833971708022,5
1328,1391,3.694908073202084,3
1328,1597,3.761223010632104,3
1328,1918,3.655340125858569,3
1328,2006,3.76664922135915,5
1328,3638,3.6830204615317954,4
1329,1282,4.026099835488987,5
1329,1584,3.7113521824432807,5
1329,1627,3.0029073776697994,3
1329,2004,2.9529909581378764,4
1329,2100,3.7488757436954288,3
1329,2273,3.3680990877375385,5
1329,2502,3.561738709546546,5
1329,2539,3.7405823894261867,4
1329,2699,3.388276431444661,3
1329,3173,3.7505731168453167,3
1329,3534,4.010309506436794,2
1330,1961,4.357220761086484,4
1331,492,4.0,4
1331,1078,4.146922782722842,5
1331,2927,3.0,5
1331,3360,4.0806973977105985,4
1332,908,3.702451108586347,3
1333,112,3.3580891339780243,3
1333,711,3.0,1
1333,861,4.507025998279191,3
1333,1129,3.8928253124817425,5
1333,1197,4.133642479221429,5
1333,1209,4.80830882681157,5
1333,1291,3.9736664720625168,3
1333,1293,4.571921601874894,2
1333,1711,4.310087995272918,1
1333,2167,3.5512750954771293,3
1333,2289,4.688904511305926,3
1333,2948,3.9029776575494997,5
1333,3068,4.691403246778669,4
1333,3927,3.931127314380945,4
1334,3510,4.3896346120598135,4
1335,1223,3.0,4
1335,2312,2.532525980318399,2
1335,2871,3.493761201762565,3
1335,3481,3.650605786546933,4
1335,3897,3.727254805728718,2
1337,364,3.8756513684663374,5
1338,227,3.0,2
1338,1769,2.994815340764786,1
1338,2000,4.363915034629735,4
1339,50,3.358298527566825,4
1339,552,2.572296921847474,5
1340,45,3.0357923303926677,3
1340,1249,3.7092885363029926,3
1340,1258,2.985895726019759,3
1340,1304,3.256174878825025,2
1340,1327,1.7333260462026379,1
1340,1626,1.241804825335136,1
1340,1981,1.5448921877455266,1
1340,1991,1.7217841586780285,2
1340,1999,1.364344007901413,1
1340,2541,1.96444760366648,3
1340,2730,3.0,1
1340,2793,1.4967524399352958,1
1340,2881,2.116820144163141,1
1340,3176,2.6370258821511836,2
1340,3274,2.1564676989859106,2
1340,3555,3.3163845488990473,2
1340,3669,3.0,1
1340,3698,2.6122729497199484,1
1341,2004,3.4622537419163746,3
1342,2026,2.9098091575658054,3
1342,2107,2.61124939175149,3
1342,2713,2.9399114965372672,2
1343,32,4.527500086973852,5
1343,318,4.557578780690421,5
1343,593,4.559924395667375,5
1343,1208,4.620889338005336,5
1343,1884,3.336767797006267,3
1343,2396,4.556436750156554,4
1343,2450,4.317736802908476,3
1343,3471,4.623801442735614,2
1343,3551,4.908715582456345,5
1344,318,3.7848093514722736,4
1345,691,3.4737437258543555,4
1345,1883,4.132290490756988,3
1345,2282,4.0,3
1347,778,4.414499014736879,5
1347,2396,4.331044699235592,5
1347,3114,3.927397553187988,5
1347,3148,4.299212952050259,4
1347,3174,3.89397130533564,4
1347,3409,4.461033005095631,4
1348,661,3.8972253298623216,4
1348,783,3.8742473317127644,4
1348,908,4.263538484781195,4
1348,2565,3.9114841206473803,5
1348,3088,4.402069192919042,4
1348,3483,3.0,4
1350,318,3.7796292440176376,5
1350,593,3.767261776537375,5
1350,1307,3.6626964366887487,4
1352,111,3.956466126074907,4
1352,1237,4.367958253795545,4
1352,3683,4.064117488412747,2
1353,2300,3.9907749149145895,4
1354,36,3.7361433116536973,3
1354,260,3.622509372631965,5
1354,275,3.0,3
1354,520,3.435599022647646,4
1354,733,3.575736109394999,3
1354,1032,3.4728728073149377,2
1354,1095,3.6295378997898093,3
1354,1191,3.0,3
1354,1391,3.699985229010794,4
1354,1804,3.0,3
1354,2094,3.6027778705812143,4
1354,2501,4.001121642265816,2
1354,2622,3.0,3
1354,2836,3.0,3
1354,2966,2.0,4
1354,3798,3.6460378069473203,4
1354,3882,3.0,4
1355,1265,4.287015728183516,4
1356,63,2.486047974133634,1
1356,253,3.064886832314858,4
1356,316,2.703771400840841,3
1356,441,3.528421767287665,2
1356,1196,3.1196353706064115,4
1356,1210,3.0772337211698337,3
1356,1213,3.4403146427410993,5
1356,1274,3.419298900285659,5
1356,1348,3.0,5
1356,1370,2.7497649141042566,1
1356,1376,2.8609941160317147,1
1356,1592,1.0,1
1356,1682,3.1699569467747017,2
1356,2006,2.590570167931674,3
1356,2042,2.352044676574328,1
1356,2447,3.377708028690556,1
1356,3262,3.0,5
1356,3440,1.4236338865734635,2
1356,3477,5.0,1
1356,3596,3.0,4
1357,2122,2.3462309533355263,2
1357,2517,2.8769539457551248,2
1357,2647,3.591362698380376,4
1357,3499,3.4612614083284003,4
1357,3661,3.0,2
1357,3917,2.560975521375656,4
1358,1610,3.3872268102771477,4
1359,1282,4.263726393399929,5
1359,2761,4.5585237830760565,4
1360,2363,2.605325536539937,4
1360,2712,4.072308588551001,3
1361,1023,5.0,4
1361,2160,4.323332221534142,4
1362,1212,4.2326477113669165,5
1362,2173,3.0,3
1362,2966,3.0,4
1362,3538,3.0,4
1365,3508,3.310806951743067,4
1366,260,3.9943452635344316,3
1366,2739,5.0,5
1366,3051,3.0,3
1366,3238,3.0,3
1367,1476,3.8881220076745557,5
1367,2124,3.7501432428489037,3
1367,2396,4.04273814660104,4
1367,2529,3.8675850444550193,4
1368,3481,3.893244404642183,3
1369,671,3.990835855252811,4
1369,965,4.0,5
1369,1037,3.607439637684864,2
1369,1198,3.9252419731928176,5
1369,1221,4.148378209478974,4
1369,1641,4.072640050801192,4
1369,2053,2.6936986149173787,2
1369,2571,3.911934702709204,3
1369,2664,4.091339016083994,3
1369,2863,4.042729637252032,5
1369,2951,4.0809616880446615,4
1369,2987,3.9561105628270195,4
1369,3018,3.8342400115832556,4
1369,3864,3.0,5
1370,1523,3.0,3
1370,1806,3.0,5
1370,2013,3.6208826472872158,2
1370,2901,3.0813679927072983,3
1370,3175,3.2802390680859417,3
1370,3917,3.355329124396363,5
1370,3937,3.0,3
1371,3510,4.352842239653737,5
1372,3826,2.998003272788666,4
1374,50,3.9322986568116094,3
1375,1959,4.500125926168852,3
1375,2125,4.500741503616249,4
1375,3358,4.646406985949698,4
1376,2025,3.0,3
1376,2712,4.30599765404051,4
1377,153,3.1728217643650325,3
1377,293,3.3840989915623196,4
1377,367,3.2523870840353175,5
1377,376,3.22902446244378,2
1377,380,3.218914630276112,5
1377,458,3.0,2
1377,1518,2.89589531984984,3
1377,1653,3.45274201204091,2
1377,1960,3.334997158168804,2
1377,2002,3.2526314778964385,3
1377,2402,2.9333399964473137,4
1377,3169,3.192800711118261,3
1377,3441,3.4446407217612225,5
1377,3767,2.5877397809103897,3
1378,928,4.893263327638033,5
1380,1282,3.6799912856269343,4
1380,2549,2.0,3
1380,2571,3.549566857043686,5
1380,3114,3.8305697916954182,5
1383,50,3.7103769781771563,5
1383,218,4.0,4
1383,529,3.8519448563833967,4
1383,678,4.0,5
1383,934,3.0,4
1383,1035,3.770830698346521,5
1383,1088,3.3631735503277174,3
1383,1126,3.520180127382952,2
1383,1179,3.8473082879121363,5
1383,1240,3.5955480992510362,3
1383,1694,3.7480656089861095,3
1383,1707,2.9999999999999996,2
1383,1963,3.6834827917674384,4
1383,1968,3.4855277318957105,2
1383,2083,2.513320203425191,3
1383,2210,4.0,3
1383,2683,3.4553658165027854,4
1383,2713,2.0014918957303567,1
1383,2770,3.8087822623187484,4
1383,2788,4.3972598789220925,4
1383,3613,3.0,4
1383,3735,3.964287027963501,4
1384,110,3.7471697176636054,4
1385,3930,3.0,4
1386,1897,3.0,4
1387,1104,4.196618253573166,4
1387,1507,3.0,3
1387,1945,4.153794200641712,3
1387,2303,5.0,4
1387,3363,3.7785531208734624,4
1388,47,4.164754919826128,4
1388,2391,4.173017551222375,5
1388,3863,5.0,4
1389,648,3.8658167224382183,3
1389,1375,3.8099320411661437,4
1389,1556,2.470418373938753,1
1389,1597,3.7629799514026314,4
1389,1748,3.473135302635086,3
1389,1909,3.59538178545952,4
1389,3178,3.906292298021572,2
1389,3363,4.447382878101524,5
1389,3545,4.820869230321072,5
1389,3893,4.311209641748843,2
1390,282,4.0,4
1390,368,4.103912479174846,4
1390,474,4.178465649809197,4
1390,515,4.236746877048543,4
1390,534,3.0,5
1390,1333,4.465121099164406,5
1390,1961,4.267034277554204,5
1390,2501,4.681753137984473,5
1390,2605,3.6530092036257047,4
1390,3308,4.287731765286437,3
1391,232,4.0,4
1391,342,3.774540113570504,3
1391,377,3.647202187956498,4
1391,1294,3.967282450609,4
1391,2424,3.878323813231312,3
1392,1391,3.2409992034824815,2
1392,2105,3.575640298509897,1
1392,3424,3.575629355030031,2
1393,1222,4.123068109073188,3
1393,1250,4.4629420028100455,4
1393,2959,4.218758963153993,4
1394,2456,4.999999999999999,4
1395,480,4.060401365692078,3
1395,1748,3.944313758428442,3
1395,1909,3.8210016590684797,4
1395,2642,3.7732719147447487,4
1396,1215,4.096297790878879,5
1396,2324,3.8838809402913674,5
1396,2791,3.7448687069827535,4
1396,2916,3.5514750728689637,5
1397,1230,3.917420045220542,4
1397,1468,3.0,2
1398,110,3.9889899707640146,4
1398,3926,3.0,3
1399,18,4.0,4
1399,356,4.066295229357193,4
1399,1073,4.140297363158878,4
1399,1923,4.073487445570746,5
1399,2064,4.258222081994565,5
1399,3534,4.0,2
1399,3755,3.333287241791848,2
1400,527,4.386857219654144,5
1400,2336,4.0421739935896275,3
1400,3863,3.0,2
1401,2132,4.280516075949705,4
1403,589,3.9837491884659446,4
1403,671,3.9934750091740243,4
1403,3160,3.3326399373961064,3
1404,110,2.9647193568584957,3
1404,174,1.0,2
1404,345,2.6687397245983457,2
1404,550,3.0,2
1404,1806,2.0,1
1404,2050,1.0,1
1404,2238,3.0,3
1404,2736,2.6812228909344653,2
1404,2793,3.0,2
1404,3254,2.4623914567368432,3
1405,2804,3.0,5
1407,16,4.131880303648584,3
1407,377,3.872378919156972,4
1407,535,4.076801869596139,5
1407,1408,4.197458877584943,3
1407,1883,4.211378060229378,3
1407,2329,4.204089308160878,4
1407,2594,3.0,4
1407,2916,4.139481595120125,3
1407,3751,4.271911334723875,5
1408,2723,3.163622032329149,3
1408,2912,3.597814606200817,5
1409,608,4.367226104286602,4
1409,2019,4.777631032551138,5
1409,2997,4.379204943724809,4
1410,631,4.0,4
1411,2599,4.395617806016157,5
1412,2916,3.906252186116646,4
1413,189,3.0,4
1413,1449,4.345238152870063,1
1413,3185,3.0,3
1413,3911,4.039538464965181,2
1414,442,3.7943198105850917,4
1414,480,3.954997170575893,4
1414,861,4.45011796882387,5
1414,2002,3.790202784708317,3
1415,736,3.90088013863541,4
1415,1302,3.796430444540891,4
1415,1393,3.7735813748318723,4
1415,2762,3.5909696733843623,5
1415,3088,3.8566628072962965,5
1418,1220,3.6063689343878425,3
1418,1517,3.587465592218077,3
1419,3908,3.0,1
1420,125,4.0,4
1420,490,3.0,3
1420,648,4.0261269986078325,3
1420,1573,4.028932881540104,2
1420,1625,3.520271851273766,4
1420,3499,4.03295161169421,3
1420,3671,4.252429173082148,3
1420,3740,3.452700268557312,5
1421,2253,3.6681918994286242,3
1421,2746,4.045227639262871,3
1421,3007,3.0,5
1422,110,3.401379007927792,5
1422,899,3.7109259389751235,4
1422,1025,3.0806155913615325,2
1422,1257,3.181617250421008,2
1422,1272,3.6671853768124807,3
1422,1377,3.0656079780678027,3
1422,1610,3.334445755946312,3
1422,1704,3.477849146877895,3
1422,1713,2.883776999130324,3
1422,2004,2.6396592702791426,3
1422,2424,3.1963714490336055,3
1422,2531,2.8898640279980965,2
1422,2762,3.420230223806282,3
1422,2949,3.3787579723293666,3
1422,3016,3.102594335417425,3
1422,3608,3.369363926293021,3
1422,3688,2.2612136016358844,1
1422,3771,3.0,3
1423,2864,3.0,2
1424,724,3.425511817560277,2
1424,1194,3.0,2
1424,2982,3.0,2
1425,299,3.0,5
1425,312,3.0,3
1425,356,3.9855806651399406,2
1425,379,3.388827779197278,3
1425,527,4.2853778039968695,5
1425,818,2.599081118170837,3
1425,833,1.665181229238801,3
1425,898,4.709893822435571,5
1425,1025,3.762145456554958,4
1425,1247,4.5311174172965965,5
1425,1285,4.215849552163356,5
1425,1407,4.107866260696187,5
1425,1655,3.6461182088723096,2
1425,1954,4.066349677860776,2
1425,2013,3.113906475806167,5
1425,2170,3.0,2
1425,2177,3.0,5
1425,2710,4.197107167217044,4
1425,2763,3.709829152539205,4
1425,2798,2.167536702158662,2
1425,3174,4.446572629731244,5
1425,3186,4.467716403887404,4
1425,3247,3.5917835748181814,4
1425,3251,3.0,5
1425,3484,3.0,1
1425,3948,4.373430497428675,4
1426,153,3.358452203493797,2
1426,587,3.7213335237182954,3
1426,788,3.305059237990445,3
1426,1092,3.5846051974212676,4
1426,1222,3.855323239006345,5
1426,1233,4.094534464982145,4
1426,1704,3.8768242046009647,5
1426,2028,3.846849769780416,5
1426,2431,3.3663420494364575,3
1426,2700,3.7956986343207215,2
1427,144,3.0,4
1428,1259,4.421200576533193,5
1428,3627,3.0,5
1430,2770,4.246350007138383,4
1430,2858,4.423115257371666,4
1430,3263,4.374989755066536,4
1430,3534,4.0,2
1434,317,2.29565548388968,3
1434,1359,2.7352654639247245,3
1434,1407,2.526495123367192,5
1434,1556,2.8690740195158964,3
1434,2384,1.8461833483902903,1
1434,2581,1.6466230726792974,4
1435,2061,3.0,3
1436,3051,3.0,4
1437,380,4.377470509655161,5
1437,445,3.0,4
1437,1267,4.6484624867991755,5
1437,2340,3.0,2
1437,3634,5.0,5
1437,3789,5.0,5
1438,2605,3.6909212219587784,5
1438,3113,3.6372042952444863,1
1439,908,3.972192337040874,4
1439,1260,4.645459554817348,3
1440,45,3.8916713860095373,4
1440,1214,3.380924124508951,4
1440,1228,3.7350387955399937,4
1441,7,3.96606189824442,4
1441,70,3.9505788969986257,5
1441,1777,4.102118963132282,5
1442,1032,2.642179409128206,2
1442,1580,3.2413964053886746,3
1442,2657,3.6256980371825818,4
1443,3863,3.0,3
1444,3594,3.0,4
1446,916,4.2935494556365414,5
1446,2160,4.693322880999621,5
1446,2291,4.444599647965446,4
1447,412,4.0,4
1447,436,2.0,1
1447,466,3.2861395508795552,4
1447,597,3.5105369470489203,4
1447,1228,4.13980949918529,5
1447,2002,3.242438195941923,3
1447,2067,4.011998017313751,3
1447,2301,3.5933006838744372,4
1447,2378,3.0594442104773516,2
1447,2394,3.375364618651219,5
1447,2671,3.5808477085771573,4
1447,2820,3.0,2
1447,3285,3.0,2
1447,3358,3.9497908857005104,3
1447,3408,4.037319655567443,2
1447,3745,3.847410434595269,4
1448,4,4.0,5
1448,111,4.251796567948899,5
1448,206,4.0,4
1448,282,4.6043027584235245,5
1448,418,3.0,4
1448,779,3.0,3
1448,1003,3.5525869147028075,3
1448,1009,3.795930227078918,4
1448,1242,4.149626627865734,4
1448,1552,3.875040486416834,4
1448,1732,4.109917720723456,5
1448,1784,4.167501095800269,4
1448,1955,4.411011785493907,5
1448,2054,3.7470474562277247,4
1448,2153,3.0,3
1448,2193,3.8439543006005374,3
1448,2241,3.6480000620990194,4
1448,2372,3.4369599397748347,1
1448,2422,3.1543522970574345,2
1448,2473,3.4084476698430906,3
1448,2520,3.0,4
1448,2523,3.0,2
1448,2528,3.926384652629885,4
1448,2657,3.9265548108222723,4
1448,2712,4.201889950668222,3
1448,2815,3.45492909579876,3
1448,2918,3.994652477452399,4
1448,3019,4.160434130267345,4
1448,3176,4.231781600245229,5
1448,3448,4.06306402994515,5
1448,3484,4.0,3
1448,3499,4.116248073198053,4
1448,3705,3.242145840806809,2
1449,60,1.7784590465020604,3
1449,368,2.6312937557217717,2
1449,377,2.8435639434829594,2
1449,555,3.3653356321179992,4
1449,575,1.7016567932597173,2
1449,648,2.8140103248572395,2
1449,1005,1.747810906425911,1
1449,1078,3.980852918588744,4
1449,1086,3.781467353696598,4
1449,1129,2.855319179196435,4
1449,1257,3.2901484906740914,3
1449,1353,1.8603256732522448,1
1449,2084,3.0,1
1449,2099,3.463986077597594,2
1449,2109,3.1819805040096085,3
1449,2150,3.2210958521729975,4
1449,2300,3.946827810245582,4
1449,2409,2.4050218860840227,2
1449,2418,3.0,3
1449,2699,2.8715393078121974,1
1449,2866,4.0,3
1449,2951,3.357774214818149,4
1449,3505,2.956595070478248,2
1450,1907,3.596425172443989,3
1450,2700,3.3601728563868463,2
1450,3156,3.0,2
1450,3450,3.0304254926486425,2
1451,10,3.776053384052661,4
1451,258,3.0,3
1451,357,4.15215839086756,5
1451,440,4.292893228718965,4
1451,707,3.0,4
1451,914,4.351151859395336,4
1451,1214,4.11088380827178,5
1451,1663,4.232178761782967,3
1451,2000,4.016641172602142,4
1451,2105,3.882239970607053,4
1451,2347,3.0,4
1451,2401,2.98665482895047,4
1451,2797,4.182586216936554,5
1451,2916,3.953173085749259,5
1451,3110,3.0,4
1451,3471,4.187201351574206,5
1451,3481,4.292004021861453,5
1451,3836,3.895774962269181,4
1451,3852,5.0,4
1453,2572,3.303982868818818,3
1453,2761,4.0,5
1453,2997,3.5002604026215733,3
1454,1488,3.0,3
1454,2427,4.333076397741102,4
1455,527,3.9027702678209373,5
1455,1265,3.832435823809733,3
1457,475,3.9249071275226886,5
1457,1085,3.0,4
1457,1200,4.000319802282651,5
1457,1221,4.2035178037395475,4
1457,1914,3.0,4
1457,2064,4.200862732791019,5
1457,2959,3.9648848711023277,5
1457,3608,4.149340377271356,4
1457,3920,3.0,3
1458,720,4.0,4
1458,1272,4.576400465237071,4
1458,3911,4.271585020266997,5
1459,2858,4.595344098833147,5
1461,1230,3.8969218990996617,5
1462,2791,4.0,2
1463,1580,3.965492338468295,4
1463,2333,4.0,3
1463,2393,3.1249167399674675,3
1463,2533,3.9344859361543016,3
1463,2701,3.856141578645269,2
1463,3826,3.0,3
1464,1036,3.8506941447268805,4
1464,1127,3.6886284268146805,5
1464,2115,3.8370287674838797,2
1465,14,3.0,5
1465,1020,3.0057093180870984,1
1465,1073,4.081433373027199,3
1465,1271,3.3687884905914696,5
1465,1374,3.5966812092650042,5
1465,1927,4.444876575726384,4
1465,1945,4.39114312616067,5
1465,1956,4.235370787636734,4
1465,1969,3.3906256959484016,2
1465,2640,3.603650095219819,3
1465,2716,3.6089151375496877,3
1465,2750,3.7353871110778516,3
1465,2949,4.161882781529927,4
1465,3037,4.360430949066296,3
1465,3363,4.273236251842938,4
1465,3600,1.0,1
1465,3644,3.0,4
1465,3654,4.289426385492769,4
1465,3733,4.328068505795795,4
1466,180,3.9987023027921533,5
1466,750,4.172145201473467,5
1466,1247,4.251774096038406,4
1466,1895,4.0,4
1466,2641,3.896109554665537,4
1466,2709,3.0,4
1466,2888,3.0,1
1466,3108,4.029555614000758,3
1467,2700,3.717567153831108,3
1467,2723,3.6584343147274345,3
1467,3016,4.0,3
1468,1049,3.738248903541909,1
1468,1676,3.676488015912125,2
1469,3096,3.0,4
1469,3819,3.0,3
1470,3,3.748654248779566,2
1470,265,3.7739961193105906,3
1470,573,3.0,3
1470,1196,3.908636786357173,5
1470,1221,3.806513701410563,3
1470,1335,3.0,1
1470,1503,3.0,4
1470,1772,3.0,5
1470,1855,3.0,4
1470,1974,1.4857570010569154,1
1470,1985,1.0,1
1470,2304,3.0,2
1470,2421,3.90367646745125,3
1470,2593,3.0,2
1470,2657,3.617215480686702,1
1470,2743,3.0,3
1470,3004,3.0,3
1470,3090,3.0,1
1470,3575,3.0,2
1470,3620,3.0,2
1470,3621,3.0,1
1470,3864,3.0,4
1472,306,3.0,3
1472,349,3.675633617747957,4
1472,474,3.7685699368114234,5
1472,1213,3.954790944785097,4
1472,1265,3.8104179272235092,3
1472,3755,3.630910689817761,3
1473,442,2.7632955036047213,2
1473,474,3.096373410113751,3
1473,517,2.432373757604787,3
1473,1127,2.7569786740333595,4
1474,337,3.783810415989635,5
1474,2117,4.197973774419316,4
1474,2641,3.543711076468415,5
1474,3911,4.68069675486838,3
1475,1265,4.3458384469157965,3
1475,1569,3.9521531635041276,4
1475,2171,3.0,1
1476,1022,3.8703255131742442,4
1478,2011,4.250583564915447,4
1479,928,4.819396442170522,5
1480,260,3.9560587050871203,5
1480,3513,3.0,3
1481,1,4.421637408211933,5
1481,1029,4.5955695119897015,5
1481,1035,4.5437907211091195,5
1481,1148,4.361110553275173,5
1483,2288,2.8891149860423826,1
1484,412,3.0,3
1484,1249,4.017540454440446,4
1484,1261,3.838842761742515,4
1484,2702,4.0,3
1488,1245,5.0,5
1489,41,3.0,2
1489,260,2.8444645640419983,3
1489,265,3.053722475785073,2
1489,590,2.845107417828854,2
1489,899,3.499711706324213,4
1489,1028,3.1126620633784157,4
1489,1029,3.238399828997973,4
1489,1193,3.093433434475299,4
1489,1296,2.9370257924844223,4
1489,1396,2.7487061406397837,2
1489,2096,3.1324517833756516,4
1489,2291,2.86990098645302,4
1489,2352,2.785053270380644,3
1489,2355,2.6603664381312018,3
1489,2722,1.4195015129925597,1
1489,2840,1.3503869428880977,1
1489,2935,2.7103553690847257,2
1489,3415,3.0,2
1489,3418,2.864187824344002,2
1490,590,4.230737504547067,5
1490,2001,3.966332265303499,4
1490,2023,4.19626989506056,5
1490,3366,4.658977105612983,4
1491,300,3.6056065461707547,3
1491,382,2.153819938617269,2
1491,919,3.6769045543995116,4
1491,1027,2.7434041135740492,2
1491,1729,3.5050315910219636,4
1491,2108,3.507768200164252,4
1491,2324,3.6930066482782204,3
1491,2693,3.0,3
1491,3795,3.0,5
1491,3952,4.0,3
1492,1300,3.0,5
1492,3703,3.5672726769823107,5
1494,364,4.124729333327796,4
1494,1237,5.0,5
1494,2628,4.6999428279951,4
1494,3928,4.0,4
1495,198,2.744635241684111,4
1495,608,2.8925144594642678,5
1495,1012,1.8130613204868562,1
1495,1148,3.8467426003764107,5
1496,163,3.0755475506514394,3
1496,442,2.852835223810367,2
1496,719,2.868371087429168,4
1496,741,3.124241749308477,3
1496,1029,3.15137393018991,3
1496,1259,3.2865024072553415,4
1496,1334,3.1908013844570906,3
1496,1523,3.0,2
1496,1831,2.784326393563642,1
1496,2108,3.419268272603989,4
1496,2109,3.2903844868514853,4
1496,2116,3.0138704808706422,2
1496,2366,3.832420275200559,3
1496,2641,3.013580175516782,3
1496,2916,3.154491671674851,4
1496,2995,1.9385286162015223,3
1496,3697,2.859985924910918,3
1497,1240,4.185995884174976,5
1497,1965,4.1745168213421815,5
1497,3918,3.124415970734256,3
1498,1246,4.011809887587089,5
1498,2329,4.007163316382939,4
1500,1259,4.041455116098772,4
1500,1265,4.013258621303406,5
1500,1517,3.970376619453347,5
1500,3809,4.028781652626267,4
1501,539,4.1088409204389595,5
1501,585,3.6074270903828567,4
1501,589,4.09811377361683,4
1501,852,3.786408484846921,4
1501,1010,3.7766831736094835,3
1501,1012,4.173498683925734,4
1501,1231,4.035982664289241,5
1501,1375,4.027200307988653,3
1501,1702,3.3452963986038102,4
1501,2087,4.01601574693172,4
1501,2098,4.0,4
1501,2124,3.7184716961347144,4
1501,2265,3.0,3
1501,2408,3.74857193674853,3
1501,3614,3.4333598500789333,3
1501,3784,3.0,5
1502,1015,2.5093426287976777,4
1502,1089,3.647142332667474,3
1502,1409,3.583191147450018,4
1502,2334,3.5225134887448024,3
1502,3255,3.5857231019443288,4
1503,1242,3.777895407399432,4
1503,1617,3.582107858846632,4
1503,2353,3.6217552286231602,3
1503,2599,3.7284171938157744,4
1503,3173,3.0,3
1503,3871,4.3296919149399065,4
1505,21,3.969989339608777,4
1505,82,3.0,4
1505,541,4.111426755881549,5
1505,906,3.0,5
1505,1265,3.8053797054238263,5
1505,1639,4.068948006046548,4
1505,2130,4.254190543098321,5
1505,2942,4.132061487578862,2
1505,3044,4.086326297417753,4
1505,3055,3.0,4
1506,1287,3.9422053956894256,5
1508,457,3.9695838567482906,3
1508,2625,3.0,2
1509,32,3.319446329772721,4
1509,180,3.4571698411314173,4
1509,338,3.082032096934632,5
1509,788,3.179539370761658,4
1509,1089,3.4721718858204516,4
1509,1242,3.53144411656373,4
1509,2561,3.0,3
1509,3054,3.0,2
1509,3273,2.7438487323963043,1
1509,3510,3.3312587430376244,2
1509,3793,3.225164350538768,5
1510,266,4.647889856750032,4
1510,2160,4.345198644944387,4
1510,3450,3.87403973906873,4
1511,1964,4.76668836959572,4
1512,370,1.9839256809826764,2
1512,2657,2.9481251408732487,1
1513,1304,4.01292517575763,5
1514,858,4.145254580127005,5
1514,1196,4.073209320413456,5
1514,1197,4.112726340547867,5
1514,3898,3.0,2
1516,485,3.394726413205422,1
1516,720,3.0,5
1516,1148,4.275658909975943,5
1516,1223,5.0,5
1516,1265,3.6910044384193923,4
1516,2053,2.5105260208921445,1
1517,2324,3.8304001329778417,3
1517,2336,5.0,4
1519,541,3.435797108986067,4
1519,589,3.759977610026762,2
1519,1210,3.802018380521831,3
1519,2599,3.9810388575883944,5
1521,1627,2.5051598541218048,3
1521,3386,3.2095418557817763,4
1523,377,3.988886155254912,3
1523,589,3.8559382168956304,3
1523,1257,4.108338334021047,2
1524,10,4.2722154205107845,3
1524,2403,4.091487511468269,2
1524,2716,4.168558778777352,5
1524,3623,4.313122630143632,5
1524,3798,4.0,4
1525,588,3.6309971273659922,3
1529,733,3.8505626689657713,5
1530,524,4.008670190920168,4
1530,1073,4.00750949755544,5
1530,1378,3.8532259759188903,4
1530,1476,3.7779869457465787,4
1530,1500,3.94241069713806,4
1530,2686,3.9694423844773707,5
1530,3052,3.9949958217010577,4
1530,3163,3.0,4
1530,3702,3.9685199184761997,4
1532,2155,3.994504446821346,3
1532,2713,5.0,1
1532,3263,4.206821757081094,4
1533,1911,3.793840606757607,2
1535,3671,4.164548837978589,5
1536,317,4.16683073444835,4
1536,1097,4.444119802641419,5
1538,223,4.085597951806887,4
1538,342,4.135583157900704,5
1538,1711,4.3085845153990565,5
1538,3809,4.149135299264444,3
1539,898,4.624336972979558,4
1540,1617,3.958556457145997,4
1540,2064,3.9981414873250296,4
1542,86,3.0,3
1542,110,3.949730462865762,5
1542,1265,3.968011645851017,4
1542,1911,3.7569207498891255,3
1542,2403,3.876287579329873,4
1542,2549,2.0330572150805444,4
1542,2640,3.9189633221966598,4
1543,849,3.714254292411411,3
1543,1580,3.6199169901830106,3
1543,2300,3.3604989755862182,3
1543,2915,3.626388987400887,3
1543,3784,3.0,4
1544,1196,4.233490777583194,5
1544,1374,4.308815414261947,5
1544,1544,4.209333419333103,3
1544,3157,4.0,2
1544,3175,4.038345527254327,5
1545,1085,3.0,3
1545,1196,3.0858189357985917,4
1545,2921,3.102422396695983,4
1546,350,3.7723981416156858,4
1546,527,3.9977882500384765,5
1546,1517,3.878515333890085,2
1546,1704,3.9192104576870377,5
1546,2961,3.0,1
1546,3360,4.007439899992032,5
1546,3421,4.0356649874923045,5
1547,480,3.8680365894358832,3
1547,1198,3.923228234036855,4
1547,1580,3.8778278646398214,4
1547,2805,3.0,3
1547,2890,3.8770021054003148,2
1547,3654,3.9063819336730212,4
1548,2188,3.0,3
1548,2683,3.351366442923364,4
1551,1208,4.33021834047155,5
1551,2076,4.736585704683291,4
1551,2208,4.0,4
1551,3055,3.0,4
1551,3551,4.254377321440664,3
1552,1584,3.823304216723297,3
1552,1663,3.228014721289994,2
1552,1784,3.8362833870209276,5
1552,2334,3.904632949251517,3
1552,3068,4.506680152935981,5
1554,1264,3.0,3
1554,3147,4.550642221370782,4
1555,1952,4.80124943702742,5
1555,3219,3.48352691419016,3
1556,594,3.390979772866029,3
1556,898,3.9313582537037783,4
1556,1203,4.492789110638778,5
1556,3114,2.8687338321763898,4
1556,3147,2.9430155252744874,3
1556,3421,3.469540163606157,3
1556,3623,3.4204572069888677,3
1556,3897,4.005682352461117,4
1556,3927,3.0,3
1557,441,4.759009018924904,5
1557,2455,4.002626844665026,5
1557,2858,3.8518118085410897,5
1559,1230,3.935274077873669,5
1560,2826,3.3964964147677206,4
1560,3612,3.0,5
1560,3824,3.0,1
1561,1282,3.9104111370796444,4
1561,2394,2.9510909279140334,2
1562,2898,2.6610654530803677,3
1563,551,4.359519506729597,4
1563,2607,3.0,4
1563,3159,3.0,4
1563,3752,2.808269483491041,2
1564,15,3.0,2
1564,1752,2.8531925969921295,2
1565,34,4.0,2
1565,1904,3.0,3
1565,3614,4.0,4
1566,858,4.25400567133866,5
1567,1247,4.076071832574222,4
1567,1580,3.6618924849327037,4
1569,1193,4.727295309154627,5
1569,1423,3.0,5
1570,904,3.51933717279904,5
1570,1617,3.355717762997383,5
1570,1805,2.828927490383856,3
1571,555,3.978585275947304,3
1571,608,4.12794373981056,4
1571,1185,3.9828543830060235,4
1571,1912,3.9901111467968065,4
1571,2542,4.154547088222413,3
1572,2853,3.0,5
1573,1035,5.0,2
1574,1022,3.2639789238212034,5
1574,1194,3.0,5
1575,1214,3.723095229600318,4
1576,58,3.636831896258341,4
1577,34,4.483969470911205,5
1577,2501,4.520457506158685,5
1577,3081,4.11281841424964,4
1579,34,3.8009464275754614,3
1579,296,3.8329916649120155,5
1579,428,3.982791304951363,3
1579,804,4.0,3
1579,1265,3.7646794150823273,5
1579,1653,3.6828228270519023,3
1579,1658,3.0,3
1579,1784,3.755553180777512,4
1579,2022,4.0,4
1579,2276,3.0,4
1579,2371,3.316382864224763,2
1579,2402,2.953141943802442,1
1579,2617,3.2181605116518806,1
1579,3253,3.665548411507581,4
1579,3825,3.0,4
1581,110,3.6758874085652846,4
1581,2171,3.0,4
1581,2572,3.7024076726181154,2
1582,2555,3.0,3
1582,2694,4.364232070527746,4
1584,116,3.0,4
1584,165,3.1214532487029873,2
1584,194,4.522616811350262,5
1584,288,3.600823769328379,2
1584,292,3.517070510386519,3
1584,1213,3.8191051541951224,4
1584,1356,3.2761182795673363,4
1584,2300,3.4358731550208157,3
1584,2918,3.595899086047539,4
1584,3104,3.872574498724197,4
1584,3147,3.5399504626469174,5
1585,150,3.750008477596032,3
1585,1357,3.9701503149039725,5
1585,2058,3.6464776756901744,3
1585,2471,3.5954112175647936,3
1586,610,4.352574432856437,2
1586,908,4.806951030274215,5
1586,1080,4.655281513493643,3
1586,1093,4.428511180803033,4
1586,1224,4.999999999999999,5
1586,1303,5.0,5
1586,1370,4.373720597911511,5
1586,2105,4.379597027882033,4
1586,2116,4.319769357498108,4
1586,2687,4.789442319877237,4
1586,2791,4.609049479200581,4
1586,2857,4.424238145945593,5
1586,3022,3.0,5
1586,3060,4.507279560901729,5
1587,144,3.0,3
1587,260,3.711206258279955,4
1587,352,3.0,4
1587,779,3.0,1
1587,804,3.0,3
1587,1022,3.896566426499619,4
1587,1225,3.8169486715121677,5
1587,1230,3.9792862441069348,2
1587,1267,3.9685195511216778,5
1587,1274,4.0,4
1587,1381,3.0681000502650186,4
1587,1866,3.0,2
1587,2340,4.0,4
1587,2770,3.6922044113619834,4
1587,3178,2.7862590812491326,2
1587,3252,3.490949355686112,2
1587,3448,3.5302118852615942,3
1587,3705,2.472722189814595,2
1587,3733,3.276307267478759,3
1588,1961,4.299016645313935,4
1589,551,4.1565685023618455,4
1589,1219,4.404685497906069,4
1589,1580,3.98461583670679,3
1589,3527,3.982412839566526,4
1590,3586,3.0,5
1591,589,4.414254974009974,5
1591,1135,4.327184678862336,4
1591,1244,4.77509135140776,5
1591,1385,3.9924885483558588,5
1591,1608,4.409287286433259,4
1591,1968,4.332954616329969,3
1591,2752,5.0,5
1591,3090,3.0,5
1592,1090,3.7673213514128006,4
1592,1125,3.4538242297038932,5
1592,1200,3.72340199496002,2
1592,1374,3.445899950283081,2
1592,1892,3.3974243800910884,3
1592,2804,3.539334627294747,4
1592,3362,3.910596089694283,3
1592,3948,3.75584539746604,2
1593,32,3.4993908646395924,2
1593,1986,2.3464118592614427,2
1593,2355,3.632139031565622,4
1593,3499,3.5851585371557,4
1593,3916,3.213566186097455,4
1594,1265,3.9024423656239753,4
1594,1641,3.822193913464941,5
1595,2291,4.186186233316975,3
1595,2859,5.0,4
1596,2805,2.958755817824511,2
1597,377,3.1865507043860353,2
1597,1097,3.761642205978349,4
1597,1307,3.518076299030724,2
1597,1405,2.1715526746248335,4
1597,2410,3.6208588721513313,4
1597,2421,3.366126751858348,3
1597,2700,3.115110829738271,5
1597,3952,3.1584648540622244,5
1598,1320,3.647150317114737,3
1598,2046,3.6254278331638683,3
1598,2365,4.0,3
1598,3753,3.872044567534908,4
1599,367,3.369883450503792,1
1599,435,3.3291389678222334,3
1599,454,3.5349165676654803,4
1599,595,3.362650859834864,1
1599,596,3.298634167356876,2
1599,839,3.0,1
1599,1129,3.250426968795019,5
1599,1721,3.4916976569717413,4
1599,2081,3.317092311554381,3
1599,2384,4.0,3
1599,2406,3.3577405527501893,2
1599,2694,3.1715588088964086,3
1600,327,2.998352483101174,2
1600,427,3.0,2
1600,1042,3.7963802084850777,4
1600,1375,3.7164433500919896,3
1600,1641,4.01793926993837,4
1600,2527,3.7627004069614363,4
1600,2791,3.8842679233324264,4
1600,3489,3.8233096415617753,4
1600,3525,3.773030902766379,2
1600,3614,3.740144093045282,2
1600,3649,3.0,3
1600,3705,2.525653452814462,3
1601,11,4.501931696928738,3
1601,1356,4.074584932881603,4
1601,2000,4.228251467121248,4
1601,2699,4.033457584747763,4
1602,1196,4.508960073845296,5
1602,2622,5.0,4
1602,2997,4.562584816978854,5
1603,17,3.8586843093428524,5
1603,39,4.517364507929136,4
1603,50,3.6115209091273095,5
1604,1673,4.347190083734728,5
1605,4,3.0,3
1605,105,4.0,2
1605,181,3.0,3
1605,187,3.0,4
1605,239,2.96450613381993,3
1605,333,3.2717969155653996,3
1605,342,3.6989269001403877,5
1605,346,3.0,3
1605,486,2.501672295699338,3
1605,805,3.567829022044836,4
1605,832,3.5380884220506905,3
1605,858,3.6487527526442527,4
1605,1013,3.489131981849074,5
1605,1280,3.0,4
1605,1334,3.2582133928640142,2
1605,1644,3.121871470305502,3
1605,1728,2.0,3
1605,1777,3.558776513166523,4
1605,1836,3.0,2
1605,1995,2.923959639675135,3
1605,2071,3.0,5
1605,2108,3.55614863410437,2
1605,2395,3.5956498910625534,3
1605,2485,3.7049546615269775,4
1605,2696,3.0,4
1605,3264,3.4823640166248526,3
1605,3300,3.49650472204318,2
1605,3398,3.5949950384178164,4
1605,3671,3.569551702661256,3
1605,3825,3.0,4
1606,761,3.0,3
1606,3943,3.0,4
1607,904,3.0489280146002185,5
1607,1240,3.221368740961975,4
1607,1304,3.3423860167621626,3
1607,3361,3.2405619906750616,2
1607,3461,3.0,4
1607,3550,2.5050988341366147,4
1607,3578,3.2945149274958605,4
1607,3731,3.0,4
1608,2336,3.2076300640557553,3
1608,2394,3.3140041565033664,3
1608,2485,1.0,1
1608,3615,3.0,1
1609,105,4.0,3
1609,1265,3.691643964060869,4
1609,1269,4.153010546744199,5
1609,2671,3.533835855074689,4
1609,3160,3.584651681325911,4
1610,2871,4.245225180721018,3
1611,784,3.2586204703460706,4
1611,913,4.603026774069591,5
1611,1009,3.774093839030658,4
1611,2081,3.8990777191605894,4
1611,2085,3.9476117069364896,3
1611,2115,3.828816251006128,4
1611,2142,3.7531464894427797,2
1611,2159,3.9990208952936763,2
1611,2380,2.2616647108508574,2
1611,2459,4.202235329003787,4
1611,3147,4.075512311134303,5
1611,3527,3.9101002599755224,4
1613,260,4.03809640228657,5
1613,534,4.328259508018697,5
1613,543,3.7906227536496813,4
1613,588,3.9758002518188333,5
1613,637,1.2399337181235406,3
1613,829,3.0,2
1613,1036,3.9481303923218505,5
1613,1089,4.2246910711261725,4
1613,1200,3.9323902151666363,5
1613,1635,4.373798889562368,4
1613,1719,4.127603099903698,5
1613,1841,3.0,3
1613,1892,3.972910078065505,3
1613,2265,3.0,1
1613,2922,4.317761116522149,4
1613,3088,4.456348919425459,4
1613,3100,4.3411162606829,3
1613,3261,3.7440032773538108,4
1613,3681,4.511744121376375,4
1613,3753,4.183208751512646,4
1614,349,3.106904043058594,4
1616,785,3.1759575605144024,3
1616,1297,3.3658926508392835,4
1616,2167,3.112868298093673,3
1616,2248,3.5122847305183664,5
1616,2302,3.313032000638254,2
1617,260,3.436365013750928,5
1617,1210,3.424809540283197,4
1617,1411,3.393237760202545,5
1617,3535,4.0,2
1618,912,4.325122984352398,5
1618,951,3.8649925653942003,3
1618,1945,4.403474582597769,4
1620,50,4.027109676253722,5
1620,296,3.8724131427910176,5
1620,1089,4.013464853603417,5
1623,924,4.387718842171389,5
1623,1653,4.2332928457789585,3
1624,292,2.881408516814472,1
1624,1477,3.0,4
1624,1573,3.019051097651854,5
1624,2808,2.3602109279248227,2
1624,2989,3.0410928326181454,2
1624,3197,3.0964724050812804,4
1624,3939,3.0,1
1625,2770,4.022831505678321,3
1626,562,4.490732058311751,4
1626,1214,3.8826433653008343,4
1626,1997,3.589057018699016,3
1626,2004,3.4101873783144407,2
1626,3949,4.039350540152198,4
1627,2021,3.6895354241925213,2
1628,300,4.121285826898849,4
1628,493,3.92896572670105,4
1628,750,4.263470386198672,4
1628,783,4.20219596226336,4
1628,1196,3.9767323514761306,5
1628,1242,4.113793747992016,5
1628,1704,4.041580429066861,4
1628,1917,3.4966429529535423,3
1628,3481,4.249135340508108,5
1628,3512,3.0,4
1628,3793,3.847369934996043,4
1628,3841,3.501836510363403,1
1629,858,3.7633235684494717,4
1629,1527,3.5289129101504417,5
1630,1653,2.5967454273606494,4
1630,2012,2.3134007795870257,3
1630,3262,1.0,2
1631,11,3.7573405627414385,5
1631,468,4.02904740309931,3
1631,1387,4.185061295875436,5
1631,2102,3.0,5
1631,2152,3.0,3
1631,2324,4.245972887066284,5
1631,2686,4.4010952404855335,5
1631,3524,3.889596893402201,4
1631,3720,3.0,3
1632,151,3.0640742179090927,3
1632,288,2.6977916125364305,5
1632,508,3.1319067133303933,3
1632,956,3.0,3
1632,1060,3.089111355449418,2
1632,1213,3.2698781747288748,5
1632,1227,2.969023916918284,2
1632,1250,3.319155068729872,4
1632,1280,3.0,3
1632,2077,2.0,2
1632,2248,3.144583493679698,3
1632,2495,3.0,4
1632,2571,2.945221185349489,2
1632,2890,3.17080118807416,4
1632,3105,3.080433152088936,3
1632,3198,2.980658563627453,3
1632,3462,3.057454733301218,3
1632,3552,2.903302824675248,3
1633,266,4.036959947101508,3
1634,339,4.042582814725799,4
1634,515,4.365239680400817,4
1634,1569,3.938156260943625,4
1634,2094,3.7591403936335572,3
1635,48,3.687996898940034,2
1635,150,4.086885047659348,4
1635,161,3.93228344723472,4
1635,253,3.916916761990772,5
1635,605,3.5670481516828674,4
1635,799,3.6039198679541204,4
1635,913,4.764792056851384,5
1635,1073,4.064089953667387,5
1635,1389,2.3246242514718047,2
1635,1772,3.0,3
1635,2012,3.8076777684120335,3
1635,2371,3.5181313696368868,4
1635,2990,3.3778830077174264,3
1635,3104,4.270780663734109,3
1635,3340,5.0,5
1635,3396,4.117151457404868,4
1635,3477,3.509837247295081,3
1635,3681,4.26674132407565,4
1635,3791,3.2879230483452737,3
1636,265,3.550976771950769,4
1636,2699,2.6528936953296367,1
1636,2710,2.9140651704198968,5
1636,2723,2.8967152131459897,4
1636,3285,3.0,1
1636,3325,3.0,1
1637,1320,4.06047445276906,4
1637,1584,4.138691149643683,5
1637,1961,4.221794670528053,5
1638,3457,3.0,5
1639,9,3.0,3
1639,95,3.7541746083258993,3
1639,141,3.6432094150551104,3
1639,163,3.8983052016864317,3
1639,480,3.879926443088259,5
1639,852,3.8060859289066533,3
1639,1130,3.438491180345029,3
1639,1218,4.0,5
1639,1260,4.0,3
1639,1288,3.7541413108860096,3
1639,1334,3.944766079370658,4
1639,1608,3.882307218072268,4
1639,1639,3.9727775635846356,5
1639,1954,3.913287241608563,5
1639,2011,3.6930198371413505,4
1639,2058,3.9682015177880023,5
1639,2313,4.085228477713732,5
1639,2410,3.7854149128868912,4
1639,3408,4.048320073556162,4
1640,165,2.544560782947026,2
1640,748,2.6745648071260537,3
1640,2617,2.483017223800156,3
1640,2812,3.0,2
1640,2916,2.9416454724018517,2
1640,3276,3.0,3
1641,799,3.0301717664736834,3
1641,1339,2.779916027182327,2
1641,1756,2.0,1
1641,2012,3.1949035220756103,4
1641,2315,1.7277914114138626,3
1641,2762,3.6372815378306287,5
1641,3160,3.9403198072442276,2
1641,3717,3.0563823257682325,1
1641,3895,3.0,3
1642,1208,4.046832808878445,4
1642,2520,3.0,4
1643,745,5.0,5
1643,1127,4.4426469440372225,3
1643,2952,3.0,5
1644,2188,3.0,1
1645,69,3.4793743659416734,3
1645,248,3.0,4
1645,360,3.0,5
1645,653,3.8218084260054614,5
1645,834,3.0,3
1645,1321,3.9009278587069036,5
1645,1629,3.0,5
1645,1968,4.069026107461636,5
1645,2114,4.415683411742475,5
1645,2841,4.516271502962781,4
1645,3448,4.164121037303285,5
1645,3877,3.0,2
1646,151,3.0880333838077094,2
1646,161,2.8109108079006817,4
1647,248,3.0,3
1647,500,3.69786726945407,4
1647,1024,3.5391029656680337,3
1647,1027,3.4363944879791997,3
1647,1089,3.9745223623022086,5
1647,1274,3.9550296259258797,4
1647,1909,3.6777526175487085,3
1647,1997,3.5178722173248533,5
1647,2144,3.7411416973810594,3
1647,2683,3.6586493716871518,4
1647,3081,3.554901169660593,4
1647,3363,4.073398123648661,3
1648,1197,3.6442013294246585,4
1648,1204,3.6146846122043113,3
1648,2746,3.2662673268896483,4
1649,2571,3.8427933725879964,4
1650,50,3.9933923640789897,5
1650,1183,4.089418700781313,3
1650,1237,3.7052415562553285,3
1650,2294,3.8176102936001315,3
1651,1208,3.1860825733806712,3
1651,1222,3.3502440653242043,2
1652,524,4.015878226337061,4
1654,2919,4.6427329356934,5
1655,318,4.129966275133595,5
1655,524,4.001029429358953,4
1655,1060,4.247379505506319,5
1655,2858,4.085148352130309,5
1655,3404,3.0,4
1656,3510,4.401748942997903,5
1656,3793,4.0,4
1657,2018,3.84280313224351,3
1658,296,3.425701925066785,4
1658,562,3.278256317445672,4
1658,720,4.0,5
1658,724,3.3256392555801377,3
1658,1836,3.0,4
1658,2393,3.716456657508584,4
1658,3033,3.593286912265099,2
1658,3052,3.4537848967014475,3
1659,551,3.3086694496836824,5
1659,1580,3.517265404926171,5
1659,3354,4.2597206660228215,3
1661,1266,3.810496787639321,5
1661,2028,3.8385825649333865,4
1661,3142,3.0,4
1662,1259,4.329334041711061,4
1663,150,4.229396892967858,5
1665,1240,3.89843324103807,5
1666,88,3.482825629474058,3
1666,595,3.693497528548405,3
1666,707,4.0,4
1666,991,3.0,4
1666,1036,3.633251433029205,4
1666,1242,3.725245482487026,2
1666,1442,3.0,3
1666,2194,3.4096027364948056,4
1666,2253,2.9819368511938236,3
1666,2858,3.6846663536975814,4
1666,3114,3.255664239550516,3
1666,3702,3.63189444084056,3
1667,487,3.0,3
1667,1047,3.5094830811402695,3
1667,1256,4.341195987376991,3
1667,1263,4.145442609692113,4
1667,2764,5.0,4
1667,2881,3.8000290538985073,4
1667,3256,3.5823094907568973,4
1667,3644,3.0,3
1670,3923,3.4896826788619317,4
1670,3930,3.5626173127095573,3
1671,898,4.157245364934365,5
1671,904,4.280433958503559,5
1671,928,4.305599206058242,5
1671,1073,3.623721827073541,5
1671,1080,3.8160421718326183,5
1671,1125,3.929624329296321,2
1671,1223,3.6888012594332005,4
1671,1233,3.9658280064025457,5
1671,1300,4.513005236752197,3
1671,1333,3.8657442084088323,5
1671,1728,3.0,4
1671,1958,4.034194716727995,4
1671,2174,4.100382166025893,4
1671,2193,3.449310289498317,4
1671,2528,3.491787424013595,3
1671,2573,3.0,4
1671,3099,3.8883268299559726,3
1671,3897,3.7911617191554057,3
1674,357,3.660163065191821,3
1675,2,3.633541431500302,4
1675,170,2.8225338917824643,2
1675,239,3.1060087024587593,2
1675,842,2.3884457298234905,2
1675,1004,2.2079662801937845,1
1675,1064,3.228809273024719,2
1675,1073,3.8386298940043844,3
1675,1278,4.027487938379922,5
1675,2355,3.860721347428209,4
1675,2406,3.7880250090490293,3
1675,2407,3.6462353035340076,4
1675,2464,3.0,3
1675,2513,2.911488287682627,1
1675,2616,3.237156402878303,2
1675,3274,3.188666757237539,3
1675,3459,3.0,4
1675,3466,3.0,4
1676,112,3.797530715351359,4
1676,312,3.0,1
1676,379,3.5421554818246306,4
1676,788,3.8879319328816146,2
1676,840,2.0,3
1676,1266,4.311340139292972,4
1676,1359,3.188092857371866,2
1676,1500,4.2027596826055165,5
1676,1597,3.9583866174095634,3
1676,1923,4.1153679244530865,5
1676,2011,4.047276570359449,5
1676,2036,2.8520034865351707,3
1676,2080,4.443572195235135,5
1676,2119,3.4903734267197275,4
1676,2389,3.341876726023127,1
1676,2581,4.038554440793419,4
1676,2770,4.2732628898000025,5
1676,2812,3.0,3
1676,3113,3.630620631698725,3
1676,3159,3.0,5
1676,3618,3.0,3
1676,3937,3.0,3
1678,3301,3.49309994568748,2
1679,2987,4.236397126554944,4
1679,3578,4.171771500708446,5
1680,21,3.9857050754038523,4
1680,151,3.6804148941254367,5
1680,156,5.0,5
1680,236,3.5435854468467163,3
1680,248,3.0,5
1680,257,5.0,2
1680,265,3.9283085424879043,1
1680,328,3.641231432269737,4
1680,352,3.0,3
1680,489,3.0,3
1680,580,3.0,4
1680,595,3.720485052582771,4
1680,670,3.0,1
1680,674,3.9348285719289056,4
1680,678,3.0,4
1680,928,4.454453211453525,4
1680,1046,4.064737625008959,4
1680,1279,4.663275793929563,5
1680,1301,3.943998807453039,4
1680,1335,3.0,4
1680,1374,3.773936492986514,5
1680,1405,3.893164063697016,4
1680,2027,3.015173915285049,2
1680,2031,3.0,3
1680,2037,3.0,4
1680,2119,4.058256498779548,4
1680,2126,3.3617175279663623,5
1680,2141,3.651694382067904,4
1680,2145,3.9321896525713615,4
1680,2177,3.0,5
1680,2338,3.3859061744749144,3
1680,2384,3.874818896805917,5
1680,2545,3.0,5
1680,2622,3.0,4
1680,2712,4.111763217010307,5
1680,2718,3.0,3
1680,2735,3.557749999208881,4
1680,3020,3.4945077350082765,3
1680,3098,3.923821719004645,2
1680,3130,3.0,4
1680,3146,3.0,1
1680,3272,3.98476669852682,5
1680,3331,3.0,4
1680,3341,5.0,4
1680,3431,2.1964317136322364,3
1680,3587,2.0,4
1680,3690,2.7799442990707695,2
1680,3753,3.63567092408547,1
1680,3927,4.0913504872067,4
1680,3938,2.9999999999999996,4
1681,1080,4.258496769704442,3
1681,1225,4.487778872775068,5
1681,1252,4.409297176022376,5
1681,1257,4.492830515731218,4
1681,1259,4.256063173541286,5
1681,2093,3.0,3
1681,2987,4.2979805317822555,5
1681,3071,4.291371852084986,4
1682,2158,3.0,4
1683,1956,4.4077664852555385,5
1685,150,3.4951098540624668,3
1685,224,4.341721195904753,3
1685,581,3.0,5
1685,1148,3.416564781836861,4
1685,1411,2.9999999999999996,5
1685,1883,3.400449633551179,4
1685,1968,3.5256256093464726,4
1685,2109,3.404505661278868,3
1685,2144,3.5005559030277174,4
1685,2795,3.531299550441917,3
1685,2872,3.376545786575405,2
1686,3160,3.0,2
1687,118,3.0,4
1687,586,3.679093964135767,5
1687,1294,3.9742054542655243,5
1687,1824,3.0,3
1687,1912,3.734725985414357,4
1687,1920,3.0479935717435036,3
1687,2109,3.851368801072173,3
1687,2926,3.9801362788093217,5
1687,3052,3.9151050687342654,4
1687,3263,3.9309226407155338,4
1687,3385,3.193069728006418,3
1687,3396,3.9520124451281333,4
1687,3809,3.851421825242998,4
1688,29,5.000000000000001,5
1688,724,3.116642310145308,4
1688,1320,3.5357798752695246,3
1688,1371,3.4255630048417403,1
1688,2046,3.6955427204372793,4
1688,2759,3.610621185772131,4
1689,2115,3.9388037980806003,4
1689,2167,4.043368747978167,5
1690,2491,3.0,3
1690,2605,3.669263984683278,4
1690,2881,3.5956030952759006,4
1690,3081,3.620881682152521,4
1690,3499,3.8410037811778346,3
1691,1197,3.561060622702951,5
1691,3566,3.0,3
1692,1387,4.468613698287376,5
1692,2366,4.611473865652413,5
1693,296,3.9371868500976706,5
1693,750,4.077811121721815,4
1693,942,4.212564995643816,4
1693,1233,4.180677493267793,4
1693,1248,4.200797916147296,5
1693,1729,3.786904569860055,5
1693,1953,4.120712175713149,4
1693,2804,3.9663644105633837,4
1693,3101,3.9126907006514675,3
1693,3129,3.0,4
1694,253,3.8338155601848456,3
1694,915,3.714681188657707,5
1694,1208,4.2156976093603244,4
1694,1214,3.9778672538928332,5
1694,1247,4.156806488885659,5
1694,2193,3.8425705501731557,4
1694,2804,4.009724888076464,5
1695,1278,3.999134261418222,5
1695,2278,3.8643910301691227,4
1695,2642,3.255389515772755,1
1695,3153,3.036406739245664,4
1695,3471,3.802733461829765,3
1696,81,5.0,4
1696,95,3.664831772001697,3
1696,509,4.267726310752343,3
1696,1198,3.627315133130475,5
1696,1242,4.214181189516412,4
1696,1673,4.243176189571746,3
1696,2194,3.592891407720082,5
1696,2291,4.190473666745132,2
1696,2427,4.341859085376538,5
1697,34,4.270325500291165,4
1697,628,4.34551582317831,4
1697,900,4.716562115618932,4
1697,1193,4.279874229342106,3
1697,2445,3.0,3
1697,3448,4.468077591587326,5
1697,3669,3.0,4
1697,3873,4.48547905361717,5
1698,377,3.7560577914347055,3
1698,429,3.3358133242695693,3
1698,440,3.827319033574938,4
1698,457,3.8467727662150666,4
1698,1032,3.9506429891686166,4
1698,1080,4.19547367725211,5
1698,1097,3.9227455172509393,2
1698,1212,4.405803318305884,5
1698,1343,3.7486089310591795,2
1698,1613,3.0,2
1698,1673,4.148892946364449,2
1698,1916,5.0,2
1698,2000,3.746502021583451,4
1698,2108,4.0233893954217885,3
1698,2115,3.6761178141822595,1
1698,2330,3.0,4
1698,2361,3.0,5
1698,2683,3.890910971947209,3
1698,2843,3.0,5
1698,2871,4.119540033381376,4
1698,2877,4.0,3
1698,3008,3.0,4
1698,3036,3.0,3
1698,3082,3.524452570229824,3
1698,3224,3.0,4
1698,3416,3.0,5
1698,3635,3.6176361300554265,3
1698,3675,4.364750023522928,4
1698,3932,3.850095091585203,4
1699,950,4.896409833214127,5
1699,1174,3.0,4
1699,1449,3.9824056307742235,5
1699,2182,5.0,4
1699,3253,4.180699751864366,4
1699,3422,4.0,4
1699,3897,4.355327482724967,4
1701,279,3.0,5
1701,764,3.0,4
1701,914,4.181023398986594,5
1701,1193,3.8230562612581735,5
1701,1261,2.8021463347166753,1
1701,1674,3.8832349681217244,4
1701,1834,3.826694904845274,3
1701,2454,2.824501643837243,4
1701,2791,3.629228019761508,3
1701,3081,3.4521951306391596,5
1701,3114,3.765249364508906,5
1701,3358,3.6690183597902144,4
1701,3424,3.654574661688911,3
1701,3623,3.9395155798384396,3
1702,281,5.0,4
1702,2719,4.12170802460444,4
1702,3174,4.660085441656523,5
1702,3793,4.761229830688921,5
1703,1748,3.950548937439854,5
1703,1969,3.0,4
1705,3484,3.0,3
1705,3596,3.0,4
1706,387,3.0,2
1706,933,4.12801496838588,3
1706,1285,4.22358165190809,3
1706,1517,4.1390965905972035,5
1706,1914,3.0,4
1706,2804,4.133172717717208,5
1707,1162,3.0,5
1707,3163,3.0,5
1708,2541,3.774278729236542,3
1709,5,3.5090977071457723,5
1709,21,3.525541655771734,2
1709,410,3.5106149769110835,3
1709,1614,3.8460102121356154,5
1709,2151,3.0,4
1709,2355,3.901881335378839,3
1709,2717,3.7696097809168085,3
1709,3387,3.9488712987431334,3
1710,2582,3.0,4
1710,2594,3.0,4
1711,215,3.0,4
1711,265,3.0,3
1711,543,3.6962837213694457,3
1712,43,3.0,2
1712,150,4.079276037004858,5
1712,300,3.9829050995479673,4
1712,508,4.220650156962495,5
1712,1073,4.043932085243401,4
1712,1199,3.739161807036248,2
1712,1270,4.00432044218846,5
1712,1466,4.1639177845559745,3
1712,1648,3.0,2
1712,1909,3.868162220332686,4
1712,2105,4.083551689783257,4
1712,2395,4.017795269610701,2
1712,2640,3.770159303906582,3
1712,2687,3.707631442635258,3
1712,2921,3.9418577204571683,4
1712,3152,3.5203580331767985,1
1712,3261,4.02880342514304,4
1712,3824,3.0,1
1712,3926,3.0,3
1714,144,3.0,4
1714,344,3.4772188687574532,3
1714,745,4.201264211501183,5
1714,1148,3.8435754646382545,5
1714,1295,4.0,4
1714,1321,3.7515937963720356,4
1714,1376,3.5376563479449064,3
1714,2011,3.495208381992625,3
1714,2133,3.4880378795213383,3
1715,1036,4.23796265050939,5
1715,3536,4.253320904463855,4
1716,2294,3.6573646177338204,4
1716,2336,3.7841351231441402,5
1716,2761,4.377841721851114,3
1716,3155,3.0,3
1716,3267,3.615292281071326,1
1717,110,3.780777898257785,1
1717,253,3.6030991275734006,2
1717,300,4.053504454438743,3
1717,306,4.3553747218609,5
1717,1094,4.127042948206,4
1717,1097,3.940600792659465,5
1717,1203,4.267398925321847,5
1717,1958,3.9655731086071477,5
1717,1960,4.44053714679738,5
1717,2353,3.4705218265819298,3
1717,3783,3.0,5
1717,3819,3.0,5
1718,480,4.707901013933757,4
1718,1089,4.775280654243072,4
1719,1127,2.7918974416585565,5
1720,1259,4.230059749012865,4
1721,2716,2.7149728366162704,3
1721,3264,2.4999817762818215,2
1722,1175,4.373637009090854,4
1722,1196,4.673148370995211,4
1722,2288,4.401980360770043,5
1722,3662,4.0,4
1723,2986,3.6440750956927324,3
1723,3032,3.543311825838365,5
1724,431,3.0,4
1724,1487,3.0,4
1724,3081,4.010434297879241,3
1726,10,2.546801371104161,4
1726,44,1.9028708855402776,2
1726,145,2.032833713159558,3
1726,1210,2.765270425985318,3
1726,1702,1.9763400199296084,1
1726,2399,3.0,1
1727,95,3.996148201929401,3
1727,170,3.685040818887323,4
1727,368,4.087038319949827,4
1727,592,4.1760571810458895,4
1727,919,4.3806396110006975,5
1727,1197,4.277528063141748,5
1727,1201,4.462917458725971,5
1727,1291,4.22547994434015,4
1727,1374,4.135062234322657,5
1727,1732,4.259176579499246,4
1727,1769,3.9191298843124085,4
1727,1958,3.9901951524124977,3
1727,2032,3.0,4
1727,2716,4.119286983274104,4
1727,3622,3.0,4
1728,1230,4.45177459128811,4
1729,2773,3.0,4
1729,3498,3.0,3
1730,3190,3.0,2
1731,1673,3.867018502380443,5
1731,3854,3.0,5
1732,296,4.905188076777,5
1732,3300,5.0,4
1733,522,3.0,5
1733,592,3.6065862532458657,4
1733,1339,3.4852303109360485,4
1733,1370,3.4512016569599666,3
1733,1407,3.3885127655613765,3
1733,1449,4.320083260630867,4
1733,1580,3.591820509329784,3
1733,1635,4.308935359217727,4
1733,1673,3.9643215236409497,5
1733,1748,3.801135597526431,3
1733,1876,3.230771416510837,2
1733,1993,2.678389481586842,2
1733,1999,2.331307503584032,2
1733,2128,3.0,4
1733,2287,4.128533366263507,4
1733,2290,3.0,3
1733,2338,2.3308548555917814,2
1733,2371,3.7850362933746573,4
1733,2700,3.673350657026035,4
1733,2745,4.237840668026556,4
1733,2747,2.3918759748078737,4
1733,2804,3.823516539380918,5
1733,2916,3.5978328041423353,4
1733,2964,3.0,5
1733,2986,3.4170453763326307,3
1733,3075,3.0,4
1733,3078,3.0,4
1733,3328,4.6622201409768245,4
1733,3510,3.4856638712020973,4
1733,3539,3.0,4
1733,3569,3.0,4
1733,3838,2.328003605054356,2
1734,1293,3.888858439335237,5
1734,1296,4.500666566796528,5
1736,1101,3.517503883733992,4
1736,2144,3.3804998044353995,4
1736,2717,3.3650649212010113,4
1736,2734,3.0,5
1736,2736,3.931372093142862,3
1736,3444,2.989232324309039,3
1737,2,3.954316837490244,4
1737,66,3.0,2
1737,376,4.214785740318038,4
1737,587,3.892464853031323,4
1737,671,4.500500183037844,5
1737,1610,3.9935431483965567,5
1737,1821,3.2654759470755357,3
1737,1911,4.025106684853649,3
1737,2033,3.5366004783492873,4
1737,2107,2.795455138838563,3
1737,2122,2.5180766144818265,3
1737,2259,3.7533178554278144,3
1737,2693,3.0,3
1737,2712,3.76339566217614,1
1737,2860,3.0,3
1737,2916,3.980783651554452,5
1737,3388,3.3310406191220383,3
1737,3846,4.0,4
1738,524,3.0,4
1738,2657,4.467561898066803,4
1738,3384,3.0,4
1739,50,4.253237218484358,4
1739,3384,3.0,3
1740,457,3.89967956297746,3
1740,1295,5.0,4
1740,2997,3.979632797809255,5
1741,39,4.227770746603902,4
1741,260,4.174233123579012,5
1741,376,3.45331741901294,5
1741,501,3.0,4
1741,1276,4.671417351911542,5
1741,1912,4.415734099228969,4
1741,1925,3.0,5
1741,1941,3.0,5
1741,2370,3.0,5
1741,2657,4.263604684202979,5
1741,2668,3.0846673502434645,3
1741,2847,4.0,4
1741,2920,5.0,5
1741,3104,4.322832144937745,4
1741,3108,4.449755318500946,5
1743,2021,4.374741252036866,1
1744,1271,4.09560529020114,3
1744,1302,4.268420689929165,4
1744,2352,4.02369007704077,5
1746,1031,4.50244769426493,5
1746,1033,4.599671471439643,5
1746,1206,4.676558669322252,5
1746,1273,5.0,5
1746,2094,4.395004436367356,5
1746,2137,4.6756932049893845,3
1746,2321,4.385529870619499,5
1746,2448,3.6473889195643983,5
1746,2699,4.397663297169734,2
1746,3572,3.0,1
1747,965,3.0,2
1747,1197,2.6790432550641694,3
1747,1200,2.502447597293979,3
1747,2967,3.0,2
1747,3548,3.0,4
1748,36,3.6448499313154454,3
1748,260,3.6477244743758983,4
1748,356,3.5695293525900866,4
1748,593,3.6722997088528824,3
1748,955,4.091053342375507,4
1748,1084,3.981833731164067,3
1748,1404,3.0,3
1748,2178,3.555975334729001,4
1748,2245,3.4861943217978983,3
1748,2463,3.6256074374906775,3
1748,2983,4.010042298360948,4
1748,3070,3.4145703793066287,3
1748,3095,4.069808104996005,4
1748,3543,3.7331977299693704,4
1748,3814,3.8257882739492675,4
1748,3950,3.0,3
1749,902,2.926265526864943,2
1749,903,3.019269145829834,5
1749,1150,3.0,3
1749,1249,2.83120309242205,3
1749,1673,2.7295236620993526,3
1749,1998,1.7918762054267885,1
1749,2064,2.8611564130176177,3
1749,3150,3.0,4
1749,3168,2.8452102338606524,3
1749,3377,4.0,3
1749,3521,3.780315712741834,3
1749,3702,2.6778925766280484,3
1749,3703,2.6991669556157283,3
1749,3751,2.5743122278313084,3
1749,3896,2.019721953850275,2
1750,3510,2.8730929590009486,1
1751,912,5.000000000000001,4
1751,3948,4.819253099851358,5
1752,110,4.099482083844433,4
1752,292,3.9133584930409717,3
1752,562,4.162767754159385,5
1752,733,3.996804163517902,4
1752,1259,4.1314902128911335,5
1752,1289,4.0,3
1752,1729,4.172436386279357,4
1752,1885,4.198709367691065,4
1752,2268,4.059885534576538,5
1752,2361,3.0,4
1752,2393,3.6340496592826055,2
1752,2422,3.662884549393361,2
1752,2517,4.159096581820747,4
1752,2617,3.6263358640102425,4
1752,3527,4.087764573144301,4
1752,3608,4.15994132636119,4
1753,1193,4.422103737547,5
1753,1580,3.937166536760841,5
1753,2061,3.0,4
1753,2984,3.0,5
1753,3705,3.753662870739763,2
1753,3841,2.974232863503686,4
1753,3865,3.0,4
1754,1210,3.3556203930940813,3
1755,26,3.0,4
1755,39,3.9548036943535685,2
1755,466,3.9135757613081887,4
1755,518,3.0,3
1755,588,3.876317979246057,3
1755,595,3.911761873440249,5
1755,907,5.0,5
1755,924,4.1916822000773175,2
1755,1270,4.0269542168663515,4
1755,1297,4.1460436497118245,2
1755,1895,4.0,5
1755,2692,4.481523476008188,4
1755,3108,4.2922745282600445,5
1755,3147,3.9157976993450956,5
1755,3548,5.0,5
1756,1959,3.0013192025485194,4
1757,593,4.2324309664864606,5
1757,673,3.7476045741411497,1
1757,783,4.542697992686014,4
1757,866,4.444041785562383,4
1757,1037,3.5400396071285893,2
1757,1344,5.0,5
1757,1373,3.123619033723488,1
1757,1580,3.995180747484123,4
1757,1584,3.9810664112653993,4
1757,1686,3.0,4
1757,1779,3.4819141117696217,2
1758,281,5.0,4
1758,293,4.167274748117539,5
1758,320,3.0,5
1758,342,3.994995654170552,4
1758,417,3.0,4
1758,471,4.335753916969214,4
1758,920,4.021122097694084,3
1758,1013,3.0,3
1758,1242,4.091210988196441,4
1758,1805,3.9983102609438874,4
1758,2470,3.7430769922036746,2
1758,3363,4.066495218201478,3
1758,3755,3.49010912464746,2
1758,3831,3.0,4
1759,1,4.149182554748459,3
1759,21,3.7143450902077646,4
1759,1845,4.0,5
1759,2325,4.0,2
1759,2455,4.218222562292808,1
1760,2125,3.972373807141366,5
1760,2316,3.7384261832629226,4
1761,1372,2.6285462535642012,4
1761,2100,2.2275335767868594,2
1761,2571,2.0458674223422366,1
1762,3753,3.74610389941971,5
1764,379,4.156573561829548,4
1764,434,4.483925193757375,5
1764,466,4.489080945859691,4
1764,474,4.576188007594468,5
1764,520,4.190603241882577,3
1764,1981,4.011374106841705,4
1764,2288,4.181753808545252,4
1764,2371,4.276029153740713,5
1764,2394,3.9156084000865574,4
1764,2421,4.44731815666854,4
1764,2477,3.0,3
1764,2953,3.8855015846680354,4
1764,3114,4.259777220165114,4
1764,3208,4.1424079433405785,4
1764,3688,4.359673863444451,5
1764,3785,4.439798610371414,5
1765,2772,5.0,4
1767,296,3.833121064083598,4
1767,464,1.5049562491547572,3
1767,778,3.889882025039652,3
1767,1095,3.987821489343654,5
1767,1172,4.304758945193819,3
1767,1307,4.020655356371092,4
1767,1396,3.616983741105416,3
1767,1500,3.7707994493665873,4
1767,1673,3.887402403829064,3
1767,1676,3.491815649355028,4
1767,1927,4.507539604051995,4
1767,2289,4.021640975240436,4
1767,2492,3.0,3
1767,2540,3.0,3
1767,3363,4.0089227009128585,3
1768,344,3.0,1
1768,1196,3.512691166676021,2
1768,3699,3.4429717196903713,3
1769,2707,3.371170213641089,3
1769,3285,3.0,4
1770,2352,3.4923782212512853,5
1770,2408,3.3742318589,3
1772,2722,2.85576648636877,3
1773,2028,4.198877274654626,5
1773,3510,4.025274133755706,5
1774,3450,3.3813652746205722,3
1775,111,3.9906715608370376,4
1775,608,3.9473351811744872,4
1775,750,4.034089874535123,4
1775,1704,3.9283849809899882,4
1775,2948,3.2895945673685314,3
1776,1073,3.4086812730019562,3
1776,1644,2.9961735085458865,3
1776,1676,3.3481339820786937,3
1776,1970,3.019029545465878,4
1776,1986,3.0,4
1776,2410,3.2863999309440044,2
1776,2533,3.326722687733153,4
1776,2978,3.0,3
1776,2990,3.345080652570764,4
1776,3175,3.3994322779377777,2
1776,3552,3.4779332153359235,4
1776,3591,3.3641948118518323,2
1776,3760,3.0,3
1776,3868,3.5344016769406235,4
1777,1185,3.8266147330169975,3
1777,1238,3.947482842579181,4
1777,1631,3.0,3
1778,1717,3.182318169876449,3
1778,2124,3.784840962956327,4
1778,2424,4.0980760498439714,4
1778,2716,3.992367377224016,4
1778,2797,4.002929512894774,4
1778,2803,4.054697598996806,4
1779,1,3.504061552398764,3
1779,648,3.271388283324986,2
1779,1544,3.1739888335890014,1
1779,2916,3.352021123162841,4
1780,105,3.4858283973697226,3
1780,339,2.960825830529328,3
1780,517,3.011688632474363,2
1780,879,2.7472296971927865,3
1780,1022,2.7077222188596073,2
1780,1078,3.1182924414417648,3
1780,1231,3.3951741314376642,3
1780,1258,3.061059337653844,2
1780,1347,3.098172812342005,1
1780,1584,3.0808551927506063,2
1780,1732,3.151127126765097,2
1780,1809,3.0,1
1780,1954,3.1686582880442855,5
1780,2273,2.8630224851961463,3
1780,2987,3.072289106133155,3
1780,3296,2.699581822890908,3
1781,1373,3.8089704893426513,4
1782,2901,3.0,3
1784,1391,3.1121862354926013,3
1786,1248,4.823382732823687,5
1786,3514,3.0,4
1787,541,3.094572099870511,3
1788,1721,2.668679973649913,2
1789,2693,3.0,5
1789,2718,3.0,2
1789,3535,4.0,5
1789,3897,4.637495495531845,4
1789,3952,4.499068828258135,5
1790,424,3.0,4
1790,527,4.309650433423476,3
1790,1200,4.33176204760522,5
1790,1261,4.338044705863115,4
1790,1291,4.392869310388147,4
1790,1320,4.248259715398732,5
1790,1321,4.599639337507777,5
1790,1639,4.47782330857432,4
1790,2231,4.543567963976472,3
1790,2238,3.0,1
1790,2791,4.293563019312267,5
1791,555,3.5854240997694116,3
1791,1089,3.76380697998287,4
1791,1222,3.775297772726774,1
1791,3910,4.0,3
1792,653,4.082690816555361,5
1793,266,3.984286672761921,2
1793,750,4.246674049203581,4
1793,1393,3.921336937372299,5
1793,2167,3.3677420994225087,2
1793,2529,3.607279668679925,4
1794,36,2.985988169645601,3
1794,179,3.0,1
1794,193,1.0,1
1794,280,2.3367582643111975,1
1794,434,3.0110191202715884,2
1794,440,2.864784218029725,2
1794,552,3.0743928501606907,2
1794,1608,3.007451630597445,3
1794,1717,2.276822618570231,2
1794,1836,3.0,2
1794,2003,3.015120564906984,1
1794,2599,2.9764116413182444,2
1794,2688,1.960826201943419,2
1794,2844,3.0,2
1794,2881,2.3605006714779617,2
1794,3253,2.954659096351905,5
1794,3526,3.105519427149426,2
1794,3895,3.0,2
1796,1035,4.213188781124287,1
1796,1230,4.276025874565678,5
1796,1296,4.284836576247576,3
1796,2000,4.05543354221453,3
1796,2064,4.2632624326478075,2
1796,2926,3.833275526097423,3
1797,1206,4.107391513805797,5
1797,1221,4.149002005368383,5
1797,1249,3.714647314658356,3
1797,1348,5.0,5
1798,647,3.499590696105339,3
1798,650,3.0,2
1798,2804,2.979122356897911,4
1799,523,3.0,4
1800,47,4.072035003729895,5
1800,235,3.69433108287914,4
1800,2153,2.5274008718417673,1
1800,3255,3.5566108818489037,4
1800,3624,4.04135388722379,4
1802,524,4.185449543662966,4
1802,916,4.7991023091627065,4
1802,1977,3.561537367299059,2
1802,2762,4.337290595096081,4
1803,168,3.748572891712918,4
1803,724,3.462991537211478,4
1803,1259,3.9461761239493343,4
1803,1391,3.5191502226197318,3
1803,2762,3.657207070882154,5
1803,2948,4.0,4
1805,303,4.197137066078668,3
1805,594,4.278720689110205,4
1805,968,4.45830398430325,4
1805,1224,5.000000000000001,5
1806,362,3.0,5
1806,551,4.348201617060443,4
1806,595,4.427631774944129,4
1806,671,4.494760288151798,5
1806,1580,4.386881928317551,4
1806,1747,4.378788373609499,4
1806,2125,4.431786046688191,4
1807,1210,3.9033737784712317,4
1807,1682,3.9439181615958128,2
1807,2605,2.4524076962252375,3
1807,3424,4.003759128676595,4
1807,3785,3.0,3
1809,1127,3.5555507767905308,2
1809,2690,3.0,4
1809,2706,3.059049082983789,3
1811,2369,4.0,4
1811,2762,3.8102520793854806,5
1812,186,4.0,2
1812,329,4.13106481574646,4
1812,542,2.4793456620199863,4
1812,648,3.610491664779281,3
1812,1923,3.69859235622469,3
1812,2028,3.774945602316156,4
1812,2038,3.0,3
1812,2041,3.0,3
1812,2044,3.0,4
1812,2078,3.472075499699827,4
1812,2115,3.609178366171539,4
1812,2260,3.0,5
1812,2312,4.052695185799182,3
1812,2385,3.0,4
1812,2450,3.9221522476249375,5
1812,2723,3.9283319882121246,4
1812,2770,4.10170182785977,4
1812,2973,4.423845500639904,5
1812,3104,3.7102396639127027,3
1812,3450,3.5867536411028595,2
1812,3617,4.656664135529945,4
1814,1603,3.3805854206720127,4
1815,1580,4.137394049292402,4
1815,2011,4.1381006853866635,4
1815,3160,5.0,5
1818,364,3.7476200347202546,5
1818,1270,3.781445782863631,3
1819,1250,4.430519135929618,5
1819,1304,4.332335782386106,4
1819,1580,3.9261656645128107,4
1820,1,4.147914751701196,5
1820,504,1.483757899250019,3
1820,849,3.605474212005287,2
1820,1197,4.147303827816929,4
1820,1234,4.236833732791568,5
1820,1261,3.75049988332296,4
1820,1371,3.9525770742570945,3
1820,1617,3.8054556967347186,5
1820,2105,3.9965740343167853,2
1822,1197,4.191694620145119,3
1822,1958,3.867745737765018,5
1822,2750,4.2257148346848465,4
1822,3267,4.323617694805487,3
1822,3819,3.0,4
1824,1020,3.073233752554853,1
1824,1246,4.032437717457216,4
1824,2011,3.6682429192357726,2
1824,2572,3.750269048619949,3
1824,3177,3.0,1
1825,543,3.4506757298240767,1
1827,1270,3.888707308227667,3
1828,39,3.52228186328212,3
1828,3052,3.719421012234025,4
1830,1552,4.317105542667709,4
1831,2355,4.081599202164009,4
1831,2714,3.0,4
1831,2881,3.282238274927141,3
1832,562,4.096446169088974,4
1833,2657,3.698321158059065,1
1834,2761,4.466627677656801,5
1834,3623,4.612814457002415,4
1835,70,4.393122799477489,2
1835,72,3.0,5
1835,141,4.7260020075985905,5
1835,233,3.0,4
1835,253,4.451070903486257,5
1835,318,4.626940424738164,5
1835,662,3.504419528968295,2
1835,832,4.254104397227037,3
1835,913,4.800498027814253,5
1835,1129,4.406101853148819,4
1835,1544,4.235968306288554,2
1835,2088,4.285989372771701,4
1835,2110,4.666150118552602,4
1835,2112,4.837250326772854,4
1835,2300,4.829563415823184,4
1835,2404,3.0394322199961743,1
1835,2699,4.3570413100069985,5
1835,2701,4.099889457990497,3
1835,3219,4.203466926600727,3
1835,3260,4.782119511182144,4
1835,3267,4.588514798655409,5
1835,3441,4.101649486919021,4
1835,3703,4.629548684190886,4
1835,3715,3.0,2
1835,3727,4.871263316795157,4
1836,34,4.427002241115859,4
1836,562,4.5560958126294775,5
1836,1057,4.707875347051933,5
1836,1958,4.515480450270445,5
1836,2361,3.0,2
1836,2384,5.0,4
1836,2657,4.4218411277375065,4
1836,2716,4.420978844156156,5
1836,3044,4.437133231614486,5
1836,3249,3.6962931292910044,2
1836,3307,3.0,4
1836,3362,4.696820661942445,5
1837,155,3.0,3
1837,464,1.7919312695512326,1
1837,1197,3.753115262357095,3
1837,1199,3.7880638637534365,4
1837,1213,3.970280027969751,4
1837,1216,3.0,4
1837,1225,4.113571564527485,4
1837,1327,4.1113657595537285,5
1837,1447,3.0,3
1837,1610,3.662299599093296,5
1837,2002,3.2952122381694835,3
1837,2150,4.0078462549195475,3
1837,2471,3.2592214924494667,3
1837,2712,3.955958715963601,5
1837,3081,3.45764882314498,3
1837,3510,3.4608454113666354,4
1837,3551,4.158791576611503,4
1837,3661,3.0,3
1837,3698,3.431415371088042,3
1838,3534,3.3163642740559958,3
1839,2006,4.246159044260317,4
1839,2490,4.4121659753860865,4
1839,3785,5.0,4
1840,913,4.076666525598819,4
1841,881,1.0,2
1841,1673,3.6385632464380175,4
1841,2890,3.624666696781565,5
1841,3255,2.8352532912738657,3
1842,1061,4.5699217146479265,4
1842,1713,4.0,4
1842,1921,4.480897309498264,4
1842,2294,4.434873414831762,4
1842,2331,3.0,4
1842,2598,3.724050015535823,4
1842,3204,5.0,4
1842,3252,4.519806841878242,4
1842,3256,4.19131939508311,4
1842,3354,3.7437775937889874,3
1843,104,3.9022874457157153,4
1843,1077,4.618049653868393,4
1843,1217,4.803634411519513,5
1843,1235,4.716582031208167,5
1843,3273,1.0,3
1843,3676,3.0,2
1843,3793,2.8281740503842614,4
1845,265,3.407243165460103,2
1845,308,5.0,5
1845,369,3.0,4
1845,1094,3.397610105325582,3
1845,1476,2.9668031292667583,2
1846,1240,4.139032656006179,4
1846,3552,4.038059709271876,5
1846,3555,4.0,2
1846,3911,4.4756871790371004,5
1847,2959,4.658592936910966,5
1849,1610,4.147100922115116,3
1850,588,3.923198734120853,5
1850,596,3.7053877760187297,3
1850,1196,4.054071474511281,5
1850,1200,4.250742235144223,5
1850,2033,3.272307285580703,3
1851,70,3.056922776066649,3
1851,86,3.0,2
1851,564,3.0,1
1851,1097,3.1838540778328337,1
1851,1259,3.3475252441023544,3
1851,1273,3.0,3
1851,1769,2.537511680313616,2
1851,1876,2.8366866249437086,2
1851,1972,2.55324182914858,2
1851,2053,2.371163135749821,1
1851,2147,3.0,2
1851,2289,3.6683597152178176,3
1851,2455,2.978260332739563,3
1851,2617,2.940339628366368,3
1851,2712,3.5928268685281264,4
1851,2858,3.3987938918386678,5
1851,3450,3.1412110042879657,3
1852,1374,3.309857791632775,2
1852,1527,3.7167200034658996,2
1852,3793,3.3126200995164137,3
1853,45,4.253849403352038,3
1853,708,4.015048726153042,2
1853,1732,4.3709904886359086,4
1853,2134,4.0765358125574584,3
1854,231,2.779699954758711,4
1854,2605,2.867185647514097,3
1854,2968,2.8470471089678417,2
1854,3527,3.2215681230323714,3
1855,3527,3.4719720362188924,3
1856,3551,4.9081710593022985,5
1857,181,3.0,4
1858,1033,4.098522131520876,3
1858,1967,4.44000214661983,5
1859,1917,3.9032043948203055,1
1860,1204,4.160341215830204,4
1860,1784,3.677481869476438,5
1860,2105,3.4512581540616387,3
1860,2161,3.6156037043556974,3
1860,2406,3.6449638687067525,4
1860,3755,3.617429668071566,3
1861,520,2.9652629872946807,2
1861,1206,3.6900978511577045,4
1861,1226,4.0,4
1861,1278,3.635057677672082,4
1861,2001,3.2515457822902794,3
1861,2013,3.4941058371127807,2
1861,2694,2.3657115320263777,1
1861,2736,3.0,3
1861,2918,3.224895304208621,4
1861,2926,3.590512043182256,4
1861,2959,3.079246130357718,2
1861,3099,3.6701824152870066,4
1861,3513,3.0,3
1861,3911,3.6296807045099406,3
1862,110,4.556746848695385,4
1862,3175,4.603182663970834,5
1863,36,4.742991449233388,4
1863,910,4.790397872456329,5
1863,1953,4.778320560389902,5
1863,3307,4.685712409708391,4
1864,1404,3.0,3
1865,43,3.0,4
1865,881,3.0,3
1865,3108,4.066059972406451,4
1865,3353,3.0,4
1865,3481,3.95625970809182,3
1865,3484,3.4775692178916686,4
1865,3897,4.044181388865071,3
1866,440,4.3097715272587385,4
1866,1258,4.268130325422816,4
1866,1883,4.241353249567697,3
1866,2273,4.476492116543329,4
1866,3424,4.404816795949178,3
1867,70,2.6224886054536256,2
1867,597,2.6542753521909135,1
1867,1748,3.8814920002794384,1
1867,3334,3.37235043479109,3
1868,1953,3.682815924281728,3
1868,3494,3.5590542607275597,4
1869,1947,4.1348750287673655,5
1869,2360,3.0,5
1870,1275,3.9976118617235565,5
1870,1711,3.911821278338171,2
1870,2944,4.1365219148778625,4
1870,2948,3.750243968802891,4
1870,3029,3.0,3
1870,3197,3.859515456478227,4
1870,3257,4.213883792242323,3
1870,3274,4.360936808831629,3
1870,3654,4.1171752210846195,5
1871,34,4.096985755451552,5
1871,364,3.521383792762493,3
1871,2427,4.053130694645618,5
1872,3476,3.897337608726755,3
1873,260,3.6331790629316623,3
1873,1049,3.6456157676044394,4
1873,1247,3.6175696744594523,3
1873,2826,3.497005772510253,3
1873,2858,3.6763672520706794,1
1874,1221,3.761086456242062,4
1874,1265,3.7831658839302493,4
1874,2391,3.8823171041917743,3
1874,3198,4.0,4
1875,1234,4.164868222815648,5
1875,1674,3.74318829691409,3
1875,1888,4.1481123594634655,4
1875,2541,2.592241958960925,2
1875,2950,3.73788742429851,3
1875,3623,3.950315097384684,2
1876,223,3.633817039043723,4
1877,3567,3.0,3
1878,2712,4.477698659476357,4
1879,150,4.15261331697062,5
1879,761,3.0,2
1879,1259,4.147924410643469,4
1879,1672,4.462833270074195,3
1879,2058,4.078957704094356,4
1879,2064,4.088777334924549,5
1879,3250,3.0,4
1879,3256,3.812234538052166,5
1880,173,3.0256536164276726,1
1880,329,3.3017900364072674,3
1880,344,3.5106146474644224,4
1880,353,3.3133325730630885,4
1880,372,3.5864006584620216,4
1880,455,2.0,2
1880,799,3.345473313811018,2
1880,968,3.873340138901582,4
1880,1090,3.8138378389258136,4
1880,1091,3.082012615645324,3
1880,1221,3.948303542501744,5
1880,1227,3.8936594746762263,3
1880,1296,3.759363589970089,4
1880,1356,3.468539121235694,5
1880,2021,3.586324583387386,4
1880,2139,3.409446972081431,4
1880,2196,3.0,2
1880,2240,3.3828049462079464,4
1880,2380,2.6068404980311373,1
1880,2409,3.31362545033301,3
1880,2657,3.7361063427672536,3
1880,2664,4.023637699405072,4
1880,2746,3.6750145182697445,4
1880,3070,3.7086990814081853,4
1880,3167,3.5818685545466566,4
1880,3328,4.0,4
1880,3494,4.005440352014492,3
1881,7,4.715907951965444,5
1881,231,4.275289995194511,5
1881,344,4.423920125007731,5
1882,318,3.679675971215719,3
1882,1111,3.0,4
1882,1247,3.7861110998740033,4
1882,1276,3.9344783229873226,4
1882,1289,4.0,4
1882,1732,3.695733289239926,5
1882,2654,4.0,4
1882,3504,3.8567390848353345,4
1883,32,3.386892330414632,3
1883,590,3.394588305974583,1
1883,608,3.4909218383594975,5
1883,2108,3.51336850256749,3
1883,2716,3.2549609118871037,3
1884,162,4.40498007089738,5
1884,316,3.441692054088331,3
1884,674,3.4272043563729597,4
1884,707,4.0,4
1884,708,3.8144913990060827,4
1884,898,4.303263416468706,3
1884,913,4.367339818439741,4
1884,940,4.456813312724948,4
1884,1059,4.0,4
1884,1320,3.446494269741948,3
1884,2046,2.993179133950564,3
1884,2243,4.131961664084019,4
1884,2762,3.7987734240220834,4
1884,2932,4.0,4
1884,2935,4.070179951670075,4
1884,3475,4.504861043929228,4
1884,3527,3.6424271506395556,3
1885,3927,2.983779218480415,3
1885,3932,3.6105178006764413,3
1887,2353,3.3762342981360693,4
1887,2524,3.0414758587315043,1
1889,3,3.062451120587069,2
1889,78,3.0,3
1889,490,3.0,3
1889,1124,3.668304069098673,4
1889,1210,3.5535655695361967,5
1889,1230,3.675418971206858,3
1889,1242,3.657604259173348,5
1889,1300,3.547285473915825,4
1889,1393,3.573393809377043,3
1889,1476,3.4563069137081555,3
1889,1694,3.8342190905190883,2
1889,2046,3.3289845919662215,4
1889,2100,3.511940851667446,4
1889,2413,3.538594031287737,4
1889,2952,3.0,3
1889,3246,3.663301264076129,4
1889,3765,3.0,3
1890,912,3.7703125749313253,5
1890,2028,3.708844799256582,4
1890,2054,3.4111438583875144,2
1890,3037,3.8006219237873173,4
1890,3494,3.8561502860713084,4
1891,233,3.0,4
1891,2333,4.556922329535131,3
1891,2406,3.7698775498646104,3
1891,2688,3.4691256035768636,4
1891,2699,3.3158371324010263,3
1891,3362,4.271570710907843,5
1892,506,3.0,3
1894,213,3.0,4
1894,488,3.0,4
1894,1693,3.0,4
1895,431,4.509978366572249,4
1896,1198,4.364790237821959,5
1896,1212,4.522351131239568,5
1896,1284,4.496366765732314,5
1896,1387,4.210915030979968,5
1897,265,4.084149105670383,5
1897,517,4.493862559433823,2
1897,1294,3.9983723903167374,5
1897,1387,3.8937645170556,3
1897,1419,3.0,4
1897,1449,3.1842232006099254,3
1897,1677,3.0,3
1897,1956,4.0847566236064345,5
1897,2284,3.0,4
1897,2442,5.0,3
1897,2750,3.909887899835126,3
1897,2766,3.0,4
1897,2926,3.872720380306301,3
1897,2997,3.8807086132033692,4
1897,3037,4.016491278000421,4
1897,3451,3.9712039058538515,3
1898,2396,4.702401646345796,4
1899,367,3.65932224737677,3
1899,551,3.7356332198039968,4
1899,628,3.6263936908638454,3
1899,954,4.251267542328907,4
1899,994,3.997069082801128,3
1899,1051,3.0,3
1899,1207,4.244448427827967,5
1899,1276,4.199783073449466,4
1899,1371,3.53476652509146,2
1899,2390,3.0,4
1899,2752,5.0,4
1899,2877,2.0,3
1899,2973,4.212292929150781,4
1899,3089,4.6439067995265875,5
1899,3211,3.0,4
1899,3418,3.8143668409053113,5
1899,3501,4.017311067025386,4
1899,3699,3.7664577203502714,3
1899,3735,4.3031957944057915,4
1901,377,4.282401571311174,4
1901,595,4.154873635662232,5
1901,1006,3.0,5
1901,1610,4.2706735972672645,5
1901,3551,4.478094355306552,5
1902,360,3.0,4
1902,1249,4.627969195744496,5
1902,1396,3.899612092129328,4
1902,2605,3.9079425718370606,2
1903,34,4.2822682743361336,5
1903,111,4.206776374454982,4
1903,745,4.319070786173807,4
1903,1282,4.073423382800053,4
1903,1374,4.202170801088015,3
1903,2617,4.164387991626419,4
1903,2936,4.05604653985615,5
1903,2937,4.0,5
1903,3359,4.328819276249093,4
1904,239,3.19392797748207,3
1904,924,3.8968657941192184,4
1904,1562,3.0617781588737514,2
1904,1805,3.5862664627165817,2
1904,2302,3.785279434970071,4
1904,2322,3.057892458055531,2
1904,2872,3.916329411310999,2
1904,2926,3.272035016501572,2
1904,3499,3.6921616331905027,2
1904,3697,3.5687446827322686,2
1905,912,4.294901127507584,5
1907,1219,4.375626007491608,4
1908,339,2.997118300048792,2
1908,1459,3.401099473013534,4
1908,2431,3.269513379215268,5
1908,2961,3.0,3
1909,2329,3.960925169995968,5
1910,3327,3.0,3
1910,3793,3.929454779123579,3
1911,318,3.7191863344818663,3
1911,1270,3.6128519459678694,4
1912,490,2.0,2
1912,553,2.9027141540351775,3
1912,902,2.856154481225277,3
1912,922,3.2066140080980934,5
1912,1097,2.8433151336830265,2
1912,1128,2.0330509064165283,3
1912,1201,3.095401013309249,4
1912,1388,1.7277406363667558,2
1912,1399,3.0,2
1912,1517,2.6914402318010917,4
1912,1748,2.6865225863548767,2
1912,1970,1.4530785317554265,1
1912,2012,2.5646121145449747,1
1912,2028,2.775432959688924,2
1912,2081,2.62758831293551,2
1912,2268,2.657986163101458,3
1912,2402,2.121604754064125,1
1912,2470,2.6683122214087684,1
1912,2488,2.0,2
1912,2527,3.025693250853413,4
1912,2628,2.5705672906680532,2
1912,3469,3.1478681116191636,3
1912,3503,3.0,3
1912,3638,2.6222932912803656,3
1912,3916,2.3955222493531947,3
1913,912,4.193260930094824,5
1914,1210,4.176374259822124,2
1914,2616,5.0,2
1916,348,4.386619946202753,4
1916,900,3.7051014361378543,3
1916,921,4.178289383398485,4
1916,1034,3.0,5
1916,1231,4.316626812423767,4
1916,1282,4.021477612836241,4
1916,1678,5.0,4
1916,1945,4.436608962171487,5
1916,2065,4.247098238911089,4
1916,2236,3.0,4
1916,2348,4.534831504818569,4
1916,2731,5.0,5
1916,2819,4.760663584789864,5
1916,2912,4.000948123263683,5
1916,3668,3.0,3
1917,1625,4.055974856246961,4
1917,2006,3.7654052779894354,2
1917,3053,3.0,3
1918,1914,3.0,3
1919,842,4.177963168533995,5
1920,377,3.4274317674283616,4
1920,969,3.734802369330581,4
1920,1005,3.7404954412029183,4
1920,1088,3.7768404648873295,4
1920,1136,3.6079276556804727,3
1920,1405,2.8517888217101595,1
1920,1465,3.0,4
1920,1674,3.469370836710106,4
1920,1747,3.6324424587618154,3
1920,1931,3.0,3
1920,2000,3.5554776384600486,4
1920,2002,3.4707623383848585,4
1920,2146,3.4372167226519657,3
1920,2174,3.351143603972328,1
1920,2712,3.491794434504562,3
1920,2942,3.2366048684522286,4
1920,3251,3.671641420994149,5
1920,3471,3.547604909582915,4
1920,3552,3.6084984550728154,2
1920,3604,3.845728226252649,3
1920,3703,3.5921467431449794,5
1921,1676,3.3539040391443273,2
1921,2720,3.0,2
1922,230,3.3595678914105584,2
1922,1029,3.6597241682122483,4
1922,1206,3.6837745943717666,4
1922,1259,3.659942156681916,4
1922,1265,3.6599661356842317,5
1922,1680,3.6658954342501375,3
1922,1777,3.6060346681580917,4
1922,1784,3.6830871643457463,4
1922,1834,3.616515392616711,4
1922,2144,3.826329786585863,4
1922,2160,3.7979075998150007,3
1922,2340,3.0,3
1922,2605,3.4891399949583324,3
1922,2791,3.769724863452409,3
1922,2915,3.712190488511844,4
1922,2987,3.62408943073548,3
1922,3793,3.6509202220089687,3
1922,3844,3.0,3
1923,611,3.0,3
1923,1969,2.7614811596426714,4
1923,1970,2.7920030101472437,4
1925,742,3.225155200384041,2
1925,748,3.6534842626314017,2
1925,1220,3.8992269901585037,5
1925,2160,4.296834186521232,4
1925,2762,3.392517438388485,4
1925,3461,3.0,3
1925,3701,3.874805117492126,4
1926,329,3.4041593092777704,4
1926,908,4.535225443350962,5
1926,917,3.0,4
1926,1059,3.9987306888417105,3
1926,2294,3.5600351263172554,5
1926,2429,3.0,4
1926,3052,4.190029620004644,2
1926,3176,3.924081931041727,4
1926,3343,3.0,4
1926,3362,4.509804380422057,5
1926,3461,3.0,3
1926,3685,4.358343081333876,5
1926,3811,4.501094292289166,4
1926,3872,3.0,3
1927,3,2.0,3
1928,1252,4.2442227166657664,5
1928,1586,3.7820312234710354,4
1928,1610,3.9684149469766896,4
1928,1616,3.516528956767036,4
1928,1769,3.8651497896773663,2
1928,1831,3.736983446737584,4
1928,2858,4.091321009086588,5
1928,3006,4.30755677385654,5
1929,2706,3.036863046426611,4
1929,2771,3.0,3
1930,329,3.061292967865577,3
1930,444,3.0,2
1930,1265,3.5575066977423138,4
1930,1777,3.4426946478401312,4
1930,1918,3.1995422545383962,1
1930,2100,3.3522127045896135,3
1930,2471,2.784486225945076,3
1930,3791,3.0110159611501666,2
1931,247,4.0,5
1931,1387,3.9013484388758575,3
1931,2628,3.86109202761307,3
1931,2901,3.8164604359868486,2
1932,1967,3.669841965167133,3
1932,3489,3.5602474115618805,1
1933,589,3.0563263356325114,3
1933,1171,3.0,4
1933,1580,3.0316438529875502,3
1934,2694,3.3745877921999075,2
1935,3916,4.035961966144293,5
1936,268,3.0,4
1937,47,3.495621844231671,4
1937,471,3.2756437425926785,3
1937,924,3.7295539598046052,2
1937,1277,2.0,2
1937,1291,3.3798827759079977,4
1937,1961,3.4103851653750055,3
1937,2245,2.937003004705679,4
1937,2301,3.349630355767747,5
1937,2858,3.5720318103696953,2
1937,3255,2.951694771561598,5
1937,3424,3.6244580042642127,4
1937,3525,3.0746129891449727,2
1938,457,3.301535085270435,4
1938,1562,2.681757748637047,2
1938,2080,3.4525578820580294,4
1938,2761,3.678527561619961,4
1938,2899,3.0,2
1938,3034,3.3656296759669084,4
1939,492,3.0,4
1939,1097,3.741889303901517,4
1939,1256,4.219702502077115,4
1939,2248,3.8247109337374954,5
1939,2407,3.7585927306853995,2
1939,2952,3.0,5
1940,608,4.644826906103796,5
1940,1084,4.673149309679226,5
1940,1193,4.694720387566932,5
1940,1304,4.617473924721074,4
1941,47,3.4025128899749353,3
1941,185,3.3788481669722215,3
1941,275,3.0,4
1941,316,3.317206966748113,4
1941,594,3.842181411288847,5
1941,829,3.0,3
1941,841,3.0,2
1941,906,4.227906363403358,4
1941,965,5.0,4
1941,1093,2.9450635825377787,2
1941,1124,3.3571301924585435,5
1941,1326,2.149309207225978,1
1941,1371,3.3568011038529773,3
1941,1401,3.0,4
1941,1459,3.7004489417326645,4
1941,1554,3.0,2
1941,1582,3.0,5
1941,1673,3.3864617785543594,3
1941,1689,3.0,2
1941,1925,3.0,5
1941,1974,2.3810310673065502,4
1941,2026,3.162975499089043,3
1941,2040,4.185337745520749,4
1941,2051,3.635317598427768,3
1941,2098,4.625090620476933,3
1941,2144,3.11005850551255,2
1941,2151,3.0,1
1941,2153,1.8152347716798471,2
1941,2185,4.557366214235692,4
1941,2243,3.3319076495674635,3
1941,2389,2.7625476807528875,1
1941,2390,4.0,4
1941,2522,3.0,2
1941,2526,3.0,3
1941,2554,3.3881681312822236,2
1941,2572,2.4884086709025963,2
1941,2739,3.4875303049366444,5
1941,2764,3.33393105927785,3
1941,2790,1.9814898989356984,1
1941,2808,2.8688146072408602,4
1941,2926,3.048425515677004,2
1941,2942,3.536764583713264,3
1941,2991,3.5239867964757448,5
1941,3068,3.2224918601891703,3
1941,3070,3.3315317165762397,4
1941,3564,3.0,2
1941,3682,3.670678121477331,3
1941,3706,3.6367642034064938,2
1942,1586,1.9654226474231835,2
1943,165,3.3614745721275705,4
1943,497,3.8990628542124743,4
1943,562,4.221371364688704,5
1943,592,3.7023104138484255,4
1943,593,3.9112628510125997,5
1943,653,3.2790415919871534,1
1943,799,3.385498715554385,3
1943,886,2.987114004853032,2
1943,922,4.386800168400756,4
1943,1248,4.3846786028638824,3
1943,1265,3.849573053386664,4
1943,1393,3.7711656451583173,4
1943,1396,3.6648543728542875,5
1943,1673,3.976070561899925,5
1943,1892,3.2417296560316626,3
1943,2005,3.6410117641096207,2
1943,2243,4.098173836946325,4
1943,3087,3.6789571215947134,4
1943,3182,3.0,5
1943,3301,3.6292591675784442,4
1943,3398,3.5293652627313703,5
1943,3421,3.9843031785430485,3
1943,3843,3.0,5
1944,1127,4.235043695358881,5
1944,1219,4.512203583655327,4
1944,3578,4.1627709530687245,4
1945,1218,3.0,4
1945,1248,3.5581457679583846,3
1945,2879,3.0,3
1946,778,4.155567280851485,5
1946,1276,4.577784529547484,5
1947,1835,3.0,1
1947,3793,4.224850493585801,5
1948,160,2.9865673066395098,1
1948,1792,3.138606282159323,2
1948,3440,1.552934843831789,1
1949,1,4.439753552564646,5
1949,1225,4.569770407683402,3
1949,1394,4.293426224912919,4
1949,2248,4.473402022592598,3
1950,332,3.0,3
1950,541,3.859654617364653,5
1950,741,3.4658971200181665,5
1950,1215,3.5094856834554506,2
1950,1355,3.0,5
1950,3593,3.0,1
1951,3114,3.5489536125323906,4
1952,1635,4.197826355053368,5
1952,1641,3.7994362463921636,3
1952,2581,3.4370598114096436,3
1952,2865,3.0,4
1952,3174,3.5750528010732303,5
1952,3424,3.9557339699612974,5
1952,3684,3.926293358190959,4
1952,3744,3.0,1
1953,2791,3.0,2
1954,899,4.400504810419349,4
1954,2607,3.0,4
1954,3114,3.895697335033635,5
1955,356,3.9453462491988143,5
1956,3799,3.0,1
1957,1096,5.0,3
1957,3733,4.456831768618423,3
1958,61,3.0,3
1958,1021,3.0859963045218315,3
1958,1490,3.0,1
1958,1544,3.6767937713955408,3
1958,1629,3.0,3
1958,1777,3.742055207379461,4
1958,1907,3.8522018684379318,4
1958,2322,3.0263158382407744,3
1958,2405,3.606794878213825,4
1958,2420,3.586850055262471,4
1958,2485,3.3325557800864916,3
1958,2657,3.4327367907323896,3
1958,2858,3.9334743427524406,4
1958,2915,3.780483220705241,3
1958,2997,3.906986587794635,4
1958,3466,3.0,4
1958,3489,3.6871640558144354,3
1958,3717,3.551335000976595,4
1959,994,5.0,4
1959,1213,4.795263605705961,5
1960,296,3.9120437584720382,5
1960,441,3.999789149247655,2
1960,541,4.059917776780529,5
1960,898,3.9155639045588617,4
1960,903,4.011242928882514,5
1960,1270,3.8219188996695266,5
1960,2406,3.8460518366220717,5
1960,2761,3.337738534184619,5
1960,2859,4.322645164623168,3
1960,3608,4.074342414516445,4
1961,377,3.4630342014376065,4
1962,339,3.1451615254635654,3
1962,527,3.3660174820992856,5
1962,597,3.1689409294912703,4
1962,1573,3.078675174951771,3
1962,1611,2.9902449986366353,3
1962,1635,3.2282979599091095,4
1962,2455,3.2242400424338977,2
1962,2462,3.0,1
1962,2599,3.266384710604185,4
1962,2683,3.1247339568148575,4
1962,3101,3.64107533952877,3
1962,3260,2.9588523863240606,2
1962,3268,1.0,1
1962,3785,2.9492711119053276,1
1963,508,4.12481222362465,5
1963,805,3.923750405705506,5
1963,1633,4.751081398371528,5
1965,2826,2.4251052731388536,3
1967,3179,3.0,3
1968,125,2.9997989060695596,4
1968,647,3.7343320041340595,3
1968,736,3.247309797652695,1
1968,798,2.4313681881364233,2
1968,908,3.428176130757384,4
1968,1321,3.2822312340517983,1
1968,2455,3.2354368566117953,3
1968,2699,2.977258875765082,2
1968,3082,2.9346232365987133,2
1968,3671,3.4085005104804393,2
1969,48,4.208365578882943,4
1969,110,4.111053506000213,5
1969,196,3.6913887941943715,4
1969,367,4.059681439608291,2
1969,596,4.269329172241409,4
1969,968,4.33114579694081,2
1969,1345,3.9346113809618877,3
1969,1479,3.6953962156282527,2
1969,1544,3.8787689372320187,2
1969,1573,3.9723179314161103,4
1969,1917,3.8637974644283735,3
1969,2116,4.162564247333411,5
1969,2282,5.0,5
1969,2424,3.9801063371332766,4
1969,2916,4.037514798091392,4
1969,2952,3.0,2
1969,3005,4.227147282090551,4
1971,74,3.0,5
1971,1307,5.0,5
1972,1292,4.56504217677084,5
1972,2132,4.48802567529842,4
1974,215,3.0,4
1974,246,4.444794889922815,4
1974,728,3.0,4
1974,953,4.081222499547255,5
1974,1036,3.860931991083996,5
1974,1248,4.297046308906741,5
1974,1411,4.750081457889358,4
1974,1641,3.9504324916305946,4
1974,2140,3.6453172128416496,5
1974,2273,3.5871906645076814,4
1974,2294,3.8187730719428123,3
1974,2365,2.0,4
1974,2371,3.8859180631198806,4
1974,2424,3.703611828653212,3
1974,2571,3.872634568388974,4
1974,3088,4.068457153802132,3
1974,3163,3.0,4
1974,3448,3.8306144662323507,3
1975,2396,4.236290339311924,3
1976,21,3.927675516448058,4
1976,493,3.0,3
1976,553,4.408010642906279,5
1976,2329,4.202029014471784,5
1977,1136,3.8085196184489023,4
1978,356,4.015329166852354,4
1978,1204,4.256828140092269,3
1978,1588,2.1325187460370922,3
1978,1876,3.9271272859514235,4
1978,2804,3.851632392467162,4
1978,3253,3.869064578324622,3
1978,3615,3.0,3
1979,3755,2.6242384722692162,4
1980,1,3.923735206180031,4
1980,41,3.0,4
1980,62,4.210085782750584,4
1980,110,3.872913687396917,4
1980,118,3.0,2
1980,171,3.0,4
1980,256,2.9910833292742924,2
1980,435,2.905943057687,3
1980,438,1.9588032098551844,2
1980,440,3.649237017485461,4
1980,486,3.0,3
1980,581,3.0,5
1980,913,4.539530616896165,5
1980,1193,4.462160570827573,5
1980,1296,4.633518329210291,5
1980,1479,3.009915661801895,3
1980,1680,4.463880900726818,4
1980,1719,4.559665956755676,5
1980,1733,3.0,3
1980,1797,3.0,4
1980,1923,3.839451043345781,3
1980,1976,2.581293039515374,2
1980,2021,3.4939215800144874,2
1980,2241,3.2619076422418543,3
1980,2370,3.0,3
1980,2579,3.0,4
1980,2599,4.295482184050441,3
1980,2718,4.0,3
1980,2733,4.0,2
1980,2794,2.934130611015312,3
1980,2803,3.6680815580660915,2
1980,2942,4.201743066817198,4
1980,3274,2.5567562247107407,2
1980,3453,2.0,2
1980,3578,3.947053508847468,4
1980,3713,3.0,4
1981,1284,4.310092481674078,3
1981,1544,3.295613346943482,4
1982,246,4.510150871182579,5
1982,1673,4.265302129697424,4
1982,1895,3.0,4
1982,3578,4.065091554619263,5
1983,95,4.117650115757202,3
1983,198,4.464056411030463,5
1983,224,3.5123168165002365,5
1983,532,3.0,5
1983,555,4.501886294060925,4
1983,996,3.859516053434377,4
1983,1253,4.8049290092423425,5
1983,1408,4.444534979587368,5
1983,1445,2.334117342768068,2
1983,1973,3.0,1
1983,2506,3.0,5
1983,2713,3.6798428158750327,3
1983,2985,4.314658443329269,4
1983,3763,4.563614445132972,4
1984,21,3.822661567717615,4
1984,599,4.187766608244654,4
1984,1225,3.813524659799389,4
1984,1231,3.981949087785229,4
1984,1587,3.624990738520117,4
1984,2761,4.304564673865603,3
1984,3685,3.8984486208053477,4
1985,329,3.555730870371026,3
1985,2524,2.0,4
1985,3638,3.6955975677604718,3
1987,161,3.662052924619072,3
1987,1396,3.744020230357761,3
1988,7,3.018249878024878,3
1988,198,3.394023805372517,3
1988,352,3.0,3
1988,933,4.3072377088376665,4
1988,1206,3.830871738526447,5
1988,1246,3.696077869809165,4
1988,1367,3.0,3
1988,1562,2.9610287956623105,1
1988,1856,3.0,2
1988,1938,4.203781136189738,4
1988,1968,3.503087976217815,3
1988,2490,3.147476235775669,3
1988,3072,3.908584706151869,5
1988,3549,3.8113691102948146,5
1988,3865,3.0,3
1988,3893,3.9906917531018564,4
1989,70,3.5779180679214106,4
1990,2959,2.3497197395980516,4
1992,1500,3.354494042885484,2
1992,1689,3.0,2
1992,3752,2.6813944408429413,2
1993,329,3.5248633769037543,3
1995,543,3.9872526271583455,3
1995,589,3.941194303536035,4
1995,1923,4.019442943767814,5
1995,3869,4.675046759036238,3
1996,480,4.225340727945298,4
1996,2174,3.9544979576188535,5
1996,2993,4.212939844214945,3
1997,3253,4.217113179831874,4
1998,919,3.9542691531106966,5
1998,921,4.088142279484488,3
1998,928,3.9895233697512578,3
1998,1282,4.181426222667598,5
1998,1288,4.114383019533333,5
1998,1580,3.9229055471924004,4
1998,1949,4.0,4
1998,1950,3.8875628938588274,3
1998,2080,4.079656001615627,5
1998,2212,4.0,3
1998,3624,4.494052550808528,4
1999,1104,4.22656998146342,3
1999,1356,3.499414812703746,4
2000,24,2.839115064499507,4
2000,50,3.9394887479824523,4
2000,239,3.0,4
2000,1136,3.9155863538753173,5
2001,1623,3.0,2
2001,3176,2.947711962260857,5
2002,898,4.574199196940963,5
2002,1958,3.7381953645969452,4
2003,2028,4.581646289567497,2
2003,2078,4.444493805519819,4
2004,3033,4.153558149612538,4
2005,1093,3.9799343501433504,4
2005,2188,3.0,4
2005,2763,2.829643102500538,2
2005,2858,3.654313824920303,5
2005,3273,2.315291478186899,1
2006,900,3.79761369411618,3
2006,2971,3.515676074476754,3
2007,1196,3.581442804119305,4
2008,474,4.015818780485948,5
2008,610,3.3201704107701038,1
2008,924,4.042089859609711,5
2008,1394,4.110549370169748,5
2008,2028,4.11058454670792,5
2008,2194,3.982770470276268,5
2008,3481,4.115554510896777,4
2009,3160,4.202170362324382,5
2010,228,3.0,1
2010,266,3.1162152736327244,3
2010,303,2.3876900089278705,3
2010,338,1.895114633688686,3
2010,457,3.147629542198157,4
2010,741,3.2316400352844403,4
2010,748,2.776674323871191,3
2010,842,2.318915830831427,1
2010,1090,3.488310643442378,3
2010,1205,3.0,3
2010,1281,3.0,3
2010,1689,3.0,2
2010,1704,3.352216951852684,4
2010,1855,1.525377358107023,1
2010,1917,2.8491380415315466,1
2010,2140,3.2538084468842543,2
2010,2529,2.8841858974329018,3
2010,3253,3.077377034080074,3
2010,3841,1.9914820332170218,2
2011,2746,4.192247602025652,4
2011,3405,3.0,5
2012,162,4.0,4
2012,165,3.151260204021419,3
2012,519,2.3903355043771373,1
2012,786,3.0323710235542114,3
2012,1499,2.5196275620821194,2
2012,1566,3.1808489952594527,3
2012,1663,3.5265697405824525,4
2012,1676,3.247849520220137,1
2012,1707,1.6217540801522201,1
2012,2021,3.4341810658708614,4
2012,2053,2.7196749667189164,2
2012,2455,3.452423500510059,3
2012,2549,2.4834713924597276,1
2012,2582,3.0,2
2012,3039,3.342103553745857,3
2012,3300,2.9882806389804895,2
2012,3608,3.4828341906713436,3
2012,3688,3.4413984119971235,3
2012,3717,2.6935624167936645,3
2013,2664,4.116923175778043,5
2013,3699,4.215369824377429,5
2015,27,3.0,2
2015,54,1.4686334741304397,2
2015,75,3.0,1
2015,102,2.0,1
2015,337,3.590219186252357,3
2015,575,1.6624033537256815,1
2015,653,3.457732587610725,3
2015,710,4.0,2
2015,1199,3.7798348696716055,4
2015,1439,3.0,4
2015,1653,3.728641224099876,4
2015,2282,3.0,4
2015,2530,4.0023064109214825,3
2015,2728,3.524537822129507,4
2015,3527,3.7944561988181036,5
2015,3701,3.7903434894873693,3
2016,93,3.0,4
2016,2087,4.244319383749908,4
2016,2245,4.3518729253460116,4
2016,2366,4.224418952679827,4
2017,1590,3.757531654658393,2
2018,536,3.0,4
2018,910,4.4695841966774035,3
2018,922,4.642439292510187,5
2018,1068,3.0,4
2018,1414,3.0,4
2018,1527,3.9326145312957275,3
2018,1547,3.0,4
2018,1721,4.023672267713687,5
2018,1939,4.210207436152492,5
2018,2001,3.8063225132966054,4
2018,2023,4.207607590340663,3
2018,2170,3.0,1
2018,2953,3.2089645249282763,3
2018,3089,4.716737263913508,5
2018,3741,4.586159358239048,5
2019,2336,3.390697585303285,5
2019,2599,3.2023103151813794,5
2020,161,3.7432623840571493,4
2020,1082,3.0,3
2020,1183,3.7498762287439615,2
2020,1396,3.8005042089091985,3
2020,2000,3.807651881909474,3
2020,2009,4.106241283267886,3
2020,2371,3.5075031036208113,2
2020,2418,3.0,2
2020,3253,3.716056505289767,4
2020,3484,2.0,2
2020,3755,3.4103707158580825,4
2021,110,4.3033397011251635,5
2021,188,3.678182276672741,3
2021,316,4.395856944984987,4
2021,517,4.229179767051442,4
2021,1429,2.7101489622353743,1
2022,296,4.024536170218866,5
2022,910,3.964788291187436,1
2022,1036,4.085887328488371,5
2022,1231,4.261997656807862,4
2022,1270,4.03044694199018,5
2022,2599,3.9696515134009336,4
2023,1,4.053985043721164,5
2023,231,4.11786662867478,5
2023,318,4.263055443624976,5
2023,1242,4.168435912847883,5
2023,1259,4.190407408315534,5
2023,1393,4.177822158539725,2
2023,1732,4.308052093488844,3
2023,3399,3.0,4
2024,317,3.6699026845933,4
2024,1513,3.9248364586258364,2
2024,2082,3.4643428769403837,3
2024,2144,3.6982378621879475,3
2024,2324,3.648175001785942,5
2024,2936,4.0,3
2025,112,3.43723523009097,2
2025,1408,3.8910915783012308,4
2025,1580,3.845997502206151,5
2026,910,4.191587831765812,5
2026,1374,3.4140923830859133,5
2026,1589,3.4023757683625266,4
2026,2009,3.4462648256262347,3
2026,2467,3.0,4
2027,260,4.10946957031759,4
2027,1620,4.491284011907021,4
2027,1784,4.259546380708902,4
2027,1952,4.23641509199462,2
2027,2762,4.058710486823963,5
2029,1288,3.89958049079169,5
2029,1513,3.429460791558196,3
2029,2116,2.7011263204400917,4
2029,2324,3.8589894246963077,5
2029,3760,3.0,5
2030,653,3.4693397274824593,3
2030,928,4.695702971700799,5
2030,1011,3.3437741148860973,3
2030,1104,4.730050388163668,5
2030,1175,4.4241767198448105,4
2030,1185,4.296312660798706,5
2030,1193,4.425075562773969,5
2030,1231,4.397605738163005,4
2030,1263,4.425897326337673,4
2030,1959,3.7539721453657573,4
2030,1960,4.39508157075431,5
2030,2011,3.8374984063672075,2
2030,2076,4.001690871997721,5
2030,2087,3.9428630563345344,4
2030,2396,4.291915977807545,5
2030,2474,3.925481390763595,4
2030,3090,3.0,4
2030,3360,4.152064438542542,4
2030,3365,4.608566605682872,5
2030,3724,4.242611131154426,4
2030,3928,3.0000000000000004,4
2031,943,3.0,3
2031,2300,4.331607282181632,5
2031,2617,3.3604391814973074,4
2031,2959,3.5613745832882002,4
2031,3481,3.7205223151327975,5
2033,976,3.0,3
2033,2997,3.5690352471197024,3
2033,3785,2.4217897783973283,3
2033,3915,3.0,1
2035,590,3.7157979442206672,2
2035,1923,3.7170332255555674,4
2035,2161,3.5515816901893777,4
2035,3101,4.0370533093839285,4
2035,3526,3.7796808541198073,4
2036,1279,3.0,5
2036,2303,3.0,4
2036,2359,4.133290972411327,4
2038,608,4.046799361153734,5
2038,1258,4.036899293860196,3
2038,1299,4.234348470462762,4
2038,1711,3.9789685770186027,4
2038,1951,3.371350018470349,4
2038,2006,3.7591348877120105,4
2038,2017,3.0,2
2038,2406,3.877756373411562,4
2038,2518,3.768465721863022,4
2038,2533,3.37923262568496,3
2038,2716,3.9392308365090356,3
2038,3504,4.271380059928296,5
2038,3606,2.8422187995130725,2
2038,3622,3.0,4
2039,1234,3.888562634613441,5
2039,2529,3.6937991999700386,2
2041,39,3.598418456755904,3
2041,116,3.0,4
2041,314,3.0,4
2041,541,3.7419884739748057,3
2041,902,3.876779244257525,4
2041,1177,4.0,5
2041,1569,3.5575154699840468,4
2041,1673,3.8273519212218368,3
2041,1912,3.9135306786635193,4
2041,1936,4.0,3
2041,2106,3.0,3
2041,2138,3.0063478236953745,5
2041,2167,3.628209403191694,2
2041,2295,3.0,5
2041,2641,3.5203458806694745,4
2041,2858,3.7994641106186973,4
2042,500,3.332344604045871,2
2042,1042,3.27786942923484,4
2042,1387,3.6389029982357073,4
2042,2433,3.3599610650040903,2
2042,2779,3.182610337328186,2
2042,2791,3.7049816194626124,4
2042,3461,3.0,5
2043,1488,3.0,2
2043,2683,2.9167175267704586,5
2043,2806,3.0,2
2043,2858,2.7204968117645523,3
2043,3173,5.0,2
2044,920,4.38638688839791,5
2046,1358,3.8332161337699366,4
2046,1972,1.0,1
2047,1042,3.6171766047325282,4
2047,1387,3.9815489793099945,5
2047,2321,3.5242213634537687,4
2047,3744,3.0,1
2048,1617,5.0,5
2050,969,4.496097356700711,4
2050,2598,3.561854245089042,4
2050,2671,3.9386233843702794,4
2050,2710,3.7171619659352815,4
2050,2840,3.4861174220696816,3
2050,3052,4.162614162277471,5
2051,1213,4.182548401774058,5
2051,1909,3.8180513004529235,3
2051,2826,3.678814181187716,2
2051,3100,4.151198533162176,4
2051,3256,3.8303863833337917,4
2053,3918,3.1002372426942757,2
2054,1542,3.0,4
2054,1747,3.7438089214146952,3
2054,2628,3.8813583994069663,5
2054,2959,4.106314227522643,3
2054,3070,3.91216582052709,3
2054,3114,4.139206618210802,5
2054,3481,3.9315261999492894,4
2054,3608,3.9901016121824093,3
2054,3671,3.829467156796905,5
2055,913,4.393977630082194,5
2055,969,4.407818050898004,4
2055,2644,4.810930873005241,5
2055,2968,4.148987229482066,3
2056,780,4.089371316079031,4
2056,1371,4.001071101631346,3
2056,3256,4.294807980761216,3
2056,3930,3.437013981466856,2
2057,1693,3.0,5
2057,2318,4.534771050055913,4
2057,2395,4.210526062892244,4
2057,3524,4.002135641040054,5
2057,3801,3.0,4
2058,2716,3.1185523773391086,4
2058,3555,3.6469632208497647,3
2058,3578,3.614798662049787,4
2058,3872,3.0,3
2058,3937,3.0,3
2059,1270,3.8789847394201282,4
2059,1931,3.0,5
2060,153,3.2191438040706966,2
2060,455,3.0,3
2060,1240,3.4553188978101788,5
2060,1562,2.3602497144941488,2
2060,1682,3.548960606023291,3
2060,2712,3.551047595298651,3
2060,3173,3.24001477335628,1
2060,3418,3.5070111770696295,3
2063,454,3.29840886997392,2
2063,508,3.4962827444580977,3
2063,588,3.401154659903574,5
2063,597,3.301517746526148,3
2063,608,3.430783968576397,2
2063,780,3.2286799554347088,4
2063,1064,3.7134749673195,2
2063,1127,3.250490438586853,3
2063,1259,3.3959614320636566,2
2063,1261,3.8310674243782517,4
2063,1278,3.449235016984,3
2063,1352,3.0,3
2063,1508,3.0,2
2063,1566,3.401580799645329,4
2063,1604,2.5080081090993427,3
2063,1644,2.7997156162138173,4
2063,1648,3.0,4
2063,1679,3.0,1
2063,1792,2.9042024012357635,1
2063,1869,1.0,3
2063,2139,3.4622350698052875,4
2063,2315,2.5673842323869103,2
2063,2348,3.344956222854472,4
2063,2354,3.0,3
2063,2379,3.006145750754936,3
2063,2558,3.2929391714662,3
2063,2640,3.1857522745172147,4
2063,2762,3.4119382699856096,4
2063,2786,3.3656170736175164,3
2063,3108,3.428420513003813,3
2063,3177,3.0,3
2063,3355,3.0,2
2063,3525,3.1565185987405524,3
2063,3673,3.0,3
2063,3704,3.174451114592205,3
2064,111,4.62626425476766,5
2064,495,3.0,4
2064,1011,1.0,1
2064,2303,5.0,5
2064,3763,3.728802187098355,3
2066,34,4.0,2
2067,908,3.759737997116967,3
2067,1090,3.5894998628863606,3
2067,1253,3.6893147919887928,3
2067,2018,3.605996860351427,3
2067,3811,4.0,3
2068,11,4.209439741660644,5
2068,589,4.170684735522542,4
2068,2115,4.0860353609315965,4
2069,3683,4.42522244269798,5
2069,3926,3.3006508019262566,3
2071,1035,3.6145694300428794,4
2071,1196,3.5568939807148108,4
2071,1580,3.495760813148125,2
2071,1997,3.196019076949253,3
2071,2312,3.0,3
2071,3513,3.0,2
2071,3617,3.6537128861409207,2
2071,3618,4.0,3
2071,3763,3.353735954089888,4
2072,35,3.0,4
2072,444,3.0,4
2072,605,3.2365584951601654,3
2072,928,4.58752122461219,5
2072,1197,4.114788493331545,3
2072,2080,4.147329290930983,5
2072,2178,4.277285034820303,3
2073,233,3.0,1
2073,542,3.4050798452361897,3
2073,750,4.054355033345094,4
2073,902,4.745037082935509,4
2073,916,4.739722423178639,4
2073,953,4.218840468817291,5
2073,1207,3.7911072566005983,5
2073,1247,4.248977798050009,5
2073,1258,3.0402386161831383,4
2073,1535,3.0,3
2073,1611,4.457236543760569,5
2073,1721,4.053066197778794,5
2073,1944,4.22851208088884,4
2073,2078,4.144879695133933,5
2073,2083,4.610100123581473,3
2073,2700,3.2242834568102827,4
2073,2997,4.016343418466635,5
2073,3028,4.0,3
2073,3259,4.33886785021803,5
2073,3793,2.879599131331131,1
2076,2541,2.845812564683751,3
2076,2759,3.610621185772131,3
2076,3273,3.3239146451449617,2
2076,3822,3.0,5
2077,110,3.8281542879122683,5
2077,196,3.152509988641497,4
2077,340,3.0,4
2077,762,2.592082625604503,2
2077,833,3.0,2
2077,886,1.8104620902299657,2
2077,1010,2.782653078204858,2
2077,1252,4.3250395381120095,4
2077,1393,3.8670909536652633,5
2077,1598,2.560272850915709,3
2077,1711,4.045134212455223,3
2077,2003,3.553881664609987,4
2077,2294,3.7659962848125974,2
2077,2769,3.0,4
2077,3717,3.425770534687891,1
2077,3820,3.0,2
2077,3827,4.0,4
2078,527,3.9589476550949,5
2078,589,3.885915726940764,3
2078,1172,3.996626221327455,5
2078,1923,3.854948955494493,4
2079,1717,2.5244787278889658,2
2079,3638,3.7018500003982635,1
2080,2380,3.0,1
2080,2858,4.448876182814843,4
2081,3285,3.0,4
2082,292,4.370541834375367,5
2082,1265,4.493942114795862,4
2082,1597,4.376724849528982,4
2082,2959,4.44540247168519,5
2084,2028,4.033413998511676,4
2084,2858,4.0343176361907584,5
2084,2890,4.051591674777539,4
2084,3105,4.089608508303289,4
2084,3253,3.9373983039336684,3
2085,218,4.0,4
2085,468,4.516024622831548,2
2085,532,5.0,4
2085,784,3.8815829527618066,5
2085,1476,4.260174803987553,5
2085,1760,3.0,2
2085,2052,3.066249464541455,3
2087,110,4.210488585290209,5
2087,1259,4.132318298179134,5
2087,2657,4.0,3
2088,153,3.95277029344429,3
2088,260,4.288790006642006,5
2088,504,3.0,2
2088,969,4.577694854775449,5
2088,1287,4.570238782911778,5
2088,2530,3.5799543778694756,3
2088,3681,4.331678493237078,4
2088,3770,3.7341813401200623,4
2089,527,4.060331561384152,4
2089,750,4.208478946569261,5
2089,2333,4.0,4
2089,2492,3.0,4
2089,2746,2.9949877441922075,2
2090,368,4.074301054893142,3
2090,552,3.992161602345792,3
2090,1391,3.9440737585829795,3
2090,2006,4.10065960443845,5
2090,3877,3.0,4
2090,3932,4.259938149310899,5
2091,1088,4.5200956368987635,4
2091,1912,4.444644189650071,4
2091,1947,4.585086819564059,5
2091,2017,4.48880048667578,3
2091,2734,2.999567521113567,3
2092,466,3.090490472471617,3
2092,610,3.385730371128277,2
2092,914,3.8166212047271437,4
2092,933,4.113367612328124,4
2092,952,4.357719914109097,3
2092,1019,3.463109888894458,5
2092,1020,2.9080581947454056,2
2092,1111,3.0,3
2092,1206,3.9103815713504915,5
2092,1425,3.0,4
2092,1931,4.0300361480095015,5
2092,1968,3.566026416929658,2
2092,2246,3.0,3
2092,2883,3.0,3
2092,2993,3.405410659640262,3
2092,3345,3.0,2
2092,3527,3.5480753988391194,3
2092,3738,3.504627859048026,4
2092,3740,3.3809318026062174,3
2094,2917,3.848220901528994,5
2095,2336,3.0816152878903638,5
2096,1966,3.0,5
2096,2352,4.239202941943097,3
2097,223,3.731729101991504,4
2097,237,3.0,3
2097,1537,3.0,4
2097,1591,2.9412372379318654,4
2097,1729,3.7687991244737726,4
2097,2273,3.422893423933516,4
2098,29,4.083977383660389,4
2098,50,3.916782482844722,5
2098,70,3.5874379265220675,3
2098,349,3.634146280487302,4
2098,608,3.9269334263702156,4
2098,880,2.7708838973638032,3
2098,1215,3.996346156092533,4
2098,1355,3.0,2
2098,1358,4.025330187504932,4
2098,1556,3.090622638386131,2
2098,1603,3.2188604796732805,3
2098,1993,3.6062999663879287,3
2098,2699,3.6276998182023807,2
2098,3082,3.6755928342104762,4
2100,339,3.8869135656148646,4
2100,1022,4.111598834013174,5
2100,3534,4.0,3
2101,426,4.0,1
2101,1320,3.608110644731243,2
2101,2393,3.453694255663884,4
2101,3917,3.463547271265477,2
2102,151,3.420497743464648,3
2102,225,2.2454270670582077,3
2102,235,3.1241873242827656,4
2102,246,4.045426488343918,3
2102,370,2.243440083798496,3
2102,372,3.0213673239009573,1
2102,388,3.0,2
2102,1841,3.0,2
2102,2028,3.309806746825056,5
2102,2114,3.0898217828685586,1
2102,2889,3.0,2
2102,3200,3.775554152239659,3
2102,3698,2.78626265238011,2
2103,34,3.936318934188088,4
2103,2318,4.0,4
2103,2762,3.943773370685073,5
2103,3114,4.081659695595178,5
2103,3785,4.0,4
2103,3911,4.197081972316382,4
2104,1784,3.2085983325998146,4
2104,2683,1.636402820356389,1
2105,427,3.0,2
2105,457,3.435895313635395,4
2105,1061,3.4136749447322874,3
2105,1097,3.5392499336385006,4
2105,1221,3.847774423244589,4
2105,1222,3.5942361157331733,4
2105,1380,3.303984640481628,3
2105,1699,3.0,3
2105,2642,2.876302509898773,2
2105,3174,3.7218764882797553,5
2106,39,2.318339411130353,3
2106,62,3.0938058286419308,3
2106,520,1.7464171090675633,1
2106,542,1.3547239691897142,1
2106,612,3.0,2
2106,1091,1.7861539341329251,2
2106,1366,3.0,4
2106,1672,3.315407398847006,2
2106,1719,3.955413153735914,5
2106,2115,2.417264634822563,3
2106,2250,3.0,3
2106,2642,1.9282397633081791,1
2106,2716,2.3410306187527867,1
2106,2769,3.0,4
2106,3052,2.965592485429248,4
2106,3078,3.0,4
2106,3398,1.915708543389761,1
2106,3510,2.5512995572861943,1
2106,3668,3.0,3
2107,1208,4.472107691691413,5
2109,416,3.0,2
2109,575,1.6624033537256815,2
2109,589,3.2858456917991337,4
2109,653,3.0044450512797427,4
2109,926,4.571659854170052,4
2109,1031,3.206665353865065,3
2109,1212,4.5822268546211316,4
2109,1317,3.0,4
2109,1356,3.0659096484665493,4
2109,1367,2.0,3
2109,1466,3.36362420722231,3
2109,1982,3.4538485625334,4
2109,2279,2.7830093452753566,3
2109,2297,3.137199306498995,3
2109,2302,3.1688024959137544,4
2109,2352,3.218761629057663,3
2109,2572,2.6170613364565902,3
2109,2866,3.0,3
2109,2918,3.213430436144889,3
2109,3082,3.1675008641729105,2
2109,3248,2.2684219210488696,2
2109,3430,2.1599300191875956,4
2109,3499,3.380229604352145,4
2109,3510,3.451477021880543,4
2109,3661,3.0,2
2109,3798,3.484545149685286,5
2110,1198,3.104860032288771,5
2110,1234,3.9077782262838148,5
2110,2000,3.6672418389412442,4
2110,2080,3.957642859367916,3
2110,2424,3.4698133210530235,1
2110,2837,3.0,1
2110,3087,3.37176925473904,5
2110,3133,3.0,5
2110,3740,3.460117177370333,4
2113,1269,4.6308604838944705,4
2113,3930,3.058242929634915,4
2114,3704,4.039259937848812,3
2115,337,4.143743707963472,5
2116,19,3.466351121982418,3
2116,50,4.033857471933122,5
2116,261,4.225913956375804,3
2116,442,3.6891778317935278,3
2116,518,3.0,3
2116,1073,4.002279925286094,5
2116,1222,3.9849579331185474,5
2116,1401,3.0,3
2116,1465,3.0,3
2116,1544,3.830846318533334,4
2116,1673,4.0332636542151885,2
2116,1711,3.972019145184688,5
2116,1885,4.0813776321940045,5
2116,2046,3.9756703847371635,4
2116,2154,4.0,3
2116,2188,3.0,2
2116,2337,3.0,3
2116,2597,3.0,3
2116,2759,4.0,3
2116,2890,4.019440261951175,5
2116,3176,4.2341453485162726,5
2116,3247,3.8538287125086983,4
2116,3316,3.0,1
2116,3438,3.7583614118124284,4
2116,3512,3.486303734756704,5
2116,3513,5.0,4
2116,3527,3.88356478716588,4
2116,3798,3.2030635748093808,1
2116,3825,3.0,4
2117,86,3.0,4
2117,910,4.824958343728304,5
2117,1269,4.920448964338445,5
2117,3543,4.520643217008433,4
2119,593,3.72603190402795,4
2119,3198,4.0,5
2119,3638,3.6908545093383514,3
2120,165,3.21686303871968,4
2120,317,3.561218276439884,3
2120,1197,3.7599623567427733,3
2120,1917,3.5578792003710333,2
2120,2321,3.4892854587348983,2
2120,2329,3.8156337746817224,4
2121,942,4.023774057081158,5
2121,1219,4.163436443357213,5
2121,3089,4.208039845950797,5
2122,32,3.7634346324993513,2
2122,1573,3.581209459900169,2
2122,2353,3.5842964460086835,4
2124,346,3.0,5
2124,589,4.2949967839275995,3
2124,848,3.0,4
2124,904,4.764769871066894,4
2124,934,3.0,5
2124,1836,3.0,5
2124,1938,4.829541900222322,5
2124,1998,3.5400791880095857,3
2124,2517,3.922591677597686,4
2124,3145,3.0,4
2124,3447,3.0,5
2124,3508,4.730114549852598,5
2124,3680,3.0,5
2124,3734,3.0,5
2125,306,5.0,5
2125,373,3.0,5
2125,858,4.265507938042752,5
2125,914,5.0,4
2125,1769,2.991826875823803,5
2125,2028,4.013840772432462,2
2126,480,2.969612792518186,4
2126,1374,2.6897042388436927,2
2126,2527,2.922180524112395,1
2126,2660,3.0000000000000004,2
2127,266,3.3995347297762315,4
2127,1219,3.2564554109294512,2
2127,1968,3.359395074598272,2
2128,110,3.4525087919157715,4
2129,474,3.9440201800102375,4
2129,1197,4.00004708787017,3
2129,1356,3.7198444451806476,3
2129,1997,3.771917313003316,4
2129,2517,3.4091064647229934,4
2129,2758,3.0,3
2129,2787,3.1386715975463337,2
2129,3203,3.868706849749147,5
2129,3512,2.6521517056556223,4
2129,3863,3.37509374759964,3
2130,589,3.5173743903591266,5
2130,3926,3.547378697582453,4
2131,31,3.0,3
2131,1088,3.7860181565129953,4
2131,1377,3.5711391266152734,2
2131,1726,3.0,4
2131,1986,3.426942055971722,3
2131,3255,4.10703615545283,4
2131,3273,3.3630422823867194,3
2131,3661,4.0,3
2132,2662,2.7238389750204797,3
2133,593,2.9694813773523636,5
2133,1517,2.517124493684662,2
2134,104,3.545872934483683,3
2134,714,3.0,5
2135,800,4.0,4
2135,2501,4.330689101240202,4
2136,1358,4.322297193066529,4
2136,2427,4.340652792171326,4
2136,2883,3.0,4
2137,3745,4.720255326227712,5
2138,1779,3.8947013758415983,2
2140,1208,3.880117941740628,3
2140,1997,3.7806665107487802,4
2140,2987,3.936438248011877,2
2140,3152,3.8829424464381384,4
2140,3471,3.8853732225281448,5
2142,1610,3.7705837963489794,4
2142,2571,3.7956865218331486,5
2143,44,2.487110743843417,2
2143,380,3.186413088345044,4
2143,733,3.1437046043464765,3
2143,2985,3.140893438601593,3
2143,3452,3.0,2
2144,193,3.0,4
2145,1127,4.102666331958924,1
2145,1375,3.925748808297132,5
2145,2012,4.063975165231495,5
2145,2094,3.887388585429924,4
2145,2599,4.797615752689818,5
2145,2995,3.898703010130504,2
2146,1408,3.609831926158395,3
2146,2872,3.6172727019782798,2
2146,3062,3.682235136305632,5
2147,1466,4.178898929331745,4
2147,1589,4.074894431525723,3
2147,1732,4.188306953303965,5
2148,1193,4.244408662817618,3
2148,1221,4.055050866882967,1
2148,1517,4.085472313113508,5
2148,2060,4.0,5
2148,2080,4.264439864979035,4
2148,2968,4.171603302942487,3
2149,514,3.0,4
2149,611,3.0,2
2150,1974,3.630444159253852,4
2150,2279,3.4212806178403405,4
2151,266,3.7724862787003577,2
2151,2791,2.5834989768148025,5
2152,3624,3.7547247240098667,4
2153,1,4.054986844118047,5
2153,11,3.734513916086544,5
2153,107,4.6211844669191935,4
2153,1377,3.704428175267984,4
2154,1222,4.2383551247273195,3
2154,1945,4.163385596148443,4
2155,1219,4.580301058394766,5
2155,1973,4.825352201870316,5
2156,314,3.0,4
2156,337,4.05516901199276,4
2156,1276,3.899984156056941,4
2156,1345,3.8509880432506094,4
2156,1909,3.411553566003963,4
2156,2120,3.0427892361874753,4
2156,2478,3.50401100913003,4
2156,2746,3.5847861904790923,4
2156,2915,3.7431627319516534,3
2156,3159,3.0,3
2156,3708,3.447931844586705,3
2157,1247,4.0155461345074785,3
2157,1278,3.900349764895166,5
2157,1702,2.975953525153598,2
2157,1704,3.683221861664902,3
2157,1994,4.220483741952759,4
2157,2162,1.0,1
2157,2657,3.8956261082216264,4
2158,2542,3.837056290891973,4
2158,2947,4.1098153158858075,4
2159,2028,4.579185785767305,5
2161,50,3.56139086637918,5
2161,300,3.522934925938535,4
2161,3302,3.0,5
2162,36,4.277473879416385,5
2162,235,4.0005037557330105,4
2162,268,3.0,3
2162,562,3.9585117024616436,4
2162,1081,3.9855161304302467,3
2163,514,5.0,5
2163,1429,4.591174635196921,4
2163,3438,4.016938098751241,2
2164,293,3.965030754892258,4
2164,474,3.863646532767056,5
2164,1320,3.7767582056681284,4
2164,1597,3.7753671035633127,4
2164,1833,3.698589502864298,4
2164,1876,3.7160933064915302,4
2164,2429,3.0,4
2164,3440,2.6048761800397964,3
2165,21,4.061731089823454,3
2165,104,4.119197141305422,5
2165,589,4.215540288150077,5
2165,2404,4.00551565977382,4
2165,2808,3.881720469313264,3
2165,2918,4.091458251584983,5
2165,3702,4.288830047718325,4
2165,3785,2.5292994963068565,4
2166,107,1.0,2
2166,258,2.0,1
2166,575,2.5096101605337604,2
2166,1136,4.144564640694994,4
2166,1387,4.142083208473129,4
2166,1517,4.104882750169574,5
2166,2628,4.1001727712513345,3
2167,2034,3.1076413621793053,1
2167,2232,2.8740446658004593,5
2167,2364,3.0,2
2167,2699,3.03202143652128,1
2167,3864,3.0,1
2168,1,4.199202133017851,3
2168,762,4.724082282547146,3
2168,1210,4.37034109827525,5
2168,1293,4.4506389975130745,5
2168,2005,4.344916924774854,2
2168,2884,3.0,2
2168,3328,5.000000000000001,5
2168,3683,4.60347415405889,4
2169,356,4.383523700170664,4
2169,588,4.130584493802241,2
2169,2167,4.431243872993509,5
2170,1959,4.249935676549955,5
2170,1962,4.371563726646524,5
2170,3211,3.0,3
2171,1256,4.721570787381901,5
2172,188,2.535371377110421,4
2172,265,3.9515425997723517,4
2172,778,3.728862127077714,4
2172,1089,3.60199878200945,5
2172,1339,3.05758117793085,2
2172,1968,3.16879342461281,3
2172,2096,3.158744653563556,4
2172,2285,3.0,4
2172,2395,3.724422228885456,5
2172,2580,3.7015059016822027,4
2172,2599,3.756671565954233,4
2172,2717,2.93149039852259,3
2173,531,3.0,4
2173,1198,3.81840529462953,4
2173,1394,3.9408892998043625,4
2173,1653,3.8214054623673412,4
2173,2297,3.5344393704895847,4
2173,2988,3.585910559306327,5
2173,3163,3.0,4
2173,3210,3.8226452785382175,3
2173,3498,4.3696079513229,4
2173,3735,3.9603934682347184,4
2174,708,3.6501907371382445,3
2174,1079,3.752153930110589,4
2174,1729,3.770518762654989,3
2174,2231,3.4904800923657313,3
2174,3897,3.8150373057615816,5
2175,151,4.12021221469324,2
2175,704,3.0,3
2175,1544,4.237841281569571,5
2175,1920,4.172227076288162,3
2176,1729,4.381723744531715,5
2176,1921,4.659827751042053,3
2176,2716,4.054624199863751,4
2177,1196,3.7476364329177767,5
2177,1212,4.086081234980165,3
2177,3466,3.0,4
2178,1288,3.9965793615287066,5
2178,3099,3.0,3
2179,1358,3.633806777840488,4
2179,1398,3.0,5
2179,1617,3.5019608843774845,3
2179,2908,4.0,4
2180,260,3.5526367767515312,5
2180,380,3.3969046232236972,3
2180,466,3.1406288163997447,1
2180,558,2.0248348473165767,1
2180,1029,3.1912401230167267,3
2180,1088,3.139362412514778,3
2180,1129,3.4553224298814618,2
2180,1282,3.343474956144491,4
2180,1375,3.343389090878412,3
2180,1931,3.474355551341808,3
2180,2083,3.361310060294513,3
2180,2414,3.320225596901845,4
2180,2826,2.7940764630880626,4
2180,3159,3.0,3
2180,3527,3.4305112241655467,3
2180,3545,2.6984969175696274,2
2181,32,3.569952170285898,2
2181,842,2.2930809877753653,3
2181,891,2.833188395155713,2
2181,905,4.337386349122077,4
2181,1476,3.6929751493277387,4
2181,1603,3.001241561530203,2
2181,1620,2.9026806678242627,1
2181,1925,3.0,4
2181,2107,2.5967206304717263,4
2181,2140,3.405112892484708,5
2181,2455,3.622464869655596,4
2181,2530,3.218410784458328,4
2181,2613,3.279547122750764,2
2181,2747,3.00059633721152,3
2181,2844,3.0,4
2181,2881,2.783117659834908,1
2181,2997,3.8417984769445948,4
2181,3548,4.50289735073419,3
2181,3614,3.661931563109714,4
2181,3693,4.001934244044341,3
2181,3802,2.8092930409608505,1
2182,3555,3.6617916863948925,3
2183,357,4.204183629187814,4
2183,1304,4.222106300374569,5
2184,1230,4.805016063133093,4
2184,2004,3.0,4
2184,3175,3.9810544640040644,4
2185,1077,4.533993519060391,5
2185,1080,4.370375739416571,4
2185,1129,4.056017674315979,3
2185,1354,3.5367336157002476,4
2185,1641,4.200737322159441,4
2185,1914,3.0,4
2185,2352,4.3092906240791775,5
2185,3730,4.801243710743362,5
2186,9,3.0118320704520762,3
2186,204,3.4610334098036573,3
2186,1769,3.6299436258110114,3
2186,2006,4.016202387458749,4
2186,2421,3.8541394455028017,2
2186,2468,4.210938939582104,2
2186,2475,3.0,2
2186,2477,3.0,3
2186,2826,3.156310816737045,3
2186,2835,3.0,3
2186,3070,3.51519481066136,3
2186,3527,3.8777247901529774,5
2186,3717,2.0,3
2186,3763,4.130024925857264,3
2187,2359,3.898152627141471,2
2187,2858,3.8633477762957713,5
2187,3252,3.7112894215996626,4
2188,355,2.7831117816170274,2
2188,413,1.645167364961578,3
2188,830,2.821001143686056,3
2188,1010,3.1826450458351965,4
2188,2291,3.4509492334253085,4
2188,2596,3.0,3
2188,3243,2.8842046215544026,3
2188,3489,3.0873630250337083,3
2189,1588,3.0,3
2190,32,4.2447932128844945,4
2190,595,4.275215923537589,5
2190,1136,4.297338562872456,4
2190,1658,3.0,4
2191,588,3.1629969690905755,3
2191,2321,2.7862465811286867,4
2192,780,4.01060102753993,4
2192,1378,3.9654075364665986,4
2192,3082,3.866109242669546,4
2195,239,1.0909576495446693,1
2195,546,3.7758963293223475,4
2195,1020,3.663423939613401,4
2195,1573,3.9356962631855676,5
2195,1907,1.590568263835517,2
2195,2046,3.7876723155334817,3
2196,3409,4.0,5
2197,2565,3.986929960044506,4
2199,2706,3.011799847507542,4
2200,480,3.4135912772145263,3
2200,2571,3.4225031114687905,5
2201,1193,4.55560221450623,5
2202,141,3.6442320253496208,5
2203,126,3.0,2
2203,158,3.9705085976965573,5
2203,1215,3.8034987763159047,2
2203,1263,4.692408377368546,5
2203,1270,4.41606236629338,5
2203,1320,3.7642123900205866,3
2203,1393,4.45918570433127,4
2203,2011,4.270661614221483,4
2203,2043,5.0,5
2203,2110,4.476430050789856,3
2203,2363,4.41579807647993,4
2203,2533,4.366309721834229,5
2203,2706,4.023234688895428,2
2203,2752,4.0,4
2203,2791,4.23221329468274,5
2203,3130,3.0,3
2203,3257,3.948869131168751,4
2205,14,3.0,3
2205,457,3.13784310256755,3
2205,909,3.5129030399280197,3
2205,951,3.8204335779223824,5
2205,1302,3.164930305632942,4
2205,1339,3.2209449574200653,2
2205,1960,3.5378671326470243,5
2205,2058,3.0811451592254877,3
2205,2096,3.3178001609333325,4
2205,2116,3.240127628989361,3
2205,2181,3.0,2
2205,2857,3.578007252231294,3
2205,2989,3.195829827278543,2
2205,3101,3.3104641386962315,3
2205,3196,3.522671766364922,3
2205,3635,3.2800163895208807,2
2205,3917,3.4624091785081332,5
2206,350,4.19911528791104,4
2206,1249,4.063092719268937,4
2206,2124,3.368554106460032,2
2206,2289,4.422714301847558,5
2208,21,3.6287809296714433,4
2208,593,4.023457617685242,4
2208,2997,4.129672057101765,5
2208,3481,4.092000916782888,4
2208,3552,3.714701618093185,5
2211,1023,4.705940338211614,5
2211,1073,4.12111683485539,2
2211,1374,4.022729363503277,4
2211,2524,4.0,3
2211,3137,3.0,4
2211,3167,4.1178961913683905,4
2211,3871,3.8072612093862452,4
2212,356,3.2662688095051307,5
2212,2702,3.4141834000185054,1
2212,2792,3.0337004305778965,4
2213,3863,4.0,3
2214,42,3.0,4
2214,899,4.43723859353308,5
2214,2858,4.300676619174361,5
2215,6,3.5229241515921736,4
2215,778,3.872753717541968,4
2215,2028,3.518767601692186,4
2215,2336,3.6217513367797802,3
2215,2997,3.704760080482128,4
2215,3578,3.4891256625444456,3
2216,21,3.7698885506976834,1
2217,1969,1.7017677427124374,2
2218,1100,3.0,4
2218,3917,4.0,4
2219,34,4.220230222680524,5
2219,1079,4.140937995674258,4
2219,1617,4.261873806914341,5
2219,2268,3.928046398563453,4
2219,3052,3.879927477842748,4
2219,3418,3.930024437328575,4
2219,3421,4.003151877119381,5
2219,3545,3.819004309525774,2
2221,1240,3.6809468143128985,5
2221,2628,3.229389326175415,1
2221,2762,3.4373634490334974,4
2222,21,3.196492910643007,4
2222,36,3.665618219554512,5
2222,237,4.314651014348895,4
2222,364,3.5873147122382383,4
2222,1099,3.0,3
2222,1353,4.514273048400315,5
2222,1784,3.6420326047755465,5
2222,2174,3.0659682832172956,1
2222,2470,3.572942462531617,4
2222,2520,3.0,4
2222,3868,3.705267028389741,5
2223,349,3.376413140706273,4
2223,780,3.3520423449469487,4
2223,800,3.4593018644880664,3
2223,805,3.0224734558754216,3
2223,1047,3.0491391592925736,2
2223,1097,3.428125257783724,5
2223,1220,3.4992851393371254,5
2223,1376,3.759877812651745,4
2223,1580,3.3587836685591683,4
2223,1610,3.377833350109968,4
2223,1845,3.667283822720279,3
2223,1968,3.5940825855141267,4
2223,2137,3.8330324859628897,2
2223,2501,3.1931905716190583,4
2223,2671,3.1625627676741694,4
2223,2701,3.5749376066437986,3
2223,2707,2.8376596648741543,3
2223,2713,2.9696012639068314,3
2223,2770,3.4672890590318306,4
2223,2872,3.795912633324782,3
2223,2890,3.329763211491811,4
2223,2916,3.373604694620249,3
2223,3185,3.0,3
2223,3552,3.5847485561692602,4
2224,3359,4.999999999999999,4
2225,1100,2.8610028518074286,2
2225,1379,2.908518797514672,3
2225,2100,3.515648090806582,4
2225,2396,3.7568008118937435,4
2225,2472,3.0,3
2225,2763,3.3929943713577626,3
2225,3536,3.8939312593118354,4
2225,3654,3.5277202935216754,4
2228,329,3.739447002279285,4
2228,1997,3.0000648705326904,4
2228,2787,2.8516859732655946,3
2229,500,3.5584517727854554,4
2230,418,3.0,1
2230,571,3.0,4
2230,866,3.256145897531337,4
2230,1876,3.58987880061159,2
2230,3174,2.7524478509620924,5
2231,356,3.6645393364451935,3
2231,1028,3.8211081535640767,3
2231,1219,3.8958902205271726,5
2231,1228,3.9679507384915995,4
2231,2080,3.83019921205674,5
2231,3030,5.0,4
2231,3107,3.4674177708474283,2
2231,3152,3.894266075457598,4
2231,3362,3.897931370280697,4
2231,3929,3.0,3
2232,6,4.244561630926066,4
2232,296,4.34844063377838,5
2232,338,3.103118454047948,3
2232,1035,4.474595783385112,4
2232,1282,4.446729051096332,5
2232,2006,4.18803237441749,3
2232,2628,4.228516386277696,3
2233,1639,3.4085735039528315,3
2233,3160,3.22309494228903,1
2234,1459,4.0,3
2234,3384,3.0,4
2235,180,4.448072731907777,4
2235,2683,3.974012726211191,5
2235,3614,3.6031552342232147,4
2236,720,4.0,4
2236,3717,4.0,4
2236,3943,3.0,3
2237,105,4.0,3
2237,232,5.0,5
2237,266,4.029846445529665,4
2237,307,4.510313811254634,3
2237,1958,4.266013168755293,5
2237,2068,3.0,3
2237,2313,4.554908887092815,5
2237,2406,3.9092934698458834,4
2237,2433,4.48500977243205,4
2237,3707,4.0,2
2238,2028,3.7267670071974974,4
2239,480,4.227223239132072,4
2239,1101,4.2077472094316,4
2239,2600,4.512199876531274,4
2239,3793,4.093728864610888,4
2240,1253,4.4289717790439385,4
2240,1373,4.56120926735113,5
2240,1692,3.0,5
2241,913,4.433115579074617,5
2241,2049,3.0,4
2241,2176,4.635611002836748,3
2241,2186,4.530952186959994,5
2241,3926,4.0,4
2242,357,3.860991743546183,4
2242,550,3.0,2
2242,1097,3.7763842396095026,4
2242,1240,3.6259118854885872,4
2242,2081,3.9334079678609384,5
2242,2162,2.9632109644311395,1
2242,3396,3.964165748437426,5
2244,608,4.393073992972412,5
2244,1073,4.263764137438863,2
2244,1221,4.502008343497451,5
2244,1283,4.973489211726583,5
2244,1333,4.649115593145019,5
2244,1459,2.066660676604614,4
2244,1460,1.0,1
2244,2294,4.015301737957585,4
2244,3917,1.0,1
2245,3534,2.7607941438591954,2
2245,3754,3.0,2
2246,111,3.90238429302173,4
2246,541,3.2879465650067186,3
2246,1097,3.6910548332106425,5
2246,1189,3.0,3
2246,1580,3.5794227996859562,2
2246,1794,3.0,3
2246,1797,3.0,5
2247,150,3.9421894525301817,4
2247,594,4.0925567962043345,3
2247,1041,4.068661868949839,5
2247,1097,4.0816803519479254,4
2247,2997,3.8467950480717534,1
2249,1580,4.436113092259318,5
2249,3555,4.640982638350155,4
2251,265,4.048123239735309,3
2251,628,3.7956139665470134,3
2251,1268,4.115953123786593,5
2251,1294,4.10873366171973,4
2251,2243,3.9927858103305742,4
2251,2532,3.6222648385476885,3
2251,3018,3.76395859005409,5
2251,3243,2.8676115746260207,3
2251,3526,3.7909906813367424,3
2251,3543,4.2968665340261545,4
2251,3613,3.0,3
2253,2628,4.479932856179857,4
2254,493,3.0,4
2254,2529,3.8866675072652717,5
2255,260,4.0992881692520555,5
2255,586,3.92068024658157,5
2255,919,4.141466305169146,5
2255,1341,3.0,1
2255,2716,3.6688041242908116,4
2255,3396,4.046298651823411,4
2256,2973,4.583622544899073,3
2257,3185,3.0,3
2258,594,3.8107590269758065,3
2258,736,3.6354546062555233,2
2258,913,4.260354595820368,5
2258,1030,3.5702889151837365,3
2258,1126,3.609184870285322,2
2258,1327,3.2038414643914344,3
2258,1380,3.7692313201385192,4
2258,1777,3.6513372091031657,5
2258,2043,3.5047963427612543,4
2258,2054,3.409034195302207,3
2258,2355,3.7939595106746693,4
2258,2648,3.967536341046917,4
2258,3438,3.6013658375089523,3
2259,1244,4.659037970445881,5
2259,3363,4.645897884257795,5
2261,381,3.0,4
2261,2501,4.340401866472478,4
2261,2714,3.0,3
2261,3179,3.0,3
2261,3186,4.0,2
2261,3300,3.599910441753888,3
2261,3717,3.6801682271762726,4
2262,1197,3.8702379190264113,4
2263,16,3.9853847183095725,5
2263,164,4.0,2
2263,663,3.994655507136232,4
2263,1923,3.7868952910851634,5
2263,3717,4.327792610562921,4
2264,34,3.782865686248122,2
2264,589,3.9037231554318166,4
2264,1021,3.3520565309826313,3
2264,1385,3.242215961808565,3
2264,2406,3.920399861824222,4
2264,2426,3.0,3
2264,2699,3.338202024972141,3
2264,3396,4.068762734838344,4
2264,3552,3.9361253315384257,3
2264,3809,3.9199062745530484,3
2265,1049,3.5958251153814094,4
2265,1690,3.6364122264329053,2
2265,1779,3.528333250397248,3
2265,2430,3.0,3
2265,2490,3.587036775001308,3
2265,2527,4.132443547557321,4
2265,2641,3.7597155690662545,3
2265,2692,3.8994948066240416,3
2265,2699,3.62209538817567,2
2265,3107,3.733450163983233,4
2266,1249,4.42614035088496,4
2267,1035,3.660084433665207,2
2267,2065,3.578582170750004,4
2267,2130,4.008445734345402,5
2268,728,3.0,4
2268,2858,4.4094237361622435,4
2269,2159,3.0,4
2269,3101,5.0,5
2270,1954,3.823384986766041,4
2271,357,4.250015254505957,4
2271,897,3.0,4
2271,946,4.225733172544086,4
2271,1732,4.218510962522338,4
2271,3406,3.0,3
2271,3682,4.172812716991607,4
2271,3930,3.5184335550819696,3
2273,924,4.229006622317342,3
2273,1608,4.031093792270787,4
2273,2840,4.028676836368359,4
2275,2706,3.8865521616166765,2
2275,2763,3.9659369669311477,4
2276,1633,3.0,5
2276,2278,4.507570902229718,4
2276,2439,3.0,4
2278,968,3.9410350321291716,4
2278,3606,3.0,3
2279,1088,3.9659081832720124,5
2279,1913,4.499495851242567,3
2279,1953,4.36576764902776,5
2279,2420,3.6207679544080484,4
2279,2797,3.8090215535318803,4
2279,2991,4.125147684904994,4
2279,3098,4.157344374447556,5
2279,3448,3.9266886633472544,3
2279,3498,3.9569562129440223,5
2279,3706,4.597634235198244,4
2280,1095,4.455874679628561,4
2280,2890,4.456574123164956,3
2280,3723,3.0,4
2281,1964,4.671266686270831,4
2282,694,4.14421757706949,4
2282,784,3.502986826732432,3
2283,2706,3.570480446096638,1
2283,3081,3.596764784377135,4
2284,1199,4.178067660985924,4
2284,3703,4.026773091063535,5
2288,6,3.0604115209926044,2
2288,150,3.029435151726788,2
2288,153,2.1854395174840158,1
2288,162,4.32369584484193,4
2288,364,2.783040802430589,3
2288,1641,3.169736187944299,4
2288,1772,3.0,1
2288,1994,3.084587101576816,2
2288,2042,1.1985697874392742,2
2288,2145,2.8042147579348407,1
2288,2448,2.0,1
2288,2530,2.304186823907683,2
2288,2729,4.4030524489800325,4
2288,3476,3.4409515874420085,3
2290,524,3.6687808279397722,3
2290,1198,3.485020888221347,4
2290,1375,3.3405646902124917,3
2290,2134,3.4129073186944616,3
2293,930,4.546057042507263,5
2293,946,4.816896430102145,5
2293,1028,4.362966092816343,2
2293,1094,4.618900424526155,5
2293,1201,4.454772302497348,4
2293,1247,4.619870299883558,5
2293,1267,4.7051908997371115,5
2293,1289,3.0,5
2293,2099,4.339717880618073,4
2293,2186,4.638023315387253,5
2293,2203,4.713131484303418,5
2293,2921,4.569024110617527,4
2293,3035,4.734077926909551,5
2293,3358,4.379998855685552,5
2293,3479,3.7212714589417564,2
2293,3545,4.691295155173202,5
2294,590,4.088266372752698,5
2294,1250,4.148149248493116,5
2295,2439,3.0,4
2296,144,3.0,2
2297,1127,4.047058518967346,5
2297,2526,3.0,4
2297,3467,4.450204049343103,5
2297,3552,3.9474366519081494,4
2298,223,3.6024362392829183,4
2298,2491,3.0,1
2299,3793,3.79822952677614,3
2300,593,4.178505102742139,4
2301,162,4.748097101160234,4
2302,480,3.7604629006652264,5
2302,1042,3.254621660292119,5
2302,1488,3.400331982543046,4
2303,58,4.32589086540905,4
2303,1092,4.078254407952907,5
2303,1544,4.245593408991067,3
2303,1721,4.364777599835758,4
2303,1953,4.366171964589593,4
2303,1961,4.39562592476769,5
2303,2788,4.0,4
2303,2947,4.335174135283329,4
2303,3256,4.053558135851425,4
2304,15,3.0,3
2304,163,4.129947033701034,4
2304,235,3.983634544511954,4
2304,260,4.080925891205024,5
2304,367,3.9844059721227456,4
2304,379,3.8952723638126225,4
2304,474,4.083929550497129,5
2304,504,3.7763004324102805,4
2304,517,4.28136182543846,3
2304,524,3.8271230859843492,4
2304,1082,3.0,4
2304,1196,4.047390158073344,5
2304,1278,4.090588268074771,2
2304,1912,4.250085559386814,4
2304,1948,3.9910619067658284,3
2304,2000,4.028588540271407,4
2304,2107,3.8397678551543426,3
2304,2666,3.0,1
2304,2793,4.114418967162852,4
2304,2953,3.393189927470925,4
2304,2973,4.023915849972486,4
2304,2974,3.0127516714226736,3
2304,3068,3.838874539238258,3
2304,3298,4.213766917341273,4
2304,3358,4.046637156780121,3
2304,3508,4.120791937009637,4
2304,3535,4.458444480071784,4
2304,3836,4.4448498169081825,4
2304,3893,4.4855678889360195,4
2305,3052,3.379484507495015,4
2305,3129,3.0,2
2306,1597,3.180475459468111,1
2306,2081,3.6172391209485846,3
2307,1885,4.876977098643777,5
2307,2797,4.660646983281364,5
2307,3301,4.195669705942982,4
2307,3354,4.179216452719932,2
2307,3408,4.715865824338173,5
2309,736,3.7633438587061088,5
2309,1196,3.567739232339653,4
2309,3334,3.376667014786418,4
2310,608,3.8995366983511257,4
2310,2018,3.46997218703284,4
2314,2762,2.678866206403399,4
2314,2959,2.904742240180197,3
2315,2015,2.6507045237016964,2
2315,2459,3.0,1
2316,1036,3.976784534810654,5
2316,1641,3.997031821228853,3
2317,2023,4.305856149013826,1
2317,2961,3.0,3
2318,2792,2.485925902968366,1
2319,1079,3.9605267101981143,4
2319,1240,3.8947297886485646,5
2319,3072,3.9920514124765965,4
2321,1641,4.024331701182172,3
2321,1732,4.093273792542261,5
2321,3793,3.9797752139401887,3
2322,2858,3.880349313170992,5
2322,2997,3.8662670023481875,2
2323,608,3.8813180155869693,4
2323,1060,4.080296696454601,5
2323,1214,3.7906357752958404,5
2323,1225,3.9292746783039605,2
2323,1997,3.5937223557018956,4
2323,3354,3.566888381099631,4
2324,308,3.4773513231522895,4
2324,2858,4.28412692447445,5
2325,2805,2.6599167152677055,2
2327,480,3.5692331484012336,5
2327,1923,3.5563654863149843,3
2330,919,3.238650716605638,5
2330,1673,3.114108755044961,1
2331,3006,4.404805790581003,5
2333,357,3.8999026879988556,4
2333,1233,3.982678596222653,3
2334,421,3.0,4
2334,608,3.8202399250775656,4
2334,1014,3.0,4
2334,1835,3.925119864931815,3
2334,1957,4.034944997594018,4
2334,3147,3.6073599344758382,4
2335,858,3.680330866003236,4
2335,3661,3.0,1
2337,432,3.9761657906472005,4
2337,480,4.285327740581645,4
2337,1610,4.251204992442884,4
2338,329,3.9876490918386196,4
2338,919,3.9426570886504364,5
2338,1306,3.0,4
2338,2628,4.020813172857121,2
2340,58,4.529711174075096,4
2340,111,4.659567085318539,5
2340,150,4.375530782352844,4
2340,1190,3.0,4
2340,1394,4.628961635360211,5
2340,1680,4.166122827553875,5
2340,1956,4.708992097659422,4
2340,2572,4.457700780359645,4
2340,2801,3.0,4
2340,3066,4.722780007417737,5
2340,3201,4.793420574712136,4
2340,3549,4.2391646530665605,4
2341,2013,4.0,3
2341,2359,3.420113040959517,2
2341,2533,3.8405289879334403,4
2342,541,4.000778960419529,5
2342,1197,3.784724194310396,5
2342,1222,3.825526817091324,5
2342,1284,3.895149597439422,5
2344,1215,3.4822113376367634,4
2344,1294,3.6532141884600238,3
2344,1379,4.022298670767248,4
2344,1663,3.4048747611104844,4
2345,3121,3.0,4
2346,10,3.7663193105168618,4
2346,2078,3.8006312434032283,4
2348,1230,3.7009184244539166,3
2348,1244,3.664643336574791,3
2348,1298,3.60895992955931,2
2348,3471,3.523240926628041,4
2349,899,3.6915531715648626,4
2349,1127,2.6329057568413536,4
2349,2641,2.9912455359220864,1
2349,2989,2.7640109945436753,2
2350,2628,3.7187517459631683,3
2351,457,3.659075038396975,4
2351,1641,3.6651154812602136,3
2352,1337,3.0,3
2352,1347,2.936542592582668,3
2352,1981,2.0300533399497978,2
2352,1992,2.150105246037621,2
2353,144,3.0,4
2353,597,3.4808703091271203,4
2353,1258,3.7529570027851094,4
2353,2268,3.6069682892734454,3
2353,2599,3.356991975494185,3
2353,3259,3.4960076385449192,3
2354,446,3.0,1
2354,1097,3.8428740863569635,4
2355,235,3.386591665858316,3
2355,1084,3.705401394926644,3
2355,1292,3.6486784946265645,3
2355,1902,3.0,1
2356,1247,3.7806332615156526,4
2357,3409,3.61875088222149,5
2358,2710,4.114418850415875,1
2359,911,5.0,5
2360,1035,4.138790621444954,1
2363,2948,3.977811942651477,5
2366,1270,3.5336626313524193,4
2366,1801,3.2687182342232535,3
2367,1265,4.2340153193252785,3
2368,55,3.0,4
2368,199,3.0,4
2368,230,4.004827739666668,4
2368,509,4.231185330537654,5
2368,944,3.0,5
2368,1103,4.560077509395801,5
2368,1840,3.0,4
2368,1968,4.723959419155457,4
2368,3418,4.1712134816337105,5
2369,1617,5.0,4
2370,945,4.0150906107377,3
2370,1226,3.0,5
2371,1541,4.999999999999999,5
2372,678,5.0,5
2372,1834,4.421118469827583,3
2372,2324,4.61698070907975,5
2372,2908,4.479036509480843,4
2374,353,3.885269878557112,4
2374,780,4.1815285347863265,4
2374,1032,4.592890657291798,4
2374,2291,4.238120834846744,3
2374,2403,4.121613264140995,5
2375,3,5.000000000000001,5
2375,2858,3.6682705217925444,5
2376,164,5.0,2
2376,253,3.3262361401207166,3
2376,282,3.0,3
2376,318,3.7459355111362362,4
2376,541,3.391166972226424,5
2376,913,4.278742062302974,4
2376,991,3.0,3
2376,1088,3.616497071589139,3
2376,1092,3.096966886929784,3
2376,1242,3.8164940432239907,4
2376,1619,3.4934105242109115,2
2376,1959,4.0,5
2376,2398,4.449788698496826,3
2376,2699,2.8520403699537695,1
2376,3354,3.088173357948273,1
2376,3566,3.0,4
2376,3720,3.0,3
2376,3823,3.0,5
2376,3826,2.722522416696974,2
2376,3910,4.0,5
2378,110,3.7560814219440277,4
2378,234,1.5362427643491277,4
2378,619,3.0,3
2378,688,3.0,2
2378,1627,5.0,1
2378,1645,3.959164888098377,3
2378,2004,3.0795878730239634,1
2378,3113,3.7005013595514438,5
2378,3418,3.757042073769829,3
2379,1136,4.273175362725596,5
2380,45,3.528057476544249,2
2380,47,3.6243752254684836,2
2380,357,3.737194885915106,4
2380,372,3.52327850996672,3
2380,480,3.6053559023517145,3
2380,2423,3.4631836558341376,2
2380,2431,3.5498544813016757,4
2380,2502,3.410483165350985,3
2380,3831,3.0,4
2381,131,3.0,3
2381,3543,4.0266445415473235,3
2382,3622,3.0,4
2383,367,3.5895899262721556,4
2383,380,3.463972522696039,2
2383,452,3.0,3
2383,592,3.5260723696168386,4
2383,785,3.8535775783879442,3
2383,861,2.8945974857920462,4
2383,2145,3.7170395609209805,4
2383,2657,3.74295948352241,3
2383,3397,3.855151359436445,4
2383,3638,3.453050893776214,4
2384,318,4.072356526725168,5
2386,2085,3.7371037517253587,3
2387,3765,3.0,4
2389,50,4.01953810579793,5
2389,345,3.7459170776189374,4
2389,940,5.0,4
2389,1094,4.01371118602492,4
2389,1148,4.306074183593299,4
2389,1221,4.084822188652167,4
2389,2329,3.911664500006262,3
2389,2384,3.486889412246496,4
2389,2729,3.0,5
2389,2978,3.0,3
2389,3386,3.8933588090758917,3
2389,3461,3.0,3
2391,891,2.7312740036734557,3
2392,3408,4.296516129440226,5
2393,2640,4.0589401643624425,4
2394,2716,3.900676298011912,3
2394,3210,3.96863434837977,3
2395,47,4.046871890381849,4
2395,50,4.028954918942699,4
2395,1500,3.9634910279839315,4
2395,1732,3.9989016441111165,3
2395,2115,4.0376173249817535,5
2395,3176,3.481284219770745,5
2396,246,4.602855077857869,4
2397,2324,3.9234610808944117,4
2397,2905,5.0,5
2397,3578,3.7910855477987253,3
2398,110,4.1834141777181975,2
2398,266,4.002790859649248,5
2398,345,4.681403051523118,5
2398,527,4.21336245935682,5
2398,3477,3.0,4
2398,3791,3.5907951933209246,2
2401,858,4.658919988151925,5
2401,1210,4.669796672942158,5
2402,327,3.0746323944933827,1
2402,346,3.0,4
2402,434,3.5330829414815423,4
2402,517,3.003103489899485,3
2402,1127,3.5192533121248086,4
2402,1270,3.622828352907772,4
2402,1580,3.607753816320201,3
2402,2116,3.504743686660973,3
2402,2143,3.2349594914531834,3
2402,2248,3.729594597589138,4
2402,3448,3.5738274719182175,3
2402,3725,3.0,2
2403,10,3.5989292934314996,3
2403,1407,3.7852366271276185,5
2403,1584,3.7574872214518398,1
2403,2455,3.686913366337893,3
2404,370,4.518130671059617,3
2404,1089,4.1964382935720375,5
2404,1234,4.090396537176055,4
2404,1732,4.177029471151284,4
2406,587,3.885408543291369,5
2406,1079,3.7727992026883053,3
2406,1955,3.9790190792887246,5
2407,594,4.093590499615159,5
2407,608,4.116372261532101,4
2407,1256,4.246236151825984,4
2407,1617,3.8901600973347232,4
2407,3035,4.315707641177262,4
2408,2505,5.0,3
2409,1198,3.7928713927030344,4
2409,1286,4.325923221754758,4
2409,3478,4.004263645106474,4
2409,3685,4.1241578454528245,3
2409,3717,4.0,4
2409,3861,5.0,3
2410,150,3.630205949716035,5
2410,1207,3.647361561640468,4
2410,1242,3.6411132769117116,3
2410,1271,3.491227026120079,4
2410,1296,3.9776386888546655,4
2410,1962,3.611038850785463,4
2411,357,3.8220005593636697,3
2411,1372,3.547721890254755,2
2411,1641,3.8589091210984257,4
2411,2100,3.8072305467677974,4
2411,2147,3.0,2
2411,2946,4.001485127507749,3
2411,3471,3.9578273922741336,4
2413,377,2.9999999999999996,4
2414,1089,4.431813935415676,5
2414,1242,4.4408294152998,5
2414,1285,4.42453159509988,2
2414,1968,3.979140313603696,5
2414,2081,4.445321947960144,5
2414,3071,4.244227183064542,5
2415,344,2.0,3
2415,3179,3.0,3
2416,2974,3.0,1
2416,3499,4.143135809619749,5
2417,2716,4.566397077709734,5
2418,2546,3.0,3
2419,186,3.236483014881188,3
2419,337,3.9569358372274985,4
2419,441,3.8850768259267108,4
2419,1097,3.8605389158608703,4
2419,1270,3.843066633001468,4
2419,2424,3.596168000843819,4
2419,2640,3.6067716569705186,3
2419,2755,3.0,2
2419,2881,3.4188824011647974,4
2419,3238,3.0,1
2419,3316,3.0,3
2419,3501,3.594239834755934,3
2419,3705,3.0126613163146367,2
2419,3841,2.48772821472586,3
2420,1021,3.0,3
2421,858,4.042499735504264,5
2421,1371,3.742325294474385,3
2422,2918,4.6431351215888235,5
2422,2973,3.7859493977084395,4
2423,1307,4.29141393739671,3
2424,145,4.046364105354049,4
2424,480,3.516581788272799,4
2424,1036,3.5689867410168414,5
2424,1073,3.4990957652978607,2
2424,1201,3.6478397693015734,4
2424,1552,3.5171123198668144,3
2424,2137,3.5967511835683976,4
2427,3298,4.000040782535215,4
2428,915,3.8402873680475196,4
2428,2936,3.885460841337388,4
2428,3175,2.6140646644502925,4
2429,16,4.447070236325935,5
2429,31,3.0,4
2429,2371,4.434332678240053,5
2429,3298,3.9685387898397253,3
2430,2403,4.173769850600414,3
2431,593,3.567537597148398,5
2432,1196,3.8015051769275696,5
2434,858,3.9056008563120517,5
2435,589,3.8005782688073584,5
2435,2490,3.558408847317954,3
2435,2944,3.892581079238921,5
2436,1080,4.06085607789846,5
2436,1801,3.1209577798818064,4
2436,2105,3.7114874668597055,3
2436,2236,3.0,5
2436,2252,3.0,3
2436,2387,3.0,5
2436,2987,3.8608339359566384,4
2436,3273,2.725078239496821,2
2436,3358,3.9628544692652006,4
2436,3421,3.969855375685638,5
2438,195,3.0,1
2438,1073,3.9268591676531095,5
2438,2396,4.348623413747362,2
2438,3148,4.616824544497716,4
2438,3156,3.0,3
2439,265,3.008325466982329,1
2439,480,3.3857400876565262,5
2439,2119,1.5328209541802595,3
2440,2826,3.344158734078367,4
2443,344,3.0,4
2444,595,4.085655122354987,5
2444,2059,4.000448790857906,4
2444,2089,4.029496036939796,4
2444,2713,3.331482793025944,4
2445,423,3.260820260269575,3
2445,546,3.5365719235449498,3
2445,1562,3.441950267081489,3
2446,1093,4.287811752283274,4
2446,1147,4.0,5
2446,1198,4.0310586770569055,5
2446,1217,4.165347673914539,5
2446,1377,3.921617307344543,3
2446,1748,3.7367679800152005,3
2446,2006,4.07854136611641,3
2446,2788,4.249790898702834,4
2446,2908,4.245450627578641,4
2446,3263,4.148433397018004,3
2447,3525,4.282181243548498,5
2448,593,4.082893952665348,5
2448,1079,4.173688257541228,3
2448,3421,4.102173347359812,5
2449,589,4.344543191436996,4
2451,1291,3.5869951042421215,4
2451,1339,3.751733464838456,3
2451,1973,2.118990638602784,1
2451,2406,3.7143846984762,5
2451,2421,3.3343727794301574,2
2452,1625,4.0194664863179606,5
2452,2762,3.839883092206162,5
2452,3624,3.0,3
2453,236,3.3999000198063816,4
2453,431,3.8065339303442487,3
2453,466,3.4761434152230364,1
2453,635,3.0,3
2453,1037,3.2121738355986342,3
2453,1047,3.526265832371687,5
2453,1103,4.0355831518495595,3
2453,1262,4.098386367865954,5
2453,1626,3.9997260904093577,3
2453,2067,4.024447112850082,3
2453,2126,3.5446074674513524,3
2453,2231,3.934440482281484,4
2453,2470,3.6236054092578556,4
2453,2571,3.762563228790562,5
2453,2640,3.383154945414228,4
2453,2671,3.738397464676188,5
2453,2686,4.018069073551369,2
2453,3176,3.521260305338683,4
2453,3285,4.0,4
2453,3350,5.0,4
2454,79,3.0,4
2454,497,3.8686622659209617,4
2454,593,3.8045447122107827,4
2454,733,3.655494685741763,5
2454,1210,3.6393743108241234,5
2454,1282,3.613269301436379,2
2454,1372,3.248829298355452,4
2454,2359,4.069054444046503,3
2454,2453,4.0,3
2454,3100,3.8360968810671423,3
2454,3673,3.0,3
2455,1702,3.0,1
2455,2117,2.54456638574798,3
2455,2637,3.0,3
2455,2657,2.6360667037571575,1
2455,3018,2.5090787493237654,1
2455,3033,2.706775308565293,2
2456,648,3.2143609257008863,4
2456,1081,3.1180746225441673,3
2456,1275,3.219621525167129,4
2456,1339,3.527580820892119,2
2456,1591,2.8356771815060635,1
2456,2054,3.1988319389533455,3
2456,2115,3.153625131981105,3
2456,2118,3.1681111099425507,3
2456,3107,3.1699719587242674,2
2456,3479,3.2635042104225707,3
2457,1089,3.6307495050678513,3
2457,1258,3.2879931587502726,3
2457,1573,3.554325969752984,2
2457,2289,3.472941541704619,3
2457,3018,3.0847104060049544,2
2457,3024,2.8491023863041485,1
2457,3481,3.633106121239027,4
2457,3702,3.6628952571700126,3
2457,3802,2.849652087433294,2
2458,2791,3.3792567839800847,4
2458,2867,3.5731872895506402,4
2458,3448,3.6454017757853405,3
2459,1466,3.918970506189115,4
2459,2628,3.7081489136985293,4
2459,3317,4.0,2
2460,904,4.150631112033983,5
2460,1083,3.0,1
2460,1242,4.202129624778844,4
2460,1959,3.512889348139504,3
2460,2056,3.0,4
2460,2724,4.0,4
2461,11,3.9227907057620266,4
2461,648,3.9720639173180206,3
2461,3271,4.487479556065952,4
2461,3793,3.4239511849089665,2
2462,745,4.382185263627471,4
2462,1033,3.4717928075146376,3
2462,1276,3.9038059110841075,4
2462,1282,3.7500434802429115,4
2462,2406,3.5775433515542376,3
2463,282,3.0,1
2463,608,3.7178523322399117,3
2463,858,3.6688272212633755,4
2463,1261,3.217902454515182,1
2463,2001,3.17521521662831,3
2463,2529,3.02187495565991,4
2463,2532,2.705948232810802,1
2465,6,4.405313407758867,3
2465,750,4.520461918497289,5
2465,918,3.0,3
2465,1028,4.420177329221882,4
2465,1035,4.362045697849419,4
2465,1201,4.480616541026368,4
2465,1265,4.427057171466303,4
2465,1948,4.687641884381563,4
2465,2797,3.9412870389057497,4
2465,2944,4.491012463291996,4
2465,3634,3.0,5
2466,924,3.148028901150326,5
2466,942,4.786003306811486,5
2466,1249,3.6618023146906062,5
2466,2160,3.8061806547233794,4
2466,2232,2.7450922893067156,1
2467,216,4.0,5
2468,678,3.0,1
2468,1376,4.128352940955588,4
2469,1953,4.505896826483918,4
2471,3160,3.0,3
2472,246,4.307860527712162,5
2472,318,3.8274933622588705,5
2472,380,3.651284067653077,3
2472,509,3.8024327686664448,3
2472,1042,3.540868429420043,4
2472,1103,3.905949962758462,3
2472,1250,3.971727588426105,5
2472,1285,3.820352373301203,3
2472,2150,3.9488223542979344,4
2472,2194,3.7281127203706212,4
2472,2700,3.6861846407772436,4
2472,2985,3.7114499618323493,3
2472,3039,3.7514457321868364,5
2472,3430,3.0,2
2473,2858,4.214877882082847,4
2473,3864,3.0,5
2474,1193,4.70399972544956,4
2474,3753,4.875419762720879,5
2475,2653,5.0,5
2476,608,4.238843593121847,5
2476,908,4.255009874546323,5
2476,1046,3.0,3
2478,154,3.0,2
2478,260,3.6457404755234593,5
2478,356,3.5744483075360987,3
2478,910,3.8157963628016245,3
2478,916,3.2249996634874902,3
2478,1035,3.6465504977441237,3
2478,1945,3.928428894154886,3
2478,2203,3.5747604755282323,4
2479,1321,3.983072411003084,3
2480,3159,3.0,3
2481,2797,3.8993479871866765,3
2481,3253,3.7472064337999953,4
2483,1287,4.495816270836323,5
2484,119,3.0,2
2484,383,4.113048413721428,3
2484,416,3.0,2
2484,1806,3.0,2
2484,2016,3.0,3
2484,2485,3.235975418709607,3
2484,2762,3.4917162305512246,5
2484,2881,3.3717047592545404,4
2484,3016,3.0595257956942867,1
2484,3070,3.4114183145913066,1
2484,3074,3.0,3
2484,3081,3.517820693948568,4
2484,3086,3.0,2
2484,3754,3.0,4
2484,3801,3.0,3
2485,1,4.023788691015679,4
2485,24,2.9887267683038394,5
2485,543,3.858803602861274,3
2485,2188,3.0,3
2485,2399,3.0,3
2485,2571,3.9771046231026235,4
2485,3128,3.0,3
2486,101,3.9569282411286286,2
2486,1639,3.564344345749476,4
2486,3868,3.9939268618771466,4
2489,1276,3.6591745553301767,5
2489,1610,3.5284589645301194,3
2489,3499,3.552098364668714,2
2489,3708,2.9517334783633777,2
2491,95,4.004677387045188,4
2491,2530,1.6496853620859775,1
2492,527,4.1080136447115265,5
2493,1358,3.5963350600923576,3
2494,2355,3.624204613889473,3
2496,316,2.881994822948308,2
2496,1348,3.3574798128947068,4
2496,1503,3.0,1
2496,1876,2.8644813564456313,2
2496,1927,3.813313623385183,5
2496,1994,2.951377643207668,3
2496,2183,4.28928906248284,3
2496,2346,3.5210825465713254,3
2496,2375,2.441992626878573,2
2496,2524,2.5596094687955295,3
2496,2664,3.559440657298155,5
2496,2985,2.825318645080162,3
2496,3111,3.164700619255648,4
2496,3435,3.890540675576345,5
2496,3445,3.0,3
2496,3551,3.788810574930981,4
2497,1099,3.0,5
2497,1517,4.693559314564365,3
2497,2408,5.0,4
2497,2829,3.0,5
2497,3132,3.0,5
2498,230,3.1650098559065847,4
2498,590,2.977765411743442,4
2498,2180,4.0,3
2498,2181,4.197152509193385,3
2498,3936,3.0,4
2499,2038,3.0,3
2499,2961,3.0,3
2499,3176,3.716825578762663,5
2500,1687,3.7898891887319204,4
2500,3062,3.7573489778894746,4
2500,3841,4.0,3
2501,3081,3.5164088761730348,3
2503,2111,3.5140459496057335,4
2503,2791,3.3389942840976956,1
2503,2792,3.429262085931309,5
2504,541,4.007319060243503,5
2504,858,3.9391710945331413,4
2504,1248,4.3597772456127375,4
2504,1909,3.686691614304217,4
2504,1917,3.5127744463069117,1
2504,2118,3.692766501238693,3
2504,2706,3.554730744814741,3
2504,2792,3.4997307340414827,5
2504,3386,3.9158855057148627,2
2504,3683,4.202859802862777,4
2504,3889,1.0,2
2506,270,3.0,2
2506,1210,3.551437037903365,4
2506,1535,3.0,4
2506,1961,3.672740632293661,5
2506,2077,3.0,2
2506,2918,3.716751725465759,3
2506,3176,3.464810343604083,3
2506,3668,3.0,5
2507,17,4.059470027348076,5
2507,346,3.0,4
2507,367,3.832140434341995,4
2507,508,3.951579704845406,3
2507,539,3.6501920336365763,2
2507,1036,3.981365554787337,4
2507,1177,3.0,5
2507,1230,4.526010614634551,5
2507,1290,3.596425656712778,3
2507,1594,4.608106105195132,4
2507,2102,4.599235717277359,5
2507,2316,3.1085389958246874,2
2507,3074,3.0,5
2507,3176,3.707301371579744,3
2507,3307,4.811650608585032,5
2507,3484,2.0,1
2507,3543,4.492740973375597,3
2507,3733,4.874315305790885,4
2510,3932,3.0,5
2512,3095,4.008427953181042,4
2513,441,4.304009326094574,4
2513,728,3.0,3
2513,1392,3.0,3
2513,3629,3.44745038119458,5
2515,260,4.16289279706782,4
2515,923,3.9961735473348234,3
2515,2532,4.169555721821301,5
2517,2858,3.2909444068591327,3
2518,1193,4.479035775643066,3
2518,2406,4.248335803019546,3
2518,2470,4.22911102654836,4
2518,2968,4.219842389589776,1
2519,3514,3.0,4
2520,1344,4.534690262932903,4
2522,1101,3.7456397126000507,3
2523,70,4.280339950980115,3
2523,370,3.0,3
2523,588,4.075847918533188,3
2523,1097,4.107113416325138,4
2523,2657,3.943613560413016,5
2523,2792,3.58138529986323,3
2524,1240,3.1359131761754355,3
2525,1827,3.0,3
2526,318,3.701216721870958,4
2526,949,3.0,3
2526,1293,3.8239100374835804,5
2526,2130,4.268402240937423,4
2526,3379,3.0,5
2528,1620,3.5470430207528967,3
2528,2023,3.7887524067369287,3
2529,185,3.9459973713222047,4
2529,224,4.26278090857803,5
2529,313,3.0,3
2529,558,3.6577647609212365,4
2529,1200,3.7766598463710905,4
2529,1225,4.114841331577742,4
2529,2067,3.8512613692136273,5
2529,2090,3.6840325269963192,5
2529,2657,4.110174518810053,5
2529,2723,3.8913614250057766,5
2529,3060,3.5828334804752844,3
2529,3144,3.0,3
2529,3210,4.0269734955668515,2
2529,3256,4.006316485306027,3
2529,3551,3.6695571724793585,4
2530,2706,4.682412466044666,5
2531,1277,3.0,4
2531,2396,3.7389069063971787,5
2532,593,4.042330463674671,5
2532,1193,4.04860107672558,5
2532,1935,3.0,3
2532,2871,4.097489872358288,3
2533,485,4.249681228574834,3
2533,802,4.326914931287226,5
2533,1367,3.0,4
2533,1713,4.160464304709682,4
2534,933,3.6010685094651116,3
2534,1234,3.59672603306573,5
2535,1307,3.7390424444524806,5
2536,1193,3.7876104314968564,4
2536,3178,4.0,3
2537,104,3.3913674177600854,2
2537,419,1.4078997800373594,1
2537,515,3.4023305820079415,4
2537,930,3.7603991970621395,5
2537,942,3.9596947708845467,4
2537,1080,3.716299582324062,4
2537,1084,3.7436944728849464,4
2537,1104,3.7388644745897013,3
2537,1214,3.730565495378895,4
2537,1288,3.629403744663921,4
2537,1387,3.5882891127392553,5
2537,1409,2.748674024347705,4
2537,1617,3.688530314517519,4
2537,2405,3.2414917521267532,1
2537,2744,3.0,4
2538,608,3.9845691599703716,4
2538,1580,3.801001249820809,3
2539,2000,3.828409692617654,4
2540,266,4.676172181742067,5
2540,1784,4.389299408466128,5
2540,3499,4.2767320977302,5
2541,355,3.2534762026945123,4
2541,415,4.0,3
2541,585,2.989798483098003,4
2541,2042,3.5435660695309443,4
2541,2053,3.1919004315732713,3
2541,2286,3.0,1
2541,2671,3.522329468997398,3
2541,3042,2.309329434683975,2
2542,2033,3.0,3
2543,356,4.654514711205015,5
2543,1207,4.0,5
2544,931,3.448761554878573,3
2544,959,3.0,4
2544,978,4.0,3
2544,996,2.965353659192544,3
2544,1069,4.2932320466840705,4
2544,1132,4.0,4
2544,1245,3.907118061152617,3
2544,1287,3.949873952836667,4
2544,1354,4.0,1
2544,1846,3.0,3
2544,1914,3.0,3
2544,1954,3.8070074311352786,5
2544,2204,3.3491842416430613,3
2544,2565,3.6698652878793583,4
2544,2744,3.0,3
2544,3046,3.0,3
2544,3371,3.0,3
2544,3424,3.9415641221331623,4
2544,3492,3.0,3
2544,3700,3.0,3
2545,3534,4.465235389268555,5
2546,1079,3.592333222101784,2
2546,2064,3.769688988934875,4
2546,3099,3.8402042899347286,2
2546,3201,3.7232379541025007,4
2546,3364,3.2479505575927825,4
2546,3730,3.5221348151104737,3
2547,110,3.9909590193705524,3
2547,955,4.428054635735365,4
2547,1235,4.312542371174261,4
2547,1244,4.398631349132773,4
2547,2132,4.553199791493885,5
2547,3006,4.14744717836573,4
2547,3634,3.0,4
2548,86,3.0,4
2549,296,3.618575896728969,4
2549,552,3.590609501968374,4
2550,969,3.825941652867722,5
2550,3873,3.0,4
2551,2138,4.0,4
2551,3053,3.0,4
2552,733,3.754971410857626,5
2552,1265,3.7655605439048436,5
2554,2692,4.403371303097608,5
2555,1729,3.500120005894067,4
2555,2023,3.9762730654602265,3
2555,3469,4.422495785161987,5
2557,2856,3.0,2
2558,2015,3.721671768668531,3
2559,112,3.8365731348274563,3
2559,160,4.057895442536957,4
2559,349,4.090581124133139,5
2559,597,4.133189647054045,4
2559,1205,3.0,5
2559,1617,3.838304755021583,4
2559,2676,3.0466478323055473,4
2560,25,4.3003062759923925,4
2561,39,4.041489318573215,5
2561,471,3.8210092467201404,4
2561,924,3.9018506028672655,5
2561,2599,3.6395184955664455,5
2562,1590,4.043467352778447,3
2562,2687,4.012002319977494,3
2565,318,4.13851598239514,5
2565,471,3.8843267655556595,4
2565,1597,4.184316539746417,5
2565,1674,4.0320660622925955,5
2565,1721,4.343782783769059,5
2565,2378,3.6717115477822175,4
2565,2423,3.780711609626561,5
2565,3252,4.4497109340055,4
2565,3770,3.968182055892956,4
2566,832,3.7762377630985804,4
2566,1203,3.0,4
2566,2009,3.272796004533234,2
2566,2916,3.571362376378676,4
2566,3703,3.5374181683719574,5
2566,3927,2.7298656167799353,3
2567,597,3.506704878824841,4
2567,1127,3.393519449351635,1
2567,1198,3.408714785223847,5
2567,1220,3.5582796691032974,4
2567,2000,3.51056098572801,3
2567,2533,3.362332639829356,3
2567,2875,4.0,3
2567,2947,3.609384383018391,4
2567,2951,3.7054493894800284,4
2567,3147,3.570687661290097,4
2567,3153,4.0,3
2568,2174,3.6418207658220574,4
2569,3015,3.0,3
2570,105,3.0,3
2570,296,3.9331914268706605,4
2570,318,3.936707010997171,5
2570,356,3.829099763102785,5
2570,357,3.820325585061576,5
2570,552,3.412787231221481,3
2571,745,5.0,5
2571,1270,4.004043940146514,5
2572,678,4.0,4
2572,912,4.415796483913076,5
2572,1197,4.315424964453,5
2572,1266,4.283457814996633,5
2572,2167,4.16427628812848,3
2572,2716,3.984414082796753,3
2572,3683,4.523870147031037,5
2573,6,4.151988992394471,4
2573,527,4.259485255967497,5
2573,3104,4.338283686818235,4
2573,3176,3.6408729159459936,4
2574,2300,4.817274577086475,5
2575,2906,3.0,3
2576,407,2.7926438936645677,4
2576,480,3.369263512186725,3
2576,589,3.4186648777814015,5
2576,1377,3.1912009645552524,3
2576,2406,3.3677016637015593,3
2576,3573,3.0,1
2578,2916,4.4879620285469,5
2579,1250,4.396874175795343,5
2580,317,3.866695630784425,4
2581,457,4.261797679918542,5
2581,608,4.306350284084277,4
2581,933,4.813314254628592,5
2581,1179,4.3129889269561374,4
2581,1953,4.411492133284081,4
2581,2212,5.0,5
2581,3101,4.447952111787757,5
2581,3152,4.5502027629609305,5
2581,3481,4.286048607373751,4
2581,3671,4.435919681103862,2
2583,1206,4.538831251141789,4
2583,1294,4.499321668550038,5
2583,1347,4.495358917199123,5
2583,1393,4.617679406079716,5
2583,1983,4.490161201965355,4
2583,3244,4.4257156920119085,3
2584,318,3.2223873514486856,3
2584,1094,3.4980362721277563,4
2584,3185,3.0,4
2584,3723,3.0,3
2585,1294,3.7736859919350683,4
2585,1704,3.712220358217307,4
2585,2501,3.8722493768339277,4
2585,2795,3.1263668902262816,3
2588,3548,3.0,4
2589,318,3.7336151137685487,4
2589,1203,3.0,3
2590,191,3.0,2
2590,1130,3.3527855774610225,3
2590,2571,3.7477449822683484,5
2590,3160,3.8911353837310285,5
2590,3190,3.0,1
2590,3572,3.0,2
2591,1266,3.971194190887934,4
2592,587,3.6685765621272424,5
2592,914,4.160100866455055,4
2592,1247,3.7642724828404837,5
2592,1299,3.8585759664370007,4
2592,1580,3.6555641865975868,2
2592,1615,3.610255112414299,5
2592,1805,3.6580247289289316,4
2592,2126,3.5638866699115814,2
2592,2669,5.0,5
2593,674,4.267527566113934,4
2593,2654,4.599475516531339,3
2593,3467,4.999999999999999,5
2595,374,2.920755147022026,2
2596,3513,3.0,3
2597,3671,3.773254979421583,4
2598,10,3.908549592154146,4
2599,110,4.056073196977264,5
2599,589,3.9569766886555526,4
2599,616,2.718784226889575,2
2599,1302,4.081294740800027,4
2599,2252,3.0,4
2599,3479,3.7961046218792918,4
2600,529,3.3965864584606833,4
2600,3871,3.0,2
2601,1035,4.011935823142167,3
2601,2744,3.0,5
2602,678,3.0,3
2602,3363,3.394553594151531,3
2603,110,3.9951279655039156,5
2603,266,4.028678508347014,4
2603,1704,3.921915067385303,5
2604,2995,3.0,2
2605,337,4.060028919329112,5
2605,595,3.9568206076558807,4
2605,1213,4.060650350838343,5
2606,1307,4.231229874273028,4
2606,2349,4.0,4
2606,2599,4.254413291066933,4
2607,2028,4.470361083825507,5
2608,1307,4.0388888023280725,5
2608,3469,3.9816087394112682,3
2609,678,5.0,5
2609,1226,3.0,5
2609,1721,4.392734001876365,3
2609,1799,3.0,4
2609,2917,4.5414742588019665,4
2609,3200,4.24320658708095,5
2611,346,3.0,4
2611,920,3.5091541635113215,1
2611,1377,3.5980162998236755,3
2611,1584,3.6655279370209977,4
2611,2455,3.7427149149417627,4
2611,2968,3.7835913893396897,2
2611,3005,4.01644342179575,4
2611,3040,3.881931145024587,4
2611,3809,3.8112139103545597,1
2612,380,3.0362635538593983,3
2612,1265,3.095060941712647,3
2615,1721,4.091763586681063,5
2615,2433,3.13966791847857,2
2617,1,3.6936654118861867,3
2617,1810,3.4700441756856577,4
2619,858,4.386636539166642,4
2620,736,3.6874376188494598,3
2620,3623,3.795382476749955,5
2621,379,2.882788743101537,1
2621,410,2.4110643836532755,2
2621,914,3.616632846924949,3
2621,1196,3.468516777696068,5
2621,2387,4.0,1
2621,2944,3.815984912054857,4
2621,3608,3.15482383458303,2
2622,1914,3.0,5
2623,500,3.9027896953746803,5
2623,788,4.0,3
2623,2150,3.0,4
2623,2724,4.627397004431073,5
2624,350,4.525132421993328,4
2624,379,3.817162758044294,4
2624,1019,3.807782876646148,4
2624,1210,4.216251481598982,4
2624,1234,4.2967574535695885,5
2624,1242,4.314428996294759,5
2624,1303,4.251473422854492,4
2624,1307,4.175641365160548,5
2624,1894,4.271879976591176,4
2624,2006,4.248925005488973,3
2624,2294,4.057679284032206,4
2624,2613,3.6350511189189993,4
2624,2997,4.402284125989649,4
2624,3481,4.409296426943427,4
2624,3494,4.185436905395894,4
2625,1242,3.679403858542505,5
2625,2644,3.5732286437297383,3
2625,2669,4.0,5
2627,198,3.126653927899316,4
2627,627,3.0,2
2627,707,1.0,2
2627,928,4.044213266697619,3
2627,1097,3.403074756854748,3
2627,1179,3.757394140909674,4
2627,1352,3.0,3
2627,2066,3.922618523189494,5
2627,2912,4.015486535132535,4
2627,3089,3.8875759764245807,4
2627,3918,2.367142828171382,3
2628,110,3.4063436805957292,4
2628,232,3.0,5
2628,1611,4.401583628127954,5
2628,2146,2.800455108583779,1
2628,2245,2.898630185771731,3
2628,3083,3.0,4
2628,3260,4.044508820995897,2
2628,3362,3.874998643647661,5
2629,204,3.6113802356048805,4
2629,1672,4.2568071823781555,4
2629,2640,3.939098384679917,5
2629,3101,4.584492883706806,5
2630,110,4.534560076156168,4
2630,2692,4.555321803556596,5
2630,2707,3.9567347485808044,4
2631,3730,4.084693053430074,5
2632,1783,3.0,3
2633,2770,3.905993339575752,5
2633,2792,1.0,4
2633,3606,3.0,4
2634,475,4.22402986053487,3
2634,766,3.0,3
2634,898,4.620129800550139,5
2634,955,4.750633663590672,5
2634,1073,4.0287353337410226,3
2634,1270,4.015514163924749,5
2634,1641,4.038675776137934,4
2634,1729,3.9153117829045025,4
2634,2770,3.883237109607423,4
2634,3448,4.002704411884623,4
2634,3510,3.5699864607922347,2
2634,3897,4.06989424402696,5
2635,2657,3.498346280864348,2
2636,2268,4.065074579087309,5
2638,1036,3.349623350388795,4
2638,1136,3.4782662570197136,5
2638,1321,3.4776958637485693,4
2638,1345,3.12270083521607,3
2638,1375,3.0953075893567803,3
2638,1721,3.4310226653675326,4
2638,2000,3.266742061229001,4
2638,2003,3.1439234545029766,3
2638,2022,3.0,4
2638,2108,3.5581687119183183,4
2638,2110,3.374338661253898,2
2638,2247,3.507184665731362,3
2638,2367,2.7733588254682338,2
2638,2402,2.829479156396987,3
2638,2416,2.7875817039871067,4
2638,2642,2.773895781995857,2
2638,2755,3.0,2
2638,2917,3.738171782982537,4
2638,3016,3.0938922593025393,4
2639,3287,3.0,3
2639,3301,4.507661223453578,3
2640,2764,3.0,5
2641,431,3.8600211576984864,4
2641,553,4.324687135952195,5
2641,780,4.279390503357214,4
2641,1370,4.2833578485870465,4
2641,1407,4.244907522867048,4
2641,2028,4.327141804827266,3
2641,2987,4.288949733660405,5
2641,3198,4.752768744028338,5
2641,3253,4.286497238117277,3
2641,3543,4.2406917573934155,5
2642,356,4.174897720122024,4
2642,3354,3.9133506806098333,4
2643,459,3.0,4
2643,590,3.596074302917955,5
2643,778,3.756429195686777,2
2643,1219,3.771944717478865,4
2643,1227,4.103906446572074,4
2643,1754,3.0995412135625946,2
2643,2260,3.0,4
2643,2336,2.987918858913118,4
2643,2401,4.548918022761794,5
2643,2616,3.518838562644553,2
2643,2763,3.4539340679371024,2
2643,3035,3.8100842750929638,4
2643,3101,3.639898599560691,4
2643,3359,3.8506154136868473,4
2643,3441,3.2636122462271357,4
2643,3578,3.5815716785922906,3
2644,3481,4.134123606999781,4
2645,50,3.629136782459717,5
2645,357,3.6325039657801104,5
2645,588,3.570255125357014,4
2645,852,3.7351235648457735,3
2645,3252,3.9027074087854645,4
2645,3418,3.685942066441722,3
2645,3441,3.6205362729847255,3
2648,223,4.045657745287923,5
2648,260,4.037380289681709,3
2648,589,3.9755778624079663,5
2648,1079,4.127463418067821,4
2648,1237,4.29473658589276,5
2648,2137,4.057590012114562,4
2649,1196,3.468906962070522,4
2649,1220,3.448044760824241,4
2649,1378,3.3905016316405168,2
2649,1641,3.5179939340637807,4
2649,2109,3.34086594266261,1
2649,2163,1.0,1
2649,3691,3.0,2
2649,3809,3.2661737980027974,3
2650,1270,3.913078540504042,4
2650,3471,4.016057144382443,5
2651,480,3.4419843807232215,4
2651,2916,3.4407803041974843,3
2651,2944,3.345482680341159,3
2653,2908,4.015326643817722,4
2654,39,3.382173672663249,1
2654,480,4.111639503282461,4
2654,1466,3.9269168237273533,4
2654,1537,5.0,4
2654,2690,5.0,4
2654,3481,4.41506033489403,4
2654,3566,3.0,3
2655,2572,2.994816072231598,4
2655,2599,3.4327777666330386,3
2655,3826,3.0,4
2656,2796,5.0,5
2656,3513,3.0,4
2657,2028,4.7107193070626865,4
2659,1244,4.362573596774135,4
2659,1307,4.188523006734812,4
2659,2966,3.0,5
2661,838,4.004508395896673,4
2661,1234,4.021897472677424,5
2662,3334,4.084442706709063,4
2663,356,3.8424979303928124,3
2663,1197,3.8254894566164177,4
2663,1285,3.8792247026283304,2
2663,2153,4.0,2
2663,2858,3.8784580090881358,4
2664,419,1.0,3
2664,852,3.6060169697608195,4
2664,954,4.319875904468077,5
2664,1231,4.09837138665741,4
2664,1747,3.791450465334173,3
2664,2002,3.4719074553428766,4
2664,2144,3.579120093016994,4
2664,2420,3.564443489556845,3
2664,2455,3.7895816727846006,3
2664,3068,4.096207388797608,4
2664,3255,3.288231428213271,4
2664,3259,3.1285110050769336,2
2664,3301,3.2481683046055236,3
2664,3552,3.8526237028484704,5
2665,39,3.3587865619331527,4
2665,141,3.1811123694148677,3
2665,161,3.6259715354708177,4
2665,196,3.367354947980971,4
2665,318,3.796039943843944,4
2665,951,3.203314840896744,2
2665,1175,4.6868185045454265,2
2665,1219,3.842924143508314,3
2665,1261,3.8529730902345087,4
2665,1265,3.6625489938549185,5
2665,1610,3.717285775873989,4
2665,1721,3.6788035686748612,5
2665,1777,3.4016618291735674,3
2665,1994,3.5565217346438116,4
2665,2202,4.315916563825625,5
2665,2291,3.675576234655101,2
2665,2459,3.4053428891817057,4
2665,2490,3.521538124439431,3
2665,2518,3.3091960800075797,4
2665,2953,2.4027451728190647,2
2665,2959,3.683354846069236,2
2665,2986,3.0559719587496,4
2665,3018,3.4105352491649525,4
2665,3070,3.6809996942334506,3
2665,3258,2.511070211895094,1
2665,3361,3.712562042957784,4
2665,3524,3.277359404098925,3
2665,3686,3.504146120089525,4
2665,3740,3.299543720439476,1
2665,3781,3.0,1
2665,3861,3.0,2
2666,1270,4.102525044934068,5
2666,3174,5.0,2
2667,2081,4.035423511412246,1
2668,34,3.6013713069646753,3
2668,541,3.5846698084234774,4
2668,1060,3.5687089996614616,4
2668,1199,3.517431051947258,4
2668,1690,3.4966284726000767,3
2668,1717,3.3521591928139176,2
2668,2109,3.4941376074314148,3
2668,2405,3.3987345226967904,2
2669,246,4.043401740521194,3
2669,3006,4.031845325546312,4
2670,915,3.995569269195632,4
2670,1409,3.015202234161075,3
2670,2997,3.651092666988106,4
2670,3683,4.000889416535079,4
2671,1148,3.0,4
2672,1198,4.600820787117074,4
2673,1193,3.966461423878378,5
2674,1176,3.0,4
2674,1210,4.170162869465569,3
2674,1265,4.165903943411051,4
2674,3481,4.1456153285486295,4
2674,3793,3.86472936141656,4
2676,16,4.121774624998982,4
2676,949,3.0,4
2676,971,3.987854290871835,4
2676,2687,3.6384527649064804,4
2677,2121,3.0,2
2677,2194,4.098589656712548,4
2678,541,3.773304618741206,5
2678,1219,3.965343291451148,5
2678,1387,3.950869077544295,5
2678,1945,3.4067714846950516,4
2678,2396,3.9636633598039412,4
2679,317,3.6141120355186036,3
2679,357,4.042181006848193,5
2679,736,3.586792086571253,2
2679,910,4.331760195806716,5
2679,1197,3.9631948128220347,5
2679,1722,3.6154643588834894,3
2679,1917,3.585483379143958,3
2679,2133,3.9087215888442652,3
2679,2203,4.25279665336139,5
2679,2791,3.858068154135525,4
2679,2916,3.811923591597932,2
2679,3606,3.6896225952285455,3
2680,908,3.728641688696654,4
2680,1077,3.58667333014522,3
2680,2490,3.355874274193318,3
2680,2716,3.370425664521357,5
2680,2940,3.7394267814782456,4
2680,3354,3.572633507627716,3
2681,118,3.0,2
2681,2716,3.8342180504340027,4
2682,2012,2.5653415613686614,2
2683,111,4.54306252339335,5
2683,1220,4.542439245274368,5
2683,1270,4.482655607937006,5
2683,1393,4.471934841428955,4
2683,1409,4.018160171866248,4
2683,2724,4.313632506745083,4
2684,36,3.899108905137729,5
2684,232,3.5194561581907955,3
2684,357,3.796160572469752,3
2684,968,3.6613627221284317,4
2684,1222,3.8408492582309264,3
2684,1959,3.19930960813947,4
2684,2330,3.0,4
2684,2712,4.017229676417648,3
2684,3742,3.0,4
2684,3952,3.079232427031112,3
2685,1078,3.7043960858004885,2
2685,1272,3.8562994753134636,4
2685,2917,3.7763878355154312,3
2685,3635,4.252352961727345,4
2686,2997,1.973150964420748,3
2688,588,3.660155533561717,4
2688,2150,3.7838756509393927,4
2688,2770,3.707108809240235,2
2688,2912,3.2295197995875324,2
2689,1036,4.5327582933467685,5
2691,198,4.545349285164398,5
2691,1090,4.685098807084194,5
2691,1250,4.7232114944138806,5
2691,1419,3.0,5
2692,538,3.257776260220481,5
2692,838,4.201768354233419,5
2692,1094,3.9479980134194763,2
2692,1120,3.6852983584815773,4
2692,1597,3.8035400123150525,3
2692,1624,3.0,2
2692,1805,3.8768433472369077,4
2693,904,3.7186113203221276,5
2693,1939,4.103563570147399,3
2693,3789,4.0,5
2694,110,4.999999999999999,5
2694,260,5.0,5
2694,1972,3.5259235035258794,2
2694,2005,4.849431117272292,5
2694,3942,4.0,4
2695,1136,4.168594162983062,5
2697,2858,4.717731015550529,4
2697,3354,4.745948170382562,5
2699,3545,4.126716193519512,5
2700,1923,3.6968297932391825,5
2700,2395,3.969090770079215,5
2700,3114,3.3328719671592055,4
2700,3148,4.108299907326482,3
2700,3578,3.7806247393206633,5
2701,367,3.5418390415879863,5
2702,1999,1.474208729325281,1
2703,1188,3.9881063636270353,4
2703,1928,3.0,3
2703,3265,4.0,4
2703,3435,4.066459629260173,5
2705,1375,4.585179007444383,5
2706,1210,4.029153057423156,4
2709,3868,3.2421363909535925,1
2711,3660,3.0,2
2712,592,4.000149175274664,4
2713,172,2.018032538076717,4
2714,3072,2.5577990785448255,2
2715,1196,3.158732181015682,5
2715,2024,3.0,2
2715,3671,3.1424342723247833,2
2716,260,3.806941809263043,5
2718,364,4.0347449574039,4
2718,370,3.1702712700319706,3
2718,1224,3.0,4
2718,1296,4.033947643994096,5
2719,541,4.097961051366465,5
2719,3096,3.0,4
2721,2291,4.42030061134063,2
2721,3358,4.703087382263684,4
2723,1307,3.4938328795019493,3
2723,1392,3.0,4
2723,3688,3.8765293459297507,1
2724,334,3.0,4
2724,852,4.051239708270954,1
2724,2341,3.0,2
2724,2746,4.146015204738025,4
2725,524,1.0,2
2726,1252,4.723888703681191,4
2727,589,3.37278836098435,4
2727,2794,3.3403527277357323,2
2728,339,3.5445254785116886,3
2728,736,3.589626769561038,3
2728,852,3.0,3
2728,3450,3.287363547856503,3
2729,529,4.633905604478991,5
2730,1580,4.204159785538352,5
2730,2174,4.283054429265355,4
2730,3793,4.235675462293452,4
2731,1265,4.474516221895734,5
2731,1294,4.5330807206388775,5
2731,1394,4.098607224863167,3
2731,1997,4.157176393891193,4
2731,3424,4.4703257305922115,4
2732,230,4.0,3
2732,1374,4.249407675123721,5
2733,2020,4.479245877900669,5
2733,2501,5.0,4
2734,1302,4.082272904175262,4
2734,1381,4.44933536348184,3
2736,858,3.642424061502855,3
2736,1198,3.5913091766691654,5
2737,408,3.0,2
2737,430,3.0,2
2737,1288,3.9426077640730686,3
2737,1500,3.770386362867595,4
2737,2003,3.681050999911068,4
2737,2431,3.337213000284059,2
2737,3210,3.7532266524880082,3
2737,3893,3.99714104678809,3
2738,446,4.35222726181476,5
2738,527,4.434840781731022,5
2738,1554,3.0,3
2738,2276,3.0,4
2738,3386,4.389017137918775,5
2739,2724,3.0,4
2739,3408,2.773794994327719,4
2740,1584,3.9736841959101774,4
2740,2046,3.947689001406832,4
2740,3082,3.5374730026186696,4
2740,3926,4.0,2
2742,2968,2.7937838421695687,3
2742,3401,3.0,1
2742,3700,1.0,4
2742,3937,3.0,2
2743,332,3.0,3
2743,340,3.0,4
2743,552,3.8465506971198713,3
2743,589,3.967812979602586,5
2743,798,2.6688692501741893,2
2743,1027,3.7251501167140852,3
2743,2355,4.10240206569685,4
2743,2707,3.9473104775630055,4
2743,3489,3.92598331488437,2
2743,3557,5.0,2
2744,1033,1.0,1
2744,1582,3.0,1
2744,3034,1.0,1
2745,356,4.1089905363756705,5
2745,589,4.140960311802484,4
2745,597,3.9893640736234905,4
2745,1198,3.7465252822385278,5
2745,1307,3.9142223027106335,5
2745,1801,3.6937633551777647,4
2745,2524,4.0,2
2746,1883,3.35176156577315,3
2746,2359,3.4693222395820427,4
2746,2671,3.8544874005168914,4
2747,364,4.414956388734541,3
2747,910,4.338618156866093,5
2747,1278,4.356172579113909,5
2747,2774,3.0,4
2748,48,1.8783510089731779,1
2748,160,2.4756422014901274,1
2748,405,1.7082304534532746,1
2748,480,2.822941795354053,1
2748,631,2.295664199305087,1
2748,950,4.575249067138659,5
2748,1288,3.5129695858587304,5
2748,1320,2.8582493875202104,3
2748,1644,1.1555878707484817,1
2748,1862,1.518678437043584,1
2748,2827,3.0,1
2748,3698,2.6517088301895475,3
2748,3915,3.0,1
2749,2968,3.921976325133403,5
2750,1193,4.478099030629524,5
2750,2406,4.342808949137677,4
2750,2463,4.315159855543559,4
2750,3317,4.686762983648607,5
2750,3671,4.429273742680079,5
2751,1639,3.1365292042333874,3
2751,1962,3.5494041480195735,4
2751,2219,3.0,3
2751,2369,3.1722269704535826,2
2751,3099,3.0,3
2752,483,3.0,4
2752,592,3.3667682081361274,3
2752,764,3.0,3
2752,1231,3.6835281141384613,4
2752,1277,5.0,3
2752,1392,3.0,4
2752,2359,3.727806083671761,3
2752,2599,3.7348200055948344,4
2752,3552,3.3572617049822835,3
2753,1096,3.9856973065444152,3
2753,1224,4.211615056618664,5
2753,1234,3.9289902658786118,5
2753,1281,4.0,4
2753,1300,3.747133688389348,4
2753,1929,3.0,3
2753,1952,4.11708025165299,5
2753,2302,3.611716760868139,4
2753,3101,3.850262468547072,4
2753,3255,3.352736017977313,3
2753,3334,4.157434373803765,4
2754,2012,3.893204197489293,5
2754,2124,3.7059945254879794,3
2756,364,4.122620236566484,3
2756,1270,4.1855681433668295,5
2756,1580,4.115825133166069,4
2756,2012,4.086772057004984,5
2756,2539,4.290146748296681,4
2756,2858,4.34044801937424,5
2756,3852,3.0,5
2757,1952,4.3976614303433355,5
2757,3365,4.428678554744829,4
2757,3504,4.350439191860596,5
2757,3703,3.988505268806454,3
2760,1230,4.599028384168476,5
2760,1466,4.272572411619294,4
2761,6,3.8057088176608733,4
2761,292,3.453167786383086,3
2761,653,3.3880270286884087,4
2761,910,4.335782967153966,4
2761,915,3.8185326253698797,4
2761,1425,3.0,4
2761,1517,3.7779204528316277,4
2761,1784,3.8725471837630474,4
2761,2193,3.5594112507056,4
2761,3208,3.2690549066562564,3
2761,3263,3.575983052450177,2
2761,3361,4.092514553856413,4
2761,3698,3.4838564161005303,3
2763,1721,2.6712850814400637,5
2764,1197,4.307187682777646,5
2764,1212,4.631361959348179,4
2764,1617,4.298044646827857,5
2764,2100,4.2199432567328605,4
2764,2779,4.383983875500317,4
2764,2852,3.6683964354649246,4
2764,3469,4.823187746651294,4
2765,95,3.794984165261945,2
2765,2000,3.846833802109982,4
2766,1022,4.377741287935564,4
2766,3408,3.959971753844186,3
2766,3873,5.0,5
2768,73,3.0,4
2768,1258,3.997499627640361,4
2768,1265,4.204558601388352,4
2768,1500,4.325978667413262,4
2769,908,4.179691399082598,4
2769,1035,4.202098592264371,3
2769,1545,3.0,5
2770,524,4.347858887100565,4
2770,1327,3.0,3
2771,780,3.127672591132668,3
2771,1641,3.3666030883675657,4
2771,1676,2.641246075773032,2
2771,2699,2.7189647594879136,2
2772,485,3.736723319844246,2
2772,1953,4.4687262449992025,4
2772,3070,3.7176224968386866,5
2772,3104,4.230444835138148,4
2772,3697,4.00047776245289,3
2773,3683,4.439691784791931,5
2774,1343,4.315863736869366,3
2774,2642,3.792174783786735,4
2774,3145,3.0,5
2774,3176,4.545298034685201,4
2774,3408,4.329821894680161,2
2774,3441,3.9870771090755452,3
2774,3481,4.328663111822061,5
2774,3793,4.1712850092496,4
2776,104,3.9412557683752367,4
2776,249,3.0,4
2776,719,3.2823609341909763,4
2776,1090,4.248647804489014,4
2776,1097,4.200580167727055,5
2776,1259,4.208983063405208,5
2776,1694,4.343806966069181,3
2776,2329,4.4356231727615,5
2776,2369,4.12828945402207,3
2776,2383,2.9981264005770423,1
2776,3261,4.362263517033878,5
2777,31,4.0,4
2777,110,4.042308772463076,5
2777,180,4.113319567148434,5
2777,303,3.401723636554361,3
2777,507,3.8374064355215944,3
2777,508,4.2311419005669775,4
2777,550,3.0,5
2777,733,3.9304301070584917,4
2777,1242,4.201906440220977,5
2777,1342,3.152218541932653,2
2777,1367,3.0,4
2777,1461,3.734382606289971,4
2777,1468,3.0,3
2777,1517,4.063780056520844,5
2777,1544,3.916988478802217,3
2777,1678,4.011961569339338,2
2777,1792,3.7882136998490896,4
2777,1840,3.0,4
2777,1919,3.0,3
2777,2011,4.034605913736113,4
2777,2169,3.533921928889554,3
2777,2431,4.266731338919302,4
2777,2474,4.158010914089678,4
2777,2501,4.667948852476073,5
2777,2683,3.7032532837106733,5
2777,2987,3.975532033001075,3
2777,3175,3.606920670078547,2
2777,3388,3.765163113227765,5
2777,3438,3.7250597024017233,3
2777,3841,4.499387829878866,3
2778,1,4.151378058599113,4
2778,3543,4.204845515496649,5
2778,3925,3.0,4
2779,110,3.6962325427286036,2
2779,1077,3.9799302607265026,3
2779,1228,4.079855667212927,5
2779,1260,4.215797823554899,5
2779,1304,3.8453643833530093,3
2779,3201,3.9915875939472123,4
2779,3629,4.591092806333014,4
2779,3735,3.9871315281526027,5
2779,3911,3.9866901521823173,3
2780,2492,3.0,2
2780,2959,4.045690724025978,4
2781,1248,4.484640701894693,4
2781,3081,3.9173839944542164,4
2781,3362,4.559422367520101,4
2782,551,4.049470488649405,3
2782,588,3.8641339496758835,3
2782,1569,3.8461631194628207,4
2784,150,4.212323408065466,4
2784,1307,4.116055576869726,2
2784,2396,4.352227812338528,5
2784,3751,4.271678363284461,2
2785,1125,2.999678715298638,4
2785,1398,3.0,3
2785,1784,3.145967157116528,5
2785,2144,3.0553124703418963,2
2785,2433,2.9895994031882043,3
2785,3869,2.930525743552753,3
2786,1090,4.1977198504976,4
2786,2710,4.073547790713256,2
2786,2863,4.646151990279077,3
2786,3082,3.4536695712688217,4
2786,3168,4.4668773044700485,4
2786,3526,4.201959624679291,4
2787,246,4.802788933382545,4
2787,293,4.4957445968843555,4
2787,2395,4.268438530924894,4
2787,3421,4.419561331702347,5
2788,1217,4.819213077691673,5
2788,1300,4.50275884999179,4
2788,1944,4.676840534963453,2
2788,2303,4.0,5
2788,2732,4.48960071016571,5
2788,3504,4.538844141520904,5
2788,3872,3.0,4
2789,1253,3.514345458032026,4
2789,1676,3.4262831201202424,4
2789,2288,3.4105491442448583,2
2790,223,3.6609949487845226,5
2790,2020,4.647873366172494,4
2791,3334,5.0,5
2792,852,2.9648739016721035,3
2792,2542,3.3377837345523536,2
2793,3,4.3118038591506025,2
2793,6,4.3129506411382375,5
2793,16,4.388009680810804,4
2793,348,4.4538889446164305,5
2793,410,3.5443007263451194,3
2793,594,4.230449005232361,5
2793,653,3.7948357871195584,2
2793,861,3.685518477182924,4
2793,903,4.518534862204572,5
2793,1101,4.085847166555529,5
2793,1150,3.0,5
2793,1282,4.282046658700308,5
2793,1287,4.344866232832388,4
2793,1288,4.236784840511999,5
2793,1866,4.407326704355595,4
2793,2019,4.583946359980747,5
2793,2117,3.971437136676666,4
2793,2144,4.080644109261505,4
2793,2671,4.141963914371868,5
2793,3178,4.563224344113787,4
2793,3272,4.497668307237252,5
2793,3683,4.514584987009719,5
2793,3684,4.285982124538347,5
2793,3707,3.6519239197596334,5
2793,3770,4.148143603665077,4
2794,3408,3.9256626728770234,4
2795,316,3.486262372673706,3
2795,2012,3.5348905391295973,3
2796,185,2.5267939789082354,2
2796,1007,1.6905765650812539,1
2796,1028,2.7607692879732824,4
2796,1059,2.4939203490401645,3
2796,1101,2.694377408288719,3
2796,2011,2.5898282797747547,2
2796,2029,4.0,4
2796,2093,3.6828220306931,2
2796,2174,2.7467245601859256,2
2796,2944,2.6811864691674736,2
2796,3786,3.0,3
2798,920,4.344195787151601,5
2798,1244,4.170368616476549,5
2798,2396,4.125765193255868,4
2798,3742,3.9682369003233573,3
2799,1136,4.007893703291137,5
2801,1513,3.364991774653613,2
2801,2502,3.3554274786410057,4
2802,589,3.6069536434936937,4
2802,1249,3.8293395030843853,4
2803,457,3.7339786130572508,5
2803,1094,4.017232746113497,4
2803,1213,3.995918323522157,5
2803,1252,4.085821463877153,4
2804,315,3.324021405663984,4
2804,1375,4.088956839042213,4
2805,300,4.05172612528538,2
2805,1094,4.076363900227691,4
2805,1204,4.249324835731507,5
2805,1247,4.147118208412404,4
2806,1222,3.691358525140704,4
2806,2396,3.494041377695905,2
2807,272,3.860094859806569,4
2807,674,2.866818821926868,2
2807,920,3.4065690391487458,2
2807,1080,3.510528017022163,3
2807,1265,3.3308023155368423,2
2807,1356,2.437035210581598,3
2807,1376,2.3059530014369365,2
2807,1827,3.0,5
2808,1104,4.643877295742819,4
2808,1625,4.349198965000728,5
2808,2642,4.292017316239415,4
2810,168,3.617871314400707,4
2810,368,3.8125800225842257,5
2810,920,4.181664151509537,4
2810,1022,3.9843492621396184,4
2810,1801,3.498158420470444,4
2810,2036,2.7359233413078226,3
2810,2396,3.920904858605797,5
2810,3117,3.0,3
2811,3679,3.0,4
2812,356,3.7451976838542937,5
2812,372,3.643040327666607,3
2812,910,4.189896147323997,4
2812,3255,3.4610982054584207,4
2812,3763,3.736229226493742,3
2813,1189,3.0,5
2814,296,4.375242921235495,3
2814,589,4.338155049004143,5
2815,912,3.7184346748006165,5
2816,3101,4.339184214195353,3
2817,1198,3.8215318778018355,5
2817,1287,4.643566662407953,5
2817,2890,4.285231748062606,4
2817,2916,4.346095234732579,4
2817,3175,3.9376061357162104,5
2818,316,3.6228179037725794,5
2818,1207,3.769905655119766,4
2818,1214,3.601213476986027,5
2818,2150,3.7038917156147733,5
2818,2294,3.6894460965904634,2
2818,2915,3.8539056959095395,3
2818,3793,3.604768700211064,3
2820,902,3.2851923609722538,3
2820,1190,3.0,2
2820,1194,3.0,3
2820,1253,3.318657434489303,3
2820,1682,2.9605193314180016,3
2820,1717,2.8039776839960275,3
2820,1831,2.4135241685735327,2
2820,1862,2.2870508873344875,2
2820,2108,2.9358157781097134,3
2820,2131,3.0,3
2820,2132,3.966398681484438,5
2820,2423,2.247971036026132,3
2820,2600,4.03293502730942,4
2820,2973,3.6880578496699004,5
2820,3457,3.0,4
2822,965,3.0,3
2822,1303,3.940220554780116,5
2824,593,4.113552665866338,4
2824,708,4.159779794920633,4
2824,780,4.029774681649533,3
2824,2424,4.070426558828001,4
2824,3515,3.0,4
2824,3861,3.0,3
2825,802,4.0,2
2825,1563,3.0,4
2825,1693,4.0,3
2825,2540,3.0,4
2825,3418,4.1796745310533945,5
2826,296,3.6746481888979075,2
2826,1214,3.2661209314599877,5
2826,1270,3.6788771453534754,3
2826,2967,3.0,3
2826,3200,3.521278956989057,4
2827,592,3.2612682800611568,4
2827,2194,3.3669684991468842,4
2829,2937,3.0,3
2831,858,4.404134849944834,5
2831,1193,4.42795160443011,5
2832,523,3.0,4
2832,1148,4.109871786971791,5
2832,1446,3.0,4
2832,1641,4.0527646925299186,4
2832,3481,4.146858945033732,4
2833,2761,4.0,3
2833,2908,5.000000000000001,4
2833,3113,2.1502276046026405,1
2834,1104,4.647609800880054,5
2834,3548,3.0,4
2835,144,3.0,3
2835,3834,3.0,2
2835,3868,4.326476066483655,4
2836,2690,3.0,4
2836,3948,3.6958763980090485,5
2837,3,2.5219135877354217,3
2837,357,3.6231616494187957,4
2837,1566,3.067254879505187,3
2837,1885,4.381349402497724,3
2837,2688,3.785602679290645,1
2837,2701,3.128583701916908,1
2838,912,4.8708930790485185,5
2838,3168,4.352908895083474,4
2840,19,1.9565026127579601,1
2840,150,3.5319595236636028,4
2840,180,3.171979741723031,3
2840,380,3.195227727264152,3
2840,479,1.992977250424175,2
2840,733,3.2297165368217065,3
2840,750,3.788343785211794,3
2840,1089,3.5876704738952974,4
2840,1385,2.817458917645311,2
2840,1866,2.263135211618098,4
2841,306,3.748645394913159,4
2841,314,3.0,3
2841,480,4.044142871081234,2
2841,1132,3.0,5
2841,1653,4.054648995608756,5
2841,1788,3.0,5
2841,1794,3.0,3
2841,1947,4.475319543839922,5
2841,2303,5.0,4
2841,2610,3.0,4
2841,2966,4.000377031800387,4
2841,3476,4.160523385381708,5
2841,3564,3.0,1
2841,3859,3.0,4
2842,170,3.0,3
2842,1179,4.093039318426452,4
2842,1377,3.6458940365068258,3
2842,1729,3.9843433858195865,4
2842,1785,3.0,3
2842,3841,3.0,3
2843,1580,3.131409410596772,3
2844,1089,3.808467790230155,3
2844,1396,3.750149633915701,4
2846,180,3.282223136131448,3
2846,2700,3.4560499270492953,4
2847,356,2.880076943634422,4
2847,380,2.705136863800048,1
2847,923,3.4478546561630012,4
2847,1015,1.0,1
2847,1126,2.5722386113128644,1
2847,1214,2.6299043033275176,1
2847,1645,2.6775134935687035,3
2847,1894,2.445171224864664,1
2847,2803,2.6586997682730957,2
2847,3052,3.035290792088391,4
2847,3824,3.0,2
2848,1009,3.751739310409543,4
2848,1032,3.7385336652410355,5
2848,1747,3.6417313858912985,4
2848,2613,2.597695302945877,1
2848,2657,3.4649678668584984,5
2848,2985,3.435982586599809,2
2848,3108,3.558723924952154,3
2849,2492,3.0,3
2849,2683,4.574204689278216,4
2849,2759,4.34507823443221,4
2849,2937,4.0,5
2849,3022,4.0,4
2850,316,2.708127785283743,2
2850,2470,2.7503724900107867,2
2852,1527,4.304156009598772,5
2852,1997,4.325103429313716,5
2852,2699,4.0378072387049135,4
2853,39,3.5739546954345394,3
2853,1914,3.0,2
2853,2599,3.6147946346358504,2
2853,3266,3.0,4
2854,279,3.0,3
2854,1101,2.5811477638935423,1
2854,1124,2.9736487222146,3
2854,1194,3.0,1
2854,1208,3.5216781309341614,5
2854,2122,1.9894761877347011,1
2854,2300,3.88936074087161,4
2854,2641,2.5480750176882303,1
2854,2804,3.308360618391997,3
2854,2995,2.3653235557113077,1
2854,3453,5.0,2
2854,3475,4.0,4
2855,3563,3.0,1
2857,288,3.6253135668103527,3
2857,350,3.5619989899716473,3
2857,457,3.6072889571200224,3
2857,1128,3.1115042757930027,3
2857,1196,3.5886548734301975,4
2857,1252,3.688659473115784,3
2857,1262,3.8541768016224336,4
2857,1321,3.4772265349282963,5
2857,1378,3.573609072201121,4
2857,1587,3.5499565954432293,3
2857,1673,3.657753561702727,3
2857,2088,2.83483566655699,1
2857,2252,3.0,3
2857,2353,3.617836704989351,4
2857,2840,3.2461874909893114,2
2857,2929,3.165695293945185,3
2857,3016,3.282863412975227,4
2857,3386,3.6297629953257595,1
2857,3660,3.7635724166461224,4
2857,3682,3.8783374096729353,4
2857,3698,3.4838640694780345,3
2857,3699,3.5177047251276314,3
2857,3732,2.796931052710482,3
2857,3791,2.8206903625322113,4
2859,39,4.357292798583303,4
2859,1726,3.0,3
2859,2324,4.546286317133343,5
2859,2581,4.412766472613364,3
2859,2997,4.4654022251864856,4
2860,110,3.737796375466324,4
2860,936,3.0,5
2860,1192,3.0,4
2860,1294,4.087238115269359,4
2860,1643,4.0,4
2860,2076,3.991899065920222,5
2860,2311,3.658486302910233,3
2860,2738,4.0,5
2860,3476,3.877027836454635,4
2860,3702,3.859091785016558,4
2860,3814,4.427189261317317,4
2863,425,3.0,4
2863,1175,3.0,3
2863,2770,3.4125255595895605,2
2864,593,3.6699011237148187,5
2865,1198,3.761646879098574,4
2865,1302,3.9588630367542885,4
2865,2114,4.195580818439349,4
2865,2657,3.6496899895431323,3
2865,2840,4.335782684462538,4
2866,1291,3.526903040071302,3
2866,1390,3.0,1
2866,1947,3.854123620551177,4
2866,2571,3.529108018937876,2
2866,3526,3.458316046302477,2
2867,3301,4.495476530335909,3
2867,3555,4.7947381591455684,5
2868,1200,3.687668313603518,5
2868,1274,3.9507373100645133,4
2868,1580,3.5795518713557715,4
2868,3471,3.70248444879567,4
2869,512,3.0,5
2870,2890,3.1503129690780787,3
2870,3267,3.193798628136695,4
2871,858,3.5963000439123523,4
2872,176,4.53272341129438,4
2872,282,4.0,2
2872,319,4.581190955396892,4
2872,534,3.509198468878904,4
2872,764,3.0,4
2872,1234,4.202299356896198,4
2872,1500,4.123659888915484,4
2872,1667,3.0,3
2872,1747,4.130772526071432,4
2872,2628,3.753296295595933,1
2872,3365,2.5023918612269958,3
2873,588,3.924744813815989,4
2873,1036,3.8359414285921334,3
2873,1271,3.570506915185151,3
2874,978,3.0,5
2874,3363,3.806690028422648,3
2875,1953,4.679982650680572,5
2876,538,4.0,3
2876,1792,3.724057590753552,3
2876,2002,3.7517574674370278,3
2876,2193,3.7968283638293263,3
2876,2723,3.4682178715993297,4
2877,1407,3.3696172020214883,2
2878,31,2.0,3
2878,260,3.7597676268215494,5
2878,454,3.5945204557461143,3
2878,888,3.0,3
2878,903,4.045167499494548,5
2878,1015,3.5349962663640153,3
2878,1025,3.780394375085076,4
2878,1103,4.075312689178182,5
2878,1446,3.0,5
2878,1835,3.4990437229340547,4
2878,2000,3.634676718712942,2
2878,2136,4.0,4
2878,2405,3.5566009952842306,4
2878,2642,3.5873466442119186,3
2878,2662,3.6540710621561203,4
2878,2699,3.205539048566013,1
2878,2762,3.4864456175583713,5
2878,2944,3.7408040573891075,3
2878,2987,3.777769740167971,4
2878,3028,5.0,4
2878,3704,3.6454441264291693,3
2880,899,3.9684846566628074,4
2880,1175,4.999999999999999,5
2880,1449,3.697870788501056,3
2880,3882,2.9870315778775187,2
2881,551,3.8708991205425085,5
2881,1566,3.2931306626970054,4
2881,2700,4.147820268403919,4
2881,3300,3.947487276958572,4
2881,3841,3.0,3
2882,833,2.0,4
2882,1527,3.1995799215232315,1
2882,1784,3.4033347805307317,4
2882,1923,3.3901720682644383,2
2882,2416,3.7942408333879123,4
2883,1693,3.0,4
2883,2716,2.7107584809680874,3
2883,2858,3.5513946558138505,5
2883,3918,1.0,4
2885,551,4.270890612081982,3
2885,1079,4.327904591615374,5
2885,1468,3.0,4
2885,2671,4.311236003729199,4
2885,3157,5.0,3
2886,10,4.0220679927450345,4
2886,420,4.364835425811883,5
2886,1772,3.0,4
2886,2432,3.0,1
2887,89,3.8489491769259145,3
2887,801,3.0,3
2887,1399,3.0,3
2887,1888,3.2743733054343194,3
2887,2735,3.454861641022711,4
2887,2989,3.860594232577016,4
2887,3107,3.918146340414826,4
2887,3686,3.5170951986990384,4
2887,3717,4.3669846085923,3
2887,3755,4.019749195181158,4
2887,3869,3.4666764245068356,3
2888,380,3.50766347304877,4
2888,500,3.453800401631661,3
2888,2067,3.5617275738513396,4
2888,2947,3.828896934026654,4
2889,161,4.012744775795443,4
2889,912,4.065246079067245,5
2889,1674,3.764199933811223,5
2889,2080,4.069479020791422,4
2889,3054,3.0,1
2889,3686,4.0,3
2890,10,3.6537058149733497,4
2890,1372,3.6436379440967577,3
2890,1562,3.3882943862859727,1
2890,1917,3.588575823564195,3
2890,2006,3.6768824656071453,4
2890,3555,3.951466747291502,3
2892,2043,3.0,5
2893,2918,4.0,5
2894,165,3.9316969222500706,5
2894,694,4.0,2
2894,1291,4.086820166428052,5
2894,2641,4.051176940475883,5
2895,32,4.114039740326758,5
2895,50,4.195181648350153,5
2895,532,4.0,4
2895,799,2.7285195615208386,2
2895,800,4.317283485429095,4
2895,858,4.261416187577715,5
2895,1042,3.8070264029042367,4
2895,1097,4.115707005144107,5
2895,1584,3.958522547310373,3
2895,2391,4.24574417870759,4
2895,2406,3.9323411307479783,4
2895,2463,4.163464412843074,4
2895,2474,3.812142335612435,5
2895,3250,3.0,3
2895,3702,4.112556232295695,4
2895,3826,2.822732618643626,2
2895,3873,4.0,4
2896,362,3.0,4
2896,377,3.5464753344895925,4
2896,1210,4.038217107297319,5
2896,2053,2.813050131357462,3
2896,2840,3.0590924446491417,5
2896,2890,4.08072129590499,3
2896,3173,3.0376949119472867,1
2896,3178,4.332021775870081,3
2896,3213,3.0,3
2896,3535,3.4694588777290067,2
2897,750,4.100892092846404,4
2897,2268,4.053067780975474,4
2897,3347,3.0,5
2898,1350,4.617571291768954,5
2898,2858,4.279979536048735,5
2898,3754,3.0,2
2899,163,4.008037847629775,4
2899,329,4.072602434257742,4
2899,1126,3.9785355785814582,3
2899,1375,4.092309129268982,4
2899,1377,4.064671129737323,3
2899,2195,3.335908917386209,4
2899,3041,3.0,1
2899,3243,3.847639727337244,3
2900,1,4.372899100862514,3
2900,592,4.297570012125602,5
2900,610,4.100565846918023,2
2900,1095,4.628152861072682,5
2900,1307,4.234810596967799,4
2900,1466,4.5733651506737365,5
2900,2352,4.249750613756342,5
2900,2455,4.258025818411071,2
2900,2947,4.360961703381035,5
2900,3148,4.754735647484785,4
2900,3421,4.4446534172322165,5
2901,507,3.6678145239149864,4
2901,542,3.0,3
2901,547,3.0,3
2901,1466,4.453104694074054,4
2901,1968,4.23153288157245,5
2901,2166,3.0,5
2901,2247,4.001350593434884,4
2901,2871,4.449324255719626,5
2901,2947,4.5158580537746245,5
2901,3479,4.212184627297099,4
2903,1214,4.554483604638679,3
2903,1380,4.336868076415127,5
2903,1801,4.248958125544732,4
2903,1831,4.375001346196027,3
2903,2713,3.2819293455826224,4
2904,436,1.0,3
2904,2324,4.19274735842492,4
2904,3185,3.0,5
2905,527,3.6986634983272055,5
2905,1597,3.4857787663101196,4
2906,1009,3.0,3
2907,165,3.4854348775053734,3
2907,203,3.7336689755915766,5
2907,333,3.3070874431116906,4
2907,344,3.5701187181279783,5
2907,590,3.339162886039683,2
2907,648,3.4653480104977876,5
2907,725,3.0,1
2907,736,3.4803065823232924,5
2907,914,4.098987329493861,3
2907,1086,3.2699968843896934,4
2907,1270,3.3636147898360824,5
2907,1617,3.333582139145596,3
2907,1962,3.2282288491058733,4
2907,2083,2.999575466943512,3
2907,2340,3.0,5
2907,2355,3.365301399140146,4
2907,2550,3.186300454745844,3
2907,2628,3.530688124023802,5
2907,2644,3.174638770017244,4
2907,2676,3.953352167694453,4
2907,2710,3.5755242181488027,2
2907,3168,3.5561336858484385,3
2907,3507,3.216900662147736,4
2908,1973,5.0,5
2909,280,4.004234370973711,5
2909,350,4.625764682132287,5
2909,438,2.438204814782777,3
2909,457,4.1936416678071415,5
2909,597,3.851018428307314,3
2909,771,3.0,4
2909,934,3.0,2
2909,1099,4.0,3
2909,1129,4.215169205246059,5
2909,1213,4.320171677447365,4
2909,1231,4.35888716690332,4
2909,1346,4.136425455392794,5
2909,1367,3.6748028059642155,3
2909,1882,3.7906065789228958,4
2909,2102,3.6617828902280625,3
2909,2378,3.320818006868253,5
2909,2427,4.605829576169257,5
2909,2560,3.0,5
2909,2670,4.661895855961097,4
2909,2687,3.595551866152656,2
2909,2699,3.986734264339319,5
2909,2793,4.498612890723651,2
2909,2919,3.9576823477997944,4
2909,2949,4.5993673301909235,5
2909,3157,3.0,3
2909,3203,3.971959574104724,5
2909,3255,3.6240836529440585,4
2909,3274,4.131402125072861,4
2909,3431,3.566332303045267,4
2909,3551,4.447665483477907,5
2909,3735,4.400759223828623,5
2909,3928,3.0,3
2910,39,4.357144646791359,4
2910,1805,4.400265276799682,2
2910,2447,4.0,4
2911,593,4.022436787931598,5
2911,2396,4.035202229251082,4
2911,3534,3.0,3
2912,345,3.0,3
2913,36,3.9802430248206346,4
2913,909,4.077394840535633,4
2913,1029,4.0076450176656655,4
2913,1081,3.9955396847698164,5
2913,1097,3.9292180324779835,3
2913,1196,3.931072026727763,4
2913,1246,3.8498972488564496,3
2913,1393,3.8510131042379,4
2913,1904,5.0,5
2913,2600,4.468755155202969,5
2913,3246,4.3693702914271775,4
2913,3507,4.033875333745577,5
2914,3608,4.921088712893457,5
2914,3948,4.877386445958231,5
2916,232,5.0,5
2916,341,3.0,5
2916,562,4.0261763172398854,5
2916,1571,3.0,4
2916,2076,3.4069380062236,5
2916,2970,3.0,5
2916,3518,3.0,4
2916,3742,4.0,4
2918,334,3.0,5
2918,367,3.4706179594502378,2
2918,520,2.500206554797597,2
2918,2248,3.962238806563935,4
2918,2387,3.0,3
2918,3893,3.9747759965804406,4
2919,1291,4.082474010503924,5
2919,2006,4.019126140022933,4
2919,2456,4.0,2
2919,3877,3.0,1
2921,1584,3.6262099465859174,4
2922,534,3.0,5
2922,589,4.617880473164525,5
2922,1198,4.48463230894679,5
2922,2115,4.586555707383708,5
2923,1707,3.0,3
2924,2719,3.739795615240084,2
2924,2858,4.259243343414178,3
2924,3114,4.00352796638245,5
2925,2375,3.0,3
2925,3186,3.0,4
2926,180,3.496250541260853,5
2926,483,3.0,3
2926,543,3.588591094023117,3
2926,1569,3.5871011280945835,4
2926,1616,2.9089241287566665,3
2926,3160,3.780698239057553,4
2926,3179,3.0,4
2926,3712,3.6280462125863924,4
2927,1049,3.8644582317210783,5
2927,2919,3.7640179120066506,4
2928,1097,3.8956500447040883,3
2928,1171,4.351300615089128,4
2928,1206,4.1513051620881205,5
2928,1222,3.97696693812117,5
2928,1374,3.981506328420688,4
2928,2011,3.6810521385318284,4
2928,2140,3.685109770796011,5
2928,2871,4.139917946524047,5
2928,2921,4.195142024686518,5
2928,2988,3.0,3
2928,3081,3.9356809137754123,4
2928,3424,4.123592603602956,4
2929,435,4.001238676692176,3
2929,912,4.588565625248608,5
2929,1394,4.249208431805905,4
2929,1396,4.091291710885332,3
2929,1476,3.9974588589285807,3
2929,1673,4.3804286612067385,5
2929,1994,4.172870806414091,4
2929,2589,3.0,2
2929,2710,4.257627298898862,5
2931,322,3.0,3
2931,479,2.5224157887126384,3
2931,1370,4.007003776814157,3
2931,1387,4.243034048026819,5
2931,1687,2.695594979925073,3
2931,1805,4.132214845803134,4
2931,2701,3.764177252590126,2
2931,3617,3.998453902832701,3
2931,3841,4.0,1
2932,1407,4.4238345055660675,4
2933,457,4.027330243955964,3
2933,593,4.059016466430724,3
2933,1231,4.187212310751713,4
2934,362,3.0,4
2934,653,3.480872198927322,4
2934,808,3.0000000000000004,3
2934,813,3.0,3
2934,835,3.0,4
2934,1007,3.001272164629204,3
2934,1022,3.4208133896149686,3
2934,1246,3.5502571584082636,4
2934,1727,3.0,3
2934,2015,3.373096635745988,3
2934,2058,3.4868031359611478,3
2934,2062,3.0,2
2934,2089,3.3804754478395402,3
2934,2096,3.4436856654282577,3
2934,2399,3.0,2
2934,2720,2.0,2
2934,2724,3.6794544111267378,4
2934,2803,3.7377351935287453,4
2934,3114,3.37658616604836,4
2934,3755,3.3045856355707994,4
2935,2968,3.717281130945832,5
2935,3699,3.7411324902575527,4
2936,863,3.0,5
2936,1649,3.0,5
2937,1210,3.8337914292442474,4
2937,1246,3.825709826840375,4
2937,1573,3.787121038106322,4
2937,2145,3.6657608402102206,3
2937,2321,3.3112287662403266,2
2937,3263,3.822131215940687,4
2938,17,4.042260459325953,4
2938,953,3.884598543463636,3
2938,1148,4.470513472584929,5
2938,2393,3.8275104606694508,3
2938,2469,3.6853125122652206,4
2938,3101,3.9186074607757204,2
2938,3751,4.169474916161657,5
2939,903,4.107868112336146,3
2939,1060,3.6658420750382765,4
2939,1407,3.962379497856948,4
2939,2020,4.021772161169337,5
2939,2193,4.002725131611333,3
2940,2997,3.6018609793660112,5
2941,543,3.646980041456763,4
2941,924,3.720360041412563,4
2941,1924,4.0,2
2941,2193,3.4640977674494926,4
2941,2942,3.3086806675328657,2
2941,3034,3.6681703502025647,4
2941,3624,4.0,3
2941,3703,3.487897062835853,3
2942,2019,4.6396338890165,5
2943,1394,4.5235717406679115,5
2943,3267,4.551567064399555,5
2944,588,4.602669958625676,5
2944,2580,4.6583763840169885,3
2944,2694,3.8209066858585135,4
2944,3526,4.583188873193138,4
2944,3897,4.579613986073503,3
2945,1094,4.065046544330034,4
2946,170,2.159150797732525,2
2946,198,2.6574046711206383,2
2946,544,2.1627758792290774,3
2946,552,2.8091053340219716,2
2946,647,3.3601524532739466,3
2946,908,3.7193979354261475,3
2946,1687,2.192965018467695,3
2946,2406,3.174990386191783,3
2946,2410,2.9414282963533336,2
2946,3102,3.4724974027911197,3
2947,593,3.4883664908980507,3
2947,1777,3.3494855237936054,3
2947,2677,3.0,5
2948,1197,4.453486395823259,5
2948,1288,4.635799565745154,5
2949,1270,4.255608153632982,5
2949,1513,4.084617667543718,3
2949,2856,3.0,3
2949,3675,3.0,4
2949,3864,3.0,4
2950,3327,3.0,1
2950,3408,3.905267022564091,1
2951,593,4.306083730999657,4
2951,2155,4.0,4
2952,1041,4.644410596032772,5
2952,1249,4.504564064526393,4
2952,2085,3.784751640045839,4
2953,1619,3.0,4
2953,2598,3.411932629788592,4
2955,36,3.687109319117237,3
2955,223,2.7904480787622665,3
2955,345,2.018854788688746,5
2955,2428,4.0,1
2955,2710,2.620871162937635,3
2955,2770,3.3724528685682684,1
2955,3755,2.497658519882973,3
2956,1584,3.6610298679174718,4
2957,553,4.791636281373085,5
2957,1196,4.577740705830255,5
2957,1210,4.569973325024586,5
2957,1282,4.642244717268147,5
2959,2336,4.026496551876735,4
2961,1387,4.381898298117165,2
2962,6,3.008589643182941,4
2962,50,3.1710030961005935,4
2962,442,2.855373069141058,2
2962,610,3.0461329583575214,2
2962,901,3.4782082979816886,3
2962,924,3.309211844830633,3
2962,929,2.6499844289245043,2
2962,1252,3.572102034902152,2
2962,1480,3.0,4
2962,1617,2.9667870374750875,4
2962,1940,3.0,4
2962,2086,3.0,2
2962,2160,3.4152152638731925,4
2962,3075,3.0,4
2962,3402,3.0,3
2962,3548,3.0,5
2962,3555,2.9973171501199496,3
2964,3185,3.0,1
2965,1061,5.0,4
2966,785,4.085262695699754,3
2966,1095,4.334095660509678,2
2966,1394,4.095742401661636,5
2966,1542,3.0,4
2966,2997,4.418374482922022,5
2966,3429,4.999999999999999,5
2967,1125,3.5253817730071786,3
2967,1197,3.433464579826018,5
2967,2065,3.6952560024533554,4
2967,2099,3.658112049524465,4
2967,2890,3.42053224622283,2
2967,3355,3.0,2
2967,3703,3.4471307793313315,4
2968,165,3.4901852791223646,4
2968,1199,3.4564298824265083,4
2968,1810,4.32907211218663,3
2968,2329,4.295527361160732,5
2968,2539,4.078627436408185,5
2968,3269,3.6204142463015154,5
2969,413,3.0,3
2969,590,4.127710915434711,4
2969,594,4.19425683074188,4
2969,1198,3.8219454780529456,5
2969,1200,4.088032743676141,5
2969,1343,3.5360160610995144,3
2969,3755,3.7201813984653596,3
2970,296,4.2819004719070834,4
2970,442,4.575259924747179,4
2972,1923,4.061559427128541,4
2972,2617,2.8450402739483684,2
2973,785,3.6917232265233664,3
2973,2485,4.342380569122009,3
2973,3798,3.0,4
2975,1248,4.656489624660494,4
2975,2398,4.377528558886635,3
2975,3742,4.481456414040291,4
2976,1197,3.954750482260461,4
2976,2476,4.0,3
2976,2505,3.0,3
2976,2719,4.0,3
2976,2792,3.3184837825242544,3
2976,2902,2.6732929425758156,3
2976,3490,3.0,3
2976,3688,3.586532673020099,4
2976,3919,3.467627914086516,3
2977,2369,2.0,3
2978,25,3.7764448479323813,1
2978,994,3.6861766908610902,5
2978,1095,3.909086765886811,4
2978,2159,3.0,4
2979,596,4.154905017673091,2
2979,1641,3.9993829009992714,5
2980,150,3.6002378866228937,4
2980,593,3.61131215009541,3
2980,1198,3.55254532044577,4
2982,1179,4.186842521348977,5
2983,368,4.560498250021999,4
2983,1275,4.536656734331854,5
2984,908,3.4919830749767184,5
2984,3869,4.0,4
2985,1214,3.5913796460352283,4
2985,1225,3.39781924520293,4
2985,1375,3.7057440339322163,4
2985,1527,3.7014523612670738,4
2985,2015,3.4575799853702796,4
2985,3755,3.8306672452205746,4
2986,17,3.8220204641001976,5
2986,52,3.6704306200773646,4
2986,100,3.0,3
2986,144,3.0,5
2986,249,3.0,4
2986,485,2.9601753089448772,3
2986,535,3.6070961502928296,4
2986,1307,3.620109298909905,5
2986,1683,3.316991202875748,4
2986,1699,3.0,3
2986,1767,3.0,3
2986,1991,2.9263321557725277,3
2986,2276,3.0,3
2986,2539,3.510653244024642,3
2986,2836,3.0,4
2986,3106,3.0,4
2986,3179,3.0,4
2986,3466,3.0,3
2986,3556,4.551334328662286,4
2986,3591,3.3064527078210406,3
2986,3649,3.0,3
2988,2712,3.96910459984675,3
2989,2622,5.0,5
2990,36,4.3338815609879715,5
2990,235,4.069226525368231,4
2990,2997,4.147207641050793,5
2990,3504,4.2685027315433,4
2990,3727,3.0,4
2990,3751,4.345462971578897,5
2991,1242,3.7205892366149595,4
2993,924,4.258182056355284,5
2993,2700,4.093929205298467,4
2994,204,2.838898594587882,2
2994,786,3.1121712348370854,4
2994,996,3.3741975533202067,1
2994,1375,3.36434124804227,2
2994,1438,2.9301244334901715,3
2994,1845,4.507111966179033,4
2994,3316,3.0,4
2994,3638,3.3740200698675724,3
2994,3697,3.1077895800482187,2
2994,3702,3.572643022587785,5
2994,3717,3.0,2
2994,3766,2.51176241360343,3
2995,986,3.0,3
2995,1018,3.0,3
2995,1270,4.138832926551917,5
2995,1371,3.9622336366762774,3
2995,1407,4.033621038970724,4
2995,1580,4.033653418165584,4
2995,2080,4.213649651537836,5
2995,2353,3.934099787731099,4
2995,2858,4.25280523514093,5
2995,3635,4.0940311988827665,4
2995,3763,4.114030176123756,3
2996,39,3.266267197154408,2
2996,380,3.6473258772366504,3
2996,608,3.8068017293192997,3
2996,1562,2.9128695382881644,2
2996,2077,4.0,4
2996,2558,3.6658735831843137,2
2996,2947,3.815370029486992,3
2996,2985,3.061493492194605,4
2996,3499,3.8360078409321794,3
2996,3623,3.936902578250276,4
2997,110,4.253898306692114,5
2997,605,3.808140355811137,3
2997,653,4.255682062723633,4
2997,1291,4.231305131398339,4
2997,1639,4.052011733777639,4
2997,2395,4.141920540620157,3
2997,2746,4.056807562521675,4
2997,3629,4.0,4
2998,2394,3.706530753328654,4
2999,1707,3.4296174680607745,4
2999,2085,3.4170231702645713,3
2999,2161,3.452766720966298,4
3000,144,3.0,5
3000,1265,3.382198018723352,5
3000,2288,3.5399999977774463,4
3000,2942,5.0,1
3001,1556,3.649979813468911,1
3001,3661,4.0,3
3002,162,4.62243774389969,5
3002,1235,4.586264907745381,5
3002,3060,4.585495970578474,4
3003,2005,4.165452283199471,4
3004,589,3.9555096292261673,5
3004,908,4.1072350908490325,5
3004,1594,3.592779520426656,4
3004,2289,4.07658750048332,4
3005,1253,4.176728080842593,5
3005,1372,3.8468400398996523,1
3005,2526,3.0,3
3005,2528,3.7177374927740283,5
3005,3701,3.8770720807302004,4
3007,405,3.027728381167435,1
3007,661,4.379647691013779,1
3007,1339,2.7436551668027658,1
3007,2009,4.002377606592576,2
3007,2232,3.515875877698363,4
3007,2393,3.361350514219306,5
3008,1584,4.021591814251729,5
3009,2000,3.895112314632377,5
3009,2671,3.9868309741361205,4
3010,2140,3.680844506480145,3
3011,2010,4.7176529207983755,4
3012,1129,3.3023102310421213,4
3012,3697,3.1091284951658285,3
3012,3869,2.7023939994451958,1
3013,107,3.5699950054129963,4
3013,151,4.087141524998063,3
3013,289,3.847578295974959,3
3013,362,3.0,4
3013,593,3.9984953899965774,4
3013,1205,2.5462616402891243,1
3013,1206,3.8428921153749127,4
3013,1235,4.123929831333165,5
3013,1244,3.9687702878819873,5
3013,1381,3.730833302316665,3
3013,1663,3.4593998061126316,4
3013,2042,2.5472537731935376,2
3013,2700,3.2686509308091143,1
3013,3086,3.0,3
3013,3194,3.5026501145359963,4
3013,3247,3.697112530467136,4
3013,3363,4.069019549581133,4
3013,3507,4.192076842110601,4
3014,318,3.7697919133972704,4
3014,508,4.067810349592908,5
3014,1230,3.9927024695883846,5
3014,1939,3.533031816238207,5
3014,2770,3.382368486100914,2
3015,1127,1.0,2
3015,1150,3.0,5
3015,3160,3.0,1
3015,3481,4.618803835745131,4
3017,151,3.5572632632151318,3
3017,224,4.15617466977025,3
3017,1088,3.585056401128165,4
3017,1214,3.8639793031450047,3
3017,1959,3.523693640362277,2
3017,2145,3.495112377409616,4
3017,2190,3.0,3
3017,2718,3.0,3
3017,3260,3.626816113460955,3
3018,150,3.8940826352745166,4
3018,151,3.981254754645491,4
3018,303,3.2295245967556236,4
3018,364,3.8622059172298697,4
3018,436,3.493440935371394,4
3018,527,3.9444958506302616,4
3018,1246,3.844506488564016,4
3018,1257,3.888274830007503,4
3018,1393,3.87482176241425,4
3018,2273,3.553219257374274,4
3018,2803,3.745983861882008,3
3018,2858,3.939046386803384,4
3020,318,4.430936980956428,5
3020,858,4.344157974178098,5
3020,1219,4.282689781977835,4
3020,1226,3.0,4
3020,1699,3.0,5
3020,2186,4.246922763865857,4
3020,2612,3.0,4
3020,3554,3.0,4
3022,858,3.166122133488984,4
3022,1722,2.983971449971867,2
3022,3702,3.1429962800891986,2
3024,427,3.0,2
3024,3029,3.3837662141668563,2
3024,3735,3.994841367482098,5
3025,933,4.578922575593971,4
3025,1244,4.222705779283239,4
3025,1296,4.7436889827558515,5
3026,2078,2.7950416741207853,3
3026,2109,2.696050890333922,4
3026,2683,2.504791419886531,2
3026,2799,1.0,1
3026,3243,1.6554425553772727,1
3026,3258,2.263033876714251,3
3026,3450,2.389065194241779,3
3026,3451,2.929655164025717,4
3027,420,3.0,2
3028,329,3.5778553782780937,4
3028,1073,4.12342647702725,4
3028,1747,4.252027773636826,5
3028,2628,3.6886945737249817,4
3029,11,4.332230666082489,5
3029,21,4.1797501924690925,4
3029,36,4.529854356616968,4
3029,300,4.452351456787753,4
3029,348,4.662815829673269,4
3029,358,3.0,3
3029,365,3.0,4
3029,370,3.6396921106882836,4
3029,408,3.0,3
3029,457,4.154722125743725,5
3029,474,4.132870637953028,4
3029,492,4.0,4
3029,1014,3.0,3
3029,1198,4.188721343859632,4
3029,1219,4.616711862074656,5
3029,1614,4.036354197972782,4
3029,1947,4.613787892021227,5
3029,2106,3.0,4
3029,2116,4.2019876260318885,4
3029,2137,4.371681763157374,5
3029,2916,4.130774903253654,3
3029,3591,4.140761667869552,3
3029,3932,3.0,5
3031,419,3.2814829820948646,3
3031,663,4.625445626266174,5
3031,720,5.0,4
3031,1220,4.087420302683408,4
3031,1339,3.7997413944699305,5
3031,1517,4.025212885203431,4
3031,2088,3.9041174223862707,5
3031,2295,3.0,5
3031,2381,3.7131339063743667,3
3031,3107,3.8598914126650796,3
3031,3868,4.171677342862402,4
3032,14,3.0,3
3032,34,4.231407451172936,5
3032,415,3.0,3
3032,590,4.543945346487579,4
3032,592,4.482160418685338,5
3032,653,4.308298348810985,5
3032,661,4.8002046980671516,4
3032,1028,4.648506059452769,5
3032,1186,4.553236279235801,3
3032,1393,4.53850475904583,5
3032,1646,3.0,3
3032,2012,4.410361719467629,5
3032,2096,4.780950162230125,5
3032,2154,3.0,5
3032,2306,3.0,4
3032,2617,4.16719224764384,4
3032,2986,4.159774299572029,2
3032,3017,4.060827106189674,3
3032,3835,3.0,4
3033,1918,3.7107959136468778,4
3033,2858,4.068337760554714,3
3035,1466,3.8990218262305603,3
3035,1556,4.0,2
3035,2890,3.8872025159932875,4
3036,62,4.5745069907330915,4
3036,2948,5.0,4
3037,408,3.0,4
3038,1299,4.6908978486727975,5
3039,953,4.629938433331329,5
3040,1320,3.2946484014034407,4
3041,648,3.6207766489879876,3
3041,2683,3.230283646592554,4
3041,3083,3.0,5
3042,1028,3.794866699027262,3
3042,2163,3.0,4
3044,378,3.0,4
3044,539,4.324868200460283,5
3044,1197,4.2931797082881475,5
3044,1374,3.861565597049105,4
3044,2099,4.288070188941628,5
3044,2571,4.310392029882101,5
3044,3107,4.316274561446455,3
3044,3421,4.1976600352367655,3
3045,29,4.8257484252247576,3
3045,426,4.337041732089402,4
3045,2391,4.537217752199415,5
3045,2764,4.0,4
3046,2188,3.0,4
3046,2428,3.319739102944464,2
3046,3908,3.0,4
3048,1291,4.087049452351438,5
3048,2174,4.019152884374159,4
3049,900,4.562606596718571,5
3050,198,4.028317181063332,4
3051,999,3.0,2
3051,1049,3.466087071937113,1
3051,1603,2.795824050289115,3
3051,1653,3.5880492966217745,4
3051,1892,3.7712661202048023,4
3051,1912,3.531062532493552,3
3051,1969,3.051490049711223,3
3051,2890,3.638658270930428,3
3051,3452,2.5064683640507655,3
3051,3555,3.795949777218175,3
3051,3911,3.64200502495165,2
3053,32,3.5300631022521087,4
3053,1259,3.4992890372013443,4
3053,1321,3.5950540590146973,3
3054,29,3.5109014470129543,4
3054,190,3.0,5
3054,337,3.7924302927037066,3
3054,581,3.0,3
3054,908,4.305263896898774,5
3054,1248,4.822027790031078,5
3054,1552,3.120726241748918,1
3054,2396,3.732150200096964,3
3054,2710,3.0624260757952655,3
3054,3543,4.425991414830262,4
3054,3788,4.755821031240242,5
3054,3793,2.979600832742662,3
3055,1240,3.733011384321226,3
3055,1285,3.863831512500289,4
3055,1373,3.430927065155308,3
3055,2549,3.0,3
3055,2985,3.597256535251002,3
3056,292,3.846167870788953,4
3056,296,4.029474449161391,4
3056,367,3.942607092893554,3
3056,648,3.878195928063304,4
3056,1210,3.9873005573956917,5
3056,1968,3.847090170830402,4
3056,3717,4.053101111580532,3
3057,1732,3.716453777172172,4
3058,593,3.9230010445660106,4
3058,745,3.0,2
3061,2949,4.0631071563532135,4
3062,1690,3.05305656594681,4
3063,19,1.0,5
3063,1517,4.212722432110269,5
3063,3879,3.0,3
3064,2987,4.5311212396092735,4
3065,62,4.071018437611127,1
3065,144,3.0,3
3065,163,3.7420784650921455,3
3065,2028,4.055894976504997,4
3065,2470,3.9736777786124926,3
3065,2700,3.7815130947655153,4
3065,2716,3.7633294453006916,4
3065,3510,4.0203007912894435,4
3065,3897,4.373925761162482,5
3066,1377,4.053115437585818,3
3066,1923,3.8929352779422066,5
3067,47,4.02319937447479,5
3067,237,3.098868104974897,3
3067,451,3.0,2
3067,474,3.9819936547629653,3
3067,610,3.7416482110027247,3
3067,1222,4.0840500206649235,5
3067,1307,3.8771383127172627,5
3067,1320,3.426098129852634,3
3067,1392,3.0,4
3067,1542,3.0,3
3067,1562,3.21196646428062,2
3067,2273,3.4393008634253426,3
3067,2320,4.00207564901345,3
3067,2724,3.681381971253929,3
3067,3044,3.767483237508704,3
3067,3499,4.097465134068185,4
3067,3925,3.0,5
3069,457,3.212431735273922,2
3069,2428,2.4820541289901326,1
3069,3869,2.71607314864273,4
3070,3462,4.212582876467212,4
3071,3273,3.0,1
3072,1016,2.4897072338356065,2
3072,1898,3.0,4
3072,2011,3.205865511488742,4
3072,2134,3.047493595415765,2
3072,2875,3.0,2
3073,1385,4.0,4
3073,1394,4.716842029882817,3
3073,3702,4.743386553564661,4
3075,260,3.817482654964462,5
3075,480,3.7977355135260145,4
3075,593,3.802126561225744,4
3075,1500,3.7435119295570782,2
3075,3317,3.326900202827196,3
3077,50,4.241714462176432,3
3077,2012,4.040022750440944,4
3077,2542,4.077258101220258,5
3079,474,4.146988866708083,3
3079,562,4.329529233542341,5
3079,593,4.208092136997821,4
3079,2575,3.0,4
3079,3618,3.0,2
3080,307,3.8300500157241406,4
3080,345,3.511744271363035,2
3080,480,4.034849364886845,3
3080,501,5.0,4
3080,514,3.8675218242463725,5
3080,971,4.736707202785532,5
3080,1584,3.924550247458622,2
3080,1777,3.644354647156486,2
3080,1966,5.0,4
3080,2005,3.782342028179109,3
3080,2067,4.729809689408821,4
3080,2150,4.314004145832251,4
3080,2700,4.3245789281119595,5
3080,2750,4.57472377991671,4
3080,3261,4.109326909421522,3
3080,3271,4.008847600864684,3
3080,3317,3.6242577233382445,4
3080,3617,3.5107830187296925,1
3080,3882,4.506484211061241,3
3081,356,4.280381697433369,5
3081,370,3.601884855508443,4
3081,382,3.8172843815859023,3
3081,1089,4.499033324035272,5
3081,1249,4.487866899245139,5
3081,2407,4.225135008449348,4
3081,2657,4.361397949432513,5
3081,2915,4.411037475330258,4
3081,3638,4.220022615461147,3
3082,89,2.9692684693154634,3
3082,147,3.0,3
3082,231,3.385595135578506,5
3082,435,3.017888140317258,1
3082,969,4.2507805866973065,3
3082,1194,3.0,4
3082,1673,4.106722426439355,4
3082,1719,4.562483773582964,4
3082,1721,3.862011521290175,3
3082,1792,3.424102464465975,3
3082,2416,3.1406592969925113,3
3082,2481,3.0,4
3082,3108,4.089834814842392,4
3082,3251,4.014959050080696,2
3082,3672,3.0,4
3082,3791,3.399301515246346,2
3082,3809,3.6457790942441295,4
3083,3801,3.0,5
3084,3129,3.0,3
3085,593,4.5037690353468935,5
3085,858,4.562298711670981,5
3085,1704,4.4847725615051095,4
3085,2571,4.484163751069293,5
3085,3148,4.798195724240565,5
3085,3793,3.989687315708918,4
3086,2890,4.410379905192286,5
3087,442,3.871109503483015,4
3087,1091,4.121862557281978,4
3087,1610,4.168733976234318,2
3087,1619,3.3339078283838957,3
3088,608,4.113397759460716,1
3089,252,3.0,4
3089,1090,4.276248816727549,4
3089,2105,4.332330287398259,5
3090,1278,3.633329724021356,4
3090,3210,4.452616533120326,5
3091,50,3.8391403908524278,4
3091,1252,3.8015007116192,4
3092,671,4.515033850391022,3
3093,1252,4.122514286878122,4
3093,1299,4.012512051695415,4
3093,1674,4.288348409394815,4
3093,2300,4.258374936208106,5
3093,2711,3.0,3
3093,3176,4.468297901720793,5
3093,3752,4.0,1
3093,3786,3.0,4
3094,1348,3.0,5
3094,2734,3.601787070870607,3
3094,2916,3.7151024728425512,2
3095,1721,4.1873487179260005,4
3095,2558,4.85876175583005,3
3095,3882,5.0,5
3095,3895,3.0,4
3096,2396,4.271833565582983,4
3096,2640,4.2046335157136685,4
3096,2643,4.26438356043016,4
3096,2986,4.256662656479813,3
3097,2412,1.0,1
3098,50,3.653076745824263,5
3098,296,3.611468234626518,4
3098,1785,3.0,2
3098,1965,3.281215678905178,2
3099,858,3.515902106149646,3
3099,2641,3.4224260034025193,3
3099,3354,4.431669155542086,2
3100,1573,4.357983975721939,3
3101,527,4.2529068955647125,4
3101,1101,4.183844014761623,4
3101,2542,4.304559085705353,5
3101,2700,4.3100211792833285,4
3101,3070,4.157590355754226,4
3102,3623,3.6188474828396355,4
3104,3452,5.0,2
3105,541,3.90910120112283,5
3105,2011,4.186489766222146,4
3105,2116,4.2981807651357,4
3105,3758,3.0,4
3106,1213,4.334123511634109,4
3107,3155,3.0,5
3108,95,3.542560910622257,3
3108,678,4.0,4
3108,786,3.5664712778704555,4
3108,1092,3.5960257286060613,4
3108,1263,4.13746765707846,4
3108,1617,3.6494737693601893,5
3108,1674,3.7914218021996597,4
3108,2126,3.642669823009118,2
3108,2322,3.164787755844865,2
3108,2414,3.7219838035828636,3
3108,3699,3.8575098719644423,4
3108,3733,4.29433197707374,4
3108,3755,3.4466016182548724,4
3108,3764,3.545148798241298,2
3110,21,3.226568558707185,4
3110,592,3.6658462419345903,3
3110,965,3.0,4
3110,1084,4.273608548912947,5
3110,1224,4.164124227866798,4
3110,2908,3.298128232545208,4
3111,34,2.1861645886126686,4
3111,317,3.585158308245592,2
3111,410,2.3321634243584146,1
3111,2598,4.469447029331634,4
3112,924,3.523331789323888,2
3112,1023,3.2068372892047057,3
3112,1086,4.050255071819198,4
3112,2422,3.431253667433221,3
3112,2716,3.3314332120041055,4
3112,3912,3.0,4
3114,597,3.3782275111171605,4
3114,3893,4.444442817606932,3
3115,1372,2.997041545823023,3
3115,2355,3.426188866122805,3
3116,1097,3.962556347561685,5
3116,3148,3.953094674804199,3
3117,1517,4.2925326056127595,3
3117,1957,3.3196425590001226,5
3117,2028,4.365365269792874,5
3118,10,3.308276960513742,3
3118,306,3.347316685101316,4
3118,357,3.766091725640595,5
3118,442,3.1695194198596455,2
3118,480,3.5046615362943556,3
3118,610,3.4606744348518506,3
3118,648,3.3937452123038607,3
3118,919,3.788303613506048,5
3118,1019,3.5213359207835535,3
3118,1037,3.1992887678023565,3
3118,1150,3.0,3
3118,1185,4.1807568974587355,3
3118,1283,4.269048431205159,3
3118,1298,3.779899526858929,2
3118,1371,3.3858530689200044,5
3118,1619,4.0,4
3118,2108,3.8007641094538607,5
3118,2762,3.5023512357558877,4
3118,3489,3.2641712591783096,2
3119,1196,3.5832984150143035,5
3119,2174,3.261479070020348,1
3119,2762,3.269023571669844,5
3121,163,3.981361806981706,5
3121,2568,3.0,3
3121,3273,3.8816131418362017,4
3121,3701,3.7096832486870874,4
3123,1373,2.7941880314701772,3
3123,1544,3.7571995862651573,5
3123,1676,3.2293191800284196,4
3123,2448,1.9722011375659134,1
3123,2840,3.455421423858893,4
3123,3354,4.1923020403024625,1
3124,529,3.746145817273551,3
3125,11,4.141562889566529,4
3125,260,3.8632542223005046,4
3125,474,3.8573622204016202,4
3125,1080,3.8819487732427285,3
3125,1711,3.949020225433351,2
3125,1962,3.9853334599376775,4
3125,2321,4.04612582535137,5
3125,2336,4.287155468113508,5
3125,2692,3.9313843224592064,4
3125,2803,3.902767767776,4
3125,3827,2.4853464255736113,4
3126,733,3.8960727967785234,4
3127,36,4.557995250646804,5
3127,923,4.430768318224015,5
3127,1183,4.484687937622706,4
3128,47,3.6543322598840393,4
3128,1270,3.718485748931351,3
3128,1805,3.6495384384225718,2
3128,1963,4.707161054087976,4
3128,3174,3.5728470502623395,2
3128,3871,3.0,3
3129,296,3.7701091680588057,5
3129,415,3.0,2
3129,466,3.336170518612311,3
3129,719,3.022392610830508,5
3129,1101,3.535471776209421,1
3129,2023,3.9924429072841705,3
3129,2081,3.451507210264625,3
3129,2396,3.630437464619089,4
3129,2485,5.0,1
3129,2976,2.483106009984319,2
3129,3060,3.795088665777879,4
3129,3071,3.93924076233515,2
3129,3173,3.5094237279868215,3
3129,3418,3.7446694548540904,3
3129,3791,2.889939683730232,2
3130,3785,3.364998936596283,3
3131,1221,3.4573142822725114,5
3131,2333,1.99270199541259,2
3134,1722,3.5529884782759518,4
3134,2115,3.6495645441693187,4
3134,2694,3.2410442534506,2
3135,589,4.169049787219713,5
3135,2074,3.0,2
3135,2542,4.111770912484095,5
3136,3548,3.0,4
3137,2333,4.156714746965686,5
3138,419,3.0,2
3138,420,3.5016624803392085,3
3138,565,3.0,3
3138,858,3.9485940276078075,3
3138,924,3.892854815194375,4
3138,1031,3.32063590116538,3
3138,2469,4.050700873838308,3
3138,2762,3.8234770534283857,5
3138,3034,3.3675843830767804,3
3138,3868,4.090574714772632,3
3138,3869,3.4718208410011666,3
3139,1251,4.0,3
3139,2852,3.0,4
3140,574,3.0,2
3140,938,4.157618843635435,4
3140,1029,4.196013409702201,3
3140,1200,4.096627630095155,4
3140,1587,4.167995211135584,3
3140,1654,3.0,5
3140,2320,3.0,4
3140,2333,4.112913306220169,3
3141,480,4.14767341574625,5
3142,1222,4.294371434607626,5
3143,211,3.0,4
3143,593,3.4708832617928485,2
3143,1213,3.4941996168259517,4
3143,1225,3.5302277235922492,3
3143,1758,3.0,3
3143,2692,3.4286864985646015,4
3143,3408,3.4099155890368107,3
3145,529,3.3228267180566866,2
3145,2081,3.463442761856926,2
3145,2174,3.6381317435626563,3
3145,2351,3.0,5
3146,3189,3.0,4
3147,590,3.82843431230781,4
3147,608,3.825424971677139,3
3147,1909,3.6983019284511145,4
3147,2028,3.8010727230819943,4
3147,3386,3.8888785621414677,3
3148,318,3.988244308126786,4
3148,919,4.088327493579852,4
3148,2289,3.951581232132838,3
3150,1021,3.0,4
3151,1343,4.488751545952828,2
3151,1358,4.03739676056289,3
3151,1544,4.601215829098513,3
3151,2916,4.3465425367367425,5
3151,2967,3.0,3
3152,2174,3.3794290870622015,2
3154,329,3.4014244798485853,5
3154,2581,3.530234635541769,3
3154,3623,3.6789260880284185,3
3156,329,3.273461989620717,3
3156,3717,3.0,2
3157,1374,3.325035909415765,5
3157,2034,3.7073597144166706,3
3157,2321,3.53245366569504,3
3158,1190,3.0,4
3158,1209,3.0,4
3158,2431,3.195560098565135,4
3159,266,4.500554261253928,4
3159,1409,3.0,1
3159,1535,3.0,5
3159,1732,4.26124639454503,5
3159,2020,4.271212209154683,5
3159,2111,3.918790177660804,4
3159,2710,3.9909408752815616,3
3159,3039,4.130795667864085,4
3159,3189,3.0,4
3161,593,4.3478075968607905,3
3161,1302,4.361392236306944,5
3161,1304,4.354377872932735,3
3161,2791,4.0581507348263735,4
3161,3266,3.0,5
3162,1950,2.0,3
3162,2490,2.71416888172775,3
3163,111,4.588725325287772,5
3163,141,4.040737623911432,4
3163,440,4.1032174246935,4
3163,466,3.725261562642563,3
3163,467,3.0,2
3163,585,3.785303658123152,4
3163,741,4.390831000986368,4
3163,920,4.5321130117728865,4
3163,1028,4.172241904318052,4
3163,1089,4.3943885010909,5
3163,1210,4.144995052904413,5
3163,1282,4.235673951126268,4
3163,1342,3.2784063090392985,3
3163,1380,4.046148993187988,5
3163,1611,4.572590708084197,5
3163,1617,4.26550062238696,5
3163,2116,3.9256400886214133,4
3163,2714,3.0,4
3163,3062,4.4606993108221245,4
3163,3100,4.43731456816535,4
3163,3253,4.126582333511119,4
3163,3710,3.5115156761862205,3
3164,3397,3.0,5
3165,2628,2.9629243938491228,3
3166,50,3.953710592457447,5
3167,1240,4.131653365191503,5
3167,1298,4.560183199813166,5
3167,2378,3.287291955198182,3
3167,3039,4.0577750477154595,3
3167,3702,4.095871589776802,5
3169,1019,4.515084802681807,4
3169,1198,4.01360021136713,5
3169,2288,4.05544131404276,5
3169,2456,4.091693690542474,1
3171,943,5.0,4
3171,1248,4.2883556673488945,5
3171,3060,3.54728217112552,4
3172,293,3.8023640973452397,4
3172,1617,3.25280957631114,5
3172,2571,3.6659177307957656,5
3172,2916,3.6342841800205914,3
3173,555,4.645812584742544,5
3173,1301,4.283751464250273,5
3173,3267,4.775927408919375,5
3174,3114,3.804765581242177,5
3174,3436,3.0,4
3174,3481,3.863841039874698,2
3174,3755,3.994984011366825,3
3175,1280,3.0,4
3175,2294,4.504723768210159,4
3175,3851,3.0,4
3176,3185,3.0,4
3177,110,4.219907030470075,4
3178,2716,2.7218170128950665,4
3178,3032,2.409855809410196,2
3178,3142,3.0,2
3178,3702,2.8225464853706264,3
3179,3752,2.4914379687324133,2
3179,3754,3.0,1
3180,216,2.2673240118543836,1
3180,491,3.132330710713766,2
3180,673,2.4706390687333206,1
3180,915,2.4621038871457666,2
3180,1059,2.9997134339073166,3
3180,1136,3.654146008942284,4
3180,2381,2.133510338492118,1
3180,2502,3.1700764939791464,3
3180,2734,3.0,4
3180,2908,3.4243294896148813,4
3180,3160,3.0820819279390865,5
3180,3846,3.0,4
3180,3868,3.274914106416383,3
3181,3095,4.782258791633022,5
3181,3435,4.80275927395294,5
3181,3468,4.795248421613043,5
3182,11,3.2123305792757,4
3182,367,3.2974216083987837,2
3182,441,3.794313911988388,5
3182,880,2.898842134140824,4
3182,1135,3.1748195497276415,3
3182,1371,3.2544339778780835,2
3182,1645,3.358569950747768,3
3182,1663,3.3619267260066494,4
3182,1985,2.490167397147939,1
3182,2366,3.0108164120286274,3
3182,2580,3.727481476449924,4
3182,2662,3.399177425402405,4
3182,2700,3.652660702718484,2
3182,2701,3.066341071914375,2
3182,2816,3.4762466461511194,1
3182,3386,3.697221786111599,3
3182,3387,2.6467840729597416,3
3182,3391,2.4816053027891547,1
3182,3608,3.428584399030905,4
3182,3623,3.220208668867137,3
3182,3744,4.0,3
3182,3869,3.42736863798796,3
3183,368,3.368657441339,3
3183,1127,2.9686506287393373,3
3183,2948,2.893938285497442,3
3183,3671,3.4650868111559263,4
3184,2124,3.444029284927893,1
3184,2336,4.013638006198335,4
3184,3272,4.0,2
3185,457,4.100839801721195,5
3185,2355,4.046051837935259,3
3186,1069,3.93766288432103,5
3186,3629,5.0,4
3186,3789,3.0,3
3189,552,3.458811450435075,4
3189,830,2.9121068637856764,3
3189,1356,3.3643326575682533,3
3189,1388,2.978798125595214,3
3189,1416,3.0,3
3189,1438,3.1135348220986234,3
3189,1831,3.4061465449725037,3
3189,2490,3.645741387457299,4
3189,2558,3.799057190816793,4
3189,3079,3.0,2
3189,3247,3.336307009315582,3
3189,3555,4.2060083028178425,4
3190,457,3.8275576819034636,4
3190,2028,3.793225244509632,5
3190,2683,4.027065223603892,5
3191,315,2.455672917339101,3
3191,1193,4.225694014948263,4
3191,1222,3.791941321030888,3
3191,1895,3.021392656399437,3
3191,2334,3.4406645772665985,4
3191,2385,3.0,2
3191,2411,3.2866505764126233,2
3191,2505,2.323955606861238,2
3191,2699,3.6596490792721985,4
3191,2884,3.0,3
3191,3273,2.9643124311392266,3
3191,3623,3.883332634896275,3
3192,1089,4.4763438424460995,4
3192,1091,4.312353876986317,5
3192,1584,4.491644070993542,3
3192,2011,4.468453020684963,5
3192,2355,4.48345818844722,4
3192,2761,4.696711990303344,5
3193,880,2.324046307731045,2
3193,1093,4.310629296588535,3
3194,2188,3.0,4
3195,25,4.0693666487674705,4
3195,223,3.8015548024266494,5
3195,527,4.000241097621464,4
3195,1206,3.9611828717181883,5
3195,1266,3.983064613130993,4
3195,2109,3.6714966399575713,4
3195,3505,3.8673621969058565,4
3196,881,4.0,3
3196,1259,3.551114686238254,4
3196,1328,3.0,3
3196,2145,3.4672946494908916,5
3196,2193,3.5772600728836648,4
3196,3114,3.5001614921141813,4
3196,3264,3.4601819790120487,3
3196,3409,4.0,2
3197,1888,1.3493419935055084,2
3197,1947,3.6331397191817896,5
3197,3683,4.820545075828634,5
3197,3729,3.0,5
3198,1080,4.583736047041006,5
3200,247,4.327670862767918,5
3200,800,3.7056770384078246,5
3200,1243,3.0,5
3200,2108,3.9185475352815184,3
3200,2501,3.8082535762314387,3
3200,3625,3.0,3
3200,3911,4.321247263851458,4
3201,12,3.0,3
3201,16,4.4388390578656,4
3201,36,4.71572523390473,4
3201,110,4.511725658278688,5
3201,435,3.886745228166822,3
3201,971,4.915041403196474,5
3201,1222,4.524891183526747,5
3201,1252,4.912807320972038,5
3201,1263,4.851647479563395,5
3201,1939,5.0,5
3201,1952,4.900944744014006,5
3201,2012,4.269359436261433,4
3201,2124,3.8785313258024114,4
3201,2240,4.124604581699522,4
3201,2730,5.0,5
3201,2948,4.158161849732401,4
3201,3153,3.801688615101273,4
3201,3396,4.725045485765601,4
3201,3628,4.0,4
3201,3741,4.761353205533487,5
3201,3846,3.0,3
3202,17,3.370535778370914,4
3202,480,3.659132144977464,4
3202,589,3.6638301031633462,5
3202,736,3.6459508861616703,1
3202,1240,3.6262320519866185,3
3202,2012,3.6402952154545116,3
3202,2355,3.6751141184821963,4
3202,2424,3.4868128374882996,4
3202,2953,2.871826054471184,4
3203,289,3.0,4
3203,923,4.706255792168485,5
3203,2240,4.233483664056221,4
3203,3481,4.615348891353878,5
3203,3841,2.0,3
3204,318,4.365590886626385,5
3204,1220,4.327931032682314,5
3205,161,3.7591747127952537,4
3205,1370,3.6547309548073184,3
3205,2628,3.498475579166473,3
3205,2883,3.0,3
3206,318,3.8107002976499946,4
3206,529,4.023430477946437,3
3206,1639,4.439900585856559,4
3206,2683,4.220510181177726,3
3207,39,4.242591188152605,4
3207,2367,4.5875408931767785,3
3208,165,2.942001044900487,5
3208,441,3.7710854799849876,5
3208,1283,3.8768027737914834,4
3208,1343,3.579683368225475,4
3208,1374,3.2123704569679843,5
3208,1552,3.511689405931622,3
3208,1584,3.568845827499083,3
3208,2004,2.8232683040733813,1
3208,2021,3.560835539774619,3
3208,2028,3.7202667515110996,5
3208,2411,2.8930067040200775,4
3208,2598,3.443028122429442,4
3208,2871,3.9131138551111957,4
3208,3189,3.0,4
3208,3256,3.19772275218687,3
3208,3347,3.0,3
3209,111,3.1496260474710733,3
3209,208,2.347134074907285,1
3209,316,2.433749229476814,3
3209,611,2.0,1
3209,1049,2.585096831637681,2
3209,1573,2.5639785356825504,5
3209,2540,3.0,1
3209,3256,2.3207506076387574,2
3209,3623,3.201493146293822,2
3210,34,4.501621588472054,4
3210,1673,4.511175814205493,5
3210,2439,5.0,5
3210,3081,4.343968391270668,5
3210,3219,4.758588098172691,4
3211,318,4.376425794760355,4
3211,1193,4.4459996511348745,4
3211,2324,4.350133649508118,4
3211,3827,3.0,2
3213,337,3.6430238626860363,4
3213,3259,3.5057542603298493,4
3214,952,3.0,4
3214,1208,4.509482013730856,5
3214,1251,3.0,5
3214,3083,3.0,3
3216,1272,3.5840510928200713,4
3216,1286,3.0,2
3216,1372,2.82998882333391,2
3216,1923,3.462183262351173,3
3216,2697,3.0,4
3217,16,3.838117356570986,5
3217,48,4.093665150592176,4
3217,58,4.210530744615118,4
3217,364,3.7596520230498776,4
3217,901,4.128192006503154,5
3217,1029,3.894496303378742,4
3217,1186,3.8811773481650507,3
3217,2137,3.8612156394911645,2
3217,2919,4.231949165284701,4
3218,3516,3.0,4
3219,2959,3.6467114077677394,3
3219,3566,3.0,3
3220,969,3.878990869075903,4
3220,1294,3.9047011436619807,3
3220,2819,3.737344912879104,4
3221,380,4.274425669079477,4
3221,457,4.343996881455626,5
3222,1249,3.367156189975332,4
3222,2628,3.0,5
3223,3203,4.0,4
3224,92,2.0,3
3224,293,4.005467135860879,4
3224,438,3.0,3
3224,446,4.480116886286289,3
3224,457,3.9306724678462857,4
3224,463,3.0,3
3224,562,4.232733298569758,4
3224,910,4.402964691045865,5
3224,1211,4.396938833926296,5
3224,1331,3.0,3
3224,1550,3.0,1
3224,1663,3.807613201180803,4
3224,1833,2.816446434399192,4
3224,1997,3.812254683331016,5
3224,2028,4.011904322328747,3
3224,2174,3.85112781232441,4
3224,2193,3.7195661331784153,3
3224,2313,4.1771138001521875,4
3224,2753,4.0,4
3224,2919,4.245479224426711,5
3224,2929,4.117514832753588,4
3224,2985,3.851779858304959,3
3224,3186,3.0,3
3224,3247,3.6762773322903515,4
3224,3253,3.913476712524395,4
3224,3528,4.0915395076727705,3
3224,3538,3.0,4
3224,3546,4.0,4
3224,3702,3.9303254457478976,5
3226,1203,3.0,5
3226,2788,4.658560596615851,4
3226,3654,4.373467944303514,4
3227,150,3.92740428589211,5
3227,333,2.88702419430166,2
3227,337,4.29294849417096,3
3227,648,3.629192512431377,4
3227,837,3.0,3
3227,1275,3.621522534805599,4
3227,1302,3.960372669135296,4
3227,1923,3.7698491725729792,5
3227,2385,3.0,2
3227,3334,4.901354447155535,5
3227,3358,3.8863850695326994,5
3228,1196,4.179697844926731,5
3228,1333,4.348183331644002,5
3229,438,3.0,1
3229,1094,3.936257017257068,5
3229,1215,3.110246447540865,1
3229,2159,1.0,1
3229,3418,3.7562486030205373,5
3230,6,4.409445735144463,4
3230,32,4.328742116575677,5
3230,329,4.087896758431496,3
3230,780,4.249643531799432,5
3230,861,5.0,4
3230,1374,4.211132666933678,5
3230,2322,4.362846250674762,5
3230,2617,4.095183616050255,4
3231,858,4.196021510551762,5
3231,920,4.285245648463021,4
3231,1997,4.246089289324387,5
3231,2115,4.12611783177585,5
3233,1171,4.0,3
3233,3178,3.0,4
3233,3952,3.0,4
3235,3176,4.036306586166929,4
3237,722,3.0,4
3237,3328,3.0,5
3237,3510,3.9497919859522077,1
3237,3812,4.6265665460471315,4
3238,527,4.511503479476899,5
3239,3476,3.4694264684163656,4
3240,16,3.795256039290194,4
3240,2843,3.0,3
3240,3175,3.1668665982250346,3
3241,1270,3.7388026334063085,4
3241,3186,3.0,4
3242,110,3.8581060706099053,5
3242,292,3.6662019578753826,3
3242,552,3.7627281072870153,4
3242,1270,3.931841474164766,5
3242,1597,3.745738698538918,5
3242,2406,3.865405849953748,4
3243,172,3.6478929753281637,4
3243,1090,4.199546347418078,4
3243,1214,4.1386663490966855,5
3243,1833,4.0,3
3243,2918,4.239907618352452,4
3243,3513,3.0,4
3243,3646,3.0,3
3244,3755,4.0,4
3245,3354,2.60134844707877,3
3245,3616,3.0,1
3245,3825,3.0,4
3246,4,3.0,3
3246,1442,3.0,2
3246,1810,4.773606164877557,4
3246,3060,3.603062423155157,3
3247,2406,3.843358107366685,4
3248,957,3.0,3
3248,1269,4.028256079880186,4
3249,1302,4.353956296170781,3
3250,590,3.562555163334445,2
3250,3826,3.469000809845476,1
3251,1125,4.066001541314483,5
3252,2628,3.1890131614063026,4
3252,2858,3.254140681121643,4
3253,1217,4.0,4
3253,2300,4.1536717408462875,4
3253,2329,3.6139324691849137,4
3253,2439,3.0,3
3253,3418,3.710753251574738,5
3257,555,4.233033408418094,5
3258,912,4.335708431650708,5
3259,112,4.2625831835973225,5
3259,1407,4.126545155496869,3
3259,1590,3.4872115850477763,3
3259,2028,4.207277220074584,5
3259,2633,3.0,4
3259,2723,4.160331547159025,4
3259,3035,4.4694594115226725,4
3260,364,4.226425224078011,2
3260,1200,4.150568861058607,5
3260,1207,4.1200399745566205,5
3260,1955,3.8949239751391715,3
3260,2951,4.347966985948866,4
3261,97,3.0,4
3261,225,4.0,3
3261,527,3.9916653179818016,4
3261,1044,3.0,3
3261,1089,4.052501506795907,5
3261,1407,3.8571147673149304,3
3261,1669,3.0,4
3261,1848,3.0,3
3261,2116,3.3718371874396493,3
3261,2390,4.0,4
3261,2429,3.0,1
3261,2442,3.0,3
3262,1923,3.758127833353464,5
3263,21,3.8504410144631955,4
3263,1204,4.025769423717994,4
3263,1356,3.715567204937732,5
3263,1925,3.0,4
3263,2000,3.98714518061958,4
3263,3441,3.996769816360554,4
3263,3519,4.604735711585134,4
3265,16,3.364790853220299,5
3265,32,3.24708630756526,3
3265,380,3.1254569299302135,4
3265,1243,3.0,3
3265,1358,3.5869307766874057,4
3265,1375,3.1139369887348427,2
3265,1841,3.0,1
3265,1909,2.9301801081175474,3
3265,2034,2.7640502343690625,2
3265,2194,3.1278407096884613,5
3265,2916,3.1702099981902507,4
3266,2976,4.662250845217765,5
3267,3114,4.0834810174776885,4
3268,1089,4.01516397107591,4
3269,1500,4.085323254708732,5
3269,2336,4.024241801522772,4
3269,2918,3.9708649677997103,5
3269,3108,4.174927749892611,2
3270,1188,4.018718140055228,2
3271,1127,4.073256261934832,4
3271,1278,3.9850607757362373,4
3271,1373,3.695335137588876,3
3271,1961,4.138315367171305,5
3271,2193,3.7971179747686183,4
3271,2517,3.449772468345179,3
3271,3250,3.0,4
3271,3251,4.460602811193314,3
3271,3363,4.035949622055269,4
3271,3552,3.9308862883389506,3
3272,259,3.0,3
3272,315,4.0,4
3272,805,4.028706877168086,4
3272,1073,3.972737903100432,4
3272,1079,3.775516495336669,3
3272,1219,3.9792259263052263,4
3272,1226,4.0,5
3272,1298,3.856327698583203,3
3272,2001,3.7998438717238834,4
3272,2151,3.0,2
3272,2403,3.950909128198628,4
3272,2419,3.0,4
3272,2617,3.9017240549538847,4
3272,2826,4.031628524973993,4
3272,2916,3.9591573164700056,3
3272,2989,3.9986427392804003,4
3272,3101,3.9986240665179764,4
3272,3147,3.9022197426211167,4
3272,3468,3.876566100092884,4
3272,3487,4.0,4
3274,32,3.4858350244856458,4
3274,172,3.1136878272092394,2
3274,1129,3.33033519005101,3
3274,1270,3.4719966070160218,4
3274,2094,3.120910818308229,3
3274,2327,3.0,2
3274,2455,3.3757691101558134,3
3274,2641,3.289025220429974,4
3274,3396,3.561643314508355,5
3274,3438,3.3069140285642318,3
3274,3510,3.491774242054041,3
3274,3697,3.331249863637971,2
3275,2874,3.0,3
3277,529,4.35562685267057,5
3277,778,4.494194659911538,5
3277,1173,3.0,2
3277,2908,4.431281930336958,5
3277,3101,4.227358235449916,3
3278,908,3.7184731527456587,5
3278,1202,3.0,1
3278,1256,3.6896328890075654,5
3279,589,2.9342248626457335,3
3279,590,3.031151210987785,3
3279,1213,3.0050990582936237,3
3280,435,2.593206655327129,1
3280,593,3.306228304614171,5
3280,1257,3.724563424231415,4
3280,1356,2.8564846212462824,1
3280,1381,2.160769388941378,1
3280,1393,3.0249127471067334,3
3280,1552,2.815317665229936,3
3280,1704,3.198237398469556,4
3280,2023,3.278132000406897,3
3280,2407,3.012065587055868,1
3280,3450,2.8565509958890702,1
3280,3702,3.3514036119638475,4
3281,1968,4.1984910848231225,5
3281,2126,4.022690718151613,3
3281,3267,4.2983055642175145,4
3283,426,2.611442485655775,3
3283,810,3.0,1
3283,1007,3.0,2
3283,1129,3.713840412753061,4
3283,1304,4.27524060071542,5
3283,2253,3.647956970496775,4
3283,2531,3.2594367056784943,2
3283,2788,4.487251760710534,4
3283,3543,4.652087143311654,4
3283,3793,4.09047591587953,4
3284,50,4.600724019181055,5
3284,3418,4.640543584936727,3
3285,152,3.0,3
3285,175,4.0,3
3285,260,3.979354988010325,5
3285,330,2.0,2
3285,438,1.0,3
3285,480,3.811751753376333,3
3285,555,4.0315309706538915,5
3285,804,4.0,3
3285,1213,4.161268791301373,5
3285,1523,3.0,4
3285,1616,3.0356345846607202,3
3285,1754,3.1805833319455608,2
3285,2003,3.5982328805049586,3
3285,2124,3.649498390891468,3
3285,2581,3.6183611558576385,2
3285,2702,3.780774767651694,3
3285,2735,3.4067702393250707,3
3285,2804,3.941898356693943,4
3285,3258,3.146512331924233,2
3285,3557,3.0318129791129107,2
3286,1088,4.35277685034466,5
3286,1193,4.356798928462854,4
3287,3289,3.0,5
3288,2804,3.4842978051812272,4
3289,1196,4.3897642308668186,5
3289,3814,3.0,4
3290,2700,3.8276731590198594,1
3290,3186,2.9354328077748066,2
3290,3408,3.321296928094289,1
3290,3841,2.97545642945172,2
3291,2455,3.98937293399163,1
3292,350,3.6834025028220094,5
3292,417,3.0,5
3292,903,4.530045538780125,4
3292,967,4.0,4
3292,968,4.187307363736048,4
3292,978,5.0,5
3292,1042,4.172535487650268,4
3292,1186,4.283791625601552,4
3292,1278,4.349768931282653,5
3292,1569,4.0545041618605095,4
3292,1727,3.0,3
3292,1944,4.539938565469854,5
3292,2065,4.333838492404697,4
3292,2098,3.0353885975681516,3
3292,2352,4.371340543800901,5
3292,2398,4.328255554778386,4
3292,2421,3.8340992446099227,5
3292,2435,3.0,5
3292,2949,4.267164857623872,5
3292,2967,2.538037774215686,3
3292,3020,3.9186341739692794,5
3292,3214,3.0,5
3292,3365,4.320201395434301,5
3292,3396,4.283386009068556,4
3292,3405,3.0,3
3292,3590,3.0,4
3294,998,3.0,2
3294,1617,3.9321588097635467,5
3294,3360,4.7206493385126596,5
3295,2699,3.667351270990995,2
3295,2702,3.760939036093079,3
3295,3147,3.8883499697072805,5
3296,2710,4.651350559976128,4
3297,551,3.7636518662832508,2
3297,2700,3.447898747786661,1
3297,2805,3.5174681524119142,2
3297,3452,3.519405092152296,3
3299,337,4.366380468616466,4
3299,475,4.301862464417597,5
3299,1060,4.174504029336638,5
3299,1077,4.134929527455067,5
3299,1175,4.3815615753876145,4
3299,1278,4.141547342095457,4
3299,1358,4.258970534682288,5
3299,1840,3.0,5
3299,2333,4.773786578124726,4
3299,2716,4.119643538991119,4
3299,3007,3.0,5
3299,3039,4.046317076604979,4
3299,3175,4.048252915247661,4
3300,316,3.7207039611626884,3
3300,948,5.0,5
3300,1150,3.0,4
3300,1527,3.760660075554388,3
3300,2736,4.033153084072275,3
3300,2822,2.753824015886095,2
3300,3090,3.0,5
3300,3200,4.0559546226538545,4
3301,1073,3.7616331747345058,4
3301,1252,4.2701460575155945,4
3301,1344,5.0,4
3301,1407,3.576816884471537,4
3301,2757,5.0,5
3301,2877,3.0,3
3301,2972,3.0,5
3301,3148,3.3921208308466135,2
3301,3239,3.0,1
3302,2447,3.0,5
3305,3006,4.58708963195406,5
3308,26,3.0,5
3308,196,3.4856095804319556,5
3308,339,3.687298677470236,3
3308,736,3.4523484940339637,3
3308,762,2.797648296432478,3
3308,788,3.3924897894733377,3
3308,1125,4.146815596528212,1
3308,1188,4.63874542722141,5
3308,1422,2.708191151483331,1
3308,1479,3.39302490006463,5
3308,1544,3.5207032758668673,4
3308,1552,3.4389345878772817,3
3308,2036,2.4991207214034437,1
3308,2248,3.8645327972531676,5
3308,2375,3.2011522368246856,2
3308,2376,3.0689154048237546,1
3308,2377,3.694755128062288,2
3308,2406,3.58759398763996,4
3308,2613,3.433977061912606,1
3308,2672,4.328552827879026,4
3308,3527,3.528347345859266,3
3308,3688,3.2086062294816267,1
3308,3698,3.4959631318663993,4
3308,3740,3.6007373993363556,4
3309,551,3.724858103029379,4
3309,1573,3.6826741575240005,1
3309,2174,3.8027773507645204,3
3309,3471,3.704732084229311,3
3309,3526,3.7577239759583874,3
3309,3701,3.9388528679128347,3
3310,608,4.48008130560722,5
3310,1230,4.475177658151237,5
3310,1357,4.4506504227465005,4
3311,175,3.661384467527117,2
3311,292,3.242116609856812,2
3311,805,3.009750646494838,4
3311,1335,3.0,1
3311,1407,3.3008691680823703,4
3311,1665,3.184894852093719,2
3311,1981,1.421952936033458,1
3311,2140,3.389527974717927,4
3311,2232,2.9832675438143337,3
3311,2369,3.397363995762364,1
3311,2382,2.362309889071314,1
3311,2700,3.574443603802568,4
3311,3041,1.779223023603441,1
3311,3072,3.4880022695332844,2
3311,3086,3.0,3
3311,3552,3.3722372503652243,4
3311,3669,3.0,3
3311,3700,4.0,2
3311,3740,3.1135519369028417,4
3311,3809,3.3886629977653855,2
3312,50,3.2685618665708067,5
3312,1093,3.6316602475753155,2
3312,1094,3.329654070512218,3
3312,1257,3.600802971799532,5
3312,1291,3.192182265579266,4
3312,1333,3.19977463319964,3
3312,1644,2.8564057086570127,2
3312,1681,2.5856532869506026,2
3312,1805,3.2873309197707123,3
3312,1927,5.0,4
3312,2003,3.157941667499524,4
3312,2125,3.4215262120018655,3
3312,2302,3.260107387712337,1
3312,2329,3.24008319747832,4
3312,2468,3.1615300181471766,5
3312,2490,3.1118309789545138,3
3312,2694,3.1274172460303875,3
3312,3478,3.459357974306379,2
3312,3483,3.0,1
3312,3702,3.105086242975653,1
3313,112,3.540515759387095,4
3313,608,3.873305252042918,4
3313,924,3.8876812945625545,4
3313,1215,3.6962541160791007,4
3313,1231,3.8143698257361143,3
3313,1387,3.870197103586341,4
3313,1393,3.84462861761048,3
3313,1545,3.0,4
3313,1573,3.7949301024910356,3
3313,2391,3.995039136204057,4
3313,2530,3.766201588771509,4
3313,2922,4.012752371288801,4
3313,3244,3.8990625726138406,4
3313,3396,3.9819953728432296,4
3313,3805,3.0,2
3313,3948,4.243641462628504,4
3314,785,3.973688560357848,3
3314,2406,4.152431127837795,4
3314,2756,3.0,4
3314,3029,3.497629458450962,4
3314,3197,3.97238746187536,4
3314,3300,3.0,4
3314,3608,4.148688323239504,3
3315,356,4.180043491680064,4
3315,1265,4.179737854906805,4
3315,2625,3.0,2
3315,3002,3.0,1
3317,356,4.326667830930616,4
3317,1127,4.166789858912788,4
3317,1212,4.999999999999999,5
3317,3147,4.105943757690449,5
3318,1250,4.704630191691927,4
3318,2917,4.769060504232546,4
3318,3730,4.553379550752595,4
3319,1955,3.4534365161709424,3
3319,2245,3.3406743744149328,3
3319,3872,3.0,5
3320,10,3.6468902355798876,4
3320,597,3.673868314091739,2
3320,1247,3.984006592833676,4
3320,1431,1.0,4
3320,1438,2.517351177752765,3
3320,1476,3.7062195781941516,1
3320,1977,1.0737697067552043,1
3320,1986,1.0,1
3320,2028,3.8690055291373975,5
3320,2089,3.4119564566304263,3
3320,2372,2.9999118416645776,3
3320,2379,2.6858936501393593,1
3320,2735,2.993931548001009,4
3320,2872,3.7624438006147014,3
3320,2918,3.2414085890995157,5
3320,3489,3.7103366169427496,5
3320,3526,3.7235510033414663,4
3320,3578,3.9014782038500146,5
3321,318,4.221549946585378,5
3321,2520,3.0,2
3321,2797,3.83139155778477,5
3321,2866,3.0,5
3321,2988,4.0,5
3321,3098,4.151303296943194,5
3321,3506,5.0,4
3322,6,4.5192743346509845,5
3322,39,3.171220717432137,4
3325,2442,3.0,3
3326,2033,3.0,3
3327,1061,4.12562728036849,4
3327,1653,3.766827985010165,4
3327,2006,3.635636892230646,4
3327,2707,3.9853355560564125,3
3328,380,3.5595763490445944,4
3328,1177,3.0,2
3328,1409,3.738634044462635,3
3328,1461,1.0,4
3328,1503,3.0,3
3328,1837,3.0,1
3328,2875,3.502273660119187,3
3328,3792,3.0,5
3329,700,3.0,1
3329,921,3.8634216202644662,3
3331,1645,3.752708911938752,3
3331,2395,3.989175503097077,4
3331,2762,3.287999981409366,5
3332,1196,3.7955731175327547,5
3332,2719,2.9309632881166983,2
3332,2762,3.335352584722318,5
3333,223,4.0521027382559005,5
3333,1220,4.240158290237637,4
3333,2162,1.0,1
3333,3535,4.737949664863074,5
3334,7,4.4070088893279875,4
3334,1393,4.145476827082278,5
3334,2844,3.0,3
3335,3039,4.091181762291228,5
3336,50,3.412132236217167,4
3336,57,3.0,3
3336,438,3.0,2
3336,508,3.280497725707756,3
3336,1055,1.0,2
3336,1275,2.9104385530466934,4
3336,1283,4.13681000333157,4
3336,1422,2.7339772799257576,2
3336,1722,3.0268439845686284,3
3336,1876,2.946121395714699,4
3336,2000,3.113707449153347,3
3336,2023,3.298718651362433,3
3336,2028,3.3084691947038944,5
3336,2194,3.0276452772728297,4
3336,2241,2.7592976925310246,2
3336,2269,2.601746557751147,2
3336,2289,3.6598047852528914,4
3336,2372,2.778896841514242,2
3336,2402,2.428695665951038,2
3336,2541,2.882849186009964,2
3336,2700,3.4047130021296694,5
3336,2797,3.1022534603475345,4
3336,3071,3.2626047293536646,3
3336,3112,3.0,2
3336,3196,4.0535057238638545,4
3336,3251,3.683404386210419,2
3337,608,4.191816241323886,5
3337,3081,3.4798991917681454,4
3338,1968,4.008799443381665,4
3338,3255,4.021064670275732,3
3339,2968,4.495371228679412,2
3340,1704,4.247597795992095,5
3340,1799,3.0,4
3340,2396,4.141374506477866,5
3340,2959,4.07747488648046,4
3341,194,3.0,1
3341,589,4.2101572253591675,5
3341,2159,4.0,5
3344,1125,3.0,4
3344,1221,4.560998885186774,5
3345,2478,3.7490557943013565,4
3346,898,3.707294885026573,3
3346,1957,3.8830664584277668,4
3346,3435,3.9128264975092115,4
3347,1404,3.0,4
3347,3185,3.0,5
3349,47,3.8067522282174937,5
3349,165,3.7763795601174195,3
3349,317,4.011725101296933,1
3349,552,4.02365807914406,3
3349,1356,4.006247364349522,3
3349,1610,3.925590402577093,3
3349,2628,3.9658071038889804,5
3349,3273,1.9778838690518936,2
3351,2706,4.027531986302978,4
3351,2722,3.979127172690208,4
3352,1971,4.017507415292827,3
3352,2668,3.629255732964975,2
3352,3351,3.0,5
3353,1,4.291519786603789,5
3353,208,3.912156867457586,4
3353,349,4.16723677999446,4
3353,1276,4.616577217476259,5
3353,2002,3.9937786056063866,4
3353,2968,3.870834772404019,3
3353,2985,3.676417508549733,4
3353,3175,3.937298134309959,4
3353,3836,4.662513759114081,5
3355,1249,4.148971638834262,4
3356,900,4.896792464318211,5
3356,1909,4.39069150706752,4
3356,2097,3.8418392635786507,3
3356,2858,4.464294670619429,5
3357,2028,4.178152956017718,4
3357,2762,3.917411780843837,5
3358,318,4.035593833217048,5
3358,377,3.903111538942998,4
3358,1835,4.10593890128885,4
3358,2001,3.930633334133183,3
3358,3684,3.2243959628871766,3
3358,3744,4.524343629430085,4
3359,1188,3.762150159499098,2
3359,1732,3.6418462484989846,3
3361,356,4.0642085830740795,5
3361,920,4.226299146982475,3
3361,1214,3.7682653055230704,4
3361,1298,4.441115970077298,4
3361,2816,2.4762466461511194,2
3361,3699,3.958962134139923,3
3362,3261,3.0,3
3363,1042,3.493023671894452,4
3363,1197,3.566377425035229,5
3363,2011,3.5649052774206784,3
3363,2145,3.7135827146314733,4
3363,2431,3.284891865279358,4
3363,2468,3.6727982795826217,4
3363,3060,3.9727858128255757,3
3363,3528,3.6440152894863145,5
3363,3623,3.505557484709217,2
3364,1280,4.0,4
3365,24,4.1792353300591785,5
3365,339,4.416710117840218,5
3365,1200,4.392670329534171,5
3365,1235,4.649356545687004,5
3365,1663,4.452961885945684,5
3365,1968,4.383180630823045,4
3365,2105,4.27654784543458,5
3365,2134,4.188102430825606,4
3365,2629,3.0,5
3366,356,3.9615410106104596,5
3366,2737,3.0,3
3366,3703,3.719546954069496,4
3367,350,4.743691653879468,4
3367,912,4.4939151150896075,5
3367,1014,4.0,4
3367,1041,4.657361413199794,4
3367,1079,4.2467634089040756,4
3367,1610,4.299346570244357,4
3367,1952,4.503315554637514,5
3367,1965,4.356558483789324,3
3367,2398,4.517191933385994,4
3367,2609,3.0,5
3367,2728,4.657951742544474,5
3367,3067,4.004535276090595,4
3367,3504,4.430267034009886,5
3367,3510,4.363044300792652,3
3369,491,3.0,3
3369,1203,3.0,5
3369,1276,4.001770819290691,4
3370,1379,3.206009611276852,2
3370,2599,3.619853939876584,3
3370,2858,3.5383053346215885,5
3370,3763,3.137952825141109,2
3371,1092,3.1505555729748718,2
3371,1208,3.6114436242932446,4
3371,1357,3.3647807321487226,4
3371,1358,3.546746031979976,3
3371,2000,3.1708002088791294,1
3371,2918,3.2214544870164015,4
3371,3101,2.9059169728992176,3
3371,3267,2.9721317696402276,3
3371,3552,3.150202243209925,3
3372,1422,4.0,4
3373,1215,2.9642697831280493,5
3374,1197,4.053897780977651,5
3374,1957,4.043065098427476,4
3374,3760,3.0,4
3377,353,4.091716301778408,5
3377,1036,4.234568116556338,5
3377,1597,4.308859371027404,5
3377,2840,4.354332333554132,4
3377,3584,3.0,4
3377,3837,3.0,4
3378,2354,3.6420571999604854,3
3378,2858,4.0510328552470645,3
3378,3255,3.9042564813884284,4
3378,3264,3.8094932925749636,2
3379,914,3.0,4
3379,3543,4.8626749234744375,5
3380,32,3.72600771384462,3
3380,110,3.7984462608284613,3
3380,224,3.7486689301850777,3
3380,1250,4.174268508433648,5
3380,1258,3.576430642625058,5
3380,1270,3.827780516640024,5
3380,1283,4.302539287627529,5
3380,1357,3.6417908479353116,3
3380,1704,3.684063698133883,4
3380,1955,3.9296564883103122,3
3380,2090,3.901842508398232,3
3380,2243,3.8994815242544085,3
3380,2871,3.8847497611170456,4
3380,2968,3.4256629382197494,3
3380,2971,4.521198097686432,4
3380,3067,3.479762558188096,4
3380,3450,3.5321646422229547,3
3380,3683,4.109245493529896,5
3381,3079,3.0,4
3382,1,3.5690050770957042,4
3383,1296,4.28603937554025,5
3384,2015,2.9999999999999996,3
3384,2018,3.549773891857043,3
3384,2797,4.013133458370636,4
3385,2413,4.158251356837251,4
3386,497,4.254635056200804,3
3386,3255,4.125539687199687,5
3386,3260,3.426411995265118,3
3386,3408,4.035806693485393,4
3386,3554,3.0,4
3387,106,3.0,5
3387,1250,4.100431500341309,5
3387,1260,3.946781056326939,5
3387,2844,3.0,2
3387,3006,3.499157628750528,4
3387,3147,3.015872652051,2
3387,3819,3.0,4
3389,50,3.508380182492566,5
3389,303,2.6978185660511604,2
3389,440,3.198753008169828,3
3389,736,2.954812408087115,4
3389,1371,2.960047851556435,3
3389,1562,2.5815158082696605,1
3389,1566,2.682749180050415,3
3389,1912,3.4967989290461854,3
3389,2333,3.756623493341648,5
3389,2450,2.5967383633405343,2
3389,2643,2.4964804972477563,1
3389,2657,3.186106321883261,3
3389,2795,3.1983807737294327,3
3389,2797,3.111804978838851,4
3389,2808,2.215213116969205,2
3389,2987,3.2893248730647713,4
3389,3113,2.5396799569944983,1
3389,3159,3.0,5
3389,3256,2.8845655751800567,2
3390,34,4.561448672827842,5
3390,1247,4.314955753168833,5
3390,1256,4.4428862568424625,4
3390,1419,3.0,4
3390,2208,4.6472516626219385,4
3390,2417,3.0,4
3390,2550,3.0,5
3390,3685,4.26787699189569,4
3391,47,4.416405235429899,5
3391,104,4.194966352798053,5
3391,259,3.0006633114323487,3
3391,413,3.655498242307381,3
3391,627,3.0,5
3391,1011,3.03540620523507,3
3391,1036,4.365416544090284,5
3391,1210,4.351960225990336,5
3391,1247,4.69133118030995,5
3391,1385,3.343640810767356,3
3391,1393,4.320947891714877,5
3391,1598,3.3774747088000554,2
3391,1621,3.0,3
3391,1672,4.402756230839833,4
3391,1996,3.272301775817411,2
3391,2002,3.9134781784165984,4
3391,2018,4.14296946142762,4
3391,2026,3.002492145052721,3
3391,2061,3.0,4
3391,2150,4.395676398678395,3
3391,2409,3.7045511376503555,4
3391,2412,2.7647887888740095,2
3391,2418,3.0,3
3391,2579,3.0,5
3391,2580,4.679988383953604,5
3391,2836,3.0,5
3391,2884,3.0,2
3391,2947,4.442576483475521,5
3391,3020,4.080099465600067,1
3391,3263,4.178192897840857,4
3391,3308,4.298202930076434,2
3391,3360,4.753214628174555,5
3391,3394,3.880211209697163,3
3391,3466,3.0,4
3391,3481,4.68059473684,5
3391,3896,4.019721953850274,4
3392,234,3.0,4
3393,1201,4.24747458107792,5
3393,1249,4.273954574770047,5
3393,1945,4.3935154318490355,2
3393,3578,3.8766888130569543,5
3393,3599,2.0,2
3394,592,4.01442001351262,3
3394,951,4.450558772833531,4
3394,965,4.0,4
3394,1097,4.064832278493291,4
3394,1208,4.242356660203522,5
3394,1212,4.680699698872065,5
3394,1262,4.2893484392068,4
3394,2140,3.7315612505737334,2
3394,2300,4.458661466871958,3
3394,2362,3.0,3
3394,2985,3.8351752326604585,4
3394,3649,3.0,3
3394,3658,4.0,4
3394,3819,3.0,4
3395,260,3.947334672542436,5
3395,3081,3.957652502966704,4
3397,919,4.437955091774813,5
3397,1393,4.0308750972033245,2
3398,3476,4.411092790804319,3
3398,3618,3.0,3
3399,300,3.8925532905026516,5
3399,1566,3.805412658542498,4
3399,2640,3.6732479287725748,3
3399,2700,3.6637621499253705,2
3400,173,3.725436065477757,3
3400,858,4.462169277001485,5
3400,1179,4.67425019098906,4
3400,1376,4.134670983173616,5
3400,1687,3.491235438430619,3
3400,2701,3.9357495040293995,1
3400,2804,4.376920185666416,5
3400,3198,3.0,5
3400,3269,3.998630265875696,4
3401,3,2.6721036643616167,3
3401,383,3.4061920762232365,3
3401,719,3.011498335005831,1
3401,1101,3.577066502287197,3
3401,1286,2.8307492421120086,4
3401,1608,3.5778895793568135,3
3401,1717,2.1991836455329454,1
3401,2428,1.8016447501475472,2
3401,2719,2.320577282910319,1
3401,2720,3.0,1
3401,2795,3.453241380919763,4
3401,2971,3.256631403556575,4
3401,3366,3.742708543456842,4
3402,58,3.1114108636950144,3
3402,105,3.0,1
3402,720,4.0,4
3402,908,4.024901698687614,4
3402,953,3.8502155587291074,5
3402,1280,3.0,5
3402,2247,3.973343124837193,4
3402,2369,3.7949855918195188,4
3402,2925,4.540358432433753,5
3402,2953,3.0,2
3402,3037,4.002513201845728,5
3402,3310,3.0,5
3403,260,4.446875671855063,5
3403,552,4.330822777514202,4
3403,910,4.544057478079274,5
3403,1049,4.317386055967615,2
3403,1226,3.0,4
3403,1262,4.705112069255467,5
3403,1387,4.444026253273113,5
3403,2303,3.0,4
3403,3438,4.375935786705796,3
3403,3615,3.0,4
3404,1356,2.8117077120167115,3
3405,2133,3.7134329721938126,4
3405,2450,3.0,1
3405,3481,4.338561082055714,5
3406,318,4.164359321664205,5
3407,3871,3.0,3
3408,110,3.9428748353416463,5
3408,1022,3.1434327640816604,2
3408,1036,3.902246490322333,4
3408,1408,4.108476519314448,5
3409,2803,4.085752011197559,3
3410,52,3.122634142005709,3
3410,68,3.0,4
3410,300,3.415745386989712,3
3410,377,3.0421034717489523,3
3410,506,3.0,2
3410,541,3.3489670990144416,5
3410,919,3.4191706043174515,4
3410,959,3.0,3
3410,1213,3.46595462321302,3
3410,1291,3.1882106299535846,4
3410,1401,3.0,3
3410,1611,3.555614718550737,2
3410,2014,3.3953650968547358,4
3410,2348,4.234188779857783,4
3410,2729,4.0271407386560325,4
3410,2739,3.1644238484643985,3
3410,3363,3.469598489875654,3
3410,3392,2.0,1
3410,3527,3.137948927200748,4
3410,3543,3.4727750285386056,3
3410,3614,2.991063754257604,3
3410,3690,2.9999999999999996,1
3410,3710,3.0,2
3411,10,2.931862839458933,3
3411,344,2.547950826165662,3
3411,733,2.999818624835062,3
3411,1293,3.343328628677868,4
3411,1387,3.2717205564664855,2
3411,1882,2.475313110781286,1
3411,1918,2.6942945737659527,3
3411,2580,3.7500969623151046,3
3411,2717,2.5948631151455746,3
3411,3471,3.3929874297237137,5
3412,233,3.0,4
3412,2401,3.0,5
3412,3476,4.6466613432758805,5
3413,527,4.308550564497551,4
3413,1419,3.0,5
3413,2312,4.0,5
3413,3179,3.0,3
3414,104,4.496300310121921,3
3414,379,4.125121875681809,5
3414,1200,4.4875409666415464,5
3414,1672,4.335810275268752,4
3414,2194,4.355449084043966,5
3414,2407,4.474749098582063,5
3414,2763,4.296945331933388,4
3414,3662,1.0,1
3415,474,3.8362212747995565,4
3415,589,3.9540869959605063,4
3415,1036,3.9596911221663627,5
3415,1265,3.9604173077406504,4
3415,1619,3.743763904886935,3
3415,3793,4.543521539089209,4
3416,1,3.9685014952724056,4
3416,39,3.7655732671454056,4
3416,282,3.0,4
3416,441,4.0468290459703695,4
3416,445,3.0,3
3416,502,2.410770281618335,3
3416,720,3.0,3
3416,1541,2.7998987444706045,4
3416,2138,3.5132224131424694,4
3416,2289,4.179285962950117,4
3416,2502,3.9178384365565613,3
3416,2558,2.899879437705287,2
3416,2986,3.3515438774705584,3
3416,3108,4.092115091949378,5
3417,1223,3.0,5
3417,1734,3.0,4
3417,2791,3.2044045621231776,3
3417,3730,4.3765191634017055,4
3418,255,3.0,1
3418,440,4.20727391222327,5
3418,869,3.0,4
3418,1022,3.4236848441448315,2
3418,1580,3.836918281975225,4
3418,1676,4.130084820919716,1
3418,1721,3.838657101020238,3
3418,1777,3.925235935848768,3
3418,2997,4.255584769554388,5
3418,3301,3.990203671333701,2
3419,185,3.6349195255261395,5
3419,920,4.200782192152812,3
3419,1185,4.539973600642781,5
3419,2011,4.133043804500868,4
3420,3261,4.73845329200888,5
3420,3363,4.332948573291294,4
3422,168,2.1444753456803474,2
3422,1242,3.4779219308191403,4
3422,2311,3.3677082852423483,3
3422,2470,2.991771966645812,3
3422,2745,3.370754391314417,3
3422,2779,3.627833498162032,4
3422,2918,3.32151688142962,4
3422,3255,3.164614025955778,2
3422,3263,2.85858547625396,2
3422,3516,3.0,4
3422,3591,2.8579975433366998,3
3422,3690,2.593314766356923,1
3422,3834,3.0,2
3423,440,4.29842283662943,4
3423,1278,4.284312412068903,5
3423,2194,4.186283542804738,4
3423,2542,4.637297993625996,5
3423,2605,4.200720330921303,3
3423,3591,4.131246243958705,5
3424,367,4.3558443187643805,3
3424,1641,4.386038961335006,4
3424,1721,4.391485495519,5
3425,170,2.3428481338043197,2
3425,233,3.0,5
3425,235,4.07044770412669,5
3425,382,2.241013742575669,3
3425,650,3.0,3
3425,1252,4.617992527087984,5
3425,1472,3.0,3
3425,1923,3.9600022039183833,5
3425,3098,4.386057422451361,4
3426,319,4.524897874074522,5
3426,1343,3.764057932766511,3
3426,3265,5.0,5
3427,3101,4.016774824823213,5
3428,920,4.230417137777101,5
3428,1097,4.08037947828406,3
3428,3100,3.8060363677007367,4
3429,858,4.306978903391759,4
3430,111,3.619186595200063,4
3430,126,3.0,2
3430,272,3.3094669719208296,2
3430,590,3.486600930062296,4
3430,1704,3.4849660737710275,3
3430,2116,3.1161094510278526,2
3430,2712,3.4490534102337227,2
3430,3194,4.0,4
3430,3359,3.7930188671988248,4
3430,3897,3.590598538914653,5
3431,25,3.887472814769051,2
3431,2115,3.547719325232966,5
3432,1220,3.2068700589424086,4
3432,2134,3.157813015270436,4
3432,2371,3.3171273334462583,4
3433,1590,3.073955219761821,1
3434,235,3.572370013125282,4
3434,1580,3.7641233261034097,3
3434,1917,3.5421596263659714,3
3434,2324,4.291320279753519,5
3435,940,5.0,5
3435,1304,4.047067613304473,3
3436,1091,2.6921988341260357,3
3436,1233,4.5291761357673614,3
3436,2005,4.309294056727474,3
3436,2571,4.3097886280850535,5
3436,3703,4.545417880491955,5
3437,3809,4.74426188966224,4
3438,2188,3.0,3
3439,434,4.290907148760168,3
3439,1127,4.422942572256408,5
3439,1394,4.408680748044236,4
3439,2141,4.478674653358635,4
3439,3753,4.667723455490215,4
3439,3802,3.0,2
3440,593,4.372935141251018,5
3441,7,2.924302841968864,3
3441,318,3.3950864874135576,5
3441,587,3.200964960495083,3
3441,1060,2.9478238832424393,4
3441,2762,3.224104124354889,5
3441,3617,4.015433453904976,4
3441,3861,5.0,4
3442,2968,3.683573621283984,4
3442,3696,2.6683025927216986,2
3443,924,3.6298563121489025,5
3443,1267,3.966666383839326,5
3443,1653,3.607989338166776,5
3444,543,2.810514662859402,3
3444,736,2.4988121323432977,2
3444,3255,3.3226717516225204,4
3444,3435,4.407700213824263,5
3445,1294,4.1328994735421185,4
3445,1654,3.0,3
3445,2554,3.0,4
3447,50,4.028667181922905,4
3447,1917,3.7621241089873756,3
3447,2916,3.9496149077801874,3
3448,3744,3.0,3
3449,1136,4.339157624984982,5
3450,1584,4.05399066008186,3
3450,2166,3.0,5
3450,2321,3.585932446033937,2
3451,101,4.382786020220943,4
3452,161,4.736759109508171,4
3452,1244,4.684247656444734,4
3452,1247,4.75071668757193,5
3452,1387,4.720127307850205,5
3453,1196,3.674088073349908,3
3453,1303,3.8206901604766004,4
3453,1732,3.6690349780339306,3
3453,2972,3.0,3
3453,3179,3.0,4
3454,454,3.670174463209432,4
3454,1517,3.729381221219454,5
3454,1923,3.714404914200533,3
3454,2100,3.843632245552686,2
3454,2394,4.428984930793564,5
3454,2502,3.7122372944066586,5
3454,2710,3.6754741646962468,5
3454,2995,2.0,1
3454,3104,3.8780154896835657,4
3456,2571,4.829411693300174,5
3457,366,2.961570737608249,3
3457,912,3.985043582137024,5
3457,1393,3.6974624267479097,5
3457,1784,3.708247733554362,2
3457,2883,3.0,2
3457,3102,3.6565778902717643,4
3458,532,4.0,3
3458,1614,3.9825918056169547,5
3458,1711,4.285406659727312,4
3458,2961,3.0,4
3460,1212,4.622905672341415,5
3461,1214,4.702289995198611,5
3462,46,3.0042947522369787,1
3462,266,3.96192134615929,5
3462,480,3.546401087381143,4
3462,1100,3.054085745453453,3
3462,1126,3.160224959821294,3
3462,1197,3.5962260724875756,5
3462,1247,3.879719567042795,4
3462,1487,3.0,2
3462,1556,2.9744840125798264,1
3462,2252,3.0,3
3462,2639,4.0,2
3462,2683,3.423339677214324,4
3462,2706,3.4385751163567195,3
3462,2724,3.3797133422902106,3
3462,2797,3.6289026744667288,5
3462,3072,3.887492528879169,5
3462,3107,3.4677850360477027,3
3462,3401,3.0,2
3463,1270,4.102578797495148,4
3464,17,4.304700552278267,5
3464,1061,4.3404852922244155,4
3464,1484,3.0,1
3464,1545,3.0,5
3464,1610,4.021986635043542,4
3464,1753,3.0,3
3464,2124,3.312574807796028,3
3464,2272,3.0,4
3464,2355,3.9837981291006215,3
3464,2729,4.0,3
3464,2976,4.01850837950114,3
3464,3298,3.479876439456996,5
3464,3949,1.5115551925246662,2
3465,370,2.5620576387703458,3
3466,1196,4.333885092439259,4
3467,329,3.5980161578333383,5
3468,1304,4.226582404475799,4
3468,1719,3.714208658830981,4
3468,2858,4.127858669947599,4
3468,2864,3.0,2
3469,22,3.8576146850349864,3
3469,32,4.091571281222237,5
3469,368,3.829025323291715,4
3469,527,4.285313440733396,5
3469,1079,3.899373078135598,5
3469,1198,3.689452014283474,5
3469,1275,3.7698113331435166,4
3469,1960,4.426821950832329,5
3469,2373,2.660663923671029,3
3469,2641,3.8729627130101556,3
3469,3033,3.517296026584346,2
3469,3108,4.21138778989924,4
3469,3176,3.9738871150154083,3
3469,3360,4.310499828872785,4
3469,3707,3.0,1
3469,3740,3.4712091532361167,4
3470,1,4.079630592330476,5
3470,597,4.0760642921892485,3
3470,3785,2.0,1
3471,342,3.540735858327518,2
3471,494,2.956891265568578,3
3471,671,3.5006913936235096,3
3471,780,3.5055392616534666,4
3471,1639,3.7142914376551484,4
3471,1747,3.642920473815966,3
3471,1801,2.9402766464415557,3
3471,2108,3.7279936227183756,3
3471,2166,3.0,3
3471,2598,3.3329144268147,3
3471,2618,3.0,3
3471,2713,2.7457281301868157,2
3471,3039,3.603333287592079,4
3471,3259,3.1084715874222506,3
3471,3361,3.7350731052853536,4
3471,3478,3.2045423619868685,3
3471,3508,3.7338534776531946,4
3471,3535,4.469458877729007,5
3471,3624,3.7069211552077634,4
3471,3857,3.0,2
3471,3906,3.0,3
3472,1196,4.302499579207702,5
3473,2369,4.041230862066285,3
3473,2396,4.036303350578792,5
3473,2575,3.0,4
3473,2802,5.0,4
3473,3210,3.9973870988691704,1
3474,50,4.480818249002004,5
3474,527,4.49079130670257,5
3474,1224,5.0,5
3474,2629,3.0,4
3474,2706,4.057305807435485,5
3475,144,3.0,4
3475,158,3.0,3
3475,223,3.384902841247765,3
3475,252,3.6982913318093185,4
3475,386,3.0,1
3475,920,3.573958672330987,3
3475,953,3.372730512727223,5
3475,1228,3.632174892479056,4
3475,1250,3.4532696925944224,4
3475,1265,3.2713454366298063,5
3475,1377,2.910115033537745,1
3475,1991,3.3204972155597234,1
3475,2073,3.0,2
3475,2076,3.4534277052615474,2
3475,2176,3.5021050617923164,3
3475,2324,3.794264425319876,5
3475,2384,4.4230916741951445,3
3475,2918,3.150881708868497,5
3475,3087,2.610365197196146,3
3475,3330,3.0,3
3475,3448,3.0827291626761326,3
3475,3885,3.0,4
3476,775,3.0,1
3476,1208,3.3824786298147456,5
3476,1228,3.402916386376258,1
3476,1252,3.5219987303113696,5
3476,1663,2.7773471540583845,4
3476,1956,3.090069666370054,3
3476,1957,3.2601014801321697,1
3476,1961,3.2745646104689112,5
3476,2119,1.0,1
3476,2327,1.0,1
3476,2428,1.0,1
3476,2430,3.0,1
3476,2517,1.0,1
3476,2638,1.0,1
3476,2716,2.3830456938746036,3
3476,2922,4.6958396162677545,5
3476,2949,3.695000377191453,4
3476,2992,1.0,1
3476,3039,3.289800442120698,3
3476,3379,3.0,2
3476,3450,3.641527126118952,5
3476,3836,4.697289233352321,5
3477,425,3.0,4
3477,509,3.963055579098823,4
3477,2316,3.417611050731543,3
3477,2704,3.0,4
3477,2776,3.0,5
3477,2791,3.593799002358366,4
3478,906,3.433840601836555,3
3478,924,3.665229149011118,3
3479,1923,3.6029540552615247,4
3480,534,1.0,5
3480,3087,3.662050212132577,4
3481,223,3.9970290191827633,4
3481,457,4.115452306032603,3
3481,750,4.146618165776676,4
3481,968,3.9006927732638426,2
3481,2871,4.162200485613128,5
3481,2898,3.0,4
3482,50,3.898718456538267,5
3482,3421,3.998643907479148,4
3483,10,4.115572267233943,5
3483,22,3.968183209329668,3
3483,349,4.1520996480488455,4
3483,517,4.307875857460707,5
3483,1036,4.192995449447745,4
3483,1079,4.139561511564874,5
3483,1841,3.0,3
3483,2115,4.135392417291146,5
3483,2278,4.185020275745768,3
3483,3361,4.25134719790771,4
3483,3633,4.346758309407197,4
3483,3755,4.187533304490473,3
3484,101,3.0,3
3484,434,3.055267899052233,2
3484,1527,3.2171528236622082,4
3484,1876,3.0745993320336233,3
3484,2003,3.2987490737285445,3
3484,2499,3.0,3
3484,3146,3.0,1
3486,1029,4.352889026297048,4
3487,1175,4.0,3
3487,1204,3.885990068876687,5
3487,1230,3.9663448891951187,4
3487,1387,3.667551977333363,4
3487,2321,3.550062837096874,2
3487,2692,3.650029086033427,3
3487,2871,3.812100536200935,5
3487,2917,3.951545864292117,4
3487,2947,3.7173409337283263,3
3487,3250,3.0,3
3487,3649,3.0,4
3487,3812,3.0,4
3488,2094,2.4834524121778343,3
3489,2134,3.1135822736749534,3
3489,2174,2.8654064645054462,4
3489,2406,3.2253837371379386,4
3489,2700,3.102692919120412,4
3489,3397,2.376290067152673,1
3490,456,3.0,4
3490,910,4.3076068735334605,5
3490,969,4.117284733423578,4
3490,1204,4.061218190580855,5
3490,1212,4.432579065337706,5
3490,1269,4.370239541992485,3
3490,3000,2.9700089408425625,4
3490,3159,3.0,3
3491,425,3.0,5
3491,441,3.9141217103198644,3
3491,1079,3.8384840055218494,4
3491,1120,4.056556296946065,5
3491,1135,3.807505715231881,3
3491,1345,4.135884655010916,4
3491,1875,3.0,4
3491,2003,3.7966411174074377,4
3491,2122,4.091787423843288,4
3491,2541,3.739221610218618,4
3491,2791,3.810969157902848,4
3491,3104,3.900496524858444,3
3491,3108,3.9687200584740276,4
3491,3286,3.0,4
3491,3388,3.6647212343393454,3
3491,3459,3.0,3
3491,3481,3.9782008933605586,4
3491,3505,4.038528288165532,5
3491,3551,4.052307821330667,4
3491,3837,3.584094173262465,4
3491,3848,3.0,5
3492,1516,3.0,4
3493,1214,3.471495632108652,5
3494,2706,3.3534157092499512,4
3494,3543,4.504633690808994,5
3497,1244,4.761124895890671,4
3498,589,4.035431027552704,4
3498,663,4.0,3
3498,1721,3.9668703009544886,1
3499,353,3.6241116108753033,4
3499,999,3.0,4
3499,1222,4.027073367325631,5
3499,1225,3.9033042829806743,5
3499,1649,5.0,4
3499,2083,3.679833723927026,4
3499,2110,3.0417925826449186,2
3499,2334,3.70036773728635,4
3499,3591,3.4419041200960803,4
3500,3703,4.1344759506975,3
3501,1185,4.300050495812206,4
3501,1956,4.47518783632663,5
3501,2094,3.9108985944821035,4
3501,2186,4.619659128996489,5
3503,172,3.6965484523659873,3
3503,1103,4.641420352202268,5
3503,1230,4.547872333331185,5
3503,1245,4.2976360612112146,5
3503,1247,4.492895728218776,5
3503,1339,4.148643695053505,4
3503,2422,3.980619914208642,3
3503,2492,3.0,2
3503,2528,4.25280859883356,4
3503,2550,5.0,3
3503,2968,4.283764100986225,4
3503,3117,3.0,4
3503,3148,4.424718953176177,4
3503,3362,4.526611719978888,4
3503,3408,4.406774071258868,3
3503,3608,4.55829187378051,4
3504,1041,3.994466239465995,3
3504,1683,4.0,4
3504,2567,3.991582014503828,3
3504,2610,3.0,3
3504,3317,3.977517412482209,4
3505,1248,4.448630013433027,2
3506,3,3.0,4
3506,50,4.482891693517336,5
3506,293,4.442078842886383,4
3506,2542,4.702337262896215,4
3506,2788,5.0,5
3507,259,3.976299294082939,1
3507,272,4.0365524786184155,5
3507,349,3.394091625041881,2
3507,429,2.177158784604828,3
3507,473,1.8618629016076065,2
3507,514,3.007972157439305,3
3507,913,4.5054833561521885,5
3507,1042,3.270398579175041,2
3507,1219,4.179245236894918,5
3507,1221,4.084877168222965,5
3507,1254,4.6341508381271685,4
3507,1617,3.719638319511235,5
3507,1648,3.0,3
3507,2005,3.4310191982745355,4
3507,2081,3.561982587717314,3
3507,2165,3.0,4
3507,2183,4.794408239663956,4
3507,2193,3.3327845490528585,4
3507,2203,4.707071232130147,5
3507,2278,3.5186637920021697,1
3507,2318,3.409980620199537,4
3507,2694,3.196565925777298,3
3507,2872,3.8448517862184604,3
3507,3044,3.5519914825984586,3
3507,3104,4.014057367691906,4
3507,3141,3.0,3
3507,3269,2.5691376967017048,4
3507,3326,3.0,3
3507,3556,3.0,4
3507,3591,3.4036078969885537,4
3507,3770,3.2863008729206413,3
3507,3846,4.0,4
3508,110,3.889944240190669,4
3508,1196,3.901416681261332,3
3509,329,2.984771412703171,4
3509,500,3.2705847403289026,2
3509,733,3.385232816110757,5
3509,1590,3.104382480253242,2
3509,1610,3.4707327707418636,5
3509,2628,3.1622190454049237,2
3509,3704,3.386905980945059,1
3510,260,3.8017088252978093,5
3510,316,3.811975697373588,4
3510,1676,3.580162868752911,1
3510,2968,3.637468927956205,3
3511,434,3.951719562365324,4
3511,800,4.556901141223525,5
3511,1127,3.7474908303238537,4
3511,1254,4.503210363200163,5
3511,2116,3.9514463557412745,4
3511,2405,3.9037073945584257,4
3511,2527,3.9477868305030897,3
3511,2530,3.302037339583817,2
3511,3804,3.0,2
3512,300,3.883404078302306,4
3512,996,3.0000000000000004,3
3512,1537,3.0,4
3512,2080,3.739132781439332,4
3512,2355,3.7899289262447375,2
3512,2986,3.5798233384968783,2
3512,3000,3.818412426044382,5
3512,3114,3.916508202023062,4
3513,480,3.6704565612825255,4
3513,1259,4.006550940649025,5
3513,1485,3.607217572271666,3
3513,1500,3.879140987246144,5
3513,1688,4.711670135541151,3
3513,2001,3.3795667130564233,3
3513,3108,4.07996847949069,5
3513,3147,3.6841120138500654,4
3513,3717,2.465025291096691,1
3514,904,3.8110630401811045,4
3515,1193,3.7626285607841905,4
3515,1214,4.160340940700945,3
3515,1269,4.124752912855572,2
3516,1215,3.4728889382203314,5
3516,1748,3.5223649974649685,3
3516,1976,1.0,1
3516,3176,3.456502715269539,2
3517,1136,4.1079828789871735,5
3517,1747,4.093719191636897,3
3517,2003,4.0398547443174735,2
3517,3253,4.131899051523284,4
3517,3809,4.107269251129866,4
3518,49,3.0,4
3518,173,3.4624669755908677,3
3518,234,3.0,3
3518,321,3.0,3
3518,345,3.8233924267531534,3
3518,497,4.036181451397871,5
3518,555,3.9138430793608148,3
3518,597,3.8607567904061915,4
3518,945,4.801283292020654,3
3518,1028,4.0633048213490675,4
3518,1753,3.0,3
3518,1994,3.649300836199182,3
3518,2114,3.8997500056929004,3
3518,3019,3.9933396730863824,3
3518,3325,3.0,3
3518,3554,3.0,3
3518,3565,4.0,3
3518,3854,3.0,4
3519,95,2.8981631444542124,3
3519,293,3.3366462612923455,2
3519,371,3.0,4
3519,372,3.297442148905326,5
3519,381,3.0,3
3519,457,3.1814197279723158,3
3519,516,2.6924390030623324,3
3519,998,3.0,5
3519,1488,2.789769582926463,3
3519,1500,3.2549670814565417,5
3519,1711,3.289678658062446,5
3519,1734,3.0,5
3519,2064,3.3856640640890654,1
3519,2117,2.332800638255034,3
3519,2165,3.0,4
3519,2263,3.0,3
3519,2657,3.424428310285071,3
3519,2701,2.983511496455979,3
3519,2710,3.4645100895492873,1
3519,2802,2.9220514123914962,3
3519,2816,2.0,2
3519,3046,3.0,5
3519,3274,2.91342659811997,3
3519,3450,3.1353931689190957,4
3519,3480,3.522775778466794,3
3519,3690,3.1866295327138467,2
3519,3705,2.7558076391496598,2
3519,3791,3.117973127501354,3
3520,457,4.061028174625188,4
3520,1263,4.2964152258463715,4
3520,1270,4.055867852505152,4
3520,1295,4.0,4
3520,1961,4.147358031413272,5
3520,2355,4.142225697512357,4
3520,2700,4.138523895297168,4
3520,3556,3.0,3
3520,3752,3.0383009113522994,3
3521,973,3.0,5
3521,2132,3.9092203053517296,4
3521,2371,3.8574726436412705,4
3521,2378,3.4942914384716692,3
3521,2401,4.0,3
3521,2517,3.945242843246873,3
3521,2644,3.3497672721452543,3
3521,2729,3.34857093880922,3
3521,2991,3.8876082472265323,4
3522,110,4.039936448833907,5
3522,1407,4.058841533986672,5
3523,953,3.9809118703032107,3
3523,2974,3.0,2
3524,949,3.0,4
3524,2724,2.9999999999999996,1
3525,648,3.8594807028157008,3
3525,3790,3.0,4
3526,195,3.0084322761587554,1
3526,259,4.326185507575603,1
3526,329,3.305369127564265,1
3526,361,1.7795506211133376,3
3526,587,3.4255103257752473,1
3526,678,5.0,5
3526,1498,3.0,2
3526,1754,3.2270032761812657,4
3526,2291,3.5789903378668235,2
3526,2527,3.7686946214177386,4
3526,2762,3.675015698138231,5
3526,2902,2.9227092489959765,3
3526,2926,3.6959763598376982,5
3526,3393,3.0,1
3526,3491,3.0,2
3526,3501,3.3003045693643123,3
3526,3825,3.0,3
3526,3844,2.429426774726708,2
3528,12,3.0,1
3528,2901,2.626530345977685,2
3529,1949,3.0,4
3529,1962,3.2984880607055076,4
3529,2467,3.0,3
3529,2862,3.0,1
3529,3668,5.0,4
3531,290,3.0,5
3531,3175,3.627914777623136,5
3531,3185,3.0,4
3531,3783,3.0,5
3533,357,3.7439785431811945,4
3533,2599,3.722262377471711,3
3534,969,4.292364331461461,5
3534,1214,3.7885040282276172,3
3534,2000,4.220478947312655,4
3536,520,3.2832013357401357,4
3536,709,4.085950377356469,5
3536,788,3.986216910582886,4
3536,1748,3.7058104221377284,3
3536,1923,3.9538895152908884,4
3536,2096,3.893071284470431,5
3536,2918,4.032269135843001,5
3537,3785,4.161666842304025,4
3538,509,4.1155585953468545,3
3538,1841,3.0,3
3539,16,4.4227949102887445,3
3539,17,4.440980889776958,5
3539,144,4.0,4
3539,164,4.51663087730875,4
3539,236,3.8578099660084706,4
3539,246,4.735508676443551,5
3539,306,4.140999628378539,4
3539,329,4.1675429703071964,5
3539,351,3.666921431624803,4
3539,412,4.0,3
3539,467,3.0,5
3539,531,3.0,4
3539,550,4.0,2
3539,552,4.134645068898114,3
3539,555,4.434398902706618,4
3539,611,4.0,3
3539,663,4.450918927115455,4
3539,731,3.0,3
3539,810,2.9999999999999996,2
3539,838,4.152629642054432,5
3539,938,4.772702736197496,5
3539,1093,4.558897795448412,4
3539,1357,4.554724697137359,5
3539,1407,4.270033020101384,4
3539,1972,3.5486078001602586,3
3539,2126,4.206745616317316,4
3539,2423,4.173766003502738,4
3539,2451,3.4542225398869166,2
3539,2612,3.0,5
3539,3060,4.458854578537318,5
3539,3076,3.0,3
3539,3679,3.0,5
3540,86,3.0,4
3540,329,4.065635716402059,4
3540,1089,4.438827671060061,5
3540,1461,4.029898947817176,3
3540,2054,4.177275904020148,3
3540,2541,4.1476633290007925,4
3541,593,4.44125107686422,4
3541,1193,4.367518104993706,5
3542,3238,3.0,1
3543,735,3.0,4
3543,3224,3.0,5
3543,3503,4.438373909553842,4
3543,3742,4.999999999999999,5
3544,1968,4.677842563214746,5
3546,21,2.969072993544566,4
3546,45,3.4961154394575367,4
3546,1222,3.33835900409905,4
3546,1249,3.7613347111565982,3
3546,1415,3.0,3
3546,1454,3.0,3
3546,1500,3.334129193622459,2
3546,1732,3.4333260926457605,5
3546,1857,3.0,3
3546,2284,3.0,3
3546,2469,3.072878982075567,2
3546,2529,3.0708338920875153,2
3546,2947,3.3127689166263,2
3546,3089,3.941726601404401,5
3546,3272,3.3317919251741954,3
3546,3446,3.0,2
3547,190,3.0,5
3547,674,3.7604457613121776,3
3547,858,3.6829238621906395,5
3547,968,3.971742098376435,5
3547,3081,3.6353966196785574,2
3547,3552,3.3298249304487313,4
3548,800,3.0,4
3548,3598,3.0,3
3548,3755,2.1904655491756584,4
3550,318,3.7539852506637565,4
3550,337,3.8803959383666986,3
3550,1357,3.8749520941282602,4
3550,1407,3.6091238723171624,3
3550,1466,3.784947211772525,4
3550,1953,3.9154516273452016,3
3550,2231,3.747731492581456,3
3550,2423,3.2734393545328415,3
3550,2712,4.089418182607173,4
3550,2723,3.7089192883578335,2
3550,2959,3.8352781643992357,5
3550,3246,4.00702924134872,4
3550,3671,3.7706052235276077,4
3551,1678,4.0,4
3551,3246,3.0,4
3551,3257,5.0,3
3552,3078,3.0,2
3553,1573,4.400887455955253,5
3554,427,3.0,1
3555,349,3.3751151106006283,4
3555,1009,3.1981120710371544,2
3555,1031,3.308505123480048,3
3555,1213,3.7754380481358747,3
3555,1291,3.427771189158596,4
3555,1562,2.76907485730167,3
3555,2367,3.0,2
3556,1215,3.808214214443992,2
3556,2628,3.841724989492452,3
3557,125,4.485654981116438,4
3557,297,3.0,2
3557,608,4.154085293003078,5
3557,1073,4.057831446075169,5
3557,1220,4.060746178612666,4
3557,1673,4.261630441688176,5
3557,3020,3.8911534353275794,4
3558,1382,3.7234329696123596,4
3558,1393,4.663397750148074,5
3558,1569,4.652815587232068,5
3558,1608,4.62201343050515,5
3558,1641,4.613712739175868,5
3558,1704,4.645416511516603,5
3558,2002,4.600742108594713,5
3558,2006,4.627103359491969,5
3558,3208,3.954456483662339,1
3559,718,3.0,4
3559,2599,4.571881404941803,5
3559,3114,4.431601016292048,4
3559,3693,3.0,5
3560,39,4.662032175605756,4
3560,953,4.518935944255584,5
3560,1621,3.0,3
3560,2391,4.562956802715019,4
3560,3421,4.579197973352774,4
3561,235,4.066823779002306,3
3561,1081,4.166690076752748,5
3561,2671,4.0910854762190345,4
3561,2762,3.894008305709514,5
3561,3424,4.20508139418467,4
3562,180,3.4260461533077295,2
3562,223,3.7864208824209995,3
3562,361,3.6429050942712675,3
3562,442,3.6859315205636074,3
3562,1060,4.040570655609817,5
3562,1092,3.921130369095103,4
3562,1270,3.672574104276776,5
3562,1367,3.0,3
3562,2081,3.7736577114674037,5
3562,2154,4.0,3
3562,2717,3.5932761980918237,3
3562,3253,3.6333793427736785,5
3562,3385,2.9427055161037505,2
3562,3489,3.7148902046918426,3
3562,3499,3.7259025167619613,5
3562,3526,3.68000210555691,5
3562,3704,3.7661890043849477,3
3562,3744,4.524343629430085,4
3562,3793,3.676845040880892,4
3562,3882,2.9870315778775187,4
3563,1006,3.0,4
3563,1090,3.9813532776150558,4
3563,1307,3.9362439791976884,3
3563,1674,3.830262464396323,3
3563,2919,4.025812323848094,4
3564,590,3.5445014034828657,5
3565,15,3.0,3
3565,66,3.0,2
3565,76,3.5146370430019056,3
3565,1762,3.0033538738286243,3
3565,1833,3.4832474878040176,2
3565,2012,3.343621239012028,3
3565,2028,3.5338497923105576,3
3565,3476,3.8721010826098126,4
3566,1259,3.928913226292612,4
3567,1307,3.9911277356378108,4
3569,170,2.5203364471062955,2
3569,337,3.5298595480669372,4
3569,1031,2.8883997173434044,2
3569,1089,3.3385666736135415,5
3569,1268,3.8407641212879806,3
3569,1377,2.8342929852251517,1
3569,1923,2.9618917930359974,3
3569,1968,3.1047303306200047,3
3569,2328,1.7914353175431559,2
3569,2712,3.9510835330432568,5
3569,2716,3.060512906236603,5
3569,2799,2.0,2
3569,2959,3.407072998745186,5
3569,3285,3.0,3
3569,3663,1.0,1
3569,3773,1.0,1
3569,3928,3.0,2
3570,2290,3.0,2
3571,2719,3.1571175407523215,1
3571,2976,5.0,2
3571,3147,2.9939492264233385,2
3572,265,4.3379385475175285,5
3572,923,4.511273309999421,5
3572,1179,4.422634780717063,3
3572,3362,4.391329294615691,5
3573,135,2.0,1
3573,588,3.4241782461281227,3
3573,589,3.5992856245764266,2
3573,1214,4.111417208221176,3
3573,2137,3.4935393906975403,4
3574,1032,4.606357919553003,4
3574,1244,4.089131426092715,3
3574,2302,3.798117290602521,4
3574,3578,3.905933834652929,5
3574,3811,4.0,4
3575,1261,2.906783094930854,3
3575,3842,3.0,3
3576,480,3.5953107419004846,4
3576,541,3.5114064006241192,3
3576,924,3.6048637933521803,3
3576,1380,3.567666476749422,4
3576,1674,3.4211016891180304,3
3576,1702,3.3289703066079586,3
3576,1760,3.0,3
3576,2088,3.3090148944774076,3
3576,2344,3.0,3
3576,2367,3.3282720015368916,3
3576,2471,3.3471711053056405,4
3576,2615,3.17014090110414,3
3576,2815,3.5553728435457157,3
3576,2993,3.6605723683306794,2
3576,3024,2.0,3
3576,3028,4.0,2
3576,3101,3.8041223422103063,4
3576,3633,3.6307589365808854,3
3577,2125,4.08013154235102,3
3578,2,3.2421163646709577,4
3578,608,3.7169796495428713,3
3578,909,4.047348895617779,4
3578,1101,3.4434860292483576,3
3578,1552,3.3291517927591725,4
3578,1645,3.4819956541168366,4
3578,1777,3.4805242023030165,3
3578,2065,3.80949310759127,3
3578,2109,3.5619296305507855,4
3578,2401,3.0,3
3578,2926,3.308913998202053,3
3578,3578,3.5837862584973275,5
3578,3697,3.2199114308603782,2
3579,21,3.5053143944241345,4
3579,1356,3.382987844346418,4
3579,1556,2.805529355322221,3
3579,1920,3.2103845008317258,4
3579,3440,4.0,2
3580,1320,3.8842004129377212,4
3580,3705,3.0,3
3581,3527,3.132282444068578,4
3582,60,4.0,5
3582,836,3.044556904955291,4
3582,1011,3.6715355949287,4
3582,1031,4.344507595400543,5
3583,1722,3.3660853425463446,3
3584,3821,3.0,1
3585,1639,2.990135055430385,1
3585,2065,3.8120819207636947,3
3585,2250,3.0,4
3586,534,3.6528277608648274,3
3586,608,3.4341691525833227,4
3586,1265,3.2632173352752356,5
3586,1457,1.9898268609254028,4
3587,1240,4.187130684011838,5
3587,3802,3.0,4
3588,908,4.281948899200269,4
3588,1101,4.171149691544635,3
3588,1954,4.1957895976850645,5
3588,2115,4.176042903909875,4
3588,3471,4.182002165266764,3
3588,3487,4.506508308299211,4
3589,159,3.0,1
3589,419,2.2649113774290264,1
3589,469,3.0,1
3589,553,3.5788339578109327,1
3589,830,2.711669999668585,1
3589,1374,2.841884339303733,5
3589,1732,3.0186389830171745,5
3589,1777,2.96793404895529,1
3589,1918,2.8561955003458603,4
3589,1965,3.297778722793538,1
3589,2009,2.7864668446894005,1
3589,2051,1.8438831016516208,2
3589,2344,3.0,2
3589,2826,3.2348761933070334,3
3589,3040,3.052110689803533,3
3589,3095,2.704432754981858,1
3589,3122,3.0,3
3589,3404,3.0,1
3589,3479,3.324289128772286,4
3589,3782,3.0,1
3590,482,3.0,4
3590,1029,4.49553844180403,5
3590,1307,4.4118627891639255,5
3590,1644,3.7989217930773984,2
3590,2078,4.417575335756598,4
3590,2174,4.312157965946784,4
3590,2599,4.530386919868308,4
3590,2706,4.402063055852264,5
3590,3555,4.3440233660386305,2
3590,3635,4.469589527519554,4
3590,3685,4.660333780429397,3
3590,3755,4.611452809189908,4
3591,14,3.0,3
3591,105,3.0,4
3591,318,4.094982180874314,5
3591,2912,4.5830762420827895,4
3592,144,3.0,4
3592,207,3.9106983433533413,5
3592,265,4.6733751583505025,5
3592,736,4.365920764685456,4
3592,955,4.8614518984948445,5
3592,1233,4.803700985010988,5
3592,1304,4.662899101939211,5
3592,1968,4.36355547068352,5
3592,2126,4.477402943093569,3
3592,2599,4.50806872403849,5
3592,3578,4.476995408778042,5
3593,1648,5.0,4
3594,10,4.21271642897392,5
3594,594,3.439422667989101,1
3594,1092,3.944218416074164,2
3594,1198,3.6145064136937117,5
3594,2899,3.0,2
3595,260,4.255868165180365,4
3596,1267,4.82693947490719,5
3596,2396,4.74630253740186,5
3596,3504,4.82236022787662,5
3597,170,4.0,1
3597,3751,4.50772047980764,5
3598,597,1.0,1
3598,1945,1.0,1
3599,145,3.8548275144479534,4
3599,494,3.54581429908432,3
3599,737,3.4236682335850364,3
3599,1750,3.0,3
3599,2617,3.4971347438864924,3
3600,342,3.986878459199516,4
3600,765,2.9565378652359797,3
3600,1405,3.2940862893537544,1
3600,1602,3.0,2
3600,1672,4.2309381502551275,4
3600,2002,4.0343992317460176,4
3600,2054,3.5373972003119394,4
3600,2524,3.488301548813186,2
3600,2929,4.088589371912508,3
3600,3152,4.249622049316684,4
3600,3176,3.917460328658072,4
3600,3244,4.172174987123569,4
3600,3247,3.980047849990813,3
3600,3251,4.0,4
3600,3418,4.057309621494613,4
3600,3735,4.241583767677264,4
3601,48,4.4807515937218,4
3601,317,4.123082816301261,3
3601,1097,4.139904299497557,5
3601,1185,4.690196140018085,5
3601,1210,4.086448865012518,4
3601,1271,4.190624636076922,5
3601,1422,4.0,4
3601,1569,4.138095696484314,4
3602,745,3.0,5
3602,969,3.8999431946301883,4
3602,2517,4.0,3
3603,112,3.0700114928912656,4
3603,736,2.911508662160618,1
3603,1876,2.9287759477540254,2
3603,2058,3.0804698229266654,4
3603,3046,3.0,3
3605,1196,4.367895824356196,5
3605,1466,4.581820046853176,5
3605,2702,3.8126477614307723,3
3606,1213,4.12772672053643,3
3607,21,3.253194844967328,4
3607,737,3.270800188332357,2
3607,1204,4.382363215264902,4
3607,1373,3.1658284148501616,3
3607,1517,4.012006609057487,1
3607,2287,4.520721081404263,4
3607,2600,2.0,2
3607,2670,5.0,5
3607,3219,4.125107037802288,3
3607,3703,3.9922347275520207,3
3607,3793,3.29990363379974,4
3608,107,3.0,4
3608,838,3.740863466283724,5
3608,1885,4.108017060829457,5
3609,342,3.308156966240828,3
3609,367,3.5705936955576454,4
3609,474,3.665497863042936,4
3610,165,3.347778962515073,4
3610,353,3.3374451244522074,4
3610,376,4.121786289154795,2
3610,520,3.624798951180882,5
3610,912,2.40204100712843,1
3610,1067,1.0,1
3610,1127,3.1831107417529383,4
3610,1431,4.001471929726405,4
3610,1754,4.1618810963074955,4
3610,1941,3.0,1
3610,2354,1.0,1
3610,2605,4.0257988497520385,5
3610,2654,1.0782579207745497,1
3610,2857,2.016096363184894,1
3610,3254,3.769895835955845,3
3611,534,4.473914305657401,5
3611,838,3.905670373046266,4
3611,1682,4.061080746067603,5
3611,3471,3.9614951690130207,4
3612,1381,3.489081712905753,2
3612,3441,3.8288202597137935,4
3614,1307,3.7034703893812706,4
3614,2457,4.0238685246831984,2
3614,2683,3.461490936707909,3
3614,2840,3.029521112667593,3
3614,3148,3.8246540300403353,1
3614,3760,3.0,4
3615,678,3.0,4
3615,951,4.10335376255815,4
3615,2143,3.7267975819484924,2
3615,2804,4.041048137048798,4
3615,3340,5.0,4
3615,3735,3.6472913782055563,3
3617,1198,4.417476702720426,4
3618,4,3.0000000000000004,2
3618,222,3.496528950503162,3
3618,230,3.4132291320572907,3
3618,438,3.0,3
3618,648,3.1004798982710318,3
3618,1080,3.287461388120241,3
3618,1345,2.9841197413322846,3
3618,1791,3.0,3
3618,1836,3.0,3
3618,2112,3.500691806652814,3
3618,2279,2.7889884707127264,3
3618,2291,3.274987359705227,3
3618,2501,3.5408891151762933,5
3618,2561,3.0,3
3618,2598,2.9357899450840144,3
3618,2722,2.8000343944365413,3
3618,2851,2.750240499740647,3
3618,2936,3.0,2
3618,3015,3.3811266092886427,3
3618,3061,3.611734572854217,4
3618,3112,3.0,3
3618,3169,3.206717835320205,3
3618,3500,3.0,3
3618,3809,3.2297755579812404,3
3619,2840,3.715974097384982,3
3619,3285,3.0,5
3619,3897,4.010464273022861,5
3620,110,3.424627136033216,4
3620,1042,3.1704821150211706,3
3620,1073,3.4112113095906382,4
3620,1261,2.7396736629649356,4
3620,1670,3.0,1
3620,1721,3.4025491791306526,4
3620,2058,3.4190244547702724,3
3620,2407,2.8380544591798116,3
3620,2808,2.7063141174276897,3
3620,2815,3.0312910038583607,1
3620,3354,3.1118448838962056,3
3620,3565,2.0,1
3621,196,2.313193674647937,2
3621,596,2.6860496081080765,2
3621,707,4.0,3
3621,1199,3.212678858543543,5
3621,1247,3.7411035295540445,5
3621,1307,2.8744082030832963,3
3621,2009,2.518028377292822,4
3621,2028,3.4058631887986666,4
3621,2150,2.4168815286569862,2
3621,2194,2.8269032034838038,4
3621,2301,2.518449185305394,4
3621,3360,3.23050460413985,2
3622,1183,3.948385324616108,5
3622,2926,4.121578982055035,5
3622,2987,3.874428184657777,3
3622,3671,3.928548703772072,4
3622,3741,3.0,5
3623,3490,3.0,2
3624,160,3.7553983553729355,4
3624,277,3.0,3
3624,370,3.718270801698521,3
3624,480,4.129507887773141,4
3624,555,4.225684976109644,4
3624,1129,4.033947223291155,4
3624,1213,4.334484045034515,5
3624,2147,3.0,4
3624,2291,4.301445481987479,5
3624,3055,3.0,4
3625,223,3.431804512446619,3
3625,1092,3.710828420402715,4
3625,1233,4.190750440343705,3
3625,1407,3.7801464717451188,3
3625,2433,3.261312964983094,1
3625,2826,3.188962256356717,2
3626,153,3.830018735402084,4
3626,1097,3.940755579254029,5
3626,1204,4.181118170740596,5
3626,1285,3.9144890511342822,3
3626,1372,3.6549700113074852,4
3626,1616,3.613873847837677,2
3626,1979,3.226918220176798,3
3626,2001,3.702053742209535,5
3626,2018,4.046820620238532,5
3626,2088,3.6946032414540957,3
3626,2118,3.928606305510767,3
3626,2399,3.0,4
3626,2722,3.798229924302464,5
3626,2802,3.630317662623264,4
3626,2808,3.4923122704838625,4
3626,2947,4.045900958246179,4
3626,3263,4.064609607222213,3
3626,3441,3.9062839281501853,5
3626,3693,3.8007091453537143,3
3627,608,3.6761358995390636,5
3627,736,3.9651105978257006,1
3629,541,4.592675248744433,5
3629,918,3.0,4
3630,356,3.5701530850609733,4
3630,367,3.449203765939171,3
3630,1136,3.798011480257578,5
3630,1739,3.0,1
3630,2302,3.5725519937062025,3
3631,2193,3.9542495302998755,4
3633,2944,4.762414457949257,5
3634,3082,3.5113467470400375,4
3635,1304,4.241110801151391,3
3635,2291,4.092246464835736,3
3635,3668,2.9999999999999996,5
3638,968,4.02653512737679,4
3638,1372,3.832238253790761,3
3638,2428,2.670827624063387,3
3638,3000,4.0,3
3638,3053,3.0,3
3639,2804,3.0549912893944784,4
3639,2918,2.9731967282472276,5
3641,175,5.0,5
3641,443,3.0,4
3641,1186,4.22123392912889,4
3641,1217,4.003466871719737,5
3641,1611,4.585052600930654,3
3641,1994,3.6679133172267444,3
3641,2393,3.0784132109232147,2
3641,2672,3.337099311891167,5
3641,3175,3.399382473372074,1
3641,3198,3.3345566902298693,4
3641,3259,3.1877879229842883,4
3643,260,3.7848831520173776,5
3643,457,3.7046892762374766,4
3643,1183,3.84215111577895,4
3643,1214,3.436242554857574,5
3643,1562,3.0487250058815842,2
3643,2987,3.8147286875417032,4
3645,541,3.682630837342077,5
3645,750,4.215452261786347,5
3646,480,4.196042084092755,4
3646,1267,4.796159259475197,5
3646,2571,4.280251154957377,5
3646,3070,4.058631664484194,3
3648,18,4.0,3
3648,20,2.4130300373607843,2
3648,162,2.914201311101996,1
3648,252,2.8667040689422363,3
3648,387,3.0,1
3648,474,3.611249631040168,4
3648,504,2.575251917760487,2
3648,539,3.565780623588958,2
3648,551,3.673499782301133,2
3648,1136,3.58022792788844,4
3648,1270,3.5597260424298027,5
3648,1372,3.1539160574019567,3
3648,1626,2.4637579985304066,3
3648,1722,3.572985449421629,5
3648,1909,3.304830750567864,4
3648,1961,3.6231316627945844,3
3648,2188,3.0,4
3648,2794,3.4328239192006142,3
3649,1296,5.0,5
3649,2020,4.465840570090241,5
3650,224,4.209148307548453,4
3650,235,3.898089296420686,2
3650,349,4.016418769228481,4
3650,453,3.0,3
3650,529,4.373853006176666,4
3650,902,4.418838201958511,5
3650,955,4.354198430853569,3
3650,1030,3.2883026026475433,3
3650,1265,4.069484674184673,5
3650,1432,4.0,4
3650,1611,3.6503754077516053,1
3650,1688,3.8712522201797674,4
3650,2100,4.0303201137279006,4
3650,2423,3.889402158616651,3
3650,2453,3.0,3
3650,3268,2.2702092536352643,1
3650,3500,3.0,3
3650,3699,4.100200564576769,4
3651,1248,4.850602269373473,5
3651,2476,2.6567953305939587,4
3651,3015,4.0,4
3651,3427,3.0,4
3651,3618,3.0,4
3652,480,3.5928618212738366,3
3652,2011,3.5690092515022496,4
3652,2034,2.9196104340877227,2
3652,3440,4.0,2
3652,3712,3.4778625064747155,4
3653,2662,4.104288289019651,3
3654,6,3.534248294102508,4
3654,29,3.5479431170320743,4
3654,70,3.5147241370225992,3
3654,95,3.157876275657805,2
3654,372,3.569237124267254,1
3654,1200,3.5440731554815295,4
3654,1210,3.5091088430948685,4
3654,1304,3.758430714594913,4
3654,1500,3.6302635455319536,3
3654,1552,3.308514316662636,2
3654,1779,3.247152120527705,1
3654,1792,3.0773458794949473,3
3654,2527,3.787728940799279,3
3654,2683,3.73009855990374,3
3654,2826,3.6624787359342585,4
3654,3578,3.528744626173981,5
3654,3697,3.180293708950989,3
3657,2826,4.428384412213376,4
3658,293,4.136961859637821,4
3658,910,4.423792796019998,5
3658,943,4.0,5
3658,1194,3.0,5
3658,1219,4.382314431544396,5
3658,1376,4.342676079007407,4
3658,1690,4.056639847157346,3
3658,2699,4.196879061419682,4
3658,3930,4.0,4
3659,1625,4.294408317106712,5
3659,2596,3.0,5
3660,3527,4.081690040135655,4
3661,1278,4.093937470845727,5
3661,3693,4.745555797114448,4
3662,2553,3.877412679865335,3
3662,3780,4.699551646597902,4
3663,170,3.9795536246184264,4
3664,41,3.0,4
3664,539,3.014111918980213,2
3664,1913,3.0,5
3664,3421,3.3664267106609445,3
3665,589,3.9559108455188947,4
3665,940,3.9136266254498944,4
3665,1199,4.023141494881781,4
3665,1201,4.004707817235142,3
3665,1347,3.793575791279192,3
3665,2099,4.077756198113657,4
3666,1197,4.4460996031240425,4
3666,3176,5.0,4
3668,3730,4.403365531126927,4
3669,454,3.617837972419748,4
3669,762,2.156947008774429,2
3669,1393,3.7098046867678285,3
3669,1544,3.3169102400252,3
3669,1597,3.3642214014743343,3
3669,1620,3.172902170643387,4
3669,1883,3.883131082380689,3
3669,2042,1.9372589091332306,1
3669,2174,3.693530011006327,3
3669,2429,3.0,2
3669,2808,2.3868695522709604,1
3669,3698,3.3617861140332645,4
3670,3771,3.0,2
3670,3844,4.0,4
3671,198,4.0085877596688375,5
3671,1220,4.482710447323674,5
3672,2398,2.7446896027700576,5
3672,3107,3.30341820789249,4
3672,3257,3.4092437141935226,3
3672,3654,3.488335140564374,3
3673,1080,4.102753064622477,4
3673,1196,4.089628965878683,5
3673,1279,3.0,2
3673,1288,4.07989112435863,3
3673,2111,3.65844826481637,3
3674,111,4.197778765089898,4
3674,1198,3.7068330419462017,5
3674,1247,4.32657669309889,5
3674,2352,3.707497706713686,4
3675,22,3.5664564101581657,4
3675,288,3.8630991722701875,3
3675,303,3.341416429842074,3
3675,497,3.864736889999968,3
3675,922,4.110080879948507,5
3675,986,3.0,4
3675,1083,3.5028018601667688,4
3675,1148,4.436304732103355,5
3675,1247,4.1237327138829905,4
3675,1291,3.875465707773147,5
3675,1688,3.7356761837363694,3
3675,2142,2.829362162617133,2
3675,2352,3.8462207669383948,4
3675,2416,3.73685995084909,4
3675,2530,3.315402593262712,4
3675,2531,3.2529539018929174,3
3675,2670,4.649490489692481,4
3675,2990,3.5860403247597468,3
3675,3081,3.5217832231011994,4
3675,3156,3.0,2
3675,3196,4.333662526564919,4
3675,3361,4.018392567353218,4
3675,3617,4.00938680106935,3
3675,3671,4.045945898535951,5
3675,3755,3.843737233564161,4
3676,3070,4.166187915751283,3
3677,1258,3.78195879136566,5
3677,1387,4.384187153815777,5
3677,2752,3.0,3
3677,3587,3.0,5
3678,1270,3.767172711430936,3
3678,1584,3.5701164038693114,4
3678,1909,3.191110158602492,3
3679,1060,4.043840406060724,4
3679,1097,4.044651139065496,5
3679,1396,4.059192480843086,5
3679,3082,3.909736835377284,4
3679,3578,4.0369642027755255,5
3680,1897,3.0,5
3680,2291,4.292585860153707,3
3680,2959,3.5264279341421267,4
3681,18,4.0,4
3681,161,4.294753180980518,4
3681,196,4.0705292675055,3
3681,548,3.9158211667846126,1
3681,784,3.9570494742063542,4
3681,1079,3.967628461788135,4
3681,1356,3.898656448239804,4
3681,1610,4.264376650747448,5
3681,2072,3.197062548677589,3
3681,2406,4.168294482259057,4
3681,2540,4.503617226803505,3
3681,2683,3.9773561125474153,4
3682,2423,4.494093345566184,4
3683,47,3.2553600286173063,5
3683,463,3.0,1
3683,523,3.0,2
3683,913,4.171284064229541,4
3683,924,3.661366269813489,5
3683,1500,3.3458855306525463,4
3683,2003,3.011726250417946,3
3683,2005,3.146708752585663,2
3683,2065,3.539870351928692,4
3683,2194,3.282401745221661,4
3683,2371,3.104237262331313,4
3683,2455,3.2175099443775803,2
3683,2571,3.316822733347824,3
3683,2643,2.141958198966377,1
3683,2716,3.2582035843644497,4
3683,3087,2.941511431182403,4
3683,3481,3.6775188159188406,2
3683,3766,4.0,1
3683,3783,3.0,4
3684,1573,4.694643812767455,4
3684,1617,4.572149444508107,5
3685,541,4.40747687265359,3
3685,1265,4.15686795799286,4
3685,1271,3.949420683848691,4
3685,1500,4.204260530199869,5
3685,2058,4.086148130429051,2
3685,2890,4.217034503404658,4
3685,3104,4.171747906281547,5
3685,3252,4.0534296076184075,4
3685,3271,3.9941668283366867,3
3686,1136,4.531617080069847,4
3687,1084,3.983206140356726,5
3687,2053,3.7060479578590915,2
3687,2294,2.6756460848188732,1
3687,3820,3.0,1
3688,924,4.575155270644331,5
3688,1212,4.80555609934777,5
3688,1225,4.414546518543604,5
3688,1944,4.662155070386484,5
3688,2289,4.61894799072076,5
3688,2324,4.547253539790193,5
3688,3328,5.0,5
3688,3360,4.539512284629037,3
3688,3363,4.561786761401879,5
3688,3527,4.528553482215261,4
3689,441,3.1639679751357157,4
3689,725,3.0,2
3689,805,3.4388554506368165,3
3689,833,3.0,1
3689,2916,3.19741657962768,2
3690,376,2.7919988166563625,2
3690,377,3.0351929884502726,3
3690,1183,3.484041527207984,4
3690,1616,2.544906912737656,2
3690,1754,3.0545611545928995,3
3690,1905,3.0,2
3690,1912,3.256697158343091,4
3690,2188,3.0,2
3690,2485,2.9965545199160926,2
3690,2596,3.0,5
3690,2688,2.908012608755281,3
3690,2772,4.0,3
3690,3178,3.3646717737528,3
3690,3257,2.5902285036609407,3
3691,1282,3.9064038296297885,5
3691,2278,3.861013227949344,3
3691,2628,3.8412782209658958,4
3691,2683,3.931395798480829,4
3692,2005,3.709851477625786,4
3692,3826,4.0,3
3693,1375,3.52786627724604,3
3693,1573,3.596989181590705,3
3693,1631,3.0,4
3693,1690,3.311889691946805,3
3693,1704,3.806695241329823,4
3693,2020,4.0206457347359175,4
3693,2124,3.529731889112783,4
3693,2321,3.702012799500354,4
3693,2922,4.705507893658631,4
3693,3098,3.99937112621246,5
3693,3252,3.7418313695279566,3
3693,3253,3.643373230590881,4
3694,1500,4.031975902955118,4
3695,161,4.179640751499179,4
3695,1257,3.951830016994367,4
3695,1393,4.128945188191137,3
3695,1620,4.489972245690053,3
3695,1982,3.742077526162112,4
3695,2111,4.4563628607020735,4
3695,2997,4.220199849665807,5
3696,471,4.021959287798711,3
3696,508,3.895965057373932,4
3696,1257,4.27176213693213,4
3696,3114,4.101866878202506,5
3696,3827,4.0,4
3696,3868,4.085965637549049,4
3697,317,4.550232968644309,5
3697,2906,3.0,2
3699,110,4.616032220483786,5
3699,919,4.566121551713174,5
3699,1957,4.243436935301185,4
3699,3469,4.42591111025546,5
3700,1476,4.530087666447504,5
3701,1013,3.0,3
3701,1198,3.7242164938752853,5
3702,1,3.8147689739944597,4
3702,125,3.0,5
3702,2520,3.0,4
3703,1732,3.816715075693172,1
3703,2001,4.437075713523028,4
3703,3263,2.599398863100726,3
3703,3793,3.227813438483993,5
3703,3821,3.0,1
3704,1704,4.4182075106594505,4
3704,2716,4.561286388064981,5
3704,3717,3.2242489297043577,2
3704,3751,4.316124805262214,5
3705,144,2.9999999999999996,4
3705,350,3.5764854161298176,3
3705,441,3.917929420728875,4
3705,455,2.0,3
3705,536,3.0,3
3705,830,3.2652781627676912,2
3705,1079,3.9159711748386847,4
3705,1135,3.7512682323785578,4
3705,1230,4.278649889304126,5
3705,1293,4.075971458158978,4
3705,1663,3.8161260268397257,4
3705,2130,4.280477122398082,4
3705,2712,4.200416997768583,4
3705,2739,3.861742367266749,4
3705,3019,4.351180696237967,4
3705,3036,4.0,4
3705,3169,3.9985224053236905,4
3705,3210,3.859255544766518,3
3705,3397,3.829757196691588,4
3705,3420,3.0,3
3705,3733,4.159848579242445,4
3706,318,4.345242765449657,5
3706,2150,5.0,4
3707,42,3.0,4
3709,350,3.7109340376000217,3
3709,410,3.3354191045380226,4
3709,597,3.7220482351588657,3
3709,671,3.0,3
3709,1711,3.8991236966162512,3
3709,1968,3.7784042485981053,5
3709,2316,3.1569568220337763,1
3709,2395,4.008381000411979,4
3709,2413,3.170820080346284,3
3709,2724,3.59452951614568,3
3709,3257,3.2430267161880546,2
3709,3846,3.0,3
3710,39,4.012339738783261,2
3710,1777,3.971040084934618,3
3711,3793,3.8144957356874998,4
3712,736,3.8357011223832895,3
3712,849,3.7442043346555107,3
3712,1197,3.8788383957832258,5
3712,1265,3.879999037595794,5
3712,2248,3.9246978824350465,4
3712,2399,3.0,3
3712,2470,3.817911997528668,4
3712,2640,3.5343093566038903,3
3712,3104,3.9359791283075047,4
3713,140,2.9963821096113894,3
3713,1059,4.3342765141444515,3
3713,1580,4.042330013950793,4
3713,2020,4.0931215116650215,5
3713,2237,3.0,4
3713,3313,3.0,2
3714,481,2.493348846930835,4
3715,46,3.0,1
3715,1210,4.184844477818544,5
3715,1374,4.193552412511809,5
3715,2322,3.6918087644343562,2
3715,2858,4.206169819522221,5
3716,110,4.1692601353677965,5
3716,457,4.049005405518684,4
3716,500,3.6329626813254023,3
3716,543,3.963123664543426,4
3716,1089,4.319041270596154,5
3716,1100,3.6726276234585242,4
3716,1753,3.0,5
3716,2004,3.722354746459121,3
3716,2500,5.0,1
3716,2828,3.0,1
3716,3157,4.0,2
3716,3243,3.3024135232915,4
3716,3275,3.0,5
3717,463,3.0,2
3717,1214,3.9736578952586377,4
3717,1234,4.011996015022967,5
3717,1288,4.101387726092044,5
3717,1358,3.9942075929103793,4
3717,2028,3.9613365382141144,5
3717,2076,3.938006049284377,2
3717,2526,3.0,2
3717,2881,3.9969617953409067,4
3718,1231,3.5459183621840995,3
3718,3468,4.03667536485764,4
3719,223,3.9255867299943232,5
3720,348,2.5295994197803227,3
3720,553,3.5651986609261996,3
3720,661,3.1769916863789556,2
3720,1089,3.76572601269102,4
3720,2616,3.396464451363903,2
3720,2690,3.0,4
3720,3755,2.8066944721837666,4
3721,30,3.0,5
3721,1217,3.503429053564838,5
3721,2600,3.0,4
3721,3037,3.8104484027957035,3
3723,1259,4.4631133746810265,5
3723,3210,4.359573684088102,5
3724,552,3.8468702012179357,3
3724,833,3.0,2
3724,1094,3.9137767255338294,4
3724,1288,3.9512277150730326,4
3724,1588,3.7452196977163736,4
3724,1663,3.766963423640689,4
3724,1858,3.0,4
3724,1912,3.915286769750511,4
3724,1968,3.8414178717182232,3
3724,2072,3.0966099142006165,1
3724,2118,3.5178006213579494,3
3724,2174,3.8080990090596867,4
3724,2335,3.2221022335677523,3
3724,2355,4.115469689043201,5
3724,3071,4.573666416529692,3
3725,3578,3.927387937121332,4
3726,1206,4.02019735489929,4
3726,1590,3.3312062192854555,2
3726,1855,3.0,3
3726,2012,3.682810094043961,4
3726,2151,3.0,2
3726,2808,3.222443142091577,2
3726,2947,3.7931666884765476,3
3726,2968,3.7439607215963835,4
3726,3635,3.660045843140503,3
3727,132,3.0,2
3727,1247,3.817881566702081,4
3727,1250,4.081749460398573,5
3727,1370,3.512574774761394,3
3727,1687,2.7257773145535587,3
3727,2002,3.286041046096061,3
3727,2475,3.0,3
3727,2772,4.0,3
3727,2866,5.0,4
3727,3152,3.694926734249935,4
3728,2763,3.8994977529863966,5
3728,2959,3.807971016040731,5
3729,1292,4.119653172290667,3
3729,2004,2.797089086259824,2
3729,2011,3.8847971462835553,2
3729,3105,4.259229983522595,5
3729,3448,3.9548989062794635,4
3729,3735,4.550081116816148,4
3731,780,3.3509589590859505,4
3731,1544,3.201604457108138,1
3731,2408,2.134134947691136,1
3731,2571,3.5819087732107793,5
3731,3662,1.0,1
3731,3758,3.0,3
3732,348,2.692852342164277,4
3732,594,3.4066522892508173,5
3732,1304,3.6303078088054317,3
3732,2028,3.7315411927126947,3
3732,2289,3.7785255063781737,5
3733,296,4.111528468195724,5
3733,306,4.0,5
3733,1449,4.023306122072905,4
3734,370,3.9519366179671094,2
3734,2302,3.25546838012641,2
3735,101,3.304975087738497,4
3735,518,3.0,2
3735,1916,2.0,3
3735,1918,3.220273137874292,2
3735,2088,3.2787882790227796,2
3735,2100,3.7246623033947817,3
3735,2194,3.8178773119134273,4
3735,2335,3.014061571427471,3
3735,2348,5.0,3
3735,2352,3.7762003005170928,2
3736,25,4.220502024076058,5
3736,879,3.4905715368597305,3
3736,2461,2.5543312252341224,2
3737,92,3.0,1
3737,1221,4.036439213494744,5
3737,2403,3.821617602739402,3
3738,2396,4.866732039450695,3
3738,3869,4.629924173265272,5
3740,260,4.565273006878523,4
3741,1089,3.714794803656716,5
3741,2858,3.68773567712756,3
3741,3793,4.025852184286086,4
3742,318,4.004650643271554,5
3742,1459,4.0,4
3742,1468,3.0,4
3745,1537,3.0,3
3745,1641,3.713706476584777,3
3745,1713,2.7498007397435855,3
3745,1784,3.6702664889234633,4
3745,2699,3.623914027613356,3
3745,3839,4.0,3
3746,112,3.2140186388747045,5
3746,539,4.064101838175331,3
3746,588,4.102204991943996,2
3746,1221,4.256654840264307,5
3746,1639,3.858701396505255,5
3746,2143,3.233424320679004,4
3746,2146,4.035120755291224,4
3746,2325,3.0,2
3746,2411,3.554074794042106,2
3746,2796,3.796164672951337,1
3748,1060,4.143204883825117,4
3748,1663,3.897155250805864,5
3748,2599,4.2467983610632976,1
3749,1343,3.644342900172136,5
3749,3219,2.9895105419983348,4
3749,3686,3.5360358066063653,2
3750,1221,3.6903476104544315,3
3751,1913,3.0,2
3751,2176,4.332744314285915,4
3752,82,3.0,3
3752,307,3.313333905892772,3
3752,1099,4.0,3
3752,1294,3.702542050523116,1
3752,1584,3.727724801206363,3
3752,2580,3.7173149217999706,5
3752,3007,3.0,2
3752,3147,4.355606114712092,4
3753,1259,3.8527428762695726,5
3753,3210,3.392678834851139,5
3754,1958,3.8581538073134802,4
3754,2009,3.4497065628502264,3
3754,2163,4.0,3
3754,3039,3.881531750707217,4
3754,3519,3.285867937688013,4
3754,3545,4.465988709180417,4
3755,1247,4.603731624734582,5
3755,2396,4.5718353321677325,4
3756,2,3.955081211856678,3
3756,79,4.0,4
3756,1240,4.168851584342033,3
3756,1293,3.719164561641979,5
3756,1302,4.221377989007034,5
3756,2006,4.207398791334003,4
3756,2081,4.101372637023087,4
3756,2394,4.227819527173116,5
3756,2450,3.8093401383529235,2
3756,2641,4.015142292347736,4
3756,2687,4.162872294004824,4
3756,2796,3.4998546904161545,3
3757,222,4.5384946718295724,4
3757,260,4.4824946213726165,5
3757,292,4.515055664609078,5
3757,353,4.185603473976774,3
3757,480,4.443332799514781,5
3757,902,4.6350739418775415,4
3757,1221,4.575019740582439,5
3757,1343,4.342860148366049,3
3757,1955,4.321709365171777,4
3757,3098,4.469629188496678,5
3757,3578,4.551066280056976,5
3757,3791,4.369476051254314,4
3758,3082,3.753936099298182,2
3760,34,4.187656092444408,5
3760,60,3.6835939824152923,2
3760,380,3.813739404553048,3
3760,1196,3.8944862777474984,4
3760,1221,3.9740812528309437,5
3760,1242,3.9679378446583944,4
3760,1258,4.081863697751249,2
3760,1283,4.294541009832375,3
3760,1334,4.163545636430102,4
3760,1371,3.8073791188026394,3
3760,1862,4.0,3
3760,2327,2.5020691016966166,4
3760,2867,3.975327693622192,5
3760,2916,3.8567760085462406,3
3760,3421,4.008881392481423,5
3761,3033,4.3634341084945465,4
3762,546,2.1446474469170247,1
3762,968,3.4102306046039086,4
3762,1036,3.083377418216098,2
3762,1130,2.5430999249627835,2
3762,1179,3.7602748577409044,3
3762,1326,1.27246303850674,1
3762,1625,2.7840010483911706,5
3762,2528,2.996313090369574,2
3762,2614,1.0,1
3762,2939,3.0,4
3763,42,3.0,3
3763,1573,3.9777653632692815,5
3763,1968,4.136898147046066,4
3763,2253,4.217584734644074,4
3763,3267,3.8152449715225236,2
3763,3702,3.8571050093341186,3
3766,276,3.4157580028920242,3
3766,440,3.360949059389235,4
3767,326,5.0,5
3768,162,4.359296778883838,4
3768,260,3.7519956398402,5
3768,272,4.672798631675959,4
3768,362,3.0,3
3768,1194,3.0,4
3768,1252,4.26372015537687,3
3768,1320,3.374320935340643,4
3768,2096,3.677836402148557,3
3768,2145,3.5723496933987966,3
3768,2455,3.7607561721112632,3
3768,2985,3.569434068641404,3
3768,3160,4.327544591382505,5
3769,529,4.5474096372856145,4
3769,587,4.266807762886299,4
3769,1199,4.389803257711067,5
3769,1278,4.525144965043027,5
3769,1392,3.0,4
3769,1466,4.51711562173619,4
3769,1816,3.0,4
3769,2115,4.275290260128604,4
3769,2184,4.495499867986573,5
3769,2750,4.787186916455888,4
3770,348,3.8430469989606917,3
3770,471,4.303187747841239,4
3770,934,3.0,4
3770,1259,4.057850263172283,4
3770,2243,4.434069995837935,4
3771,368,3.2017199072387634,3
3771,1101,3.2688162835843215,3
3771,2001,2.7917961064564434,5
3771,2789,2.5487323917455567,4
3771,3264,3.1131333441572973,2
3772,19,5.0,3
3772,1019,4.334486715346714,3
3772,1032,3.0,3
3773,778,3.643481921486627,3
3773,1286,3.505296637974385,4
3773,1573,3.730540462875824,3
3773,3363,3.801228949555662,5
3773,3591,3.6048210644317153,2
3773,3752,4.519925171976501,4
3773,3785,4.328443902007088,4
3773,3812,4.0,3
3775,837,3.0,3
3775,1226,4.0,5
3775,2289,3.8998909915854814,3
3775,3210,3.830645326988065,5
3776,1288,4.12775260087763,4
3776,3552,4.016892445846688,4
3777,3763,3.593244158131764,3
3778,161,3.410193868220226,3
3778,293,3.454671668857871,3
3778,460,2.0,2
3778,479,2.253647637546456,3
3778,502,1.7086885861058925,1
3778,585,2.752299621131488,2
3778,610,2.9359122177500003,3
3778,1009,2.501559844753506,3
3778,1091,2.6728785851641867,3
3778,1200,3.2815678479347543,3
3778,1266,3.4493786124787458,5
3778,1307,3.0138622078972523,3
3778,1333,3.413633595020075,3
3778,1459,3.213943454421077,3
3778,1562,2.8211665191755775,1
3778,1721,3.3469044951059956,4
3778,1912,3.0272360729521948,3
3778,2249,2.3599557120642434,2
3778,2571,3.270246498059654,4
3778,2581,2.8987621075973737,3
3778,2712,3.5113871228401408,2
3778,2763,3.0093450189254525,3
3778,2815,2.7911479141038336,3
3778,3040,3.1365532330740074,3
3779,3097,5.0,4
3779,3204,3.0,3
3780,541,4.145069771501913,5
3780,1035,4.636761649885454,5
3780,1097,4.541462213306172,4
3780,1208,4.640797554526539,5
3780,1405,4.52853783096593,5
3780,1907,4.270403370983711,4
3780,2087,4.435097491001087,5
3780,2123,4.202403481501445,3
3780,2393,4.189842894286036,5
3780,2410,4.451537815438857,4
3782,1197,4.257035789804677,5
3783,3114,4.0,3
3784,357,4.060936490600105,5
3784,2599,4.269329776579745,3
3784,3060,4.307080109492011,4
3786,50,4.090225011462901,5
3786,211,3.0,4
3786,549,3.0,4
3786,2677,3.0,4
3787,1230,4.072268239686667,4
3787,3163,3.0,4
3789,904,4.425249821990237,4
3789,1307,4.19436643754804,4
3789,3067,4.513854876978559,4
3790,912,4.38869022159189,5
3790,1097,4.255224976807634,3
3791,1357,3.6990789360998417,2
3791,1836,3.0,2
3791,2028,3.812055968100383,5
3791,2890,3.683105856778258,5
3791,3118,3.0,3
3792,668,3.0,3
3792,771,3.0,3
3792,978,1.0,3
3792,1221,4.48931067097276,5
3792,1231,4.477031386163793,5
3792,1246,4.312671157468111,5
3792,1485,4.063150662311899,4
3792,1644,4.003096455534755,4
3792,1961,4.351985023454514,5
3792,2111,4.087879721032049,3
3792,2411,3.8128338932199415,3
3792,2450,3.351005275271097,2
3792,2944,4.50572640264938,5
3792,3078,3.0,4
3792,3396,4.111369743553505,3
3792,3578,4.388566166351886,5
3792,3744,5.0,3
3793,12,3.0,2
3793,2152,1.0,1
3794,2137,3.0,3
3794,2702,3.761443125402896,1
3796,1,4.031093630113277,4
3796,971,4.621670263401142,4
3796,1367,3.0,4
3796,2716,3.779370464411837,4
3796,3524,4.1107649690626715,4
3796,3813,3.0,4
3797,1396,3.380017798617399,5
3799,2053,3.0132303867053323,3
3799,3396,4.062713662711524,5
3800,2541,4.042609156612223,4
3801,366,3.9145810615834584,3
3801,407,3.855497689018367,5
3801,610,4.141683623922002,4
3801,1620,4.525441368899132,3
3801,1644,3.834328180155698,4
3801,1991,3.974245454355868,4
3801,2451,4.129506448481698,4
3801,2787,4.069167604156594,5
3801,2901,4.167933260521875,4
3802,2572,3.49571158763744,2
3802,3753,3.70734375567648,2
3802,3821,3.0,3
3803,2088,3.7938715574036506,2
3804,1288,4.366879799693218,5
3804,1320,3.4652665824597633,3
3805,50,4.048774825728401,4
3805,1617,4.101825167717623,3
3805,1674,4.380852841825335,2
3806,1756,1.0,4
3806,1980,2.961214016166456,3
3806,2782,2.9606766324759466,3
3806,3264,2.855734782193628,3
3806,3840,2.998423052968232,3
3807,653,3.598428226603147,4
3807,1130,3.3401216172271933,1
3807,1240,3.8692211274754236,4
3807,1258,3.965028209280959,4
3807,1320,3.9027237530692287,4
3807,1340,3.9244656596841025,4
3807,1527,3.8191987499211177,4
3807,1552,3.6901431314903044,4
3807,1753,3.0,3
3807,1924,3.0,2
3807,2009,4.184221219165865,4
3807,2113,3.4676345236210215,3
3807,2288,4.114375686535255,4
3807,2315,2.910459036257946,5
3807,2346,4.12000295801225,3
3807,2651,3.5623145146875785,2
3807,2762,4.021801971437896,5
3807,2788,2.794259401319164,5
3807,2797,3.9668749330281505,4
3807,2878,1.8750995692005938,2
3807,2901,3.6384104786402043,5
3807,3156,3.0,5
3807,3354,3.908423443328725,2
3808,5,3.0291806829827617,2
3808,24,3.830065077516668,4
3808,32,3.77954535963445,5
3808,218,3.0,2
3808,224,4.02608233707309,3
3808,231,3.5674847317009513,5
3808,246,4.130238501500284,4
3808,429,3.3834626980877363,1
3808,470,3.0,1
3808,589,3.7497999891184306,5
3808,674,3.1906762660039694,2
3808,1200,3.7364642235342362,5
3808,1297,3.672505746315941,3
3808,1468,3.0,2
3808,1552,3.5646091902127117,4
3808,1834,3.804433590833472,1
3808,1919,3.0,1
3808,2003,3.4830761528753014,4
3808,2278,3.8412797479499057,5
3808,2316,3.1312837861735865,3
3808,2413,3.174579519211206,2
3808,2473,3.479135883963179,2
3808,2474,3.478219021799707,4
3808,2735,3.191441704485901,1
3808,2804,3.91451782748065,5
3808,2987,3.7564565943232227,4
3808,3146,3.0,1
3808,3262,5.0,3
3808,3263,3.682132884545075,4
3808,3423,3.0,1
3808,3436,3.0,2
3808,3550,3.53411754008027,4
3808,3600,3.0,1
3808,3725,3.0,2
3808,3769,4.510192138366126,4
3809,1220,4.448630000314723,4
3809,1953,4.434311497500733,4
3810,1287,4.5982118036493755,4
3810,1304,4.397448202314612,4
3811,77,3.0,4
3811,1208,3.749932234033274,5
3811,1273,3.0,3
3811,2010,4.585117314746183,4
3811,2194,3.750104388511327,3
3811,3679,3.0,5
3813,36,4.7855187978129825,5
3813,1945,4.66845149680915,5
3813,3359,4.654652989034522,4
3815,47,4.4906868287356065,5
3815,2100,4.465358611977835,3
3815,2396,4.49500387533705,3
3815,2504,3.0,3
3816,541,3.7401420754024097,4
3816,1025,4.1897282651809995,5
3816,1288,4.00877078343571,3
3816,1374,3.8269501551489413,2
3816,1940,3.0,4
3816,2150,3.922262560153159,4
3816,2467,4.321569948870165,4
3816,2915,3.931886485250999,3
3816,3270,3.0,4
3816,3361,3.9357397738484052,3
3816,3489,4.1295334350216315,3
3816,3699,4.009341080233567,5
3816,3785,3.0,2
3817,1224,4.501308464713802,2
3817,1298,4.0,3
3818,2683,3.965941572803292,5
3819,104,4.325381551226935,5
3819,589,4.211539541093101,4
3819,673,3.75386989008622,3
3819,1653,4.264588049157873,4
3819,2858,4.322700882903552,4
3819,3752,4.0,4
3820,589,4.66095885545112,5
3820,2985,4.556748541020786,4
3821,923,3.592935616760815,5
3821,1095,3.4695264445866845,3
3821,1221,3.42162951333372,4
3821,1405,2.573544073608113,3
3821,1594,3.3733242862799275,3
3821,1719,3.619277272819941,5
3821,1758,3.0,2
3821,1885,3.3311899708437913,2
3821,1913,3.0,3
3821,2912,3.5601910315763514,3
3822,225,3.0,4
3822,356,3.755035865934644,4
3822,1673,3.77609131019211,5
3822,2858,3.7935362531383774,5
3822,3082,3.1337099636868864,3
3823,105,3.0,4
3823,434,4.334981760342622,5
3823,508,3.841693117569376,4
3823,755,3.0,4
3823,916,3.8881740791977637,4
3823,1209,4.551838786189244,5
3823,1254,4.325238606600616,4
3823,1375,4.268988026307696,4
3823,1939,3.6859568598137527,3
3823,2065,3.9383194834639017,4
3823,2268,4.159123802409124,5
3823,2501,3.7881609090829236,5
3823,3037,4.3575975015937365,4
3823,3251,4.0,4
3823,3366,4.67674194071181,5
3824,6,3.336141112476142,3
3824,543,3.167481376041896,3
3824,800,3.426995103935584,5
3824,849,3.1422818679879487,2
3824,1022,3.3929893111714127,4
3824,1161,3.0,3
3824,1178,4.30169273250424,3
3824,1212,4.050649944014389,4
3824,1265,3.308458159908319,3
3824,1272,3.648406966572336,3
3824,1358,3.3858839369887863,3
3824,1542,3.0,3
3824,1663,2.935743344762203,4
3824,1777,3.1954907329026203,3
3824,1918,3.1536861727502465,3
3824,1968,3.078721513810665,2
3824,2065,3.224950928927908,3
3824,2077,3.0,3
3824,2126,3.2366111915761158,3
3824,2367,3.0138268625611486,2
3824,2472,4.0,3
3824,2533,3.1241471368049276,3
3824,2792,2.939365733537101,4
3824,3196,4.114631232834984,4
3824,3501,3.380075229260371,2
3824,3654,3.787096372554892,3
3824,3695,2.9999999999999996,3
3824,3807,4.0,4
3824,3847,3.0,1
3824,3877,2.0,2
3825,594,3.233158381728879,3
3825,912,3.6192308540687343,5
3825,1953,3.859702584924597,4
3825,1969,2.049933946023332,2
3825,2245,2.750191973019899,2
3825,2997,3.5196900789609518,3
3825,3608,2.9795048604850036,4
3826,1361,3.0,5
3826,1639,4.297321218628069,4
3826,2858,3.667498968045602,5
3827,2,3.6332397545902713,4
3827,32,3.94544367280567,4
3827,2016,3.0,1
3827,2353,3.963435256285963,5
3827,2571,3.985104220408114,5
3829,222,3.3603418379453287,3
3829,372,3.322625894470927,4
3829,1296,4.0465810200252905,4
3829,1355,3.0,1
3829,1580,3.304870517345965,2
3829,1732,3.4325591910716486,1
3829,1892,3.4760845349424514,2
3829,2109,3.348731496228874,5
3829,2112,3.411657010191304,5
3829,2118,3.490336679939324,2
3829,2447,2.321096520005167,3
3829,2750,4.48082161958011,4
3829,2987,3.4305484583916814,3
3829,3300,2.8204272690543313,3
3829,3390,3.0,1
3829,3717,2.488341763698897,1
3830,3809,4.018735614097535,3
3831,904,4.50293042878797,5
3832,1945,4.707263117709076,5
3832,2542,4.481384557033312,5
3832,3182,3.0,3
3832,3435,4.890888259147717,5
3833,358,3.0,4
3833,588,3.549952699761399,4
3833,1047,3.901466641824016,4
3833,1079,3.5711082502115197,4
3833,1611,4.0,3
3833,2683,3.5954307550660176,4
3833,2716,3.642964013835149,3
3833,2723,3.8542958093868736,4
3833,2882,3.0,3
3833,2924,3.0,5
3833,3235,3.0,3
3834,47,4.625427946098457,5
3834,63,4.0,5
3834,165,4.322615896860018,5
3834,344,4.358111564421107,5
3834,553,4.679502151824013,4
3834,998,3.0,4
3834,1021,4.122043067926055,3
3834,1466,4.657213461208479,5
3834,1500,4.594695464364072,5
3834,1597,4.543436628732775,5
3834,2018,4.179089643950291,4
3834,2170,3.0,4
3834,2300,4.77304334925237,3
3834,2340,3.0,5
3834,2379,4.509844146970377,5
3834,2483,3.0,5
3834,2496,4.293559519191529,4
3834,2555,3.0,3
3834,2799,4.1864397092359535,5
3834,3087,4.560537103899047,5
3834,3471,4.530844906102896,5
3834,3717,4.310755406950127,5
3835,39,4.3712268607855655,4
3835,247,4.725467983228439,5
3835,593,4.660698961768618,5
3835,1639,4.431111287820497,5
3835,2918,4.310036422088364,5
3835,3034,4.0,4
3836,381,3.0,4
3836,1320,3.2415462609902215,4
3836,1688,2.6371542530292875,2
3836,1779,3.3761710008479677,3
3836,1952,4.372205458423365,5
3836,2042,2.3837330509673365,1
3836,2108,4.15100154307178,3
3836,2316,4.5084023729123075,4
3836,2321,3.5059526757436403,3
3836,2722,2.830048768619997,2
3836,3020,3.767836628642591,5
3837,174,3.0,1
3837,232,5.0,4
3837,475,3.6902271328179594,5
3837,1185,4.199179581231247,4
3837,1350,4.426237695685679,4
3837,2371,3.6086885713088166,4
3837,2441,3.0,3
3839,6,3.858094431286917,5
3839,50,3.7850426337004364,4
3840,1225,4.20403778073581,3
3841,259,4.0,3
3841,350,3.301430692581793,4
3841,509,3.3417957854621654,4
3841,523,3.0,4
3841,647,3.4529797197380776,4
3841,780,3.327781124076413,4
3841,913,4.302464536508717,5
3841,1036,3.632405604155151,4
3841,1975,2.553377976691864,3
3841,1988,2.350171539077211,2
3841,2009,3.3223386255710734,5
3841,2054,3.0465605613711544,3
3841,2203,4.0736689875681575,3
3841,2528,3.5298101119645744,3
3841,2718,3.0,4
3841,2780,3.0,4
3841,2791,3.33515473639659,4
3841,2867,3.264932316537272,3
3841,2872,3.668556078900308,4
3841,2926,3.4679790341958787,4
3841,2947,3.9745112250269305,4
3841,2973,4.07360543291895,2
3841,2987,3.5621133899880837,2
3841,3143,3.0,5
3841,3249,3.2160250237814925,5
3841,3368,3.0,5
3841,3476,3.9605054099917303,3
3841,3519,4.25559500638922,3
3841,3693,3.0063092116579018,4
3842,471,4.212908601658384,4
3842,799,2.9898997208650373,3
3842,830,2.7768407193470233,3
3842,1162,3.0,5
3842,1194,3.0,3
3842,1313,3.0,4
3842,1341,2.6357076112213287,1
3842,1713,3.0099393349369974,2
3842,1923,3.6321880676308487,1
3842,2147,3.0,1
3842,2289,4.040863613367467,5
3842,2297,3.282389260210459,4
3842,2366,4.471447539628243,5
3842,2463,4.041041418139368,5
3842,2648,4.233279396006501,5
3842,3095,4.523306060353075,5
3842,3703,3.5510101327307533,3
3842,3801,5.0,5
3843,171,3.0,4
3844,1347,4.1225657764289725,5
3844,2717,3.5431877459710703,5
3844,3177,3.0,5
3845,1584,3.9563659938789533,3
3845,2640,4.1391283776081185,4
3847,48,3.0,1
3847,342,2.6984596347691427,2
3847,1810,2.6004578938547174,3
3847,1967,2.952977090048639,3
3847,2268,2.9718732739965827,3
3847,2291,3.0467662975233964,2
3847,2306,3.0,3
3847,2455,3.0491521590156605,3
3847,2643,1.9897041626352499,1
3847,2701,2.79327218394361,2
3847,2793,2.3777912332590696,4
3847,2815,2.4181029656579915,3
3847,3261,3.136143358356974,3
3847,3740,2.843075298685018,1
3847,3809,2.913307968086249,1
3848,150,4.68163750896198,5
3849,1253,2.837452879570056,3
3849,1374,2.8574401120361967,3
3850,39,3.998994235259411,4
3850,353,3.9192252153360956,4
3850,453,3.0,3
3850,1060,4.360210952435153,5
3850,2763,3.879751219211032,4
3850,3185,3.0,5
3850,3186,4.0,4
3850,3264,3.890479515501676,3
3850,3316,3.0,3
3850,3618,5.0,3
3852,527,4.785051217783542,5
3852,858,4.788650663615575,5
3852,1125,3.0,4
3852,2369,4.0,4
3852,3467,4.804077478324046,4
3853,1247,4.722223291082738,4
3853,1394,4.5596544932143654,5
3853,1587,4.314815713294384,5
3853,1674,4.520739056076467,3
3853,2097,4.021541583391367,3
3853,2122,3.9384248944298292,3
3853,2334,3.8457861861070266,3
3853,2448,4.0,3
3853,3702,4.455614618356842,5
3854,50,4.1773150042689275,5
3854,2425,3.0,3
3855,1092,3.878617809105341,4
3855,1876,3.798588095913688,3
3855,2058,3.9257545781223864,4
3855,3418,3.9996780203015603,3
3856,344,4.0511120036984325,4
3856,1459,3.0,5
3856,2085,4.2499141647668575,5
3856,2133,3.0,4
3857,3261,4.3159123113158975,3
3858,2080,4.34006530314065,5
3858,2140,4.260726722196438,5
3858,2699,4.066829699954325,2
3859,611,3.0,3
3860,356,4.061373698497758,5
3860,969,4.195455401131481,4
3860,1262,4.09390098045403,5
3860,3401,3.0,2
3860,3545,4.277473124186727,4
3860,3615,3.0,3
3862,2396,4.090095486119177,5
3863,589,3.663457681751561,5
3863,1210,3.6976761156090117,5
3863,3176,3.536267604909711,3
3864,1250,4.861788216614699,5
3864,1260,5.0,4
3864,3062,5.000000000000001,3
3864,3668,3.0,4
3865,3452,3.0,2
3866,344,3.692841804277243,4
3866,1459,4.2564150096011435,3
3868,289,3.1793203906766765,4
3868,588,3.6975357671248164,3
3868,1463,3.0,3
3868,1573,3.6669654305055444,3
3868,2011,3.644451078164396,3
3871,3120,3.0,3
3871,3526,3.5538350018464593,4
3872,1097,4.626159006364074,4
3872,2959,4.737097245564711,5
3873,85,3.0,4
3873,926,4.757223842671417,5
3873,2124,3.622835700661504,4
3873,2683,3.7192799059436927,3
3873,3105,4.009667436566614,5
3874,1603,3.1897747917476624,2
3874,2363,3.954784007793477,5
3874,3471,4.082321687608388,5
3875,2683,3.982214895199964,2
3875,2699,4.047997788346945,4
3875,2987,4.062690651985663,5
3876,3006,4.606552829045227,5
3878,236,3.5923581136845764,3
3878,527,4.283145264068008,5
3878,780,4.043180842862691,1
3878,898,4.454112029717808,4
3878,968,4.287113629769532,5
3878,1196,4.163027082413345,5
3878,1333,4.459215201397865,4
3878,2193,3.930345495823543,3
3878,2802,3.4862407676529354,4
3878,3498,4.7629779208152785,5
3878,3614,3.9999471864917533,3
3878,3653,3.0,5
3878,3836,4.166043166683019,4
3879,736,3.281728958983572,4
3881,70,4.006174104788054,5
3881,382,3.0,3
3881,1197,3.4252468675332,3
3881,1261,4.775090566275484,5
3881,1784,3.547255406154492,4
3881,2836,3.0,2
3881,3809,3.7184116105562923,5
3882,465,3.0,4
3882,555,4.120872241414152,5
3882,1227,4.0,5
3882,1729,4.081878359753396,4
3882,1810,4.300842153402779,3
3882,2231,3.9391772532815543,4
3882,2544,3.0,2
3882,3179,3.0,4
3883,1265,4.0364139486374695,5
3884,1373,2.5863759047548283,1
3884,1600,3.0,2
3884,1889,3.0,4
3884,1897,3.0,5
3884,2080,2.5158497296965656,2
3884,2355,2.641344412760704,2
3884,2611,3.0,4
3884,3037,3.721891679030258,5
3884,3046,3.0,4
3884,3255,2.906062076180192,4
3884,3701,2.6759875837660028,3
3885,1,3.6875711786797982,3
3885,464,3.7327285222761377,3
3885,926,4.551661718595969,5
3885,1023,2.4402956624753527,5
3885,1197,3.6828935791463473,3
3885,1266,3.8877183712337113,5
3885,1301,3.6937806386796734,4
3885,1391,3.696630325729628,4
3885,1404,3.0,4
3885,2019,4.534426940551303,5
3885,2416,3.043154753562656,3
3885,2616,3.562404533544294,4
3885,2657,3.6618819441291506,3
3885,3479,3.332627791040233,4
3885,3688,3.1357143884164205,1
3885,3701,3.5456318424744975,3
3885,3793,3.9249690300494633,4
3887,1735,3.0,4
3887,1870,3.0,4
3887,1909,3.391724582109855,4
3887,2087,3.522633525004961,4
3887,2858,3.527888360415333,5
3887,3163,3.0,2
3887,3386,3.455771746356672,4
3888,903,3.8210244477871824,4
3888,905,4.263629793252291,3
3888,928,4.257236887276231,4
3888,3114,2.8489581794118792,4
3889,1200,4.545822166852521,4
3889,1201,4.5635500186456905,5
3890,440,4.566265219354288,4
3890,2599,4.2410790986070355,5
3890,3747,3.0,3
3890,3825,3.0,5
3891,1086,4.793382105613909,5
3891,2882,3.0,5
3892,593,3.8144130194696357,5
3892,940,5.0,4
3892,1208,4.032578781229594,4
3892,1603,2.99680939836135,2
3892,2028,3.7010969800817635,5
3892,2140,3.6284855166972645,4
3892,2681,3.0,3
3892,3160,4.0249877301817705,3
3892,3593,3.0,1
3893,3594,3.0,1
3893,3624,1.9824505458570012,4
3894,1213,4.0671590538613795,4
3894,1221,4.042281861522392,3
3894,2076,3.884018321713355,2
3894,2716,3.9039028138091885,4
3894,3397,4.355865298331957,4
3895,249,3.0,3
3895,590,3.3174049101619865,3
3895,2762,2.50641073544902,4
3896,1320,3.2283831033481074,3
3896,1350,3.590461812414655,4
3896,1378,3.7165591381880727,4
3896,1388,3.209749133503089,2
3900,474,4.142812183767765,5
3900,480,4.149315798768758,4
3900,1021,3.6814379787624487,2
3900,1242,4.22017420494944,5
3900,1265,4.146949425436348,4
3900,2571,4.1574681214899645,5
3900,2718,3.0,3
3900,3397,3.910765428085015,4
3900,3489,4.0064034421371835,3
3900,3639,4.0623372722963955,3
3901,2355,3.653483156027808,3
3901,2490,3.657061998099228,4
3901,3082,3.412927051747224,4
3902,667,3.0,5
3902,1370,4.945518980250035,5
3903,1288,3.45037263051036,3
3904,1240,4.189580257352503,4
3905,1194,3.0,2
3906,2948,3.6064979669104327,3
3907,11,3.693858518171923,4
3907,2302,3.8606873535316653,5
3908,293,3.8456427313503103,2
3908,1446,3.0,3
3908,3543,4.13129824671493,5
3908,3752,3.0,4
3909,1198,4.242957277606687,5
3909,2490,3.95415592722532,4
3910,151,3.7978765184334096,3
3910,1291,3.6536594266674536,4
3910,1959,3.5205400287690645,4
3910,2700,3.829644675706705,4
3910,2858,3.881941339139584,5
3910,2951,4.081032494778839,5
3910,3104,3.996819121618022,4
3911,454,3.97396919936759,4
3912,1089,4.520677628730888,5
3912,1688,4.680866959713635,4
3912,2138,3.0,5
3912,2883,3.0,4
3913,1792,3.7029129327162846,3
3914,16,4.004355421308508,3
3914,2903,3.0,2
3916,229,3.0,3
3916,743,3.0,1
3916,1197,4.182547520030399,5
3916,1211,3.0,5
3916,1286,3.929107420176423,4
3916,1376,4.011431659699598,4
3916,1810,3.73002015266076,4
3916,1909,4.10098216934618,4
3916,1967,3.8791595629836575,4
3916,1999,2.60497562623688,2
3916,2001,3.910324913133904,4
3916,2325,3.0,4
3916,2478,3.802322114397959,4
3916,2541,3.7165077925193266,2
3916,2642,3.3899453593727027,3
3916,2915,4.410370410498741,4
3916,3852,3.0,3
3916,3896,2.0,1
3917,832,3.5464306826272995,4
3917,1831,3.562825903381335,1
3918,3363,4.808764845307696,3
3919,1968,4.4078945264254905,5
3919,2006,4.165288233326724,5
3921,145,3.0,3
3921,553,4.533252618995597,5
3922,1461,2.026821329857191,2
3922,2060,2.592856615573228,2
3922,2797,2.6652140797794917,2
3923,1077,3.941563863919768,5
3923,3699,3.755179451190027,4
3924,1086,4.542059728746301,4
3924,3751,4.2920616729089405,4
3925,750,4.7741982290724865,4
3925,2396,4.581587486202721,5
3925,3174,4.095965557991407,4
3925,3703,4.782198738920922,4
3926,2002,4.12144620634451,3
3926,3034,3.9962769719476716,5
3926,3745,4.0,4
3927,110,4.143699339759444,5
3927,344,3.48282773363232,4
3927,1213,4.082164207848864,4
3929,11,3.7993387687706313,4
3929,1210,3.562781816939566,5
3929,1242,3.7631527789770813,2
3929,2058,3.620468379892827,3
3929,2329,3.9194961008226943,4
3929,2371,3.7605589072355112,5
3929,2513,2.2145540069228677,1
3929,2755,3.0,2
3929,2790,2.329816514600877,3
3929,2918,3.6665387360651884,4
3929,3100,3.7349004276884012,3
3929,3686,3.226985558390043,3
3930,969,4.453827642590506,5
3930,2467,3.0,4
3930,3418,4.36770274615598,4
3931,440,3.3817786814273445,4
3931,1089,4.060587811640723,5
3931,1210,3.6872121221239587,5
3931,1270,3.6293012835344416,2
3931,2161,3.4817194748361833,2
3931,2355,3.724730179476812,4
3931,3113,3.438707269163163,3
3931,3257,3.146770279155882,2
3933,1193,3.928997586250199,4
3933,3210,3.737177303586253,3
3934,414,3.0,2
3934,440,3.06539105482664,3
3934,653,2.9103266149796125,2
3934,1129,2.954593323916082,3
3934,1347,2.5547529123059687,2
3934,1603,2.4132627723753335,2
3934,2137,3.2098761859735783,4
3934,2450,2.6701571215705577,2
3934,2513,2.292760135540262,1
3934,2657,3.159878542336143,3
3934,2857,3.584760417868005,3
3934,2883,3.0,3
3934,2898,3.0032631815187503,2
3934,3016,2.776148437946679,3
3934,3040,2.774048514120881,3
3934,3243,2.545358739607468,3
3934,3594,3.0,2
3934,3683,3.2059575361884436,3
3934,3809,2.9726199999670433,3
3935,231,3.3702593980709783,3
3935,2108,3.7315002989264743,3
3937,1079,4.2948633375951095,5
3937,2571,4.549290395844035,5
3937,2716,4.405441549531806,5
3938,223,4.235562342395607,5
3938,1196,4.4318010302254605,5
3938,3751,4.2607432070951825,3
3938,3798,3.005036917153813,2
3940,6,3.769544731771652,4
3940,155,3.0,2
3940,1225,4.222354913149043,4
3940,1371,3.6010281642385173,4
3940,1701,4.183879082916598,4
3940,1897,3.0,2
3940,2294,3.6728442985399656,2
3940,2374,3.3935402629746454,2
3940,2409,3.6957869222730797,3
3940,3111,4.160708745483758,4
3940,3911,4.1520722675867825,4
3942,34,2.9675887545497655,3
3942,266,3.081543541122396,2
3942,485,2.1905607228297073,1
3942,1127,2.6947430793171487,3
3942,1129,2.86856937310894,3
3942,1282,3.1251967666615337,2
3942,1645,2.9513049303323475,4
3942,1997,3.0714202483345656,2
3942,2728,3.234966009754599,3
3942,2813,3.0,5
3942,2867,2.7878514989082124,3
3942,2951,3.280402214954908,3
3943,1393,4.379435407079373,4
3945,485,3.229789657054656,3
3945,1537,4.0,4
3945,1608,3.657049773625187,3
3945,2420,3.60891448336875,3
3945,2531,2.4797901857419276,1
3945,2831,3.0,1
3945,2871,4.1192651900178525,4
3945,2926,3.6310529643225893,4
3945,3526,3.784293233425558,4
3946,292,3.8503096078834917,4
3946,434,3.7434963648193,4
3946,1009,4.221865313928098,5
3946,1079,3.9795066545716207,4
3946,1645,3.8355689206452306,3
3946,1784,3.907913414509729,4
3946,2145,4.0121183210046265,5
3946,3397,4.2433775786450525,4
3946,3608,4.069044537756203,4
3948,2102,4.0,5
3948,2935,4.502143221606672,3
3949,1304,4.0889802149318255,5
3949,2478,3.9639359705670283,2
3950,1732,3.5573577178050604,3
3951,1356,3.589623830212874,5
3951,1379,3.6949498582228477,3
3951,1387,4.045148863314724,4
3951,2001,3.767086851509127,4
3951,2162,4.0,2
3951,2405,3.7955664504711804,4
3951,2640,3.4827384242239545,4
3951,3113,4.484097800703933,4
3953,303,3.272630798798854,5
3953,367,3.7114740080372135,3
3953,653,3.491474632445166,3
3953,1270,3.7273848340756417,2
3953,1298,3.8553473085582333,5
3953,2154,3.0,4
3953,3168,4.137317543964431,2
3954,329,3.393391328720029,3
3954,1356,3.4151064011598398,4
3954,1676,3.394385402870904,3
3955,485,3.58768263255586,1
3955,517,4.270578423596106,5
3955,548,3.6392976550972453,3
3955,1831,3.62918257443443,1
3955,2722,3.3237538460794838,3
3955,3635,4.320208277619719,5
3955,3841,5.0,2
3957,523,3.0,3
3957,1179,4.4526290718394455,4
3957,1201,4.37399136620017,5
3957,1237,4.87733751205682,5
3957,1258,4.103547318983191,5
3957,1293,4.259312905367313,5
3957,1580,4.18367897212697,5
3957,3111,3.598678612642492,4
3957,3426,3.0,4
3957,3500,3.0,4
3958,593,4.03548554536286,3
3958,673,4.021870724261742,4
3958,2396,3.9388019226903204,5
3958,2671,3.7842932299674503,4
3958,2890,3.981564356423414,4
3959,3753,3.0419457491459903,3
3961,32,3.472273225066566,4
3961,910,4.666539969892578,5
3961,1129,3.5965250687988153,3
3961,1294,4.322891634672808,5
3961,2034,3.451255067149847,3
3961,2654,4.179240493709904,4
3962,2404,4.0,4
3962,2470,3.9814630588736213,3
3962,3751,3.762220207275866,1
3963,508,4.2442116135552785,5
3963,1022,4.2453086488728315,5
3963,1287,4.274953872855826,5
3963,1610,4.038807977818358,4
3963,2100,4.091893106892755,3
3963,2728,4.417850716734538,5
3963,3020,3.6973477317349532,4
3963,3104,4.09005612905874,4
3963,3507,4.390924299675176,4
3963,3928,3.0000000000000004,2
3964,3418,3.717746144705659,4
3965,145,4.137069031893496,3
3965,172,3.4498306241906618,3
3965,480,4.1439537222189005,4
3965,880,3.5492446494763454,3
3965,1214,3.9242323798967553,4
3965,1479,4.050963734089516,4
3965,1608,4.1625143295300315,4
3965,1744,4.0,3
3965,3298,4.20532296589933,4
3966,2622,3.0,2
3967,368,3.0412127947733305,4
3967,1023,3.2196935740803188,3
3967,1032,3.0189966136898216,3
3967,1367,1.0,2
3967,1944,3.169582702093394,2
3967,3450,3.0517332238393027,3
3968,377,3.4586317056718805,3
3968,1198,3.3136810256315776,5
3968,2699,3.513691717943614,4
3970,32,3.4204647643389308,5
3970,231,3.7747013599193866,4
3970,1049,3.3661523470741153,1
3970,1215,3.627695355629647,5
3970,1485,3.616402549511552,4
3970,2113,3.0,1
3970,2600,5.0,4
3971,1240,3.583124674586208,3
3971,2012,3.546578080256538,3
3971,2174,3.6055374152317943,4
3971,2987,3.6009336480562517,3
3973,2396,4.4175981878731925,5
3973,2710,3.423342524265665,1
3974,2237,3.0,3
3974,2311,4.066156455642796,4
3974,2505,3.0,3
3974,3729,3.0,4
3975,1465,3.0,4
3975,1907,4.0393696876840695,4
3975,1957,3.3713461037919754,3
3975,2194,3.5547143609543905,3
3975,2797,3.4852976033325964,3
3975,3006,4.1881237176608614,3
3975,3499,3.973317886156994,4
3976,588,4.17482312948075,4
3976,778,4.060204716523425,3
3976,1079,4.040160270374009,4
3976,1231,4.301904573275062,5
3976,2310,3.0,4
3976,2348,4.0,5
3976,2357,3.0,5
3977,3147,3.83571213467733,4
3979,2081,4.754643188940103,5
3979,2794,5.0,5
3979,3363,3.844290348790064,3
3981,910,3.942897760640308,5
3981,911,4.088322330117216,4
3981,2648,3.7848802458119346,3
3981,3469,4.101920536013778,5
3981,3801,4.0,5
3982,1254,3.5474172177437597,3
3983,1242,3.7654484665448864,4
3983,1627,3.0,4
3984,349,3.7659176282337374,4
3984,1200,3.8034323023210046,5
3984,1876,3.7545794094182368,3
3985,83,3.0,3
3985,223,3.567155167754312,3
3985,232,3.0,4
3985,337,3.8800687606120063,5
3985,475,3.3534877216370744,4
3985,1280,4.0,4
3985,2839,3.0,4
3985,3006,3.8066901406073086,4
3985,3163,3.0,4
3985,3524,4.321652591220262,4
3985,3568,3.0,4
3986,1732,3.9008955607602065,4
3987,1097,3.3245979949300035,3
3987,2390,4.0,3
3987,2502,3.422436030549713,4
3988,1461,3.6287639361935513,2
3988,2321,4.024952050330392,5
3988,2420,4.328223346736104,4
3989,428,5.0,4
3989,1377,4.115657158084699,2
3989,2558,3.863296822126877,3
3989,2805,3.0,3
3989,3791,3.955920339190973,3
3991,2718,4.0,3
3991,2997,4.018044730673686,4
3992,587,3.9878545353194106,4
3992,852,3.8701896823828528,4
3992,1029,3.9574516371396125,4
3992,2291,3.9629989792573266,3
3992,2470,3.941568719787469,4
3992,2915,3.9800290633769477,4
3992,3249,3.9198588706566677,4
3992,3398,3.8822550504477062,4
3992,3697,3.9960344740839315,4
3993,288,3.1003245663703667,1
3993,353,3.333127332805018,3
3993,1100,3.1030325241886305,3
3993,1456,3.0,4
3993,2109,3.0992150683276853,3
3993,2772,5.0,4
3993,2791,3.2200975849742384,4
3993,3692,3.0,2
3994,589,4.194839148398909,4
3994,924,4.196829262292853,5
3994,1185,4.647754706659528,4
3994,2529,4.117278650171398,5
3994,3095,4.1461005879573385,3
3994,3253,4.164262393287584,4
3994,3702,4.274216982175518,5
3995,1527,3.7093850348842303,4
3995,2289,4.004632714379095,3
3995,2699,3.6389970760311763,2
3995,3005,5.0,4
3996,648,4.347519903221805,4
3996,780,4.321773870381256,5
3996,3269,4.395327495507671,4
3997,88,2.648559457042324,2
3997,231,3.563590852002961,2
3997,379,3.508807614909786,4
3997,593,3.8010148265740136,3
3997,1100,3.947758786005127,4
3997,1468,3.0,2
3997,1573,3.826691314375238,5
3997,2448,4.0,4
3997,2706,3.6651387606051946,5
3997,3769,5.0,5
3998,196,3.1833684561842737,5
3998,724,3.216529469687387,2
3998,1210,3.6560449655458904,4
3998,1325,1.0,1
3998,2034,3.4682558517893645,1
3998,2256,2.0,1
3998,2642,3.3772853448354105,3
3998,2719,2.384251021098455,3
3998,2968,3.5267158305261277,2
3998,3703,3.689891501381234,3
3999,329,3.384124686555333,1
3999,370,3.1558877419146594,3
3999,494,3.460787207210358,3
3999,507,4.155410000296092,4
3999,788,3.4561651388948498,4
3999,1252,3.965103986010922,4
3999,1299,3.9780086926023004,4
3999,1609,3.0,2
3999,1610,3.799512206176935,4
3999,1950,3.7519193200297196,4
3999,1999,2.584397810700091,2
3999,2055,3.0000000000000004,3
3999,2082,3.1239188755716305,3
3999,2095,3.0,3
3999,2145,3.9218123302061576,3
3999,2328,2.2871199115997314,3
3999,2338,2.6750684783934084,1
3999,2416,3.4660322967669193,1
3999,2463,3.5501028653121858,3
3999,2723,3.432529589825169,1
3999,2805,3.677373995747323,4
3999,2808,3.3227523729398274,3
3999,2860,3.0,3
3999,3014,3.0,3
3999,3153,2.527583190740626,3
3999,3250,2.0,3
4000,60,3.0,3
4000,1278,4.319014009167673,5
4000,3018,4.052736842523129,5
4001,289,3.1450933031739874,3
4001,1020,3.6471476770229754,4
4001,1259,3.616912342041712,5
4001,1411,3.6525972232238515,4
4001,1431,4.0,2
4001,1589,3.2862875441918256,1
4001,2291,3.6437266725287296,3
4001,2794,3.425081076992965,4
4002,858,3.9296535351300856,5
4002,1294,3.9642206184217352,3
4002,3408,3.5909238939956256,4
4003,2987,3.840513760430248,2
4004,6,3.0703464661064253,2
4004,1876,3.127324293551395,4
4005,1036,4.153933021019265,5
4005,1408,4.1892693368904785,3
4005,2539,4.136783099692216,5
4005,2763,3.937577161418241,4
4006,1256,3.7506689689419463,3
4006,1653,3.8506350473881326,3
4006,2399,3.0,3
4006,2571,3.819992372168508,5
4007,21,3.2495598796353633,2
4007,168,2.8933504296774037,3
4007,196,2.888534782224625,2
4007,377,3.0051145466736555,3
4007,1220,3.333631409281776,3
4007,1302,3.382394644409668,4
4007,1347,3.2811061543927353,3
4007,1407,3.361897564074371,3
4007,1606,2.77470867633648,2
4007,1833,2.344715845235652,2
4007,2001,3.0779543641879425,3
4007,2429,3.0,3
4007,2858,3.4442033294699854,4
4007,3018,3.150121515312731,2
4007,3081,2.9201444984423883,3
4008,44,3.0,3
4009,527,3.8835942336143257,5
4009,1302,3.841742415943597,3
4009,1981,2.8400554915683673,1
4009,1982,3.5244417585816668,5
4009,1992,2.4113221178046813,1
4009,2004,2.636075885021908,1
4009,2167,3.5650950351049384,1
4009,2451,2.46996901194483,3
4009,3081,3.287495323388021,3
4009,3837,3.380970901114971,3
4011,1387,3.979350124496343,4
4013,293,3.3912382292250776,3
4013,519,1.78187211593653,1
4013,541,2.95493449892105,4
4013,1197,3.408821262865631,3
4013,1198,2.882860906894971,3
4013,1726,3.0,3
4013,1954,3.351105808487435,1
4014,2000,3.957871344131068,4
4014,2118,4.218788308711635,4
4014,2614,4.503163774140651,2
4015,1225,3.36631359247532,4
4016,50,3.3188103203260577,2
4016,748,3.068909502605676,2
4016,932,3.0,5
4016,1081,3.3025510537337035,3
4016,1135,2.9199841836055644,3
4016,1339,2.8368581965639414,3
4016,1678,3.5981057972222628,2
4016,1938,3.0051827813716074,3
4016,1941,3.0,2
4016,2206,3.505773564188772,3
4016,2370,3.0,3
4016,2531,2.723670409154515,3
4016,2553,3.4714103757860824,3
4016,2699,2.801076700999275,2
4016,2915,3.270639061027053,3
4016,3206,3.0,2
4016,3504,3.350874439541329,4
4016,3732,1.5033886531032277,3
4016,3763,3.292720828914375,3
4017,3081,2.9261208313671316,3
4018,1320,3.4747708907433656,1
4018,2278,3.871516797667504,3
4019,1219,3.888406580505523,4
4020,610,3.655380393417993,5
4020,1220,3.7214883399686047,3
4021,541,4.120149167760827,4
4021,610,3.836446508323028,5
4021,1230,4.481752957791463,4
4021,1542,3.0,4
4021,2041,3.0,3
4021,2078,4.111766882468274,3
4021,2138,4.264079260536194,5
4021,2403,3.8311149455917994,5
4021,2450,3.6514604830689876,2
4021,2454,4.056015603863321,3
4021,2529,4.000323360016821,5
4021,2553,3.8385563419539626,4
4021,2916,3.817736755296664,4
4021,3368,4.514396627909506,5
4021,3466,3.0,4
4021,3667,3.0,1
4021,3671,4.09649321350138,5
4021,3771,3.894345286611203,4
4022,196,3.1692190187433624,4
4022,379,2.939204210248134,4
4022,1047,3.052061444072748,4
4022,1894,3.2691158257966952,2
4022,1994,3.1246518950632383,4
4022,2100,3.435682171249507,3
4022,2110,3.2847299421025133,4
4022,2387,3.0,2
4022,2531,2.6900245584637448,2
4022,2808,2.97413259153103,4
4022,3203,3.564469930255741,2
4022,3370,3.0,3
4022,3471,3.410202000694163,4
4022,3546,3.0,3
4022,3664,1.0,1
4022,3699,3.4594675054383166,4
4023,968,3.1621753665491594,5
4023,1385,3.641006249942065,3
4023,2455,3.3030857907390243,1
4024,674,4.0,2
4024,1092,3.8950784832145016,4
4024,1220,4.202850088229036,3
4024,2142,3.2250789058641667,2
4024,2706,3.3236871140599367,4
4024,2721,3.0,4
4024,2900,3.0000000000000004,3
4024,3623,3.863104544083413,4
4025,3915,3.0,4
4026,349,3.5891083580073766,3
4026,481,3.8444808755556505,5
4026,1036,3.6207260905588563,3
4026,1196,3.633772305105242,3
4026,1459,3.4630303653447614,3
4026,3418,3.7106598830762407,3
4026,3844,4.0,3
4028,946,1.0,1
4028,1210,3.8506140889326046,4
4028,1211,5.0,1
4028,1249,4.590550108525878,5
4028,1281,1.0,1
4028,1644,3.5405360786261504,3
4028,1883,4.222721782903051,5
4028,2002,4.08310237184568,5
4028,2124,4.1104891441540135,2
4028,2363,2.6200617725840463,2
4028,2916,3.9156158193440302,5
4028,3039,3.872178680908408,4
4028,3040,4.002600170246218,5
4028,3739,3.0,1
4029,1221,4.10983023935109,5
4029,1350,4.0,3
4029,1952,4.150399987761613,4
4029,2269,3.0,3
4029,2966,3.0,5
4030,903,3.5067412515163316,2
4030,3535,3.0,4
4031,3499,4.359258162639429,4
4031,3676,4.0,5
4032,5,3.0,3
4032,590,4.49062125004377,5
4032,1197,4.451522813281583,4
4032,3487,4.6463638665069515,3
4033,21,4.307636215930793,5
4033,300,4.335448467540287,4
4033,673,3.950644306565729,2
4033,784,3.9801135169067385,2
4033,1127,4.139295467178164,5
4033,1186,4.264989354123161,3
4033,1394,4.377660659026053,5
4033,1641,4.378941565828853,4
4033,1647,3.3262312521713384,3
4033,1747,4.318447072832099,4
4033,1839,3.0,2
4033,2000,4.163955773316695,5
4033,2003,4.115034421948718,3
4033,2278,4.207273832245875,3
4033,2335,3.7943333827015078,2
4033,2423,4.140264663612254,4
4033,2567,4.0380763155909785,4
4033,2605,3.6501767455204703,4
4033,2694,3.9772405004430675,2
4033,2707,3.5668517788352005,3
4033,2748,3.0,2
4033,2915,4.352843504709882,4
4033,3087,4.088605232238431,5
4033,3105,4.4696626688257,3
4034,1197,4.423659718000575,4
4034,1242,4.427562007998293,5
4034,1719,4.4802197483761095,3
4035,3617,4.511555682010047,5
4035,3785,3.941547026410656,5
4036,438,3.0,1
4036,2252,3.0,3
4036,2574,3.0,1
4036,3247,3.598863764811329,3
4038,1265,4.148847681033399,3
4039,2028,4.34342711068172,5
4040,6,3.5970741360941276,3
4040,502,1.4804495555169384,2
4040,546,1.9141763537979868,1
4040,1754,3.0473203144324033,4
4040,1974,2.389160683483379,3
4040,1987,1.890684856692743,2
4040,2902,2.6441338882929055,2
4040,3175,3.0314970104527403,3
4041,198,3.787741010370514,3
4041,502,3.006099535238453,3
4041,765,3.0931338992885027,3
4041,1345,3.8381059407466442,5
4041,1374,3.803152444163842,5
4041,1396,3.719386176600345,3
4041,1440,3.0,2
4041,1515,2.987328621701029,2
4041,2003,3.7344305150762462,5
4041,2162,4.0,3
4041,2288,4.063870893053769,5
4041,2380,3.4986691675834125,3
4041,2428,3.019794068229642,2
4041,2448,2.306184540113966,2
4041,2549,2.0,1
4041,2806,3.0,2
4041,3176,3.7428031736955534,5
4041,3555,4.2287188240343605,2
4041,3627,3.0,4
4041,3773,3.0,3
4042,4,3.0,3
4042,150,3.59788037966269,5
4042,353,3.313761239560974,2
4042,464,2.2264783153969017,2
4042,1180,3.0,4
4042,1214,3.530156157743276,4
4042,1298,3.1044696634626527,3
4042,2143,2.59736632662513,4
4042,2376,3.158192734711111,3
4042,3060,4.1168673392181105,4
4042,3256,3.302802518302896,4
4042,3418,3.6187846974593385,4
4043,16,3.8026522464483246,3
4043,44,3.1612473519208844,2
4043,589,3.824558491858709,4
4043,1608,3.8342938936460125,4
4044,2067,4.606606592328479,5
4044,2714,3.0,5
4045,3082,4.0,3
4045,3806,3.0,3
4046,1233,3.9949259506335313,4
4047,1580,4.301159811567754,4
4048,64,3.0,3
4048,216,2.510904385676043,2
4048,246,3.8806909622896995,3
4048,272,2.682035962508521,3
4048,344,3.174706794112711,3
4048,552,3.919213391426558,5
4048,590,3.986366073667388,5
4048,709,4.074261953209693,3
4048,711,3.0,3
4048,924,4.019423451396408,2
4048,1005,3.7324442193281056,4
4048,1033,4.232739083149214,5
4048,1606,2.0,4
4048,1784,3.9220190317490182,5
4048,1947,4.360772467606365,4
4048,1951,4.40338796495621,5
4048,1956,3.7614427954741325,3
4048,2031,3.0,3
4048,2081,4.052728315488215,3
4048,2095,3.0,3
4048,2193,3.9753897865116494,2
4048,2411,3.942601394333256,4
4048,2565,4.5841674868314515,5
4048,2872,3.9538671781074464,3
4048,2877,4.503716804141909,3
4048,3392,3.34514969235123,2
4048,3404,3.0,4
4048,3536,2.481846586238475,5
4049,413,3.0,2
4049,438,3.0,3
4049,553,3.5766373867704973,5
4049,968,4.325378886883948,4
4049,1197,3.784746926348221,5
4049,1573,3.5946109198578977,2
4049,1801,3.2934485576259234,4
4049,2944,3.8566580269702793,5
4049,3256,3.3425727926835025,4
4050,366,3.9282834513411564,4
4050,913,4.58190145492613,4
4050,1028,4.587222342055156,5
4050,1292,4.466747136164743,4
4050,1610,4.604334527727034,5
4050,1617,4.28693844458279,4
4050,2078,4.614387714578535,5
4050,3210,4.3354889626468065,5
4051,528,3.0,1
4051,2898,2.0,3
4051,3016,3.2088065974998536,3
4053,541,3.9693568335881513,5
4053,1028,3.7491736659717225,3
4053,1073,3.7452550307372423,4
4053,1350,3.6973960576806704,4
4053,1358,3.970538443348889,4
4053,2040,3.3546834742032385,4
4053,2096,3.817259299359841,4
4053,2138,3.5048829436912,4
4053,2231,3.7810610920692893,4
4053,3683,4.113316502670036,4
4053,3697,3.5064656535596512,2
4053,3735,4.079543292761123,4
4054,39,3.8909674868297826,4
4054,330,3.0000000000000004,3
4054,661,3.8419579058884152,3
4054,1090,4.124543902836031,4
4054,1220,4.053095748882167,4
4054,1242,4.141606633503783,4
4054,1672,3.8334652813592265,3
4054,1673,4.037882103729381,5
4054,2916,3.999627594465294,4
4054,3341,3.0,4
4054,3345,3.0,3
4054,3524,4.014244348659565,3
4055,31,3.0,3
4055,86,3.0,3
4055,354,3.0,2
4055,1459,3.7881938375364013,3
4055,3265,3.0,3
4055,3450,3.146545568666464,2
4056,1033,1.0,1
4056,2355,2.3736289308950376,1
4057,780,3.7677739391285026,4
4057,1230,3.3759490783453856,4
4057,2413,4.3358481529836315,2
4058,497,3.8366128970127398,4
4058,953,3.9496251999884047,4
4058,1088,3.708550510156042,2
4058,1093,4.142970961897399,2
4058,1378,3.4881750528246798,5
4058,1970,2.4718186414001986,3
4058,2989,3.4234166877267844,4
4060,1206,4.04669184498881,4
4060,1407,4.001866275009731,5
4060,2100,3.97238503547374,4
4060,2160,3.8873194194588563,4
4060,2302,4.023309052880596,4
4060,2716,4.015082992290683,4
4060,2871,4.052600464014126,5
4061,2365,3.0,2
4062,6,3.87733958326906,5
4062,141,3.184035970276618,3
4062,595,3.8562282557438348,4
4062,1784,3.7627537739246044,4
4062,2297,3.39562489405125,1
4062,2560,3.0,4
4062,2571,3.8017764331086212,4
4063,924,4.146526978187528,3
4063,3578,4.152575499918483,3
4064,2,2.930785095399241,2
4064,281,3.560058753751106,3
4064,362,2.0,3
4064,527,3.5996536068758127,4
4064,747,3.0,2
4064,788,2.9684997206967654,2
4064,1023,3.6128257435196276,5
4064,1162,3.0,5
4064,1206,3.6703072755396424,5
4064,1222,3.375438961887337,3
4064,1237,4.4961020935126,5
4064,1391,2.9242657574702475,1
4064,1589,3.273538496890327,3
4064,1994,3.0605763828433834,2
4064,2021,3.015954367067737,2
4064,2088,2.8662711271209784,2
4064,2467,1.4894486309246602,3
4064,2530,2.8169351387890433,3
4064,2664,3.8571404725600527,3
4064,2707,3.389624244087802,2
4064,2872,3.2800572637651224,3
4064,2916,3.2288791782301436,1
4064,3016,3.051148215832824,2
4064,3060,3.5040856102883002,3
4064,3342,2.9848434628937848,3
4064,3362,4.027361269874451,4
4064,3391,2.3421382616309354,2
4065,3793,4.642592762720166,5
4066,1233,3.3926065822907066,3
4066,1377,3.095389739589538,2
4066,3359,3.1972617936363608,3
4067,2997,3.7796461505153207,4
4070,589,3.666004010470721,5
4070,788,3.271920158217983,4
4070,1647,3.0,3
4070,2997,4.012373109454265,5
4071,1258,4.092983536814807,5
4071,3499,4.1237924534477255,4
4072,11,4.063276646095559,3
4072,431,4.0,4
4072,608,3.8938943904254844,4
4072,1233,4.122447504082383,5
4072,1441,4.0347502506979795,4
4072,2313,4.33613938401533,5
4072,2770,3.9229585207098925,2
4072,3653,3.0,4
4073,1927,4.0,4
4075,1201,3.8516458527890003,4
4075,3262,3.0,4
4076,2236,3.0,5
4077,11,4.286666881589285,4
4077,260,4.117915055684728,5
4077,1028,4.122406963578916,4
4077,1291,4.074207238093604,4
4077,1294,4.103401182788542,3
4077,2094,3.9651791127087717,4
4077,2259,4.005701703545704,3
4077,3466,3.0,5
4078,357,3.7447268742970707,2
4078,555,3.9557847713897885,5
4078,1173,3.5168310687378566,1
4078,1210,3.783421457600652,3
4078,1298,3.922695303213131,4
4078,1302,3.754297103234349,3
4078,1476,3.9200992345705115,4
4078,2174,3.5419054127521226,3
4078,2378,3.187310369512808,3
4078,3550,2.8368269013159386,4
4078,3791,3.3425950459454716,1
4079,563,3.0,4
4079,577,3.0,4
4079,596,3.920205682569857,5
4079,720,5.0,5
4079,1694,3.90722039359701,2
4079,1954,3.751167900608421,5
4079,2018,3.965012442823116,5
4079,2968,3.21488330595825,5
4079,3197,4.340752665729137,4
4080,1226,5.0,4
4080,1291,4.310664635126613,4
4081,1,4.474584241683093,5
4081,2918,4.090244869551671,5
4082,318,4.097995140823662,5
4082,1783,3.0,4
4082,2719,4.0,1
4083,7,3.1718621653414405,1
4083,39,3.052292511177229,3
4083,303,2.5067846189251752,2
4083,542,2.123068011613893,1
4083,594,3.984999201140065,5
4083,653,3.1834700356796217,5
4083,937,3.0,2
4083,1092,3.3177229232324232,3
4083,1230,3.89069329659722,4
4083,1240,3.4370791925536706,5
4083,1259,3.5797328493595373,5
4083,1265,3.486566382436439,5
4083,1284,4.265343348212004,4
4083,1965,3.7531167283425106,1
4083,2088,3.187149115195197,1
4083,2183,3.8526632263372944,4
4083,2565,4.099520720607009,5
4083,2661,3.236332557134026,3
4083,2793,3.4919267302020573,3
4083,2936,4.161096052786692,3
4083,2939,3.0,4
4083,3256,3.027558889913983,3
4083,3501,3.8475280945913983,5
4083,3525,2.9441849747317854,3
4083,3836,3.4101610893235774,2
4084,327,3.0,1
4084,1516,3.0,4
4084,2662,4.601870901934107,4
4084,3791,4.0,4
4085,36,3.9655244059451094,2
4085,236,3.7283350673886324,4
4085,261,3.995847477111617,4
4085,520,3.5726997681085684,1
4085,800,3.9804097519937423,3
4085,1033,4.000351578897372,3
4085,1235,3.8729712709356985,4
4085,1378,3.8609690579112574,4
4085,1454,3.0,3
4085,1672,4.097366451351756,4
4085,1673,3.9440047639927704,4
4085,1965,3.891119447975781,4
4085,2042,3.478480625905437,3
4085,2140,3.850761819404951,4
4085,2379,3.3907036750215678,1
4085,2416,3.6932941076765915,4
4085,2424,3.927416565538934,4
4085,2479,3.0,3
4085,2517,3.2524113431363255,3
4085,2947,4.017589498870259,4
4085,2990,3.931643575750944,4
4085,3181,3.0,3
4085,3528,3.7436932013702515,4
4086,455,4.0,5
4086,529,4.8015208946190535,5
4086,616,4.869144492767127,4
4086,914,4.68324777044661,5
4086,1614,4.760095813247234,4
4086,1717,3.856995571643101,4
4086,2028,4.789019004532965,5
4087,968,4.0,4
4088,281,4.195972965528039,3
4088,296,3.8439325882178093,5
4088,457,3.554138599947291,4
4088,1552,3.171415752423002,3
4088,1653,3.6294257920083113,2
4088,1717,2.959432615443794,3
4088,1875,4.0,4
4088,2231,3.6269045588437874,4
4088,2539,3.4138924717940204,3
4088,2571,3.5399055083016666,5
4089,104,4.202844144370673,3
4089,381,3.0,4
4089,514,3.9994519359469916,4
4089,802,3.893202578760027,4
4089,1088,4.06257987145203,3
4089,1173,3.0,2
4089,1276,4.220848991793305,4
4089,1286,3.994537433530154,4
4089,1377,3.8886882682373254,4
4089,1645,4.22904179457692,3
4089,2059,2.997501902075154,4
4089,2374,3.6542070550903705,4
4089,2422,3.6108486653534357,2
4089,2500,3.0,4
4089,2671,4.171948941026775,2
4089,2756,3.0,4
4089,2795,4.057149654872789,5
4089,3007,3.0,2
4089,3072,3.938806171853779,3
4089,3107,4.136278589213905,4
4089,3251,4.0,4
4089,3253,4.113608477457171,5
4090,1394,3.867537920606869,4
4090,1949,4.325065235068435,4
4090,1962,4.1216017386230215,5
4091,1343,3.664125432938589,4
4091,1784,3.7927954678931743,4
4092,2081,4.163279037830249,3
4093,1207,4.460990455858196,5
4093,1625,4.41949605666365,3
4093,1732,4.423484620022872,5
4093,2858,4.418260323094749,5
4093,3034,3.9541152214228457,4
4094,2858,4.405538953480161,5
4094,3578,4.38395619459153,4
4096,1097,3.7191381217128265,4
4096,1101,3.5468421220150157,3
4096,1378,3.3666992804180187,3
4096,2018,3.825832876773588,3
4098,1375,4.2624402190037385,4
4098,3430,4.0,5
4098,3639,4.285889173572509,4
4098,3791,3.669341160111738,1
4099,3481,3.9467663742312356,4
4100,3082,4.6823986960289705,4
4101,1275,3.8206295725667903,3
4102,1717,2.8276800783637235,3
4102,3774,3.0,3
4103,337,3.402709510160618,2
4103,923,3.8997136365459877,5
4103,2858,3.6330531077738537,4
4104,110,3.6171381014592354,3
4104,1210,3.623924678556053,4
4104,2414,3.3666831396481784,3
4105,500,2.943733478667781,3
4107,1682,4.21543876780452,5
4107,1967,4.08627273992426,3
4107,1968,4.22689300874887,5
4107,2011,4.020361974008648,4
4107,2109,4.255719468493783,5
4107,2245,3.979761790112263,3
4107,2369,4.441102919873896,3
4107,2683,4.233667717482516,5
4107,2722,3.677419578838507,1
4107,3210,4.271288702809055,3
4107,3535,4.301986962015996,3
4109,1206,4.00821241791882,4
4110,922,4.8599864042377146,5
4111,110,3.9349944423891188,5
4112,674,4.116836247881684,4
4112,1196,4.2397752553119235,5
4112,1281,4.2161905404323585,5
4112,1641,4.277153910528339,4
4112,2167,4.102079734116143,3
4112,2289,4.464112568959512,4
4112,2615,4.0,4
4112,3388,3.824440425323514,4
4114,457,4.057101239434163,4
4114,1079,4.326930946019954,4
4114,1194,3.0,4
4114,1258,4.208235981619299,5
4114,3421,3.9836068555214568,5
4115,62,4.008247242776394,3
4115,473,3.5201858191021995,4
4115,551,4.1337918974276135,3
4115,589,4.0005815205597415,5
4115,953,3.862271816450744,5
4115,1036,3.9532646606195816,5
4115,1135,3.946313734331033,4
4115,1616,4.078682780719612,4
4115,1784,4.045395470216282,5
4115,1945,3.9434880747569143,4
4115,2408,3.7428573610799494,2
4115,2529,4.141198329031044,4
4115,2628,4.195027859888116,5
4115,3035,4.046426454307666,5
4115,3441,4.01079263194648,4
4115,3712,4.246331886887489,5
4116,185,3.8787272597563835,4
4116,208,3.8448205823247976,1
4116,490,3.968796680737522,4
4116,707,4.0,4
4116,1036,3.9480145232196677,4
4116,1129,3.8745116928859864,2
4116,1196,3.9324554468361415,4
4116,1198,3.903761197798783,5
4116,1518,3.6824266252486475,4
4116,1589,4.020771434264615,3
4116,1610,3.932827282898791,4
4116,2359,4.187893069232162,5
4116,2617,3.8229511137781746,2
4116,3029,4.0,4
4116,3178,4.183881128330251,4
4116,3386,4.031213223456617,4
4116,3704,3.7836119004283204,2
4116,3706,4.012884629721944,3
4116,3751,4.2184228720197225,4
4117,316,4.301943626835011,4
4117,1391,3.9281104997075365,4
4117,2353,4.251017093488282,5
4117,2763,4.226064095637131,5
4117,2916,4.309089735600398,4
4117,3499,4.449371661795817,3
4118,1222,4.432752132562839,4
4118,2240,4.0,3
4118,2287,4.999999999999999,4
4119,1032,5.0,4
4119,1304,3.730184234340549,4
4119,2181,3.0,4
4119,3627,3.0,4
4119,3792,3.0,3
4121,1130,3.894738064288438,3
4121,1373,3.8925522892556756,3
4121,1375,3.9643956532935993,4
4121,2311,3.9165240512882065,3
4121,2640,4.069408044122583,4
4122,110,3.8002130530210483,5
4122,946,3.0,4
4122,1020,3.582550753381487,3
4122,1175,3.0,5
4122,1208,4.178030563617203,5
4122,1233,4.266297178702829,5
4122,1276,4.28628172110945,4
4122,1377,3.369673724671179,2
4122,1747,3.9211182684618517,5
4122,2124,3.660864682357205,3
4122,2657,3.6947323826896525,2
4122,3104,4.021500575137837,4
4124,558,3.0,3
4124,603,3.0,3
4124,708,3.737685869084271,4
4124,762,3.8528214990565486,2
4124,829,3.0,3
4124,2144,3.7858200615819237,4
4124,2455,3.7189300182213265,3
4124,2719,3.2033982699226407,2
4124,3387,3.1427423221760242,4
4124,3489,3.6235544942306412,3
4124,3552,3.7644611960637158,5
4125,17,3.240747349812905,1
4126,2107,3.4110160970659127,3
4126,2291,3.6900280811603983,4
4127,364,4.132303069711537,3
4127,577,3.0,4
4127,783,4.22048592543497,5
4127,1711,3.852802236935326,2
4128,150,4.508163274983948,5
4130,2763,3.5523519189648107,5
4131,480,4.143691125079639,5
4131,653,3.8268962313028414,4
4131,1127,4.092816959685587,5
4131,1196,4.172392890077401,5
4131,2041,3.0,2
4131,2288,4.524707283781977,5
4132,356,4.407497106595237,5
4132,1198,4.237122513332237,5
4132,1210,4.458342344750791,5
4132,2369,4.225942187374279,3
4132,2858,4.443502543715185,4
4132,3763,4.603191700708715,4
4133,366,1.3231934499959321,1
4133,1690,3.4072802851004718,3
4134,2208,5.0,3
4135,2000,4.45695144656149,4
4136,1069,4.87701112921416,5
4137,562,4.144175030674287,5
4137,1663,4.0867955358099985,3
4137,3358,4.217536577359313,4
4138,1375,3.981574538402075,4
4138,2406,4.0918858887087906,4
4138,2640,4.264395943857513,3
4139,373,3.0,4
4139,588,3.837791270284338,3
4139,608,4.069472824580043,5
4139,708,3.703008943670558,3
4139,1047,3.727152908559698,3
4139,1306,3.0,3
4139,1356,3.5345908980153733,4
4139,1422,3.5033609751227495,4
4139,1729,4.067481918797309,5
4139,1885,4.119141950553289,5
4139,2023,4.16476165286097,2
4139,2320,3.0,4
4139,2692,4.319998708884831,5
4139,3723,3.0,4
4139,3783,3.0,5
4139,3841,1.974232863503686,2
4140,151,4.306279983194474,4
4140,382,2.858816664474001,2
4140,440,3.1768418020865448,3
4140,527,4.0516798446287625,5
4140,1363,3.0,3
4140,1388,2.744556143469686,3
4140,1587,3.4649787860320473,2
4140,2016,3.0,3
4140,2402,2.815324921407727,3
4140,2470,3.639730068312955,3
4140,2528,3.6422695137468772,4
4140,2956,2.0,3
4140,3254,3.2727734637874963,2
4140,3259,3.198565354687368,3
4140,3274,2.885151008796449,3
4140,3421,3.974955893790308,5
4140,3507,3.8968354476414055,3
4140,3524,3.644350838933959,5
4140,3638,3.6855527273252964,4
4141,198,3.336732626141703,4
4141,593,4.1182811556425705,5
4141,879,3.8002863466954966,4
4141,1094,4.1957815115181125,2
4141,1393,4.0803000999916,4
4141,1408,4.030575005815079,3
4141,1704,4.1072863943656275,4
4141,3006,4.384065102280429,5
4143,1198,4.4900131841154005,5
4144,665,3.0,3
4144,673,3.002089839501654,3
4144,2529,3.0968579774422484,3
4144,3367,3.0,3
4145,2428,3.0,4
4147,349,4.394130014873307,5
4147,969,4.4406465622105555,4
4147,1196,4.375016642371781,4
4147,2872,4.424742496345654,5
4148,170,3.504121862481299,3
4148,3633,3.931799322271461,3
4150,131,3.0,4
4150,248,2.0,3
4150,281,3.0,3
4150,480,3.49327871918019,4
4150,1276,3.8726158088298948,5
4150,2772,3.0,3
4150,3105,3.50413512851922,3
4150,3175,3.510157740725069,4
4150,3441,3.5698077345308747,4
4151,2959,3.8326695934994937,5
4152,1007,3.9971780084896897,3
4152,1034,3.0,4
4152,1200,3.898075512596178,3
4152,1945,4.458353816553725,5
4152,2262,3.7217192729440574,3
4152,3710,3.0,2
4153,126,3.0,2
4153,316,3.987386573766075,4
4153,420,4.099540094331532,3
4153,849,3.9343448207089167,2
4153,1517,3.868349261271808,1
4153,2162,3.0,2
4155,587,3.911943312741689,4
4155,1374,3.7634508617025193,2
4156,172,3.665345280150973,4
4156,318,4.098614699340158,5
4156,356,3.994642432958717,4
4156,1276,4.131651776503048,4
4156,1333,4.070032752552963,2
4156,2322,3.518887204211832,4
4156,2951,4.1203089747321835,4
4156,3366,3.9777390884179393,4
4156,3519,4.0,4
4156,3624,3.0,5
4156,3735,4.107283165242503,4
4157,736,3.153311996670034,3
4159,589,4.336609324769021,4
4159,2396,4.432275336618304,4
4160,924,3.49294306930096,4
4160,1097,3.3838401087079184,1
4160,2288,3.344390387551327,5
4160,2968,3.035129652465794,2
4160,3024,4.0,4
4160,3704,3.3586997584852387,2
4161,6,2.4123617333232596,3
4161,380,2.180409369759571,2
4161,474,2.301274885259801,3
4161,507,2.135763595534827,3
4161,546,1.7526472152700208,1
4161,1668,3.0,1
4161,2302,2.469009446178859,3
4161,3511,3.0,1
4161,3638,2.2122515225425965,2
4161,3646,3.0,2
4162,1625,4.172375169767031,4
4162,2959,4.123801190841595,5
4162,3252,4.2772546567113086,5
4163,1198,3.6683617731834888,5
4164,2363,3.702931432069354,2
4165,34,4.475504806615189,3
4165,342,3.481330055924201,4
4166,1022,3.7840887600945927,3
4166,1282,4.089943505014968,4
4167,288,3.647504851290212,2
4167,296,3.9578442318834366,5
4167,733,3.5873859946683333,3
4167,750,4.096587450787063,5
4167,1037,3.3340343445907363,1
4167,1086,4.273216314184234,4
4167,1198,3.6183797276756535,4
4167,1231,4.194267692495668,4
4167,1376,3.4047401100590706,3
4167,1466,4.014554380862595,3
4167,1885,4.028366921551712,3
4167,2028,3.8833336976150785,4
4167,3253,3.7633324983878897,4
4167,3421,4.019599313801533,3
4168,1041,4.919363111670233,5
4168,2908,4.7687937736167525,5
4169,22,3.807061968693085,4
4169,124,3.0,3
4169,186,3.7419640035509873,2
4169,202,3.0,1
4169,213,3.0,5
4169,266,4.178398970629287,3
4169,309,3.0,4
4169,359,3.0,3
4169,431,3.9801718846181213,4
4169,451,3.0,4
4169,477,4.0,5
4169,503,3.0,4
4169,532,3.330313253917605,2
4169,608,4.274002323285445,5
4169,765,3.006626218325617,3
4169,780,3.669716283018839,4
4169,1054,3.0,4
4169,1186,4.501712161265641,5
4169,1199,3.659723258355786,3
4169,1232,4.0,4
4169,1303,4.794604279679032,4
4169,1342,3.1721111917459206,2
4169,1384,3.0,3
4169,1399,3.0,4
4169,1408,3.858544097066377,5
4169,1518,3.098981272363789,4
4169,1531,3.0,4
4169,1565,3.0,2
4169,1730,3.0,4
4169,1896,3.0,4
4169,1909,3.5907182669264617,3
4169,1962,4.294721396176974,5
4169,1995,2.832499269747762,2
4169,2044,3.0,3
4169,2050,2.4322326032693677,1
4169,2059,3.644074096678677,4
4169,2250,3.0,4
4169,2252,3.0,2
4169,2306,3.0,3
4169,2413,3.3114215743790854,2
4169,2580,4.202466618583053,4
4169,2827,2.0,2
4169,2857,4.146495677761461,5
4169,2883,3.0,5
4169,2936,4.818224214381272,4
4169,2970,3.0,5
4169,3028,4.0,5
4169,3152,4.72216601734862,5
4169,3264,3.495368999555689,4
4169,3337,3.0,4
4169,3374,3.0,3
4169,3478,3.510759557862192,4
4169,3518,3.0,2
4169,3640,3.0,3
4169,3701,3.290298451247678,3
4169,3736,3.0,5
4169,3765,3.0,2
4169,3783,3.0,5
4169,3819,3.0,4
4169,3893,4.65755994484385,5
4169,3933,3.0,3
4170,1198,3.464563359400606,3
4170,1945,4.043348023949236,4
4171,3,3.7693439811572014,3
4171,1380,3.820898098386664,4
4171,1395,4.261656905017821,3
4171,1409,2.742209279044189,4
4171,2245,3.8532459077906496,5
4172,235,4.372288245867466,4
4172,708,4.487005331010366,3
4172,1394,4.335694488999558,5
4173,1035,3.94546125801316,4
4173,2746,4.110041134745666,4
4174,1248,4.538540113710861,4
4174,1270,4.061532455412423,3
4175,3619,3.0,5
4176,1240,4.850540854403853,4
4177,589,4.5009684356038555,5
4177,1215,4.481190402312804,4
4177,1266,4.5091571540988875,5
4177,2353,4.5415444876119615,3
4178,2389,3.0,1
4179,708,4.290867121723826,4
4179,2161,4.379645738295169,4
4179,2262,3.962260749836401,5
4180,608,3.9631976701002634,3
4180,924,3.9792643130860026,5
4180,2505,3.0,4
4180,3334,4.0,4
4181,2671,3.6591643930446973,5
4181,3809,3.5103784886640166,3
4183,47,3.357030828819068,5
4183,70,3.2062572119898465,2
4183,107,1.0,4
4183,1027,2.6248268260114838,1
4183,1093,3.6164690998179676,3
4183,1387,3.3714300441034664,3
4183,1500,3.343469492302882,2
4183,1704,3.392466839152505,5
4183,1792,2.789374457369714,2
4183,1916,3.0,3
4183,2112,3.2019601755840674,2
4183,2294,2.516565165859406,4
4183,2413,2.5796320014012206,5
4183,2439,3.0,3
4183,2699,2.854417955677006,4
4183,2709,3.0,4
4184,3598,3.0,4
4185,1342,3.5502949805078297,2
4185,2120,2.824650827738327,3
4185,3550,3.1603027286156533,3
4186,367,2.906660129891926,3
4186,428,3.633317759688277,2
4186,902,3.424788056502987,4
4186,954,3.5330868091324668,4
4186,1199,2.930087180960954,5
4186,1250,3.4665188972555474,5
4186,1297,2.9296854833374693,4
4186,1387,3.136772576424266,3
4186,1425,3.0,3
4186,1647,3.0,3
4186,1895,3.0,2
4186,2018,3.0454298074132184,4
4186,2085,2.9441037866222812,3
4186,2528,2.856697614247572,4
4186,2791,2.9869839575690325,4
4186,2868,2.3242506571337262,3
4186,3502,3.0,3
4186,3835,3.0,2
4186,3897,3.4093180415615048,4
4187,1250,4.529566916216702,5
4187,2919,5.000000000000001,5
4188,410,2.7480330870577463,3
4188,2311,4.0,4
4188,3753,4.1376223526683065,5
4189,3819,3.0,5
4190,172,3.148569287908136,3
4190,1376,2.659140785411453,4
4190,2657,2.682181166097179,1
4192,3764,4.0,3
4192,3844,2.429426774726708,2
4193,967,3.0,4
4193,1172,3.8036216122280844,4
4193,1219,3.7992700956575907,4
4193,1586,3.4787906402799877,3
4193,3516,3.0,4
4194,1265,4.356342970527748,4
4194,1885,4.497888454035826,3
4194,2300,4.576865446884932,5
4194,2324,4.48299721352388,5
4194,2791,4.334691567561993,5
4195,950,4.747978459163942,4
4196,2550,3.0,5
4197,2355,4.522615684784277,5
4198,1387,3.9291739763372675,5
4198,1987,4.456000202523056,3
4198,3181,3.0,5
4199,720,5.0,5
4199,1207,1.0,4
4199,2762,3.397337571144158,5
4200,3175,3.3610861310823426,4
4202,3699,3.853943302308242,4
4203,34,4.124930521950126,5
4203,539,4.261776335424952,4
4203,593,4.366383860414365,4
4203,1196,4.349141450874924,5
4203,1500,4.304969939815474,3
4203,3104,4.359798151853997,4
4204,608,4.583985641558831,5
4204,1377,4.320386156839552,4
4204,1953,4.701069668679195,5
4204,2871,4.616507632564642,5
4204,3361,4.658627525849021,5
4205,260,3.6774269369883132,5
4205,2628,3.868774804973474,3
4206,1097,4.496968902687302,5
4206,2002,4.113702505768438,3
4207,1272,4.899631243291478,5
4207,1552,4.436975193853124,4
4207,2730,4.0,4
4207,3459,3.0,3
4207,3586,3.0,4
4207,3735,4.792226482569717,5
4209,2858,4.011388991934196,4
4210,788,3.765595493957541,3
4210,1584,3.7489517275167272,5
4210,1598,3.0,3
4210,1961,4.278697328797403,4
4210,2643,3.367848236911332,1
4210,3697,3.539230957524909,4
4212,480,4.129385798040537,3
4212,1036,4.100278219718995,3
4212,1262,4.259031633140349,5
4212,1263,4.285852733524665,5
4212,3448,4.047842021317746,5
4212,3755,3.0,4
4213,288,4.129679051328103,3
4213,547,4.0,4
4213,692,4.252031748834777,3
4213,1343,4.210430258324159,4
4213,1373,4.3063715816685875,5
4213,1395,4.109742954989545,3
4213,1833,3.9461148058624853,4
4213,1917,4.11019955066807,5
4213,3098,4.259672393005324,4
4213,3101,4.332095742369019,4
4213,3543,4.412194876403813,4
4214,1380,4.643358593441176,4
4214,1617,4.0,4
4215,1136,4.14480041157912,4
4215,1257,4.154994872331618,5
4215,1299,4.254926650051132,4
4215,1960,4.167808716829935,4
4215,2710,3.99188825519918,4
4215,3037,4.311959596662442,3
4215,3264,3.8869754825331744,4
4215,3363,4.20657500763171,4
4216,3604,3.0,4
4217,292,4.19725574644144,4
4217,300,4.183465623465538,3
4217,329,3.8437939710882874,4
4217,520,4.080776480236058,5
4217,1266,4.243765894747649,4
4217,1270,4.19919863347878,4
4217,1608,4.2319474399120605,4
4217,1883,4.200285193183626,3
4217,2001,3.918838840530275,4
4217,2571,4.226693560652685,5
4217,3703,4.283424391465712,4
4218,426,2.0,1
4218,1097,3.490016338341889,4
4219,1882,3.5282577925512637,3
4219,2527,3.977926883033049,5
4220,176,4.0,5
4220,543,3.7550554314997644,3
4220,923,3.798242870216077,4
4220,2336,3.654191661786902,4
4220,2804,3.7415299742840498,5
4220,3633,3.668562009666458,4
4221,924,4.431536221627389,5
4221,2653,4.0,4
4221,2927,3.0,4
4222,902,4.19062196260131,4
4222,923,4.116409427331531,5
4222,1208,4.073434968659737,4
4222,2021,4.120993681305343,5
4222,2087,4.136976978339815,4
4223,788,3.942607201645943,3
4223,1276,3.8118516742805584,4
4223,1807,3.0,3
4224,539,4.094092945208639,5
4224,1550,3.0,3
4224,1721,4.166503093386299,5
4224,2099,4.52215347203374,4
4224,2135,4.4209820747674495,4
4224,3462,4.22339873069026,5
4225,194,4.0,3
4225,247,4.09967861493958,5
4225,633,3.0,3
4225,1788,3.0,4
4226,3175,4.217161467154484,4
4227,11,3.8260993108804158,4
4227,78,3.0,2
4227,248,1.0,2
4227,362,1.0,1
4227,466,3.2807848453796846,1
4227,541,3.78536298837584,5
4227,552,3.365958256257654,3
4227,585,2.7494083689774382,3
4227,590,3.8317637534128233,3
4227,606,1.5563048385214666,1
4227,631,1.0,1
4227,809,2.26281181626337,3
4227,1063,1.0,2
4227,1231,4.273330809171384,4
4227,1373,3.275905351870035,2
4227,1610,3.81328671876276,5
4227,1758,3.0,3
4227,1937,4.0,3
4227,1996,1.9818017434866473,1
4227,1997,3.5742153229520066,4
4227,2051,1.2689594174973524,1
4227,2064,4.071859115123739,4
4227,2084,3.0,1
4227,2140,3.4474184345108707,3
4227,2253,3.0140356843872977,1
4227,2302,3.6889007687160422,4
4227,2352,4.00180549142499,4
4227,2359,3.9405172736639082,5
4227,2407,3.594957053095166,4
4227,2490,3.643603570264327,4
4227,2549,2.0330572150805444,4
4227,2571,3.719039742630156,5
4227,2868,1.7959751965436241,1
4227,3308,3.6665609137177877,3
4227,3361,3.9798874115997838,4
4227,3502,1.0,3
4228,1240,4.151311300372037,5
4228,2706,2.687154700210267,3
4229,370,3.4900417071847274,3
4229,1476,3.79788775713164,3
4229,1918,3.4839684111995415,4
4230,3795,3.0,5
4231,364,3.581283888281657,4
4231,3360,3.27171428409198,3
4232,2710,4.004210189741526,3
4233,111,3.91735195650157,5
4233,527,3.8253058863279943,4
4234,223,4.065619877943616,3
4234,945,4.322818430620754,4
4234,1283,4.407113349000713,4
4234,1294,4.115345290512157,4
4234,2140,3.719731866390545,3
4235,891,3.0,3
4235,3160,3.697820843836138,3
4235,3298,5.0,3
4235,3754,3.0,4
4236,2995,4.034031780869398,4
4237,364,4.067755576313146,4
4237,3578,4.033347712554745,5
4238,16,3.997637900427188,3
4238,111,4.358128627312491,5
4238,223,3.905435161850991,5
4238,442,3.533726989370227,4
4238,490,3.6580269429570302,4
4238,778,4.161001597492858,4
4238,1210,3.9240971268320792,3
4238,2002,3.5254009195648055,3
4238,2163,2.9833341854124393,4
4238,2363,3.9542852744162453,3
4238,2382,2.0632406876309233,1
4238,2421,3.289423423596479,3
4238,2536,3.0,1
4238,2993,4.093903770240627,5
4238,3197,3.5627488024774934,3
4238,3366,4.494612902305841,4
4238,3760,3.0,4
4238,3805,3.0,3
4239,3032,4.320768093077779,3
4241,912,4.678461660694938,5
4241,2926,3.0,3
4241,3176,4.118179675325267,2
4242,44,4.058996326597875,4
4242,587,4.044355467781455,5
4243,1201,4.262482319724282,4
4243,1304,4.328864856401618,4
4243,3599,4.25306102283155,4
4243,3768,4.0,4
4245,1127,3.691859270583469,5
4245,1274,2.7934895406602718,1
4245,1356,3.777431415003802,4
4245,2012,3.7885117458878206,4
4245,2455,3.802496505370488,3
4245,2640,3.8564893498164055,4
4246,2355,4.880844721979464,4
4246,3501,3.0,5
4247,173,3.4419148475919434,1
4247,611,3.0,2
4248,266,4.019470338640786,3
4250,282,3.0,3
4250,329,4.02704416493892,3
4250,1515,4.395270148659649,5
4250,1954,4.241410370828316,3
4250,2013,3.788700403019958,4
4250,2991,4.309252765383517,5
4250,3174,4.103493078007878,4
4251,1914,3.0,4
4251,3552,3.5698260275534706,4
4252,353,3.524966827566805,5
4252,2605,3.3763457590248165,3
4253,541,3.54758377235212,4
4253,1263,3.968445160316336,4
4253,1299,4.0736625286288906,3
4253,1303,4.025549151499051,3
4253,2078,3.612015032698863,3
4253,2355,3.8364333146682306,3
4253,3527,3.9436425745174497,5
4255,413,3.0,3
4255,920,4.912180513255641,5
4255,948,5.0,3
4257,912,3.717805199560438,4
4257,2671,3.209652565155033,4
4257,3147,3.704825843880462,5
4258,1912,4.049197491178842,5
4258,1953,4.11021254902386,4
4258,2003,3.698415553710389,2
4258,2628,3.9861815512585643,3
4258,2795,3.969776220452673,5
4258,2922,4.26571022197503,4
4260,2424,3.258998918054228,3
4260,2966,3.0,2
4260,3421,3.5097549520899274,3
4260,3519,3.714668174844843,3
4260,3614,3.180300997890011,3
4260,3740,3.506450983174522,4
4261,329,3.1761557106476745,4
4261,420,3.187514613225649,3
4261,673,3.6544039280518663,2
4261,849,2.981856239375476,3
4261,940,3.9136266254498944,4
4261,1049,3.3603513162773915,4
4261,1616,2.7059647672593496,3
4261,1858,3.240780096957508,4
4261,2253,2.871817671578823,4
4261,2628,3.2172061462010397,5
4264,534,3.0,4
4265,783,4.0838093612517445,4
4265,1220,3.9268979329964537,3
4265,1240,3.9824196932903653,3
4265,1298,3.7449209708390336,2
4265,1722,4.072283647066759,5
4265,1894,4.254091798429936,4
4265,2628,3.89538793470918,5
4265,2985,3.792062594621483,4
4265,2987,3.981413564323555,4
4267,2490,3.5472002273168517,3
4267,3543,4.580215886812158,4
4268,236,3.1625796304371288,3
4268,377,3.219615199411226,2
4268,1256,3.8586838212454984,5
4268,2037,3.0,3
4268,2103,3.0,3
4268,2616,3.0548655669668596,1
4269,913,4.383492859442987,5
4269,1111,3.0,4
4269,1199,4.021809462771929,5
4269,1240,3.729084322169358,3
4269,2539,3.5376336368957784,3
4269,2791,3.579995203114819,4
4269,2915,3.8467393336379625,3
4269,3703,3.66607322517511,4
4271,1271,2.4657544277795864,4
4271,1517,3.348013588129417,3
4271,1527,3.209323681782322,3
4271,2011,3.210859805167823,2
4271,2312,3.0836705523169967,4
4271,2470,3.291010506899303,3
4271,2662,3.3806529529273748,2
4271,2918,2.8568332536608283,2
4271,3096,3.0,3
4271,3700,3.0,2
4272,1127,3.4548072085220403,5
4272,1779,3.819766999131483,3
4272,2448,2.7111245999093985,3
4272,2450,3.407376218778733,3
4272,3702,3.883497575786131,3
4274,350,3.090171794723076,4
4274,531,3.0,2
4274,1422,2.742460256785155,3
4274,1608,3.0121566179520327,4
4275,1584,3.8267259009032175,4
4276,971,4.009259943524847,3
4276,1094,4.000574523091498,4
4276,3155,3.0,4
4277,32,4.52086411979587,4
4277,34,4.562992870164872,4
4277,153,4.171541715860282,4
4277,200,3.0,4
4277,213,3.0,4
4277,253,4.424509383697211,5
4277,322,4.311207560675328,5
4277,442,4.187906380549845,4
4277,504,3.7790851341640987,4
4277,748,4.201936069879881,4
4277,837,3.0,4
4277,874,3.0,5
4277,882,3.0,4
4277,891,3.794694603087606,3
4277,928,4.544272429785261,5
4277,997,3.0,4
4277,1004,3.5718977574351367,4
4277,1127,4.345856964758854,5
4277,1198,4.415177164523457,5
4277,1209,4.899045298892748,5
4277,1219,4.710791002903644,5
4277,1274,4.307847647000775,5
4277,1287,4.60419617866305,4
4277,1347,4.3736794812563335,5
4277,1378,4.320601890394508,4
4277,1387,4.555102105351733,5
4277,1597,4.346764503618087,4
4277,1598,4.0,4
4277,1873,4.0,4
4277,2159,4.674362605849967,5
4277,2501,4.859077751503348,5
4277,2625,2.9924481894628374,4
4277,2722,3.758711316871231,3
4277,2764,4.66606894072215,4
4277,2836,3.0,4
4277,2943,3.0,4
4277,3060,4.614332934355758,5
4277,3474,3.0,4
4277,3498,4.233735094028891,5
4277,3684,4.27245460833262,4
4277,3765,3.0,4
4277,3896,4.509860976925137,5
4277,3929,3.0,5
4277,3932,4.0059489060864495,4
4279,188,3.6431599479250885,4
4279,1127,3.7520379935487083,2
4279,1375,3.5425720430940877,3
4279,1648,4.0,4
4279,1792,3.3946641659525283,3
4279,2088,3.4235641718337297,3
4279,2525,3.3756743135058245,2
4279,2527,3.818818315044967,4
4279,2571,3.697487890098909,2
4279,2948,3.8368891070931435,4
4279,2951,4.039645161864363,5
4279,3442,3.0,2
4280,2710,3.3223936007386525,5
4280,2883,3.0,3
4281,222,2.906406217524734,3
4281,3508,4.087840617497154,4
4283,1197,4.09594494577574,3
4283,3809,4.096242064886347,5
4284,9,2.3544889863687297,2
4284,667,3.0,2
4284,1876,3.0417017389021934,3
4284,3697,3.0347689054198197,3
4284,3802,2.8116631225404967,1
4285,7,4.019152339199227,5
4285,165,3.8319907688632977,4
4285,333,4.164466623925453,5
4285,434,4.006867667145385,3
4285,544,3.318489831034593,2
4285,1129,3.973194928488466,4
4285,1220,3.9901218567204175,4
4285,1269,3.609107647076104,4
4285,1526,3.0,3
4285,1587,3.9804070478924762,4
4285,1923,4.080029977411454,4
4285,1954,3.952448547576497,4
4285,2027,4.334422179637696,4
4285,2090,3.336371492516077,3
4285,2457,3.8162820313952595,4
4285,2616,3.9162676408652994,3
4286,1024,4.042124562720885,3
4286,1303,4.800824159326098,4
4286,2644,4.583284013938087,5
4286,3435,4.358465013028744,3
4286,3491,3.0,4
4286,3604,3.0,4
4286,3800,1.0,1
4287,95,4.012906300126548,4
4287,260,4.047686498143781,4
4287,464,3.701439090378338,4
4287,1587,4.03372872531598,4
4287,1722,4.014010722689761,4
4287,2012,3.9481268399236784,5
4287,2053,2.2063482913056105,1
4287,2153,3.9621378095589415,3
4287,2524,4.069667991019027,4
4288,1395,4.638316592656288,4
4288,2420,4.495240705426674,4
4289,1275,4.143508944328448,5
4289,1394,4.078473789954986,5
4289,2453,3.0,4
4289,2915,4.169662044181422,4
4290,3552,4.57246205345807,5
4291,480,3.888134384730673,3
4291,748,3.671877742564526,3
4291,2126,3.9184608889769676,3
4291,3430,3.0,3
4291,3578,4.277509955800417,5
4293,1136,4.534754639052101,5
4293,1197,4.374715717119898,5
4294,107,4.284175778525334,3
4294,765,3.4977847585766617,3
4294,801,3.0,2
4294,1028,3.2492827306507275,5
4294,2709,4.687792520856572,4
4294,2918,3.0300452212334266,5
4295,2253,1.4841714776773514,2
4298,247,4.313961566313148,5
4298,337,4.433592404693206,4
4298,1223,4.4225069850733405,5
4298,1252,4.544844096855721,5
4298,1963,4.648442839855293,5
4298,2369,4.39102964908578,5
4298,2952,3.0,4
4298,3524,4.020160674647137,1
4301,1408,4.546699357636724,4
4301,1617,3.0,4
4302,45,4.230480583152982,3
4302,1597,4.254448178371713,4
4302,2058,4.222226898613693,4
4302,2105,4.07726156747367,4
4302,2724,4.3793137277089755,3
4303,145,4.0,4
4303,1049,3.6898237274251273,3
4303,1147,3.0211148284804117,5
4303,1243,2.511817864859756,3
4303,1294,4.241795477633856,5
4303,1345,3.3451191669648153,3
4303,1949,4.4992399110736985,4
4303,1964,4.357648166282592,4
4303,2240,4.7484204599345645,4
4303,2243,4.262795547209174,4
4303,2599,4.1810685360819155,3
4303,3006,4.252045780212881,4
4303,3038,3.0,5
4303,3543,4.259149600192239,4
4304,6,4.662185150356227,4
4304,3160,3.6942543678522264,5
4305,3,2.955688075796143,3
4305,370,3.455797746305653,5
4305,509,4.190749542916417,4
4305,919,4.1574332711415725,5
4305,968,3.9729139121994996,4
4305,1028,4.065450484104363,5
4305,1167,3.0,4
4305,1233,4.40825033944596,5
4305,1876,3.8983722384823842,4
4305,1923,4.099761047259359,4
4305,1982,3.6440360278341317,4
4305,2613,3.480394692277983,3
4305,2701,3.8383974050675262,3
4305,2791,3.8489227924019214,5
4305,2793,3.854117689185188,4
4305,2974,3.309727241626098,3
4305,3147,4.290247265107404,5
4305,3354,3.8911864590604783,5
4306,2764,4.0,3
4306,3445,4.2817265317022715,5
4308,1203,5.0,4
4308,3623,3.8173319430117387,2
4309,1,4.124396748667846,4
4309,1370,4.292651881399872,5
4309,1694,3.887602425965536,4
4309,2272,3.0,4
4309,2289,4.008479886225527,3
4309,3005,4.305924415277605,4
4310,782,4.0,4
4310,1093,4.635305125673886,5
4310,1242,4.1395741884362165,3
4310,1408,4.0968143839341495,5
4310,1704,4.0721557818811425,5
4310,1816,3.0,5
4310,1876,4.021556616476052,2
4310,2002,4.048247569600023,4
4310,2020,4.078294669903226,5
4310,2605,3.714761401597163,4
4310,3146,3.0,4
4310,3753,4.186037949623074,5
4310,3879,3.0,4
4311,2367,4.0,3
4312,177,3.114003274089915,3
4312,188,3.489123566710706,3
4312,434,3.4516241740109472,3
4312,481,4.708435751034294,5
4312,542,2.5233938166716117,3
4312,1391,3.4348567948866844,3
4312,1479,3.300771138348808,4
4312,1673,4.034937574379054,5
4312,1997,3.670691407914788,5
4312,2463,3.495496124577595,4
4312,2528,3.63367162808168,5
4312,2950,3.1095600399070653,3
4312,3156,3.0,3
4312,3175,3.5319106654604266,1
4312,3441,3.4419871475874286,4
4312,3477,3.7174460087782757,3
4312,3525,3.4687316953674237,3
4313,1196,4.232911926366314,4
4314,875,3.0,3
4315,546,3.339526628365293,2
4315,2162,4.0,3
4315,3255,3.6758378572599417,5
4315,3418,3.9519971549375748,5
4317,1196,3.8327634900867658,5
4318,34,3.7420818393976094,4
4318,733,4.013080694904453,3
4318,762,3.543743374840128,3
4318,1120,4.392760569672857,4
4318,1203,4.0,4
4318,1240,4.112125801812141,4
4318,1461,3.498530249263739,5
4318,1552,3.964697936253873,4
4318,1806,3.0,4
4318,2502,3.815816915469358,5
4318,2683,3.876299145999075,3
4318,2959,3.886015302865619,5
4318,3499,4.209939329934204,4
4318,3686,3.8925889292255103,4
4318,3768,4.0,3
4319,1092,3.3330424173641937,5
4319,1693,3.0,4
4319,2707,5.0,4
4320,1196,4.51447919348602,5
4321,1487,3.0,4
4321,2321,4.37513415432881,5
4322,454,3.675548984718973,3
4322,531,3.0,5
4322,934,3.0,3
4322,1459,3.703538856440653,3
4322,1644,3.578759976256636,3
4322,1721,3.7692150867733862,4
4322,1732,3.531232272830087,3
4322,2009,3.2271945696635806,2
4322,2928,3.0,4
4322,3160,4.022394495549186,2
4322,3244,3.7073428055069106,5
4322,3494,3.632545907850827,3
4322,3729,3.0,3
4323,1028,3.672778821351012,4
4323,1297,3.580617160382957,5
4323,1552,3.560363494186788,4
4324,1267,4.679230893049221,5
4325,2202,3.0,3
4326,110,3.85425877553253,5
4326,1563,3.0,4
4326,2236,3.0,4
4326,2481,3.0,2
4326,2890,3.917915057528459,2
4327,349,4.213906449770207,5
4327,608,4.347906144222205,5
4327,2628,4.118860583196715,3
4327,3700,3.0,3
4328,348,3.8611010574172067,4
4328,485,2.962322557944902,2
4328,527,3.78856094451193,5
4328,653,2.8789068084953127,1
4328,750,4.078412236298688,5
4328,1641,3.729886314999232,3
4328,2871,4.029357842629904,4
4328,3244,3.7229343569409656,4
4329,36,3.6052286488950998,2
4329,441,3.877833077969026,5
4329,587,3.6966309331109293,3
4329,3753,3.8982341045875373,5
4331,2000,3.6837760953867327,5
4331,2647,3.0,2
4331,3578,3.836809301424246,5
4333,1653,4.240752603830695,1
4333,1779,4.1074301273660865,5
4333,2661,4.236477498881518,3
4333,3635,4.109273246455443,4
4334,2664,3.8084517272503042,4
4334,3476,4.165125866902016,5
4334,3770,3.659052882916674,3
4335,95,3.6583424224178938,3
4335,135,3.0,3
4335,339,3.594530717960243,3
4335,440,3.50158657207125,4
4335,612,3.0,2
4335,786,3.6620534922028636,3
4335,1275,3.7465729138327952,3
4335,2125,3.7308655398091437,4
4335,2339,3.0,3
4335,2469,3.48160844401818,3
4335,2987,3.7091708087961788,3
4335,3448,3.622457809249434,4
4335,3552,3.6936920450934494,3
4335,3688,3.267541310330922,3
4336,1923,4.35332561886923,3
4337,1265,4.44988860869584,4
4337,1270,4.50101276014994,3
4337,1645,4.3243382898789875,5
4337,1992,3.544929179793424,3
4337,2328,3.5835918378841503,5
4337,2951,4.735701834875819,5
4337,3016,4.09240721294116,5
4339,1833,3.2746641870714646,3
4339,3511,3.0,4
4342,541,4.4150451835208395,5
4342,3791,4.357002546752951,5
4343,163,3.384215489940537,4
4343,1060,3.566614973975685,4
4343,1459,3.2853745777072323,3
4343,1485,3.310178590876914,3
4343,1783,3.0,1
4343,3064,2.0,2
4343,3180,3.0,3
4344,107,3.9794284701944873,3
4344,673,2.8862203483025546,4
4344,954,4.340520673731193,3
4344,1084,4.3534833834585545,4
4344,1089,3.9513907384382803,5
4344,1104,4.376072714647814,5
4344,1222,3.811770088686903,4
4344,1224,4.337223763457902,5
4344,1288,4.025751931113975,4
4344,1596,3.0,4
4344,1610,3.568490127863284,4
4344,1729,3.823011799661104,5
4344,1995,2.168998546114373,1
4344,2000,3.531525622706225,4
4344,2111,3.0688662856634727,3
4344,2177,3.0,4
4344,2376,3.0685947143967023,3
4344,2459,3.336076206263557,3
4344,2474,3.361945768207247,4
4344,2664,4.144081648229206,5
4344,2692,4.082810632133024,1
4344,2729,3.815333922290209,5
4344,2932,4.511518546048418,5
4344,3015,4.0,2
4344,3153,3.409492710845774,4
4344,3438,2.7317528200277854,4
4344,3462,4.804302436154935,5
4344,3506,3.7337594114556087,4
4344,3613,3.0,3
4344,3685,4.142961070216234,4
4344,3690,2.0,1
4344,3770,3.2813115569401914,4
4345,361,3.4651402464589816,3
4345,1023,3.7360019117361207,4
4345,1224,4.0,5
4345,1247,4.1031062829357055,4
4345,1265,3.83271850040157,3
4345,1294,4.016679603475474,4
4345,1674,3.752045607813813,4
4345,2100,3.730615812840526,4
4345,2736,3.7295859165895866,4
4345,3045,3.499239313097697,4
4345,3097,4.0,4
4345,3260,4.160705062503492,4
4345,3330,3.0,4
4345,3556,3.0,4
4345,3614,3.721837101437832,3
4345,3705,2.5897475012728113,2
4345,3760,3.0,3
4346,2393,4.061477414795275,1
4346,2413,3.1721407829268595,4
4346,3174,4.1328058953211135,1
4347,2694,3.9863964222238355,3
4348,1096,3.0,3
4349,2362,3.0,5
4350,162,5.0,3
4350,3835,3.0,3
4351,316,4.189528847902807,4
4351,420,3.8002817396189483,3
4351,912,4.347187754609166,3
4351,1222,4.3301905539111205,5
4351,2353,4.250452470558985,4
4352,186,2.758265943000578,3
4352,239,2.7777355843286924,3
4352,450,3.735667004109216,3
4352,1032,3.916714381211287,4
4352,1220,4.027891503317862,3
4352,2485,3.4390872462322015,4
4352,3269,3.4763102983424523,3
4352,3791,3.429473921071818,3
4353,1210,3.8142233445358675,4
4353,2023,3.9088721628607166,3
4353,3104,3.9314509340568713,3
4353,3751,4.0796521868882225,5
4354,383,4.66439460686506,4
4354,435,3.261712919295449,5
4354,553,3.958502637633613,5
4354,736,3.6129584536503225,5
4354,912,4.213829630644336,5
4354,1196,3.910492073331049,4
4354,1242,4.1069468901886514,5
4354,1269,4.3171574692380155,5
4354,1888,2.8425723972703043,1
4354,2248,3.8660716315287256,1
4354,2290,3.0,3
4354,2302,3.7717001261029024,4
4354,2473,2.704698837627745,1
4354,2641,3.6714444742427133,1
4354,2733,2.0,1
4354,2734,3.521252590570644,4
4354,2794,3.109252956363948,4
4354,2919,4.0736983263501,5
4354,3098,3.886289936255039,5
4354,3210,3.5988975831852374,5
4354,3235,3.0,3
4354,3782,2.0,2
4355,1544,3.3848191132086964,3
4356,965,4.0,4
4356,1125,4.100091869722475,4
4356,1208,3.85162564753384,4
4356,1252,3.8962186973722566,3
4356,1267,4.030339084144243,5
4356,2700,3.9168963051711936,2
4356,3147,3.6681776207714862,5
4356,3441,3.2171448522896755,3
4358,2160,3.8996624053582454,4
4358,3167,3.0,2
4359,24,2.9862590046720494,5
4359,2997,4.292356974941884,4
4360,289,2.485712317568356,3
4360,1405,2.3807764601836916,2
4360,1409,2.3280533886391233,3
4360,1777,2.792980263621347,3
4360,2124,2.440603708759198,2
4360,2369,2.501059508179668,2
4360,3358,2.7869569485988945,3
4361,596,4.240286637341917,3
4361,2797,4.192450073998095,5
4362,233,3.0,5
4362,501,3.0,4
4362,1279,3.0,3
4362,1378,2.312226961172643,3
4362,1517,2.940522096114542,4
4362,1597,2.45618398055403,3
4362,2023,2.852548121687403,3
4362,2159,3.0,4
4362,2193,2.358671420898325,2
4362,2605,2.4001119041510113,2
4362,2699,2.6019642394864406,4
4363,590,4.641993935396353,5
4363,1148,4.826005196557763,5
4363,2135,5.0,4
4363,2530,4.238709194088642,4
4363,3198,4.502262996085939,5
4363,3623,4.472143720965698,1
4364,1967,3.6864915238182414,5
4364,2054,3.4717338830705504,3
4364,2450,3.5258653492669727,2
4364,3479,3.7159278049571034,5
4365,1792,3.0,3
4366,2746,4.0,4
4366,3608,3.0,3
4367,1262,3.9858409881731767,4
4367,1367,3.0,3
4367,3214,3.0,3
4368,2791,3.9764997183524917,4
4369,914,4.502315113066395,3
4369,1247,3.963800402540025,4
4370,318,3.977587657363382,5
4370,3006,3.8774658282167946,3
4373,900,4.183509179487559,3
4373,950,4.394571493216215,5
4373,1066,4.0,4
4373,1086,4.358796267282382,4
4373,1204,4.415397522680669,5
4373,1301,4.065070741948147,5
4373,1327,4.219938056819115,2
4373,1569,4.017952961459153,5
4373,1641,4.181805344518004,5
4373,2186,4.34827545147262,5
4373,2243,4.18223455434276,2
4373,3384,3.0,3
4374,1623,5.0,3
4374,3263,4.335462378835813,4
4375,79,3.0,4
4375,516,3.8721435030716926,4
4375,673,4.034481912181414,4
4375,719,3.930443585956262,4
4375,1474,3.8355229341128347,3
4375,1586,4.165261799400353,4
4375,1754,4.075776941919712,4
4375,2053,3.7738039321915124,3
4375,2716,4.018659605659091,4
4375,3120,3.0,4
4376,1240,4.073817714605658,5
4376,1345,3.783908832569838,3
4376,1911,3.4639425328136166,4
4377,589,4.045993236438688,4
4377,1667,3.0,3
4377,1867,2.0,4
4377,1917,4.031176491086081,5
4377,2723,3.4654384401435463,1
4377,3107,4.093281038214899,4
4378,2194,2.9838757719354283,3
4378,2762,3.0414622621120273,5
4378,3688,3.3572978053490057,2
4379,235,3.502230437564649,2
4379,471,3.423329308616832,2
4379,585,2.8797083939778,3
4379,1111,3.0,4
4379,1220,3.6623744158634084,5
4379,1246,3.5956943401058967,3
4379,1466,3.5592548501463526,2
4379,1584,3.4672201471616177,3
4379,2448,3.0277988624340866,1
4379,2879,2.9999999999999996,3
4380,2110,4.208312711690219,2
4380,2718,4.503322136199514,3
4380,2881,3.929128003762916,4
4380,2975,3.0,3
4381,260,3.707633067920848,4
4381,418,3.0,1
4381,842,3.3494987558997105,1
4381,920,4.173750464372277,4
4381,1484,3.0,4
4381,2791,3.6540473667140607,5
4381,2918,3.6247862163552265,3
4381,3421,3.8312721543587034,3
4381,3768,1.0,1
4382,420,1.6107461110206494,2
4382,1653,3.4707804475558266,3
4382,1735,3.0,4
4382,1831,2.5359715919785035,1
4382,2617,2.5278578299504164,3
4382,3263,2.840450022466192,3
4384,224,3.456566591129892,4
4384,296,4.260471802869405,5
4384,574,3.0,4
4384,785,3.801253529667485,4
4384,1644,4.299299370833904,4
4384,2161,4.13400367633415,4
4384,3418,4.302936612131852,4
4384,3444,4.197592934848874,4
4385,3052,4.601334240387527,4
4386,70,4.0084007562924615,4
4386,173,3.5876764277553597,4
4386,365,3.0,3
4386,1008,4.0,4
4386,1009,3.6434296559094355,3
4386,1077,4.501574483167802,5
4386,1333,4.508619132548327,5
4386,1345,3.9027262176978414,5
4386,1394,4.2246630009283965,5
4386,1408,4.195641201426454,4
4386,1485,3.649054670669367,4
4386,1653,4.280823863061417,2
4386,1732,4.163924320722961,4
4386,2019,4.541537060407512,4
4386,2114,3.2735309776288943,3
4386,2268,4.028839940983945,3
4386,2407,4.0328395023572465,5
4386,2409,3.9038919619688506,4
4386,2949,4.462806401409522,4
4386,3105,4.067641545587623,5
4386,3619,3.0,4
4386,3758,3.0,2
4387,82,3.0,5
4387,154,3.0,4
4387,276,2.5127933865786947,2
4387,586,3.1123888590558075,4
4387,912,3.3916167906020602,5
4387,1032,3.7703289701333875,3
4387,1259,3.3613669021840304,5
4387,1296,3.430733283343635,3
4387,1300,3.0,4
4387,1345,3.3753237807514904,4
4387,1593,2.519953898509412,2
4387,1888,3.0273859139699186,4
4387,1954,3.2670523321144915,3
4387,1961,3.368108675640041,3
4387,2003,3.209746622619834,3
4387,2612,3.0,4
4387,3037,2.727118677449053,3
4387,3105,3.4809582643307615,4
4388,454,4.06861740961693,4
4388,832,4.1323577626487324,4
4388,1500,4.017271535195487,4
4388,1653,3.9916657692931468,3
4388,1687,3.7617234528603447,4
4388,2412,3.5286857822859057,3
4388,2763,3.8333744394642513,5
4388,2889,3.0,5
4388,3108,3.925064325186517,4
4388,3688,3.625384659220213,3
4388,3770,3.4968918961838593,4
4388,3836,4.182120877115361,4
4389,2352,3.874084319441306,3
4390,2431,3.2032847455489013,3
4390,3617,4.506972361967012,3
4394,2555,3.0,2
4395,318,3.7268277663902154,5
4396,3114,3.6022379958970885,4
4397,86,3.0,5
4397,1210,3.5532195541205307,5
4397,2720,3.0,3
4399,1097,3.1001060583307685,3
4401,898,4.365152097430217,4
4401,1938,4.00622582705785,5
4401,2160,4.568979809934195,4
4401,2937,4.5010540545822355,5
4402,1092,5.0,4
4402,3160,5.0,4
4403,780,4.046998032874708,5
4403,1387,4.079016283263523,3
4403,1580,4.0772087743605505,4
4404,2,2.768513978591351,3
4404,81,2.0,4
4404,360,3.0,1
4404,432,2.5015518102036545,2
4404,1777,3.3573493970347714,4
4404,1840,3.0,4
4404,3114,3.7299905055373443,5
4405,903,4.853180088507815,4
4406,327,4.413361313930611,4
4406,1237,4.7983258283831605,5
4406,1876,4.234959783678084,4
4406,2147,3.0,4
4406,2377,4.046413914944522,4
4406,2490,3.765505312740833,4
4406,2498,3.0,3
4406,2881,3.358048731780355,4
4406,3016,4.350434102131012,3
4406,3033,4.3554225764374115,4
4406,3354,4.690708647036836,4
4407,441,3.538131372052315,5
4407,1719,4.256698102972492,2
4407,2231,3.818624562391042,4
4407,2353,3.3173704948027303,2
4407,3358,4.018889224286835,4
4407,3785,3.4857369135767295,4
4408,1014,3.293661345706045,3
4408,1028,3.8862952195781117,5
4408,1247,4.1895285929506025,5
4408,1678,3.4821340882237566,5
4408,1944,4.522614018662939,5
4408,2068,3.0,4
4408,2731,3.0,4
4408,3006,4.367237070193937,5
4408,3087,3.3806188896203895,3
4408,3144,3.0,2
4408,3516,3.0,3
4408,3685,4.056254261920997,4
4409,2333,5.0,4
4409,2605,3.868608629316789,5
4409,2699,3.913450814958974,5
4409,2987,4.2116253039166605,4
4411,475,4.063791349620856,4
4411,594,4.390668520910431,5
4411,1023,4.650886707187984,5
4411,1036,4.001186847823628,5
4411,1185,4.512204125973933,5
4411,1220,4.089955611336758,5
4411,1357,4.059272113559483,5
4411,2029,5.0,3
4411,2188,3.0,4
4411,2385,3.0,2
4411,3034,4.522384081551389,5
4411,3094,5.0,5
4411,3501,4.138353829957037,5
4411,3591,3.840134857564553,4
4412,292,3.587360526918869,5
4412,733,3.599039230048686,5
4412,2355,3.520088719483654,3
4412,2712,3.071403265066955,3
4414,586,3.5972975124898507,5
4414,2491,3.0,4
4414,3005,3.6425204735988204,4
4415,457,4.013920932054976,4
4415,541,3.818207432636694,3
4415,2355,3.960908233176585,4
4415,2404,2.2834386137076175,2
4415,2762,3.8350290562808977,5
4415,2858,4.099138463711093,5
4416,1379,3.404715977233694,2
4416,1466,4.706239512824203,4
4416,2060,3.0,2
4417,507,3.5590899928053235,2
4417,1047,3.5344537823568922,4
4417,1214,3.790415343811655,5
4417,3763,4.258171132993425,3
4418,1244,4.006521234925542,4
4418,1345,3.0,5
4418,1683,2.7603156616984568,4
4418,2171,3.0,5
4418,2612,3.0,5
4418,3276,3.0,4
4420,912,4.505666951221947,5
4420,1009,3.0877080465620694,4
4420,1252,4.498850412368462,4
4421,3623,3.119374651719371,2
4421,3751,3.5625030411632417,4
4422,19,3.3169469599036128,4
4422,141,3.577826562498026,4
4422,358,3.0,4
4422,653,4.105394992288522,4
4422,969,4.26209017578278,3
4422,1033,4.5650420163539716,4
4422,1702,3.5047872922390524,3
4422,1976,3.304086711406993,2
4422,2046,4.302635725869039,4
4422,2142,4.209054407482462,3
4422,3564,3.0,3
4422,3755,3.8105920968129117,4
4423,750,4.266298611845427,4
4424,1912,4.425861828029564,5
4424,3153,3.0,4
4425,36,3.7168668341843647,4
4425,147,3.0,3
4425,270,3.0,2
4425,427,3.0,3
4425,436,2.4934560799239214,2
4425,748,3.3104955881095104,2
4425,1043,3.0,2
4425,1047,3.293296509347961,3
4425,1954,3.6797816136110244,4
4425,2122,3.0694994724741695,2
4425,2247,3.4656553832768955,3
4425,2375,3.2119548736836716,3
4425,2411,3.2870074796500663,2
4425,2513,3.179580038752943,2
4425,2532,3.1560215057434005,2
4425,3250,3.0,3
4425,3505,3.3902514236374555,3
4425,3706,3.7733543000820684,2
4426,913,3.847126276902695,4
4426,2109,3.4302083427867083,3
4426,2469,3.107745194196324,4
4428,2118,3.768319519453067,3
4428,3791,5.0,1
4430,440,2.358706832110479,1
4430,788,1.732175649477917,4
4430,1051,3.0,3
4430,1095,3.175129533446646,5
4430,1358,3.070266472866661,4
4430,1468,3.0,4
4430,1586,2.28293472709382,2
4430,1682,2.8505439918487543,5
4430,2359,3.15885532041179,2
4430,2706,2.287955857597438,3
4431,3087,2.253729571949925,3
4433,50,3.72950215473226,4
4433,1220,3.792456397223753,5
4433,1222,3.8000547782607415,4
4435,454,4.35170466346322,4
4435,2155,4.0,2
4436,233,3.0,4
4436,348,3.0367085734090846,5
4436,610,3.60005397609837,5
4436,720,3.0,2
4436,1307,3.9237704399255606,4
4436,1641,3.85247135812984,5
4436,2116,3.685502296776177,4
4436,3176,3.7935278381212547,3
4436,3499,3.9405818468878504,4
4437,1088,3.4180879249743295,4
4437,1240,3.109282221663468,4
4437,2082,3.2541399146466716,2
4437,2410,3.319981065216479,2
4437,2947,3.2806726498204144,4
4438,589,3.8262237386751776,4
4438,1204,3.841607756651975,5
4438,1262,3.809484808475954,5
4438,3201,3.279041031836989,3
4439,1911,2.6671721932533945,4
4440,1197,4.0541652968781685,5
4440,1278,4.136901367657323,4
4440,1387,4.037134134050322,4
4440,2793,3.4968203761737366,3
4440,2993,4.0,3
4442,1035,4.06261686867088,4
4442,3076,4.0,3
4442,3468,4.132911764130187,3
4443,541,3.054129451749365,3
4443,707,2.0,3
4443,1248,3.161605476569686,2
4443,3324,3.0,2
4444,2683,3.216191764453518,5
4444,2771,2.0,3
4444,2805,4.0,4
4445,361,3.0,2
4445,716,3.0,2
4445,835,3.0,2
4445,1033,3.5204331775801796,4
4445,1193,3.3578225100796484,5
4445,2189,3.0,3
4445,3709,2.4733583801719763,4
4445,3758,3.0,2
4446,19,2.262112619299652,1
4446,316,3.4622375424385545,3
4446,736,3.4970685440423077,2
4446,780,3.463096302639864,4
4446,1206,3.844212270811361,4
4446,1222,3.719630139855876,5
4446,1689,3.0,2
4446,1909,3.363786203182088,4
4446,2000,3.490027506650624,4
4446,2109,3.3389441109080154,2
4446,2380,2.370523887367155,1
4446,2385,3.0,3
4446,2918,3.351036303469599,4
4447,70,2.908220815765709,3
4447,436,2.0,1
4447,532,3.4873512206648134,4
4447,551,3.2507425392146168,4
4447,587,2.916432088832771,2
4447,965,4.0,4
4447,1010,2.624965636471515,3
4447,1078,3.841379289826043,4
4447,1247,3.6947774137885614,4
4447,1272,3.563397539619506,4
4447,2112,3.3442573955774857,3
4447,2204,3.8412072247142413,4
4447,2376,2.6155491354995597,2
4447,2402,2.7712336095077763,1
4447,2726,4.108578823861072,4
4447,2728,3.8611496819073627,4
4447,2789,2.430931938469762,2
4447,3099,3.7488566535285823,4
4447,3153,3.198311384898727,4
4447,3243,2.161355142487857,1
4447,3296,2.9827414237802454,3
4447,3692,1.0,3
4447,3696,2.6988116864583676,2
4447,3706,3.180759879142532,2
4447,3805,3.0,4
4447,3833,3.0,2
4448,34,4.181463386377946,4
4448,172,3.8303592638194197,4
4448,204,3.7613203969893663,3
4448,362,3.0,3
4448,552,4.114616120938721,4
4448,880,3.730550528557488,4
4448,913,4.810254845249421,5
4448,933,4.6115448736955225,5
4448,1096,4.376017408965222,4
4448,1097,4.428918773274092,4
4448,1099,5.0,4
4448,1217,4.594444171408875,5
4448,1587,4.183125287012414,3
4448,2046,4.11548878341544,4
4448,2108,4.470437029916286,4
4448,2148,4.071624297808375,5
4448,2212,5.0,5
4448,2263,3.0,5
4448,2468,4.047677615413806,4
4448,2613,4.1784792995875195,3
4448,2683,4.052071305419029,2
4448,3040,4.206991226572299,4
4448,3071,4.27717048114752,5
4448,3081,3.9986886028101294,5
4448,3102,4.022709969275174,5
4448,3441,4.266546278675789,4
4448,3548,5.0,5
4448,3591,4.117822245078357,4
4448,3684,3.9489581908927116,4
4449,923,4.310679691031188,5
4449,1653,4.276773569555173,5
4449,1748,4.126567937914631,4
4449,1904,3.0,4
4449,2011,4.298645926636978,4
4449,2054,4.335529087376292,4
4449,2858,4.22669938598944,4
4449,3471,4.263860038211434,4
4449,3753,4.249311008060017,4
4449,3897,4.407168932588345,5
4450,2657,2.731668065660465,4
4451,157,3.0,1
4451,529,3.527336417846081,3
4451,593,3.2366604313446516,3
4451,1466,3.347133098561108,3
4451,1721,3.0462489415617977,2
4451,2788,2.9771911011650425,4
4452,32,4.102885971828976,5
4452,62,4.078255739133065,4
4452,150,4.1048086445833505,4
4452,527,4.1741973017569025,5
4452,627,3.0,5
4452,778,4.21074246991663,5
4453,24,3.3472885943506476,2
4453,3599,3.0,2
4454,50,3.3810374221583577,5
4454,320,3.0,3
4454,521,3.0,2
4454,2275,3.0,4
4454,2540,3.0,2
4455,2526,3.0,2
4455,2716,3.704081586514967,5
4455,3793,3.9186160490261255,4
4456,34,3.949325669325739,3
4456,556,3.0,5
4456,899,4.219651478583162,5
4457,162,4.907233093827453,5
4457,293,4.418943645284573,3
4457,599,4.623667563723294,5
4457,913,4.655624994776287,3
4457,922,4.587814150363074,5
4457,1272,4.477393784800505,5
4457,2287,4.646230258504292,4
4457,2797,4.307089404298025,3
4457,3366,4.454351184897077,4
4457,3508,4.446685213215878,4
4457,3737,3.0,5
4458,81,4.0,4
4458,85,3.0,3
4458,288,3.2682294599162915,4
4458,501,3.0,3
4458,595,3.6384416872035903,3
4458,1079,3.7315740786658975,4
4458,1179,3.7119838725894905,3
4458,1198,3.528732221889335,5
4458,1257,3.752545964329781,4
4458,1589,3.2557007080656426,3
4458,1627,3.0417621286671674,4
4458,1665,3.0,2
4458,1682,3.518148000105049,3
4458,2150,3.824703038288331,4
4458,3101,3.7472008767586047,2
4458,3173,4.0,3
4458,3301,3.431693900191495,2
4458,3396,3.762084117469933,4
4458,3638,3.1774254215604363,4
4459,296,4.0998150038886525,5
4459,1307,3.8854508973608564,4
4460,89,3.0,5
4460,1601,3.0,5
4460,2169,3.116334423967158,3
4461,316,4.365576085375225,4
4461,780,4.361692863320727,5
4461,1148,5.0,5
4461,1200,4.408641946052664,4
4461,2167,4.350898762961863,5
4461,3208,3.0,3
4462,2706,3.663263780374352,4
4464,248,3.0,3
4465,3301,2.4808050246774913,2
4466,110,3.8057732457964666,4
4466,1307,3.80311697680942,4
4466,3169,3.476838581908412,3
4467,278,3.0,3
4467,1120,3.1683199899966983,3
4467,2080,3.6824389172913343,4
4467,3707,3.4840234724815256,2
4468,928,4.520888070905658,5
4468,3210,4.158026227561676,3
4470,355,3.9906380133239376,3
4470,377,4.355636055040009,4
4470,891,4.0,1
4470,1302,4.294071398641925,5
4470,2528,4.339878465435539,3
4470,2762,4.341191224229667,5
4470,3210,3.9833434553771503,3
4472,95,3.769838729705201,4
4472,1095,3.1920463945991764,1
4472,2346,3.756599261101438,2
4472,2353,3.703619522834778,4
4472,2402,3.589372281255614,4
4472,2672,3.747775078476473,4
4472,2881,3.2325184184963396,4
4472,3489,3.7814017217092974,2
4472,3793,3.5141109455002173,4
4473,1025,3.6178526761049343,2
4473,1081,3.426551308631252,2
4473,1304,3.5756160378929582,4
4473,1953,3.5897942120191066,4
4473,2294,3.7614954246226935,4
4473,2403,3.4418828689534764,3
4473,2580,3.851466838442222,3
4473,2617,3.4447342563774814,4
4473,2922,3.316388359066438,2
4476,512,1.0,1
4476,2019,4.083500419253297,5
4476,2527,2.928861193465104,3
4476,2661,2.720760882875047,2
4476,3370,3.0,2
4477,446,3.0,2
4477,1676,3.3931296217262186,1
4477,2407,3.3922590128374064,5
4477,3794,3.0,2
4478,141,3.255479917187368,4
4478,333,3.068640395514375,3
4478,413,2.9842820259250606,2
4478,473,2.3619022179626983,3
4478,586,3.173249202948493,3
4478,1036,3.495177156612598,3
4478,1219,3.7075823955447125,4
4478,1276,3.730588843092621,4
4478,1297,3.3699413772972777,4
4478,1405,3.4572814059732924,3
4478,3253,3.4431225858373375,3
4478,3261,3.055818045930903,3
4478,3421,3.572954228480904,3
4479,1408,3.935542184823073,4
4479,2948,3.668674294834185,4
4480,14,3.0,2
4480,1649,4.411089673754816,5
4480,1777,3.0505244218355787,2
4480,1955,3.5173796259450287,4
4480,2006,3.0695511827587074,2
4480,2126,2.503064188925866,1
4480,2134,2.86668775864497,4
4480,2391,3.756009166639693,2
4480,2668,2.750987840431552,1
4480,2950,2.4255151365168413,2
4480,3219,1.9859881229706964,1
4480,3702,3.5880596862338887,4
4480,3760,3.0,4
4481,50,3.5783805852539445,4
4482,17,4.245780016483318,2
4482,34,3.858681033019199,4
4482,42,4.0,3
4482,203,3.638302695832645,4
4482,368,3.771778414668803,4
4482,457,3.9166771073710835,4
4482,475,4.268295627101202,5
4482,541,3.8901518888719075,3
4482,905,4.484022953231396,5
4482,1089,3.966951167247041,5
4482,1214,3.876833132766888,1
4482,1305,3.0,4
4482,1370,3.825682658429511,4
4482,1459,3.6673725771569696,4
4482,1527,3.8149084993419127,4
4482,1580,3.9032157118838966,4
4482,1649,5.0,4
4482,2150,3.7402428676863275,4
4482,2359,4.090529538898146,5
4482,2406,3.9038690737819643,3
4482,2710,3.4918030835965004,4
4482,3428,3.0,4
4482,3507,4.133240568773103,4
4482,3535,4.0,3
4483,46,3.390222644571425,3
4483,613,3.0,5
4483,858,3.362467068897218,5
4483,1721,3.3559647795819676,4
4483,2504,3.0,4
4483,2590,3.0,2
4484,1969,1.0,1
4484,2396,4.590472238360926,5
4484,2478,4.153192284659488,4
4485,253,3.3585885314710335,4
4485,1916,3.0,4
4486,1197,1.0,1
4487,494,3.1782503338802686,1
4487,1616,3.0178970417121866,4
4487,3510,4.029860074653919,4
4488,145,2.4284617025830433,2
4488,1374,2.821146568951967,4
4488,1917,2.7777363210090615,3
4488,1997,2.907968259630145,3
4488,2951,3.5851013109702476,3
4488,3737,3.0,5
4489,256,3.0,3
4489,441,4.675381268507241,5
4489,466,4.1408739095168015,3
4489,1291,4.2680206918268,5
4489,1334,3.862342852812803,3
4489,1372,3.886950127462899,2
4489,2571,4.260822095109874,5
4489,2668,3.286743010926147,3
4489,2683,4.186875916864923,5
4489,3358,4.631722631856636,4
4489,3702,4.166012342579083,2
4489,3802,3.3010253583673768,4
4490,1032,3.5047990388399954,5
4490,1215,3.4739278099647266,2
4490,2020,4.210367584827734,4
4490,2805,3.2377419930841937,2
4490,2881,3.0609521113812597,4
4491,2002,4.005098490107217,5
4492,3196,4.0,5
4493,923,4.239773627181508,5
4494,858,4.13417338053327,3
4495,1923,4.58732352875132,5
4496,1089,4.151982019535187,5
4496,1261,3.897310321621415,4
4496,1717,3.4817173841737836,3
4496,3055,3.0,3
4497,43,3.0,4
4497,1199,3.9332488056403165,5
4497,1459,4.296705925607915,4
4497,2344,3.0,4
4497,2395,4.42386036937193,3
4497,2403,3.9299457605804733,2
4497,2531,3.54927973567,3
4497,2532,3.761647624774259,3
4497,2686,4.617355980025284,4
4497,2841,3.9786087272530772,4
4497,2851,3.514589947964326,3
4497,3086,3.0,3
4497,3633,3.868590091489102,4
4497,3917,1.861820439543118,1
4498,6,3.243581028562281,2
4498,1199,3.498899863947534,5
4498,2724,4.207073385264851,3
4498,2761,3.5312522317712545,3
4498,2889,3.0,3
4498,3565,4.0,3
4498,3798,2.2341226878171767,5
4499,1805,4.26332841132661,3
4499,2692,4.52474731735082,4
4500,2817,3.0,1
4500,2889,3.0,3
4500,3082,2.6251126011938366,2
4501,260,3.9189221890765045,5
4501,2467,3.0,5
4502,1093,4.123666452436828,4
4502,1120,4.16204173690882,4
4502,1185,4.313451727168023,4
4502,1207,3.8927665838328753,4
4502,1222,4.145733510383675,4
4502,1270,4.090127798888783,4
4502,1587,3.8961745311735143,3
4502,1701,3.0,3
4502,1955,4.264501082209648,4
4502,1968,3.80375972803153,4
4502,3334,4.2728196667255975,4
4502,3498,4.322843754327008,4
4505,277,3.0,4
4505,349,4.309568166407924,4
4505,383,4.681822041634146,4
4505,1459,4.689701977822057,5
4505,1779,4.037384197106657,4
4505,2118,4.0532014910253755,4
4505,2475,4.0,4
4505,2712,4.376253140115036,4
4505,2797,4.462139667673671,4
4505,3259,4.246281433450099,4
4506,674,3.269915923915153,4
4506,928,4.515655223063873,4
4506,1078,4.509158745589356,5
4506,1101,3.9106757563675725,3
4506,1179,4.4806516353722845,4
4506,1256,4.560266605399875,4
4506,1333,4.42950645641676,5
4506,1947,4.499912596370584,4
4506,2565,4.415111802832753,4
4506,2668,3.0000000000000004,3
4506,2870,4.0,4
4506,2950,3.48426528818981,2
4506,3006,4.410388114473543,5
4506,3051,3.0,2
4506,3167,4.014937592703795,4
4506,3203,3.7634579381123556,4
4506,3330,3.675280897122385,3
4506,3366,4.274830870095922,3
4506,3471,4.237733660819582,5
4507,940,4.456813312724948,5
4507,1294,4.512453973844132,5
4507,2640,4.122462698151566,4
4507,3247,4.268061743982247,3
4508,78,3.0,4
4508,253,3.2190334705219716,3
4508,325,1.0,4
4508,366,2.603883412261301,4
4508,393,2.9999999999999996,1
4508,479,2.3355239154214167,2
4508,639,3.0,4
4508,832,2.944789051486839,2
4508,940,4.456813312724948,4
4508,950,4.327221947377645,4
4508,1254,4.240673976602391,4
4508,1275,3.2119959879461417,4
4508,1299,3.995510742042905,4
4508,1784,3.267592328043261,2
4508,2019,4.398097511813232,5
4508,2167,3.101789817071834,5
4508,2249,2.7368680006964174,1
4508,2282,3.0,4
4508,2401,3.3307254723461623,3
4508,2505,2.0,1
4508,2550,3.990884213532142,4
4508,2917,3.893275586761364,4
4508,2947,3.590832426165164,5
4508,2991,3.4088947120951123,3
4508,3072,3.4386247549389903,3
4508,3393,3.0,1
4508,3499,3.4973841243217616,4
4508,3584,3.0,2
4508,3591,2.882263736646688,2
4508,3618,3.0,2
4508,3668,3.0,4
4508,3793,3.598349345260425,4
4508,3869,2.4553966689236284,1
4509,1097,4.09860411692886,4
4509,3168,4.464446805860993,4
4509,3471,4.065779420592782,4
4509,3498,3.0,5
4510,163,2.705226453812527,2
4510,280,2.6635518348910687,3
4510,356,3.0915974606617462,3
4510,551,3.206851588702214,5
4510,849,2.5402361990703732,2
4510,944,3.0,3
4510,1088,3.201741374873639,3
4510,1130,2.3029560071066952,2
4510,1136,3.2656014098328647,3
4510,1256,3.6673699388424565,4
4510,1260,3.7570347932228136,3
4510,1292,3.4827008776839716,2
4510,1301,2.9095863375523514,4
4510,1321,3.2023944576803345,4
4510,1347,2.823242608211786,3
4510,1374,3.0222062241571277,4
4510,1589,2.86497610888019,2
4510,1610,3.0221733436048965,4
4510,1616,2.445302738958547,2
4510,1779,2.551139344076427,2
4510,1894,2.5294481337244887,2
4510,1950,3.7687452839973337,4
4510,2001,2.9740679499732177,4
4510,2021,2.8741772858000356,1
4510,2033,4.269045676138184,5
4510,2112,2.7825398695844172,3
4510,2176,3.4364102936052308,3
4510,2288,2.7745769035994705,3
4510,2370,3.0,2
4510,2409,2.6903117664425604,3
4510,2456,2.7847257588503522,2
4510,2741,2.0,2
4510,2847,3.0000000000000004,3
4510,2989,2.8022746917798305,3
4510,3020,2.726226147177669,3
4510,3257,2.7319365329829988,2
4510,3363,3.4594785960340366,4
4510,3372,2.0,2
4510,3399,1.0,1
4510,3420,3.0,3
4510,3610,2.0,2
4510,3628,2.33732336765174,2
4510,3792,3.0,3
4510,3836,3.5492378346318705,3
4511,1200,4.4145973693537215,5
4511,1375,4.408751396208478,5
4511,1711,4.157413475610801,2
4511,2528,4.394665693003282,4
4512,2890,3.8092985996309334,4
4512,3247,3.736262157929882,4
4512,3654,4.120744598533174,5
4514,1193,4.079608155374716,4
4514,1799,3.0,4
4514,1924,3.0,4
4514,3273,3.172548854995364,1
4515,969,4.489405669451788,5
4516,1420,3.0,5
4516,1729,4.576838196324488,5
4517,174,2.2805603378679895,1
4517,203,2.6991608910252243,3
4517,292,3.278735277710987,4
4517,785,3.731124835087588,4
4517,923,3.6285889489509686,4
4517,1037,2.7995377184144314,2
4517,1307,3.6917213508928106,3
4517,2004,2.869998171928669,4
4517,2072,2.6650003872469306,3
4517,2094,2.8328190837841776,3
4517,3614,3.6843949948567225,3
4517,3913,3.0,5
4519,2015,5.0,2
4520,110,4.117676848327024,5
4520,968,3.9590496853803905,4
4520,1408,4.063717932465699,4
4520,2366,4.09101474569741,4
4520,2901,3.737753273674019,4
4520,3660,3.4975224118637676,4
4521,36,4.316591475222931,4
4521,260,4.102224690444443,5
4521,296,4.15668024056304,5
4521,940,5.0,4
4521,1371,3.747731545503394,4
4521,1387,4.182125822520272,5
4521,2405,3.6310150013006544,2
4521,2908,4.210051771647655,5
4522,3035,4.335059237964461,4
4522,3145,3.0,2
4522,3702,3.7510360566671697,3
4522,3786,3.0,2
4522,3865,3.0,4
4523,788,3.314810641232824,4
4523,832,3.7172614038758045,4
4523,969,4.342494047680184,4
4523,1359,3.585066858920382,3
4523,1393,3.779556937581517,4
4523,1882,3.423927527561975,2
4523,2100,3.878369309807117,4
4523,2817,1.0,1
4523,2985,3.5370279952094354,5
4523,3307,3.0,4
4523,3347,3.0,4
4523,3388,3.8178791121978843,4
4524,5,3.224329072527758,4
4524,122,3.0,3
4524,586,3.635171636288049,4
4524,1359,3.410783118454541,3
4524,2722,2.796448036157148,2
4524,3081,3.29700733059677,3
4524,3248,3.765429617201825,3
4524,3441,3.79988612503897,5
4525,3146,3.0,2
4526,176,3.0,3
4526,1161,4.0,4
4526,2527,4.1280940512364195,4
4526,3623,3.566849421780194,3
4529,2454,4.484241795181311,3
4529,2657,4.237077966668587,2
4530,800,3.0,4
4530,942,3.6972227686577663,3
4530,1198,3.58614918239275,3
4531,541,3.5564366910936225,5
4531,741,4.548925504112931,4
4531,1257,3.4300825134272417,5
4531,2797,3.5600728733961122,5
4531,2946,3.9996352829729633,3
4531,3072,3.5058936035765833,4
4531,3467,4.026861331926938,4
4531,3623,3.2215340730507687,3
4532,380,3.9998176219628148,3
4532,2150,4.158665640323097,4
4534,1398,3.0,4
4534,1586,3.793602331251617,3
4535,47,4.171330916503342,5
4535,1036,4.238847476736916,4
4535,1073,4.217607039806721,5
4535,1265,4.172834435770823,4
4535,2080,4.16129212196471,3
4535,2396,4.20486956995875,4
4535,2572,4.239554366040588,4
4535,2683,4.104495906365301,5
4535,2918,4.1930927162415275,5
4535,3175,4.1267034744724365,5
4535,3421,4.25294316083684,5
4535,3495,3.0,3
4536,441,5.0,4
4536,1197,4.440859357201671,4
4538,902,3.110499742887676,3
4539,1250,1.4863269382223745,1
4539,1305,3.491593180032519,2
4539,3304,3.0,2
4540,3671,3.8945945807144224,5
4541,595,2.628860854006064,3
4541,1333,2.7174550025657385,3
4543,6,3.723967581940853,5
4543,175,4.0,3
4543,249,3.0,4
4543,427,3.0,2
4543,432,2.434861104974347,2
4543,435,2.853340235463697,2
4543,477,3.0,3
4543,529,4.014593371388706,4
4543,858,4.066241719709157,5
4543,1041,4.183707145547406,3
4543,1124,3.834766728490068,4
4543,1179,4.276577653587528,4
4543,1201,3.940252828285935,4
4543,1204,4.406622234710791,5
4543,1388,2.484661749580557,2
4543,1784,3.673625894933459,4
4543,1875,3.0,3
4543,2021,3.4841860164113725,2
4543,2143,2.994954052318485,1
4543,2264,3.0,3
4543,2323,3.0,4
4543,2335,2.691644103989188,4
4543,2375,2.819822158489591,3
4543,2406,3.5709281583511285,4
4543,2433,3.317066305535102,3
4543,2926,4.007979397062619,4
4543,3039,3.660280513057864,4
4543,3504,4.374113885611522,4
4543,3550,3.105692497807559,3
4543,3551,4.452465326578554,4
4543,3760,3.0,3
4543,3840,1.896471616892742,2
4543,3886,3.0,3
4544,3812,3.0,5
4545,1721,4.457064166752896,5
4546,1259,4.21651255526974,5
4551,347,3.0,2
4551,1227,3.0,4
4551,3089,4.0,5
4551,3462,3.0,5
4552,316,3.8131133577634366,4
4552,327,3.4108203784684057,3
4552,733,3.9203711132606114,3
4552,1917,3.830067215299153,4
4552,2699,3.4582081038355548,2
4554,1270,3.913614662386584,3
4556,1083,3.0,5
4556,1278,4.094108281096786,4
4556,1359,3.733733917342588,3
4556,3074,3.0,3
4556,3114,3.785658867745045,5
4557,1968,2.2920602851255523,5
4557,2692,3.4616263612395857,1
4558,2676,3.0,4
4559,745,4.705588007616924,5
4560,357,3.9900692398621382,4
4560,934,3.0,3
4560,1197,4.040032360100186,4
4560,1210,4.059025266663512,4
4560,1401,3.0,4
4560,1639,3.6472553138443864,4
4560,2406,4.006651053252997,3
4560,3259,2.772386621793047,1
4561,362,3.0,4
4561,457,3.8845757772469662,5
4561,500,3.758092483688164,3
4561,986,3.0,4
4562,471,3.8342084695627463,5
4562,541,3.759171821519312,3
4562,1885,4.0171361137435575,5
4562,2011,3.672476608045389,4
4562,2174,3.672719152546113,3
4562,2245,3.7072535676589804,4
4562,3087,3.6768196279963794,3
4564,1617,4.3277258735673,3
4566,1028,3.7706716805169758,4
4566,1257,3.3751004753540617,5
4566,1356,3.7579469036154474,5
4566,1573,3.7843883674598637,4
4566,1663,3.6358169141953773,3
4566,2472,3.0,3
4566,2918,3.6493957397285843,4
4566,3448,3.7396783074293394,3
4566,3751,4.083155242243599,5
4567,3134,5.0,4
4568,20,3.0,3
4568,780,3.981888819797052,3
4568,1821,3.46353723314107,3
4568,2053,3.561844137129585,2
4568,2307,3.0,3
4568,2716,3.817521384971019,3
4568,3203,3.761835942687813,4
4568,3617,3.668121622069905,4
4568,3684,3.9996449560268204,4
4569,1580,3.9181004146906324,4
4569,1586,3.8903175140227986,4
4569,1916,3.0,2
4570,1375,3.1815104738284754,4
4570,3082,3.473524440829714,4
4571,23,3.0,3
4571,39,4.396380370399252,4
4571,745,3.0,5
4571,1923,3.970226816060707,3
4572,261,2.9788330743778957,4
4572,351,4.748172691611198,5
4572,801,3.0,5
4572,1022,4.1254689432588005,4
4572,2384,2.7307249774145643,4
4573,95,3.3258117252239807,2
4573,969,3.9936892844724095,5
4573,2118,3.3973491523422994,4
4574,1095,3.5122787090416687,4
4575,512,1.0,1
4575,1258,1.8861772218506883,1
4575,1644,1.6021897067880884,1
4575,3081,1.9286099363734661,1
4577,593,3.4370448714915187,4
4577,920,3.5240229676861814,4
4577,1083,3.0,3
4577,2662,3.360030036915354,4
4578,246,4.291097978290654,5
4578,357,4.128351308715343,5
4578,428,4.506176049313642,5
4578,587,4.098850338982001,5
4578,590,4.148860899493543,4
4578,1401,3.0,4
4578,1485,4.050318078975261,4
4578,1726,3.0,1
4578,1735,3.490570223254464,3
4578,1892,4.051320940531611,4
4578,2028,4.18190898810089,4
4578,2403,4.1656387139980025,5
4578,2407,3.9414632115247343,4
4578,2881,3.598102496046983,1
4578,3113,3.638975664038433,4
4578,3267,4.4931001883162764,4
4578,3536,4.2015049404263625,4
4579,553,3.883674504198911,3
4579,934,3.0,4
4579,1043,3.0,3
4579,1225,3.6451960440380438,4
4579,1246,3.942130638226837,4
4579,1722,3.705510774383013,3
4579,1821,2.779003558386402,3
4579,1927,4.172704918252704,5
4579,1959,4.025783351640599,3
4579,2316,3.384266020680824,3
4579,2599,4.136371676136339,4
4579,2907,3.0,2
4579,2961,3.0,4
4579,3079,3.0,5
4579,3125,3.0,4
4579,3317,4.184607518420078,5
4579,3422,2.0,2
4580,326,4.0,4
4580,1183,4.156141908019938,3
4580,1696,3.0,4
4580,2112,4.572145100374928,4
4580,2289,4.260850433844405,5
4580,2716,3.6324073059381634,2
4581,908,4.379252888356694,5
4581,1265,4.212911819365953,4
4581,2245,3.9935719229012916,2
4581,3591,3.626965343419428,4
4582,587,4.437010637343853,4
4583,1035,3.50689659852811,4
4584,904,5.0,5
4584,2761,5.0,5
4584,3134,4.888926103996787,5
4584,3742,5.0,5
4585,188,4.0,4
4585,434,3.9373323334531976,4
4585,1655,3.64915063033467,3
4585,2058,3.971981509456385,4
4585,2905,3.0,4
4585,2986,3.8219429985744138,3
4585,3499,4.031837171097249,3
4586,2598,4.207865983029082,3
4586,3623,4.260074470392449,3
4589,1150,3.0,5
4589,3030,3.0,5
4590,2762,4.0,4
4591,380,3.6062063317600095,4
4591,593,3.780668626760253,4
4591,1036,3.7008510321534933,4
4591,1200,3.689946805458878,4
4591,1997,3.651315051897823,4
4591,2054,3.7893285324076555,2
4591,2078,3.7528681470050005,5
4591,2454,3.1100987989282,2
4591,2735,3.407780054799963,4
4591,3549,3.157547460366749,2
4591,3763,3.759744733950303,4
4592,1083,3.0,5
4592,2007,3.0,1
4592,2193,3.506481164037095,3
4592,2414,3.452772136100623,4
4592,2640,2.8502871473562776,4
4592,2836,3.0,5
4592,3418,3.709711635837891,1
4593,83,3.0,4
4593,2266,2.755145804358052,2
4593,2359,3.72089939367854,5
4593,2762,3.084449443139486,4
4593,3037,3.5916994360408734,3
4594,1100,4.762880940117374,5
4595,111,4.596774318668653,4
4595,596,4.82744671152448,4
4596,1200,3.7877978571115616,4
4596,3422,3.0,3
4598,69,4.0,4
4600,2,3.904713092715133,3
4600,247,4.430345219865267,3
4600,318,4.149242089979707,5
4600,784,3.440891938950709,4
4600,1097,4.0253829930232055,4
4600,1210,4.006395711306713,4
4600,1274,4.01888469655629,4
4600,2359,4.210768734265,4
4600,3686,3.8235321255977466,3
4601,368,3.9354312919497807,3
4601,1918,3.839966649195409,3
4601,2000,4.023459927384235,5
4602,1704,3.5283584934773793,3
4602,1966,3.9905755481337697,4
4602,2336,3.739888763835461,3
4604,1097,3.0592749477405783,3
4604,1266,3.1326349684211063,3
4604,3361,3.092524951407595,3
4606,1,3.267680942783155,3
4606,1784,3.2791253174690542,4
4606,2424,3.3039586212656844,4
4606,2858,3.2816083358915504,5
4607,11,4.0327399319178125,4
4607,515,4.203634656307704,5
4607,610,3.6079551737323587,2
4607,955,4.2493688332213315,4
4607,1080,4.174076191734654,5
4607,2143,3.5693695459793364,4
4607,2173,3.0,4
4607,2174,4.0307354801632655,5
4607,2313,4.314301841536071,5
4607,2664,3.983741520232599,4
4607,2701,3.593014859985314,1
4607,2723,3.856748018231439,4
4607,2739,4.0061318251107005,4
4607,3219,3.7095100192849473,3
4607,3246,4.3990462676399655,4
4607,3615,3.0,3
4607,3727,3.2541723722657983,4
4607,3742,4.182743702245669,4
4607,3798,2.432720280722676,4
4608,223,4.17954609864307,3
4608,2997,4.076813980553993,5
4609,674,2.7336882182919253,4
4609,1268,3.5099579290703997,3
4609,1544,3.131453262626084,2
4609,2054,2.996638281099809,3
4609,2167,3.1548735934703593,3
4609,2875,3.0,3
4609,3450,3.0104929589224434,3
4609,3698,3.0487893083130326,2
4610,551,3.4774324067364732,4
4610,2167,3.130929747583235,3
4610,3000,3.0,4
4610,3608,3.564247826739185,3
4610,3699,3.165852667735476,3
4610,3809,3.426132635290988,2
4611,110,3.5192995282424024,5
4611,271,3.0,3
4611,337,3.7164279704793173,2
4611,357,3.6019464350520005,4
4611,508,3.6232905171633667,3
4611,737,2.5029483271019446,1
4611,1097,3.5991031541734717,4
4611,1224,4.266076498364739,5
4611,1259,3.6222156420019496,3
4611,1653,3.561493978087997,4
4611,2000,3.480177959347442,4
4611,2231,3.3709147650366282,3
4611,2447,1.0,1
4611,3186,5.0,4
4612,62,3.0000000000000004,3
4613,832,4.218177071018449,5
4613,1645,4.321903740145826,4
4613,1831,4.18191092815168,3
4613,2617,4.2503012293571505,3
4615,2699,3.3134506910702624,2
4615,3623,3.5702871827979634,2
4617,1627,3.0,1
4617,1721,3.306597278313654,5
4617,2391,2.9294877882301162,3
4617,2396,3.104123361571883,4
4618,76,3.0,3
4619,356,3.683280382775863,2
4619,1197,3.8252683579600446,5
4619,3299,3.0,4
4620,168,3.5561691785289304,3
4620,193,3.0,2
4620,300,4.039824397316783,4
4620,493,3.0,3
4620,1393,3.920203281415432,4
4620,1639,4.545001716399306,3
4620,2581,4.265552344144937,4
4621,592,3.664352038510119,4
4621,3456,3.0,4
4623,2762,4.601065141076043,5
4624,2089,3.0,2
4624,2804,3.924765640984139,5
4625,2248,3.754559239868483,2
4626,14,3.0,4
4626,16,4.026898607171576,3
4626,293,3.9517011729948748,5
4626,358,3.0,4
4626,457,3.8019866519513172,5
4626,556,3.0,5
4626,832,3.80624192821788,4
4626,1061,4.380665289952341,5
4626,1466,3.9582881353601205,4
4626,2324,3.8489847536602313,4
4626,2716,3.55272401241276,3
4626,3791,3.51682592977366,4
4627,2136,5.0,5
4627,2423,3.932781156679999,5
4627,2794,3.9900310344376986,3
4627,2997,4.152469247329987,5
4629,3147,3.991098559993423,5
4631,3408,4.235294663060598,4
4632,1196,3.9016523947305894,3
4632,1200,3.831700143354937,4
4632,1231,3.982783284647207,4
4633,107,2.1982480712376984,4
4633,158,3.9743914395908724,5
4633,986,3.0,5
4633,1064,3.509700589080065,4
4634,1179,4.938291165804386,5
4634,1284,5.0,5
4634,1304,4.960466462925782,5
4634,2066,5.0,5
4634,3019,5.0,5
4634,3334,5.0,5
4635,378,3.0,3
4635,594,4.16632739221583,4
4635,1517,3.9362956690834485,3
4635,1717,3.7477304528627293,4
4635,2393,3.772043052182348,3
4635,2574,3.0,1
4635,2748,3.0,3
4635,2926,4.154985457374959,5
4635,3398,4.0354570191563335,4
4635,3552,4.01489442569348,4
4635,3578,3.9255742048214946,3
4635,3623,3.944658217503244,3
4636,780,1.688967382795744,2
4636,3617,1.0,3
4637,5,3.1784248810474858,4
4637,237,4.798111374827886,5
4637,339,3.9953641630731225,5
4637,1293,3.650806153677242,4
4637,1488,4.0,4
4637,1617,3.681044537093821,4
4637,2043,3.4814967713836777,3
4637,2400,3.0,2
4637,2421,3.6595368154864847,4
4637,2683,3.466895625337067,1
4637,2871,4.105394347374839,5
4637,2966,3.0,5
4641,1343,4.558160826189627,2
4643,224,3.5059153189188494,2
4643,448,3.0,4
4643,2710,2.6090676811139057,3
4643,3108,3.035691086718729,2
4643,3264,2.85106814545728,3
4644,432,2.8482703436179007,2
4644,1201,3.640706145319002,5
4644,1238,4.515202698144645,5
4644,2973,4.060415316885654,2
4644,2997,3.5691935709923883,2
4644,3819,3.0,4
4645,3249,4.999999999999999,5
4646,527,3.9277338059592273,4
4646,3578,3.8317288020022766,5
4647,47,3.3347904067372274,5
4647,369,3.0,3
4647,474,3.237331694556512,5
4647,1028,3.22915078731116,1
4647,1136,3.532475305279116,3
4647,1198,3.1826695606114517,2
4647,1358,3.650042499034402,5
4647,1413,3.0,3
4647,1653,3.1699206793946977,3
4647,1733,3.0,5
4647,1836,3.0,4
4647,2112,3.6792588119009197,3
4647,2194,3.264252857541427,4
4647,2321,3.2535541860924697,3
4647,2348,4.304244425112436,5
4647,2442,4.0,4
4647,2476,3.015754444360376,4
4647,2561,3.4922267183397495,2
4647,3002,3.0,5
4647,3448,3.3408678957430213,4
4647,3681,4.1103964176660135,4
4647,3794,4.499352255606952,4
4649,912,4.897566075571876,5
4650,2423,3.3997706825825613,5
4650,3299,3.0,3
4652,2946,3.0,4
4652,3359,4.788377214235564,4
4653,110,3.6369865244330906,3
4653,508,3.49559508410116,4
4653,1196,3.7128104782906646,4
4653,1307,3.5243304255557217,5
4653,1784,3.510836674304511,4
4653,1835,3.1667497625161163,3
4653,2610,3.0,4
4653,3269,3.2866879264700386,4
4654,920,4.351997840275131,5
4655,236,3.180442488071398,3
4655,252,3.6098891608921027,3
4655,1277,4.0,5
4655,1678,4.304312549442102,4
4655,2011,3.683771335110596,3
4655,2390,5.0,3
4655,2566,3.0,3
4655,2802,4.21339635407999,3
4655,3334,4.3387018255094985,4
4655,3793,3.751552442627761,4
4656,2,3.833910949874936,3
4656,799,3.022183207227158,4
4656,1258,4.038078975024602,4
4656,1690,3.6602290785759264,2
4656,2761,4.149757347687527,4
4658,172,2.1334188315333065,2
4658,327,1.8489887961213172,3
4658,330,1.7898312126828115,3
4658,479,1.201210385382421,2
4658,1036,2.886714291422255,3
4658,1387,2.984880909238966,4
4658,1785,3.0,2
4658,1982,2.741268992674059,4
4658,1997,2.8980234924554873,5
4658,2087,3.021789688794988,3
4658,2456,1.5219427692932754,1
4658,2535,2.18061018013278,1
4658,2817,1.0,1
4658,2985,2.5173633501854846,2
4658,3274,2.182852244652077,2
4658,3441,2.3795969567742628,2
4658,3710,2.026063840486269,1
4659,296,4.154968814256315,4
4659,337,4.07362490517524,5
4659,527,4.285467236839853,5
4659,708,4.13199734491486,4
4659,1353,4.361007776961795,4
4659,2916,4.177877131209676,4
4659,3386,4.231072291036331,5
4660,1246,4.2372919316241635,5
4660,3707,5.0,3
4661,50,4.227623525881235,5
4661,1954,4.131846172808661,4
4661,2401,5.0,4
4661,2490,4.045607562156635,4
4661,2628,4.062619795930729,4
4662,266,3.5178281444209203,4
4662,367,3.2538970279575614,1
4662,1271,2.7029304594500867,4
4662,1353,3.2822948464843713,3
4662,1588,2.43322180774513,2
4662,2961,3.0,2
4662,3623,3.8260783289614713,3
4663,85,3.0,5
4663,750,3.422760540926801,4
4663,2683,3.372710466656421,3
4663,3104,3.3000446169466673,3
4663,3760,3.0,2
4664,2541,4.0,4
4665,2871,4.218100377630228,5
4666,111,3.925242876332146,5
4666,750,3.920646203144475,5
4666,1073,3.692587547082944,4
4666,1136,3.8321182394165896,5
4666,1247,3.8234647546544753,4
4666,1731,3.0,2
4666,1747,3.7462436598879787,4
4666,2447,3.0,3
4666,2714,3.0,4
4666,2746,3.3718001616059206,3
4666,2997,3.974643696108684,4
4666,3299,3.0,2
4666,3526,3.625968339674213,1
4669,1,3.646047119136692,3
4669,1064,2.0,3
4670,2366,4.085919113668836,3
4671,1215,4.084588186777503,4
4671,1270,4.0601834648849,5
4671,1792,4.152101705589872,3
4671,2028,4.068932033998047,4
4671,2406,4.038257882193937,5
4671,2879,5.000000000000001,5
4673,185,3.2648348291775195,3
4673,720,4.0,5
4673,1221,4.262532673137601,5
4673,1914,3.0,5
4673,1997,3.2175341775297457,2
4673,2001,3.501586551976139,3
4673,2403,3.905851945422842,3
4673,2699,3.2963385115173987,1
4673,3129,3.0,2
4673,3841,4.0,4
4673,3893,4.855789515331717,5
4674,2987,4.4322969689031115,3
4675,25,3.8817653354117123,4
4675,232,4.0,5
4675,296,3.8080776875566684,4
4675,350,3.3079994040357787,2
4675,912,4.1517440727355375,4
4675,1125,4.008864707726504,4
4675,1285,3.9956740361653895,4
4675,1371,3.5767386822141547,5
4675,1484,3.0,5
4675,1627,3.0034101811722502,4
4675,2850,3.0,4
4678,2022,3.0,3
4678,2431,3.0,3
4678,3751,4.48424857043964,4
4679,913,3.9667125175060516,5
4679,2065,3.0,5
4679,2369,3.172261234641705,2
4680,117,3.0,4
4680,370,3.434886158656112,3
4680,1187,3.0,3
4680,1213,3.9251989993923284,5
4680,1966,4.504712225933115,4
4680,2160,3.9480139793268094,5
4680,2352,3.67254693576148,4
4680,3865,3.0,2
4681,2463,3.8188780496146286,3
4681,3524,3.6099801228716037,2
4681,3751,3.9320979421319406,4
4682,41,3.0,5
4682,205,3.0,4
4682,282,4.0,4
4682,1037,2.8046039518091046,3
4682,1095,3.9358313699258267,1
4682,1188,4.1769846720891595,5
4682,1197,3.4438940913125458,4
4682,1224,3.9949604730090567,5
4682,1230,4.004472738859665,5
4682,1372,3.2767414179756127,4
4682,1480,3.0,4
4682,1616,2.8892976806595736,4
4682,1674,3.4206876894909573,4
4682,1759,3.0,4
4682,1827,3.0,4
4682,1962,3.573889411114019,3
4682,2100,3.350095989604004,2
4682,2607,3.0,5
4682,2767,3.0,1
4682,2829,3.0,2
4682,3020,2.963675682976302,4
4682,3146,3.0,1
4682,3354,3.2681050923781925,3
4682,3471,3.51432247023545,4
4682,3615,3.0,2
4682,3681,3.6946505886481,4
4682,3879,3.0,3
4683,733,3.1108245454665617,5
4683,1019,3.223026004584504,4
4683,2005,3.2609018112089156,2
4683,2642,3.053590600180882,1
4684,356,3.7926900091582403,3
4684,1221,3.9930204880423257,4
4684,1235,4.150684798912231,3
4685,908,3.178322786816922,3
4685,923,3.1910643936928094,4
4685,1267,3.20729396367659,2
4685,1945,3.6376709161278655,4
4685,1949,3.0,3
4685,2716,2.9923456726368074,2
4686,950,4.34665563049809,4
4686,1945,4.593729264824009,4
4687,151,4.4642414457785335,4
4687,367,4.195511172874514,3
4687,1259,4.342728132073416,5
4687,2467,5.0,5
4688,1196,4.000263388962119,5
4688,1954,4.0537856633480285,5
4688,2395,4.021682046344801,4
4688,2409,3.4246222826427863,4
4688,2997,4.100617542840849,4
4688,3591,3.659967361133276,4
4689,266,4.009870264705785,5
4689,1225,4.237143267924143,5
4689,1597,4.037862035988033,4
4689,1909,4.3176537478515025,5
4689,2683,4.461431867880844,3
4689,3113,4.035773456145893,3
4690,3156,3.0,5
4691,329,2.9874425997291993,4
4691,3844,4.0,5
4691,3869,3.5641445339534434,3
4693,3671,4.179986589820848,4
4694,1193,4.329068781978994,4
4694,1269,4.51057486964757,5
4694,1964,4.271819894985205,5
4694,1997,4.280687497037606,2
4694,2059,3.0,4
4696,3176,2.8197319826626273,1
4697,2,3.881462871815236,4
4697,319,3.0,5
4697,595,4.095824111236485,4
4697,810,3.0,2
4697,2043,4.504796342761254,3
4697,2453,3.0,4
4697,3409,5.0,5
4698,2966,4.0,5
4699,1580,3.5282653128790624,3
4699,2126,3.432609375114937,2
4700,260,3.1610215535929074,5
4700,1246,3.37151221097068,4
4700,1373,3.431600499230471,1
4700,3157,3.0,2
4700,3438,2.809313188065924,1
4700,3471,3.0967653846899417,4
4701,318,4.523533864923117,5
4702,2148,4.0,3
4704,339,2.7388784975412475,3
4704,688,3.0,1
4704,1064,2.7852151578627358,2
4704,1270,2.7245801514746786,4
4704,1363,3.0,4
4704,1610,2.8054514497060654,5
4704,2421,2.752031281729314,2
4704,3087,2.9243324358344154,1
4704,3804,3.0,1
4705,440,3.6582673292642123,4
4705,1333,3.8861064568086734,4
4705,2014,4.0,4
4705,3461,3.0,4
4706,329,2.9708260626887757,4
4707,2687,3.0,3
4707,3753,3.2629387957585307,1
4708,25,4.099359820499396,5
4708,50,4.1410767086929425,5
4708,69,3.6539271870684242,4
4708,1101,3.7724554820051988,3
4708,1196,4.0228041589827,4
4708,1203,5.0,4
4708,1380,3.869536807790394,4
4708,1617,4.184597604416242,5
4708,1719,4.657422750681372,5
4708,2105,3.838245544864182,4
4708,2106,3.0,2
4708,2570,3.0,4
4708,2642,3.561721084293089,2
4708,2985,3.7291037642594094,3
4708,3040,3.8659717043203763,4
4708,3317,4.284130789493157,4
4708,3591,3.7429535391909416,4
4708,3638,3.7753443231108967,3
4709,1246,3.817210699121624,4
4711,441,3.575280818693971,4
4711,1586,3.916786807912588,2
4711,1923,3.8455047852196875,5
4711,2167,3.9906558249612627,1
4712,2791,4.0,2
4713,1977,1.0,1
4713,2297,4.045373682249908,5
4713,3623,4.367125102016611,5
4714,3201,3.8570214683200343,3
4714,3629,4.4715340827031085,4
4715,748,3.262931273555363,2
4715,785,4.11102551352669,4
4715,1036,3.8589293218525373,5
4715,1257,4.152225208035134,4
4715,1291,3.8540342654801423,3
4715,2193,3.7490133987436507,3
4715,2746,3.943252022819529,4
4715,2995,3.6677743893932906,1
4715,3397,3.8841092057433797,4
4715,3401,3.0,3
4715,3412,3.0,3
4715,3751,4.096661944367878,4
4716,1097,4.370664684072952,5
4718,541,4.30482449895082,3
4718,1196,4.229658062025466,4
4718,2321,4.313941519406972,5
4718,2915,4.204618459365313,4
4719,673,4.62440182437578,4
4720,2390,3.0,4
4721,2598,4.0623706903628145,3
4721,2995,4.415990158468248,3
4722,1197,3.929445210130943,4
4722,2571,3.9518097547362636,5
4723,1296,4.0,5
4724,309,3.0,5
4725,9,2.659463556373811,2
4725,44,3.1397412086259475,4
4725,313,4.0,3
4725,362,3.0,2
4725,586,3.2687406301775366,3
4725,635,3.0,4
4725,1307,3.276971537867685,3
4725,1370,3.276607577215237,3
4725,1468,3.0,2
4725,1483,3.0,2
4725,1544,3.3391372095173892,2
4725,1608,3.298528316023551,3
4725,1750,3.0,3
4725,1917,3.2878425084460976,4
4725,2012,3.328588677234891,4
4725,2014,3.4449989011866693,3
4725,2125,3.2842168029967955,3
4725,2145,3.3229001160521086,4
4725,2313,3.2963661767861705,3
4725,2366,3.187196149169189,3
4725,2367,2.787254501618961,3
4725,2420,3.2888446528872737,3
4725,2428,3.173608621766575,3
4725,2430,3.0,3
4725,2701,3.3301960867270797,3
4725,2826,3.203932823535174,3
4725,3014,3.0,3
4725,3029,2.9987636726416125,3
4725,3180,3.0,3
4725,3197,3.1402512095926487,3
4725,3418,3.369213850856907,3
4725,3421,3.378858814532266,5
4725,3424,3.2846918146516346,3
4725,3704,3.344298543071975,3
4726,593,4.0070768263336,4
4726,1711,3.9632792080059644,4
4726,2252,2.0,4
4727,2882,3.0,3
4728,45,3.5974987226806303,3
4728,141,3.62424300504546,3
4728,155,3.0,3
4728,567,3.0,3
4728,1214,3.72818595727076,4
4728,1220,3.7098605746032964,5
4728,1590,3.4604028958947626,4
4728,2012,3.5893352594379175,3
4728,2137,3.703636809743582,4
4728,2338,3.293090037691315,3
4728,2456,4.576729148020982,4
4728,2459,3.9675893765458325,3
4728,2712,3.792398097959851,2
4728,2858,3.624824383824829,4
4728,2872,3.82943348622428,5
4728,3087,3.700548724000067,4
4728,3260,3.597841033419492,3
4728,3543,3.663821031266458,3
4728,3917,4.015212479125659,5
4729,830,2.9101007271058537,3
4729,1124,4.143610867097298,4
4729,1220,3.691614129268115,3
4729,1270,3.712073383232927,3
4729,1293,4.006641794016683,5
4729,1358,4.011149640110365,5
4729,2141,3.133262460794727,3
4729,2396,3.8826036954158183,4
4730,3791,3.0,4
4731,1220,4.043886419432939,5
4731,3481,4.05927566042517,3
4732,163,3.7468690158856273,2
4732,229,3.0,2
4732,329,3.688051848747829,2
4732,373,3.0,4
4732,435,3.7596484904622884,3
4732,1009,3.771629726359391,4
4732,1222,4.077057390181549,5
4732,1223,4.478804384813777,5
4732,1250,4.522511895877269,5
4732,1256,4.536720653438388,4
4732,1301,3.9193115024670386,3
4732,1385,3.237091411630426,3
4732,1645,3.80502053445414,3
4732,1655,2.6547023747218987,4
4732,1676,3.72858135617445,3
4732,1954,4.089806847580117,5
4732,1976,3.1965831827022706,3
4732,2110,4.517359222419855,4
4732,2275,3.0,4
4732,2645,4.651682540087366,4
4732,3197,3.4814356898923586,3
4732,3671,4.254504522375664,5
4733,380,3.9719690014428926,3
4733,1587,3.9601555878467627,5
4733,2672,4.0,4
4733,3591,4.001405901426933,5
4734,535,4.8118722051544545,5
4734,2908,4.639971013773698,1
4734,3334,4.613634770356778,3
4735,1284,4.147087154717278,4
4735,3476,4.546885190817616,3
4736,198,2.9419895756137024,3
4736,353,2.5751436735666293,2
4736,435,2.6734114190554474,1
4736,494,2.5631269473140965,2
4736,1617,3.2871576575551797,4
4736,1792,2.892940212243206,4
4736,2210,4.0,4
4736,3198,3.0,5
4736,3354,2.887026411763475,2
4736,3355,3.0,2
4736,3386,3.6223390013079952,4
4737,3527,4.051368151053401,2
4738,780,3.63424800591304,4
4738,942,3.492055924659255,3
4738,1193,3.493672564587264,2
4738,1278,3.4911413274990304,1
4738,2067,3.4735551661716477,5
4738,2524,3.0,2
4738,3628,3.0,4
4739,239,3.0,4
4739,1033,3.1592534017581637,5
4739,3421,4.127534604161853,3
4739,3450,3.991644103504969,4
4740,39,3.8542367841194882,3
4740,1222,3.8450868651486227,4
4740,3501,3.4913615910341806,4
4742,733,3.513774887531717,4
4742,903,4.288445219444373,5
4742,1214,3.5465997765780926,4
4742,1278,3.8908004352259438,4
4742,1377,3.439859342946337,3
4742,1396,3.639575623997164,2
4742,1625,3.49487797085078,4
4742,3476,3.9200880871370596,2
4744,2795,3.7038153923709327,4
4745,1193,4.043563546341261,5
4745,1196,3.997381909006882,5
4745,2248,3.943524275045366,5
4746,356,3.554317516410835,4
4746,1291,3.547071269378642,4
4746,1873,3.0,4
4746,2005,3.3809505724044824,2
4747,349,3.6921208113220687,4
4747,1587,3.643734907150873,2
4747,1690,3.589963070698382,3
4748,232,2.0,5
4748,265,4.530939450947666,5
4748,848,3.0,5
4748,1225,4.479466931113226,5
4748,1344,5.0,4
4748,1721,4.485186475951597,5
4748,2311,4.336477631687394,3
4748,3639,4.481280933071603,5
4750,45,4.314574592926838,5
4750,223,4.370004912584342,5
4750,593,4.381696966970511,5
4750,1951,3.988797835216994,3
4750,2003,4.188964325356357,4
4750,2268,4.385676265059988,4
4750,3526,4.199816890673516,4
4753,2137,2.8430266137321425,3
4754,11,4.393953268048048,4
4754,111,4.148783776702,4
4754,1200,4.164659439335977,4
4754,2694,4.288091713041776,4
4754,2717,3.683121560907288,5
4754,3505,4.0002502586250595,4
4756,3147,3.485124658691672,4
4757,1034,3.0,3
4759,2081,4.164049143078108,2
4759,2583,3.0,3
4760,930,4.493532609423823,4
4761,1222,4.757045681883301,5
4761,1682,4.6714825599984025,5
4761,3156,3.0,1
4762,912,4.108333293121334,5
4762,1196,4.033190873661825,4
4762,2395,3.8445776592282392,5
4762,2891,3.0,3
4763,296,4.179756369653243,3
4763,1449,3.9533117302886445,3
4764,2081,4.891283341076456,4
4765,1,4.1669980930759145,3
4765,262,3.0,4
4765,1022,3.6967604275929347,3
4765,1029,3.7244719382875444,4
4765,1222,4.3284717925457565,4
4765,1394,4.21240168172992,3
4765,1670,3.0,5
4765,1674,4.428538924894885,4
4765,1939,4.999999999999999,4
4765,3157,4.0,4
4765,3578,4.292406063377181,4
4767,1919,3.0,3
4767,2433,2.5174361184529093,3
4767,2829,3.0,2
4769,1019,4.07647923979565,5
4769,3250,3.0,3
4770,2336,4.0,5
4771,45,3.7657258017248725,4
4771,247,3.9309886595753625,5
4771,342,3.6952970645862444,4
4771,468,2.957242820162133,3
4771,705,3.0,4
4771,1271,3.6225529167935027,5
4771,1289,5.0,4
4771,1354,3.4474807944673422,3
4771,1732,3.8749963240650067,4
4771,1921,3.6153049104391792,2
4771,1966,4.0,3
4771,2008,3.0,3
4771,2024,3.0,3
4771,2369,3.5895112121279693,3
4771,2439,3.001411496256712,3
4771,3046,3.0,4
4771,3098,4.019557256398675,4
4771,3342,4.507578268553107,4
4771,3499,3.8537085205087767,2
4772,1178,4.4021466836998915,4
4772,3114,4.01980226967023,1
4772,3671,4.287002140321886,4
4773,1370,4.2069152547751925,4
4773,1608,4.202121586613371,4
4773,1911,5.0,3
4773,2336,3.8060007840370362,5
4773,2496,4.151080002295045,3
4774,1201,4.647341817107913,5
4774,3178,3.837950551135091,4
4774,3267,4.59296786469895,5
4777,592,4.096288855117072,5
4777,2628,3.666371184729978,3
4779,2076,4.251914192956289,4
4779,3260,4.2766325418849185,3
4780,2444,3.0,4
4780,3203,4.0,2
4781,1210,4.469181623304641,5
4782,1224,4.0,5
4782,1584,3.2348204803631693,5
4782,3649,3.0,3
4783,50,3.7636515531510195,5
4783,1459,3.778263259405233,1
4784,118,3.0,3
4784,590,4.205266253157266,3
4784,838,4.165826376496576,5
4784,1022,4.225920956367969,4
4784,1541,3.4508728604564802,3
4784,2012,4.158301786320908,3
4784,2385,3.0,4
4784,2394,4.14510957022775,4
4784,2436,3.0,4
4784,2948,4.326691059021775,4
4784,2973,4.5606406271997315,3
4785,150,3.968351850867796,4
4785,1244,4.2809857172799255,4
4785,2080,4.200844145328608,5
4785,2320,3.0,4
4785,3893,4.0,4
4786,41,3.0,3
4786,317,3.8459385959022385,3
4786,349,3.9631659655156204,4
4786,780,3.9725656294408522,4
4786,1271,4.228731250494534,4
4786,1438,3.364468337279072,3
4786,1527,3.960095928608722,4
4786,1953,4.4553666758021775,4
4786,2236,3.0,4
4786,2671,3.970255677280693,4
4786,2699,3.6913111402439513,3
4786,2945,3.0,1
4787,3145,3.0,3
4788,610,3.7516650220605836,4
4788,1569,3.7856595783798266,4
4788,2124,3.4807999159407834,3
4788,2266,3.0,3
4788,2735,3.2995698591576224,4
4788,3695,2.9999999999999996,3
4789,150,3.8818389959689257,4
4789,852,3.24333670486043,2
4789,1370,3.4870540267835426,3
4789,2676,3.0,4
4790,124,3.0,3
4790,199,3.0,3
4790,469,3.0,4
4790,1941,3.0,5
4790,1962,3.5878728418466608,3
4790,3020,3.3147081553785154,3
4790,3254,3.115312320760003,3
4790,3471,3.6376232018408596,4
4790,3794,3.730453666138184,2
4791,394,3.0,3
4791,2279,3.26138264987101,4
4791,2692,3.588615047576078,3
4791,2762,3.2527707870653946,4
4791,2858,3.468768574155238,4
4791,3275,3.0,2
4792,912,3.8553639958886063,5
4792,2791,3.5186794468045157,4
4793,6,3.590627721368203,4
4793,318,3.4484947525001366,5
4793,1188,3.740798656559528,3
4793,1616,2.9791755279895,2
4793,2280,3.0,4
4793,2683,3.216296287910571,3
4794,2194,4.0934891647148755,5
4795,2011,3.9736830084894246,3
4795,3354,4.376774974583528,3
4796,737,1.5716378051951128,4
4796,1035,3.824755374127967,2
4796,1284,4.113852872092161,4
4796,1391,3.4770220475183806,4
4796,1597,3.1424878201076463,3
4796,2125,3.5395649228070276,3
4796,2385,3.0,3
4796,2616,3.3229424229929303,3
4796,2890,3.6554120758327446,5
4796,3052,3.7119859454631303,4
4796,3070,3.5446644318700433,4
4796,3258,3.61216975208309,3
4796,3418,3.5964230087999502,5
4797,355,4.200024261689942,4
4797,1210,4.090899404295775,4
4798,41,3.0,4
4798,1077,3.8956974114830594,5
4798,1086,4.00091848623034,3
4798,2002,3.229065474642465,3
4798,2716,3.708702973053317,5
4800,110,3.5127782349348946,5
4800,344,3.753765199220712,4
4800,2671,3.5042245136024412,2
4800,3081,3.3883467793927236,4
4800,3386,3.6227000876279254,4
4801,315,4.644835993619702,4
4801,1061,4.903288770958716,5
4801,1100,4.695850341372524,5
4801,1196,4.813041070056164,5
4801,1591,4.807874241394705,4
4801,1645,4.826428594273128,5
4801,1876,4.80160116427284,5
4801,3247,4.926354457914734,5
4802,424,3.0,3
4802,589,4.099945066190618,5
4802,1084,4.5623834756117025,5
4802,1256,4.6238422979326925,5
4802,1259,4.211303830528418,4
4802,1293,4.651877594358017,5
4802,1304,4.4309047393362055,5
4802,1923,4.077069612939233,5
4802,2671,3.9519010929559957,4
4802,2681,3.0,1
4802,2959,4.218191399726147,5
4802,3006,4.479189292026833,5
4802,3176,4.441799242209389,5
4802,3379,3.0,4
4802,3702,4.156629170935888,2
4804,2770,3.0,2
4805,3793,3.9379218221171346,4
4806,185,3.880589065600073,4
4806,1690,3.8430277932158,3
4806,3269,3.9267836347695377,4
4807,1197,3.762052917669555,3
4807,2366,4.213778093280853,4
4807,3469,3.756566385764328,4
4808,32,3.547092735316952,3
4808,344,3.417516419616203,3
4808,435,3.4388430303340787,3
4808,510,3.0,3
4808,783,3.6412202185323506,3
4808,996,3.4467468225095033,3
4808,1021,2.977108804049638,3
4808,1022,3.737051976436371,3
4808,1128,3.338879012369363,4
4808,1242,3.5683541766753497,3
4808,1334,3.574855670611862,3
4808,1663,3.510016559547079,4
4808,1750,3.0,3
4808,1918,3.446018600445926,4
4808,2012,3.5012552283202423,3
4808,2335,3.1231396161551137,3
4808,2475,3.0,3
4808,2540,3.9761596759899116,3
4808,2802,3.2369954646422876,3
4808,3029,3.6047422961814997,3
4808,3387,3.2637871235497324,3
4808,3624,4.331961963392327,5
4809,1196,4.042937882103778,4
4809,1214,3.97345489599466,4
4809,1271,3.5941177123773613,4
4809,1294,4.21405062940758,5
4809,1569,3.616173179314703,4
4809,1945,4.353852761381318,3
4809,1964,3.876237602565443,4
4809,3257,3.4325507907555037,1
4809,3408,4.045537269590161,4
4810,2,3.169356444304027,2
4810,110,3.494549154750963,5
4810,316,3.1893898097521483,3
4810,1100,3.1339759221852828,3
4810,1590,2.922237683463562,1
4810,1690,2.811558383234565,3
4810,1722,3.4134487763596977,4
4810,2005,3.417413463981842,3
4810,2278,3.6033972381107895,3
4810,2997,3.925146421788465,5
4810,3053,3.0,3
4812,1617,3.881462755292844,5
4812,2312,4.0,4
4813,52,4.1011740167876685,5
4813,1080,4.168888391231438,3
4813,1101,4.411468082573269,4
4813,1722,4.457646378079891,4
4814,318,3.7233935261642093,5
4814,2028,3.6850179123209594,5
4814,2470,3.4813058222766413,3
4814,3269,3.496789012424707,3
4815,157,3.0,3
4815,919,4.430620105630961,5
4815,2640,4.279968906038441,5
4815,2657,4.387837328124561,5
4815,2971,4.5562037327339695,5
4815,3160,4.690794235665995,3
4815,3634,5.0,4
4815,3948,4.420993365954754,3
4816,141,4.019412231303042,5
4816,205,3.0,4
4816,246,4.0898765711277445,5
4816,539,4.236470044690621,5
4816,719,3.5203118459234197,4
4816,1960,4.361260988001711,5
4816,2045,3.0,5
4816,2278,4.224410321583964,5
4816,2309,3.0,4
4816,2340,3.0,5
4816,2762,3.946646926006328,4
4816,2952,3.0,5
4818,1199,3.9283886657410187,5
4819,1907,4.271500307870052,5
4819,2149,4.339784564934185,3
4819,2804,4.001085455173233,3
4819,2881,4.602013673638724,5
4819,2918,3.9049821460084764,4
4819,3107,4.2863181214940855,5
4819,3591,3.9287820823055,4
4819,3706,4.21212665976997,4
4819,3763,4.307335342574459,4
4821,372,3.718299324664514,5
4821,608,3.722746485759789,4
4821,1033,3.918687138524535,4
4821,2453,4.0,4
4821,2699,3.392947800598007,3
4822,1960,4.0,2
4823,101,3.6438098932212464,5
4823,1095,3.893873100718842,3
4823,1247,3.8371287254105324,5
4823,2020,3.7754455072281776,4
4823,2137,3.5329562623023834,4
4823,2139,3.497608689790949,4
4823,2427,3.6914122131307985,2
4823,2761,3.525102981767092,4
4823,2863,4.349322218948143,5
4823,3261,3.6241240082580632,4
4823,3527,3.301654331113038,2
4824,100,3.0,3
4824,357,3.834672366933555,3
4824,475,3.8763071195816408,5
4824,492,3.0,3
4824,593,3.8791949434557753,4
4824,1914,3.0,4
4824,2858,3.8824638694799374,4
4824,2915,3.915370546744909,3
4824,3252,3.9624411324345057,4
4826,2067,4.270728422405844,5
4826,2683,3.2822215734415363,3
4826,3081,3.372430500589091,2
4826,3203,3.4992149314193326,5
4826,3753,4.233988501406738,4
4827,951,3.5393757360817024,4
4828,140,4.0,3
4828,3614,3.720270879067739,3
4829,333,3.63285883608065,3
4829,534,5.0,4
4829,587,4.089817205928656,4
4829,784,3.4572286234661362,3
4829,1077,4.289906375958748,4
4829,1200,4.043681806837004,5
4829,1235,4.4228924503104405,3
4829,1292,4.417518591966018,3
4829,2278,4.0596057911714665,4
4829,2353,3.9985903631102815,4
4829,2427,4.351747276655658,3
4829,2716,3.9074701030660783,4
4829,3300,3.7517103116070656,3
4829,3623,4.106174193760907,3
4830,2762,4.269470093055044,5
4831,232,4.343748416545551,2
4831,905,4.410316369906022,4
4831,1097,4.094091862759924,4
4831,1187,3.0,4
4831,1299,4.315154042078098,4
4831,1958,4.59709713968557,3
4831,3260,4.550519176635099,4
4832,608,4.120627100475067,4
4832,3448,3.9306433943172023,4
4832,3543,4.122727023865237,4
4833,260,4.307423221504813,5
4833,2795,3.9845440902498344,4
4834,17,4.051095413629803,5
4834,318,3.855510265061164,5
4834,457,3.859850712150718,4
4834,1196,3.880652773679607,4
4834,1214,3.7849180465163537,4
4834,1388,4.0,2
4834,1625,3.696339120899848,4
4834,2018,3.883636845800485,5
4834,3421,4.004378975877525,4
4834,3785,2.5101471204994787,4
4834,3826,3.3387622283991187,2
4835,1639,4.034876533434715,4
4835,2762,4.14032119611146,5
4835,3175,4.110614925907134,4
4837,196,3.8303122175316506,3
4837,328,3.4822754529136186,4
4837,344,3.4481339316490107,4
4837,725,3.0,1
4837,1194,3.0,3
4837,1297,3.439722192527413,3
4837,1334,3.7781663989705265,4
4837,1380,3.66656718601679,4
4837,1663,3.528147064014913,3
4837,2109,3.632519582162345,4
4837,2395,3.5777282064394798,3
4838,2336,3.0,3
4838,2846,3.0,5
4840,150,4.043300155043129,4
4840,1304,3.991499104278266,4
4840,2433,3.4880199907277154,3
4841,1210,3.720528601117546,4
4841,3160,3.6561909500891256,4
4841,3174,3.649687790089611,3
4843,858,4.009776600943687,5
4843,1177,4.0,5
4843,1393,3.7774773195064,3
4843,3072,4.228915676532849,4
4843,3091,3.0,5
4843,3363,4.053133799569379,4
4843,3685,4.160616709432613,4
4844,3555,4.2848734328891585,5
4845,28,3.0,5
4845,85,3.0,4
4845,2243,4.206599680645695,3
4845,2697,3.0,4
4845,3699,3.7801374935264835,3
4846,514,3.0,5
4847,1,3.853967992632037,5
4847,919,3.906149141866681,4
4847,1387,3.8969722918648206,3
4848,1101,4.026495308943332,5
4849,368,4.216676782594081,4
4849,1265,4.195513363944275,4
4849,2716,3.9419772598707974,4
4849,3578,4.187890380656024,5
4851,2683,3.5919057549388835,4
4851,2712,4.237857969438108,4
4852,923,4.203005021731183,4
4852,940,3.0,3
4852,1103,4.159163077401111,4
4852,2730,5.0,1
4852,2921,4.244481321635964,5
4852,3037,4.282802890492522,4
4852,3634,2.0,5
4852,3751,4.189095120026548,2
4854,920,4.152351485545452,4
4854,936,3.0,4
4854,1127,2.9606982992139312,2
4854,2565,4.0667734993919185,4
4854,2919,4.316265211199725,5
4854,3742,4.325587252834105,5
4855,1682,3.3581291871662633,5
4856,2728,3.0,4
4856,2859,3.0,5
4856,3152,3.6763114524570204,4
4856,3481,3.7396825822006052,3
4857,2028,3.3438615422541194,4
4858,290,3.0,3
4859,73,3.0,4
4859,3404,3.0,4
4861,593,3.955960047475478,4
4861,1196,3.8835242775209258,4
4861,1282,3.8427194023962046,5
4861,2762,3.431957227367037,3
4861,2763,3.0427064937597863,3
4861,3053,3.0,5
4861,3160,3.8381924490307955,5
4861,3717,1.0,5
4861,3753,3.4409314893341065,2
4862,1387,3.5970619229096417,5
4864,3037,4.293115188870702,4
4865,480,3.2946260413708126,2
4865,1244,3.57685616189186,3
4865,1957,3.377760775689504,3
4865,2019,3.607144036782226,5
4865,3702,3.1721037421652674,3
4865,3723,3.0,2
4866,2038,3.0,4
4866,2431,4.613333895929992,5
4867,112,3.6526768083395575,4
4867,172,3.5881333070897146,3
4867,247,4.274901152427699,4
4867,260,4.0581734641518175,5
4867,265,4.239038674523997,3
4867,329,3.737007738651689,4
4867,348,4.430841744490537,5
4867,509,4.101080612686021,4
4867,1086,4.152703085138353,4
4867,1131,5.0,4
4867,1150,3.0,4
4867,1298,3.8141062843467286,4
4867,1476,3.93774668331922,3
4867,1485,3.794099167950155,3
4867,1732,4.148193460368747,5
4867,2288,3.9140715904606065,3
4867,2423,3.768415354462558,3
4867,2917,4.094414016461284,3
4867,3033,3.8575968224662063,2
4867,3623,3.9666073924149625,3
4868,345,2.7176640563073393,4
4868,858,4.007399979048703,4
4868,1207,4.215247958910426,5
4868,1921,4.017562922686381,2
4869,538,4.478866032256803,4
4869,800,3.3998918447506257,5
4869,1230,3.5005212664353538,3
4869,1293,3.57052092812127,5
4869,1395,3.0581197692035444,4
4869,2155,3.508391731679911,4
4869,2379,1.7631089107667697,1
4869,2468,2.707017923814908,1
4870,2433,3.0,4
4874,1210,5.0,4
4874,1227,5.0,4
4875,1041,4.102387527330503,5
4875,2912,4.080103678343176,4
4875,3185,3.0,2
4877,1210,3.915888122396773,3
4877,1704,3.881578311686718,4
4878,1304,3.8149270264081787,5
4879,949,3.0,4
4879,1088,3.3408665653508343,2
4879,1263,3.5914014368409735,4
4879,1918,2.694800440335381,1
4879,1955,3.571016518802395,3
4879,2076,3.6178800433748255,5
4879,2161,3.1449267070607134,4
4879,2735,3.054392284367409,2
4879,3639,3.066266998254817,3
4879,3675,4.022480336622526,3
4882,1097,4.08116253838269,4
4882,1965,4.213062105123699,5
4882,2243,4.1303240180274,3
4882,2788,4.213373081358435,4
4882,3654,4.321734451301524,3
4883,2687,2.660978266354646,3
4883,3159,3.0,5
4884,161,3.9683264979903243,4
4884,1215,3.850047074565284,4
4884,1263,4.304068807217228,4
4884,1616,3.630527425375708,4
4884,1997,4.081334177820672,5
4884,2146,4.194587289837429,3
4884,3070,4.033246657541734,3
4884,3176,4.241197822375036,3
4884,3267,3.9692649798740844,5
4885,1254,4.660031506473578,5
4885,1834,3.0,5
4886,2311,3.999511970991641,4
4886,3623,4.306146477453462,4
4887,205,3.0,3
4887,457,3.7363443702366816,4
4887,1220,3.6544796105813138,5
4887,1298,3.414789358974856,4
4887,1357,4.20141265048475,4
4887,1956,3.5516943028617876,4
4887,2000,3.623886586911812,4
4887,2115,3.566090756433736,2
4887,2193,3.426908105920202,4
4887,2759,4.033282817569253,4
4887,3175,3.805404047060231,3
4888,50,4.510535335756914,5
4888,111,4.551108227818533,5
4888,260,4.363951206732309,4
4888,897,3.0,5
4888,898,4.712941453511553,4
4888,928,4.658668659860898,3
4888,1233,4.635191675422535,5
4888,1299,4.684537174433977,5
4888,2351,5.0,5
4888,2871,4.499757035855572,5
4888,3199,4.0,5
4888,3599,4.738155925576702,5
4889,595,4.4588368351472045,5
4889,1222,4.450983728841962,4
4889,2058,4.316808726332579,4
4889,2951,4.817151044165339,5
4889,3147,4.3217302777234226,4
4890,650,3.0,4
4890,1258,3.4362627702066364,4
4890,2379,2.9804411342850816,2
4890,3614,3.024974757138442,2
4892,160,2.9405323103334804,2
4892,1037,3.0669790204574503,2
4892,1876,3.186078731409756,2
4893,1198,4.383541608626681,4
4893,2046,4.249158176264156,5
4893,2053,4.298789431886355,4
4893,2161,4.114134554446302,4
4893,2701,4.4200404928800445,3
4894,2085,3.9783304078297776,5
4895,1580,4.150142698214896,4
4895,3256,4.316045200306763,5
4895,3513,3.0,5
4897,1265,3.798768549391303,3
4897,1342,2.923469361002145,3
4897,2028,3.7928576057124657,5
4897,2364,3.0,3
4897,2377,3.0966896154860013,4
4897,2465,2.0,2
4897,2615,2.7188790755580174,3
4897,2664,3.4274427881912937,4
4897,2989,3.710207888549783,4
4897,3421,3.854828928252035,5
4897,3643,3.572436449729375,4
4897,3701,3.3458194163825583,3
4897,3704,3.6226196629649507,3
4898,162,4.599837102807983,4
4898,199,3.0,4
4898,265,4.189793266416989,4
4898,714,3.0,5
4898,1198,3.8573989188396265,4
4898,1206,4.365720813364989,5
4898,1957,4.4750363536150255,4
4898,2409,2.7177966750685916,3
4898,3246,4.0,4
4899,34,4.048767621491737,3
4899,41,3.0,3
4899,300,3.7679272538962785,3
4899,750,3.7152298651710756,5
4899,1036,3.584746669871076,4
4899,1304,3.611510378748354,3
4899,3104,3.727477234329261,3
4899,3505,3.6624255111705364,4
4901,2352,3.9437254389225727,4
4901,2858,3.9419159742567063,5
4901,3070,3.9917584877880716,4
4902,238,3.0,3
4902,1588,3.193959897706792,2
4902,2478,3.6737823141037875,5
4902,2944,3.5899457899834117,4
4903,2609,3.0,5
4904,29,4.852993616248314,5
4904,316,4.583703879104841,5
4904,541,4.716187231323818,5
4904,750,4.759714869275114,5
4904,1391,4.62792712506385,5
4904,2091,3.0,4
4904,2657,4.764428139335004,5
4904,2664,4.825265576702545,5
4904,2689,3.0,4
4904,2985,4.63025169219501,5
4904,3152,4.866883658837002,5
4904,3260,4.600952065710848,5
4904,3461,3.0,5
4904,3633,4.632482934464569,5
4905,3111,3.5357001813645454,4
4906,10,3.6626125647276315,3
4906,912,4.122775339243998,5
4906,1265,3.9655690562414216,4
4906,2028,3.9366841833682695,5
4906,2628,3.704064426490098,3
4906,3107,3.7203850346983716,3
4907,1276,3.294740553986184,5
4907,1387,3.412930764549141,2
4907,1617,3.0395448806833514,3
4907,1633,3.4433752621320943,2
4907,1704,3.542776560776266,5
4907,2272,3.0,4
4908,34,4.199207569501664,4
4908,2085,4.539136494866673,4
4909,592,3.7617151508003555,3
4909,1221,3.936364977979163,2
4909,2020,3.7501942780002393,3
4909,2859,3.0,5
4909,3070,3.8630809182730017,4
4909,3424,3.925767312221575,4
4909,3606,5.0,4
4909,3729,3.0,2
4911,46,2.6723845894370295,3
4911,708,3.7711145190450535,4
4911,2291,4.05525065747541,4
4913,597,3.3207844412466496,1
4913,1641,3.736897630888486,3
4914,608,3.8759947301403574,2
4915,733,3.6801430715070724,4
4916,107,1.0,2
4916,232,3.0,4
4916,298,3.0,2
4916,514,1.8597387943348427,1
4916,1465,3.0,1
4916,1701,3.3273303080040035,2
4916,2700,2.045011290353534,1
4916,2889,3.0,1
4916,3174,2.0724487931119384,1
4916,3773,3.0,2
4917,32,3.4952210698756,5
4917,260,3.4505708547049343,3
4917,1150,3.0,4
4917,1246,3.4986610199752164,4
4917,1292,3.6924027241575414,2
4917,1371,3.1837511810716386,3
4917,1883,3.6732395043310158,5
4917,2054,3.554653172482444,3
4917,2100,3.4269313663070253,3
4917,2918,3.510534709869579,4
4917,3329,3.0,4
4917,3358,3.5511925203837813,4
4917,3471,3.49584607591299,4
4917,3730,3.5425072391187764,5
4918,1077,3.8545204391438124,3
4918,1356,3.419051057451734,5
4918,2046,3.4838753281460892,3
4918,2985,3.45219113587785,2
4918,3081,3.2259493193908373,4
4919,1193,4.171133809918944,4
4920,3435,4.335936663642468,5
4921,1304,4.437998857191558,4
4921,1805,3.89572387669251,5
4921,1994,4.545383144687169,5
4921,2081,4.3324562799266415,5
4921,2542,4.377886500277835,5
4921,2952,3.0,4
4921,3481,4.470359044782868,4
4922,1213,3.947140701998991,5
4922,2678,3.0,4
4922,2815,2.7698627786380596,2
4922,3552,3.7397452287968798,4
4926,1569,3.5190842065157892,4
4927,648,4.046539106097574,4
4927,1320,3.675673635187356,4
4927,1527,4.043146867326321,5
4927,2167,3.9141629404119227,4
4928,5,2.714876723159964,3
4928,105,2.0,1
4928,248,3.0,3
4928,318,3.4926167248211923,2
4928,1081,3.812579515342442,2
4928,1251,4.0,4
4928,1304,3.7900839412898746,4
4928,2160,3.6218704270725994,4
4928,2702,4.0,3
4928,3267,3.7656746230585307,3
4929,3206,3.0,2
4930,1278,4.304364120878796,2
4930,1374,4.0521228490303995,4
4930,1931,3.0,4
4930,2877,3.0,3
4931,415,3.0,3
4931,900,4.7559506780067,5
4932,74,3.0,3
4932,535,4.116982229048807,2
4932,1225,4.407540636411238,5
4932,3271,3.9970234138456098,4
4933,288,3.8475280031571084,3
4933,587,3.4505340465361787,1
4933,1391,3.456914386219517,5
4933,1643,3.3144461765462365,3
4934,318,3.3365257934158263,5
4934,364,3.165018654020575,3
4934,1097,3.2645147398381926,1
4934,1394,3.2541444542667297,5
4936,1029,4.054351606579644,3
4936,3408,4.753670222959851,5
4937,501,5.0,3
4937,1449,4.280801750396003,5
4937,3783,3.0,5
4938,2683,3.2964640441144932,4
4939,509,4.166237040615941,5
4939,3948,4.360101417270223,4
4940,492,3.0000000000000004,4
4940,592,3.82867877487038,4
4940,1194,3.0,2
4940,1200,4.061267220753447,4
4940,1219,4.393110066057881,5
4940,1225,4.204949415298054,5
4940,1258,4.128893790748223,4
4940,1374,4.041881514497902,5
4940,1449,4.136787357599104,5
4940,2361,3.0,4
4940,2424,3.3960029364189603,3
4941,515,5.0,5
4941,3129,3.0,3
4942,849,3.034587815420106,3
4942,1265,3.858949136649425,4
4942,1947,4.047116327321774,4
4942,3175,3.6054811307968504,4
4942,3699,3.7149636122539653,4
4943,1961,3.5196493640065336,4
4945,318,4.107587278392867,5
4945,1283,3.85593170344126,3
4945,2028,4.101672361246991,4
4945,3608,3.846981498482493,3
4946,32,3.8922701391308863,2
4946,492,3.0,4
4946,593,4.007713858107352,1
4946,913,4.069296775315117,5
4946,1248,3.8065997667784504,2
4946,1269,3.956779395882632,5
4946,3307,4.285022789531046,5
4947,858,4.27003246087943,5
4947,1198,4.316747522654019,5
4947,1208,4.311891246904342,5
4947,1242,4.220656658890322,4
4948,615,3.0,4
4948,1099,3.9649978114660596,4
4948,1185,2.9673467650663126,4
4948,1193,3.386735172438312,4
4948,1293,3.2106951217567214,5
4948,1408,3.166323876346729,4
4948,2640,2.965090475887178,2
4948,3251,3.0,1
4949,2908,4.661079595898637,5
4949,3556,3.0,5
4950,246,4.334727701913811,4
4950,272,4.003946132738869,4
4950,1225,4.07641101843788,4
4950,1806,3.0,4
4950,2064,4.175267594272908,5
4950,2243,4.177341996184808,4
4950,2677,3.0,1
4950,2959,3.6456194086159996,4
4950,3154,3.0,3
4950,3421,4.0323534115447535,4
4950,3500,3.0,2
4950,3755,3.7471340906093227,2
4950,3858,3.0,2
4951,541,3.806939282946445,5
4951,903,3.8719085724532647,3
4951,1211,2.9953658407129264,4
4951,2750,3.1144724194921976,3
4951,3594,3.0,3
4952,36,3.8335912559699583,4
4952,144,3.0,4
4952,457,3.7812456882346117,5
4952,3614,3.2494595137268147,4
4953,110,3.9958913664763225,5
4953,1785,3.0,3
4953,2338,2.826664082279444,2
4953,3100,4.079022370769407,4
4954,2065,3.815699798915525,4
4954,2355,3.519162180109748,4
4954,3052,3.59612963083115,2
4954,3072,3.058284563439122,4
4954,3734,3.0,2
4955,1951,4.148962803183035,4
4956,969,4.38938687606829,3
4956,1131,3.0,5
4956,1304,4.226113828358197,4
4956,2078,3.688554031944524,4
4956,2734,3.3518256710198013,3
4956,2791,3.774825663005264,4
4956,3060,4.220535914048181,4
4956,3176,3.7643503700415093,4
4957,198,3.4345790522239312,3
4957,272,4.353262513289861,5
4957,527,3.7370300373804906,5
4957,784,3.128284458365802,3
4957,842,2.333663143247847,2
4957,1089,3.736347319566934,5
4957,1094,3.927358152940579,3
4957,1271,3.41478544669625,3
4957,1663,3.4565612280790545,3
4957,1805,3.322509126031872,3
4957,1957,4.113759305526013,4
4957,1961,3.6760499405100653,4
4957,1977,1.9337053158843795,2
4957,2046,3.143162044797318,3
4957,2108,3.6509275087600885,3
4957,2134,3.1776863387727556,3
4957,2387,3.0,2
4957,2402,2.9847754332102068,2
4957,2405,3.200892594914044,3
4957,2580,3.673253542049308,3
4957,2907,3.0,2
4957,2985,3.361565806464225,2
4957,2987,3.5219708932995557,4
4957,3386,3.6500018733639044,4
4957,3402,3.0,3
4958,2,3.4771089026376236,3
4958,610,3.064872594787248,2
4958,627,3.0,5
4958,1019,3.2107053047353706,1
4958,1059,4.0659305640704915,5
4958,1265,3.5922748466268764,5
4958,1289,5.0,5
4958,1407,3.4452797773587327,5
4958,1673,3.5609848328104996,1
4958,2034,2.5449911848776265,1
4958,2043,4.341540036206374,1
4958,2366,3.608909827765294,3
4958,2501,3.7134150275345807,5
4958,2723,3.5124407868812404,5
4958,3936,3.0,3
4959,25,4.42589968763635,3
4959,337,4.465439498686715,5
4959,480,4.246301127848854,4
4959,1253,4.035272478832346,4
4959,1653,4.26213180597497,4
4959,2028,4.304886726606375,5
4960,608,3.9919875852786983,5
4961,356,3.4209561827613526,3
4961,1953,3.414186833744706,4
4961,2915,3.5144757663771906,3
4961,2944,3.428106923426827,3
4961,3638,3.2014758075090826,2
4961,3682,3.671060714676756,3
4961,3791,3.747411328542007,3
4962,1193,4.1585647990545125,5
4962,3169,4.489506014701194,3
4962,3363,4.077840812303705,4
4963,765,3.0,4
4963,2269,4.492529932004005,2
4964,34,3.514513522820264,3
4964,206,3.0,4
4964,272,4.313679795590212,4
4964,535,4.238012997979972,4
4964,1344,4.3061267273146795,4
4964,1422,3.122571929439271,1
4964,1923,3.479682829081087,3
4964,2094,2.6949522944180013,3
4964,2300,4.059052266384297,4
4964,2421,2.664640571477166,1
4964,2797,3.227847948898573,3
4964,2940,3.0,5
4964,3099,3.5040577857908795,3
4964,3370,3.0,4
4965,3745,3.657132518501203,4
4966,589,3.905054846657851,5
4967,39,3.6346093969079085,2
4967,50,4.249698944171734,5
4967,593,4.197345085529465,4
4967,2712,4.534446522024138,4
4967,3744,3.0,4
4967,3752,3.239353414365344,4
4968,1230,4.825149326334013,3
4968,1247,4.7558577068029875,4
4969,919,3.9735474949465392,3
4969,2997,4.0,5
4971,2863,4.403951687474583,4
4972,260,3.901692378704821,5
4972,1077,4.572481829685753,4
4972,1965,4.322744299402213,4
4972,1975,2.697516106541631,3
4972,1980,2.580609562656955,2
4972,2867,3.6191799493239096,5
4972,3017,2.897803606916377,3
4972,3358,4.116018438818523,5
4972,3676,4.0,4
4972,3695,2.0,2
4972,3701,3.782038985078785,3
4973,595,4.0185695290523045,3
4973,1131,3.0,4
4973,2100,3.891318906006091,3
4973,2137,4.148960935356902,5
4973,2406,3.8505609938622496,3
4973,3591,3.8789527784481006,3
4973,3713,3.0,4
4975,858,3.9428788493675437,4
4975,1263,4.089256282959255,4
4975,2294,3.72907335000594,4
4975,2532,3.6216538434158196,2
4975,2533,3.5265596089090043,2
4976,319,3.0,5
4976,3766,3.0,2
4977,1214,3.170202256332501,5
4977,1371,3.1764344987150763,4
4977,1748,3.105554195383754,1
4977,2117,3.9995695938836775,4
4977,2528,3.3882940638040298,5
4977,2692,4.315685067202142,5
4977,2959,3.599931600627487,5
4978,2701,3.828273058208855,2
4979,52,3.894401057831797,2
4979,188,1.22895138693235,1
4979,708,3.3178335125088663,3
4979,902,3.9039314244908914,4
4979,904,3.8897965506821004,5
4979,1200,3.756565431571385,4
4979,1208,3.9863044855417313,5
4979,1261,3.263499808493495,3
4979,1485,3.210520410580474,4
4979,1964,3.8762154769229036,2
4979,1987,1.3634174835973283,1
4979,2038,3.0,3
4979,2085,3.598300140810441,4
4979,2245,3.3600799764122002,2
4979,2455,3.5821394882078867,1
4979,2858,3.913078330515364,5
4979,2989,3.56581841417928,4
4979,3018,2.6037170656927366,1
4979,3339,3.0,5
4979,3424,3.9428068048210956,4
4979,3504,4.105061248699352,5
4979,3635,4.018893903486635,4
4979,3696,3.0,1
4979,3922,3.0,2
4980,296,3.7533980939855582,4
4980,953,3.8182630915073656,4
4980,1293,3.81440549439886,4
4980,2571,3.626923117978746,3
4980,2875,3.0,2
4980,3360,3.6947164326630397,3
4981,357,4.083078699461832,5
4981,1213,4.284214347107004,5
4981,1259,4.1733409851613645,4
4981,1422,3.5612859647196355,4
4981,1449,3.7187924500683454,4
4981,1965,4.291364498107005,5
4981,2724,3.82897869238289,4
4981,3019,4.3195346704659245,4
4981,3067,4.33900410277671,4
4981,3100,4.034377299291656,5
4982,3156,3.0,3
4983,1235,4.178413955344855,3
4983,2054,4.043088407320793,4
4983,2080,3.917012695826838,5
4983,3526,4.032056224823624,4
4984,36,3.4454235997867997,5
4984,81,3.0,4
4984,1225,3.757610512097569,4
4984,1228,3.5487508746979706,4
4984,1395,3.198098486727765,3
4986,1240,4.166563747221684,3
4986,3535,5.0,5
4986,3571,3.0,4
4987,380,3.5952405189035312,3
4987,434,3.5708079898743947,3
4987,2571,3.670138523310932,4
4987,3418,3.6977668610114107,4
4988,912,3.9498183924971335,4
4988,1963,3.0,4
4989,2124,3.5145145204716735,2
4990,1258,3.988652928935212,5
4990,1300,3.0,5
4992,3175,3.674069910032181,3
4993,943,3.0,2
4994,2527,4.230737772725758,3
4995,353,3.5416876877447567,2
4995,497,3.3815383993538246,4
4995,509,3.454949052060227,2
4995,1810,3.758558786495029,3
4995,2289,3.50099921783439,3
4995,2723,3.618269779563375,3
4995,3163,3.0,4
4995,3483,3.0,2
4995,3578,3.463660274028445,3
4996,3703,4.127980502524208,4
4997,810,3.0,5
4998,741,3.0,5
4998,1466,4.097195314788349,5
4999,1291,4.2481794132251105,3
5000,7,4.399503284221544,3
5000,10,4.400372928118732,4
5000,161,4.357625275391487,5
5000,1127,4.179056534623099,4
5000,1287,4.76273261143718,5
5000,1344,3.0,4
5000,2501,4.543735114640804,4
5000,2528,4.5808731362842074,5
5000,2571,4.392597817163515,5
5000,2628,4.166091502714142,5
5000,2942,4.671898343318673,5
5000,2948,4.511029200993724,5
5000,3578,4.392527006363789,5
5000,3773,3.0,3
5001,1088,4.309806958188611,5
5002,344,3.130532031818623,3
5002,1079,3.4556664226645277,4
5002,2403,3.41516733774881,2
5002,3705,3.517489205683001,3
5003,1653,4.630783207181624,4
5005,538,3.7393036373287627,4
5005,597,3.605926586913163,3
5005,1084,3.7384571866987435,4
5005,1291,3.5819990031350075,4
5005,1377,3.387252838035321,3
5005,1950,4.049199134451766,5
5005,3169,2.478345485415209,3
5006,1012,4.507111793529774,4
5006,2018,4.352976479536922,5
5006,2203,4.375607916227581,4
5008,246,4.4603594150626105,4
5008,858,4.360857685150084,5
5008,1090,4.341207401624186,5
5008,1248,4.5422284540815365,5
5008,1270,4.257117749345302,4
5008,2427,4.193955136245414,5
5009,1269,4.355266233816148,5
5009,3088,4.075097607315883,5
5009,3421,4.05062747902078,3
5009,3693,3.0,3
5010,2324,4.399169994737875,4
5011,112,3.94486085995431,4
5011,173,3.781635301567307,4
5011,223,4.143602636319738,4
5011,253,3.8556231911866363,3
5011,344,3.922566730613709,4
5011,531,4.0,4
5011,1185,4.322595863539627,1
5011,1215,4.127832835379688,4
5011,1275,3.939692797716644,5
5011,1407,3.9045075080798832,4
5011,1676,4.018051619171118,4
5011,1845,5.0,4
5011,1994,4.063852210137886,3
5011,2046,3.9217319895233804,4
5011,2094,3.884350889985387,4
5011,2505,3.0,1
5011,2575,3.0,1
5011,2617,4.022819655333111,4
5011,3258,3.7857897094542547,4
5011,3406,3.0,3
5011,3745,4.820564703418131,5
5011,3863,3.821038837170439,5
5014,930,4.128038746323495,5
5014,1945,3.970180520939826,5
5014,2532,2.809602705459683,1
5015,969,4.201803383316865,5
5015,1148,4.57954599076715,4
5015,1238,4.202190307886108,5
5015,1293,4.308964237668793,5
5015,1370,4.071911397570238,4
5015,1380,4.20048211510064,4
5015,1994,3.8876721083310244,3
5015,2686,4.5373819960779604,4
5015,2988,4.0081921389293,3
5015,2997,4.316057066480054,4
5015,3210,3.9674911074858827,5
5015,3480,4.0,4
5015,3549,3.39144936834404,2
5016,293,3.527284071285047,1
5016,318,3.375947877552938,4
5016,538,1.9872937998231484,3
5018,232,3.0,4
5018,1252,4.186817474703063,5
5018,1954,4.131611484408706,5
5018,2020,4.172498001067675,4
5018,3788,3.86044963122652,3
5019,296,3.5198142502814016,5
5019,1214,2.897595052297691,4
5019,1225,3.0636296464616724,4
5019,1944,4.050898945775568,3
5019,2010,3.7159294646081378,3
5020,2716,4.207670083003235,5
5020,2746,4.28187224416729,5
5020,2784,5.0,4
5021,66,3.0,1
5021,1193,4.205557424532372,5
5021,1210,3.6104726165071273,3
5021,1214,3.061698013206884,5
5021,1224,5.0,4
5021,2021,3.058175057382387,3
5021,2986,2.8300993742390883,3
5022,923,4.58419849238891,5
5022,1233,4.676534707298361,5
5022,2059,3.0,2
5023,1035,4.256671415127108,5
5023,2087,3.93243129800639,4
5023,2959,3.541919045183541,4
5024,296,3.6339549983944166,4
5024,922,4.453867571528712,3
5024,930,4.4329005689666285,4
5024,1084,4.113142976771061,3
5024,2927,3.0,4
5025,1219,4.399803372821067,3
5025,1266,4.415539981940189,4
5025,2282,4.0,3
5026,316,3.1392878766363213,3
5026,542,2.0056437831053286,1
5026,733,3.2454701980267022,3
5026,852,3.1587749759120984,2
5026,1022,3.595968601569595,4
5026,1036,3.4235026642961905,4
5026,1136,3.548297086637252,4
5026,1573,3.170349767115962,4
5026,1610,3.3905860190098918,5
5026,1672,3.431144109730111,3
5026,1962,3.7987257269071226,4
5026,2100,3.3963247721376892,3
5026,2352,3.323685705747746,4
5026,2353,3.258771136530777,3
5026,2405,3.263943515121035,4
5026,2454,3.407055207197616,3
5026,2717,3.012778408128171,2
5026,2746,3.066422268910293,2
5026,3418,3.4043734469653826,3
5026,3591,3.2143538563594536,4
5026,3752,1.4225884330378251,1
5026,3783,3.0,1
5027,1198,3.453546862173657,5
5027,1246,3.3894091210268678,5
5028,1148,5.0,5
5029,161,3.9477859260702948,4
5029,671,4.3425227367130885,2
5030,2502,4.455749826357293,4
5031,357,4.145849307321782,5
5031,2692,4.3184435293157675,4
5032,1270,4.0278541378019215,5
5032,2302,4.048336646694212,3
5032,3429,4.4759403647421605,3
5033,926,4.445609423384374,4
5034,3744,4.0,3
5035,34,3.9948480800274377,4
5035,1277,3.0,3
5035,2355,4.0627561895163025,5
5035,2683,4.053616290508621,2
5035,2915,3.926385464466737,4
5035,3082,4.1523415519383535,3
5036,2568,3.0,2
5037,296,4.1760577003708095,5
5037,2424,4.092390075864352,4
5037,2628,3.979722178861856,3
5037,2916,4.143088248152471,4
5038,219,3.0,3
5038,1193,4.043512755203805,5
5038,1200,3.9105401301765057,5
5038,1240,3.9329973189617937,4
5038,3606,4.0,4
5039,103,1.0,2
5039,1479,1.7870355401864313,1
5039,1744,1.0,1
5039,1805,2.2205432065863486,3
5039,3717,2.351067841575438,1
5040,1991,3.6870158980606664,3
5041,1304,4.547679816357962,5
5042,1271,3.629612661275712,5
5042,1298,3.9149573244158113,3
5042,1354,4.0,4
5042,2000,3.5995891038165464,4
5042,2683,3.4925275482261022,3
5044,36,4.083815850430966,5
5044,1196,3.996955379534834,2
5044,1211,5.0,3
5046,81,4.495011475558876,2
5046,100,3.0,2
5046,543,3.5342233411595827,3
5046,688,3.0,3
5046,1029,3.7503024254776482,4
5046,1079,4.114939397576344,2
5046,1088,3.586685514707912,2
5046,1178,5.0,5
5046,1186,4.0787530240018475,4
5046,1272,4.344808388177046,4
5046,1517,3.699982982131815,3
5046,1690,3.36906471552773,2
5046,2000,3.7083290296843066,5
5046,2263,3.0,1
5046,2334,3.480795176792971,4
5046,2752,4.0,3
5046,2989,3.5355110646338326,4
5046,3072,4.185390286810955,3
5046,3160,4.199314722557437,4
5046,3272,4.033039692897662,1
5046,3638,3.626297702785561,2
5046,3710,2.496250446385762,3
5047,1690,3.2316014384666927,3
5047,2571,3.653030392248481,5
5047,2700,3.483799087264139,2
5048,2407,4.101931329338987,5
5049,2359,4.161277322842263,4
5050,45,4.396052637774173,3
5050,361,4.436394423477338,5
5050,440,4.554574309161275,5
5053,442,3.8062752846694674,4
5053,608,4.210695608720042,4
5053,1391,3.9752152893469916,4
5053,1396,4.087379948959489,5
5053,2009,4.082311752593242,4
5053,2140,4.061386351793982,5
5053,2324,4.31242910045872,5
5053,2615,4.17803054990054,3
5053,3301,3.692593129907886,4
5054,52,3.19967202838291,3
5054,597,3.3811033129901955,3
5054,935,3.0,5
5054,1086,4.1914127019205925,5
5054,1162,3.0,2
5054,1208,3.5659799964603356,3
5054,1259,3.5343607642123143,3
5054,1611,3.074562668808041,3
5054,1947,3.8833445778009454,5
5054,1980,1.0,1
5054,2360,3.0,2
5054,2686,3.2415754548186224,5
5054,3076,3.0,4
5054,3079,3.0,3
5054,3108,3.41000355934009,4
5054,3496,3.0,3
5054,3526,3.4973440854497846,3
5054,3547,3.0,4
5054,3549,4.132257963000399,4
5054,3675,4.140963746424558,3
5055,3494,3.843713673887949,4
5056,316,4.227605112456324,5
5056,1136,4.537019355328893,5
5056,1214,4.49674964849285,4
5056,1513,4.740578197615168,5
5056,2009,4.4142751759820715,5
5056,2012,4.3315637965481,4
5056,2747,3.0,4
5056,3421,4.544427041179221,5
5057,1263,3.9418553499132627,3
5057,2959,3.2909827716136233,2
5057,3623,3.3938991663372344,3
5059,353,3.661972638431287,5
5059,1234,4.093675178206435,4
5059,1320,3.513247811744757,4
5059,1370,3.9238973873835925,3
5059,1387,4.02402546916162,4
5059,2367,2.300765766142061,1
5059,3113,3.730367875096311,3
5061,107,4.0,4
5061,637,2.5640533435594155,4
5061,709,4.009018903345599,2
5061,1042,3.399431629083912,4
5062,3147,4.142819290421193,5
5063,236,3.6141100048070314,3
5063,3948,4.436441324376962,5
5064,923,4.433498229652529,4
5064,1699,3.0,4
5064,2804,3.466828561643649,5
5064,2959,3.3367886038235564,4
5064,3783,3.0,5
5065,257,3.0,2
5065,516,4.0,3
5065,587,3.7599164386559116,5
5065,1374,3.623911675151974,3
5065,2076,3.7958791062583,4
5065,2097,4.003724951566326,4
5065,2193,3.53211202797329,3
5065,2194,3.776304665311514,4
5065,2268,3.8508851292122808,4
5065,2616,3.648275808435146,3
5066,3175,4.76769148895376,4
5068,1090,4.064328320395861,4
5068,2929,4.0,4
5068,3111,4.205460775547304,4
5068,3424,4.0910025680307465,3
5069,1152,3.0,4
5069,2066,4.864858396656793,4
5070,223,3.857859122645022,4
5070,246,4.180435691085432,5
5070,412,3.0,3
5070,581,4.0,4
5070,778,3.9860307273143656,5
5070,785,3.7420571708580965,4
5070,1649,4.152101471719416,5
5070,1719,4.424342197627014,4
5070,2064,3.974328967552588,5
5070,2474,3.578924922041544,4
5070,2693,3.0,4
5070,2813,3.0,4
5070,3257,2.7630046050416883,2
5070,3700,4.4885705328137275,4
5072,1968,4.499879545782812,4
5074,45,3.8059557051401063,3
5074,215,3.0,3
5074,474,3.482491435984124,3
5074,708,3.48217470591415,3
5074,912,3.8602939167024917,3
5074,1224,3.721394886988365,4
5074,1291,3.5292046317002312,4
5074,1673,3.7537829496521096,5
5074,2060,4.503607563467958,2
5074,2303,3.0,2
5074,2501,4.131452425728866,5
5074,2728,3.75507328201276,4
5074,2759,3.7547008793176233,4
5074,2966,3.5001885159001938,5
5074,3468,3.807282392771361,3
5074,3767,1.0,1
5075,356,4.177694869705145,3
5075,2529,4.01054516306891,5
5076,1079,3.639533692635109,4
5076,3693,3.0,3
5077,253,3.40711805489388,2
5077,273,3.1345462998446756,2
5077,2927,3.0,5
5077,3174,3.476489309494733,2
5078,1265,4.115392976356377,4
5078,3671,4.090399633523428,5
5079,2329,3.764371555507786,3
5079,2762,3.2331961503862723,5
5081,1127,3.549454602809511,3
5081,3155,3.0,4
5081,3255,3.772374214251355,4
5081,3624,3.9800884594157337,4
5082,899,3.7831276908523916,5
5082,1394,3.808291698423291,5
5082,1673,3.3213587299566343,2
5082,3007,3.0,4
5083,31,4.0,4
5083,110,3.9507004991624277,5
5083,292,3.8118331239659544,3
5083,597,3.8650559555921253,5
5083,605,3.4133850999371735,3
5083,919,4.078346000112285,5
5083,1918,3.6301145848310528,3
5083,2058,3.9566702548519777,5
5083,3063,2.914400741690226,1
5084,3,3.515013144936482,3
5084,223,3.1871692041954804,5
5084,377,2.9270223072124963,4
5084,473,3.2653936869142273,1
5084,765,2.8342734160557685,3
5084,2012,2.8432076405793967,3
5084,2470,2.738792053822206,2
5084,2804,3.09763665587556,3
5084,2997,3.146027028460141,2
5085,954,4.62774980707601,5
5085,1937,4.0,4
5085,1953,4.603601953075673,5
5085,2070,4.024263152527978,5
5085,3361,4.475023720088107,4
5086,953,4.152528113593622,4
5087,457,3.6465905277253388,5
5087,527,3.7890926873862694,5
5087,954,4.159100997626403,5
5087,1958,3.5806285286086585,5
5087,2671,3.6436542106030863,4
5089,1223,5.0,5
5089,2692,4.317866057624263,5
5090,1037,4.397133585008036,5
5090,1208,4.326865101084174,5
5090,1233,4.455625413472664,4
5090,1635,4.380151428413461,5
5090,2240,3.8527055477781307,3
5090,2797,4.319028927770444,5
5090,3114,4.232507128539862,5
5090,3210,4.347337740192794,2
5090,3266,3.0,4
5090,3421,4.293306575418294,5
5090,3753,4.547295145852846,4
5090,3763,4.36016338593245,5
5091,379,3.359345912756136,2
5091,1079,4.053664558306617,5
5091,1097,4.022301108474868,5
5091,1190,3.0,2
5091,1213,4.219338921563666,2
5091,1726,3.0,3
5091,2005,3.843701784816675,2
5091,2378,3.5889601491542336,3
5091,2455,3.887986885293555,3
5091,3175,3.8696956045623767,3
5091,3347,3.0,4
5091,3685,4.355488082855851,5
5092,899,4.413079180552191,5
5094,296,4.594061144192634,5
5094,589,4.548083501764035,5
5094,1408,4.529198968256432,5
5095,1270,4.583670413205814,3
5095,2628,3.0,4
5096,800,4.35544857424445,5
5096,1267,4.594490820220962,5
5096,1704,4.032504698101524,5
5096,1805,3.9242566037235362,3
5096,2054,3.246673722905335,2
5096,2115,3.6879396772612973,2
5096,2134,3.3132287667374656,4
5096,2376,3.125648397786855,2
5096,2716,3.683632575315767,3
5096,2720,2.0,1
5097,1219,4.614525048700511,5
5097,1617,4.0641323455529745,5
5097,2300,4.628871641215823,5
5098,899,3.444252549889069,4
5098,2132,2.970030750725071,2
5098,2135,3.5465815880758425,1
5098,3404,3.0,3
5098,3788,3.0121609817967028,4
5099,694,3.0,4
5099,1387,3.641392064484735,4
5099,2514,4.221343307647072,3
5100,1,4.386193093628866,5
5100,288,4.260835761833695,3
5100,306,4.484573743456618,5
5100,515,4.679670698218696,5
5100,551,4.334501497087472,5
5100,800,4.308527817730707,5
5100,949,3.0,5
5100,1019,4.1532645073585615,4
5100,1054,3.0,5
5100,1198,3.9577669399595004,4
5100,1231,4.76223577548407,5
5100,1293,4.441819635752792,5
5100,1674,4.159737187336149,5
5100,1834,4.4963483331608005,5
5100,1947,4.67276463768124,5
5100,2009,3.6259490592017993,3
5100,2069,4.999999999999999,4
5100,2117,4.577958824803336,4
5100,2137,4.423834790219905,5
5100,2145,4.325410699718659,5
5100,2370,3.0,5
5100,2791,3.9842159078813433,5
5100,2948,3.692600921763352,4
5100,2970,3.0,5
5100,3671,4.5161128435080355,5
5100,3701,3.5497298462206004,3
5100,3703,4.430328077537402,4
5100,3769,4.00961745372202,4
5101,3788,3.0,2
5102,454,4.610565540856863,4
5102,1302,4.664681906275893,4
5102,2995,3.464763807110326,3
5103,1598,5.0,5
5103,1784,4.4951250462084005,5
5103,1917,4.445519122076156,5
5103,2815,4.589676532486097,4
5103,2997,4.674183476606933,5
5103,3386,4.55342607278046,5
5105,95,2.9750354192269675,3
5105,1203,5.0,4
5105,3429,3.0,3
5106,318,4.069268754341157,5
5107,308,4.0,4
5107,342,3.494571217768003,3
5107,515,3.8939800224202417,4
5107,574,3.0,3
5107,923,3.6305155523891357,5
5107,1041,3.9662906058203364,5
5107,1246,3.2310398985017637,3
5107,1272,3.3413255988530115,3
5107,1396,3.0789733074277623,3
5107,2171,3.0,3
5107,2470,2.9469554229978634,2
5107,2641,2.768763332658448,1
5107,2683,3.339659455926765,4
5107,3163,3.0,5
5107,3296,3.166691492118437,4
5107,3386,3.253634531867974,4
5108,1028,3.364243122253391,4
5108,1279,3.993160658493813,4
5108,1306,3.0,5
5108,1356,3.410538773357206,4
5108,1375,3.351469286442749,3
5108,2150,3.4908267103403534,3
5109,1262,3.78684845391442,5
5109,2946,3.165007678427511,3
5111,17,3.762556586164352,5
5111,234,3.0,2
5111,838,3.686804774778137,5
5111,898,4.137047457233914,4
5111,914,3.9889349190010313,4
5111,1084,4.0310184537136795,5
5111,1179,4.0035418244899015,4
5111,1269,3.9597579350880587,4
5111,1369,2.0,4
5111,1703,3.0,5
5111,1958,3.800074575953724,5
5111,2150,3.5939388174540463,4
5111,2163,3.0,2
5111,2728,4.0455650764562066,2
5111,2920,5.0,4
5111,3101,3.6941560612822415,5
5111,3498,4.3543124913459845,5
5111,3549,4.069068992757804,4
5111,3637,3.0,5
5112,1086,4.194721951086478,3
5112,1645,3.021876606806188,4
5112,1964,3.9887926734467434,3
5112,2288,3.1640185517150994,3
5112,2951,3.4571529266177285,4
5112,3093,3.844632545164044,4
5112,3285,3.0,2
5113,29,3.641099534815371,2
5113,172,1.5782227716256463,1
5113,1124,2.6292077630715776,2
5113,1178,3.819052258274576,4
5113,1234,2.9903873689071596,3
5113,1283,3.702770952553142,2
5113,1388,1.6420742047294656,1
5113,1957,3.088909045992203,3
5113,1974,1.8867977596558192,1
5113,2290,3.0,5
5113,2745,3.139887278714537,3
5113,2919,3.4159642695786387,1
5113,3044,2.308614565546325,4
5113,3365,3.184502750015465,4
5113,3638,2.080807351487199,2
5114,1028,4.15757422339625,5
5114,1282,4.173330734949563,5
5114,2918,4.355353013495217,5
5114,3624,5.0,5
5118,474,3.4902359529262275,1
5118,1610,3.427947258108352,4
5118,3745,2.0,1
5120,2005,3.7582360011412574,3
5120,2734,3.322625310990073,3
5121,585,3.8518393924331082,4
5121,1676,3.455315830573913,4
5121,3543,3.862487698123431,4
5123,3534,3.809678430826981,4
5123,3556,4.0,3
5124,34,3.9070938483477646,5
5124,342,3.5044426434538187,3
5124,440,3.5232108756692155,3
5124,457,3.60324284512456,4
5124,2935,3.9871069050900756,4
5126,261,3.0,3
5126,1198,4.228680419373604,5
5126,1381,4.0,2
5126,3408,4.0582444353318925,3
5127,748,3.6438397808381082,1
5127,2858,3.7439609467782047,5
5128,2948,3.0,4
5129,2141,4.00316753226417,4
5129,2990,3.2535696607277025,5
5130,750,4.672274390868499,5
5130,1283,4.791015926447261,4
5131,539,3.5841471329601764,5
5131,555,3.6148444571840748,5
5131,608,3.7474102910128115,4
5131,1307,3.8642296209246574,5
5131,1347,3.23312511875074,4
5131,1358,3.9192011976865078,4
5131,1702,3.4932837280579077,2
5131,2100,3.6834038977800785,3
5131,2485,3.630855718219398,4
5131,3146,3.0,2
5131,3259,3.7071378147691614,4
5131,3505,4.148252194446389,4
5132,3359,4.6204674360178695,5
5134,1206,3.645563855074819,1
5135,1097,4.179429991856806,5
5135,1210,4.30775212136356,4
5135,1394,3.57523702747977,4
5135,2404,2.8871081854452063,3
5135,3039,4.170593235109608,4
5136,1215,3.8198563592948886,4
5136,1243,3.0,3
5136,1302,4.109727236716788,4
5136,1396,3.989198000844195,4
5136,1682,3.931988421084085,3
5136,1994,3.791006660792929,3
5136,2278,3.9385628280783864,4
5136,3764,3.0,4
5137,177,3.9293612622236567,4
5137,180,4.569629185234444,5
5137,2915,4.275140627496488,3
5137,3740,4.522984609608549,5
5138,1080,3.282293556904292,4
5138,1272,3.276212629107171,4
5138,1704,3.2985388953112835,4
5138,2420,3.2838010658265535,2
5138,2455,3.2901018500490298,2
5138,2640,3.215798043921182,3
5138,2985,3.203506054314747,3
5139,1958,4.096440695821364,2
5139,3730,3.879439586375696,4
5140,3107,3.6082724029389954,3
5140,3111,3.855313004470123,4
5140,3397,3.380133943466581,3
5140,3510,3.7986650949135865,3
5142,10,3.8106134173486765,3
5142,1488,4.03799005787856,3
5142,1525,3.0,1
5142,1663,3.819100729926722,5
5142,2041,3.0,3
5142,2046,3.8570154649066923,5
5142,2410,3.7153195115969453,3
5142,2736,2.9959528593940945,5
5142,3494,4.464378069593972,4
5143,1265,4.25689704148166,5
5143,2571,4.183690658494138,5
5143,2772,5.0,3
5143,2907,3.0,3
5145,2267,3.0,2
5146,1180,3.0,1
5148,1485,3.899711110759165,4
5148,1682,4.155994501655378,4
5148,2700,3.8459636399093347,5
5149,1197,3.9829657642659693,5
5151,126,2.0,2
5151,1219,3.8752228782424902,4
5151,2617,3.2481290842849724,3
5151,2898,3.0,1
5152,2015,4.0,2
5153,308,3.0,3
5153,597,3.3038250172674344,3
5153,743,3.0,2
5153,1083,4.0056037203335375,3
5153,1228,3.952603156725072,3
5153,1247,3.737360096503798,4
5153,2000,3.489016029977735,4
5153,2146,3.2502993498660357,3
5153,2352,3.6551580382616895,5
5153,3035,3.9781173836321337,4
5153,3263,3.418752750419617,3
5153,3678,3.0,3
5153,3714,3.0,2
5154,2858,4.435401706848491,4
5156,21,4.115868800396366,4
5156,47,4.297180932393011,4
5156,293,4.352265478477817,5
5156,377,4.014521328802515,3
5156,474,4.264706906510405,4
5156,1291,4.345764564748819,4
5156,1653,4.218121677433369,3
5156,2671,4.175932613933184,2
5156,2997,4.371707178033679,5
5156,3586,3.0,5
5158,588,4.226740019629162,4
5158,593,4.287917174899652,5
5158,1219,4.226487614539026,4
5158,1339,4.189389063564627,3
5158,1407,4.0874867644010635,4
5158,2700,3.917018048617148,4
5158,3662,3.0,1
5161,16,3.4877629207638132,3
5161,288,3.1974035092109165,3
5161,356,3.181053511579893,1
5161,1275,2.8940166819849726,4
5161,1291,3.127368060302797,3
5161,1352,4.0,2
5161,1376,2.8046983110411183,3
5161,1625,3.243950963138058,5
5161,1722,2.7583274278484824,2
5161,2268,3.1579212545658057,3
5161,3733,4.0,2
5162,2412,2.7749144676931046,3
5163,440,4.225930269079233,5
5163,1614,3.708389886714296,5
5163,1669,3.0,2
5163,1746,3.0,4
5163,2011,3.9541036556440097,4
5163,2287,3.508532456413128,3
5163,3052,4.134831700528167,5
5164,733,4.461397362118391,2
5164,2762,3.7012066486573683,5
5164,2997,4.379685530692275,2
5165,1193,4.720244271707742,5
5165,2396,4.700827261596097,5
5166,589,4.295342298827716,4
5166,594,4.25949323858514,5
5166,2427,4.553565131616312,3
5167,34,3.9842791141211276,3
5167,2160,4.396915525660192,5
5168,3543,5.0,4
5169,1230,3.794665986507679,2
5169,3252,4.066637295728922,4
5170,1197,4.317161522552173,5
5170,2863,4.329479424126626,4
5171,2054,3.890128381252136,3
5171,3624,5.0,5
5172,218,3.0,2
5172,344,3.087868426350282,3
5172,838,3.4585535389004094,4
5172,904,3.8489451236861747,4
5172,1193,3.803454360644042,4
5172,1414,3.0,3
5172,1617,3.3847068181175577,5
5172,2289,3.8451964650580406,4
5172,3063,3.0,3
5172,3072,3.5215225487905912,5
5173,231,4.044722888463188,4
5173,3618,3.0,3
5176,3578,3.7777631100169433,4
5177,1370,3.5312793651252936,4
5177,2036,3.0,3
5177,2763,3.8022510327332775,5
5178,24,2.8955346463199447,3
5178,1294,4.132712362883339,5
5178,1777,3.927919587043543,3
5178,2054,3.6815000259454957,4
5178,2867,3.0,4
5178,3734,3.0,4
5179,246,4.215858470457926,5
5179,377,4.07902205797249,4
5179,2406,3.348809035793198,3
5180,908,4.351825087329664,4
5180,1222,4.527722205506657,5
5181,852,5.0,4
5182,1597,4.130829507162613,4
5182,1895,4.0,4
5182,2122,4.0,3
5182,2341,3.0,4
5182,2522,3.0,4
5182,2552,3.0,4
5182,2791,4.044714927946799,5
5182,3770,4.171283526554012,4
5183,141,3.733954388282455,3
5183,1625,4.220750831734887,5
5183,3536,3.475721625821404,3
5184,21,4.527041403128774,5
5184,72,3.0,5
5184,1120,4.660162652789661,5
5184,1916,4.502148773254274,4
5184,2580,4.747489982582915,5
5184,3751,4.3724645531427155,4
5184,3948,4.319412956223018,4
5185,122,3.0,3
5185,1113,3.0,4
5185,1208,3.5449725577886277,4
5185,1304,3.5897104345108675,4
5185,2042,3.3006343613755234,3
5185,2728,4.36751018076076,4
5185,3444,3.3246451028580197,3
5186,2324,4.070133356520803,5
5186,2528,3.8196672368619007,4
5187,2641,3.9066888747512682,3
5188,1345,5.0,4
5188,1380,4.0987302714165095,5
5188,3672,3.0,4
5189,260,3.5618179095985822,3
5189,1206,3.5958426733914823,3
5189,1580,3.339814638047233,2
5189,2160,4.205789606897053,2
5190,595,4.221161302299491,4
5192,223,3.7995878925910063,5
5193,2699,3.559053746138369,3
5193,3450,3.5161278978751125,3
5194,1617,3.3669606223795103,4
5195,2019,4.509872394551716,4
5195,2186,4.647985115939735,5
5195,2973,4.531635760700655,4
5196,1923,3.175362331146438,3
5197,2921,3.240293665189987,1
5198,17,3.4329338117969104,4
5198,538,3.426190104345865,4
5198,784,2.992567083319573,3
5198,1513,3.290169904978555,3
5198,1527,3.0796297443168754,3
5198,2699,3.301263263744421,4
5200,3175,3.828123363249521,5
5201,1267,3.6524669001003565,2
5201,1278,3.6182361356261317,4
5201,1957,3.6730100791418487,3
5201,3405,3.0,3
5202,2922,3.547706996649253,4
5203,1094,4.22011713463739,3
5204,370,4.062871832595436,4
5204,1291,4.436677987415147,5
5204,2692,4.7985773519572215,4
5205,968,3.6007648866692294,5
5205,1645,3.82820110234505,3
5205,2159,4.245096469020653,3
5205,3914,3.0,4
5205,3917,4.360966784721583,5
5206,3114,4.492876878729541,4
5208,319,5.000000000000001,5
5208,2959,4.066952423722034,5
5209,62,3.516221467187371,2
5209,73,2.9999999999999996,4
5209,151,3.8620676277027797,5
5209,953,3.9165441825077867,4
5209,1617,4.281399643810112,4
5209,2764,5.0,5
5209,3068,3.8151750128589303,5
5210,1225,3.473726231724447,5
5210,1376,3.2679861545920397,4
5210,1387,3.755428177108351,4
5210,3699,3.8746936265481606,4
5210,3714,3.0,4
5212,899,4.797654946339025,5
5212,1248,5.0,5
5217,2571,3.58136544847674,5
5217,2826,3.320049627628191,3
5217,3409,4.0,2
5219,454,4.060524558674084,4
5219,480,4.080426370611072,3
5219,1196,4.163905634135822,5
5219,1573,4.043904465599266,4
5219,2858,4.246886040008215,5
5219,3006,4.7250878245623635,5
5220,45,3.8879610907112587,5
5220,1197,3.643975450496963,3
5220,1231,3.8145378386002173,4
5220,1259,3.7245790858250136,5
5220,1292,3.86514363564811,4
5220,1300,4.515761824638608,5
5220,1321,3.9134533398560163,4
5220,1323,2.2321671036630577,2
5220,1378,3.3724303707232357,2
5220,1594,4.4000545115829635,4
5220,1970,3.3356226325489278,4
5220,2395,3.9135164483797995,5
5220,2455,3.819030826951483,5
5220,2779,3.683231701875192,3
5220,2961,3.0,2
5220,3253,3.662507682471066,4
5220,3608,3.803046097208766,4
5220,3708,3.031357277527109,3
5220,3725,3.0,2
5220,3733,3.991814880776136,4
5222,497,3.573045805827707,4
5222,916,3.615492299736281,4
5222,1088,3.2923447766205607,3
5222,2291,3.4541475378432125,2
5222,2352,3.335220876523065,4
5222,3253,3.355986499421543,2
5222,3606,3.5382844464718244,3
5222,3784,3.0,2
5223,1060,3.3186887659250397,4
5223,1179,3.7088187459137836,4
5223,1245,4.009835647149641,4
5223,1690,3.2321884785800936,3
5223,1732,3.3045827406706456,5
5223,2083,4.0,3
5223,3160,3.2004154278724823,5
5223,3261,3.1399889262324656,3
5225,372,3.469382327014859,4
5225,750,3.817632254828625,5
5225,1256,4.1914403765630714,4
5225,1614,3.144709983639513,2
5225,3660,4.0,4
5226,1387,3.8511363251841195,3
5226,2028,3.918508658070359,5
5226,3639,3.7797468852344807,4
5227,1722,3.6915524339093784,2
5227,2232,2.531488833549885,2
5229,223,4.683562207125296,5
5229,2699,4.494955140417269,5
5230,296,3.745976014249857,4
5230,454,3.8038589896064514,4
5230,899,3.5552121882702594,4
5230,1207,4.345235418902566,5
5230,1307,3.705851060856633,5
5231,3365,4.019214191863012,4
5231,3536,5.0,3
5232,2427,3.592223337346632,5
5232,2944,3.480482251455064,4
5232,3552,3.5496234315088966,3
5233,1545,3.0,4
5233,3252,4.428239205525405,4
5233,3949,3.0,4
5235,260,4.418879251238524,3
5235,2826,4.515589450750002,4
5235,3362,4.543668719731089,3
5236,1059,3.3356676447239235,4
5236,2571,3.761316278937865,4
5236,3175,3.7466952461282257,3
5236,3176,4.043906781629779,4
5238,310,3.0,1
5239,1286,3.9889811034711693,4
5239,1975,3.385692076207435,2
5239,2987,3.82464380738704,4
5239,3448,3.772647807795414,5
5239,3684,4.101865013980439,4
5241,497,4.060911766306048,5
5241,1094,3.8374374281782977,5
5241,1968,3.354326626417315,4
5241,2571,3.850614307781593,5
5241,3512,3.0,3
5241,3565,3.0,3
5242,2571,3.174859752066814,4
5244,648,3.8707268741142538,3
5244,1617,4.409435714905759,5
5244,2133,3.4288746373726124,3
5246,2599,4.168502658599782,2
5246,2882,3.0,4
5246,2883,3.0,2
5247,1387,4.441926162211351,4
5248,1307,2.9472982615110928,5
5248,3255,3.1014595224294332,4
5249,141,3.5730692478095434,4
5249,165,3.2156597081555414,4
5249,173,3.201197873715833,2
5249,474,3.443104347292914,4
5249,849,3.262299207711028,3
5249,1242,3.510349262282197,4
5249,1562,3.2669408971412612,1
5249,2000,3.46836343981745,5
5249,2406,3.461562781317193,4
5249,2724,3.7465389625748915,4
5249,2748,3.0,1
5249,3763,3.6547820204557633,4
5250,48,1.875364972644584,5
5250,260,3.7976530362992693,4
5250,380,3.589450784442028,4
5250,1721,3.686146580772292,5
5250,1920,2.6442408956806176,3
5250,2294,3.8685597636977653,2
5250,2515,3.4841051297006596,4
5250,2581,3.333513824055805,1
5250,2628,4.1512533510426435,3
5250,2634,3.0,5
5250,3623,3.577741209837463,3
5251,164,3.48336912269125,3
5251,1177,3.0,4
5251,1537,5.0,5
5251,1983,1.0,1
5251,2997,3.6419497143837996,4
5251,3082,3.67224054343619,3
5253,596,3.7832237229704333,5
5253,3104,3.9677846440401283,5
5254,161,3.917451883642628,5
5254,223,3.6770949925686107,3
5254,589,3.821672784524983,5
5254,1883,3.9227600598825867,5
5254,2291,3.9060642648271724,2
5254,3703,3.668854938551307,4
5255,912,4.710501968526812,5
5255,2001,4.655942249061313,4
5255,3745,5.0,3
5256,185,3.3291955462381453,2
5256,350,4.122579996852627,3
5256,899,4.121459621797181,4
5256,994,4.001626839704258,3
5256,1135,3.287604423519175,3
5256,1201,4.034261113563116,4
5256,1244,3.952903525909283,3
5256,1357,3.919257904333744,4
5256,1589,3.882094265871408,4
5256,2088,3.203397222404775,1
5256,2259,3.124348986687658,2
5256,2605,3.341639418345597,3
5256,2642,3.420986636771643,2
5256,3524,3.6526449963172474,3
5258,589,4.583111900853313,4
5258,694,3.0,3
5260,924,3.9619915044451184,2
5260,1147,5.0,3
5260,1221,3.9602969546829963,5
5260,1379,2.0,1
5260,3363,3.948418546052086,4
5260,3365,3.5741607360289507,5
5261,1208,3.6219412634113963,5
5261,1247,3.776703478596999,2
5261,1608,2.9418195740067543,4
5261,2858,3.436469171249904,4
5262,3157,3.0,3
5262,3635,2.5489615836619555,2
5263,3104,3.9677052404682875,4
5263,3671,3.9872325661913277,4
5263,3702,3.991040302696745,4
5264,1127,3.684078474757877,4
5264,1968,3.7153748285206247,4
5264,2683,3.510776348511302,3
5264,2916,3.936319201213762,4
5264,3039,3.9355365547076784,3
5265,928,4.139325551668541,4
5265,1032,3.6491953556008236,4
5265,1200,3.852903038656168,4
5265,3158,3.0,3
5265,3728,4.0,4
5267,314,3.0,3
5267,1284,3.8989675556756924,4
5267,3079,3.0,4
5268,339,3.3512734171217065,3
5268,479,2.4837137930191613,1
5268,1608,3.3836838877924764,4
5268,1680,3.5347338346312207,4
5268,1833,2.7980416871230767,1
5268,2720,3.0,1
5268,2723,3.4626761895594047,3
5268,3081,3.4719031450298963,5
5268,3483,3.0,2
5268,3525,3.7476114716129056,2
5268,3623,3.7060661796205423,3
5269,493,3.0,3
5269,829,3.0,3
5269,1358,3.69776668875039,5
5269,1617,3.7577423350882455,4
5269,1954,3.4681331882807074,4
5269,2110,3.5991062548415766,5
5269,2112,3.9874571556757443,3
5269,2166,3.0,4
5270,1306,3.0,3
5270,2288,3.851661000460972,4
5270,3527,3.98520165379355,3
5271,105,3.0,2
5271,247,4.056497241290883,4
5271,265,3.94881752639263,4
5271,266,3.3527062169479827,3
5271,339,3.1453169562896526,2
5271,373,3.0,3
5271,482,3.0,1
5271,861,3.3058879204411737,4
5271,903,4.234547434090075,5
5271,910,4.2565868309685575,5
5271,932,3.0,4
5271,1086,4.383789950882268,4
5271,1172,4.236846779152432,4
5271,1216,3.0,3
5271,2029,3.0,3
5271,2348,3.9308997634853693,3
5272,1968,3.0123509604016037,4
5272,2369,2.7812067846229223,2
5272,2762,2.9722491975011,4
5272,3052,3.216100239364891,5
5273,925,3.0,4
5273,1104,4.4901343505805364,5
5273,1237,4.618008824712767,5
5273,1278,4.062024112002838,4
5273,1912,3.8107434962759466,4
5273,1935,4.503589264049399,5
5273,2049,3.0,1
5273,2064,4.056167476662538,5
5273,3683,4.3523735075229295,5
5273,3724,4.0,5
5274,1196,4.156114256820498,2
5275,62,4.30551956926337,5
5276,2324,3.5544774012257845,3
5276,3649,3.0,3
5277,48,3.2544261369921266,3
5277,107,3.0,2
5277,112,2.8641574235031726,4
5277,1214,3.261764875555699,5
5277,1617,3.3070729469466356,4
5277,2427,3.5492074425468,2
5277,2762,3.2825978885699376,4
5277,2987,3.5086622842868533,4
5277,3104,3.6414226277649453,4
5277,3457,3.0,3
5277,3461,3.0,4
5277,3785,2.7036367511993933,2
5278,737,2.950695570716086,1
5278,1732,4.0505853265576794,3
5278,1909,3.612708364734732,4
5278,2011,3.8718343993323545,4
5278,3793,3.394909279793325,5
5279,1088,3.4027124723722473,2
5281,110,4.165747994985157,4
5281,368,3.9657180369156873,4
5281,2236,3.0,4
5281,2248,4.245217254320533,5
5281,2779,4.052612984561091,4
5281,2804,4.057278375192366,5
5281,3203,4.0,4
5281,3471,4.161749972993704,4
5282,153,3.1352360362437173,2
5282,888,3.0,1
5282,1030,3.7995139033832004,4
5282,1920,2.8232071728225385,1
5282,2123,3.282105162675266,1
5282,2137,4.019728890815456,4
5282,2145,3.615499022947905,3
5282,2174,3.3931336663464156,4
5282,2587,3.0,2
5282,2628,3.35999822601109,1
5283,661,3.9613500951485214,4
5283,674,3.706292996322821,2
5283,1033,3.9091729774066346,3
5283,1036,3.7913350391396667,4
5283,1246,3.965460061646839,4
5283,1894,3.3274356301986763,3
5283,2808,3.142464552732672,2
5284,2028,4.249407148879272,4
5284,2774,3.0,1
5284,3717,2.0,3
5285,2997,4.35689411643378,4
5286,1732,4.3789287651454245,4
5286,2171,3.0,3
5286,3341,5.0,4
5286,3462,4.396767589182309,4
5287,86,3.0,3
5287,1242,3.98636358791032,4
5287,1307,4.050830762534883,4
5287,2378,3.788608871678032,4
5287,3527,3.882184231121254,4
5289,446,4.999999999999999,5
5289,912,4.119353235880267,5
5289,931,5.0,3
5289,947,4.324508199123634,4
5289,1135,3.599540819241267,1
5289,1639,3.5877300642545653,4
5289,1958,3.6660228708368203,3
5289,2003,3.681949501560343,3
5289,2132,4.2911890039777765,4
5289,2294,3.495011223636197,3
5289,2352,3.7394691735549146,5
5289,2616,3.4262681933521155,3
5289,3176,3.6931841129605374,4
5289,3547,3.0,4
5289,3640,3.0,3
5289,3788,5.000000000000001,5
5289,3871,5.0,4
5290,3499,4.152256668537978,4
5291,527,4.36210661642519,5
5291,529,4.290356163872689,4
5291,1233,4.307025357695257,4
5291,1272,4.168200817332691,5
5293,25,3.871083936519191,3
5293,380,3.7893042860729427,3
5294,1284,4.873398061391704,5
5294,3618,3.0,4
5295,3552,4.036506573516059,5
5295,3591,4.4517883531967275,3
5296,1259,4.275212866069784,4
5297,1754,3.9277665366686656,5
5298,1270,3.4372265433195026,4
5299,2857,1.9799291559223073,1
5300,367,4.094765535073464,2
5300,930,4.8029679101708584,5
5300,1270,4.276306137220784,3
5300,1753,3.0,4
5300,2145,4.017106808990883,4
5300,2321,3.853773245062582,3
5300,2396,4.24442856402343,4
5300,2598,3.5331854762175525,3
5300,2700,3.967815434704162,5
5300,2779,4.153041352677592,3
5300,2959,3.9423430364830083,4
5300,3725,3.0,4
5301,1302,3.9489429091600012,2
5301,2000,3.907099973462294,5
5301,3053,3.0,3
5301,3686,2.9743063791765394,4
5302,1873,2.9999999999999996,3
5302,2087,4.0146774074576435,4
5303,58,3.7919708306531485,5
5304,1617,3.4316124147120455,3
5304,3952,3.0,4
5305,296,4.058415370225992,5
5305,364,3.882413305722548,2
5305,708,3.8713538731630095,4
5305,1042,3.9491773258544303,3
5305,1393,3.8861637016176585,3
5305,1552,3.6597083562755572,3
5305,2501,4.085611906055663,4
5306,234,2.0,2
5306,261,3.810054590372473,3
5306,282,4.0,3
5306,469,3.0,1
5306,518,3.4823857260384066,5
5306,541,3.5872389185096876,4
5306,802,3.4711084545737623,3
5306,1198,3.4975781169903595,5
5306,1373,3.2684382320628607,1
5306,1375,3.3151493026521557,3
5306,1474,3.0943230517206595,2
5306,1687,3.246474361719191,2
5306,1841,3.0,1
5306,3246,3.222757105217445,3
5306,3397,3.461558141040956,4
5306,3703,3.431798942774611,4
5306,3705,2.511383877994002,1
5307,1372,3.9860253740548477,4
5308,2571,3.71657927954718,4
5310,915,4.402650215243664,4
5310,1284,4.511907512977988,5
5310,3475,4.1667350081088586,3
5311,1127,1.0,2
5311,1252,4.387938126138118,4
5311,2387,3.0,1
5312,22,4.087698287684244,4
5312,260,4.191831784883366,5
5312,296,4.2567298615268605,5
5312,356,4.149470308065379,4
5312,455,4.0,3
5312,500,4.035479174772581,4
5312,849,3.927439498725583,4
5312,858,4.326212985166575,5
5312,1224,4.399118995838071,5
5312,1276,4.330832923098762,4
5312,1375,4.0535823766788806,4
5312,1387,4.240353653037452,4
5312,1527,4.093531593703623,5
5312,1645,4.126246857626256,4
5312,2356,3.0,3
5312,2942,4.276059428372066,2
5312,2985,4.123615937091201,5
5312,3044,4.284216477234389,4
5312,3175,4.233976165672373,4
5313,899,3.4943288031885005,5
5313,1936,5.0,5
5313,3567,3.0,2
5313,3699,3.9851148710346975,4
5313,3714,3.0,4
5313,3734,3.0,4
5313,3735,4.296405345224303,5
5317,141,4.2670388236378445,3
5317,803,3.0,4
5317,1022,4.310193865748193,4
5317,1028,4.258171024713114,5
5317,1061,3.986772083298501,4
5317,1197,4.174203817189662,5
5317,1287,4.260556825833796,5
5317,1585,3.0,3
5317,1648,3.0,4
5317,1954,4.166356590660354,5
5317,3019,4.348059400653724,5
5317,3263,3.7213265652775775,3
5318,533,3.2735728668199373,3
5318,1200,3.8222258657070896,5
5318,1731,3.0,2
5318,2692,4.216488744075846,4
5319,8,3.0,4
5319,50,3.926576640923943,5
5319,196,3.817542294825866,4
5319,647,3.445506581354198,4
5319,928,3.0,4
5319,1591,3.8143849022289222,4
5319,2450,3.639497020188179,4
5319,2688,3.585637723152272,2
5319,2761,4.288304005917897,4
5319,2987,3.857434822745413,4
5319,3739,3.0,4
5321,1089,3.3654222719598375,2
5321,1272,3.5462376775195956,4
5321,2111,3.0834876362423875,3
5321,2779,3.4368407679658617,3
5321,2987,3.2722753881258098,1
5321,3500,3.0,2
5322,1220,3.989512625762972,4
5322,3079,3.0,4
5322,3301,3.67029338616186,4
5322,3948,4.003685680328552,3
5323,1252,4.455916433841745,5
5323,1288,4.25262597997071,5
5323,1748,3.8561677976302375,5
5323,2010,4.489035934112943,5
5323,2330,3.0,5
5323,2571,3.850529878026019,4
5323,2724,2.3219311126185316,2
5323,2900,3.0,3
5323,3512,3.0,1
5323,3578,3.7877228706104322,2
5324,480,4.020505054125148,4
5325,608,2.668389901581852,1
5325,904,4.297234341962849,4
5326,2012,1.9376375909130092,2
5327,1242,4.3251179211455595,4
5327,1307,4.396481668017297,5
5327,1544,3.902749550779571,3
5327,2750,4.005338159284657,4
5327,2989,4.2561980843630085,3
5327,3039,4.186432584249937,4
5327,3068,4.697347185794277,4
5328,3678,3.0,1
5329,39,4.124020945680057,4
5329,318,4.544397941132555,5
5329,724,3.5035840623278554,4
5329,909,4.832991129942229,5
5329,1441,4.336881776919458,4
5329,2194,4.287905065747302,4
5329,2268,4.4298503230410455,4
5329,2692,4.636523123839387,5
5329,2739,4.52276245623408,5
5329,3087,4.304217602222612,4
5329,3257,3.6320888690469437,2
5329,3258,3.455486631315625,4
5330,1944,2.9845758544853096,4
5330,2289,3.5063882549715117,4
5330,2997,3.4597995177966285,3
5330,3359,3.621867332340958,4
5331,2269,4.0,2
5332,2485,3.0,4
5332,2628,4.3119391735749035,5
5333,22,3.5135987429815367,1
5333,506,3.0,3
5333,1276,3.7339639425141753,3
5333,1479,3.65945748287191,5
5333,1639,3.7577677036476813,4
5333,1673,3.7517714045244226,4
5333,2395,3.708566223530099,3
5333,2671,3.965108884905013,4
5333,2764,3.0,3
5333,2768,3.0,4
5333,2797,3.7508056108260925,4
5333,2916,3.6843066992596567,3
5333,3251,4.0,3
5333,3263,3.6209113070832055,3
5333,3526,3.6853082059799824,4
5334,976,3.0,1
5334,2300,1.0,1
5334,3408,3.0108363784548224,5
5335,628,4.170382769616433,3
5335,1186,3.996211751599729,4
5335,1357,4.31357203410088,4
5335,1994,4.215386397914353,3
5336,434,4.514075411064443,4
5336,2949,4.625285565180062,4
5337,916,4.79333190173695,5
5337,1017,4.0,4
5337,1197,4.328108859292964,5
5337,1269,4.811664524231514,5
5337,1580,4.2778900988333195,5
5337,2000,4.35244743151109,5
5337,2140,4.234844225114051,2
5337,2622,5.0,4
5337,3040,4.373509975451654,4
5338,589,3.980876311106774,5
5338,968,4.166963919446925,4
5338,1690,3.890018816758708,3
5338,2140,3.9878195156816925,4
5338,3576,4.093943864260437,3
5339,1136,4.262772147410021,5
5339,1372,3.8821006037058114,5
5339,1376,3.911237698425137,2
5340,425,3.0,4
5340,483,3.0,4
5340,803,3.0,4
5340,1057,4.0,4
5340,1799,3.487393757798531,3
5340,1968,3.8925314652020395,2
5340,2108,3.6823347680601737,4
5340,2875,3.0,3
5341,2014,4.1397791138299835,2
5341,2345,3.0,4
5341,3397,3.5655567862356663,5
5342,1704,3.9510450353559006,4
5342,2770,3.9989575744820405,3
5343,1221,4.839842278559465,5
5343,1617,4.6936915526651575,4
5344,260,3.6374698156745175,1
5344,1396,3.563416733024635,4
5344,2758,3.0,2
5345,163,3.551639306450637,5
5345,589,3.7959172035274493,4
5345,852,3.690273712841546,2
5345,1081,3.986479984732206,4
5345,1136,4.05907477567011,5
5345,1294,4.137308889001969,5
5345,1711,3.760901510360227,4
5345,1884,3.6500889039957025,4
5345,3740,3.656164608923557,2
5347,11,3.720026474839606,4
5347,172,2.869040263165676,3
5347,880,2.7750591696798925,1
5347,1485,3.5973955740953354,3
5347,1923,3.79708660926541,5
5347,2572,3.6774036526622593,3
5347,2986,2.7495657488508605,1
5347,3120,3.0,2
5347,3300,4.3319136828395886,2
5349,50,4.1524287124146415,4
5349,373,3.0,5
5349,597,4.202063228701232,4
5349,1131,5.0,5
5349,1220,4.1173420337341895,4
5349,1293,4.481454002885316,5
5349,1414,3.0,4
5349,2022,3.0,3
5349,2355,4.213395680173286,3
5349,2396,4.2548934636375595,5
5349,2573,3.0,4
5350,1274,3.142607087150807,4
5350,1377,2.901216055659595,2
5350,1687,2.7435001173611253,3
5350,2427,3.3781012625279963,4
5350,3113,2.873583782167524,2
5350,3174,4.449845998985321,5
5350,3477,3.0,2
5350,3704,2.9398472837319045,2
5351,919,4.129050756463821,4
5352,915,4.130440083966294,3
5352,1230,4.355307134468071,3
5352,1722,3.789828751877537,4
5353,1104,4.102009538435593,3
5353,1127,3.899449098519145,4
5355,1234,3.7036073951940827,3
5355,1256,3.644450211038849,2
5356,1215,4.0078005147895395,2
5356,3535,3.0,4
5357,2700,4.121140588401389,5
5357,3238,3.0,2
5359,81,3.0,4
5359,608,4.178929889027601,4
5359,1019,3.804031170916225,3
5359,1394,3.982937419808239,4
5359,1407,4.070196110640943,3
5359,2005,3.91453607893139,4
5359,2011,3.9223963204904813,4
5359,2329,4.427843621753319,5
5359,2686,4.341023568851389,5
5359,3578,4.119048566200718,4
5359,3753,4.243640168279035,4
5359,3952,4.499068828258135,5
5360,48,3.0,2
5360,3157,3.0,4
5361,434,3.3631688160354964,1
5361,1010,3.9160857091446637,4
5361,1043,3.0,3
5362,1941,3.0,3
5362,2066,3.755066043408086,4
5362,2713,3.0,3
5363,1094,4.515235506884774,4
5364,111,4.312343150398545,3
5364,511,3.0,2
5364,922,4.079143045254384,4
5364,1476,4.269927463673967,3
5364,1641,4.251953854280519,4
5364,2002,4.020542532874857,4
5364,2054,4.062852892936513,3
5364,2081,4.179250427037038,4
5364,2404,3.472988628994095,2
5364,2841,4.2225784007791605,5
5365,533,3.6636585461598665,3
5365,1059,4.122077775845258,5
5365,1100,3.765687590167515,3
5365,3477,4.262956058552477,5
5366,318,3.636836372949101,4
5366,1500,3.644000951663074,3
5367,17,3.2481420215842673,3
5367,100,3.0,3
5367,112,2.8945449222149993,3
5367,126,1.0,2
5367,204,1.8190457044580537,1
5367,405,1.6786663911282655,2
5367,432,1.8688296490822223,3
5367,434,2.800926850296593,3
5367,544,1.6465589200216206,1
5367,552,2.491863745103457,1
5367,961,3.0,2
5367,1055,1.0,1
5367,1101,2.905350882283944,3
5367,1148,3.633909547045669,4
5367,1210,3.242506331801262,3
5367,1221,3.8159407578903166,5
5367,1254,4.334388751596168,5
5367,1282,3.3477527270467005,4
5367,1320,2.7952889286273077,3
5367,1485,2.609860043482559,2
5367,1876,2.7134737967471523,1
5367,1960,3.9425834577400836,3
5367,1961,3.4254575734060038,4
5367,2106,3.0,1
5367,2134,2.7498067408000826,3
5367,2263,3.0,2
5367,2301,2.977379663115213,3
5367,2454,3.219971373139691,3
5367,2529,3.1915480451110754,3
5367,2717,2.4854337643494033,3
5367,2761,3.6650235529603776,4
5367,2800,3.0,1
5367,2822,2.0410076202024277,1
5367,2941,2.8694564791204495,2
5367,3159,3.0,5
5367,3871,4.0,4
5367,3947,3.0,4
5368,1374,2.8969019608326363,1
5368,1544,3.16889299266876,1
5368,1909,3.123088461263033,3
5369,150,3.7253952467079725,4
5369,265,3.536409014070843,3
5369,608,3.779049158408391,5
5369,1172,3.7662569074524206,5
5369,1288,4.04384563439158,5
5369,2124,3.9488332587908133,4
5369,3274,3.3345841950390263,4
5371,73,3.0,4
5371,306,3.0,3
5371,553,3.965758991790554,3
5371,589,4.065735045986624,4
5371,1198,4.197566185465808,4
5371,2435,3.0,5
5371,2700,4.392323937359715,4
5371,2716,4.172792530772479,5
5371,3194,5.0,3
5372,3052,4.331242712618235,3
5374,2336,3.654115730705793,4
5376,16,3.9974934408690714,3
5376,229,3.0,5
5376,356,3.8185997282671846,2
5376,1231,4.059933532792019,4
5376,2959,3.6874826431435013,4
5378,943,3.0,5
5378,1513,3.53756174409821,4
5378,2318,3.8035358409576547,5
5378,2861,3.0,2
5378,3174,3.7714571703662063,4
5378,3740,3.3744109894771097,3
5379,2882,3.0,4
5379,3033,4.104539850684443,4
5381,595,4.000219498684862,4
5381,1265,4.095003962993751,3
5381,1270,4.160474780009448,4
5382,2193,4.317590745120669,4
5382,3316,3.0,3
5385,2000,4.238646751415728,5
5386,1371,4.007321383076462,4
5386,1373,3.824982256087678,3
5386,1586,3.907260623280172,4
5386,2428,3.669886861038085,3
5386,2719,3.592736267657587,3
5386,2720,3.0,2
5386,3820,3.0,3
5387,15,3.0,3
5387,85,3.0,4
5387,260,3.875096733356833,5
5387,761,3.0,2
5387,1022,3.6525459787647194,3
5387,1036,3.8068320607280217,4
5387,1175,3.781344556536886,4
5387,1283,4.25724718832134,4
5387,1374,3.4049267260430516,4
5387,1897,3.0,5
5387,1959,3.98641901812325,2
5387,1960,4.028012392702657,4
5387,2001,3.3123511733813547,4
5387,2124,3.245060138379572,4
5387,2690,4.0,5
5387,2739,3.4489135677622618,4
5387,2871,3.994646551233062,4
5387,2947,3.926871958626491,3
5387,2950,3.4532303109536686,1
5387,3623,3.880798431406068,2
5387,3675,3.636914707174169,4
5388,1912,4.47663753728689,4
5389,2455,3.6065341419194414,4
5389,2699,3.6281176493757354,3
5390,235,4.1359896201091795,5
5390,982,3.0,4
5390,1240,4.050043427457802,4
5390,1556,3.5143554613357715,3
5390,1792,3.6636403029603057,4
5390,1945,4.683425059419636,4
5390,2167,3.8076272705148146,1
5390,2476,3.6944344411026693,3
5390,3704,4.064594542216789,4
5393,527,3.857441321946129,4
5393,953,4.034689571188721,5
5393,2291,3.735173192964804,3
5393,3261,3.5081386717485317,3
5393,3714,3.0,3
5394,18,3.0,3
5394,223,3.780148497958958,5
5394,296,3.757915077809024,5
5394,307,3.4765005986816346,4
5394,377,3.4481798457585637,3
5394,869,3.0,3
5394,999,3.0,4
5394,1010,3.0890461905320747,3
5394,1079,3.6087179348320535,3
5394,1542,3.0,3
5394,1599,3.0,1
5394,1635,3.957536959722684,4
5394,2003,3.334078027658732,3
5394,2046,3.1669840257233344,3
5394,2051,3.0,3
5394,2411,3.0403688500912898,3
5394,2450,2.893681909647904,2
5394,2502,3.734241682391058,5
5394,2804,3.6797466632015925,4
5394,3387,3.097543392835829,3
5394,3388,3.048408408865825,2
5394,3450,3.515611418840437,4
5394,3705,2.839900172236463,3
5395,141,3.970649785838945,3
5395,3176,4.097219232099573,4
5395,3785,3.0,2
5396,2100,4.1544705603370735,3
5397,1883,3.7766379972001536,2
5397,1947,3.942092248523971,4
5397,2072,3.2672367012076755,5
5397,2088,3.44674719358659,2
5397,2616,2.9364076319957064,3
5397,2727,5.0,4
5397,2986,2.250350900544657,2
5397,3396,3.7491765259629815,2
5397,3555,3.2713937848672705,2
5397,3755,3.3614190726089377,3
5399,1356,3.9157893252621507,4
5399,3578,4.1616891110370275,4
5403,1704,3.6471744820847896,4
5403,3053,3.0,5
5403,3421,3.5282580349126396,5
5404,150,4.010529716753704,5
5404,595,3.9533439765341742,4
5404,608,3.995919527806736,1
5404,912,4.124941064744208,5
5404,1094,4.010857098718574,4
5404,1263,4.195023032422603,4
5404,1302,4.101053740710158,4
5404,1307,3.895510046047237,5
5404,1961,4.02645989460837,5
5404,2028,3.9932573411981362,5
5404,2804,3.871780497087289,5
5404,3105,4.02178880308399,4
5405,25,3.83689874580453,2
5405,3783,3.0,4
5406,515,3.454881596498237,3
5406,920,3.329981318671735,4
5406,1954,3.3839861613445024,4
5406,2096,3.8546707271755283,5
5406,3072,3.533621579190324,4
5406,3157,5.0,4
5408,1097,4.076152763853833,5
5408,2193,3.9499112644571945,3
5409,2997,3.054518583572534,3
5410,2770,4.011136222077129,4
5410,2973,4.541897468071634,3
5410,3703,3.801873250364109,4
5412,68,3.0,4
5412,223,4.2542328673516625,4
5412,653,3.8707717253760165,2
5412,733,4.027952912529979,4
5412,908,4.419908623476187,5
5412,1371,4.0422294094514335,3
5412,2529,3.708208325090009,5
5412,3703,4.291310962348339,5
5413,1036,4.223229034692319,4
5413,1147,5.0,4
5413,1219,4.3704838419004925,4
5413,2329,4.368958653696804,5
5413,2951,4.281221545138994,4
5414,1278,3.679653018229085,4
5414,1978,2.489974205026366,3
5415,1060,3.523594478521694,5
5416,3708,4.0,5
5416,3714,3.0,4
5417,1654,3.0,3
5417,2454,3.2210447799635924,3
5417,2663,2.7341317274821795,3
5418,176,4.492137309061904,4
5418,553,3.3100757025316128,1
5418,1220,3.653898068799294,4
5418,1291,3.6257554408955306,4
5418,1374,3.7375917018767937,5
5418,2991,3.4872979130760515,4
5419,1912,3.9935918517447084,4
5420,631,1.554048720465748,2
5420,3549,3.5253428772712265,4
5421,1198,3.458242696150467,3
5422,367,3.5864092723289236,4
5422,1234,4.018872768088092,3
5422,2779,4.047982961922104,3
5422,2940,4.532485161392683,4
5422,3504,4.222569994414489,3
5423,1203,4.495840900842689,5
5423,1333,4.476432801290331,5
5423,2858,4.556858647654988,5
5424,1304,4.059715174867528,5
5424,2628,3.719591206977583,2
5424,2797,3.8027068658654013,5
5425,2706,2.7388367221559475,2
5426,494,3.5435185342267594,3
5426,724,2.7627891970461187,3
5426,1487,3.0,3
5426,1661,3.0,3
5426,2012,3.81496017747239,3
5426,3555,4.268001423445975,4
5427,1931,4.0,4
5428,32,4.30497105400607,5
5428,34,4.1954497551647,5
5428,353,3.867859757456767,3
5428,453,3.0,4
5428,647,4.317614174360693,4
5428,784,3.5569809096818603,2
5428,1573,4.2503815585860565,4
5428,2353,4.249350288733595,5
5428,2617,3.769391021472614,3
5428,3044,4.370353453190464,5
5429,1500,3.9043681113097115,4
5429,2141,4.2557451381263895,3
5429,2570,3.0,5
5430,539,4.373222802334387,5
5430,1035,4.192045552581516,4
5430,3555,3.620110567484175,3
5431,34,4.797621872968534,4
5431,539,4.076576288065777,5
5431,780,3.959578268346418,2
5431,1243,3.0,5
5431,2996,3.0,4
5432,1132,3.0,2
5432,1244,4.3842661891302495,3
5432,2028,4.06443766189665,4
5432,2764,4.501067317879038,3
5432,2951,4.062631478961642,5
5433,95,3.080389463052778,3
5433,170,2.907021545318327,3
5433,173,2.781064095710763,1
5433,494,2.9254538471298943,3
5433,541,3.1420140348799106,4
5433,608,3.5276489414700936,5
5433,1004,2.389747768164749,4
5433,1059,3.769526196704081,3
5433,1290,3.514357161429654,4
5433,1396,3.2814607449662465,4
5433,1597,3.1899107025872695,4
5433,1680,3.1760322067870446,3
5433,2329,3.8107803353393455,4
5433,2420,2.944653080929154,4
5433,3101,3.509000439591883,4
5433,3258,3.090863968034411,2
5433,3439,2.1293161951127613,1
5433,3618,3.0,3
5434,32,4.149879700696925,4
5434,260,4.256383776529393,5
5434,296,4.197520289997698,5
5434,1036,4.1103011213950325,2
5434,1079,4.071053192487734,5
5434,1357,4.074746924333953,3
5434,1653,4.118692214358702,5
5434,1916,4.3328136032075175,1
5434,2116,3.7952217832991546,1
5434,2248,4.183458209247017,4
5434,2324,4.227039710069136,4
5434,2996,3.0,2
5434,3476,4.424773541347277,5
5435,150,4.2006290058135525,5
5435,1356,3.8006213077663458,4
5436,380,3.332670451326346,4
5436,589,3.364408474543075,5
5436,1721,3.2165296791090383,3
5437,162,3.994014067328059,3
5437,919,3.7174995880676467,4
5437,1275,3.695568128552005,4
5437,2478,3.708913571186482,2
5437,2968,3.8245472917270784,4
5438,1097,3.6961922356414747,4
5438,2421,3.236923780111494,1
5440,728,3.0,5
5440,1923,4.2823311441951555,3
5441,2628,3.5784020559368894,2
5442,6,4.190331717200349,4
5442,296,4.157286807699452,5
5442,2571,4.235197753511934,4
5442,2683,3.6839361406401285,2
5443,7,4.121890197537011,5
5443,592,4.301795990953794,5
5443,610,4.296999425170819,5
5443,1199,4.284738522969901,3
5443,1370,4.288721565350166,5
5443,1457,4.413007144954796,4
5443,1476,4.1901544411924725,5
5443,1805,4.272317024638352,4
5443,2116,4.505989310857581,3
5443,2143,4.24312556899977,4
5443,2322,4.0002865229713125,2
5443,2455,4.339344601024489,5
5443,2528,4.212734569288243,5
5443,2724,4.510035678915661,3
5445,1196,3.7739766587388206,4
5445,3361,3.8229984208658365,4
5446,1954,4.701612155090931,5
5446,2300,4.610133579220726,5
5446,3734,3.0,3
5447,534,3.0,5
5447,919,4.360912973025587,5
5447,1088,4.071467699740108,5
5447,1410,3.0,4
5447,3108,4.221241488113783,5
5448,1206,3.5105359286992264,3
5448,1207,3.5364886428166957,3
5448,1367,3.0,3
5448,1371,2.997499501429307,2
5448,1947,3.6481613087940157,3
5448,2067,3.678251554816123,2
5448,2080,3.4179006025523746,4
5448,2877,2.0,3
5448,2926,3.4537198256819397,4
5448,3739,3.0,4
5449,1544,4.120004769180816,4
5449,1721,4.288751158498338,3
5449,3257,4.727773417596389,3
5450,17,3.5915698709824473,5
5450,356,3.0874928652803963,3
5450,357,3.3070400524477974,4
5450,608,3.273840587009751,4
5450,1371,2.9948105797776226,2
5450,2648,3.695937146038259,5
5450,3079,3.0,5
5452,112,2.729155319049113,2
5452,265,3.897931682682876,4
5452,292,2.968022018882722,3
5452,639,3.0,3
5452,1267,4.139945735642967,4
5452,1405,3.4548707864270556,3
5452,1573,3.124843058484586,3
5452,1612,3.0,2
5452,1876,2.9020274435982767,2
5452,2943,3.0,2
5452,3256,2.9572529877744587,5
5452,3424,3.88745928162211,4
5452,3528,3.1298592663558122,2
5453,329,3.838844249179657,3
5453,356,3.9221581144847324,5
5453,1196,3.9516210214489162,5
5453,1552,3.8429325851251357,2
5453,1620,3.577747151194543,3
5453,2094,3.9096946625469857,3
5453,2976,2.4527414728945174,3
5454,1193,4.125019502353843,5
5454,1198,3.6504014361253345,4
5454,2028,4.033316563459794,3
5455,168,3.527825165812789,3
5455,558,2.4945626962453793,3
5455,2490,3.9797238928147336,3
5455,3489,3.801783991433219,5
5457,1090,3.6297681574346834,5
5457,1396,3.5017741202836157,4
5457,2532,2.985562935732207,3
5457,3108,3.780976731692668,3
5457,3868,3.7538840655317327,5
5458,25,3.911164565974455,3
5458,527,4.0252789946226875,3
5458,535,3.8931663674376797,3
5458,1824,3.0,3
5458,1912,3.611508188344781,5
5458,2333,3.994068207346738,5
5458,3252,3.6301727664071963,2
5458,3448,3.821837104492675,4
5458,3481,3.9715283707604945,3
5458,3578,3.9311303929690675,3
5459,333,3.9496040953025036,4
5459,374,3.495056037054262,3
5459,597,4.105094113162399,5
5459,1219,4.015781711696899,1
5459,1717,3.682371461820116,5
5459,2042,3.747352774260971,4
5459,2516,3.0,4
5459,2881,4.113090076972907,5
5460,1197,4.464880467945924,5
5460,1198,4.569595301681183,5
5460,1639,4.479884937360222,4
5460,1730,3.0,4
5460,2599,4.484562194253298,4
5461,916,4.0,5
5463,908,4.254833832392267,5
5463,924,4.214940371729989,4
5463,963,3.0,3
5463,1103,4.33112303530004,4
5463,1169,3.0,4
5463,1415,3.0,4
5463,1533,3.0,4
5463,3421,4.228695916269117,4
5464,1132,3.0,5
5464,1254,4.64649592809664,4
5464,2611,3.0,4
5465,2683,2.7113704068487636,3
5466,6,4.089604573440535,5
5466,923,4.2739883464598325,5
5466,969,4.308819469408541,4
5466,1261,3.4845758603475256,5
5466,3435,4.496800127167126,5
5468,544,2.0,3
5468,1191,4.0,2
5468,1221,3.8308375005360817,5
5468,1270,3.5789778516702775,4
5468,1372,3.3936982393347246,4
5468,2058,3.3830528480865154,4
5468,2406,3.4479756814507145,3
5468,2949,3.553761194931341,4
5468,3079,3.0,4
5468,3255,3.3578871852409926,3
5468,3408,3.8744795016491156,3
5469,95,3.839312665452103,3
5469,1573,4.081413680375653,3
5469,3256,3.757157754029214,4
5470,1569,3.920001185622886,2
5470,2018,3.786964598400852,5
5470,2762,3.9112088298172347,4
5470,3019,3.9980489281019986,4
5470,3030,5.0,4
5471,2114,4.0,5
5472,353,2.7656770389442484,2
5472,596,3.5436622571590095,4
5472,731,3.0,2
5472,1028,3.0532952306752437,4
5472,1304,3.113471439378443,3
5472,1954,2.94915304963373,2
5472,2628,2.7549276175275623,5
5472,3360,2.8249507603472734,4
5472,3633,3.6091057324462685,4
5472,3682,3.296634413249241,3
5473,50,4.069168578653155,5
5473,380,3.98042637385422,3
5473,597,4.048498137460667,4
5473,924,3.9726954892191304,4
5473,1200,3.9771035920406104,5
5473,1371,3.888476611303414,3
5473,2872,4.027854173457885,4
5475,318,4.245816915089617,5
5475,608,4.303108539266878,5
5475,1179,4.467214875360608,3
5475,1230,4.644857707296416,5
5475,1276,4.53634867541553,5
5475,2301,4.280820301021099,5
5475,2391,4.297467851474067,4
5475,2779,4.3761974930168215,4
5475,3308,4.245346307566786,3
5475,3505,4.203629489004605,3
5476,2076,3.7154882548304125,5
5479,1179,3.755205686847384,3
5479,1617,3.8033464333533984,5
5479,3253,3.5634078827197686,3
5480,3257,2.311137446146974,3
5481,5,3.0,3
5482,101,4.0,4
5482,150,4.12985386901582,4
5482,368,4.049270660362543,4
5482,778,4.29490809469567,4
5482,1060,3.778408359482248,5
5482,1247,4.255818159464614,4
5482,1291,4.139989154284376,4
5482,1347,4.304682175837376,4
5482,1407,4.1784379612891405,4
5482,1594,4.183182737954766,3
5482,1673,4.2300487958901805,4
5482,2166,3.0,4
5482,2778,3.0,3
5483,144,3.0,4
5483,590,4.265395665326201,5
5483,1190,3.0,4
5483,2004,3.1966963693172117,2
5483,3248,2.8920408566607017,3
5484,1090,4.644661095602502,4
5484,2707,4.0,4
5484,2921,4.482754176737731,4
5485,509,3.6475251454109836,4
5485,1028,3.899150705542798,5
5485,2495,3.0,5
5485,3548,3.0,3
5486,910,4.55507806424009,3
5486,1179,4.357438115116321,3
5486,1617,5.0,5
5487,1270,4.6123210370221575,5
5488,1339,3.0575681455106816,2
5488,2059,2.0,1
5488,2312,3.755607504850444,4
5488,2333,4.387599017587258,5
5489,318,4.35250760368493,5
5489,441,4.422626049961299,5
5489,2628,4.0755259394483785,3
5490,48,3.5415543732096246,1
5490,70,3.384944203138002,4
5490,160,3.538590571582383,2
5490,590,3.512613009753984,3
5490,661,3.6946622606682813,2
5490,1198,3.2826721839687787,5
5490,1544,3.46862284315622,4
5490,1907,3.6367222148189797,3
5490,2328,3.2162556888746385,3
5491,76,1.0,3
5491,1213,4.029201810637474,5
5491,1527,3.6898576209535925,3
5491,2571,3.806222531516803,5
5492,441,3.071177433542449,2
5492,903,3.6944393740199524,3
5492,2771,3.0,1
5492,3053,3.0,1
5492,3536,3.9853064338854125,4
5493,6,3.6642251330172537,4
5493,117,3.0,3
5493,216,2.869923216890454,1
5493,278,3.0,2
5493,333,2.877163084214146,1
5493,456,3.0,5
5493,608,3.9033707220273164,5
5493,806,3.0,3
5493,969,4.280836286056446,4
5493,991,3.0,4
5493,1343,3.8103738755170626,4
5493,1912,3.8845458576854632,3
5493,2236,3.0,2
5493,2324,4.048445912046934,5
5493,2621,3.0,2
5493,2739,4.134386037888315,5
5493,2976,4.273870221105187,5
5493,3510,3.3279420286075068,3
5493,3536,3.6709674538558,4
5493,3706,4.397737393764896,4
5494,21,3.7028014600240704,3
5494,898,4.190034051931668,4
5494,910,4.00641060059266,5
5494,1801,4.025667505564205,3
5496,45,3.955751938425477,5
5496,260,3.7780236456856415,4
5496,1127,3.7617584676382667,4
5496,3160,3.8359468349115855,2
5497,1127,3.7373762915071014,3
5497,3082,3.512203409832712,4
5497,3424,4.490597566461472,5
5499,223,4.600849839053875,5
5500,233,3.0,5
5500,846,3.0,4
5500,3418,3.878194279541522,4
5501,1,3.6606123915088005,4
5501,174,1.0,1
5501,188,3.0,3
5501,1425,3.0,5
5501,1944,4.40684893556698,3
5501,2193,3.1435405462730066,3
5501,2248,3.941579107308653,4
5501,2539,3.2700742592659933,3
5501,2581,3.426127508619623,3
5501,2798,2.0069240351885105,1
5501,2879,1.0,1
5501,2891,3.0,4
5501,2944,3.8631973755309668,4
5501,3243,2.582425248727735,2
5501,3367,2.0,2
5501,3476,3.692150945096004,1
5502,543,3.76358753308875,3
5502,593,4.026777505086556,4
5502,1228,4.377965385091976,4
5502,1508,3.0,5
5502,1801,3.377063919814731,3
5502,2385,3.0,2
5502,2581,3.719435597352965,3
5502,3081,4.0831327532023804,3
5502,3113,4.521229152815118,3
5502,3682,4.147016300159821,3
5503,2858,3.937505553140786,5
5504,329,4.004654376007437,4
5504,1234,4.52401075255846,5
5504,1391,3.955242457100635,4
5504,1688,5.000000000000001,4
5504,1963,4.389444087769114,5
5504,2105,4.269881839844344,5
5504,2259,4.001674380933479,1
5504,2268,4.245169140822723,5
5504,2554,4.6118318687177755,4
5504,2640,4.0467170958047545,4
5504,3257,3.5216245515913593,5
5505,595,4.129029316555678,5
5505,1198,3.6498884984240747,5
5505,1248,4.102619759216406,5
5505,2089,4.223720061727917,4
5505,2096,4.168645489021365,4
5506,3578,4.2719137546384784,5
5509,1210,3.402874658471164,2
5509,2442,3.0,1
5510,1200,4.091035374135609,4
5511,539,4.2619718906448,4
5511,1204,4.690066981591053,5
5511,1711,4.3958094690607865,3
5511,1792,4.100499774676709,4
5511,1798,3.0,3
5511,2001,4.022722389000391,4
5511,2081,4.335927999449043,5
5511,2108,4.450627276545019,5
5511,2133,4.224918478358948,5
5511,2496,4.0250608959684895,5
5511,2762,4.184634858919956,5
5511,2949,4.406504531939874,5
5511,3263,4.25833653591588,3
5511,3308,4.428113812889895,4
5511,3557,3.0,5
5511,3689,3.3205487232807367,1
5512,356,4.297161364442275,5
5512,736,4.311517248437575,4
5512,780,4.285713602371238,3
5512,1259,4.245088376331178,4
5512,1608,4.323089741859992,5
5512,2003,4.282099855421505,3
5512,2100,4.223061021968879,3
5512,2926,4.124907705692138,3
5512,3256,4.048128925321483,4
5512,3386,4.301913640436445,5
5514,1513,4.754545115496234,3
5515,2028,3.735471837489845,5
5516,1894,4.3476778953132795,4
5516,2006,4.143840731950793,4
5516,3317,4.0,4
5516,3510,3.997768361195585,4
5517,920,4.436818282933606,5
5517,931,3.897523109757146,4
5517,1024,3.9381888852386027,3
5517,1276,4.575715236490294,4
5517,1282,4.353751346860241,5
5517,2648,4.878842272398301,4
5517,3368,3.0,4
5518,671,3.9835937601571185,3
5518,1375,3.9556578845225365,4
5518,1376,4.088213540552685,4
5518,1573,3.806457803316267,4
5518,2628,3.9964486869764815,4
5519,29,3.055835907076709,5
5519,541,3.526715181295516,5
5519,653,3.277245742186815,3
5519,1091,2.938361259174271,2
5519,1286,3.0162744565132678,4
5519,1296,3.4904960184123826,4
5519,1350,2.9335372027192217,3
5519,1954,3.455430442311542,3
5519,2088,3.0838522496739924,2
5519,2328,3.0042394555590217,1
5519,2378,3.074193221992931,2
5519,2926,3.4103397146108514,4
5519,3169,3.9661399188698727,4
5520,349,4.039507113604293,4
5520,434,3.932625091756118,4
5520,1894,3.6918331579464017,3
5520,2858,4.156450568061857,4
5520,2916,4.084933407900203,4
5521,556,3.0,5
5521,1517,4.149687979653514,5
5521,2445,3.0,2
5522,36,4.383658420228097,5
5522,1266,4.0626421907378045,5
5522,1300,4.654107592708081,5
5522,1965,4.283337403820612,4
5522,2065,4.301745123871247,4
5522,2371,3.880285152707394,4
5522,2671,3.6727808553780323,4
5522,2915,4.05726045195918,4
5522,2968,3.9795185934088364,4
5522,3342,5.0,4
5522,3526,4.03117604722748,2
5522,3897,4.32192600334443,5
5523,379,3.7969480115068035,4
5523,1013,4.385711850526185,4
5523,1124,3.8381058209402137,3
5523,1214,3.8057451858150144,5
5523,1380,3.956755658293042,5
5523,1544,3.9480560238766103,4
5523,2404,3.684564127949076,4
5523,2701,4.119054179628234,3
5523,2797,3.8705637364404564,4
5524,926,4.015635240337426,5
5524,1113,3.0,5
5524,2324,3.6383431102971935,1
5524,3088,4.006246472248345,4
5524,3258,4.282784870228288,4
5524,3549,4.2225957355704695,5
5524,3606,5.0,4
5526,34,3.688418485674064,3
5526,912,4.111758577858522,5
5526,1227,3.839332264015928,4
5526,1686,3.0,3
5526,2023,3.731811985482291,4
5526,2024,3.0,3
5526,2612,3.0,5
5526,2728,3.5083921741623945,4
5526,3006,4.005035232508983,3
5526,3475,4.0,3
5526,3526,3.805069666059709,3
5527,1961,3.198210075844851,5
5528,2858,4.474463209845749,4
5528,3469,4.825738544763266,5
5529,3536,5.0,5
5529,3578,5.0,5
5529,3618,5.0,5
5530,70,3.1711745273399474,3
5530,216,2.4195277962645467,3
5530,361,2.602441834974811,2
5530,410,2.8436421492262864,3
5530,546,2.451525375148925,1
5530,724,2.343090818524725,2
5530,1131,3.0,5
5530,1225,3.7399997870910995,5
5530,1916,4.497452509576929,4
5530,2007,3.0,3
5530,2011,3.2892981202769738,2
5530,2641,3.254912802587685,2
5530,3095,4.23976187440938,3
5530,3418,3.513485509796308,5
5531,1291,3.9800560213439407,5
5531,1917,4.031151556234549,3
5531,2194,3.75772300398684,3
5531,3519,4.522935202873985,4
5532,1487,3.0,3
5532,2433,3.778283709929877,1
5533,1198,4.0,4
5534,941,3.0,4
5535,1247,3.970464916267572,4
5535,1261,4.491615463120255,1
5535,1376,3.810543361118531,4
5535,2401,4.0,4
5535,2921,4.477848943825307,4
5535,2951,4.288086638726317,4
5536,50,3.3372704335953656,4
5536,81,3.0,3
5536,225,2.8271351116557124,3
5536,377,3.0251441193066455,4
5536,491,2.9947606807985676,2
5536,539,2.9976891163605797,2
5536,605,2.752716892434718,2
5536,951,3.0,1
5536,1089,3.4045911587685276,3
5536,1188,3.422629690356802,3
5536,1198,3.2778033725825084,4
5536,1272,3.5253409356192935,3
5536,1627,3.002086247344113,3
5536,1658,3.0,3
5536,1726,3.0,1
5536,1785,3.0,3
5536,1876,2.8464071154333737,3
5536,1883,3.285889078010726,3
5536,2126,2.7489359306420247,1
5536,2871,3.5152272617632865,4
5536,2968,3.217257290500182,4
5536,3257,2.504327713939554,1
5537,2132,4.507078485262026,3
5538,908,4.110323411334534,5
5538,1962,3.6811765894697897,3
5538,2013,3.267906635204478,4
5538,2087,4.138136794900898,4
5538,2110,3.7737020135127253,4
5538,2392,3.0,3
5539,318,3.7702484924155097,3
5539,838,3.616189147118333,3
5539,1191,3.0,3
5539,1955,4.045181536289654,4
5539,2137,3.563611908729993,4
5539,2396,3.826004948652597,4
5539,2565,3.7194111325552504,3
5539,2973,4.359219692078458,5
5539,3114,3.616677231056953,4
5539,3125,3.0,3
5539,3210,3.4653387771917887,4
5539,3700,3.6547493219873277,4
5539,3871,3.0,4
5540,914,3.3424592115679577,5
5541,1252,4.3152499340752275,4
5543,76,4.338357038521103,2
5543,107,2.4902240655682357,3
5543,318,3.9055464842702805,3
5543,1025,3.1077941050656177,3
5543,1584,3.7809745988260617,5
5543,1907,3.2011405150088383,5
5543,2112,4.001340808381587,3
5543,2571,3.791956631594874,5
5543,3576,4.0,3
5544,1240,4.771237288637684,4
5544,2701,3.4884461693387845,1
5544,3156,3.0,3
5545,32,4.460969671195712,4
5545,111,4.430399680263346,4
5545,912,4.476029111073864,5
5545,2985,4.423680293343275,4
5547,539,3.7419195384553894,4
5547,2567,3.6114406642735166,4
5547,2581,3.728750796871331,3
5547,2616,3.394434199308431,1
5548,319,3.3261692028522507,1
5548,481,2.6326982274557036,2
5548,1365,3.0,4
5548,3254,3.473634578190466,3
5550,36,4.087850710565973,3
5550,593,3.9498765680061427,5
5550,648,3.8121106560426794,4
5550,1293,4.1561657805606,4
5550,1301,3.588586253940873,5
5550,1518,3.4936700755022003,5
5550,1909,3.6102135715979475,1
5550,2000,3.890353829965023,4
5550,2363,3.666331657174634,3
5550,2398,4.190029224823541,4
5550,2867,3.85118156968326,4
5550,3072,4.099156047372436,5
5550,3108,3.8488883364704876,3
5550,3251,4.0,2
5550,3623,4.053394957119147,4
5550,3699,3.7986183374319378,4
5551,2898,2.0,2
5552,1333,4.0090735179477255,4
5553,858,3.7231184869588247,5
5553,2804,3.6074385191031872,5
5553,2921,3.879476122935931,3
5553,2987,3.6816129644672304,3
5553,3635,3.5632210607678734,3
5554,1909,3.4573476727902137,2
5554,1997,3.7034981063283197,5
5554,2413,3.554775955115601,3
5554,2912,5.0,2
5555,23,4.0,2
5555,44,2.8014534430731377,4
5555,169,3.0,1
5555,459,3.036321863837637,1
5555,849,3.1360932077372365,2
5555,1032,3.4160783384090045,3
5555,1717,2.824357099261814,2
5555,1792,3.323705558170546,2
5555,2054,3.382426419097593,2
5555,2393,3.071229863286569,4
5555,2539,3.574345780024472,3
5555,3409,3.973407467085094,3
5555,3438,3.179989980189432,3
5555,3441,3.5526935256372876,2
5556,46,3.0191156051609926,3
5556,172,3.0434833392555944,2
5556,357,3.244185799232781,2
5556,661,3.7523976079406327,3
5556,1196,3.263927487286087,5
5556,1264,4.0,5
5556,1277,3.0,4
5556,1580,3.17970769371559,3
5556,1590,2.982117774185523,2
5556,1603,2.916413874715022,2
5556,2009,3.2692672182543965,4
5556,2029,5.0,3
5556,2065,3.4319454417118096,3
5556,2138,3.998036311454789,5
5557,162,4.7506356971384385,5
5557,1580,4.170512048764362,4
5558,1,3.1284987861163507,3
5558,367,3.254789519271695,3
5558,1032,2.304102074377392,2
5558,1371,3.332980197080243,4
5558,1588,1.9056326040215243,2
5558,2015,2.041236813672752,2
5558,2048,2.1544736253802834,2
5558,2087,2.389599454322315,2
5560,1097,4.311065691064603,5
5561,45,3.213270628362432,2
5561,300,3.2394236810553614,2
5561,346,3.0,3
5561,381,3.0,3
5561,525,3.0,1
5561,551,3.2211763918659835,3
5561,2506,3.0,4
5561,3418,3.4664864738201717,3
5561,3686,3.7268664316918065,1
5562,1641,3.6712001492063915,5
5563,1639,3.088269652173601,3
5564,3371,3.0,4
5564,3649,3.0,3
5565,329,4.050224236029924,4
5565,1393,4.20871703347323,5
5565,2028,4.265406659097226,4
5565,3536,4.7620551858562035,4
5566,260,3.792232332906877,4
5566,1371,3.1880171172045952,2
5566,2100,3.724356612159943,4
5566,2137,3.3221280359750147,5
5566,2407,3.5730648780468512,4
5566,3070,3.579362735497006,1
5566,3408,3.57439093578868,4
5566,3634,3.0,4
5567,950,4.357766089646286,5
5567,952,3.756785208388065,4
5567,1184,3.0,3
5567,1207,3.8212225820539865,5
5567,1242,3.811625870577443,4
5567,1678,3.5001815044261395,3
5567,1918,3.0421238812779476,2
5567,1962,3.7331879786504043,4
5567,2130,3.968463222866362,3
5567,2716,3.4682185317645526,5
5567,2953,3.2868514772089075,1
5567,3011,4.152508781513918,3
5567,3098,3.689590879064663,3
5567,3167,3.5376585523215365,4
5568,673,4.352487301004027,3
5568,1556,3.5233197722729455,3
5568,2405,4.136138332974755,4
5568,2710,4.499299340656406,1
5569,348,3.723296471745088,3
5569,1246,3.6450655379952965,5
5569,1302,3.6843500724899374,4
5569,2145,3.5663872781488526,5
5569,3244,2.6869585796075586,4
5569,3252,3.8671248894212726,4
5570,356,3.9786024899819354,4
5570,648,3.8208654302483014,4
5570,786,3.482445193894081,3
5570,1148,4.521690079549317,5
5570,1256,4.470172159755212,4
5570,1610,3.908520537780396,5
5570,1994,4.08612264289404,3
5570,2664,4.1891031628407145,3
5570,3674,3.0,4
5571,1176,3.0,3
5571,1262,3.6367457019512597,3
5572,2000,3.9562519237341496,5
5573,318,3.536580228628347,2
5573,914,4.3884613297403785,5
5573,924,3.740097340731278,3
5573,1172,3.639009557361743,1
5573,1247,3.793721543920476,5
5573,1288,4.4666475761179045,4
5573,2875,3.0,2
5574,1270,4.254292801069676,3
5574,1967,4.083012635617206,5
5574,1986,2.56252918922426,2
5574,1996,3.2696690980694916,2
5574,2003,4.022712069938304,4
5574,2123,3.64886060956751,3
5575,203,2.6794168433916585,3
5575,1265,3.3449334154706314,4
5575,1294,3.4990489364842357,4
5575,1353,3.010588963657015,3
5575,2013,3.3500910425703756,3
5575,2245,3.1695206634718227,3
5575,2688,3.1221063904636335,3
5575,2720,2.0,1
5576,62,4.358769677158907,4
5576,110,4.054924960407191,5
5576,204,3.680112910809483,4
5576,379,3.9781386465810256,4
5576,1010,3.868844791696255,4
5576,1032,4.094856220667765,4
5576,1359,3.621506411281713,4
5576,2081,4.099458748908331,4
5576,2882,3.0,5
5576,3639,4.308906492877876,5
5577,1754,3.0,3
5577,3639,2.2143968360831296,3
5577,3668,3.0,4
5578,1288,4.1759192472873785,5
5578,2791,4.1010668686081395,5
5578,2794,3.7461981578682186,3
5578,3005,4.4414355465457485,4
5580,260,4.137947292876864,4
5580,480,4.012761610650563,4
5580,908,4.493285645586688,5
5580,1377,3.9134809060587075,2
5580,1453,3.0,1
5580,1747,4.014881591312711,3
5580,1948,4.494298837180826,4
5580,2302,3.955463856245241,5
5580,2354,3.0,2
5582,2693,3.0,3
5583,553,4.109888259853603,5
5583,2771,3.0,4
5583,3441,4.299999034848699,2
5584,1321,3.429593593834865,2
5584,2553,4.358090656276879,3
5584,2651,3.9093943479169955,4
5585,589,3.6687054703467386,1
5585,971,4.533382632054377,5
5585,1617,3.627221669326439,5
5585,1680,4.494193178085687,4
5585,2076,4.164424146297197,5
5585,2248,4.0991031217301925,4
5585,2716,3.5765437548814925,2
5585,3250,3.0,3
5585,3550,4.0076541303894535,4
5586,318,4.295634650374021,4
5591,1704,4.508342883279797,5
5591,3052,4.5131127359793055,3
5592,1619,4.0,4
5592,2997,4.150049080982906,5
5593,2628,4.486329171951718,5
5594,1272,4.303996308961529,4
5595,1921,3.5142569361552556,3
5595,2353,3.191680965225291,3
5595,2617,3.010078033362484,3
5596,2100,4.2994490827375325,3
5596,2393,3.5170477281686185,3
5596,3653,3.0,2
5597,189,3.0,2
5597,968,3.0156006117160103,5
5597,1973,3.4317127290356817,1
5597,2804,3.4423296481666674,5
5598,589,4.197919228632834,5
5598,3623,4.376637406351137,3
5599,39,3.9025896829466236,4
5599,208,3.606613911245988,2
5599,852,3.6760834537297793,4
5599,1676,3.590669682251716,1
5599,1876,3.7240144165204363,3
5599,2002,3.7406279510679576,3
5599,3384,3.0,3
5599,3409,4.0,1
5599,3509,3.0,1
5599,3562,3.0,1
5599,3614,3.508701892693,5
5600,235,3.7055547508381617,1
5600,318,4.13869110045687,5
5600,440,3.8035857140413936,5
5600,539,4.291420997243881,5
5600,593,4.093048831948723,1
5600,848,3.0,3
5600,923,4.091597418636306,4
5600,1081,4.347893702874476,5
5600,1957,3.845780397960707,3
5600,2248,4.157192267657758,4
5600,3039,4.126285619011101,4
5600,3261,4.000147973982766,4
5600,3671,4.126766584429023,2
5601,3505,3.4229377232654445,3
5602,2710,3.668232303102299,4
5602,3897,4.444328396237798,5
5603,750,2.1726890287023926,4
5603,1196,2.2122494048419243,3
5603,1214,2.050501983775327,1
5603,1329,3.0,1
5603,1345,1.3313266468526863,1
5603,2065,3.8082823132685366,4
5603,2312,3.4986435283894455,4
5603,2638,1.0,1
5603,3526,2.6955287041800102,4
5604,500,3.243002522408953,4
5604,1238,3.5137450086791686,2
5604,1277,4.0,5
5604,2686,3.925236007844079,3
5605,288,3.19822859817242,5
5605,344,3.0401843945832185,2
5605,365,3.0,4
5605,534,3.3070213333724188,5
5605,616,2.9960897079062248,3
5605,742,3.698247813603738,2
5605,908,3.644360096243949,5
5605,968,3.3893096267417873,4
5605,1276,3.337726556273219,3
5605,1411,3.4373075277619005,2
5605,1835,2.9044221613528505,4
5605,2009,2.969945110815775,1
5605,2141,2.952180713905587,2
5605,2616,3.083176735558171,4
5605,2820,3.0,2
5605,2858,3.3426021133284936,5
5605,2967,3.0,5
5605,3578,3.2727892092780944,1
5605,3604,3.1949953601178374,3
5605,3830,3.0,5
5605,3844,2.0,3
5606,2858,3.926812677474107,2
5607,195,3.4978250352494276,1
5607,368,3.7359998045628915,4
5607,1136,3.6637441224279903,4
5607,1517,3.649234551432342,4
5607,1711,3.7384847120595066,4
5607,2567,3.657881504337329,3
5607,2700,3.730259086933187,4
5607,2709,3.0,4
5607,2797,3.7674063411496905,4
5607,2858,3.665332398949466,5
5609,926,5.0,5
5609,2784,5.0,5
5610,866,4.286807737176201,3
5610,3707,3.0,4
5611,2363,4.4879222596540185,2
5611,2459,3.0,4
5612,2712,3.6860736756760315,1
5613,2174,3.955437390744481,5
5614,158,2.5955885119472066,2
5614,215,3.0,4
5614,235,4.048596916489328,4
5614,1234,4.033291561072418,3
5614,1244,4.10006454033563,4
5614,1251,4.216937538288653,5
5614,1258,3.9837208202556367,5
5614,1343,4.2034563648599,4
5614,1544,3.9527576087527834,3
5614,1573,4.025336653425364,5
5614,1587,3.8361637341724553,4
5614,1653,4.187615334112795,4
5614,1711,4.190025076153725,4
5614,1779,3.876552151507522,3
5614,1950,3.789440625979581,3
5614,1954,4.019817678173065,3
5614,2321,4.0082651746899485,5
5614,2788,4.627248239649464,5
5614,3071,4.1265106596862395,4
5614,3072,4.1744101207296564,5
5614,3259,4.009044252463582,4
5614,3363,4.022424321692679,4
5615,2,3.238144240289015,3
5615,1136,3.666381458781059,5
5615,1180,3.0,4
5615,1244,4.2167774066953925,4
5615,1909,3.403934438654436,3
5615,3130,3.0,2
5616,910,4.320794834001167,4
5616,1080,4.237098243549689,3
5617,32,3.850439393449534,2
5617,260,3.858302918393087,5
5617,457,3.8074325078385045,4
5617,1196,3.8099284273793277,4
5618,733,4.050096702258032,5
5618,1580,4.043415310365926,4
5619,2025,3.0,4
5619,2161,3.5180472678990675,3
5620,380,3.7109291945177767,3
5620,1101,3.784527853372031,5
5620,1387,3.770747439364232,5
5620,2571,3.721986169912145,4
5620,3421,3.8525480154748974,4
5621,45,3.1944309649023266,3
5621,923,3.844491993934768,5
5621,1079,3.3282436144285343,4
5621,1090,3.335783174081309,4
5621,1099,4.0,4
5621,1408,3.1212398830229167,2
5621,1459,3.2621242467667813,3
5621,1923,3.0303224444293693,4
5621,2194,3.1289527443669107,5
5621,3176,3.2832837780246895,1
5621,3253,2.9450020529306205,3
5621,3421,3.2621565700967308,4
5623,588,4.176886229517883,5
5623,1036,4.1672343535631855,5
5623,1091,3.6513475004195834,3
5623,1449,4.35382749345236,5
5623,1653,4.254810920003461,3
5623,2041,3.0,4
5623,2336,4.443708735081245,5
5623,2371,4.024263983401987,5
5623,2792,3.753461003509307,2
5623,3260,4.574834928348317,4
5624,913,4.12363928805123,5
5624,2571,3.784172019164741,5
5625,2076,3.9271790009081644,2
5625,2746,3.7965288340759478,3
5625,3104,3.9975387068786103,4
5626,1266,4.4236327415516685,5
5626,1283,4.876807396702067,5
5626,1587,4.297894128895245,4
5626,1673,4.2340913639117055,4
5626,3137,3.0,5
5627,52,3.1765989701911868,3
5627,538,3.3324093285167358,3
5627,750,3.4817310377541455,3
5627,940,3.9136266254498944,5
5627,1148,3.5508317055845033,4
5627,1248,3.8045149760243664,3
5627,1345,3.009593124958659,3
5627,1393,3.2439865017935,3
5627,1405,2.619528918828314,3
5627,1948,3.519419423466945,2
5627,2401,3.3288849429834904,3
5627,3168,3.613901410445177,4
5627,3198,3.7243555860339015,4
5627,3429,4.0,3
5627,3526,3.284983950515604,3
5628,260,3.8126211772189995,5
5629,1333,4.584519428200436,5
5630,780,4.3415989863816895,4
5630,1201,4.598648689133984,5
5630,1566,3.7780317951484,4
5630,2384,3.6981087936864396,2
5630,3683,4.549886625955661,4
5631,1446,3.0,5
5631,1788,3.0,5
5631,3176,4.330255610776033,5
5633,2019,4.428915489545365,4
5634,158,3.6492477479801235,4
5634,692,2.0972385180535733,1
5634,1888,3.9816369454945626,2
5634,1923,4.187523800242055,5
5634,2571,4.053727365097016,5
5635,595,3.455477425199884,5
5636,193,2.0,1
5636,196,2.760117938658974,2
5636,440,3.2382106187141266,3
5636,506,3.0,4
5636,850,3.0,4
5636,1036,3.3964985428280534,4
5636,1257,3.056140711180719,3
5636,1288,3.5513533456278417,5
5636,1370,3.088989807494046,3
5636,1394,3.4402191894289835,5
5636,1882,2.4223171342462817,2
5636,2011,3.169162808968708,1
5636,2041,3.0,3
5636,2078,3.3507508430377086,4
5636,2110,3.4903366673075475,2
5636,2150,3.3621270660209093,3
5636,2348,4.097810164775069,3
5636,2611,3.0,4
5636,2702,3.0174851476006865,3
5636,3469,4.359119899279923,3
5636,3717,2.9302557014909945,2
5637,1126,3.0,4
5638,779,3.0,3
5638,1678,3.57310780878283,4
5638,2875,3.0,3
5639,3556,3.0,4
5640,2907,3.0,3
5641,265,3.5997798345795347,2
5641,539,3.452857406486067,5
5641,1888,3.4417576497503353,3
5641,3252,3.704436830988483,5
5641,3408,3.770033606553861,5
5642,60,4.0,4
5642,362,3.0,1
5643,164,5.0,4
5643,942,3.911436328269883,4
5643,949,3.0,3
5643,982,3.0,3
5643,1083,5.0,4
5643,1093,3.872280872496911,4
5643,1095,3.8686923660832075,3
5643,1213,3.7077267936151013,3
5643,1307,3.507206799353968,4
5643,1569,3.3653867886335327,4
5643,1610,3.441246467515463,4
5643,1713,2.408806870944997,3
5643,1805,3.592799077151981,4
5643,1835,2.9690389674421422,3
5643,1947,3.7381608474619563,4
5643,2015,3.4007215054909326,2
5643,2080,3.5119696345524742,3
5643,2247,3.5939550326263263,4
5643,2266,2.442688567040925,3
5643,2349,3.874381677222312,4
5643,2442,3.0,4
5643,2686,4.5002169074131855,4
5643,2696,3.0,3
5643,2915,3.6500204845910207,3
5643,2961,3.0,1
5643,3052,3.63549045168583,2
5643,3071,3.687647043331557,3
5643,3201,3.8589076112296303,4
5643,3264,3.07627402841701,3
5643,3551,3.820912347452266,3
5643,3604,3.273695865804336,3
5643,3683,3.8810930204426546,5
5644,48,3.5566564756278627,4
5644,500,4.304776756186454,5
5645,24,4.56796718435513,3
5645,110,4.596304641296924,5
5645,193,3.0,5
5645,380,4.526932906004453,5
5645,780,4.535747406949946,5
5645,954,4.3403945842933735,4
5645,1268,4.456798717953548,5
5645,1409,3.6724008850714243,4
5645,2028,4.605864098362974,5
5646,1387,4.133521986968726,5
5646,2115,3.916735346668602,5
5647,110,3.936623670237322,4
5647,2077,3.0,2
5647,2115,3.9841576487679973,4
5647,2526,3.0,1
5648,919,4.063340583378797,5
5648,2416,3.874400043152574,5
5648,2572,3.7707002916551207,3
5648,3147,4.722847852733713,4
5649,364,3.70163524625407,3
5649,497,3.885860477313129,4
5649,2571,3.7604125457283564,5
5650,661,3.7026054054385615,4
5650,858,3.3375698718898996,2
5650,1033,3.4061259862859448,2
5650,1193,3.383379000929038,5
5650,1396,3.333000457948572,5
5651,783,4.121699763113486,3
5651,1282,4.15497521819008,1
5652,110,4.145815481695997,5
5652,1093,4.592353927891379,5
5653,11,4.208347860067873,4
5653,1343,3.767576199590266,4
5653,2106,3.0,4
5653,2707,3.784123938663489,4
5653,2712,4.143435064891076,1
5653,2745,3.0,5
5654,24,3.918543710298343,4
5654,926,3.6577139087346313,3
5654,1307,4.106557804036157,4
5654,3576,3.7322142453358214,3
5654,3882,5.0,4
5655,832,3.805059708039018,4
5655,1367,3.0,4
5655,2294,3.605907424235401,4
5656,3091,3.0,4
5657,635,3.0,4
5657,1089,4.423909593403724,4
5657,1704,4.344774950732006,5
5657,3052,4.3425675992675625,4
5658,484,3.0,3
5658,1396,3.961122281982946,2
5659,1268,3.273386878734981,5
5659,1777,3.875008134520342,4
5659,2424,3.9641828965865393,5
5659,2628,3.394246094543643,4
5659,3145,3.0,3
5661,1,3.872784213117284,5
5661,50,3.800162311688779,4
5661,1199,3.5664198218338017,5
5661,1208,3.9213649671459687,5
5661,2067,4.169934569144368,3
5662,216,5.0,5
5662,367,3.8102335369550078,5
5662,1747,3.680188217356448,4
5663,165,3.7032730395555253,4
5663,2976,3.6179113626793984,4
5663,3108,4.016039933875554,4
5663,3256,3.822307947944787,4
5663,3260,4.097130430259492,3
5663,3555,4.189705823736615,3
5664,126,3.0,1
5664,480,4.276877888932941,4
5664,541,4.285170866262435,5
5664,1997,4.481937428350222,5
5664,2278,4.327395066518622,4
5664,2396,4.546579102810029,5
5664,2406,4.279276266850014,3
5664,3535,3.0,5
5665,924,4.381017439904331,5
5667,1580,3.9366728620676277,4
5667,2857,4.244871363897258,3
5667,3435,4.516673297079189,5
5667,3789,4.0,5
5668,708,4.061625492302516,4
5670,2710,4.763537764355863,2
5671,3148,4.8143845675720005,5
5672,2881,5.0,3
5673,969,4.11681693221711,5
5674,3267,3.834997931832996,5
5675,165,3.8383736004842373,4
5675,372,4.033330386529598,4
5675,441,4.043689888688625,4
5675,494,3.6459035918185383,4
5675,608,4.2157725219449205,5
5675,1127,4.091507709423135,3
5675,1208,4.318011863096357,5
5675,1265,4.13282960900803,3
5675,1346,4.0,4
5675,1485,4.002856698727163,3
5675,1590,3.595745171984336,2
5675,1641,4.1390438832022705,4
5675,1687,3.3335066134993805,4
5675,1747,4.159395559664091,4
5675,1810,4.160763010280822,4
5675,2028,4.190061575355996,5
5675,2688,3.676017315850182,3
5675,2690,3.0,3
5675,3347,3.0,4
5675,3751,4.237010871577525,4
5676,2997,3.7341057591389495,5
5677,16,3.405993303930603,1
5677,762,1.9992532472276912,2
5677,1206,3.5550750920823218,3
5677,1643,3.4701569241500687,4
5677,2302,3.40134267974866,3
5677,2405,3.26080205174019,3
5677,3168,3.854702924477676,2
5677,3252,3.6341481421459587,3
5678,373,3.0,4
5679,145,4.123783128594268,5
5679,593,4.621758543084943,5
5679,2363,4.905250316264383,5
5679,2490,4.267490834159258,5
5679,2985,4.3405579724201715,4
5679,2990,4.34558510685076,4
5679,3153,5.0,5
5679,3275,3.0,4
5679,3635,4.676833118686404,4
5680,746,5.0,4
5680,1078,5.0,3
5680,1676,2.7364875411406357,2
5680,2187,3.0,4
5681,1136,3.8409552055418192,4
5682,100,3.0,3
5682,543,4.285366834988418,4
5682,810,3.0,1
5682,1198,4.051556070580662,5
5682,1200,4.249808358922767,4
5682,1266,4.385445431097592,4
5682,1474,2.480585623779775,1
5682,1513,3.9911906587987716,3
5682,1597,4.226845702117587,5
5682,1863,3.0,2
5682,1866,3.9982151542576823,1
5682,2023,4.47833817211201,4
5682,2978,3.0,2
5682,3316,3.0,3
5682,3327,3.0,4
5682,3439,3.2220469376158087,3
5682,3513,4.0,4
5683,1270,3.779568523214901,4
5683,1580,3.740713921594894,5
5683,2273,3.5800454154448014,4
5683,3257,3.414158970886241,5
5683,3408,4.279415255660866,5
5684,29,4.119700359419268,5
5684,86,3.0,4
5684,125,4.35623632119479,4
5684,198,3.5345082516319004,3
5684,421,3.0,4
5684,480,3.6225722900206807,3
5684,1031,3.23878354557274,5
5684,1089,3.879115973602186,5
5684,1216,3.0,2
5684,1279,5.0,5
5684,1373,3.3056636271348654,1
5684,2171,3.0,3
5684,2173,3.0,5
5684,2275,3.0,2
5684,2393,3.293735601427855,1
5684,2772,3.0,1
5685,2396,4.088933335207841,4
5685,3176,3.5595415720100547,3
5686,165,2.168953234508088,3
5686,339,1.8944312308880957,2
5686,371,3.0,2
5686,539,2.09099876171342,2
5686,1256,2.5742971939677446,3
5686,1414,3.0,2
5686,1500,2.437128610517137,4
5686,2170,3.0,3
5686,2302,2.261843032898493,1
5686,3035,2.0775399972403075,1
5686,3083,3.0,2
5686,3113,2.0209855256797318,3
5686,3256,2.209771749547445,1
5687,329,3.2819153736990128,3
5687,2406,3.702590313790098,3
5688,377,2.929942344678008,2
5688,1333,3.2839594652809696,3
5689,7,3.402308606995998,4
5689,953,4.053564939995218,4
5689,1356,3.605638856376949,2
5689,1625,3.9105401832343536,5
5689,1914,3.0,5
5689,2028,3.9488542413918903,5
5689,2236,3.0,2
5689,2328,3.0,2
5689,2423,3.789745112156954,4
5689,3104,3.9472376757904217,3
5689,3526,3.834518114228919,4
5689,3552,3.8793858754364785,4
5689,3753,4.190281998298006,5
5691,1017,3.0,5
5691,1373,3.937348150803645,5
5691,1777,4.407362443912546,4
5691,2135,4.7485556150161,4
5691,2471,4.176263249943636,4
5691,2478,4.3631457708073516,3
5692,2759,4.0,3
5695,480,3.2967285249313,3
5698,527,3.9146077296267383,5
5698,593,3.8833185127282492,5
5698,908,3.957744567973521,5
5698,1080,3.860922917148212,4
5698,1388,3.0876183147225125,2
5698,1394,3.889337523821863,5
5698,2140,3.5768678439844788,3
5698,2405,3.6308050847093503,3
5698,2423,3.6539845858806657,3
5698,2654,3.3572272836732737,5
5699,587,3.3375205225097275,2
5699,608,3.610260470741955,5
5699,879,3.250553698327534,3
5699,903,4.049311021811904,4
5699,1240,3.3043920385321774,4
5699,1301,3.1364487221400568,5
5699,1334,3.044027513298872,3
5699,1346,2.5905737985480135,3
5699,2138,1.6831678433129513,3
5699,2167,3.012169206614486,3
5699,2305,3.0,3
5699,2346,2.977495345296173,1
5699,2352,3.8228310351680896,3
5699,2365,2.5052234646610763,2
5699,2371,3.4696232963535416,3
5699,2836,3.0,3
5699,3156,3.0,1
5699,3421,3.524190785347036,2
5700,39,4.734319541771907,5
5701,1214,3.6023494169269434,5
5702,306,4.0,4
5702,534,3.4709965364053,2
5702,1094,4.003205862892042,5
5702,3224,3.0,5
5703,1214,3.621755265699311,5
5703,1690,3.032539556630535,1
5703,3024,3.0,2
5704,2355,4.293337208963034,4
5705,1722,3.9164634272929217,3
5705,1917,3.953130095791976,4
5705,3082,3.178684484775767,3
5706,2005,4.252658587695249,5
5706,2100,4.16954186010424,3
5707,52,4.812833922895576,4
5707,1294,4.382623727005423,4
5707,3499,4.252220081221804,4
5708,1206,3.1695502938803193,3
5708,3306,3.0,4
5709,6,3.9427875349269272,5
5709,912,4.33810014761597,5
5709,1608,3.8010283414794666,3
5709,1997,3.9022496058915066,4
5709,2571,3.887228748021878,4
5709,2872,3.9677217088764714,5
5709,3576,3.5887893808469418,5
5709,3763,3.8058399487184222,3
5710,1834,4.104324142359514,3
5710,2394,3.0,3
5712,2490,3.4730550941153706,5
5713,2359,3.5420292495005117,4
5714,3005,4.655624923605633,4
5714,3623,4.117635845141237,4
5715,1214,3.8419902521096723,3
5715,2916,3.83218470364065,4
5715,3638,3.588394023620516,1
5716,69,5.0,4
5716,1208,4.247534703307314,5
5716,1912,4.19007444991643,4
5716,2912,4.709855206779399,4
5717,25,3.9147514481134067,4
5717,303,3.3018726519456947,5
5717,913,4.015195730875537,4
5717,999,3.0,3
5717,1197,3.819072673364334,4
5717,1270,3.827214891718617,4
5717,2700,4.0041813458403315,3
5717,2959,4.080411905211003,5
5717,3039,3.8004186478965356,4
5717,3267,3.912308112348485,3
5718,1089,4.377142504967199,4
5718,1266,4.454022343763616,4
5720,288,3.1067424405339485,4
5720,1394,2.951673575297943,2
5720,1513,2.5110594675728515,1
5720,1653,3.1884621010938727,3
5720,1674,3.0004354652116763,1
5720,2011,3.0016494141336243,2
5720,2194,2.877330568822046,3
5720,2371,2.7601356113329785,3
5720,2826,2.9372316874116637,3
5721,1178,4.357985746518443,5
5722,306,2.0,5
5722,551,3.767260432145881,4
5722,1038,3.0,3
5722,1230,4.397834455392817,5
5722,1955,4.161900638771881,4
5722,1956,4.28288056037354,3
5722,2014,3.010669518814308,4
5722,3093,4.712626382106658,5
5722,3379,3.0,2
5722,3645,3.0,5
5723,6,3.8598293348819452,3
5723,1416,3.0,2
5724,1292,4.172160730577152,4
5725,3005,3.0,4
5725,3300,3.0,4
5726,516,4.0,4
5726,1270,3.9033789924667377,3
5726,2818,3.0,2
5728,316,3.6730379273797733,5
5728,339,3.5687551384898666,3
5728,1356,3.634209768707096,3
5728,1772,3.0,3
5728,2642,3.475635476994737,2
5728,3361,3.739193797430532,3
5729,2617,4.051581457579675,4
5729,3608,3.2555503240157613,4
5730,357,3.5395720093348975,4
5730,1210,3.658870899830313,5
5730,1513,2.8654835200342985,2
5731,457,4.3373389217149905,5
5731,2000,4.349504510860727,5
5731,3153,3.0,5
5732,253,3.995237361210013,2
5732,940,5.0,3
5732,1197,4.005344090678643,5
5732,1259,3.9156449440826915,3
5732,1265,4.027485407568992,2
5732,1617,4.294275813373213,3
5733,2692,4.318798368522532,5
5734,1,4.0373574731054,4
5734,1393,3.8928110657071073,4
5734,2289,4.1941840301549655,3
5736,1148,4.250850439009046,5
5736,1196,4.427850769860292,5
5736,1617,4.4749707944353405,5
5738,110,3.3926238244228153,2
5738,1093,3.5196354567728965,4
5738,1136,3.5400977710876242,4
5738,1221,3.6168552548175974,4
5738,1374,3.2241711285764394,4
5738,1378,3.2419643655678057,4
5738,1970,3.0835134973365124,1
5738,2119,3.7002324636367754,3
5738,2327,3.0231337402861422,3
5738,2515,1.9162215371522677,2
5738,2548,2.3708405015113825,1
5738,2643,2.1511703836938123,1
5738,2761,3.751137202419326,4
5738,3389,1.0,3
5738,3512,3.0,4
5739,1101,4.0608464304734815,3
5739,3362,4.766290764738425,4
5740,2054,2.336048457028736,1
5742,1,3.8651056886713957,5
5743,1198,4.415132325370473,4
5743,1270,4.260762017054666,3
5744,1017,4.042298309337284,4
5744,1197,4.059796283088661,5
5744,1212,4.506641088087046,4
5744,1376,3.98743536326727,3
5744,1408,4.0993860888014995,3
5744,1441,4.051952776207511,3
5744,1453,3.0,1
5744,2094,3.8675996876770617,3
5744,2398,4.283436694992602,4
5744,2530,3.254294375365357,3
5744,2596,3.0,4
5744,2796,3.169239844774098,2
5745,2572,3.5749308804179125,3
5747,147,3.0,4
5747,223,3.6789963805872574,4
5747,996,2.7450419846434704,3
5747,1479,3.0524355331218196,3
5747,1653,3.7639186257458572,5
5747,2312,4.078081781834686,4
5747,2386,3.0,1
5747,2396,4.147501722311358,5
5747,2542,3.985321994937294,4
5747,2808,2.4232807567491763,1
5747,2886,3.0,1
5747,2905,5.0,5
5747,3273,3.0225864444855,1
5748,3578,4.441265411905405,5
5749,45,3.5788756650104494,5
5749,121,3.0,5
5749,480,3.4647524523624234,3
5749,896,3.0,5
5749,994,3.9908069788206775,5
5749,1332,4.0,1
5749,1472,3.0,4
5749,1480,3.0,3
5749,1889,3.0,5
5749,1910,3.0,4
5749,1953,4.472899933449728,5
5749,2278,3.479114101750377,3
5750,919,3.5305092929222335,4
5750,923,3.5995471281975018,5
5750,1617,3.2012443001497544,3
5750,2000,3.195265194887958,4
5750,3362,3.5607253555046623,4
5751,2761,3.0188092547120156,3
5751,2828,3.0,3
5751,3354,3.4770200520719867,4
5752,480,3.84900068802679,3
5753,163,4.297721580987598,2
5753,2628,3.8173990215983182,4
5753,2712,4.849711687928809,4
5754,327,2.984754343124303,3
5754,919,3.34284698611118,4
5754,924,3.5122147830104886,4
5754,1569,2.951428096130373,2
5754,1611,3.693205114412158,4
5754,1693,3.0,3
5754,1730,3.0,3
5754,2115,3.058969301237654,4
5754,2858,3.390689980048802,5
5754,3254,2.681043465992868,2
5755,14,3.0,3
5755,36,3.9955149472432767,3
5755,43,3.0,2
5755,60,3.0,3
5755,147,3.0,3
5755,380,3.417415711433253,4
5755,456,3.0,5
5755,930,4.208612263551807,5
5755,1093,4.3352382527111155,3
5755,1282,3.6481735497965184,5
5755,1441,3.3978377024725943,3
5755,1673,3.9208640235084338,5
5755,1857,3.0,2
5755,2252,3.0,3
5755,2433,4.289939079027267,3
5755,2567,3.084440754218516,3
5755,2640,3.8607557872948437,4
5755,3070,3.877135430795091,4
5755,3168,4.202044676884931,3
5755,3518,3.0,3
5756,1225,4.044808266288898,5
5756,2858,4.291020267185742,5
5757,1258,4.144630583092793,5
5757,1407,3.769094528741498,2
5757,3504,4.670418342419133,5
5758,1894,3.611554702749692,3
5758,2206,4.926563638857043,5
5758,2797,3.356730098014719,5
5758,3404,3.0,5
5759,34,4.278926385760282,5
5759,151,3.6520951030403337,4
5759,278,3.0,3
5759,442,3.4347952575978553,3
5759,480,3.7231761077634427,3
5759,546,2.786836023939801,1
5759,779,3.0,4
5759,781,3.0,4
5759,1047,3.1458487153213825,2
5759,1250,4.2530474701492205,4
5759,2692,4.408516456782905,4
5759,2997,4.066854429395515,4
5759,3414,3.0,4
5760,410,2.3770364765992085,2
5760,562,3.787665541441208,5
5761,19,2.947891071045465,3
5761,125,3.376580072009923,4
5761,232,5.0,3
5761,710,3.0,2
5761,2108,3.887359710254769,2
5761,2124,3.8211341538246733,4
5761,2381,2.3487911795197607,1
5761,3253,3.7034938368185535,4
5762,1019,3.869964411936657,5
5762,2967,3.0,5
5762,3244,4.146960139337601,3
5762,3504,4.333540465010893,4
5763,39,3.447377594012343,5
5763,150,3.533308531861428,4
5763,175,3.9954334532924896,1
5763,438,5.0,1
5763,800,3.8472179233044677,5
5763,1127,3.4315562400596846,5
5763,1279,5.0,1
5763,1288,3.673726740816773,5
5763,1586,2.817315184840865,1
5763,1587,3.0074114841572794,2
5763,1959,4.023121269004784,4
5763,2352,3.7656612330680024,4
5763,2677,5.0,5
5763,2767,3.0,1
5763,2882,3.0,1
5763,3071,3.4412239943778538,3
5763,3168,3.80896553740513,1
5763,3244,3.728738824614289,4
5765,377,3.6513703681120684,3
5765,1197,3.4932272781641465,5
5765,1876,3.124798615921589,3
5765,2001,3.5693819381981275,3
5765,2376,3.301962063440977,3
5765,3210,3.444625468475546,4
5766,480,3.7669963898477117,5
5766,590,3.80748551766717,5
5766,2324,3.617774521737836,4
5766,2908,5.0,2
5767,198,3.3636393720480666,3
5767,434,4.047447249044942,4
5767,541,3.7658201033632728,5
5767,866,4.148048498944687,4
5767,1261,3.700410680365781,3
5767,1378,3.971598078778539,5
5767,1389,3.6296206533698334,1
5767,1620,4.09701263513604,5
5767,1978,3.219367054288546,3
5767,2105,4.001788483714066,2
5767,2149,3.676868370741067,3
5767,2628,3.67759419096007,5
5767,3147,3.845091208996543,5
5768,3099,4.6235505601749995,4
5769,426,2.5130736904599607,4
5769,2916,4.199878399007037,4
5770,953,4.521012516967006,5
5770,2804,4.112197894122035,4
5770,3508,4.500082909263358,4
5771,1247,3.7202577169128856,3
5771,1976,2.0559008236898135,1
5771,2259,3.5039530556955367,4
5771,2450,3.749055241432632,1
5771,2471,3.330468370217885,4
5771,3032,3.034647105614905,3
5771,3481,3.7535406566939344,4
5772,110,3.4906975231134445,4
5772,2989,3.957562960563392,3
5774,1291,3.90042593826136,5
5775,540,3.3322027052144825,3
5775,1425,3.0,4
5775,3252,3.817269269794306,4
5776,442,3.7305035240283546,3
5776,849,3.690033427288939,3
5776,1370,3.8427913889768925,3
5776,3617,3.33624324413981,4
5777,293,4.1460914206243915,4
5777,2366,3.879420265307068,5
5777,3146,3.0,1
5778,2116,4.440369539856643,4
5779,592,3.61350763925641,3
5779,628,3.6433040346594856,4
5779,1663,3.872664528287897,4
5779,2616,3.15054681682862,3
5779,2948,3.475347904291012,3
5779,3082,3.1752366769248273,2
5780,122,3.0,4
5780,500,3.801577488873695,4
5780,1093,4.191863460467175,3
5780,1479,3.9517556570731225,4
5780,2023,4.072533067806542,5
5782,2375,3.6135689392457344,4
5782,2420,3.7897995418787924,4
5783,222,4.486646845801614,1
5783,543,4.607180327485159,4
5784,2037,3.0,4
5784,2706,3.602199733173088,5
5784,2762,3.618826651294858,5
5785,589,4.486775757947571,4
5785,908,4.640317992189219,4
5786,372,3.555239009400818,4
5786,1617,3.6072428787150406,5
5786,2110,3.4063310068971084,3
5786,2369,3.5293268851555912,2
5786,2798,1.0,2
5786,2858,3.8776711088415694,5
5786,3421,3.699572388101574,3
5786,3510,3.7391722307991424,5
5787,898,4.265841382824053,5
5787,1394,3.7469100340643084,3
5787,1562,3.395786895250911,2
5787,2080,3.8540083098994202,4
5787,2203,4.388379371025225,5
5787,2857,4.333378214550508,3
5787,2872,3.856830088761203,4
5787,3461,3.0,4
5787,3521,4.0,5
5787,3685,4.124277573949699,3
5787,3834,3.0,3
5788,11,3.4411948010994724,3
5788,288,3.3056516661176976,5
5788,438,2.5205983950724073,3
5788,486,3.0,1
5788,505,3.0,2
5788,597,3.2992012919646685,1
5788,1028,3.8661066457762203,4
5788,1526,3.0,1
5788,1599,3.0,1
5788,1876,3.0172435083999085,1
5788,1974,2.736814952401962,2
5788,1976,2.7079040424148126,1
5788,1991,2.4909047178692303,2
5788,2002,2.9572959687537677,2
5788,2041,3.0,1
5788,2121,2.981865957049068,2
5788,2356,3.0,4
5788,2589,3.0,3
5788,2712,4.4796441860667455,5
5788,2901,3.2396937556784566,4
5788,2918,3.636840792425264,4
5788,3013,2.5060859602214083,4
5788,3108,3.9485054035324767,4
5788,3274,2.6823438443033467,2
5788,3358,3.920751764850508,4
5788,3433,2.1391596928994234,2
5788,3500,3.0,4
5789,971,4.0,4
5790,919,3.859639062074886,5
5790,2863,3.909458573471693,4
5790,2891,3.0,3
5791,2683,3.8387152789701053,3
5792,25,3.9698362763133983,5
5792,110,3.926165701371992,4
5792,253,3.670870414528869,3
5792,1093,4.162695411086908,3
5792,1956,4.33589013165065,4
5792,2124,3.4343899396291806,1
5792,2318,3.619282779368965,5
5792,2883,3.0,4
5792,3107,3.7819065623765713,3
5792,3261,3.2270310681338414,3
5792,3386,3.869260636985919,4
5793,2802,3.0,4
5794,252,4.048679007867203,5
5794,930,4.831632571381791,5
5794,955,4.590623609101535,4
5794,1269,4.651785212569125,5
5794,1405,3.4793723288742586,1
5794,1569,3.9893736319776285,4
5794,2014,3.954254191241985,2
5794,2302,3.9517256168773947,4
5794,2872,4.016282780152603,5
5794,3037,4.6145095145207184,5
5794,3385,2.5950940783444225,3
5795,21,3.6579407727871973,4
5795,36,4.475667878993758,5
5795,64,3.0,1
5795,71,1.0,1
5795,357,4.149012516580052,4
5795,587,3.482578869031992,2
5795,592,3.7467541266891526,5
5795,743,1.0,1
5795,780,3.331266886953405,2
5795,920,4.583672086024465,5
5795,1019,3.8339083695053247,3
5795,1097,4.03697140824042,5
5795,1266,4.308057348773527,4
5795,1287,4.363815942428765,4
5795,1396,3.6471088988599765,5
5795,1466,4.162413907848867,4
5795,1500,3.9840422524185564,4
5795,1584,3.662217016468024,5
5795,1703,1.0,1
5795,1769,1.725367844877361,1
5795,2000,3.728452739109847,4
5795,2015,4.042374748723787,3
5795,2719,2.067292217807474,1
5795,2741,1.0,1
5795,2808,1.878577493897262,1
5795,2860,3.0,1
5795,2936,4.646370511094081,4
5795,3095,4.844896870497254,5
5795,3174,3.4521953895095163,4
5795,3201,4.683134992811247,4
5795,3330,4.0,4
5795,3363,4.498047274539143,5
5795,3425,3.0,5
5795,3529,4.0,4
5795,3600,2.0,2
5795,3706,5.0,4
5797,233,3.0,4
5797,316,3.5997623108216446,2
5797,913,4.175123779384059,5
5797,968,3.7483579700883682,4
5797,2173,3.0,3
5797,2686,5.000000000000001,4
5797,3016,4.24038368488184,4
5798,1196,3.8104109017494925,3
5798,1883,3.752224157993267,4
5798,3210,3.9643638248531383,5
5801,593,4.237414703789621,5
5801,748,3.6429440828922988,3
5801,924,4.2812882465456985,5
5801,1097,4.184430110926924,5
5801,1210,4.141700121559339,5
5801,1301,4.211774669932789,4
5801,2533,3.8421183186754266,3
5803,260,3.240436412386099,5
5803,2384,1.0,1
5805,594,4.074565234393784,5
5805,899,4.47043958442412,5
5805,904,3.6402164969646713,5
5805,1009,3.7437485032011466,3
5805,1036,3.9669861829265898,5
5805,1201,4.192893457547509,5
5805,1247,4.406751705723855,3
5805,1610,3.9463715475083694,3
5805,2885,3.0,1
5806,850,3.0,5
5806,1203,4.102459332881972,2
5806,3090,3.0,4
5806,3371,3.0,3
5808,978,3.0,4
5808,1272,4.321397230883287,4
5808,1610,4.349186390303452,5
5809,1097,3.673621249922836,4
5809,1223,5.0,5
5809,1293,4.145311500426427,5
5809,1294,3.859113805752141,4
5809,1297,3.906047633403614,4
5809,1356,3.6434656969196424,4
5809,1584,3.4607973461498625,5
5809,2064,3.8749727510493233,4
5809,2097,4.208535971565994,4
5809,2761,3.8053007346542005,5
5811,260,3.313875322998399,4
5811,532,4.0,5
5811,595,3.063492974321971,4
5811,1342,3.024066147191469,4
5811,1500,3.1785420136786215,2
5811,1673,3.2885740862811286,5
5811,2112,2.5736007918934423,4
5811,2331,3.0,5
5811,2553,2.0,4
5812,281,4.004963428061603,3
5812,2007,3.0,2
5812,2082,3.287854985675358,3
5812,2240,4.464006242753813,2
5812,2473,3.957750626285115,2
5812,2918,4.057553621534586,5
5812,2926,4.1684429819065025,4
5812,3079,3.0,4
5812,3100,4.2664603247874195,4
5812,3197,4.01769164357403,3
5812,3225,3.0,3
5812,3261,3.9943352100362146,4
5812,3478,3.9577080022961106,4
5812,3559,3.0,3
5813,1196,3.930802205214505,5
5813,3591,4.05384127218465,4
5815,589,3.685085346953715,3
5815,1097,3.871454105617074,3
5815,1206,4.047411315688289,5
5815,2968,4.492490542830081,5
5816,1588,3.0,2
5819,1376,4.012533936190506,5
5819,1610,3.8785586111348507,5
5821,541,3.9193689635149505,5
5821,1111,3.0,5
5822,253,3.6767132997863983,4
5822,982,3.0,4
5822,3018,3.5885362551472886,3
5823,1073,3.981993054539697,5
5823,1198,4.098179726137642,4
5823,1527,3.8797257502624656,5
5823,2722,3.652775482344009,1
5824,23,4.0,2
5824,29,3.315118924176091,3
5824,180,3.700378541722492,3
5824,429,3.0,3
5824,520,3.216856043539445,2
5824,593,3.811226603167257,4
5824,954,3.938824472425515,5
5824,1028,3.734536456342905,3
5824,1876,3.649255502980138,3
5824,2081,3.6607872065963285,4
5824,2448,2.9999999999999996,2
5824,2468,3.3199297503501586,2
5824,2916,3.6836030780117337,3
5824,3431,2.325618869723362,2
5825,556,3.0,5
5825,1063,3.0,2
5825,3302,3.0,2
5825,3948,4.282652644729307,4
5826,34,3.89834189504772,2
5826,39,3.662124268835111,3
5826,778,3.937101272139856,4
5826,1261,4.000329844174294,3
5826,1968,3.7122179532259976,5
5826,2712,4.10834373349505,5
5826,3210,3.8494214860872087,3
5827,1614,3.8089064493977074,4
5827,1805,3.9943239126257604,5
5827,2355,4.00542683843873,3
5829,3526,3.656364905726395,4
5830,3554,3.0,4
5831,165,3.6229712979485647,4
5831,532,3.502540838171686,3
5831,719,3.408242085012952,4
5831,930,4.194674867299445,4
5831,990,3.0,2
5831,1204,4.301260459884077,5
5831,1246,4.039100591613092,4
5831,1247,4.2179132600990945,4
5831,1285,4.059556060343071,4
5831,1610,3.9092468401776497,4
5831,1616,3.3393229879291635,4
5831,1707,2.0,2
5831,2010,4.125146746249025,4
5831,2341,3.0,4
5831,2457,3.619172311413648,4
5831,2467,3.6625140581473326,4
5831,2473,3.456994807822751,4
5831,2517,3.6160372004721038,2
5831,2558,3.916213920584527,4
5831,2613,3.6035056983837306,3
5831,2710,3.6775119979769153,4
5831,2767,3.0,3
5831,2796,2.9063362148797727,4
5831,2921,4.0334434959235885,4
5831,3145,3.0,4
5831,3251,4.231832184388987,4
5831,3258,3.50982824220032,2
5831,3370,3.0,4
5831,3671,4.100720425765252,4
5832,58,4.414983531056007,4
5832,3317,4.0,5
5833,1641,4.354099704919925,4
5833,2720,2.0,3
5835,34,4.999999999999999,4
5835,3471,4.2983064610590995,4
5836,3114,3.6794965903394994,3
5836,3256,3.612517341419264,4
5837,110,4.204066982317389,5
5837,442,3.92605720685851,4
5837,543,4.172996049399584,3
5837,673,3.6391905335613566,2
5837,1200,4.170136187889775,4
5837,1304,4.346516607471101,4
5837,1482,3.0,4
5837,2118,4.481600001247661,4
5837,2403,4.141003232345087,5
5837,2949,4.2761529935035965,4
5837,3153,3.0,3
5837,3258,3.766898053577193,3
5838,28,3.0,5
5838,1094,4.122432569353728,3
5838,1201,3.7060900023755634,2
5838,1256,3.937820239170784,4
5838,1409,3.513933955601489,3
5838,2020,4.0193812955632655,4
5838,2414,3.1246872314466274,3
5838,3479,3.2550623865172312,4
5840,295,3.0,3
5840,318,3.772191309434263,5
5840,1247,3.8181419128463143,4
5840,1997,3.7917154752452595,3
5840,2396,3.7782646109139857,5
5840,2739,3.7639945212082186,5
5840,2791,3.5917126940858046,3
5840,2797,3.622289978821087,4
5840,3507,3.7722476840667998,5
5841,1,4.279933209639554,5
5841,593,4.24413481140357,5
5841,2018,4.535839583075728,5
5841,2302,4.176493862252733,4
5841,2720,3.0,4
5841,2750,4.451994583279172,4
5843,901,3.145117366105351,2
5843,913,2.8696567269442115,3
5843,1019,2.2034342993696368,3
5843,1296,3.349249585771201,4
5843,1673,2.597075147094241,2
5843,2664,2.173077889832816,2
5843,2797,2.681451635078976,3
5844,741,4.0,2
5844,1097,4.070542667039755,3
5844,3317,4.6793785859679415,4
5845,720,5.0,5
5845,912,4.4970933663652,5
5845,987,3.0,5
5845,1203,4.349344057762541,4
5845,1212,4.501676187279698,4
5845,1617,4.133178302889669,5
5845,2701,5.0,4
5846,105,3.0,1
5846,2706,3.3708592606001764,1
5847,898,4.279833811143007,4
5847,1240,4.1313589591113615,3
5847,1278,4.184037642283057,5
5847,1297,4.259641852650696,4
5847,1647,3.0,5
5847,2012,3.987484925678755,3
5847,2108,4.025965825491063,4
5847,2640,4.051328167860467,4
5847,2683,4.311878113816856,2
5848,650,3.0,4
5848,913,4.215317042864353,5
5848,929,4.0,3
5848,1177,4.0,4
5848,1256,4.147953050489007,5
5848,1729,3.502804583472965,3
5848,1963,3.9979814878528046,4
5848,2161,3.111233459557936,4
5848,2355,3.490968499966512,3
5848,3044,4.20001674359596,4
5849,1200,3.8517062975817478,2
5849,2997,3.8620740353893517,5
5850,940,2.456813312724947,3
5850,1247,2.0500526847206397,2
5850,1254,1.9908595886588356,1
5851,592,4.085436814136799,3
5851,904,4.506433464515039,5
5851,1019,3.894027396616872,5
5851,1262,4.188885963610995,4
5851,1387,4.2027917868440605,5
5851,1688,4.6568266859533605,5
5851,3386,4.151134463615889,4
5851,3397,4.108834900049426,5
5852,260,3.640502039938802,5
5852,628,3.440856799484135,3
5852,805,3.3991585913715983,3
5852,916,3.8622882997710986,4
5852,924,3.7598705162863744,1
5852,1198,3.5133713363347825,4
5852,1747,3.457121154451051,4
5852,2313,4.032632481509,4
5852,3600,4.0,3
5853,377,2.989397901800359,3
5853,674,3.406781150407293,2
5853,1197,3.530788922382305,5
5853,1199,3.4032973964338193,5
5853,1281,3.0,5
5853,1527,3.4224579424378425,4
5853,1946,3.0,4
5853,2000,3.4394640291706087,2
5853,2054,2.8697323831690147,1
5853,2571,3.5648863700209503,4
5853,3334,4.243277970770073,5
5854,39,3.6405023918372557,4
5854,60,3.0,4
5854,293,4.236450171848992,5
5854,328,3.1414157031265075,3
5854,367,3.7603338664369006,5
5854,405,3.5571348869588815,3
5854,543,3.781347643159379,3
5854,611,3.512024868284012,3
5854,837,3.0,3
5854,1214,3.9322299679217685,5
5854,1391,3.7357851062011007,3
5854,2147,3.0,4
5854,2353,3.8567625521620674,4
5855,2686,4.2431978061558135,4
5857,203,4.0,5
5857,920,3.7392893350326486,3
5857,1084,3.1675467428625526,3
5857,1663,3.401787846622245,2
5857,2991,3.7081669475859598,3
5857,3098,3.6894126637472713,3
5858,934,3.0,4
5858,1227,4.0,5
5858,1345,4.087587212414636,4
5858,3095,4.548754642919637,4
5858,3198,4.7309588983600435,3
5858,3364,5.0,4
5859,1035,3.99463834099984,4
5859,1358,4.143804508971034,5
5859,3471,4.128032213180547,4
5860,1270,4.093487880617086,4
5861,492,3.0,3
5861,1079,4.401700822990852,5
5861,1244,4.237126813100289,4
5861,1963,4.44210530317336,5
5861,2355,3.8783768990468097,3
5861,3504,4.13007366917638,3
5861,3731,3.0,3
5862,62,4.704131047708512,5
5862,2081,4.643721227566972,5
5862,2145,4.674665704054434,4
5862,2421,4.68692764118815,4
5862,3107,4.662682115129042,5
5864,1624,3.0,4
5864,2947,4.201907549717503,5
5866,1254,4.278438294495612,4
5867,3203,4.0,5
5871,457,3.9773369087983275,3
5871,1172,4.755191898860284,5
5871,1354,4.679672820603986,5
5871,2501,4.80582928522449,4
5872,47,3.654717523313186,4
5872,485,3.2883122428406564,3
5872,924,3.870697814561746,3
5872,1759,3.0,4
5872,2001,3.1623766119255006,4
5872,2253,3.1081581369622944,3
5872,2724,3.469334860999907,3
5872,2807,3.0,2
5873,1240,4.2937840593248575,5
5874,904,4.180903796719264,5
5874,1266,3.9024380061099926,5
5874,1682,3.7372336298042304,3
5874,2105,3.4666062421327246,4
5874,2321,3.431885916569216,4
5874,2469,3.448379796776495,4
5875,172,3.5438550855720554,4
5875,208,3.6155104204369226,3
5875,786,3.5713202583998656,4
5875,1225,4.521434874535255,5
5875,1608,3.817115403147026,3
5877,711,3.0,2
5877,2710,4.325866228371443,4
5878,161,3.5502232888972207,3
5878,185,3.12456236447516,4
5878,319,4.475743633657806,5
5878,531,3.0,5
5878,551,3.6845631189509,4
5878,1296,3.9416041892190363,5
5878,1484,3.0,3
5878,1895,3.0,1
5878,2739,3.6611676977003533,3
5878,2844,3.0,4
5878,2939,3.0,5
5878,2995,2.370803132014306,4
5878,3019,3.550843611321192,4
5878,3527,3.631960347664517,3
5879,647,3.5056392780205154,3
5879,1968,3.4442196107844136,3
5880,260,3.480994331124837,5
5880,423,2.894664866437171,2
5880,1244,3.4978316744712328,5
5880,1275,3.2996967405595634,5
5880,1285,3.755854856753049,4
5880,1298,3.3872961389873173,5
5880,1923,3.656514782812451,3
5880,2112,3.7448898217800157,3
5880,2160,3.312833280247654,4
5880,2336,3.500050765003621,4
5880,2862,3.0,1
5880,3429,4.4759403647421605,4
5881,1215,3.7166295750474734,4
5881,1573,3.8094965174247686,4
5881,1580,3.8213453660846426,4
5881,1672,3.814510404578324,4
5881,2147,3.0,3
5881,2321,3.682230796965578,4
5882,2001,3.312167862777229,4
5882,3527,3.9753872483276136,5
5883,223,3.9189491735953723,5
5883,2433,3.4857162118469693,3
5884,1214,3.686065123073054,3
5885,1213,4.554371302165982,5
5885,1647,3.0,4
5885,1921,4.32400169870802,4
5885,2176,4.498233706007491,5
5886,11,3.311596340663157,3
5886,47,3.569819171359347,4
5886,780,3.267206396269592,3
5886,1029,3.263432361415292,4
5886,1037,2.8074044346246665,2
5886,1213,3.7473760052624163,4
5886,1357,4.25638334165183,4
5886,1464,2.496175655757331,2
5886,2167,3.1385137191614723,2
5886,2301,3.106884876403476,2
5886,2410,2.88929984495732,2
5887,919,3.692102877103251,4
5887,1307,3.8078423348262582,4
5887,3471,3.695723123248128,4
5887,3526,3.648058026385738,3
5888,157,3.0,1
5888,1193,4.406263136337577,5
5888,2286,3.0,1
5889,1207,3.9298505475219816,5
5889,1252,4.221773416098918,3
5889,2020,4.010137946679766,3
5889,2243,4.132959504000405,2
5889,2770,4.153840724732507,3
5889,3090,3.0,3
5889,3111,3.336684581451823,3
5890,21,3.851770258847748,4
5890,1201,4.161391864528385,5
5890,2076,4.2465005172521595,2
5890,2352,4.154424434359031,3
5890,2478,3.790638597039905,4
5890,3039,3.940448490263273,4
5892,968,4.374395762295691,3
5892,1734,3.0,4
5892,1964,4.279528570763564,4
5892,2291,4.210431869873586,4
5892,3543,4.320652857950079,4
5893,2174,2.7190424443476604,3
5893,2248,3.227948964944411,4
5894,367,4.036856441958962,4
5894,1220,3.9984480810300513,4
5894,1221,4.064711667380133,4
5894,2016,3.0,3
5895,1061,3.768639215240683,4
5896,367,2.869787103579446,3
5896,370,2.549172261354017,1
5896,1057,3.394396672615094,3
5896,1126,2.0476643908471446,3
5896,1494,3.0,1
5896,1513,3.284951453246715,1
5896,1648,3.0,3
5896,3409,1.0,4
5897,261,3.0,4
5897,2687,4.0,4
5899,610,3.0,2
5899,3525,4.0,3
5900,266,2.857989294335053,2
5901,538,4.0,5
5901,1247,3.4846227038152544,3
5902,1183,3.791684210674309,3
5902,1617,3.0085258023817256,4
5902,2611,3.0,4
5903,2628,3.5936106421220737,4
5905,541,3.6114282770311124,5
5905,1129,3.6455381240860056,2
5905,1777,3.7561989700939162,5
5905,2393,3.3444085921414755,4
5905,2407,3.723668941481719,2
5905,2633,4.999999999999999,5
5905,2985,3.5264524280955065,2
5907,923,3.9333251453181988,3
5908,1298,4.549399385916235,4
5908,2278,4.2995713685023285,3
5908,2944,4.412837992625654,5
5911,535,4.66409771697516,3
5911,1179,4.36724713395371,5
5911,1240,3.7026131020490363,3
5911,1396,3.6088939718095117,3
5911,1620,3.681001446335946,4
5911,1921,4.29220227384371,5
5911,2212,3.0,4
5911,2734,5.0,4
5912,708,3.447642940149959,3
5912,1257,3.8649496685223195,4
5912,1909,3.7677510408634873,4
5912,2302,3.5257219663667456,5
5913,454,4.044684629418902,4
5913,1393,4.011605801061838,3
5913,1617,3.823660662766093,5
5913,2282,3.0,5
5914,1466,4.623223281476545,3
5915,480,3.988025147053947,4
5915,595,4.067069526268361,4
5915,1097,4.101541227499212,3
5915,1222,4.093587512789752,5
5915,1268,4.5195774153274915,4
5915,1388,2.246880722450357,2
5915,2822,3.2331403218327357,4
5916,82,3.0,3
5916,373,1.0,4
5916,1012,3.5546216432479225,3
5916,1036,3.2771750807358,4
5916,1092,3.3924858966037412,3
5916,1101,3.340119500444693,2
5916,1264,3.0,3
5916,1283,3.5455606223256795,5
5916,2107,2.778509915507043,2
5916,2167,3.0183403604666332,2
5916,2542,3.190365287566319,4
5916,2640,3.2700071056164957,3
5916,2956,2.0,3
5916,3039,3.374965339878319,4
5916,3145,3.0,4
5916,3364,3.3330345681611786,3
5916,3536,3.0,4
5917,316,4.0410682892184075,4
5917,919,4.28380567969125,3
5917,1017,5.0,2
5917,1573,4.121558181282559,4
5917,1617,4.055467273880693,5
5917,2346,4.532719617996223,3
5917,2553,4.535426178883336,2
5917,2863,4.51579232884776,4
5918,1219,4.227976791108243,3
5919,253,3.347350119852845,2
5920,380,3.966726095239025,4
5920,590,4.058033785778801,5
5920,1196,4.005762284338403,3
5920,1270,4.035263975289134,4
5922,1086,3.365831225402916,2
5922,1196,3.8163771349263316,4
5922,2289,3.88114023637504,5
5924,10,3.76688812615741,4
5924,1100,3.60734870672354,2
5924,1385,3.3144127469486784,3
5925,1544,3.721666777905938,4
5925,2716,3.988312001068568,4
5925,3361,3.913256146551198,2
5925,3386,3.6081893785117556,4
5925,3435,4.416797363346192,5
5925,3469,4.522829677892043,5
5925,3471,3.8239772918233297,4
5927,1265,3.966276761091829,4
5927,2357,3.0,5
5927,2997,4.045358544569236,4
5928,1648,3.0,3
5928,2076,3.0,5
5928,3415,3.0,5
5928,3614,3.0,3
5929,273,3.911455975773299,3
5929,2717,3.764730496966866,3
5929,3264,3.81971920179337,3
5930,921,4.509236120279915,5
5930,2390,3.0,4
5932,122,3.0,3
5933,3219,4.245069304519164,4
5935,588,3.7524057774947153,2
5937,1221,3.2606190435390294,1
5937,2580,3.0329127657777213,1
5937,3265,3.0,3
5938,50,4.151256540564808,5
5938,1513,3.926733554351304,3
5938,1797,3.0,4
5939,912,4.144591241112136,3
5939,1035,4.2118043385234945,5
5940,2390,3.0,4
5940,2676,3.0,4
5941,1212,3.532998403020852,5
5942,929,4.0,4
5942,1078,4.622608483776014,4
5942,1256,4.587117829877926,5
5942,1272,4.499087248598761,5
5942,2065,4.510626794470512,4
5942,2183,4.357920554360282,4
5942,2858,4.288841592783297,5
5942,2890,4.259821320887871,3
5943,260,3.9418187488653325,5
5943,1079,4.009057306338327,1
5943,2416,3.3004102815223177,2
5946,1393,3.947174616350542,1
5946,2321,4.403690468303323,5
5947,1127,3.109388338916979,3
5947,1340,3.537853295904924,5
5947,2159,2.0,2
5947,2363,3.365039042914011,4
5947,2968,3.102961988243166,4
5948,39,4.190658000711636,4
5948,111,4.497862450997503,4
5948,260,4.243665895659845,5
5948,793,3.0,5
5948,943,5.0,5
5948,948,5.000000000000001,5
5948,1641,3.988101713398805,4
5948,2018,3.999865623019568,5
5948,2648,4.947617674737256,5
5948,3189,3.0,3
5949,69,4.0,5
5949,1580,3.8869148425377738,1
5949,2598,3.040278315384738,2
5949,2599,4.080528663387196,5
5949,3408,3.8433845203030677,4
5950,296,3.3433665585610344,4
5950,318,3.338372573947472,4
5950,507,2.5037628387206268,3
5950,852,2.5234671718784396,1
5950,1036,3.1483045106756933,2
5950,1500,3.1594240916779985,3
5950,2406,3.042849909808883,2
5950,2871,3.5167213646948254,4
5952,1059,4.0,5
5952,1136,4.39848035668528,5
5952,3074,4.0,4
5953,720,5.0,5
5953,2019,4.492970557370771,5
5953,2628,4.082631841057017,4
5954,435,2.9567347436263973,3
5954,932,3.0,3
5954,1036,3.5863576082246555,3
5954,1081,3.651306264347815,5
5954,1135,3.4656945099806165,1
5954,1220,3.6453496195970363,5
5954,1224,3.986868292229889,5
5954,1296,3.7342095783141493,5
5954,1298,3.7880053095774113,5
5954,1372,3.4625453791878895,3
5954,1660,3.0,5
5954,1909,3.637307977185936,5
5954,1958,3.8333718304750226,2
5954,1960,4.170258331484455,5
5954,1983,2.705871233485967,1
5954,1988,2.279796055199731,3
5954,2009,4.298209228141717,4
5954,2121,2.9810145284714507,1
5954,2182,4.047538108371871,1
5954,2205,3.0,4
5954,2550,3.9015491810755876,3
5954,2554,3.7763362625644477,3
5954,2648,4.596712507053898,3
5954,2661,4.113224341057609,5
5954,2710,3.626195063092596,3
5954,2790,2.582135086767762,2
5954,3262,5.0,2
5954,3401,3.0,1
5955,344,3.430435587849824,3
5955,367,3.5385691615493617,3
5955,427,3.0,4
5955,444,3.0,4
5955,1197,3.66561399961663,5
5955,1374,3.757879469396429,4
5955,1748,3.7986693554111146,3
5955,2023,3.493603652555599,3
5955,2373,3.620252947498638,3
5955,2797,3.8409907156051664,4
5955,2872,3.7303175821103136,3
5956,778,3.4606802425973693,3
5956,2028,3.3930208704382885,3
5956,2504,3.0,3
5956,2542,3.493154948517389,3
5956,3051,3.0,2
5956,3175,3.6091453562976414,3
5957,552,3.375324360279245,2
5957,741,4.194324492229594,5
5957,1205,3.9691589064739174,4
5957,1544,3.479976937869507,1
5957,2692,4.181661302816356,4
5958,36,3.9786602932441366,2
5958,1262,4.251277586030868,3
5959,339,3.0679250813969463,3
5960,357,4.011450177071452,4
5960,905,4.15224191227035,5
5960,934,3.0,4
5960,1021,3.0,5
5960,1269,4.069363222135611,4
5960,3608,3.9883724548145736,1
5961,462,3.0,3
5961,480,3.1527967200689977,4
5961,539,2.9537316363609905,3
5961,1598,2.439727149084291,3
5961,1615,2.7490628274933497,3
5961,1721,3.106785502266275,1
5961,2232,3.3534904839393906,2
5961,2320,3.5010378245067253,3
5961,2805,3.007587180847548,3
5961,2885,3.0,2
5962,111,4.8185683813438,3
5962,1394,4.641280038818574,3
5962,3006,5.0,5
5963,172,3.3491323450031216,4
5963,356,3.6909544056548858,1
5963,1217,5.0,4
5963,2582,3.0,1
5963,2762,3.47415808418681,3
5964,19,3.089051342027583,2
5964,123,3.0,5
5964,228,3.0,2
5964,288,3.614729098317521,4
5964,353,3.8586044638822226,4
5964,364,3.795531838350413,4
5964,441,4.042086384252498,3
5964,500,3.558040341724469,3
5964,761,3.0,3
5964,1103,4.723291580706881,5
5964,1246,3.945679522626748,5
5964,1259,4.045174151941439,5
5964,1827,3.0,5
5964,1945,4.845309517574277,5
5964,2370,3.0,4
5964,2405,3.4581601843671166,4
5964,2409,3.5861179534967924,3
5964,2720,3.0,1
5964,3495,3.0,5
5965,2038,3.0,5
5966,1095,3.1433420027398467,5
5969,2000,3.6729882184760574,3
5969,2671,4.419914689082848,3
5969,2795,4.054073717513459,3
5969,3466,3.0,3
5970,1231,4.030249087610535,5
5972,780,4.00710536403846,4
5972,924,4.06366106592724,3
5972,2050,3.1114855479090573,4
5972,2352,4.122958572888089,4
5972,2378,3.701591536719512,5
5972,2421,3.8265164427684684,3
5972,2739,4.153086533051624,4
5972,2816,4.0,2
5973,1253,4.201503942645122,3
5973,1580,4.828326989443183,5
5974,41,3.0,3
5974,322,3.0,3
5974,1060,4.111062084230206,4
5974,3424,3.938075142000183,4
5976,223,3.0595433024243865,4
5976,1270,3.1771419753265864,1
5976,2076,3.102038897788126,5
5976,2088,2.8962998141084166,2
5976,3253,3.2007811737983296,1
5976,3450,3.200227888625288,3
5977,1193,4.2680923256849885,5
5977,2819,4.335836090325546,4
5978,457,3.4782197908912393,4
5978,648,3.184633091344276,2
5978,1036,3.424871567655192,3
5978,1230,3.891129736278267,2
5978,1262,3.8592625681858608,5
5978,1806,3.0,3
5978,2142,2.9577750953834347,2
5978,2394,3.892512812961224,4
5979,1281,5.0,5
5980,858,3.8494922653233914,5
5980,1212,4.110643979795826,3
5980,1259,3.7283082717851417,3
5981,161,3.216740998619959,3
5981,973,3.0,4
5981,1125,2.6484389875226815,3
5981,1188,3.971816609311223,3
5981,2085,3.7547197136044153,3
5981,2186,4.550086377837454,4
5982,527,4.179989463581627,4
5982,1198,3.3908085856196672,5
5982,1214,3.374339521949583,5
5982,2989,4.16229406818343,4
5984,1374,4.859041332582218,5
5985,2145,3.9812203166472986,4
5986,539,4.327538051339898,4
5986,1187,3.0,3
5986,1300,5.0,5
5986,3071,5.0,4
5986,3526,4.456181482888278,4
5987,1580,2.9939990023535117,3
5987,3481,3.4919646051604336,5
5988,2357,3.0,3
5988,3246,2.0,3
5989,258,3.0,2
5989,1848,3.0,4
5990,1204,4.141374252270271,3
5990,1527,3.3090603791907416,2
5990,1961,3.57326532913642,3
5990,2468,2.840526373987271,2
5990,3494,4.358471385897618,4
5991,2081,3.4716289782827876,3
5992,2890,4.058146499888387,5
5992,3408,3.470123990924965,4
5993,594,3.87910874435085,4
5993,3591,2.9445731838533566,3
5995,1022,4.022296868833168,4
5995,1214,4.432118547409531,5
5995,1258,4.294433219869324,3
5995,1374,4.534751279726942,5
5995,1566,3.8829837911898206,4
5995,1674,4.32540410597631,3
5995,2455,4.302693685357858,3
5995,2687,4.015904125136221,5
5995,3157,5.0,4
5995,3565,4.0,4
5996,539,3.9322388229485705,4
5996,915,4.349873412103041,5
5996,1028,4.0764413407976825,4
5996,1479,3.716018118811539,4
5996,1665,3.0,2
5996,1752,3.35492284450911,3
5996,1909,3.8124860818620516,4
5996,2000,3.8683552987749836,4
5996,2468,3.4794703030966163,5
5996,3564,3.0,3
5996,3608,3.9274878276238425,3
5998,293,3.6619736900767457,4
5998,527,3.7778146820970466,5
5998,1177,2.526404640284195,4
5998,1747,3.7248051455892397,2
5998,1895,3.0,2
5998,2959,3.0427386934560388,4
5998,3176,3.225835395819088,4
5998,3250,3.0,2
5998,3713,3.0,4
6000,10,3.5767268884253065,3
6000,415,3.0,3
6000,801,3.0,3
6000,1103,3.8228488406756425,3
6000,1293,3.6165736172266874,4
6000,1617,3.4891364774929063,4
6000,2701,3.747993935093865,2
6000,2875,3.0,4
6000,3114,3.4396556847038666,3
6000,3253,3.578423921600486,3
6001,412,3.0,2
6001,1086,4.229784585242105,4
6001,1658,3.0,3
6001,2470,3.492602393858113,3
6001,3108,3.8997586163272793,4
6002,921,4.221964366699721,5
6002,1250,4.546243475422228,5
6002,1913,5.0,4
6002,2750,4.033825275608531,4
6002,2908,4.533073832857697,5
6002,2938,3.0,4
6002,3174,4.275270996635368,2
6002,3498,4.7662649059711075,5
6002,3551,4.5651503861971285,4
6002,3730,4.640695038931421,5
6003,497,4.16019910654433,5
6003,902,4.578663062323276,4
6003,1472,3.0,4
6003,1693,3.0,3
6003,2065,4.240397778422223,4
6003,3435,4.829511048209344,5
6004,2054,3.4969031340281727,2
6005,799,3.807557932244361,3
6005,1339,3.6892133632684057,5
6005,1969,3.446308049347379,3
6005,1984,3.1023785757185562,3
6006,1028,3.394365518112861,5
6006,1353,3.4733675952417076,2
6006,1569,3.1454108564399585,4
6006,3418,3.1182382603798118,5
6007,457,3.3494601855509756,4
6007,610,3.2980471714239306,3
6007,1376,3.3022965053075573,3
6007,2367,3.153961288516758,3
6007,2657,3.393225027784029,2
6008,2571,3.746001367177729,4
6008,2628,3.6925558138882666,4
6009,858,3.7639259397444427,3
6009,2231,3.694243493155336,3
6009,3257,3.3736002423736413,3
6010,95,4.0479513653157815,1
6010,1101,4.168387325757287,4
6010,1127,4.221415477900091,4
6010,1263,4.502184964545532,4
6010,1297,4.488197914100502,3
6010,2028,4.258826183855565,5
6011,165,4.06999108781143,5
6011,1193,4.184361121592738,4
6011,1801,4.2095329955844925,5
6011,2353,4.410882824596386,5
6011,2529,3.7915272760151204,3
6013,908,4.472773505888949,4
6013,2132,4.815077087202123,5
6014,2657,3.622332206723408,4
6015,34,3.6783198900343765,4
6016,153,2.803352910882302,2
6016,372,3.1866433162633903,2
6016,417,3.0,3
6016,500,2.9710381875740817,3
6016,785,3.202496009218371,2
6016,1077,3.659213208585783,4
6016,1179,3.837625369222199,4
6016,1196,3.2837588778412266,3
6016,1835,2.8728994572047015,2
6016,1874,3.0,4
6016,2000,3.122353501269705,3
6016,2016,3.0,1
6016,2054,2.982013654051767,3
6016,2155,3.995586749342078,4
6016,2157,3.0,3
6016,2285,3.0,4
6016,2290,3.0,3
6016,2571,3.2528205745623566,3
6016,2712,3.739576178952594,2
6016,2915,3.310990050451208,4
6016,3108,3.4582931304936193,4
6016,3274,2.7227846604546677,4
6016,3360,3.4266998359120913,4
6016,3419,3.0,4
6016,3456,3.0,4
6016,3529,4.0,3
6016,3861,3.0,1
6017,913,3.785141909847006,4
6017,932,3.0,5
6017,3334,4.0,3
6018,1093,4.543126346059206,3
6018,1199,3.481434510017791,5
6018,1513,3.49775870217996,3
6018,2531,3.254641060038654,4
6018,2734,3.998026312430441,4
6018,3107,3.5277417065920234,3
6019,577,3.0,4
6019,2167,3.478936181607046,4
6019,3412,3.0,4
6020,110,4.44096750209792,5
6021,589,3.7588352622191965,4
6021,592,3.7010346167824624,3
6021,2369,3.157505337290204,2
6022,1394,3.345075785655968,4
6023,485,3.610902415975534,4
6023,1197,3.8694563100989807,5
6023,2561,5.0,4
6024,2571,4.32063273635656,4
6024,3405,3.0,4
6024,3527,4.326638039933669,3
6025,539,3.726636630038472,3
6025,866,4.0711889608033065,3
6025,1995,2.44571431773467,2
6025,2571,3.7958310922602387,5
6025,2710,4.2243381129271045,4
6026,2105,3.524074106473074,3
6027,1517,4.334849569761153,5
6028,2334,3.1060124382668026,1
6029,2687,2.9999999999999996,4
6030,2699,4.073196180696111,4
6031,1010,3.0,5
6031,1500,3.986913082262369,1
6031,3194,3.0,1
6031,3270,3.0,5
6032,898,4.647777766838598,5
6032,1196,4.334852204743941,4
6033,2826,2.9960410960676955,3
6033,2987,4.088581271325353,3
6035,1179,3.6982192858643117,4
6035,1396,3.1533142882382745,5
6035,1614,2.5666514735422292,4
6035,1682,3.1856227130975485,3
6035,1704,3.2576507322176087,5
6035,2042,1.6949419027568005,1
6035,3255,2.910326270448599,5
6036,29,3.9270689695588246,3
6036,43,3.0,4
6036,150,3.481715359415058,4
6036,232,2.9529724149494254,4
6036,446,3.4237935868586167,4
6036,475,3.4495952312573923,4
6036,519,2.4005422397257954,2
6036,692,2.6952909956245934,2
6036,803,3.0,3
6036,849,2.7146393145837853,2
6036,901,3.8973047121995528,3
6036,1019,3.3625727089053323,3
6036,1194,3.0,2
6036,1334,3.2347124166564316,3
6036,1407,3.33262245014729,3
6036,2091,2.0,2
6036,2104,3.0,3
6036,2318,4.161262034987106,5
6036,2531,2.7711704233059886,2
6036,2599,3.7648191686589607,5
6036,2640,3.22634561008842,2
6036,2644,3.738800993083148,4
6036,3094,3.0,4
6036,3179,3.0,2
6036,3401,3.0,1
6036,3496,2.440800562190851,3
6037,235,3.6187672781489564,3
6037,1259,3.8550728985426366,4
6037,1267,4.006309350466285,5
6039,260,4.035306116657616,5
6039,901,3.9930068209278637,4
6039,1028,3.793948537726178,4
6039,1088,3.848967696791526,4
6039,1125,3.4919098679387126,5
6040,300,3.7615027216520938,2
6040,1354,3.895155774856082,4
6040,1587,2.4879570443580152,1
6040,1635,3.9618607547174483,4
6040,1699,3.0,3
6040,1921,3.470557504121843,4
6040,1945,4.332511782460955,5
6040,1952,4.106965116911684,5
6040,2645,3.0,5
6040,3067,3.663956142271495,4
6040,3097,4.5321664907827,4
