userId,movieId,pred_rating,actual_rating
1,3408,4.466140365722555,4
2,165,3.0239927226157084,3
2,1552,3.725043520461324,3
2,2002,3.716629238096879,5
2,2268,3.9379360549949594,5
5,16,3.235034364968507,3
5,1093,4.128188277287631,2
5,2289,3.5537815318803143,4
6,1806,3.0,3
8,480,4.324636002700385,5
9,349,4.162284719680283,4
9,2692,4.251113438101746,4
10,2,4.321974796539695,5
10,1198,4.099601354457609,5
10,1286,5.0,5
10,1374,4.183092854934162,4
10,1756,3.0,4
10,2001,4.033117100087163,4
10,2080,4.418390356891476,4
10,2105,4.230914632374641,5
10,2378,4.149622739681017,3
11,85,3.0,1
11,249,3.0,3
11,608,3.5470601722771535,5
11,1704,3.497737952562622,5
11,1732,3.611503713749102,4
11,2335,3.405262831103833,3
15,2001,3.413570626105589,4
15,2278,3.562651136738117,2
15,3108,3.4123348047648094,4
16,2683,3.4052614370456893,4
17,1358,4.342666213504353,4
17,2028,4.29214087446144,5
17,2752,3.0,4
17,2912,4.337889567547974,4
17,3662,3.0,3
18,1186,4.2889602633065635,1
18,1193,4.373047206605998,4
18,1500,3.999431208206955,4
18,1643,4.506181018215917,5
18,1804,3.0,3
18,1967,4.1594751483041374,5
18,2018,4.546896266110594,4
18,2872,4.188753231581599,5
19,76,3.0,1
19,595,3.856067227553806,3
19,1073,3.8705095562904526,5
19,2490,3.789951820203591,2
19,2599,4.096085234448078,4
19,2694,3.729413169187533,4
19,3863,3.1029691689285483,4
22,104,3.258394015215051,3
22,736,3.09762921146233,2
22,1552,3.14929943721213,2
22,1754,2.8140894630462556,3
22,2265,3.0,4
22,2470,3.208099610493162,2
22,2628,2.935964730928916,2
22,3208,2.9975343265162797,3
22,3247,3.0301355641587406,2
23,1196,3.518416730953338,5
23,1610,3.5129305790461154,3
23,1747,3.756071810614835,3
23,2160,3.6333870343923635,4
23,3507,3.6992164376094867,3
23,3624,3.3889869670740955,3
24,858,4.280799306948214,5
24,1535,3.0,4
24,2671,3.8282221749082517,4
25,1373,3.8364203907336627,3
25,1676,3.725379145844507,4
25,3578,3.9920767869666522,4
26,542,2.1796904737515566,3
26,1265,3.10631674601985,4
26,1968,2.770371295342902,4
26,2418,3.0,2
26,3705,3.681423211419693,3
28,902,4.0232290412091025,5
28,1210,3.779017397870584,5
28,2881,4.0,3
28,3101,3.548574575821457,2
29,2662,3.8892184866248574,5
30,3155,3.0,2
31,1580,4.066295587353406,4
31,2174,3.743433294688184,4
31,3671,4.111208390712755,5
31,3675,3.9759985299252705,4
33,1103,3.6845028682878005,4
33,1278,3.695509306444117,3
33,1464,3.0,3
33,1945,3.691379331762254,3
33,3095,3.5930011993472157,1
34,1207,4.641814194258165,4
34,2100,4.07319101020713,3
34,2248,4.185074436694724,5
34,2471,3.5372965542097092,2
35,803,3.0,3
35,965,4.0,4
35,1081,3.52802803654658,3
35,1136,3.6957341098433085,5
35,1225,3.4300573290802485,4
35,1252,4.001420279027397,4
35,1358,3.625089092847962,5
35,1704,3.5475089888898252,4
36,223,4.292940559842069,5
36,292,4.31821509311392,4
36,356,4.347130951645647,5
36,556,3.0,5
36,1189,3.0,4
36,1214,4.095066222099577,5
36,2078,4.410150838885017,4
36,2081,4.390602802219102,5
36,2288,4.054658005489325,4
36,2432,3.0,4
36,3359,4.440181539319021,5
36,3671,4.299775655004847,5
38,48,3.9778110165119793,3
38,381,3.0,4
38,490,3.0,2
38,838,3.951512127504886,4
38,2324,4.032373102547753,5
39,2599,4.574449178182367,5
39,3745,3.410614920001428,3
40,60,2.0,3
40,329,2.980062240377584,3
40,674,3.3145762190595325,3
40,736,3.765912242088427,4
40,1376,3.005828005182937,4
40,2471,3.605500604298045,4
40,2871,4.097062520839983,3
40,3927,3.0,3
41,1210,4.311435500159678,5
41,2067,5.0,5
42,480,3.7788356827392797,5
42,3526,3.875024042877708,4
44,1270,3.947646159947879,5
44,1304,4.111621114569412,4
44,1394,3.883086045128885,3
44,3011,3.0,2
45,276,2.5080282039396615,3
45,378,3.0688137199102856,2
45,435,2.813591226645199,2
45,539,3.069002064983695,3
45,1292,3.6199192580608197,2
45,1566,3.407213210825432,3
45,2355,3.0245862785256263,1
48,6,3.517369390467249,4
48,231,3.18019580997452,4
48,349,3.3863718418256408,4
48,653,3.277351968402613,3
48,1042,3.14954032801907,4
48,1193,3.713673730605532,4
48,1371,3.3510915311412153,2
48,1375,3.327642633432602,3
48,2088,3.098633962822436,3
48,2353,3.3981865303969077,3
48,2720,2.0,1
48,2968,3.1884753097972007,3
48,3070,3.2063765691870563,3
48,3438,3.2080580067332733,3
48,3462,3.514306956752809,4
49,1952,4.412495864477892,4
50,3793,2.7760127928714593,3
52,112,3.1108556589728567,1
53,21,4.433582033421863,4
53,330,2.6334148826157535,3
53,341,3.0,5
53,590,4.525994180405397,4
53,994,4.67089569342532,5
53,1407,4.416000166358488,4
53,1962,4.73667788187999,5
53,1994,4.417289954114145,5
53,2017,4.150530595809596,1
53,2106,3.0,4
53,2377,4.340286924692583,5
53,2662,4.439508578688842,5
53,2875,4.219477817734338,4
53,3044,4.552244166517522,5
53,3157,5.0,3
53,3342,5.0,5
53,3448,4.493155205552966,5
53,3917,3.366566717497708,5
54,1016,3.0,2
54,3873,4.0,4
56,1704,4.108339675779406,2
56,3114,4.455069874430277,5
58,903,4.601051243542745,5
58,1215,4.343744803280874,4
58,1247,4.482354232856778,4
58,2140,4.123368733516259,5
58,2333,4.742435520902775,5
58,2363,4.224316281697065,4
58,2891,3.0,5
58,3751,4.471578215272235,5
59,17,3.740683106502783,4
59,1207,3.5105852286212276,3
59,1296,3.5779684180572073,3
59,1959,3.685891058013629,4
59,2147,3.0,2
59,3811,3.1555064694457218,4
59,3816,3.0,5
62,265,3.7942822861219967,4
62,590,3.5315800906389727,3
62,909,4.023906753015868,4
62,1097,3.5791797257235527,3
62,1177,3.0,3
62,1735,3.0,2
62,2000,3.4826758213749276,4
62,2147,3.0,2
62,2186,4.1486089021709684,4
62,2369,3.6824297360633884,2
62,2408,3.041436813984806,3
62,3685,3.7183781891241807,4
62,3702,3.532136437059137,4
62,3703,3.539929933579423,3
63,1682,4.532689678019954,5
63,2392,3.0,2
63,2502,3.338513521064839,5
63,3005,2.8488917921665724,2
65,1518,4.311974238828442,4
65,3386,4.533075297686623,5
65,3948,4.5762136209742446,3
67,1678,3.0,5
68,3827,3.0,2
68,3863,1.0,4
69,509,4.4565006653302985,4
69,1233,4.052860066462925,4
70,908,4.030757884191762,4
70,2987,3.7604812621647055,5
71,3005,4.0,4
72,593,3.741922379599613,4
73,47,3.6618271510301943,3
73,66,3.0,2
73,112,3.5606688264963497,4
73,153,3.3417710746421707,3
73,356,3.5903647980748565,4
73,1222,3.6915220394669253,5
73,2701,3.313562645838859,1
73,3527,3.5171600699923733,3
73,3767,3.0,3
75,146,3.0,3
75,1359,4.612247364786439,5
75,2012,3.914492297478576,5
75,2053,4.2572207384949134,4
75,2394,3.305779343240956,5
75,2555,3.0,5
76,2289,4.7711647904337875,5
76,2700,4.578886145085724,4
77,3005,2.928779170275577,2
78,357,3.7438912817353396,4
78,918,3.9187161847885323,5
78,1914,3.0,4
79,3409,4.0,4
79,3744,3.0,3
80,3157,3.0,2
80,3247,4.064061098400791,4
81,913,4.624507597317137,5
81,1348,3.0,5
81,1952,4.623706566773233,5
81,3629,4.6822864601545024,5
81,3742,5.0,5
83,1654,3.0,2
83,2959,3.397496593940815,5
84,110,4.299218419009505,5
84,2571,4.248045460762365,5
87,1197,4.107936402858817,3
88,527,4.461606716892716,5
88,923,4.359607464038959,5
88,1208,4.380951382245751,3
88,1221,4.372292046401772,5
88,2028,4.375030755464048,5
89,1704,3.717928160157726,4
89,3740,1.0,3
90,708,3.6654274805896936,3
90,1459,3.7582012193419714,3
90,2278,3.78718975345253,5
91,921,4.787811131352725,5
92,303,2.471202569003743,1
92,592,3.19977582471216,4
92,736,3.038140436868526,2
92,900,3.907698457977826,3
92,1997,3.5211765819448613,2
92,2571,3.0902607492011547,5
92,2720,2.0,2
92,3078,3.0,1
92,3824,3.0,1
93,3107,3.206201139995234,3
95,73,3.0,3
95,527,3.7690185804381806,4
95,593,3.752314763065293,5
95,2321,3.231048094605577,3
95,2353,3.7444550989851058,5
96,1028,3.9035005860319525,4
96,1265,3.695605298229413,3
97,296,4.420997832981163,5
97,912,4.57700046371846,5
97,1244,4.379292694857344,4
97,2664,4.421303227205047,5
97,3097,4.718233234110891,5
98,318,4.114493777133641,5
99,2352,4.025673432262349,5
99,3743,3.0,1
101,485,4.723206965634605,5
101,2409,4.590164026434261,5
102,2398,3.6911028511500708,5
102,2714,3.0,3
102,3535,1.6432660587373464,2
103,15,3.0,5
103,517,4.105714035592024,4
106,357,4.141589759655341,3
106,920,4.204701310544602,5
107,1084,3.843606898634034,4
107,1242,3.96559826290014,4
107,3467,3.7012816943319673,3
109,594,4.110366374642093,4
109,919,4.029697218304062,4
109,1247,3.9521174213856742,3
109,3028,3.0,4
110,1377,2.880657675443628,3
110,1645,3.630829937184168,3
110,1912,3.8670524309493737,5
110,2194,3.235058542028444,4
111,367,3.8116607775306366,4
111,1147,4.0,4
111,2006,3.895368465925256,3
112,1284,4.643124758893242,5
113,2858,4.112722047326113,5
113,3745,3.4175160770219657,5
114,260,3.8681968280343733,4
114,1028,3.8262515328019773,4
114,3471,3.969946350885155,4
115,3751,4.362820787037399,5
116,2161,4.168647347775687,5
117,329,3.651186453576562,3
117,1378,3.578618536878893,3
117,1996,2.7424718895740208,2
117,2026,3.3447041940715128,1
117,2153,3.4766172553671515,2
117,2167,3.6311025104213113,5
117,2353,3.5906521159559164,3
117,2633,4.638983185335071,5
117,3694,3.0,2
117,3859,3.0,1
117,3941,3.0,1
118,1,3.889482177715478,3
118,39,3.8278214141558835,4
118,592,3.7862014077086874,4
118,941,3.0,4
118,1517,3.9094593233860793,4
118,2105,3.7451800988984316,3
118,3827,4.0,3
119,709,3.364125161696005,2
119,2485,3.4618132899750687,4
120,1247,3.838162551460447,4
122,44,2.599444963730683,1
122,223,2.69810420165755,4
122,1387,3.254188400055124,2
122,1676,2.6391452241386797,1
122,1690,2.8390126575291674,3
122,2273,2.815751501489086,2
123,50,3.768632664826238,4
123,373,3.5204799697321705,3
123,904,3.7432104299109668,4
123,1083,3.0,3
123,1094,3.8130613216046583,4
123,1198,3.5226090083869885,4
123,1307,3.4855039272614827,3
123,2112,3.803471361037145,4
123,2121,3.522155854407401,3
123,2541,2.9696919522097027,4
123,2599,3.744071982962557,3
123,2745,3.99825792096186,5
123,2750,3.3831089889468595,4
123,2762,3.4715346305927985,4
123,2789,3.3187578876004196,4
123,3256,3.4562583649526837,3
123,3287,3.0,3
124,457,4.08922507044915,3
125,2944,4.412835719614301,5
126,412,3.0,5
127,158,3.0,4
127,457,4.112261380378818,5
127,2571,4.115311953881368,4
127,3175,3.971553123572139,3
127,3510,4.3105299895137295,5
127,3895,3.0,2
128,3132,3.0,4
128,3154,3.0,3
128,3751,4.758927138310866,5
129,736,4.17835299210651,4
129,1201,4.293268492899196,5
129,1265,4.271124177362656,5
129,1954,4.281446133296989,5
130,10,4.486592278088374,5
131,144,4.0,2
131,589,3.347028543420006,5
131,994,4.122898672651043,4
131,1310,3.0,4
131,1717,3.023170047264999,2
131,1957,3.8603329025264252,4
131,3006,3.657391685449821,4
132,3157,3.0,4
133,589,3.777104000749689,1
133,1617,3.3051375106930783,4
133,1660,3.0,5
133,2371,3.5452793880754503,2
134,880,2.108776929458137,1
134,1438,1.9646098618858039,1
134,3623,3.2382252778961877,2
135,2723,4.177695356327027,4
136,440,2.7482831640098824,1
136,441,2.8233684281941573,1
136,508,2.8754050905898714,3
136,585,2.804991321876769,3
136,1193,3.1581450201037695,4
136,1396,2.6394855654909466,1
136,3869,2.3450828524199023,3
137,1213,3.7872144568687114,4
137,2268,3.725655326543646,4
137,2959,3.5423694615693804,3
137,3053,3.0,3
137,3203,3.4622027662532187,4
138,866,4.671533212576799,3
138,2194,4.0190136772895535,4
138,3019,4.653575100376324,4
139,353,4.043569558525347,4
139,610,3.906809330643574,5
139,1104,4.067199076121055,3
139,1967,3.9284548161819783,4
139,2003,3.932876305741654,3
139,2137,3.9751779909978078,4
139,2336,4.499438014990579,4
139,2467,5.0,5
141,913,4.28159246506114,4
141,3801,3.0,4
142,1885,3.4783878858309,3
143,480,3.913410785269147,3
143,2759,3.0,3
144,588,3.5406451323683257,3
146,923,4.293101335625963,4
146,955,4.427822461548274,4
146,2140,3.7134469799220415,2
146,2145,3.9252292637010497,3
146,2468,3.789158012899528,4
146,2644,3.778798754089649,3
146,2648,4.1704097477241815,5
146,2872,3.752960008755325,1
146,3196,4.482427346235481,4
146,3550,3.4961729348052737,3
146,3700,4.0,4
147,780,3.723871294286218,4
147,1615,5.0,3
147,1792,3.572231302186445,3
147,2959,3.8682194389317965,5
147,3274,3.3375344939953524,3
148,260,3.972863839834864,5
148,426,4.017688773637414,4
148,442,3.79093668403509,4
148,1299,3.789733435921844,5
148,2403,4.015355553546461,4
148,2427,3.9373174507096325,3
148,3430,3.7842148278789955,5
148,3510,4.334147567965436,4
148,3593,3.0,3
148,3668,4.0,5
149,356,4.138067758521216,3
149,357,4.335848283604917,4
149,464,3.2751418564433368,4
149,507,3.5395227202961066,4
149,552,3.7345179649642795,4
149,1910,3.0,3
149,2916,4.145697177218632,5
149,3083,3.0,4
149,3107,3.952142773268289,3
149,3108,4.382144913434148,3
149,3396,4.4914718577966415,4
149,3555,3.9525414231766374,4
149,3793,3.6969968813266445,2
149,3895,3.0,1
150,708,4.298189190224019,4
150,1294,4.254285739172685,5
150,1299,4.371763941319031,4
150,2013,3.686247704043449,3
150,2333,4.10627548484588,5
150,3095,4.437671905492767,4
150,3408,4.201239849469912,3
151,25,4.204265045720836,5
151,173,3.311808998681817,2
151,353,3.7250223543183303,4
151,480,3.97928944158021,3
151,605,3.3348894995064233,2
151,780,3.8846373558634344,4
151,1211,3.493758334976454,5
151,1286,4.208211079415844,4
151,1381,4.02187175603104,2
151,1517,4.121981401330705,5
151,2091,3.0,3
151,2150,3.87116735738442,4
151,2352,3.914488388711544,3
152,2791,4.423340754157138,3
154,951,3.0,5
154,1248,3.0,5
154,2683,2.9709724980619754,2
155,432,2.1931517964971143,2
155,1581,3.0,2
156,7,4.2718754139722765,5
156,378,5.0,5
156,1393,4.304107174080748,4
156,2399,3.0,3
156,2605,3.8092595220666814,4
156,3528,4.467194980168086,5
156,3614,4.418347337024893,4
156,3809,4.440596951880461,5
157,1,3.767339271129663,5
157,535,3.9936390119209384,4
157,610,3.4491397311523992,3
157,1240,3.776741210354021,4
157,1371,3.5066499146005436,2
157,2058,3.694741425424397,4
157,2145,3.5736026987607827,3
157,2349,4.005656074328195,4
157,2369,3.6453011663930437,4
157,2406,3.6745922161354407,3
157,2905,4.0,4
157,3672,3.0,3
161,541,4.401978213774765,5
161,800,4.564530230782697,5
161,921,4.6274916126626024,3
161,1300,3.9684763507227836,4
161,1302,4.449736190130097,5
161,1387,4.4930190516204656,3
161,2176,5.0,4
161,3135,4.75764533578553,4
161,3363,4.559211698221068,5
161,3507,4.518360948963192,5
162,19,3.975658160917883,5
162,2541,4.009750929520672,3
163,552,2.4195454974985995,3
163,593,2.8463102421170166,3
163,608,2.8067794636890855,2
163,695,3.0,2
163,891,1.9253552326634167,1
163,1222,2.8089342659683805,3
163,1623,3.0,2
163,1923,2.766704403025435,3
163,2006,2.5830719622964593,3
163,2288,2.844264586482557,2
163,2514,1.6330120167366218,1
163,2560,3.0,1
163,2965,3.0,1
163,2995,2.165407602080637,3
163,3484,2.567292346324994,2
163,3510,3.390677365885002,4
165,2791,3.7842211538521004,5
165,3922,3.0,4
166,288,3.9194414752260083,4
166,344,3.5062798739613807,4
166,367,3.8163652128464145,2
166,1032,3.815944363719076,4
166,1046,3.0,5
166,1059,4.124799275414024,5
166,2699,3.663844019574529,4
166,2803,3.5535019344522922,3
167,2424,2.869795241024081,3
167,3565,4.0,3
169,260,3.8643014603452546,5
169,442,3.90237292872087,4
169,1101,3.8937407190955056,3
169,1147,3.0,4
169,1928,3.0,3
169,2161,3.9044593886502708,4
169,2580,4.058176320729436,4
169,2759,2.0,4
169,2841,4.351513131546183,3
169,2949,4.1507496422637065,5
169,2997,3.9384255453078647,5
169,3450,4.055355092270995,5
170,480,4.096272650308916,3
170,1080,4.526897211375533,4
173,260,4.034426268451269,5
173,708,3.6784685762407796,2
173,1077,4.336467687564564,4
173,1103,4.47818241434582,4
173,1198,4.046939856766795,5
173,1211,4.402090115265309,5
173,1213,4.111885248450632,5
173,1226,3.655338128139115,4
173,1288,4.044717455931419,5
173,1292,4.357390817625909,3
173,1608,3.6499209349112536,3
173,2238,3.0,5
173,2916,3.8400584974782626,4
173,2927,3.0,5
173,3504,4.449000518985629,4
173,3678,3.0,3
173,3718,3.0,4
173,3720,3.0,4
173,3897,3.9978027594871888,3
174,494,3.7709277313731557,4
174,1304,4.182641768820819,4
174,2006,4.0422521625823045,3
175,945,4.678530383016372,5
175,1079,4.138635816439347,4
175,1635,4.154297483868628,5
175,1721,4.019563493079982,4
175,2144,3.931893233827198,5
175,2424,3.835568948872976,4
175,2504,3.0,4
175,2762,4.1917088464786385,4
175,3100,4.104955009960724,4
175,3127,3.0,4
175,3397,3.9818648722764465,3
176,3715,3.0,4
177,1198,3.7765383924261604,5
177,2174,3.818047318301395,5
179,1246,3.4238118856423374,4
180,608,3.9181920934548757,4
180,3510,3.353765810432063,4
180,3618,4.0,3
181,95,3.674443387852058,3
181,173,3.1896631630290138,1
181,648,3.7989884460112715,4
181,1395,3.9349490993994354,4
181,1674,3.8990680551181542,4
181,2716,3.7604764788651805,5
181,3552,3.918444391177136,5
181,3694,3.0,1
182,312,3.0,2
182,2599,3.9836163438836456,2
183,1293,4.130944548855307,2
183,1997,3.889403397909666,3
183,2475,3.0,5
185,168,3.7010345832590072,4
185,1586,3.6886283904068167,3
185,1792,3.6941402790761884,3
185,2916,3.7553132301162226,4
186,596,4.213518853016531,5
186,1030,4.140214867399903,2
186,2096,4.169887768995085,3
186,2123,4.2372479464251755,3
186,2581,3.829050912429324,5
186,3000,5.0,5
187,11,4.209239449570171,4
187,803,3.0,4
187,1594,4.61553123832542,5
187,1611,4.509672957513416,4
187,1614,4.102510240831839,5
187,1785,4.0,4
187,2333,4.652789241406834,5
187,2391,4.220493022642076,4
187,2396,4.126936165141274,4
187,2490,3.575299983104765,3
187,2678,3.0,5
190,899,4.301240052900707,2
190,1080,4.011137514043481,4
190,2000,3.844161926065095,4
190,3422,3.0,2
191,424,3.0,2
192,50,3.716980814962804,5
192,144,3.0,3
192,468,2.779160562790874,2
192,539,3.334795147312979,3
192,671,2.992284925757767,3
192,673,2.619380104226663,1
192,788,2.862585120757544,2
192,1060,3.8463275839809796,4
192,1200,3.52788377924363,4
192,1214,3.211658467560924,4
192,1270,3.5509829312190586,4
192,1730,3.0,4
192,2059,2.1906603061260297,1
192,2688,3.8336882311470952,3
192,2797,3.240559944321535,3
192,3481,3.837207390045735,3
192,3949,3.6703798818854767,5
193,21,3.8602835824834663,5
193,50,3.823403527157556,5
193,588,3.8832122398624564,4
193,2565,3.7651803831127886,4
195,340,3.0,5
195,495,3.0,5
195,520,3.5761846687380747,5
195,926,4.48806973803874,5
195,928,4.206770863137891,5
195,954,4.510983257204734,5
195,1037,3.616381574015501,5
195,1193,4.416902088850306,5
195,1216,3.0,5
195,1225,4.123903324428762,4
195,1298,4.320974019332506,5
195,1374,3.7025890516898703,3
195,1693,4.0,4
195,1812,3.0,5
195,1891,3.0,4
195,1994,4.043355331561931,3
195,2143,3.7537344132495587,5
195,2174,3.7982931486493334,3
195,2355,4.0833078007525945,4
195,2407,3.6465090020205664,4
195,2643,3.180488819284905,2
195,3192,5.0,4
195,3408,4.248908882470326,4
195,3536,4.320205059685247,3
195,3697,3.5926136966902567,4
198,260,4.032822739482638,5
198,380,3.910334797004826,5
198,546,3.051145382934535,3
198,1125,3.889415400216614,4
198,1370,3.907277780860039,4
198,1375,3.887153342584539,4
198,1911,4.025109628218045,3
198,2990,3.7293147646894127,3
198,2993,3.979351252421235,3
198,3948,4.223564383588811,5
199,357,3.5906970083245304,3
199,1271,3.0207419816193783,5
199,2012,3.602175975524431,5
199,2597,3.0,4
199,2944,3.9394114220143837,5
199,3826,3.0,2
201,802,3.5258527502918713,3
201,1894,4.396229899194655,3
201,3299,3.0,3
202,21,3.6950465439787425,4
202,350,3.997894964793391,3
202,423,2.6069424377531436,4
202,748,3.289330106242372,3
202,1042,3.923809724647433,3
202,1213,3.8702202029864194,5
202,1359,2.764018865782262,2
202,1371,3.563060710260243,3
202,2004,3.0977789618328546,3
202,2269,2.9894303791490575,4
202,2328,3.179596763089917,3
202,2948,3.829053595217747,4
202,3208,3.271904552025232,2
202,3421,3.8237035910146338,4
202,3438,3.38499271359345,3
202,3525,3.703598596027818,2
202,3552,3.827437000609253,4
202,3578,3.952681280683845,5
203,493,3.0,2
203,509,2.2302501421073737,2
203,590,2.4856936663008327,2
203,2908,3.124558659974972,1
204,337,3.8448785540172548,4
204,761,3.0,2
204,1234,4.1378306241902685,5
204,1682,3.957875808035373,4
204,2135,4.047372343357742,3
204,2268,3.988039307374528,5
204,2334,3.3281282050080745,3
204,2701,3.949393803255127,2
204,3147,3.8004996450264863,5
204,3255,3.4843290985204405,4
204,3256,3.4998900763715945,4
204,3513,3.0,4
204,3793,3.333113590586505,4
205,111,4.252606177608199,4
205,1259,4.175315572915061,1
207,2160,5.0,4
208,58,4.115277378026201,3
208,318,3.8347313988082656,4
208,1208,3.8517923672319796,5
208,2683,3.399849773138119,2
208,2710,3.6936468446825153,3
208,3705,3.0,2
209,2434,3.0,3
209,3861,3.0,3
210,1754,4.781131173213041,3
210,2701,4.653539840552144,3
210,2720,3.0,3
211,1544,4.463300181306066,4
212,593,3.925293682215385,4
212,908,3.854240502290861,4
212,1197,3.921879303050355,4
212,1968,4.025938658845854,4
212,3418,3.927298298233699,3
214,485,2.919966882194983,3
214,673,3.086933968069898,2
214,1405,2.9803149623815894,3
214,2542,4.011434066303822,4
215,356,4.589460159954784,5
215,1094,4.821253012827503,2
216,39,3.0132399969058015,3
216,119,3.0,5
216,344,3.051303551889941,4
216,374,2.7756694092904834,1
216,1172,3.407068954093233,3
216,1378,3.3521160777357686,3
216,1554,3.0,4
216,1663,3.229561373536628,5
216,2018,2.937719580820087,2
216,2396,3.5430819376038896,4
216,2772,3.0,2
216,3064,3.0,2
216,3099,3.252766349729253,2
216,3108,3.458000416286152,4
216,3450,3.4355003217912636,5
216,3524,3.421465691362862,3
216,3928,3.0000000000000004,2
217,1101,3.5586060908403216,5
218,24,2.8451598882158353,2
218,2724,2.86665456705346,3
218,3578,3.5813352182888245,5
219,3911,3.9047281045196782,4
220,2628,4.743170693693432,4
222,1376,4.297795316292807,3
222,2693,3.0,4
223,353,3.6421972036363597,4
223,500,3.763408235147335,4
223,1377,3.533752475466546,4
223,1438,3.2643820422420022,3
223,1801,3.6866297511521844,5
224,593,3.643754217755499,4
224,955,3.657953907070293,3
224,1394,3.750867079041274,1
224,2355,3.6504939869115423,3
224,2728,4.272589397874897,2
225,457,3.70685262978327,3
225,1240,3.7466446195832512,4
225,2599,3.9433849169581765,3
225,3253,3.7639131901459044,2
225,3547,3.0,3
225,3823,3.0,5
225,3949,3.3435591863701073,5
227,3175,3.7415517623252597,3
227,3219,4.017645827531521,4
229,34,3.5102618290910366,3
229,1196,3.425378579229266,5
229,1372,2.547218152908904,3
229,1711,3.535057956348695,3
229,2087,3.445864839230447,2
229,2718,3.0,2
229,2908,4.27381495551257,5
229,3598,3.0,4
230,1096,4.002745869679065,5
230,2068,3.0,4
230,2686,3.0,4
232,339,3.4845966633491545,2
232,2759,4.533821276162087,4
233,364,4.789000038249156,5
234,1619,5.0,4
234,2971,3.0,5
235,25,4.362619151876483,4
235,497,4.258411280066464,4
235,1231,4.322427813795739,4
235,1274,3.8690151014861933,3
235,1885,4.615556642039509,4
235,2312,4.2291378514401154,4
236,541,3.6507103427954615,5
237,317,3.8129685792257817,4
237,3252,3.884415355816649,4
237,3354,3.93336631614934,3
238,1263,3.9710312849051492,4
238,2904,3.0,5
238,3108,3.7127271533408157,5
238,3200,3.6762204982258657,4
238,3424,3.745789985923281,5
238,3724,3.5246439518922617,4
240,317,3.317374946660312,3
241,1196,4.060641506166522,3
242,47,3.1376205604110003,2
242,785,3.207795468639288,3
242,1215,3.6033498592698647,3
242,1234,3.2173083455484943,4
242,1373,3.62854781905964,2
242,1610,3.0486723292330056,4
242,2692,3.3371805147937397,5
242,3535,3.458444480071784,5
244,910,4.36653711506468,4
245,122,3.0,1
245,921,3.251536163513549,3
245,952,3.2428796260633215,4
245,1083,4.0,3
245,1094,3.3146155970945532,3
245,1103,3.4713567660951634,3
245,1407,2.8318694840346303,3
245,1422,2.5238647406055468,3
245,1938,3.503112913528925,4
245,1967,2.78673679868623,2
245,2194,2.884593993599748,4
245,2273,2.5783795334135173,2
245,2421,2.387741697990676,1
245,2916,2.8133944593477342,3
245,3385,1.64156022905855,2
245,3430,2.2832219216284786,2
245,3927,3.164937765981962,3
247,3753,3.8801466941009166,3
248,1210,4.285444638143788,5
248,3755,3.6740407844272913,4
249,10,4.195464709134853,5
249,1617,3.881470585603019,5
251,32,3.6242699512520793,2
251,1047,3.7393529337005535,3
252,589,3.969797472112984,5
252,1544,3.9107918890021613,3
252,2028,3.9785226701655843,4
255,47,4.140371369288138,4
255,799,4.0,5
255,1090,4.199320115070535,4
255,1101,4.170613038189837,4
255,1124,4.449485104152194,4
255,1240,4.126254298759841,5
255,1394,4.220067431502096,4
255,2046,4.066898430265689,4
255,2139,3.750394590424394,4
255,3147,4.233971260334704,4
255,3702,4.129122162977389,4
256,969,4.576596855148617,5
257,266,4.6061734118680375,5
258,316,4.035933929076817,5
258,3755,3.834062949284004,3
259,318,4.236370431574653,5
259,480,4.104049946011681,3
259,1357,4.409307849011548,5
259,1784,4.146803119128819,4
259,2321,3.751038764871095,4
259,3450,3.9768408814766447,4
260,204,3.3812863152247243,1
260,940,5.0,2
260,2126,3.701876430357178,3
261,313,3.0,3
261,353,3.6526330708038435,4
261,2568,3.0,2
261,3082,3.680220855669672,2
261,3867,3.0,2
263,39,3.5445133587079827,5
263,2115,3.8060143228422065,2
264,364,3.030874618632423,3
264,1021,2.8713031551185693,2
264,1027,2.583739831993687,3
264,1029,3.0901722473850533,3
264,1148,3.357897461202474,3
264,1262,3.341970929370215,3
264,1271,3.277605706795445,2
264,1380,3.064592976447366,3
264,2122,2.188250442864385,1
264,2406,3.0094137807751444,2
264,2948,3.022402138320159,3
264,3421,3.0712953859490795,3
264,3770,2.738567539510357,3
265,745,5.0,5
266,1734,3.0,3
267,60,3.0,4
267,587,3.5032227355015984,3
267,3730,3.5021384594916727,4
268,1100,3.800424899612646,4
268,1197,3.769287532405314,5
268,1339,3.079031774583415,1
268,1586,3.6636677730881617,3
268,2011,3.593325032579941,4
268,2340,4.0,2
268,3146,3.0,3
268,3173,5.0,3
268,3361,3.6818650522152843,4
270,1479,3.9896964307065415,4
270,2657,4.079475205476169,4
271,784,3.6750025653610052,2
271,1200,4.155920114633016,3
271,1513,3.841828174444902,2
271,1591,3.7800838061925544,2
271,1610,4.140680220771843,5
271,2015,4.113729605779746,3
271,2019,4.387256804849251,4
271,2137,4.278287098851262,5
271,2174,4.182865873152767,5
272,81,3.755633287812951,1
272,110,4.251344064809888,5
272,2006,4.077776408672755,3
272,2028,4.2413265455851885,5
272,2433,3.913848895872999,4
272,2642,4.071996399880835,3
272,2694,3.660236587650655,4
272,2699,3.746791589334687,4
272,2808,4.017390123273157,4
272,2985,3.904566251864601,5
272,3098,4.592951008695169,3
272,3307,3.0,4
272,3441,4.200939507465729,3
272,3526,4.346021247452904,5
273,3801,3.0,5
274,592,4.632611594797426,5
274,912,4.759440650933536,5
274,920,4.824819737444209,4
274,3285,4.0,1
275,1079,4.429150617298025,4
278,1991,3.712692479239377,5
278,2119,3.7541290654156754,4
278,2328,4.126247625378402,5
278,2617,4.304752599516475,5
278,2656,3.257231539332722,3
278,2789,3.9230522845943208,3
279,110,3.1962673858745143,4
280,2599,4.591193643888692,4
281,1193,4.276827909253566,5
281,1610,4.160894466645116,5
283,356,5.0,5
284,652,3.0,2
284,1031,3.121581133529415,3
284,1645,3.5344012554283353,5
284,1971,1.4110975952136997,1
284,2143,3.7975625044321193,5
284,2840,3.8107032303482655,2
284,2985,3.515962783607705,2
284,3745,3.8001307989958386,5
285,858,4.239354245962132,5
285,902,4.461238178125218,3
285,2988,4.605906816468818,3
285,3101,4.2710655114813365,5
285,3342,3.9848434628937848,5
287,1213,4.01671526925007,4
287,2669,3.0,3
287,2861,3.0,3
289,3104,3.9222676996320285,4
290,293,3.508478998852518,5
290,2108,3.4568688562672185,2
291,1207,4.027207951429528,5
292,32,3.8910429234001236,4
293,348,4.0038261087929925,3
293,667,3.0,1
293,1674,4.108066105221186,4
293,1987,1.0,1
293,2065,4.449036360871644,5
293,2167,2.187995366696758,1
293,2268,3.481226453841502,4
293,2336,4.180771966539955,4
293,2402,1.0,1
293,3100,3.9475851468637493,4
293,3424,3.9388032024381197,5
295,2000,4.429591173958901,5
295,2428,4.504597753973549,1
295,2841,3.2805332618572725,4
295,3298,3.8680099683925615,5
296,2363,3.7792906429343582,1
296,2702,2.0,1
297,232,3.0,4
297,562,4.345914784769016,5
297,1449,3.5763756874308457,5
298,2321,4.0,4
298,2399,3.0,3
299,14,3.0,4
299,1080,4.3455079839240005,4
300,47,4.276839902343754,4
300,457,4.304845881243896,5
300,3635,4.296275988130673,5
300,3868,4.477594552543104,5
301,111,4.732256365634491,5
301,223,4.321131741374554,5
301,265,4.370510723640954,3
301,2117,5.0,3
301,2387,3.9461677221483082,1
301,2693,3.0,5
301,2858,4.430505423195308,5
301,3273,3.207037187664475,1
301,3298,3.9926917983481,3
301,3869,3.7511542267673543,4
302,19,2.6794557657520226,3
302,248,2.0,1
302,296,3.7332337512026177,4
302,414,3.0,2
302,494,2.5376610236057506,4
302,541,3.422778442601092,4
302,1288,3.789353943497518,5
302,1391,3.08770616438877,3
302,1445,1.4870388707235247,3
302,1485,3.2260712502577533,4
302,1646,3.0,4
302,2046,3.1573663168389734,3
302,2138,4.0,3
302,2311,3.0712995994821135,2
302,3593,3.0,1
302,3623,3.7285679167352215,4
302,3861,2.006978394042711,3
303,608,3.9246475735997457,4
303,1089,3.822023287311163,4
303,1233,3.998989196638387,5
303,1234,3.9865555943876236,5
303,2973,4.054490366876038,5
303,3684,4.01993733043447,4
305,1214,2.991216782006314,4
305,1988,2.0114369723788443,1
305,2160,2.9448922802314175,2
305,2693,3.0,2
306,165,4.0088043623534215,4
306,223,3.872603381671868,4
306,1089,4.192404396472844,4
306,1777,4.159007293057883,4
306,1784,4.233011390740479,5
306,2003,4.223284678636603,5
306,2028,4.187320576020816,4
306,3596,3.0,2
307,36,4.356086523598787,5
307,920,4.661763475448028,5
307,1226,5.0,5
307,3359,4.825257955243346,5
308,1032,3.6468851021835302,4
308,1268,3.779900687318112,4
308,1272,4.019430328473315,3
308,1288,3.7778983664443,4
308,1343,3.522465503246407,3
308,1350,3.430150087993688,2
308,1717,3.0651758861651484,2
308,2916,3.600067784460267,3
308,3000,4.0,4
308,3701,3.232646397437099,3
309,1198,4.223052812678796,4
309,1909,4.175523431101161,4
309,1917,4.141406442717327,4
309,2699,4.186725413366142,4
309,2985,4.179816892222244,4
309,3366,4.219664326025155,4
310,586,3.312037836537321,2
310,589,3.450847274822284,2
310,1197,3.547891636784694,4
310,1517,3.489521088324533,2
310,1593,3.3843055137636786,2
310,3753,3.6994836768071586,4
311,1198,4.493057282003499,5
311,2115,4.120333079022784,5
312,3011,4.0,3
314,920,3.943395046269722,4
314,1124,3.994430610609144,5
314,1189,3.0,4
314,1213,3.766724157610974,2
314,1610,3.9091331282281887,3
314,1694,3.319256241931171,4
314,2160,3.3448926631596345,5
314,2599,3.6326903272164794,4
314,3296,3.0,4
315,951,4.417605812431404,4
316,2346,3.806369106332335,4
317,2804,4.0,3
318,2070,4.0,3
319,19,2.4496844252564753,1
319,597,3.3553148062371307,3
319,934,3.0,3
319,1079,3.735959400800622,3
319,1307,3.7402111803806264,4
319,1541,3.281638938476123,2
319,1545,3.0,4
319,1605,3.0,2
319,1610,3.6188386342392005,3
319,2028,3.7458921043650735,4
319,2065,3.8577097725085916,3
319,2231,3.38052563553285,3
319,2313,3.999118736105893,4
319,2385,3.0,2
319,2916,3.6221239190702823,3
319,3257,3.1320518112865865,2
319,3359,4.075054304326298,4
320,3753,4.780553804509515,5
321,329,3.0148643112860314,3
321,606,2.0,4
321,648,3.4029804036002207,3
321,1183,3.788142815256913,3
321,1342,2.4937718263229764,5
322,3871,3.0000000000000004,5
324,3316,3.0,1
326,1210,3.585091630007992,3
326,1215,3.2401265459120094,3
326,2001,3.4230151690591177,3
326,2518,3.566653592801817,4
326,2739,3.4653681379938575,2
327,246,4.1570455959745,4
327,953,3.803902965957844,5
327,1179,4.006609415467852,3
327,1248,3.8915462362011093,5
327,1678,3.0,3
327,3188,3.0,4
327,3362,3.800327140065479,4
328,1676,2.9885851259271377,4
329,3,2.4921535573367044,4
329,196,2.6986175127498147,1
329,252,2.8020844901268664,4
329,546,2.1631166303649367,3
329,1253,3.140716476243102,4
329,1457,2.4487444556978515,2
329,1485,2.947600298485227,3
329,1566,3.409562974873545,2
329,1835,2.4288107697217995,1
329,2145,3.063665314194308,2
329,2335,2.467745070728628,3
329,2371,2.986626973355483,2
329,2498,3.0,1
329,2672,2.50820067759679,4
329,2798,1.7954742870286948,1
329,2840,2.821388407537672,1
329,2950,2.4900929946682413,1
329,3168,3.4518625639476546,1
329,3390,3.0,1
329,3408,3.1528639466033046,3
329,3784,3.0,4
330,919,4.444739779524445,5
330,1233,4.47875978222428,5
330,1304,4.397594856680049,4
330,3298,3.0,4
331,17,4.493852408194838,4
331,45,4.282615605269525,4
331,222,3.56980285149964,4
331,266,4.08830748159199,4
331,494,3.0972948388408663,3
331,511,1.0,3
331,1449,4.436590555533268,5
331,1694,4.564289972697614,5
331,1947,4.451222092109683,5
331,2170,3.0,3
331,2671,3.7758504300577345,3
331,2881,3.1700225443997634,3
331,3128,3.0,5
331,3510,4.1091340239782825,4
332,17,4.654428009959998,4
332,50,4.1964982878798285,5
332,150,4.30266401060124,4
333,34,3.977592064240666,3
333,346,3.0,2
333,551,3.4381193838340063,3
333,919,3.4037323242214557,5
333,948,3.6421076203578644,3
333,1067,4.999999999999999,4
333,1294,3.325011884143785,3
333,2110,2.6375405812773227,2
333,2946,4.625445664118597,3
334,916,3.7748900463885073,4
334,1295,3.0,4
334,3468,4.005964162256151,4
335,2470,2.464636317935787,3
336,32,4.637321990702563,5
336,480,4.625191135079561,4
337,748,3.9852430559029006,2
337,835,3.0,5
337,1525,3.0,1
337,2263,3.0,5
337,2278,3.9686483274108695,4
338,480,3.9183288905419627,4
338,1214,3.846130909582922,4
338,1389,3.0,1
338,1573,3.916858924355463,3
338,2424,4.0118554300491,4
338,3301,4.18086472179071,4
338,3448,3.9694307178333705,4
338,3623,4.040394880371652,4
340,2779,3.495458783520424,3
340,3608,3.1486557352009354,2
340,3751,3.8591324236315434,3
342,1375,3.638749632880799,4
342,1573,3.7488418098400405,3
342,3502,3.0,3
343,355,4.065995984105604,3
343,1653,4.149968813832657,5
343,2628,4.241628948590447,4
343,3740,4.290318495469783,5
344,266,4.324391872160012,1
344,1222,3.6903841135190714,3
344,2734,3.622589712126423,2
345,111,4.839384621808409,5
345,1231,4.72265859681919,5
346,248,3.0,5
346,608,4.474896832475791,5
346,1066,5.0,5
346,1172,4.008387254653767,4
346,1210,4.460339818360491,5
346,1265,4.399276367617013,5
346,2424,4.269253751371252,4
346,2804,4.571744994722636,5
346,2918,4.518663076547773,5
346,3705,4.0,4
347,1207,3.650359095299351,5
348,368,3.9314241278082593,4
348,466,3.891745687370445,2
348,1283,4.077866017498166,5
349,65,2.3305323598047076,2
349,553,4.005141322995388,3
349,788,3.051980005925016,3
349,858,3.840039277545669,5
349,1208,3.941237129646054,5
350,480,4.370163140140482,5
350,1370,4.329943376609595,4
351,2857,3.0,5
351,3861,3.0,3
352,76,2.6168599601451294,2
352,86,3.0,2
352,157,3.0,2
352,312,3.0,3
352,465,3.0,5
352,1200,3.919379551545678,5
352,1215,3.4887591860807703,4
352,1374,3.513615815265112,3
352,1518,3.2781159674673446,3
352,1542,3.0,4
352,1564,3.0,3
352,1569,3.551329846919298,3
352,1589,4.173388232478125,4
352,1747,3.975778837256335,4
352,1792,3.368593923253788,2
352,1801,3.0164014447805934,4
352,2114,3.5312822976497777,4
352,2123,3.5649189087438895,4
352,2294,3.62755325992057,4
352,2324,4.227807969533883,3
352,2450,3.1743549960136987,4
352,2567,3.3275322447381552,3
352,2883,3.0,5
352,3175,3.5379197065935384,5
352,3480,3.0,4
354,3593,5.0,2
355,27,3.0,4
355,516,2.7287136401970846,3
355,537,3.0,4
355,737,3.1744729761386896,2
355,924,3.956949592123309,2
355,1748,3.5578592201909163,4
355,2193,3.79258438712584,4
355,3053,3.0,1
355,3129,4.0,3
355,3160,4.022708960619218,3
355,3176,3.8776291371810454,4
355,3471,3.858408532774724,4
358,246,3.5874755208391944,3
358,920,3.6870172567620623,5
358,1097,3.734128249895806,5
358,2943,3.0,3
358,2947,3.71397151863441,4
358,3090,3.0,4
359,2706,4.0,4
362,3785,2.0432808909142746,3
362,3917,2.0,1
363,1358,4.009337283598161,4
363,2858,4.3594789988410465,3
363,3624,4.0,1
366,1088,4.087463465044297,3
366,1296,4.181824030073809,3
366,2300,4.580810803264547,5
366,2530,3.5670295395531397,2
366,2670,4.321601048682783,4
366,2707,4.520021224998221,5
366,2948,4.2296481998232345,5
366,3528,3.520492861667792,4
367,1542,3.0,4
368,172,3.2086445371248953,2
368,344,3.448490789455389,4
368,555,4.25832169303825,5
368,1089,4.2943166352219375,5
368,1616,3.1013273913923958,4
368,1676,3.372419047158024,3
368,2291,4.237555617032781,4
368,2539,3.934613294337216,4
368,3247,3.8223519269155575,3
368,3510,4.26110873326474,4
368,3717,4.003884228990704,4
369,3210,3.0858394198007697,5
369,3448,3.3947106834372676,4
372,377,4.3340897390030095,5
372,480,4.63269818843576,5
372,2724,4.504046716408146,5
373,260,3.8639950414301136,4
374,1259,4.3002562889098375,4
375,589,4.311622705058016,5
376,260,4.495223195030184,5
376,2712,4.516573421654855,5
377,10,3.7375618358584064,3
377,246,4.456583012026132,4
377,1198,4.016110875734234,4
377,2871,4.094507392192485,3
378,2355,3.821369087820383,5
379,902,4.221383133343948,5
379,1265,4.088566177944842,2
379,2671,4.178563074749577,5
380,1,4.0088754747515445,4
380,1257,3.9331445904053868,4
380,1513,3.3000272802700894,4
380,2605,3.0395554991948135,4
381,1210,4.429377426444921,4
382,1057,5.0,3
382,2797,4.322808639258604,5
383,2959,3.583111148409952,2
383,3798,3.0,3
385,2353,4.11534369553414,5
385,2355,4.198053346713373,5
386,633,3.0,2
386,673,2.4799411980471002,2
386,1500,3.5851726567575946,4
386,2124,3.263507419865696,3
386,3298,4.2066675669088,3
387,1136,3.82235215216671,5
387,3873,3.0,4
388,1285,4.079124784238291,3
388,2194,3.9689984634256747,5
389,2043,3.0,3
390,1252,4.189809829218499,5
390,1267,4.210679289895754,3
390,1635,3.984721902406656,3
390,2118,3.9183404883739863,4
390,3499,3.914314753694322,4
391,3341,5.0,4
391,3384,3.0,4
391,3430,1.8344787683185149,4
392,1292,4.049424971303634,4
392,1405,3.6153764066593888,4
392,1485,3.372693090110108,3
392,1722,3.455312343677672,4
392,2106,3.0,2
392,2427,3.7966914314841014,5
392,2750,3.7579826840856736,3
393,1230,3.5678291119067462,5
393,2599,3.578454732463347,5
394,3300,3.0,4
396,125,2.781705107539182,3
396,448,3.0,5
396,1230,4.115721138652019,4
396,1379,2.9508755274853096,3
396,1441,2.881139774180549,3
396,1961,3.563826874193323,4
396,2174,3.5644427481203422,3
397,1198,4.0,5
398,593,4.073281725834032,5
398,1078,4.56891104107448,4
398,1214,3.907591876869309,4
398,1580,3.9483742548772613,3
398,3623,3.604295972242563,3
399,2395,4.230637389753833,4
400,1257,3.866075051062969,4
401,95,3.9999746069281237,3
401,1210,4.309504825056649,4
401,1758,3.0,4
402,830,2.8752501399775627,3
402,1073,4.024406948346169,4
402,1806,3.0,4
402,2384,3.589657302934869,3
402,2997,4.111396509781108,4
402,3040,3.911289382428079,3
403,1015,3.0,3
403,1049,4.34482303428534,4
403,1270,4.006247943854301,5
403,1518,3.6914622326545294,4
403,2321,3.869594759399773,4
403,2797,3.9437822687210513,4
403,3147,4.139082789255536,5
404,214,3.0,4
405,2359,4.066452870831879,4
406,1552,3.409864048600055,2
407,1953,3.9471932192005834,4
407,2997,4.1710507583694945,4
408,112,2.675647571475067,3
408,555,3.7612754942943107,4
408,2351,3.0,4
409,608,4.11916253477446,5
409,1127,3.914414793033007,4
409,1370,4.075827291312342,4
409,1694,4.27197327072051,5
409,1704,4.123242473161008,4
409,1735,4.490570223254465,3
409,1968,3.990306675594211,4
409,2700,3.9689568040907006,3
409,2746,3.869615025728464,2
409,2908,4.0064418016301575,3
409,2918,3.9357559995619535,4
409,3252,4.304781367617854,5
410,372,3.9669330323942953,5
410,3421,4.080020365570494,4
410,3671,4.092936677851122,5
411,207,3.3047151227953275,4
411,543,3.6397908067224196,2
411,587,3.5869132005727313,3
411,1032,3.6195884515658014,4
411,1101,3.5130209426386854,4
411,1135,3.455502225308074,2
411,1272,3.8962419991492045,2
411,1463,3.0,3
411,2076,3.4381235419772143,3
411,2248,3.698337505590286,3
411,2574,3.0,2
411,2611,3.0,3
411,2686,4.201722826140318,4
411,2919,3.8188100484234395,2
411,3210,3.3442503411510085,2
411,3350,4.0,4
411,3469,3.6990893043259665,4
411,3498,3.7467688943753545,3
412,165,4.562480990221631,5
412,349,4.434549314837283,4
412,515,4.645046554362562,5
412,647,4.360471819001253,5
412,903,4.638151893651018,5
412,909,4.657872189145263,5
412,910,4.69117597377011,4
412,1127,4.677180099245945,5
412,1225,4.816655698040673,5
412,1265,4.487650841501588,5
412,1682,4.431303480754993,5
412,2100,4.483530162714469,4
412,2716,4.738525795230621,5
412,2718,3.0,3
412,2770,4.343438978391738,4
412,2829,3.0,4
412,2919,4.568683689025335,3
412,2943,3.0,4
412,3102,4.688432086598511,4
412,3396,4.496609276447731,5
412,3649,3.0,4
412,3698,4.329782026760648,3
414,527,3.38852727106854,5
414,3406,3.0,4
415,327,4.0,4
415,953,4.030109684704382,5
415,1220,3.830848655871676,4
415,1968,3.7367515608633357,4
415,2064,4.145010180757938,4
415,2150,3.7000896301377995,4
416,2712,4.131758822053899,2
416,3273,4.0,3
417,2078,4.04061220687891,3
418,1370,3.5964011769209536,3
418,2000,3.5977454864044596,3
418,3107,3.6824376523810964,4
418,3702,3.3655106268029735,1
419,899,4.637656808660535,4
420,1211,5.0,4
423,2987,1.9931297173462823,2
424,184,3.0,3
424,420,3.0930119227207102,1
424,586,3.5947577885137023,3
424,653,3.6204543009539636,3
424,919,4.280314237425381,5
424,920,4.451651029435956,5
424,1086,4.532408696733418,3
424,1090,4.164649401460633,5
424,1231,4.436467178030174,5
424,1345,3.998128210978252,3
424,1645,3.806254663755255,3
424,1693,4.0,4
424,2011,3.8763333595742524,4
424,2088,3.7422066584596845,3
424,2348,4.467182574274606,5
424,2411,3.3138875679481954,4
424,2414,4.10933043252859,3
424,2455,4.124995792868879,5
424,2567,3.5437565461790625,3
424,2668,3.4256291011063094,3
424,2898,3.114017351104997,4
424,2950,3.1924183231112413,3
424,2982,2.2861729625589717,2
424,3252,3.9354761228912105,4
424,3397,4.04197939385949,3
424,3401,3.0,2
424,3448,3.9626241230848813,4
424,3480,5.0,4
424,3709,2.683565679635654,2
424,3744,3.3350339601256307,2
424,3764,3.6861338197101317,3
425,441,3.646236894304056,3
425,2321,3.399142922128358,3
425,3684,3.263208514823315,4
426,32,4.102439275874455,4
426,260,4.187486554404786,5
426,380,4.045394887725348,5
426,527,4.173854407764727,5
426,733,4.032588138654459,4
426,1197,4.182534898305051,5
426,1527,4.0609892648284935,4
426,1616,3.8402255547694684,4
426,2427,4.264124074087892,3
426,2688,3.82563071191493,3
426,2762,3.750124817474651,4
426,2947,4.3472410135422415,5
427,110,4.250768475469579,5
427,3755,5.0,4
429,869,3.0,3
429,1304,4.050706883515306,4
429,3448,3.7391815540639706,3
431,2394,3.540488538386047,4
431,2571,4.02647779942372,5
431,3793,3.723557416532896,5
433,11,3.9798230671435206,3
433,527,3.5895367278894126,4
434,1148,3.0,5
435,1125,3.0,3
435,1459,4.005638939363011,4
435,3249,3.2309947943064294,3
436,2565,3.6586751451685693,5
436,3745,3.4448587600247578,4
438,110,3.899819235109619,5
438,276,3.2539892961750123,3
438,344,3.455034333725559,1
438,441,4.100580697501802,4
438,556,3.0,4
438,593,3.9638601832627502,5
438,1223,4.438468683547896,5
438,1256,4.339055043829177,5
438,1701,3.68998920166272,4
438,1894,2.9801090229165816,2
438,1967,3.652205106547153,4
438,2059,2.718115623450375,2
438,2249,3.2007176175748016,4
438,2428,3.1631014053068665,2
438,2628,3.951191245763209,4
438,3208,3.2669137182051853,4
438,3248,2.937557979887215,3
438,3250,4.0,3
438,3386,3.9065872585165744,4
438,3704,3.737140889344448,4
438,3827,3.0,4
438,3868,4.0535663208225,5
439,852,4.140042842434239,4
441,457,4.13286724548437,5
441,1240,4.127422762405708,5
441,2528,4.222096258891051,3
442,39,4.068458274726892,4
442,329,3.8522918328726954,4
442,915,4.470194144127987,5
442,1060,4.438436939167707,5
442,1255,3.0,4
442,1263,4.275083665801353,4
442,1283,4.079299970541902,4
442,1285,4.0618281390000845,5
442,1584,3.9682933417834447,5
442,2379,2.704844740923984,2
442,2406,3.9079167632474268,3
442,2915,4.022537258618989,3
442,3255,4.117315491569366,4
442,3499,4.09837059751958,4
442,3566,3.0,4
443,592,4.106983572087579,5
443,912,4.20277420287654,5
443,2633,3.0,4
444,608,3.907299892203104,5
444,1394,4.206049254726272,3
445,3,3.0,4
445,2530,3.2895333268937903,3
445,3204,3.0,2
445,3912,3.0,4
447,2102,5.0,5
449,367,3.592365780916201,2
449,2628,4.350454674089569,4
451,1041,4.3909250810388745,5
451,1208,4.605378076562837,4
451,1259,4.615676511330595,4
451,2997,4.537846636435304,4
451,3868,4.441399723983912,3
452,1370,4.731831055414801,5
452,2427,4.862183019081779,5
452,3928,4.0,3
453,3,3.538286988246565,3
453,1089,4.098149735314277,3
453,1204,4.420052178312663,5
453,1730,3.0,3
453,2193,3.7734118498978773,4
453,2699,3.4875960070839107,3
454,261,3.0,1
454,1282,2.7867949490952375,1
454,1378,2.5638579221174447,1
454,2243,3.4349398709888828,3
454,2371,2.8519863550844455,4
454,2692,3.7641618100803402,5
454,2881,2.928791278749583,1
454,2926,3.4443933486111846,3
454,3527,2.987043097284295,3
454,3826,3.6706344706986838,1
456,964,3.0,3
456,1197,3.6300894660983345,5
456,2917,3.439171292017216,2
457,225,3.171015969675259,2
457,367,3.959441139895292,3
457,923,4.266590851821133,5
457,1214,3.901862955692375,4
457,1242,4.16121872267602,4
457,1307,4.050763903313397,4
457,1407,3.891503581478366,4
457,2278,3.9884820978348587,4
457,3263,3.8973012764092605,4
459,1952,4.999999999999999,2
459,3948,4.742997793416551,4
461,172,3.0664390837606916,2
461,508,3.7071534161151862,5
461,1129,3.3931124959444183,3
461,1442,3.0,3
461,1707,2.0,1
461,1721,3.6650875607033857,5
461,1983,1.1539483081543545,1
461,2264,3.0,3
461,2420,3.2782892847565526,4
461,2461,3.0,2
461,2511,3.0,3
461,2527,3.6907468077895516,2
461,2990,2.8013376028247436,3
461,3101,3.7161842295657563,4
461,3248,2.4177247402702937,2
461,3450,3.3905766397466706,4
461,3501,3.487854080285386,5
462,110,3.9072840975765954,4
462,1391,3.534860924520664,3
462,2174,3.631256135716639,3
462,2780,3.0,3
462,2991,4.231281364417865,4
463,1294,3.579605288662446,4
463,2416,2.486775795690823,1
463,3552,3.0889238765036664,5
464,2682,3.0,4
465,101,3.0,3
465,1199,4.0,4
466,2109,4.113714312264548,4
466,2300,4.398512768516531,5
466,2863,4.431051238726977,5
467,2424,3.293840646204414,3
467,2858,3.2488989810750137,1
467,3398,2.730569928604434,4
468,527,3.4916074336893113,5
468,912,3.5506279485744674,4
468,2067,5.0,3
469,921,3.995096792599623,4
469,926,4.563094118008265,4
469,1136,4.170173875373424,5
469,1235,4.275344911158872,5
471,1204,4.333663606136106,5
473,953,4.217737310708622,5
473,3753,4.4286607795735,5
474,150,3.851971653455066,4
474,278,3.0,1
474,493,3.0,5
474,507,3.3100740605556536,3
474,509,3.5779194040061606,3
474,539,3.6483958630450215,4
474,724,2.6156946214617123,3
474,1351,3.0,4
474,2291,3.957144675260737,4
474,2712,4.149979348303306,4
475,157,3.0,1
475,2012,4.108324393129131,3
475,2422,3.9915872089118385,1
475,2423,4.197515511926901,4
475,2470,4.225555966094637,5
475,2657,4.25597794277021,3
475,3897,4.754617038986716,5
476,34,3.8997765884862026,5
476,552,3.9625329067398387,5
476,788,3.8414815708187553,4
476,1485,3.8053593858284214,4
476,2174,3.8400545261470325,3
476,2406,3.8449524388130483,5
476,2915,3.8748514622948758,2
476,3033,3.7610307461835943,3
476,3361,3.9335360787469686,5
476,3774,4.028232431578474,4
477,780,3.713612526769049,4
477,969,4.339914234714104,4
477,2410,3.62917225946899,3
477,3635,3.7182628958574666,3
477,3766,3.0,3
478,50,3.7141180875032433,5
478,471,3.9142185352290393,3
479,318,3.852992606087794,5
479,349,3.822804986163497,5
479,592,3.8860777645864566,4
479,2000,3.9104861611205934,3
479,2918,3.8680504558240387,3
480,380,3.4896733588293176,3
480,1193,3.9489463731691195,5
480,2858,3.7291277713170703,5
481,904,3.1742820486530823,3
481,1580,3.821351724316695,4
481,3528,4.338649551207408,5
482,11,3.3857029210928915,3
482,105,5.0,5
482,300,3.890379797253213,4
482,357,3.6061125371264557,4
482,481,3.904011205203427,3
482,537,3.0,3
482,588,3.420722051297002,2
482,954,3.676915566145942,5
482,1092,3.328102437857628,3
482,1276,3.9379438087023875,4
482,1327,2.889989211668327,3
482,1407,3.4504299449182674,2
482,1580,3.5031054768935865,3
482,1777,3.394407920671902,4
482,1883,3.7218213970804497,3
482,2022,3.0,5
482,2194,3.292881364271811,5
482,2424,3.3819379707189063,4
482,2474,3.4610504872006076,4
482,3068,3.944856693911148,4
482,3219,3.5054606585901604,3
482,3258,2.9238331088665377,1
482,3259,3.2300580387644207,2
482,3395,2.0,2
482,3502,3.0,4
482,3705,2.725039937190089,2
484,480,4.033570249775566,4
484,3176,3.8069887616941407,4
484,3354,5.0,3
484,3578,4.232379970059259,5
485,1230,4.440347184437122,4
486,318,4.187070994034337,5
490,313,2.0,4
490,480,4.032213827901098,4
491,2571,3.423356220300614,5
493,3555,3.905792369532588,4
494,239,3.7117345671355886,3
494,368,4.2689736251539765,3
494,480,4.331178279755288,5
494,2763,4.621522771048775,5
494,3061,4.463738864514411,5
495,1517,3.855517153524073,4
496,1270,4.379772707336935,4
498,1206,4.064989131162379,5
498,2710,3.332451519819756,3
498,2863,3.929035610472882,4
498,2919,3.8242171189968484,3
498,3168,3.6710925003956625,4
498,3927,3.0,3
499,105,3.0,3
499,475,3.91246532206848,5
500,2571,3.5398602140757056,5
501,1973,2.367102762081923,2
501,3578,4.130391405523088,5
502,3363,4.556846390439338,2
504,1193,4.298998121071674,5
504,1544,4.146740809269448,4
505,93,3.0,3
505,1035,4.404359438181769,4
505,1377,4.312189333829906,3
505,3438,4.028837924277355,3
506,2688,3.7434875314058913,3
507,3067,3.0,4
508,198,3.186910524388965,4
508,260,3.6642107842767966,5
508,1175,4.359669237647164,4
508,2161,3.398116118741729,3
508,2344,3.0,4
509,350,3.016403334336098,3
509,555,3.588968175715996,4
509,861,3.135207419989727,2
509,1225,3.388731141625416,5
509,1302,3.411999788480628,4
509,1357,3.8060716598463484,5
509,1370,3.2522534439421427,3
509,1769,3.113246685348096,3
509,1945,3.9976102332308474,5
509,1957,3.7368544813376423,4
509,2011,3.352578836722352,2
509,2193,3.3295173124865287,2
509,2278,3.4515396571007098,4
509,2391,3.708253877189661,2
509,2446,3.0,4
509,2450,3.051314318305164,2
509,2633,3.6182934687379653,3
509,2686,4.487683489368982,4
509,2793,2.806752383604152,4
509,3451,3.499294987119438,4
509,3708,3.093022945078755,4
510,2716,3.816335018018197,5
510,3396,4.037610925365481,3
513,216,2.4772762000939292,3
513,3421,3.693335762682494,4
513,3432,1.4444452307755313,1
514,50,4.622309468509345,5
514,2712,4.735107015495579,1
515,290,3.0,3
515,509,3.573012619889605,3
515,1251,4.486252019570345,4
515,3811,4.272937712504318,3
516,379,2.513410493345414,2
516,1873,3.0,5
516,2147,3.0,4
516,2150,2.714562243976819,2
516,2529,2.750386343247715,3
516,2662,2.9516594364921764,4
516,2712,3.9025133034134756,4
516,3504,3.3669316072353186,3
517,31,3.0,4
517,36,4.447009261028792,5
517,218,3.0,4
517,808,3.0,4
517,838,4.254051181182496,4
517,924,4.437721800387525,3
517,2085,4.238113847788439,5
517,2369,4.871814845121025,4
517,3257,3.7296392641914755,4
518,265,4.623797387176369,5
518,1057,3.0,4
518,2762,4.261386488136669,5
518,3721,3.0,3
519,1064,3.5257075187604676,4
519,2080,3.147927016767632,4
520,50,4.3024327900562325,5
520,1347,4.203634713706317,5
520,2716,3.91436328237601,4
520,2942,3.655206467818289,4
520,3018,4.368415989552839,4
521,3634,3.0,5
522,653,4.19777668692385,4
522,2641,4.110153635210456,3
523,1080,4.196347330712863,4
523,2951,4.080365997393605,5
524,34,4.288394265778069,4
524,188,4.330198964040664,4
524,410,3.8081139431191806,4
524,724,3.5033644018750665,2
524,911,3.850685475543448,4
524,999,3.0,4
524,1101,3.893485257789658,4
524,1465,3.0,3
524,1511,3.0,2
524,1531,3.0,3
524,1580,3.998950099277198,4
524,1792,3.4366925628946188,2
524,1875,3.0,3
524,2558,3.0784957349837616,1
524,2657,4.208600089189572,5
524,3041,1.0,1
524,3099,4.5738198619222254,2
524,3190,3.0,2
524,3608,4.309659146906038,5
524,3626,3.0,4
524,3702,4.213810654607969,4
524,3763,4.106282602538011,4
524,3897,4.601456193400134,5
526,1221,4.141273486573826,5
528,36,3.9790721577325963,4
528,169,3.0,2
528,193,3.0,1
528,587,3.759262142567751,4
528,597,3.764540931497988,5
528,647,4.086271129155398,3
528,736,3.650844048088287,3
528,912,3.9061032720061384,3
528,1542,3.0,4
528,2072,2.921338281103907,2
528,2080,3.8317476571171643,4
528,2497,3.0,4
528,2759,2.0,3
528,2815,3.2337603900983702,3
528,3324,3.0,2
528,3418,3.830821531622558,5
528,3461,3.0,1
528,3513,3.0,4
528,3717,3.277647443099348,4
529,364,4.173319907902716,5
529,908,4.404121046883948,4
529,1208,4.280716375373786,5
531,60,3.509100193023091,2
531,261,3.3316490126676728,3
531,364,3.7292015339833333,4
531,673,3.4240991796584077,3
531,1219,3.8266932000100655,3
531,1702,2.8638287964405467,2
531,1912,3.6490802541026772,4
531,1967,3.6267820903991566,3
531,2141,3.7557417547294474,5
531,2296,3.030589668942557,3
531,2384,2.9999999999999996,4
531,3101,3.7413121913136815,3
531,3684,3.8817648134247764,3
532,1240,3.98509108868291,4
533,353,3.3118291554577417,4
533,485,3.1138131667734252,2
533,736,3.4122730222553246,2
533,1193,4.102392633089487,4
533,1206,3.974280243763963,5
533,1240,3.709910857322908,5
533,1333,4.098639495488983,4
533,1373,3.109951387791489,2
533,1513,3.640364550127592,2
533,1882,3.1181497687466995,2
533,1909,3.5424831728832538,4
533,1917,3.390623804733654,3
533,2124,3.242590145299701,3
533,2134,3.3788417590751805,3
533,2722,3.0125272694364096,3
533,2788,3.701751534603423,4
533,2822,2.824169563798291,2
533,3087,3.4221311017507188,5
533,3265,2.5524669714434425,4
533,3639,3.7459769052812195,4
534,541,4.50721341441463,5
536,451,3.0,2
536,858,4.556393922233742,4
536,1215,4.595392232467305,4
536,1223,4.257152898792302,3
536,2686,3.0,4
536,3527,4.586347728096339,5
536,3543,4.31254003199959,4
536,3755,4.481890613018757,4
537,105,3.0,4
539,1676,3.8564552905576486,3
539,2529,3.948865724841634,5
541,48,3.673638940243575,3
541,300,3.8014543476493095,2
541,318,3.7985728546644206,5
541,1784,3.830944032267982,5
541,2138,3.0,4
542,3173,4.0,3
542,3578,3.9124242247030825,4
543,381,3.0,3
543,405,4.310596389540724,5
543,416,3.0,4
543,435,4.192980182731977,3
543,1200,4.52930282188751,5
543,1379,4.561168789441011,5
543,1380,4.318932481994276,2
543,1920,4.602207449705752,4
543,2060,3.9780194825078747,5
543,3671,4.5104774149715805,5
543,3709,3.9549890926387876,4
543,3840,3.6870728223188345,3
544,1019,4.4844860142224805,4
545,1961,4.052728436324662,5
545,2720,3.0,2
545,3752,4.0,3
546,441,3.591592612567202,4
546,1035,3.971367616559509,5
546,1247,4.242725716240972,5
546,1361,3.0,5
546,2395,3.980338354700936,3
547,541,3.6604969438475488,4
547,2916,3.9562961238601817,4
548,1544,3.2145536696059915,1
548,2900,3.0058528784024974,3
548,3555,2.839918642318323,2
548,3948,3.034536139358728,1
549,204,3.399679141727604,2
549,217,3.0,1
549,413,2.343074489816104,4
549,465,3.0,4
549,537,2.0,5
549,541,4.380882340728364,5
549,919,4.312153668925353,5
549,1049,3.6616798237871513,3
549,1094,4.278514069189697,5
549,1100,3.406010348977065,1
549,1269,4.657484114040027,4
549,1617,4.384939789715996,5
549,1619,2.4779972081094828,5
549,1752,3.198310987183658,1
549,1855,1.0,4
549,1923,3.9710016549597404,4
549,2105,4.039960715931288,5
549,2272,3.0,3
549,2447,3.1018589185775864,1
549,2565,4.538640578720899,3
549,2662,4.2846278529893125,5
549,3135,4.174714404502318,4
549,3389,1.0,2
549,3441,3.901389831803306,4
549,3502,3.0,5
549,3608,4.106249889898494,5
549,3698,3.9847581490381905,4
549,3824,3.0,1
550,24,3.5304335136850082,3
550,306,4.0,4
550,332,3.9386561208589392,2
550,377,3.7648552585931414,5
550,783,3.7155382314514953,5
550,1010,3.1680741313016543,2
550,1217,4.096417014259369,3
550,1247,4.085770781490089,4
550,1273,4.0,4
550,1306,3.0,5
550,1375,3.746325980806902,3
550,1722,3.872655509984271,4
550,1769,3.5657226619766047,4
550,1965,4.16529420568762,3
550,2003,3.9003471857612513,3
550,2053,3.2411745968039667,2
550,2096,3.8022551293085822,3
550,2151,3.0,3
550,2406,3.843524104319009,3
550,2501,4.179679463223547,4
550,2728,4.317965195206091,4
550,2738,3.0,4
550,2746,4.004650772216832,5
550,3052,4.170661447230302,5
550,3071,4.251357110884415,4
550,3260,4.058595983126235,4
551,1610,3.8481376432140517,3
551,2194,3.872792858991729,4
551,3152,4.1135265246670425,3
551,3510,4.1958835471374245,3
552,3710,3.0,3
554,2724,4.0035306644475135,2
555,745,5.0,5
556,1222,3.4702837997033384,1
556,1240,3.5376030598802872,2
556,3549,4.081657635445243,4
557,1223,3.0,4
557,1573,4.039975461303537,3
558,110,3.8019823390470604,5
558,529,4.032540557816422,5
558,1197,3.7258495615604783,4
558,1660,5.0,4
558,1956,3.886505132826746,5
558,2987,3.7410590543506217,3
560,353,4.138739127153196,4
560,736,4.0077043078293855,4
560,1198,4.245218801605014,4
560,2531,3.0187942755227644,2
560,2949,3.6191010001271144,4
560,3441,3.754798708272266,2
562,1240,4.1062968507361886,5
562,2947,4.10288052903534,3
563,160,2.5208714958365186,1
563,329,2.749793760851795,3
563,1967,3.2805363288241627,3
563,2143,2.678279171894422,2
564,2067,3.9722741938128077,5
565,2858,3.680150161378746,5
566,303,2.0365111427845513,3
566,441,3.161280316052335,4
566,610,2.7092525828834857,4
566,1092,2.7125245616850937,2
566,1489,3.0,3
566,1688,3.150598944911533,3
566,1752,1.873131560147133,2
566,1806,3.0,2
566,2367,1.855178135751869,2
566,2430,3.0,2
566,3841,2.6553921349044565,2
567,733,4.68596812347508,5
568,1610,4.814827019184393,4
569,516,4.010930932620788,4
569,2027,3.968454209712899,4
569,2424,3.96717027755203,3
569,3175,3.2725082855065644,3
570,2078,3.384265456038802,4
570,2190,3.0,2
570,2506,3.0,3
570,2687,3.368668463014263,4
570,2890,3.641816853018471,4
571,1590,3.789420350383715,3
572,2006,3.6771223131356336,5
573,1193,4.257856478526256,4
575,457,3.8480890296454615,4
575,1569,3.8818182829386325,4
575,2688,3.004662953498484,4
575,3623,3.9006847213089,3
575,3697,3.7938777997926736,3
576,1231,3.6570091199136705,4
577,1834,4.6452369045169535,5
577,1961,4.592528053634688,4
577,2858,4.619777012339766,5
577,2948,4.186574412562134,5
577,3535,5.0,5
578,608,4.161692397113619,5
578,3897,4.110897711083379,4
578,3948,4.420273542707146,4
579,2072,3.631163623241096,1
581,440,4.0218268207812855,4
582,2169,3.0,5
582,2581,4.508373113148143,3
582,2702,4.045268932528053,4
582,2706,4.186970610047408,4
583,1584,4.290095289660269,5
583,1954,4.304805382808548,5
583,3753,4.430556964299772,5
583,3759,3.0,4
584,1041,5.0,5
585,1037,3.2320848311694585,2
585,1967,3.5862968900356225,4
585,2571,3.587628176557104,4
585,2677,3.0,4
585,3030,5.0,5
585,3160,3.392584833268005,3
586,912,4.560416477213899,4
587,318,3.1067052497368475,4
587,348,3.6109899168930757,4
587,413,3.0,2
587,1219,3.34669872649049,4
587,1270,3.1204680926795163,4
587,1777,2.9461654606088747,4
587,3544,3.0,4
587,3741,3.7207013125874444,3
587,3751,3.2057872358157673,2
587,3760,3.0,4
587,3785,1.9900777254597288,3
588,235,4.025889067234607,4
588,745,4.359055609800635,5
588,901,4.426333689696006,4
588,922,4.549257399652572,4
588,946,4.588373366216222,4
588,965,5.0,4
588,1220,3.9551453941327965,4
588,1252,4.30393237128678,4
588,2657,3.928875964868289,4
588,2697,3.0,4
588,3072,4.121027602914874,4
588,3174,3.885192930498023,4
588,3246,4.192539415562248,5
588,3362,4.181845323530335,3
588,3700,5.0,5
588,3868,3.9676609158207388,4
588,3872,3.0,4
589,2858,4.028786335115936,5
590,50,4.165994733595809,5
590,190,3.0,5
590,501,3.0,4
590,2883,3.0,5
590,3786,3.0,3
590,3823,3.0,4
591,50,3.4034610089461226,5
591,928,4.20428688424666,4
591,1259,3.2003280785273143,4
591,1584,2.9087732276912335,4
591,2916,2.9938861994461763,2
593,3623,3.930776588636827,2
594,21,4.171015438117068,5
594,1441,4.602700985196076,4
594,3868,4.544091432455587,4
595,1343,4.042870135159445,4
595,2353,3.9080322253506985,4
597,2013,4.999999999999999,4
597,2164,3.0,5
597,2336,4.575079691902937,5
597,2541,4.463187185335958,4
597,2599,4.928922058750685,5
597,3752,4.3900456049265175,4
598,2683,3.0366997289862576,4
598,3203,2.47970307011315,3
598,3354,3.484945728442875,2
601,223,3.5563152036358785,5
601,485,2.653145450463402,3
601,653,3.134164057429668,3
601,674,3.2547702789970967,4
601,1090,3.413419788397493,4
601,1235,3.5892206394484343,4
601,1994,3.3248419074186875,5
601,2297,2.5542997889201415,3
601,3261,3.5177024280659013,3
601,3753,3.4984096789723105,4
602,32,3.958901215842005,3
602,198,3.707471348618247,1
602,780,3.904440226722102,4
602,1274,3.1484906776941517,1
602,1301,3.899016709219928,5
602,2657,3.9262806541441524,5
602,2672,2.6569524343108335,5
603,3189,3.0,3
603,3534,4.31805153307745,2
604,1909,3.1775332566093657,3
604,2392,3.0,3
604,2701,3.5161342826517425,2
604,2985,3.1744484810971794,4
604,3053,3.0,2
604,3753,3.925255866070183,4
605,249,3.0,5
605,1407,4.261165188232843,2
605,2761,4.75119918162193,5
606,1588,4.500205062455526,3
607,593,4.49413875660444,5
608,180,3.2265378354811105,5
608,366,3.0951034611557655,3
608,473,3.0,3
608,480,3.0546518213074654,5
608,3146,3.0,3
608,3743,3.0,5
609,3527,4.555681107664649,5
610,780,3.552956379640953,3
610,1396,3.5622663987184815,3
611,1127,3.925481211678323,4
611,3408,3.9203012007723044,4
612,893,3.0,3
612,1580,3.8768337779671014,4
613,235,3.688762855518371,3
613,247,3.7206921410036338,4
613,2396,3.750504517068778,3
617,3481,4.377192811743856,3
618,1965,3.46871822224192,2
618,2746,3.0785952356873056,3
619,3871,3.0,3
620,1377,3.409001356386343,3
620,1580,3.565166370239722,4
620,2082,2.8736273772499574,3
620,2912,3.881937401748955,4
620,3052,3.7693146651449645,3
620,3247,3.2900830635796297,4
621,541,3.7526345281815336,5
621,1347,2.753715622314327,4
621,2315,1.537072169842481,3
621,3477,3.0,2
622,2442,5.0,4
622,3068,4.364924650785907,3
622,3201,4.291094455860274,4
623,1089,4.472055680704953,5
623,1240,4.397934107562328,5
623,1917,4.002983182535583,1
624,1249,3.9356821763666257,3
624,1287,3.9882597512736435,5
624,3684,3.7377167655676393,4
624,3763,3.8992162601397586,4
625,1660,3.0,4
628,2302,4.041927507425235,5
628,3178,3.0,5
629,455,4.0,5
629,1015,3.6931417652955374,4
630,921,4.103244285044881,2
630,923,4.355345900488168,5
630,1210,4.244829411521831,4
630,1683,5.0,4
630,2020,4.451431276853041,3
631,1097,3.9440110678047313,5
631,1127,3.984985427058112,5
631,1259,3.927456899822768,3
631,1297,3.5915539626343413,3
631,1517,3.9112356906980086,3
631,2137,4.196027347719138,5
631,2371,3.676760744299228,3
631,2396,4.115903398361493,4
631,2764,4.0,4
631,3591,3.569826478072389,3
633,233,3.0,3
634,1196,4.267337301010472,5
634,2052,3.744967760207217,3
635,164,3.0,4
635,480,4.242018872549908,5
635,1294,4.367594326619481,5
635,2988,4.018638062217644,4
635,3614,3.35026060933758,4
636,1197,4.56308302360396,3
636,1240,4.5327292493152145,5
636,1347,3.9647898191617386,5
636,2193,4.466759502093661,3
636,3156,3.0,5
637,349,3.7982753895064914,4
637,440,3.6558047254214268,3
637,527,4.017351825999701,5
637,589,3.8557785010527494,3
637,903,4.106321634141118,5
637,919,4.045726761852804,5
637,1231,4.080798200630375,4
637,1956,4.231446119874693,3
637,2517,4.138391484846191,4
637,2644,4.237914628455564,4
637,2947,4.02215519334152,5
637,3157,5.0,3
637,3287,3.0,4
637,3555,3.811059952648576,5
637,3686,3.3514286392646504,2
638,2194,4.347257475467478,5
638,2288,4.099514226859655,4
639,151,3.8763192867117127,4
639,153,3.794352175509997,3
639,733,3.802777248822057,4
639,1012,3.8134566172982005,4
639,1584,3.770324902668396,5
639,1959,3.0,4
639,2041,3.0,3
639,2355,3.7572254244442274,4
639,3682,3.6272136558383132,4
640,3617,3.0,5
641,912,4.296358152303753,5
641,1193,4.298719185895453,4
641,2985,3.8628347951135686,4
642,2406,4.295220165200835,5
642,3510,4.0,5
643,2694,2.7868547972091258,3
643,2716,2.953629377257073,5
643,2772,3.0,2
644,32,3.846528428103424,4
644,293,3.7871786213307495,4
644,916,5.0,5
644,2961,3.0,1
644,3536,3.5710594780887046,3
644,3646,3.0,1
646,110,3.9246227752533667,5
646,368,3.8511926185646836,3
646,780,3.886819453020032,5
646,1210,3.922837516527843,5
646,1252,4.060085158375596,3
646,1387,3.952330946622326,4
646,1968,3.566730800603244,3
646,2194,3.5730631173613028,5
647,6,3.5328735034787644,4
647,165,3.15848118117962,3
647,329,3.0185658577534444,2
647,2582,3.0,1
648,562,4.429189035613643,5
648,728,3.0,4
648,1147,3.0,5
648,1214,3.6720022810794513,4
648,2692,4.359050604703813,4
648,3286,3.0,2
648,3317,4.449118186499277,5
650,1408,4.269764329957301,1
651,260,3.8647453362148467,5
651,1079,3.7475385830121226,4
651,1171,4.004867081586744,4
651,2001,3.4347948704001596,3
651,2463,3.6234046292486037,4
651,2871,4.172784193399304,4
651,3235,3.0,4
652,253,3.158028927601099,4
652,1215,2.45144815924575,4
652,2058,3.6434701519138906,4
652,2094,2.3370461201942097,3
652,3318,3.0,1
654,150,3.7368393326166194,4
654,490,3.0,2
654,540,3.3395729241308216,1
654,1231,3.776031298246712,3
654,1597,3.550550607381012,4
654,1674,3.7935125832282366,3
654,2194,3.404723864566981,3
654,2881,3.4858835169399147,4
655,372,2.4639939706581706,2
655,650,3.0,3
655,1041,3.304012800022284,5
655,1836,3.0,1
655,2716,2.7677500770999446,1
655,3272,2.0,1
655,3394,1.8802207328534017,2
656,927,3.0,5
656,1944,4.129147853918469,4
657,2622,5.0,4
658,413,2.021801307745992,2
659,2421,3.969441325727872,3
660,42,4.012299645887052,3
660,288,3.2393358093452918,2
660,490,3.0,3
660,509,3.286200012061623,5
660,635,3.0,3
660,1084,3.7499412115814987,3
660,1225,3.406925059619889,5
660,1517,3.2593908093816815,2
660,1591,2.7741971488214925,3
660,1619,3.713308650242425,4
660,1627,3.503465143658445,2
660,2053,2.609636222648433,2
660,2076,3.4260841571615632,3
660,2153,2.499361305109472,1
660,2302,3.3152184106485825,4
660,2416,3.130609582611505,3
660,2565,3.7002988477878853,4
660,2568,3.0,2
660,2701,2.901008444745231,2
660,2712,3.5446343209841262,3
660,2747,4.0,4
660,2857,3.266384558445499,3
660,3072,3.293008089900022,4
662,380,3.4296266817391645,3
662,558,3.0,1
662,748,3.596116748603824,3
662,2033,3.497002273114927,4
664,1952,4.288835648699585,5
664,3504,4.31831835876588,3
664,3543,4.418522785168473,3
664,3565,3.0,4
666,357,3.8680240748016024,4
666,1198,4.097303188524646,3
666,1466,4.057301783678567,3
666,1682,3.8627646248370784,5
666,2725,3.0,5
667,611,2.0213335935194205,2
667,1221,3.9629132186812708,4
667,1327,3.7387197358430653,3
667,2617,3.5153734959632335,4
668,608,3.729889521657975,5
669,1,4.167908207667836,5
669,333,4.088653590051197,5
669,480,4.1016537361198955,2
669,1342,3.133240835613051,1
669,2353,4.037376136611195,4
669,2539,4.113942567651013,2
669,2709,3.980329214861489,4
669,2797,4.0573466818730015,4
669,3740,3.923618453525903,5
671,1233,4.330539726146181,4
671,1252,4.415039165401497,5
671,3160,4.112796518563639,4
672,1327,3.0,3
672,1960,4.27886826153974,4
673,908,3.8662333196815846,5
673,1046,3.0,5
673,1125,1.9953977165227215,4
673,1810,2.2415073770661613,1
673,1949,5.0,4
673,2607,3.0,5
673,3108,3.6918661957756176,3
673,3675,3.089342282988134,3
673,3749,3.0,5
674,1282,4.56812035744614,3
674,1580,4.22166282214053,4
675,1911,2.9769352276392302,3
675,2759,4.510385614851779,4
676,592,3.5089961358521937,3
676,1210,3.595897285690734,5
676,1416,3.0,3
676,1580,3.5111267757031848,3
676,2000,3.531942694918271,3
676,2174,3.1746255335841282,1
676,2236,3.0,4
676,2379,2.3460545857036283,3
676,2395,3.573130048932782,2
676,3255,3.1954546701971585,3
677,318,3.807911834469104,5
677,1997,3.476554183583303,5
677,3169,3.8168842132260217,4
677,3182,3.0,4
678,186,3.744592320707426,3
678,372,3.680213718257328,4
678,520,3.599828537577372,2
678,581,3.0,4
678,673,3.829839867931838,3
678,778,3.8916769276052467,3
678,1271,4.169070756094857,4
678,1288,4.1889953706443865,4
678,1586,3.856140844943141,4
678,1591,3.667585071060358,4
678,1772,3.0,3
678,2026,3.2465403795158263,3
678,2034,3.472229361062192,4
678,2080,4.1086764863716025,5
678,2102,4.491602135950397,4
678,2132,4.1503031972811515,4
678,2138,4.020670143045089,4
678,2405,3.89704864166842,3
678,2528,3.8386599685689187,4
678,2789,3.4657254552525374,3
678,2891,3.0,3
678,3094,3.0,4
678,3214,3.0,4
678,3536,3.8654326489601,3
678,3703,3.8808479043316098,4
678,3751,3.993174195265371,4
678,3809,3.877173137964759,4
678,3835,3.0,3
678,3844,3.6905866154465055,5
679,1198,3.7684166480308137,4
680,2762,3.340714561848273,5
681,661,4.511270889095144,4
681,1023,4.844066939499373,5
684,2699,3.7925780465605987,3
685,2915,3.3463953299553664,4
685,3108,3.3114467540315107,1
685,3361,3.368146872988795,1
685,3608,3.260880270603929,1
685,3868,3.409873416293708,2
687,260,3.9424449004991793,5
687,380,3.716639628736606,3
687,427,3.0,3
687,589,3.866819062747081,5
687,605,3.1945349617844916,3
687,1127,3.4541572826894926,4
687,1600,3.0,3
687,1779,3.226462042734877,4
687,1835,3.0904198960707245,2
687,2340,2.0,2
687,2505,2.3145272937287813,2
687,2707,3.7121521221911062,2
687,2803,3.3308061278262975,4
688,1944,4.101719961462914,4
689,1188,3.7768996088313944,3
689,1408,3.6372307628562885,3
689,2894,3.0,3
690,367,4.446037017241713,4
690,2294,4.54272935458748,4
690,2406,4.400481739733707,4
690,2739,4.13282814767218,4
690,2841,4.659174597419629,5
691,2173,3.0,5
691,2943,3.0,4
691,3481,4.155992798528608,4
692,36,4.395943748618004,4
692,589,3.995116202617656,4
692,662,2.0,1
692,1231,4.3701132212846066,4
692,1385,3.524161338758192,2
692,1392,3.0,4
692,1466,4.235845928080626,3
692,1600,3.0,4
692,1784,4.05490001103251,5
692,2316,3.137320813892034,3
692,2657,4.116467247139475,3
692,2993,4.065125540684373,4
692,3168,4.493506565374398,5
692,3420,3.0,4
693,593,4.2921940827391065,5
693,1293,4.661331266774712,5
694,2541,3.5861444117694448,4
695,1347,3.3922870791661124,3
695,3843,3.0,3
695,3897,4.294362260493098,4
696,1,3.898102510337619,4
696,741,3.609356429213911,4
696,1222,3.905061755520464,4
696,1371,3.5204818965377123,3
696,1721,3.840187130006748,4
696,1959,4.0,4
696,2023,3.831628971640444,3
696,2692,4.0591094085755435,4
696,2770,3.9778534472805065,4
696,3513,3.0,2
697,1449,3.989713008209592,3
697,1580,3.7787490950890135,4
697,3108,3.784555800725161,3
697,3211,3.0,4
697,3347,3.0,5
697,3521,2.0,3
698,589,3.613220675861878,4
698,674,3.671394516905037,4
698,1197,3.6326706033893017,2
698,1253,3.464904405790395,5
698,1298,3.5735517042492146,5
698,1339,3.2570796348804896,4
698,2528,3.5428737930498064,4
698,3556,4.0,4
699,60,2.9964088107347044,2
699,86,3.0,4
699,140,3.0,3
699,542,2.783352845216863,1
699,1358,3.9196471586567725,4
699,1399,3.0,3
699,1682,3.674408844480071,4
699,2092,2.674985187932323,1
699,2272,3.0,3
699,3006,4.099567317593372,5
699,3184,3.0,2
699,3527,3.4822079393703476,3
701,1061,4.121397119220642,4
702,19,1.968062418873295,2
702,47,3.3133995182131977,3
702,1081,3.5650089872889295,3
702,1091,2.7033245380762523,2
702,1217,4.275483287717197,3
702,1673,3.424664425072514,4
702,2194,3.1880597581079213,3
702,2253,1.8846617828878944,2
702,2416,2.8001393575630904,3
702,2454,3.4488874801588296,3
702,3098,3.3506359003354023,5
702,3481,3.536673051159877,3
702,3773,3.0,4
703,1648,3.0,4
705,93,3.0,3
705,1258,4.0988266074794835,3
705,1566,3.4123566053222576,3
705,1688,3.479853477521082,3
705,1983,3.303660584013449,3
705,2454,4.855133887849245,3
706,412,3.0,4
706,1660,3.0,3
707,451,3.0,3
709,1257,4.7105467225268685,4
709,1988,2.6512006099928946,2
709,3608,4.287590294049814,4
710,173,3.296379956325217,2
710,194,4.0,4
710,367,3.672086444891753,3
710,379,3.2720966832016347,3
710,880,3.1474318126868965,2
710,904,4.248121278493724,5
710,1374,3.774444525254818,5
710,1407,3.745603842270616,5
710,1600,3.0,3
710,1792,3.4619535745295105,3
710,2289,4.1676136259394765,4
710,2324,4.08758530069573,4
710,2334,3.3826777575792546,3
710,2505,2.7915144785388133,4
710,3006,4.1549274323669945,4
710,3751,4.195441053358407,4
710,3811,4.500093842099892,4
711,1206,4.1265781400430726,4
711,1307,3.6900501609230973,4
711,3424,4.018950365645213,4
711,3471,3.9559906948502013,5
712,50,3.881294951651952,5
712,253,3.723533765878421,5
712,328,2.1271700358281405,5
712,329,3.282600472642932,2
712,593,3.882194341491344,4
712,1225,3.6896985685105044,4
712,2139,3.8878250416452618,3
712,2700,3.860676063240388,5
712,2770,3.9684073333110623,2
712,2861,3.0,3
712,3911,3.771832187201389,3
713,329,3.5975586106377833,4
713,480,3.553141109024059,5
713,1097,3.5395282489575695,4
713,1372,3.4809559591392967,4
713,1721,3.5530985233352887,5
713,3614,2.706276373346541,3
714,1025,4.213426810370155,5
714,1391,4.1902450803119455,5
714,2027,3.678965255307647,2
714,2092,4.2307926165225425,3
714,2805,3.9975856934374896,4
715,2973,4.544302827569256,5
716,21,4.257231926193476,5
716,589,4.370247691980652,5
716,1089,4.475507080545978,5
716,1188,4.495803045539777,4
716,1196,4.38380653636159,4
716,1215,4.202257041669423,5
716,1266,4.477497459133949,5
716,1799,4.470611666445865,5
716,1873,5.0,3
716,2116,4.391627166612424,5
716,2858,4.453547406483931,5
716,3208,3.9388510059182344,3
716,3267,4.620671085046775,4
716,3328,3.0,5
717,198,3.0,2
717,1673,3.756038970724779,5
717,3173,3.0,2
718,3623,4.0476887004146755,4
718,3911,3.8314918987167736,5
719,1148,2.9999999999999996,4
719,1228,3.9074531753712973,4
720,511,3.0,4
720,810,3.0,1
720,1093,3.0661584666858603,4
720,1196,3.42174375990123,4
720,2193,3.3488054889627996,2
720,3535,3.0,1
721,50,3.812822787689531,4
721,317,3.7916641890485963,3
721,436,3.618599927296492,3
721,780,3.8091973967141337,5
721,879,3.5992879603416843,4
721,1203,4.0,4
721,1207,4.191881304261781,4
721,1240,3.833761999022793,5
721,1711,3.8906585555646993,4
721,1894,3.9100255763207254,4
721,2153,3.515145715640946,2
721,2468,3.858749764302435,3
721,3063,3.700215528652821,4
721,3386,3.859686637228493,3
721,3528,4.197214933329836,4
721,3540,3.0,4
721,3545,4.028274870675383,3
721,3755,3.8649606335239506,3
721,3857,3.0,4
724,543,3.843527205600268,3
724,1358,3.854948472939775,5
724,2297,3.8930247554644684,2
724,2840,4.31358694559851,4
724,2943,3.0,3
724,3513,3.0,4
725,1233,4.585959710787336,4
726,2997,4.080899699561216,5
727,440,3.659299007460176,5
727,899,4.063383897872718,5
727,1035,3.7266207869639185,5
727,1079,3.7388311802339973,3
727,1094,3.6440180422423363,3
727,1344,3.0,3
727,2018,4.12375445384209,5
727,2081,3.788589266110874,5
727,2240,3.777737184474555,2
727,2702,3.0,2
727,2918,3.648179386710363,4
727,3068,3.7656328243253427,3
727,3078,3.0,4
728,1094,3.6252536749591586,3
728,1225,3.6567722677684436,4
728,3147,3.887911798685312,5
728,3496,3.0,2
729,1127,3.4474662249069175,4
729,1953,4.089160301547714,4
730,1916,3.0,3
731,371,3.0,3
731,858,4.000683706022281,5
731,911,4.333282601724821,5
731,1078,4.511560314788531,5
731,1270,3.897589413058855,5
731,1425,3.0,4
731,1837,3.0,3
731,2078,3.988089985957321,5
731,2088,3.6155785010407415,3
731,2144,3.9413282976705215,3
731,2387,3.0,5
731,2594,3.0,4
731,2671,3.6178170516924273,4
731,2918,3.983563389502824,3
731,3033,3.993171952137284,3
731,3037,4.272371182908389,4
731,3060,4.053317612214738,5
731,3448,3.7280071031902766,3
731,3928,3.4950521800113377,3
732,1247,3.551600327669976,4
732,3198,4.0,5
733,2450,3.753678975291675,1
734,2922,4.669568542361837,5
734,2959,3.3510353530669974,5
735,594,4.148420461629616,4
735,924,4.041975832830487,5
735,1261,4.155719997997689,4
735,1676,3.778310055213806,5
735,1947,4.3138879337819205,5
735,1961,3.962628131098505,4
735,1962,4.02288815717921,3
735,2918,3.904101907601341,5
735,3326,3.0,2
735,3702,3.938984422990415,3
735,3703,3.8811024950267887,3
737,25,3.9624532159916437,5
737,480,3.6304306664529578,4
737,1208,3.919737106772211,5
737,1466,3.9471443777918482,3
737,1562,2.908983829078001,1
737,2391,3.961592638657337,4
737,3476,4.052066346471508,4
739,1084,4.421556286486873,4
739,1094,4.470796200205825,4
740,3484,4.0,4
740,3578,4.229024891881431,5
741,1327,3.7934575414488796,3
741,1985,4.099451441758361,5
742,316,4.140720028581079,4
743,39,3.158655374847987,4
743,1914,3.0,5
743,2390,3.0,4
743,3051,3.0,2
743,3911,4.193852282867263,4
744,610,3.4029501908217554,3
744,1097,3.459255865807248,3
744,1101,3.3146164843872783,3
744,1270,3.4639353345009716,2
744,1610,3.45252186105436,5
744,2134,3.2460915637529837,4
744,2596,3.0,5
744,3552,3.420733653074979,4
746,16,3.3124246986940507,3
746,809,1.6476397617266498,1
746,1183,3.434280784141726,2
746,2025,3.0,2
746,2700,2.6789675602759115,3
746,2806,3.0,2
746,3527,3.1127324745027396,3
747,3409,4.0,3
749,952,3.581355108636522,4
749,1096,3.5327500438574093,3
749,1330,2.8817248410535328,4
749,1461,3.8087364738362175,3
749,1617,3.2876023691200644,4
749,2716,3.2574472129392187,2
750,1172,4.35645892843058,4
750,1945,4.433937374933059,5
752,45,3.7113068819801023,5
752,104,2.7588409133838723,3
752,1176,4.0,5
752,1235,3.7786518259842166,5
752,1252,3.572121156052711,4
752,1358,3.4941382817713387,5
752,1409,2.2701307143689964,3
752,1620,2.6100046951652067,2
752,1678,3.5932740805899486,5
752,1758,3.0,2
752,2022,1.0,4
752,2321,3.290713949556103,5
752,2427,3.3126534350317067,1
752,2900,3.0,1
752,3173,2.997697355403518,2
752,3179,3.0,3
752,3246,3.9123314860277016,5
752,3259,2.228248827300069,2
752,3317,3.7777156871348456,5
752,3462,3.664685673084565,5
752,3566,3.0,3
753,736,3.8276571599531564,3
753,1342,4.0,3
753,1994,3.9774480492577946,4
753,2038,3.0,4
753,2124,3.932520590904164,4
753,3175,4.032467011647267,4
753,3286,3.0,4
753,3752,4.145302224692128,3
753,3793,3.9989580589305884,4
754,2996,3.0,5
755,1172,4.465714467099957,5
757,592,3.5344644509694163,4
757,1120,3.620110046475421,4
757,1431,2.5080507524407807,2
757,1918,3.383697670573132,3
757,2373,3.0074014700593494,2
757,2827,2.0,2
757,3113,3.2167378668712705,3
757,3249,3.5334591521764755,4
757,3552,3.7360337260037015,3
758,527,4.0747510821480475,5
758,1179,4.178040867389428,3
759,932,3.0,4
759,1569,3.6415646647817383,3
759,3414,3.0,3
759,3475,5.0,3
759,3638,3.332775346351757,3
760,527,4.281651832931028,4
760,923,4.2335492511742725,4
760,2858,4.2092836786124606,5
764,260,4.622871310326505,5
764,3388,4.562012496052757,4
765,1,3.9009133947172145,5
765,150,4.034316607036611,5
765,903,3.7750581816615494,3
765,934,3.0,3
765,1246,3.876786763917907,4
765,1259,3.794529507789305,4
765,1373,3.5426655560484552,3
765,1876,3.830593335090298,4
765,2133,3.7592244428532586,3
765,2302,3.967298296133349,5
765,2423,3.7779732325137605,4
765,2617,3.70631927472929,5
765,3033,3.594869839204584,3
765,3448,3.7486193667872376,4
765,3868,3.9553043709522657,3
766,1079,3.895023751487595,5
767,908,4.315505895083305,5
767,1333,4.279560196327341,5
767,1625,4.084346927391986,4
767,2017,4.0,3
767,2707,4.0,4
767,2819,4.0,4
770,555,3.572136514356995,5
770,750,3.6743579544641434,1
770,1022,3.3982578417860068,3
770,1092,3.217478118170484,4
770,1153,3.0,2
770,1262,3.8781557353336824,5
770,1391,2.9635177659296184,2
770,1500,3.464779095706578,3
770,1687,2.6637831999601334,3
770,1704,3.4934665249771704,4
770,1783,3.0,1
770,2002,3.3334230256313844,3
770,2038,3.0,3
770,2142,1.3107424933112395,2
770,2145,3.415271511891424,1
770,2278,3.571664989885487,4
770,3175,3.1607610365533634,1
770,3264,3.2634675832424693,1
770,3387,3.1671223240895463,1
770,3484,2.0,3
771,1259,3.9812777706430476,4
772,788,3.314082029442054,4
772,3273,2.9761224866209344,3
773,3863,4.0,3
774,454,3.461135191707588,3
774,541,3.288206175855909,3
774,3247,3.2273489253365457,3
774,3499,3.631321068365824,3
774,3952,3.5396162135155556,4
775,344,3.0,5
775,2713,3.0,5
776,589,4.126892690233665,5
776,1073,4.224821038598981,1
776,1394,3.8085843766884238,3
776,1584,4.053459327370397,4
776,2995,1.0,1
777,318,2.9122768501252776,3
777,350,2.93729916742286,3
777,357,2.8395885534101013,2
777,553,3.1172761589139815,3
777,608,2.880130984506151,3
777,2161,2.6014719819723924,2
777,2353,2.896708181824483,3
777,2367,2.508731981972186,3
777,2414,2.762198658276292,3
777,2432,3.0,3
777,2581,2.5575148403638526,2
777,2617,2.797366253758342,3
777,2668,2.310296520153926,1
777,2701,2.8498809123524382,1
777,2722,2.6023229317235765,3
777,2953,1.9086121548821462,1
777,3396,2.6773042119380692,3
777,3614,2.6767012903033462,2
777,3697,2.674782160321091,2
778,198,3.3484115320429577,3
778,1544,3.9978434905416735,2
778,2414,4.058842817556016,4
779,1193,3.3064748171426372,4
779,2959,3.6345766273808864,5
779,3578,3.4142664484582457,4
780,10,3.6255902343716238,5
780,110,3.7161678744163424,4
780,153,3.5744284223225877,3
780,829,3.0,4
780,1022,3.68590754442317,4
780,1101,3.6292891413846013,4
780,1663,3.7691465088669753,4
780,1968,3.7670215376562575,4
780,2028,3.739062204633071,3
780,2529,3.703368310613274,3
780,2687,3.5464244049581564,5
780,2761,3.82022156460115,4
780,3061,3.8007204246541604,4
780,3156,3.0,5
780,3270,3.0,3
780,3404,3.0,4
780,3545,3.786163331804724,4
781,2571,3.821504793101812,5
783,377,3.6860398360941002,3
783,3247,3.249145177850689,1
783,3300,3.508825619119879,3
785,6,3.0213667468320446,3
785,260,2.820057249357653,1
785,592,2.8706090453645414,2
785,648,2.8498435552814505,4
785,1917,2.918187175506396,2
785,2422,2.4803372772026706,2
786,260,4.1741824755431995,5
786,379,4.681004035347699,4
786,2105,4.084446596269232,5
787,1799,3.0,4
787,3176,3.683081672115327,3
787,3316,3.0,3
787,3512,4.0,3
787,3745,3.7247777684777152,4
788,1580,3.5398415666395446,4
788,3033,3.5242784450595783,5
789,1196,3.7159683225358586,5
789,2433,3.4808403267376655,3
789,2828,3.0,1
790,648,4.726295001865499,3
791,45,4.27241732015855,5
791,592,4.1284610469886704,5
791,648,4.100389212031277,5
791,1032,4.2597254781325145,4
791,1080,4.3329397938357985,3
791,1954,4.212070517472955,3
791,2054,4.022163719794769,5
791,2411,3.6154373043001087,2
791,2762,4.109143564397216,5
791,2985,3.9534670115093973,4
791,3254,4.038377856237814,4
791,3257,3.698238044802046,3
791,3471,4.253018832564664,5
792,110,3.784877377540771,3
792,2455,3.8492532239531543,3
792,3700,3.4885705328137275,4
793,903,3.6658343020983377,4
793,1333,3.5698183897170517,4
793,1952,3.62030936395957,2
793,2355,3.6143684109646355,3
793,2641,3.460655749746744,2
793,2917,3.410318513089845,5
793,3095,3.714937491093841,4
794,2797,4.039490131777003,4
795,1923,3.51576847438086,4
796,593,3.2217497441199767,4
796,942,4.150303882676659,5
796,1244,3.618830146422125,4
796,1247,3.367081632485625,4
796,1961,3.047664299554227,5
796,2194,2.6842495657737193,3
796,3052,3.043974411424521,2
796,3462,3.757669845101112,4
796,3811,4.426195368900626,2
796,3893,3.8328942690163936,3
797,912,4.172701462752295,5
798,1205,2.4845794532369583,5
798,1240,3.456204064804096,3
798,1967,3.7076726599125336,5
798,1972,1.1720591798436557,1
798,2033,4.0576563696102745,5
800,107,4.309625332362066,5
800,357,3.517332089477284,2
800,585,3.403323101721975,4
800,946,3.694695563210958,5
800,2034,3.1990217201695383,1
800,2116,3.690903042653527,5
800,2782,3.0,5
801,480,3.6571760540118654,4
801,587,3.638860927455152,4
801,778,3.682487688995439,3
801,1244,3.8742590671754473,3
801,1517,3.616764837336474,1
801,2302,3.663676755329446,3
801,2874,3.0,5
801,2912,3.838329644688489,4
801,2971,4.1252534393764435,5
802,260,4.112893461819965,5
802,673,3.7012847485163176,3
802,1343,4.266950269659532,4
802,1831,3.801306775976687,3
802,1994,4.146968188378884,5
802,2153,3.3258343855303223,3
802,2457,3.8910357414372303,4
802,2496,3.757378874448236,3
802,2530,3.4652260325040776,3
802,2533,3.706321717957751,4
802,3108,4.202800720724554,4
802,3178,4.333990628135597,4
802,3703,4.07186402547275,4
805,252,4.6255953651577695,5
805,2100,3.8363367555403296,4
806,1196,4.018398381971716,4
806,2940,3.0,3
807,1566,4.4393324036139195,4
808,457,3.9776313185865217,4
808,1623,3.0,2
808,2995,3.6880449590191433,3
808,3753,4.23063784319434,4
809,2012,4.158603127327006,5
809,2399,3.0,3
809,2918,4.205733025383447,5
809,3865,3.0,3
810,1252,4.302591956045869,5
810,3897,4.4302804770836675,5
812,2841,4.880629714352349,3
812,3008,3.0,4
812,3484,2.9512930895906426,4
812,3752,4.139161433284961,5
813,223,3.4110689210637255,3
813,2396,3.6430961973340925,5
814,1580,4.200079456324197,4
815,2541,4.263551206402719,4
815,2701,5.0,3
815,3480,3.0,3
816,32,3.806576005461888,3
816,671,3.6685395145292796,4
816,750,3.937361229141384,4
816,1199,3.7204662776414965,4
816,2017,3.0,4
817,66,3.0,1
817,256,3.7482133731836167,5
817,1573,4.273194715863975,5
817,1603,3.7732578869549798,4
817,2053,4.341688354343056,3
817,2145,4.483046738121209,5
818,442,3.44463126079213,1
818,2599,4.444966992327374,5
818,3481,4.3378031555927,5
819,2353,3.4019727134071593,5
820,260,3.6718560845759116,5
820,546,2.935713268525895,3
820,1779,3.4920315610518884,1
822,1247,3.7543294392732367,3
822,1282,4.011725959012023,4
822,1912,4.310522963619412,2
822,3052,3.7948642868745046,3
822,3526,3.8214620875519554,4
823,2174,4.045256399057868,4
824,36,4.027262493999047,4
824,750,3.84068534855355,5
824,1994,3.369702562132419,3
824,2746,3.3670280554033427,4
824,3089,4.509283483771294,4
824,3255,3.401230548029438,4
826,581,3.0,4
827,1293,3.0,4
828,2858,3.524130647883344,5
828,3826,3.0216611880162874,3
829,910,4.408174319353929,5
829,912,4.413219800199571,5
829,920,4.398548699753995,4
829,1219,4.436129456507045,5
829,3359,4.442528577264435,4
829,3543,4.2996336299354665,3
830,190,3.0,5
830,735,3.0,5
830,750,3.608737620914198,3
830,1200,3.6361789692010817,4
830,2202,5.0,5
830,2287,4.5541328308275775,3
830,2455,3.7836875933005407,3
830,3594,3.0,3
830,3929,3.0,2
832,1968,3.6201182409024613,4
832,2080,3.7114409401831177,4
832,2657,3.6670026653157923,4
832,3174,3.769030454141235,4
832,3613,3.0,3
832,3863,3.9753315752058196,4
832,3948,3.9376156256861705,4
833,344,4.0,2
834,2406,4.275788533189374,5
838,196,3.399228455038734,3
838,2585,3.0,5
838,2774,3.0,4
838,2842,3.0,4
838,3471,3.720549087217407,4
838,3786,3.0,4
839,14,3.0,3
839,482,3.0,4
839,522,3.0,4
839,533,2.9496517924833188,4
839,899,4.498353485676057,5
839,906,5.0,4
839,1035,4.367679954678825,3
839,1060,4.177746355030697,4
839,1193,4.604256194899189,5
839,1217,4.882889592774646,5
839,1225,4.429931536510768,5
839,1343,4.184071808418123,4
839,1888,3.9128938641635758,4
839,2010,4.720949841860622,5
839,2087,4.143613457407243,5
839,2202,5.000000000000001,4
839,2367,4.167794872681081,3
839,2759,4.469427794670061,3
839,3095,4.891585278643456,5
839,3105,4.386304304931092,4
839,3175,4.0013598228567115,3
839,3296,3.5045954146424356,4
839,3638,4.075580981624569,3
840,1033,4.4190248825525895,3
840,1211,3.0,4
840,1372,4.403459134796569,4
840,1617,4.530240841185177,5
840,2072,3.4156249552273583,1
840,2788,4.530195228110888,4
841,3481,4.066578619410448,3
843,2301,3.7050817686993653,5
843,2779,4.512283619733262,4
843,2872,3.982853565170929,5
844,928,4.583762983697084,4
844,1994,3.0166112869984754,3
845,2959,3.626865262849501,4
846,47,4.380643186589102,5
846,1221,4.408752031758951,5
846,2005,3.9330026521691575,3
846,2791,3.8709450246094956,5
846,3024,2.7961094230670565,3
846,3628,3.0,4
846,3671,4.317678794392622,5
849,339,3.0333025916309158,3
849,1457,2.7180450310885864,3
849,2804,3.416608739963264,5
849,3712,3.4501671332988018,4
849,3809,3.248982874377581,5
850,367,3.2969316785559823,2
850,441,3.7327814238287345,4
850,492,2.49042111745735,3
850,908,3.8790778603915363,3
850,969,3.7795935332954143,3
850,1130,4.138428383487487,4
850,1206,3.722602959205666,3
850,1958,3.3684983350634186,3
850,2474,2.972095184996406,4
850,3218,3.0,4
850,3459,4.0,3
850,3699,3.255481816752105,3
850,3893,3.554906419002014,3
850,3914,3.0,2
850,3924,4.0,4
851,173,3.16784493095951,4
851,360,3.0,4
851,780,3.6886306182574677,4
851,1240,3.7208524657500153,3
851,2054,3.0691837405171403,3
851,2701,3.5811646020842653,3
853,1374,4.011040185681251,5
853,3703,3.9767107096822656,4
854,140,3.4814610703430042,2
854,300,3.471792079249238,3
854,832,3.3066998238355283,4
854,1092,3.3746622647415565,3
854,1210,3.399299579656092,3
854,1653,3.4609614997497404,4
854,1719,3.2252800567182582,3
854,2146,3.5257582786945716,3
854,3247,3.31921960024254,4
855,52,3.860521900479906,4
855,149,3.0,4
855,164,4.0,4
855,206,3.0,3
855,441,3.8625877048232526,4
855,663,3.3469646857040405,3
855,785,3.646865677453328,2
855,916,4.171419862296333,4
855,1077,3.961972402165366,4
855,1262,3.882289924686805,4
855,1330,2.6320690081248053,3
855,1393,3.65963487939472,4
855,1821,4.0,3
855,1946,4.0,4
855,2571,3.5919796081807442,4
855,3480,3.0,4
855,3863,2.7474048227063075,3
856,3897,3.516423438462432,5
857,1333,4.196984956497319,4
857,2203,4.51477391859839,5
857,2937,3.0,4
858,2291,4.234309953539699,5
858,2369,4.397230149725594,3
858,2901,4.21858337698545,3
859,382,3.2203786656613254,3
859,1917,3.422109738322423,3
859,2028,3.9305308106463253,5
859,2898,3.0,3
860,3826,2.9999999999999996,4
861,2011,4.016923148809568,4
862,1300,5.0,3
862,2262,3.0,4
862,2318,5.000000000000001,4
862,3504,4.038683479387312,5
862,3827,3.0,3
863,246,4.757340372217838,5
863,1222,4.2993759966084015,4
863,1374,3.8723238822822688,4
863,2692,4.341784941015987,5
864,492,3.0000000000000004,5
864,527,4.445363036258789,5
864,750,4.32503572035032,5
864,942,4.326536602960567,3
864,1345,4.086113073660715,5
864,2859,4.0,4
864,3730,4.33587637462246,5
865,377,3.704384186087195,3
866,3821,5.0,4
867,589,3.668607149686633,4
867,2908,3.0,1
868,1350,3.513050197728866,3
869,333,3.8939617199988312,4
869,339,3.996277623483443,4
869,474,3.9900627074251203,4
869,500,4.005581771840594,2
869,558,2.0,5
869,719,3.644854113412257,4
869,1377,3.924138586396863,4
869,1500,4.145143996351294,3
869,1517,4.118452026999226,3
869,1784,4.1387800816909435,4
869,1845,4.496468314150826,3
869,1982,3.303798007881489,4
869,2006,3.9781586949628047,5
869,2011,3.977685440095731,5
869,2504,3.0,3
869,2900,2.757177042713772,1
869,3174,4.377506013475033,4
869,3661,2.7191712279263944,4
869,3877,3.0,1
870,94,3.0,4
870,3421,3.970392380809661,4
871,2694,4.380970250029913,5
871,2716,4.25035785927365,3
871,3053,3.0,3
872,1240,3.7988195029042413,4
872,1449,3.507211954972941,4
873,527,4.000398961545494,4
873,1029,3.6204271055903092,3
873,1225,4.019058238473317,4
873,1242,4.045890157444019,4
873,1960,4.032235505423435,4
873,3188,3.0,4
875,3615,3.0,1
876,16,3.9533712385425455,2
876,1653,3.9411667318826016,4
877,353,3.6602938202133175,4
877,356,3.7066917541835838,4
877,464,2.869462105403646,4
877,611,1.5120248682840118,2
877,637,1.4931430071263718,3
877,1092,3.9458834803583516,4
877,1388,2.790816037680424,2
877,1995,2.7579684003801272,2
877,2085,3.5124050911581604,3
877,2542,4.155418107382835,4
877,2841,3.82297606383415,3
877,3840,2.0,3
879,2805,3.0,2
880,880,3.0710134542243024,1
880,1617,4.036422421460276,5
880,3546,3.0,5
881,25,3.5456036587565523,3
881,159,3.0,2
881,176,3.984274618123808,4
881,239,2.4029867870407586,3
881,423,2.514652663865125,2
881,628,3.468717736477004,4
881,694,1.8080417534909956,2
881,780,3.282236203062932,3
881,833,1.9560214177254538,3
881,1378,3.3483742131078897,3
881,1581,3.0,3
881,1804,3.0,3
881,2013,4.246754544426517,3
881,2770,3.455995600875504,4
881,2817,2.0,1
881,2921,3.991135585877868,5
881,2959,3.6031378194594526,5
881,3175,3.5128173643508473,3
881,3268,2.4972665795599642,1
881,3500,3.0,1
881,3638,3.444408661373908,2
881,3810,3.0,3
882,1253,4.095614942324267,5
883,1673,3.3048620779507414,1
883,3893,3.076032806149039,3
885,32,4.3733192222719595,5
885,480,4.355394240162611,4
887,1358,3.69062234552791,5
887,3060,3.7607081958432973,4
888,508,4.073953039573557,5
888,2324,3.781711836031426,5
889,32,3.2724039711261947,4
889,160,2.691753245967806,2
889,317,3.0671990812158954,3
889,504,1.0,3
889,539,3.0077749031480083,3
889,550,3.0,1
889,599,3.8727382985389163,4
889,663,2.7637736686589927,2
889,926,4.104771725655111,4
889,1104,4.061111393062343,5
889,1160,3.0,3
889,1203,3.5258612039868913,2
889,1260,4.245124722686776,5
889,1292,3.74904019688249,3
889,1356,2.864915091031786,4
889,1957,3.7101980812292097,4
889,1969,2.424451956350652,4
889,2066,4.112748850462984,5
889,2117,3.4065279196393643,2
889,2377,2.7485507713238264,2
889,2527,3.3964024769493157,3
889,2600,2.3495776222326583,2
889,2716,3.226567151838623,4
889,2969,4.0,2
889,3078,3.0,3
889,3401,3.0,2
889,3448,3.228100574945681,2
889,3526,3.2769325960491007,2
889,3569,3.0,2
889,3733,3.5196345635517217,3
889,3819,3.0,4
889,3823,3.0,3
889,3949,2.3599555561810637,2
890,1,4.359003950801447,5
890,780,4.335561934630769,5
890,1291,4.319332812180258,5
890,1320,4.073079587888004,5
890,1393,4.311049556522658,5
890,3841,3.0,4
891,249,3.0,4
891,350,3.4192940676165207,3
891,377,3.519857401660018,5
891,1097,4.110351634511119,5
891,1408,3.881635584893619,5
891,1464,4.0,2
891,2959,3.657996411154373,4
891,3160,3.9892466290929534,5
892,2791,3.1734554616143997,4
893,42,3.0,2
893,3481,3.6586139936133466,3
893,3752,2.516635473694291,2
894,1673,4.760696035907262,4
895,2701,4.7009615557208795,1
895,2724,3.9841264945331023,3
896,3515,3.0,4
897,500,3.742949600366983,4
897,628,3.9602428379206036,4
897,802,3.9797529811667958,2
897,1094,3.962929149143767,4
897,1240,3.8408221415773993,5
897,1527,3.791291388252538,4
898,2918,4.352380597785327,5
899,46,3.2934744605372233,2
899,260,3.8719161753547957,5
899,372,3.577908844339191,3
899,899,4.281603607456592,4
899,902,4.30665051168267,5
899,3028,3.0,4
900,2858,3.8899476221355207,5
903,527,3.4616804560435863,5
903,785,3.242802175520633,4
903,924,3.4555784248700783,3
903,3384,3.0,3
904,3104,3.6409488095404403,1
905,1233,4.218917512327929,5
905,1573,3.6997626586220926,3
905,3793,3.711768049168926,4
909,2791,4.010235265828605,5
909,2948,5.0,4
910,616,3.5977388687924114,4
910,1271,4.0,4
911,2,3.7674823049289716,4
911,590,3.9830931985860767,5
911,597,3.950830562728682,4
911,858,4.03882009660673,5
911,909,4.182084863613497,4
911,951,4.6488079862562595,5
911,1084,4.197341362374922,2
911,1250,4.213268050919472,4
911,1385,3.732285933552377,4
911,1394,3.932505569233974,4
911,1839,3.0,3
911,2081,3.886131997326061,3
911,2394,3.5870783332229177,2
911,2918,3.921624824715748,4
914,36,4.339204918257865,5
914,899,4.3661850928581485,5
915,2791,3.0,4
917,110,4.424327511198627,5
918,1,3.174516808538952,4
918,11,3.4011757411906776,4
918,2053,2.4422633678414454,3
918,2396,3.2253266963304377,2
919,537,3.0,4
919,953,4.138810836762692,5
919,1213,4.07549336065788,4
920,355,3.0,1
920,1055,3.0,3
921,364,3.914239779232152,3
921,1097,3.8474482884757335,5
921,1291,3.8702914382812303,4
921,1994,3.5221652937464976,3
921,3450,3.917575115170824,4
922,558,3.0,3
922,788,3.476343787765904,4
922,1207,4.46322647116502,5
922,1267,4.305357920414128,5
922,1479,3.3307517557825386,2
922,1597,3.539580575578731,2
922,1625,3.594810431686154,4
922,2011,3.7686302330113315,5
922,2571,3.779452082865154,3
922,3555,3.491335757518468,3
923,2599,3.5988920341213166,5
924,337,4.025511602363264,4
924,474,4.157924903759603,4
924,1172,4.100002855745693,4
924,1250,4.202704013224979,5
924,1370,4.121905492805483,4
924,2355,4.150144392093545,4
925,852,4.0,2
925,1029,3.1577101742732325,2
925,1588,3.267878856080475,4
926,585,3.973437549841382,3
926,1513,4.418506782948284,5
926,2006,4.379465393421015,5
926,3826,4.503422845300506,5
927,785,3.461806235246638,3
927,1198,3.69598699360274,5
927,2418,3.0,4
928,50,4.502879947600753,5
928,293,4.58679757244413,5
928,1947,4.313583972878673,4
928,2318,5.0,5
929,480,3.820788630622011,4
929,1258,3.7187607569618377,5
929,1294,4.116042701456062,2
929,1722,3.723130269907949,4
929,1997,3.754226468798871,4
929,2115,3.899764794738409,5
929,2470,3.883924434633231,4
929,2791,3.595517715823099,4
929,3029,3.2499871909171207,1
930,293,3.2735435052775617,4
930,431,2.66473934919305,4
930,1783,3.0,4
930,1834,3.545643109676041,2
931,3929,3.0,2
933,41,3.0,3
934,11,3.3461336814127125,3
934,110,3.4784023885688717,4
934,408,3.0,2
934,612,3.0,1
934,1148,3.9281153221240204,4
934,1672,3.7210444809333048,4
934,1839,3.0,1
934,1960,3.8458981783913853,2
934,2352,3.5690182443856506,3
935,79,3.0,4
935,836,3.129288650714684,3
935,1161,4.0,4
935,1513,3.247315180787587,3
935,1590,3.227895521580944,2
935,1615,3.4994734872661475,4
935,1779,3.341887969783492,3
935,2133,3.599536053150029,4
935,2427,3.9590150479077044,4
935,2453,3.0,4
935,3081,3.230624599647449,3
935,3219,3.3603348817218364,3
935,3566,3.0,3
935,3802,2.989651312941932,2
935,3811,4.354586070372533,4
936,145,3.5131479228413407,3
936,2628,3.1620299260549607,4
937,160,3.7259312311680324,2
937,708,4.116384555759709,3
937,1225,4.316632516497906,5
937,1653,4.086362033603221,4
937,2001,3.7796250135946887,4
937,2004,3.6675538198421043,4
937,2245,4.071818847959931,4
937,2402,3.6840242811629524,3
937,2797,3.9452363212475396,4
937,3623,4.067521806155536,4
937,3740,3.8410583084081513,4
939,661,4.245691485538279,2
939,1036,4.156982021802248,5
939,1186,3.939108510228446,3
939,1617,3.8026756674916693,4
939,2076,3.9543828826896346,4
939,2288,4.285149858697581,3
939,3897,4.234426656907573,5
939,3910,4.0,4
940,2195,3.0,3
940,3555,4.144943191389029,1
943,1213,4.449289295221386,4
944,2710,3.6005173271049524,2
944,3005,4.02406371443465,3
945,3107,3.839505030297392,4
948,589,3.6915527973022364,3
948,940,5.0,5
948,1032,4.324875520234457,5
948,1207,3.955409802901746,3
948,2087,4.303454384050123,4
948,2371,3.6632544947531804,3
948,2454,4.354150825643358,5
948,2553,4.2721259295740905,4
948,2645,5.0,4
948,3737,3.0,5
949,733,3.934360811908748,5
949,1019,4.574627272479311,5
949,1047,3.6135764676348026,5
949,1148,4.758189613324305,5
949,1287,4.509463444252989,4
949,3471,4.312648500172618,5
949,3633,4.004299956524185,4
949,3702,4.304947619664801,5
950,29,2.653127100800398,4
950,32,3.467674173036485,4
950,1037,3.146943275879714,2
950,1396,3.384770264188944,3
950,1590,3.0041648203440507,2
950,1653,3.4186891385019376,3
952,34,4.172991557682371,4
952,1175,3.0,3
952,1176,4.0,3
952,1965,4.071165948772019,5
952,3934,3.0,3
953,1721,4.745020106635523,2
953,2571,4.80209752413395,5
953,2692,4.835191459650204,5
953,2942,5.0,5
953,3406,3.0,4
953,3566,3.0,5
954,1196,3.755483615140476,4
954,1222,3.782407355911648,2
955,1197,3.9201095630314975,3
955,2111,3.8037099934481167,4
956,541,4.009778419203441,5
956,1210,4.198473703434059,5
956,2571,4.153688387751923,5
957,428,3.703585924947381,4
957,508,4.416715952781359,5
957,805,4.485133650213523,3
957,1247,4.72850558799776,4
957,2553,3.0,4
957,2728,4.999999999999999,5
957,2858,4.541467614411171,4
957,3083,3.0,4
957,3125,3.0,5
957,3457,3.0,4
957,3798,2.7622541745798155,3
958,1225,3.9325229323082453,4
958,1230,4.361882590571829,5
958,1292,4.373391160601851,4
958,1343,3.3071414611067826,2
958,2203,4.5784217099669595,5
958,3203,3.0,4
959,2724,4.208393550553363,4
960,260,4.241264099095995,3
960,2710,3.984486934082613,4
961,1717,3.0,3
961,3409,3.635227448872047,4
961,3753,4.15725805626125,5
962,3555,4.42892525245034,4
963,7,3.3547023384953136,3
963,306,3.8301362250982036,4
963,1230,3.93676707628124,4
963,1464,2.488526967271993,4
963,1682,3.6008992190625984,4
963,1949,3.0,5
963,2804,3.748269202937051,4
963,2826,3.3696304271519617,2
963,2900,3.0,3
964,1517,3.86569803650709,4
964,1747,4.009530542650094,3
964,2291,3.9576057644768374,3
965,364,4.140709183626023,5
966,1213,4.119282958816434,5
966,1594,4.399780962877713,4
967,2004,3.0303300448484376,3
968,2600,4.058167022323445,5
968,3697,3.8721800834772604,2
969,831,3.0,4
969,1101,4.359928405184486,2
970,61,2.0,3
970,225,3.6057038442783274,4
970,227,2.608755597477832,3
970,280,3.8079855487796275,4
970,387,3.0,3
970,459,4.0,3
970,648,3.659518508639916,4
970,736,3.647772385806401,5
970,1036,3.665792794205873,5
970,1690,2.8470246352055786,3
970,2352,3.6243482357284,5
970,2422,3.225499013203573,1
970,2919,3.2593692415317395,2
971,6,3.645313115142403,4
971,224,3.0,2
971,788,3.2685925780086857,3
971,1019,3.6532562384248135,4
971,1198,3.476785690266549,5
971,2105,3.5126991946888007,4
971,2710,3.697387162643408,4
971,3440,2.0,2
971,3948,3.912563637390704,4
972,3481,4.109858507544087,5
973,260,3.3653886595117712,5
973,364,3.333813686194852,3
973,3108,3.489713819796842,4
974,1197,4.02322712931225,4
974,2028,4.005971952694179,3
975,233,3.0,4
975,523,3.0,4
975,608,3.433982790564603,4
975,628,3.5332058473838988,3
975,1092,3.172399472505361,5
975,1238,2.7342309995802005,5
975,1252,3.5137474083415285,5
975,1287,3.4876649300533,3
975,1307,3.249245857131429,2
975,1914,3.0,4
975,2174,3.051969219654974,2
975,2818,3.0,1
975,3504,3.49953334199389,4
975,3564,3.0,1
975,3701,3.2031752437641017,3
976,2433,3.326370433658539,3
977,1,4.017534161525001,3
977,45,3.997862886543431,3
977,741,2.340673420924442,3
977,1200,4.074671062145241,4
977,1265,3.956066227568531,5
977,1921,3.0785641240776314,5
977,1994,3.870431766650322,4
977,2502,3.8360457238588666,3
977,2530,3.7427921851282853,3
977,3363,4.149571783111139,4
978,1298,5.0,5
978,2706,4.115169626274153,2
979,1954,4.218775509014344,3
980,558,3.0,1
980,595,3.016164107969244,2
980,903,4.025501893709984,5
980,1265,3.4528854828772904,3
980,1387,3.53968975950622,4
980,2083,1.8172240076513078,3
980,2090,2.132657774023734,2
980,3481,3.326292112258508,1
981,357,3.3354802805819666,3
981,778,3.5100885244581583,4
981,1196,3.4032431123874125,4
981,1213,3.4767839264148894,4
981,1217,3.5053880703675637,3
981,2150,3.3819957459899457,3
981,2746,3.2342027069723147,3
981,3210,3.2301313934620564,2
982,39,3.776611794544622,4
982,916,4.770674409087522,5
982,1210,4.5007603655275705,5
982,2340,3.0,3
983,1275,4.445824861045239,5
983,2568,3.0,3
983,3701,4.352328730759675,3
984,608,3.822188122298491,4
984,707,4.0,4
984,1186,3.932855887153011,4
984,1588,2.8924128426121714,2
984,1608,3.5704916977516734,4
984,1663,3.4545896297352687,3
984,1730,3.0,4
984,1779,3.4051158837662694,3
984,2100,3.6703112370580127,4
984,2763,3.152242970547198,3
984,2947,3.869479620050668,5
984,2983,4.521603727378443,4
984,3362,4.029227562396628,4
984,3753,3.760617941637938,3
984,3836,4.261717181044494,4
985,924,4.229650032573067,3
985,1036,4.1567761606679205,5
985,1206,4.236133554806033,3
985,1214,4.492542172127887,4
985,1321,4.264898628746653,5
985,2640,4.469128729943971,4
985,3476,4.292090060655428,4
986,2028,5.0,5
987,300,4.132620895595062,5
987,435,3.830916116369315,3
987,1767,3.0,4
987,1961,4.026192672473626,5
987,2496,3.8564332153786,5
987,2599,4.121222924063107,4
987,3260,4.303244884887323,3
988,1358,4.045324453457263,4
990,2012,3.7774173950172165,3
990,2722,2.892524652945413,4
990,3265,4.517488990481147,5
993,110,3.4048744599593146,5
993,260,3.4671009667941437,4
996,292,3.963953165259925,3
996,494,3.6698866541836725,4
996,592,4.000493259155245,5
996,759,3.0,5
996,858,4.14580948753781,5
996,1179,4.199431790669431,4
996,1227,3.0,5
996,1653,3.971567185826712,4
996,2470,4.0247174777366554,4
998,1797,3.0,5
998,3078,3.0,5
999,70,3.5211908114050807,2
999,349,3.591838043775271,3
999,442,3.3123379231934895,3
999,511,3.0,4
999,1012,4.0,4
999,1263,3.6844712114425016,3
999,1376,3.125878978783474,2
999,1466,3.8009279022660256,4
999,3698,3.383644069830834,4
1000,1374,4.064359132989791,5
1000,2948,4.033368149752872,4
1000,3153,2.0,2
1001,357,3.9354264935395857,4
1001,896,3.0,4
1001,1354,4.507373067983883,5
1001,1545,3.0,5
1001,1552,3.419203121440454,4
1001,1569,3.609692198780645,4
1001,2433,3.395784931770609,4
1001,2624,3.0,5
1001,2960,3.0,3
1001,2996,3.0,3
1001,3158,3.0,4
1001,3357,3.0,4
1001,3598,3.0,4
1001,3744,2.303924809126096,2
1001,3795,3.0,2
1002,1225,4.070914050860053,5
1002,1238,5.0,4
1004,2,3.410248985496893,4
1004,42,2.0,2
1004,112,3.3075261175976753,4
1004,762,3.308153531526707,2
1004,1687,3.000338601904657,4
1004,1911,3.7608546703512538,4
1004,2094,3.246873251498929,4
1004,2115,3.434561168599886,5
1004,2374,3.1614731635677678,3
1004,2791,3.6491053072932664,5
1004,3175,3.584785493407815,4
1004,3267,3.7020617431709004,2
1006,3355,3.0,4
1006,3752,2.9486547809830563,3
1007,3697,4.502282534591587,5
1009,2504,3.0,3
1010,12,1.0,3
1010,188,2.4732268383090874,2
1010,434,2.601629060010374,3
1010,441,3.3985417268314144,2
1010,466,2.4802827730390824,1
1010,835,3.0,3
1010,910,3.9132894294204053,4
1010,1060,3.406794063173609,3
1010,1270,3.0834477090058785,4
1010,1404,3.0,2
1010,1590,2.3040239247871828,1
1010,1603,2.292860115696403,1
1010,1635,3.703057026356342,3
1010,1636,3.0,1
1010,1721,2.958728662104177,5
1010,2162,1.6429097963282608,1
1010,2248,3.4215973869322855,4
1010,2375,2.343276468528226,1
1010,2394,1.926122818700713,1
1010,2458,2.2774335863966564,1
1010,2628,2.991420053866117,4
1010,2942,2.618043694009778,1
1010,3024,1.9973777900850767,2
1010,3197,2.766806446248697,1
1010,3247,2.38941203458712,1
1010,3267,3.4432211735631464,3
1010,3273,2.1658919197475424,1
1010,3408,3.2064459325012544,3
1010,3439,1.3888735783672872,1
1010,3444,2.479195426617798,3
1010,3513,2.0,2
1010,3704,2.8775011135286475,2
1013,223,4.144050781632165,1
1013,3481,3.9230627196770387,2
1014,3624,4.323649444528028,3
1015,34,4.2316533637428435,4
1015,163,3.733817037669403,2
1015,322,5.0,4
1015,344,3.696117861847606,1
1015,507,3.743729151334264,3
1015,555,4.101938563965991,4
1015,589,3.986415505359256,5
1015,592,3.921581129337645,5
1015,1096,4.187417593119313,3
1015,1162,3.0,2
1015,1213,4.258800541000725,5
1015,1219,4.4481100337777235,5
1015,1413,3.0,3
1015,1693,3.9963041255024643,3
1015,1794,3.0,4
1015,1997,4.085353399364101,5
1015,2088,3.488690182034892,2
1015,2115,3.8806337510392157,3
1015,2160,4.686227704933918,5
1015,2194,4.0474894359579965,4
1015,2303,5.0,4
1015,2517,3.464491365046878,2
1015,2640,3.9085276196231122,5
1015,3152,4.482229147738412,5
1015,3535,4.767847599382527,5
1015,3751,4.306726578635583,4
1015,3752,3.8067831274833326,3
1016,417,3.0,4
1016,1408,4.043380549775006,4
1016,2724,4.096749008965855,3
1017,908,3.9176502316851542,3
1017,1012,4.073681700682953,4
1017,1304,3.929158217947449,3
1017,1339,3.6131947299028804,3
1017,1388,3.491971460060314,3
1017,1981,2.754764128184466,1
1017,2012,3.672790593003016,5
1017,2113,3.5114734511195933,3
1017,2666,3.0,3
1017,2739,3.6336760902657925,4
1017,3175,3.481277071267383,4
1017,3510,3.9055065536407225,4
1017,3574,1.0,1
1018,1242,4.3564338880629485,4
1018,1573,4.232877723936775,3
1018,3527,4.244271292795969,4
1019,34,3.1595048032698783,3
1019,483,3.0,3
1019,551,2.9300221936411464,2
1019,913,3.954481964366195,4
1019,952,3.2984285844102623,3
1019,1088,2.3169253815327946,1
1019,1178,4.545372135568926,4
1019,1204,3.891972930715405,4
1019,1293,3.7927722239287625,4
1019,1344,4.298848159618596,3
1019,1394,3.29029126110502,3
1019,1909,2.9812916668535148,1
1019,1982,3.1674254963096495,2
1019,2287,3.656465299266563,3
1019,2418,3.0,2
1019,2427,3.281930195609888,4
1019,2583,5.0,3
1019,2791,3.17966826875993,4
1019,2796,2.411171170405441,4
1019,2936,3.597254218918243,3
1019,3038,3.0,4
1019,3544,3.0,1
1019,3588,3.4942926520554147,3
1020,10,4.083780040988611,4
1020,2006,4.098580278610095,4
1021,1225,4.86748711710843,5
1021,3783,3.0,4
1022,2310,3.0,4
1022,2686,4.494224119919747,4
1022,2690,5.0,2
1022,3649,3.0,3
1024,2108,3.7996454787543823,3
1025,2710,3.9480495314184263,1
1025,2772,5.0,4
1027,1225,3.2707400302425365,4
1027,3515,3.0,1
1028,1949,5.0,4
1029,2918,3.062269911304041,4
1029,3087,2.914866568785747,3
1029,3256,2.680290447676469,2
1030,474,3.8243362528396645,3
1030,1320,3.77469394093804,4
1030,2409,3.724267078467687,4
1030,2528,3.9908559223302214,5
1030,2532,4.173595117566779,4
1030,3113,3.3423248855325327,1
1031,919,4.194003990611194,4
1031,3740,4.020014865036883,4
1032,549,3.0,5
1032,1584,4.082113671697275,4
1032,3022,3.0,5
1033,151,3.496160564870877,1
1033,804,3.0,3
1033,1266,3.8096561805152405,4
1033,1445,4.0,2
1033,1994,3.556788672313288,4
1033,2628,3.7436539330753296,4
1034,1333,3.864786612820628,1
1034,2059,3.483163519482627,4
1034,2990,3.2074525960562816,4
1034,3089,3.509703757862678,4
1034,3301,3.653943211762916,3
1034,3384,3.0,4
1034,3435,4.159589261908619,5
1035,3250,3.0,4
1037,2404,3.0,3
1037,3317,4.383465625011193,4
1037,3646,3.0,2
1037,3911,4.533833069040828,5
1038,249,3.0,4
1038,678,5.0,5
1038,1094,4.008652957294791,5
1039,2713,1.9306053944097148,1
1040,266,4.293876185717558,3
1040,1206,4.573423580049614,5
1040,1230,4.688683148493414,5
1040,2134,4.124982496670976,4
1040,2291,4.3465180408832085,4
1041,910,4.5648406128996175,4
1042,2193,3.005991722372779,4
1042,3439,2.633502083257768,2
1043,592,3.6072032820738342,4
1044,260,3.757698878039904,4
1044,1079,3.9291945348176855,4
1044,1214,3.9407624583151155,5
1044,1293,3.9416532052402204,5
1044,3029,3.0,3
1044,3213,4.0,3
1045,2671,3.956189035373279,5
1047,919,4.132796975705164,3
1048,2692,4.193519790305758,4
1048,3072,4.523336102749461,3
1048,3893,4.0,3
1050,99,3.0,3
1050,373,3.0,3
1050,491,3.21247242431446,2
1050,1188,3.7365577802789027,4
1050,1416,3.0,3
1050,1485,3.1285666199197126,3
1050,2583,3.0,3
1050,2688,2.435152268996093,1
1050,2718,2.0,3
1050,2770,3.597652392059171,4
1050,3386,3.483884659254231,5
1051,125,4.46802435766583,5
1051,222,3.460650041372806,4
1051,239,3.751564438202874,4
1051,356,4.070048545328732,5
1051,539,3.9931083823973093,5
1051,934,3.0,5
1051,1343,4.0455396470105,4
1051,1376,3.714858753843873,4
1051,1394,4.096879599673714,5
1051,1440,3.0,3
1051,1665,2.3731046445707027,1
1051,2095,3.0,3
1051,2115,3.9660545283028155,5
1051,2268,4.1046635964266365,5
1051,2279,2.8273306886625256,2
1051,2428,3.3038436536765365,3
1051,2794,3.2727353196551503,4
1051,3020,3.94675665850427,3
1051,3108,4.225137038378151,5
1051,3175,3.9797496052663974,5
1051,3869,3.523657292674072,4
1052,36,4.285866424840845,4
1052,1952,4.487909918910437,4
1052,3730,4.418336799203368,4
1053,163,3.7529716987573716,3
1053,1069,4.157095257602921,5
1053,1092,3.780355617480325,4
1053,1275,3.937233125803803,4
1053,1387,3.8652337540965482,5
1053,1732,3.7594710767872592,4
1053,3029,3.621608800989721,4
1053,3174,3.564711603527683,2
1053,3628,4.0,3
1053,3730,4.514102216507093,4
1053,3788,5.0,4
1055,921,3.1281382191828975,4
1055,1210,4.033174123330258,3
1055,2599,4.107209246572482,5
1055,2770,3.8344999519366807,4
1055,3097,3.679534234304076,3
1056,356,4.096870882567117,3
1056,532,1.67310010932636,1
1056,2501,4.0,3
1057,1228,4.253528451383901,4
1057,2019,4.498289101483378,5
1057,3911,4.326969249440435,4
1058,196,3.561213897371803,2
1058,318,4.130548813118786,4
1058,1242,4.059198549911971,3
1058,1358,4.2039689015270705,5
1058,1527,3.817678293224938,3
1058,1783,3.0,3
1058,1921,4.1688966727967935,4
1058,2467,3.0,4
1058,2640,3.9406864879508805,3
1058,3032,3.4955819545907794,4
1058,3271,3.0,4
1058,3362,4.243971873838825,4
1058,3363,4.193809454130701,4
1058,3831,3.0,4
1058,3897,4.3770829542476415,5
1059,193,3.0,1
1059,367,2.8414075255854345,2
1059,485,2.2930459644017964,2
1059,908,3.342123694313564,4
1059,1252,3.34595305457437,4
1059,1916,2.9974259304205564,5
1059,2396,3.1837180570334813,3
1059,2454,2.1667360914337035,1
1059,2599,3.419360458374694,3
1059,2772,4.0,4
1059,2941,3.240477484266312,3
1061,1282,4.127930085254574,5
1062,1266,4.4981657456502235,5
1062,2908,4.238709366566354,5
1064,1197,3.9412262198091192,4
1064,1544,3.903821136134278,2
1064,1726,3.0,4
1064,2858,3.844274806605329,4
1064,3053,3.0,4
1064,3176,4.053823035917702,3
1064,3753,3.9085577313222726,4
1065,144,3.0,5
1065,440,4.095626083062621,3
1065,1265,3.8459487827491,3
1066,11,3.859625997109558,5
1066,440,3.8348761657300416,5
1066,1307,4.07085604822387,4
1067,85,3.0,4
1067,232,3.0,4
1067,1301,3.920226957307186,3
1067,3503,3.0,4
1068,593,4.215887241666362,5
1068,922,4.61021402158034,5
1068,1485,3.737956933846008,4
1068,2565,4.425845521774805,4
1068,2907,3.0,3
1068,3480,3.0,3
1069,22,3.3018778148563523,2
1069,173,2.73671276956051,1
1069,282,2.6076627982889815,1
1069,510,3.0,2
1069,832,3.1197760265972962,2
1069,847,3.0,1
1069,1051,3.0,5
1069,1542,3.0,1
1069,1876,3.006011218396829,1
1069,2673,5.0,5
1069,2844,3.0,1
1069,3495,3.0,3
1071,1286,5.0,5
1071,1339,4.614689659943266,5
1071,1408,4.678337456671332,5
1071,3771,5.0,5
1072,2664,4.151487055423297,4
1072,2805,4.020622091087745,4
1073,17,4.421272408760734,5
1073,28,3.0,5
1073,262,3.0,5
1073,912,4.223879779382783,5
1074,1084,3.3829672640372164,3
1074,1303,4.0,2
1074,2352,3.466409872258851,2
1074,3101,3.6071769510924896,4
1074,3396,3.513534488967885,5
1075,3265,3.0,3
1077,1080,4.141300940457674,4
1077,1256,4.2918487378709,4
1077,2329,4.136525162409065,4
1077,2366,4.39608508489163,4
1077,2871,4.251274407446886,4
1077,2973,4.276431433189566,5
1077,3599,3.0,3
1078,1777,4.021676131678709,2
1078,1821,4.3164953686628005,4
1078,2145,3.867409865960258,5
1079,1265,3.96335512916305,4
1080,1035,4.117341437195571,2
1080,1981,3.0,1
1081,344,5.0,4
1082,541,4.250047068631483,4
1084,104,3.0096197491634764,4
1084,3897,3.7356622040073515,5
1085,2059,3.0,4
1086,994,3.311218195959941,4
1086,1407,4.084872653389908,4
1086,1479,3.8064500089213205,5
1086,1792,3.801078867673308,2
1086,2028,4.1177822173648755,4
1086,2094,3.946257279865698,3
1086,2364,3.0,4
1086,2907,3.0,3
1086,3147,4.297048696974684,4
1086,3253,4.112263037434361,5
1086,3275,3.0,5
1086,3342,3.0,4
1087,32,3.8771686040155426,5
1087,593,3.9881042308604244,5
1087,728,3.0,4
1087,919,4.182953342725804,5
1087,1876,3.5177766299077313,2
1087,3082,3.2401119764047346,3
1087,3424,4.348904425401795,4
1088,22,3.5932195344265394,3
1088,45,3.9094330843405283,3
1088,102,1.0,2
1088,164,3.5166308773087502,3
1088,288,3.629198894538987,5
1088,431,3.410321119744315,1
1088,938,3.7869144549360847,4
1088,1034,3.0,3
1088,1060,3.516121896499741,2
1088,1081,3.8837875313317634,3
1088,1206,4.055074472420014,5
1088,1231,4.164147529016407,4
1088,1396,3.7260002981325187,5
1088,1587,3.414449220509818,3
1088,1717,2.850815469711008,3
1088,1932,3.0,2
1088,1950,4.437284899016327,4
1088,1967,3.571932383721938,1
1088,1997,3.5477929217284503,3
1088,2265,3.0,2
1088,2314,3.0,4
1088,2333,3.736206354428689,4
1088,2605,3.3717526964982745,2
1088,2640,3.509341484896336,4
1088,2936,4.437268814025292,5
1088,3033,3.250130009714594,3
1088,3341,4.377598580939802,4
1088,3477,2.681069100542622,4
1089,1258,4.070212841804207,3
1089,2366,4.2530038461311115,5
1089,2762,4.037462687044465,5
1089,3175,3.9786018936871748,3
1093,858,3.449756152169125,3
1094,1103,3.920327012550647,5
1094,1960,3.725347228578597,4
1094,2359,4.3186603927651275,5
1094,2391,3.952697157277265,4
1095,1088,4.498431023358998,5
1095,1721,4.490843093794639,4
1096,22,2.516312717371234,3
1096,801,1.0,1
1096,1835,2.1539964532116986,1
1096,2763,3.776483861409971,5
1097,593,3.8198618391687496,4
1097,1220,3.8844762232828134,3
1097,2599,3.8788691233797765,3
1097,3785,4.31205348568616,4
1098,260,4.241644671513931,4
1098,3504,4.723211667673177,5
1099,420,2.0889844366371517,1
1099,1914,3.0,4
1099,2321,3.581340916707085,5
1099,2600,4.0,4
1100,1845,4.498922515342569,5
1100,2015,2.035520667271971,3
1100,2073,3.0,1
1100,2473,1.4726786999240902,1
1100,2572,2.312792711694754,1
1100,3544,3.0,3
1101,110,3.6784971017561108,5
1101,194,3.0,4
1101,1136,3.864090698021301,5
1101,1188,3.9321265662275975,2
1101,1199,3.4431900745365027,5
1101,1375,3.4248397335464436,4
1101,2021,3.476582691122878,3
1101,2333,4.320747944490081,4
1101,3324,3.0,4
1101,3555,3.310350074733131,2
1102,3504,1.5587491159264217,1
1103,1393,3.6265320643161574,5
1104,281,4.0,3
1104,2966,4.0,3
1105,349,3.9211789515157967,4
1105,648,3.9083867625784046,1
1105,1617,3.9867632763993486,5
1105,1690,3.80443111717403,4
1105,2433,3.1298274245866575,4
1105,2553,3.0,5
1106,480,4.061894617005586,5
1106,2858,4.345932442921894,2
1107,3809,4.188627791867683,2
1108,908,4.5492838922107905,5
1109,1196,3.401888387826315,5
1109,1208,3.930943688925244,5
1109,1465,3.0,3
1109,2003,3.1286585291648232,3
1109,2093,1.9438021631686089,3
1109,2133,2.9427165761151346,1
1109,3699,3.256843243681965,1
1109,3897,4.117870867091261,4
1109,3916,3.0,3
1110,1959,4.380331724137771,5
1110,3176,4.6134790425273415,5
1110,3578,4.109118982646263,4
1112,16,4.107560229658128,5
1112,332,3.0,2
1112,1091,3.391172882636979,2
1112,1136,4.212126407503435,4
1112,1246,4.195176046873657,5
1112,1358,4.305225135218811,4
1112,1367,2.0,3
1112,1377,3.317690648337029,3
1112,1882,3.0310376994921495,2
1112,1962,4.407116734502501,4
1112,2329,4.373505303509286,5
1112,2367,3.235816578823856,2
1112,2391,4.281270299587179,4
1112,3107,3.750777908702651,3
1112,3638,3.729544436724136,4
1112,3639,3.8384998964270287,4
1113,125,3.808370812871534,4
1113,293,4.201864841494834,5
1113,457,4.216414858697593,5
1113,1089,4.264724768447726,5
1113,1909,4.097668716186092,3
1113,2471,4.039501681738708,3
1113,2551,3.0,4
1113,3752,3.971420606404682,3
1114,17,4.015156988603785,5
1114,357,3.860020992969783,5
1114,1032,3.261005982186729,2
1115,1215,2.881503525832256,4
1115,2992,3.0,3
1116,671,4.0,5
1116,1196,3.9644771599847797,5
1116,3481,4.1646063419126955,4
1117,373,4.0,3
1117,475,4.063756279691021,4
1117,596,4.210955740628688,4
1117,673,3.7195265560281814,3
1117,875,3.0,3
1117,1218,3.0,4
1117,1225,4.3020093087483575,4
1117,1357,4.492149324030927,4
1117,1584,4.1518580133440635,3
1117,1629,3.0,3
1117,1693,4.0,2
1117,2126,3.680508093151416,3
1117,2435,3.0,3
1117,2803,3.621843153632096,3
1117,2918,4.14152793716205,5
1117,3060,4.526952630464681,5
1117,3148,4.389725733666099,4
1117,3246,4.440360869133751,4
1117,3255,4.015295449530754,3
1117,3699,4.15614685459467,4
1118,1080,3.7922207992476618,5
1119,1374,4.0138037721703785,5
1119,1580,3.931100372156906,4
1119,1848,3.0,4
1119,2091,3.0,3
1119,2162,2.6809147682667005,3
1119,3615,3.0,3
1120,21,4.063290436062851,4
1120,237,3.6782829390025586,2
1120,494,3.142047228529086,2
1120,590,4.009419339668666,4
1120,801,3.0,4
1120,902,4.409393657128663,5
1120,1012,4.240886127366369,3
1120,1037,3.3434761998885882,3
1120,1408,3.8572436664961174,2
1120,1927,4.754511184138817,3
1120,2012,3.820735929046497,4
1120,2048,3.858384718677132,4
1120,2959,4.243729791298438,3
1120,2997,4.347497044856703,5
1120,3006,4.389074621809218,4
1120,3120,3.0,4
1120,3160,4.363997644100875,5
1120,3438,3.3881471197130235,4
1120,3686,3.7238819707990545,2
1121,105,4.0,4
1121,161,3.87630677648074,4
1121,539,3.8440937475912356,4
1121,678,5.0,5
1121,1179,4.140949755085694,2
1121,1193,4.120141345740979,5
1121,1252,4.1299765529705414,5
1121,1610,3.8850842592291435,5
1121,1704,3.9397731779616123,5
1121,2759,4.354534830958078,4
1122,173,3.026960847456743,2
1122,1372,3.1302806823372107,2
1122,1544,3.366948854493354,4
1122,2407,3.2088014384056383,2
1124,235,4.1665667513033045,4
1124,1080,4.215089266554834,5
1124,1954,4.0344480452061,4
1124,2528,3.829220186020735,3
1124,3107,3.7888502319851645,3
1124,3544,3.0,3
1124,3698,3.7666065411725844,3
1125,32,3.619972360569638,5
1125,168,3.207830575268131,4
1125,353,3.222059661940813,3
1125,434,3.35974080116113,5
1125,454,3.6962563045211554,4
1125,485,3.1501103235568158,3
1125,508,3.903538097592969,3
1125,597,3.518274093619046,4
1125,608,3.7476572533451677,4
1125,933,3.0,3
1125,1391,3.2418810054430467,1
1125,1917,3.4343987058878356,4
1125,2395,3.775665375072661,3
1125,2770,3.6893652415966796,4
1125,3316,3.0,3
1125,3450,3.558862219941985,3
1125,3717,3.3547509888096725,2
1125,3835,3.0,3
1126,1266,3.8729453540585963,5
1126,1784,3.7414323867777726,5
1127,922,5.0,5
1127,2370,3.0,2
1128,778,3.8038352377832836,4
1128,1130,1.7926457533245053,2
1128,1147,4.489442585759794,3
1128,1271,3.225390269053195,4
1128,1272,3.722152131881618,5
1128,1619,3.5147172555875237,3
1128,1704,3.5762402284127393,3
1128,1938,4.0,4
1128,2109,3.1168866531253476,4
1128,2179,3.0,3
1128,2529,3.179652818354568,5
1128,2657,3.2012242768911365,3
1128,2900,2.0,2
1128,2922,3.465936269912295,3
1128,3813,3.0,3
1128,3918,1.0,1
1129,908,4.240822225234175,4
1129,1196,4.300319509928911,5
1129,1215,4.221393030130172,3
1129,2987,4.256641868586824,5
1129,3893,3.0,4
1130,8,3.0,3
1130,858,4.007250869130415,5
1130,1103,4.291464663228926,4
1130,3194,4.999999999999999,1
1131,73,3.0,5
1131,959,3.0,4
1131,1228,4.907208882328041,5
1131,3341,4.0,4
1131,3462,4.526961288375188,5
1132,480,4.505565692129551,5
1132,2018,4.668015324015713,3
1132,2078,4.662440414705127,5
1132,2161,4.666295925794244,5
1132,2455,4.627481608238157,4
1133,1298,4.594884946146916,5
1133,2568,3.0,3
1134,733,4.302273356316638,3
1134,1077,4.764619929221123,4
1135,332,3.46932806042947,3
1135,1210,4.03376600416463,5
1135,2916,3.993610554477249,3
1135,3927,2.9400438569328182,4
1136,1480,3.0,4
1137,144,2.9999999999999996,4
1137,556,3.0,4
1137,1022,4.067509934814996,4
1137,1060,3.993519524430188,5
1137,1096,3.9597765355276384,3
1137,1244,4.200736333218689,5
1137,1411,3.9880568414996316,3
1137,1701,4.348970045811695,4
1137,1923,4.0813385408711085,4
1137,2001,4.232290009431553,3
1137,2490,3.4551107956155853,2
1137,2581,3.6759039187307923,3
1137,2700,3.9130504440010982,3
1137,2791,3.986171794505551,4
1137,3179,3.0,4
1137,3515,3.0,4
1137,3534,3.6196140195016238,3
1137,3709,3.0,3
1137,3879,3.0,3
1138,2161,4.061441035715776,4
1139,145,3.702475978470367,1
1139,608,4.070548436142055,5
1139,648,3.8183738065803436,3
1139,1617,4.08786055155076,5
1139,3006,4.2869484975682965,5
1140,553,3.648072223195072,4
1140,964,3.0,3
1140,1008,2.990137500367586,3
1140,1321,3.527897362300336,4
1140,1344,4.1381852442021785,4
1140,2064,4.03951014767761,4
1140,2653,3.248210214483959,3
1141,1,3.811965185580722,5
1141,32,3.8722657544469503,5
1141,170,1.8049981747014348,1
1141,440,3.808977771174993,5
1141,663,4.516008620540612,5
1141,1673,4.249133179768545,2
1141,1888,2.684307759832297,2
1141,2054,3.5433680734975863,2
1141,2124,3.1048025788360127,3
1141,3264,3.298307954847465,1
1141,3548,4.0,5
1142,48,3.4391592862697586,3
1142,333,3.5097134789768334,3
1142,356,3.915286119671329,5
1142,2002,3.684447376830389,3
1142,2027,3.3756674803352893,4
1142,2622,3.0,4
1142,3809,3.86298327134045,3
1143,858,4.341477738236033,4
1144,1249,3.8567673539644303,4
1145,1976,1.0,1
1145,3930,3.0000000000000004,1
1146,353,3.0946287217024744,4
1146,551,3.695486427573473,3
1146,1488,2.2149684422302895,2
1146,1862,1.790906496220862,1
1146,1995,2.9980620856514375,2
1146,2490,2.9019309100438435,2
1146,2586,3.0,2
1146,2717,3.374415449427055,3
1146,3705,2.1839562130778885,2
1146,3728,3.0,3
1147,659,3.0,4
1147,1196,3.4404420375596456,4
1147,1428,3.0,1
1147,2384,3.0,5
1147,3192,3.0,2
1148,1079,4.135827262123798,2
1148,1721,4.424691351849958,3
1148,3424,4.025756654134693,2
1150,110,2.512098846327936,2
1150,172,1.8123121361278207,1
1150,202,3.0,2
1150,276,1.4874240568125268,1
1150,278,3.0,2
1150,333,1.8648309385868846,2
1150,369,3.0,3
1150,785,1.9213242455766844,3
1150,910,3.5108807920706684,5
1150,911,3.436208453101606,3
1150,985,3.0,2
1150,1035,2.7637289980929856,5
1150,1057,2.817314981117649,3
1150,1191,4.0,2
1150,1231,3.0768376058888887,2
1150,1284,3.8113780962870787,3
1150,1479,1.8445305441842066,2
1150,1675,3.0,3
1150,1997,2.5030324041261696,1
1150,2181,3.0565058771056832,2
1150,2374,1.8033593707810287,2
1150,2375,1.9284715268042194,1
1150,2406,2.5109639446001073,2
1150,2423,2.153348168640623,3
1150,2599,2.8739861205520785,3
1150,2686,2.9739934138311273,3
1150,2870,3.0,3
1150,2891,3.0,2
1150,2952,3.0,3
1150,3196,3.421929910930507,3
1150,3334,3.589105118363495,4
1150,3391,1.5362387274232863,1
1150,3505,2.5567113764657727,2
1150,3710,1.9975002975905078,2
1151,1172,4.3673594253882015,5
1151,1199,3.997815978212224,3
1151,1396,3.9912799977720965,5
1151,1617,4.047986817476772,4
1152,1206,3.403030801202215,5
1152,1676,2.8424345863433387,3
1152,2322,2.371161349389785,2
1152,2712,3.638742453086433,5
1152,2880,3.0000000000000004,4
1153,785,3.213038021283902,1
1153,2580,3.3516615747902145,3
1154,3896,4.0,4
1155,1358,3.754279589641312,4
1155,1923,3.4929166338279916,3
1155,2599,3.8310462838797785,4
1155,2883,3.0,4
1156,1453,3.0,2
1156,2108,3.606436591168262,4
1159,852,2.669389987312116,1
1159,1961,3.565929281770349,3
1160,2858,3.496229039150125,4
1160,3793,3.4293450275075075,4
1161,893,3.0,4
1161,924,4.221079324669576,5
1161,1971,2.8459750035362403,3
1162,1228,3.7857833036203683,3
1162,1296,3.9307246204486677,5
1162,2186,3.8595632256379795,4
1164,224,3.4730381486394,3
1164,237,3.0837922471036023,3
1164,454,3.695022140657837,5
1164,509,3.743964914861212,2
1164,523,3.0,5
1164,779,3.0,2
1164,1295,4.1402870027317995,3
1164,1683,3.7868667843667048,4
1164,2600,3.0,3
1164,3125,3.0,2
1164,3361,3.864429476333736,4
1165,32,3.8868761818444275,5
1165,1265,3.9277415281367136,5
1165,1748,3.8870891084367285,5
1167,36,3.5313924522263624,3
1167,593,3.5173020948352756,3
1167,1270,3.522855801201641,4
1168,3000,3.0,3
1169,539,2.4117679957768754,1
1169,2088,2.482658629087328,2
1169,3041,3.0,1
1170,342,3.5716984846329454,3
1170,440,3.4862410607889944,4
1170,971,4.415593034352484,4
1170,1253,3.39070414890103,5
1170,1350,4.351648215947482,2
1170,3546,4.4100816250595,3
1172,1396,3.861855840838963,4
1172,2012,3.8461778904293076,2
1172,2315,1.1314174888923048,1
1172,2431,3.8540693299050313,4
1172,2571,3.86393420256225,5
1172,2805,3.415733783369583,3
1172,2831,3.0,3
1172,3578,3.835060758877483,4
1173,11,3.616956610498395,5
1173,236,2.942883329437958,3
1173,500,3.4281647760919,5
1173,2353,3.5630135927406643,3
1173,2541,3.2607278656685614,3
1173,3185,3.0,3
1175,140,5.0,5
1175,440,4.178838319929336,5
1175,2558,4.387830659103889,4
1176,2132,4.526235330031994,3
1177,7,4.367485139444886,3
1178,2208,3.0,3
1179,1198,3.494032095013103,5
1179,1206,3.8571102122176293,5
1179,1273,3.0,3
1179,1356,3.5147467055226915,4
1179,2393,3.418900366478973,4
1179,2640,3.52558360097232,3
1179,2641,3.6165751200669862,3
1181,2,2.882263204038475,1
1181,7,2.6989425073155076,2
1181,156,3.0,4
1181,206,3.0,3
1181,376,3.0817272663336635,3
1181,537,3.0,3
1181,539,2.8670602508072913,3
1181,588,2.9582006419791997,2
1181,621,3.0,3
1181,1197,3.113982975470388,4
1181,1266,3.2677951653883617,4
1181,1296,3.114938373260211,2
1181,1300,2.7600895356793846,3
1181,1675,3.0,3
1181,1747,3.033601607440462,3
1181,1784,3.0249982791707906,3
1181,1949,3.0,4
1181,2090,2.5368385794840833,2
1181,2300,3.4997192654433595,4
1181,2303,4.0,4
1181,2321,3.0869150785558412,3
1181,2371,2.8056073376223485,3
1181,2605,2.971091067309444,3
1181,2662,2.9753898503654312,3
1181,2699,3.083512131903844,2
1181,3022,3.0,4
1181,3091,3.0,3
1181,3095,3.707405805025537,4
1181,3194,3.6643902625612994,3
1181,3211,3.0,2
1181,3222,3.0,3
1181,3248,2.172208717088819,2
1181,3263,2.9096644682175605,3
1181,3509,3.0,2
1181,3510,3.4509083036749892,4
1181,3527,3.0221366548754633,4
1181,3649,3.0,4
1181,3728,4.0,3
1182,216,1.9539445703320986,1
1182,1103,4.537608107035954,4
1182,1573,3.335926641225495,3
1182,1660,4.0,3
1182,2683,3.3249938588109695,2
1182,3006,3.8752155576199314,3
1182,3477,1.4867640921848537,1
1182,3949,3.953433075306922,4
1183,296,3.899685710962434,4
1183,1199,3.542348103654123,5
1183,2355,3.7527376500606393,2
1183,2997,3.9298726062533453,4
1184,3,4.106973962973475,4
1184,227,3.0,2
1184,349,3.678978413998686,4
1184,1784,3.7193719387424715,5
1184,2469,3.485487721479112,3
1184,2717,3.3922613286077863,3
1184,2724,4.218342181650943,4
1184,3438,3.528675518607116,2
1185,1036,4.2960886119040005,5
1186,235,4.122224982826187,3
1186,903,4.48777770729662,5
1186,1136,4.276657268873772,5
1186,1387,4.268525635489375,4
1186,2529,4.063459752352388,5
1188,1221,4.279440213887093,5
1189,2987,4.000338880875559,3
1193,2558,3.5310686058074547,3
1193,3448,3.169967260373773,4
1194,17,4.015577048025514,4
1194,223,3.155376739019622,4
1194,477,4.0,3
1194,562,3.866511179018793,4
1194,848,3.0,5
1194,1006,3.0,5
1194,1172,3.9073948192977075,5
1194,1921,3.3695860874740835,3
1194,2174,3.0349860497368826,2
1194,2501,3.963222371604983,4
1194,3261,3.3715190940045043,3
1194,3476,3.9277643233013357,2
1194,3480,3.4772242215332057,2
1194,3617,3.021566037459384,2
1194,3898,3.0,3
1195,2121,3.715060397542679,4
1195,2699,3.5871726803828827,4
1195,2772,4.0,4
1195,3159,3.0,5
1195,3408,4.442551448763698,5
1195,3409,4.569671305935942,4
1195,3793,3.7762693913286705,2
1196,1266,3.9602010240440375,3
1196,3148,4.0555544267852754,5
1196,3178,4.497576613376673,5
1197,3911,4.710639152988109,5
1197,3952,3.0,5
1198,413,3.0,3
1198,608,4.0844691797201875,4
1198,1136,4.0357357249006895,5
1198,1320,4.297512624864024,4
1199,590,3.853867250545246,4
1199,2194,3.712350730857333,4
1199,2716,3.7017151348332304,4
1199,2916,3.7474115444041742,3
1200,3686,5.0,3
1201,2005,4.237114350424631,4
1201,2428,2.0,3
1201,2683,3.6392076150403962,4
1202,32,3.7303678700959146,5
1202,300,4.149034703006135,4
1202,1042,3.896573102932892,5
1202,1208,3.9500016792865744,4
1202,1300,4.0,4
1202,1839,3.0,3
1202,1883,3.9446958310316256,4
1202,1921,3.440251025075837,3
1202,2005,3.639862493003426,3
1202,2352,3.947910028806368,4
1202,2371,3.697226770483515,3
1203,11,3.9839995577574108,4
1203,213,3.0,5
1203,587,3.9185140936501233,4
1203,851,3.0,3
1203,923,4.534630525585012,5
1203,1240,4.154096316852632,5
1203,1275,3.9013505329355924,4
1203,1344,4.687875639551408,4
1203,1346,3.0,3
1203,1355,3.0,3
1203,1625,3.954942592783109,3
1203,1769,3.4784215510083496,4
1203,1918,3.575955594065251,3
1203,2006,3.829293007615249,3
1203,2329,4.314578560275845,5
1203,2730,5.0,4
1203,3145,3.0,3
1203,3261,3.9166190971202366,4
1203,3438,3.5705268697778756,3
1203,3578,4.153059852537337,4
1203,3753,4.0630593221173,4
1204,2987,3.927970113899852,5
1205,605,4.246302891194298,4
1205,1026,3.0,4
1205,1678,4.651040297176928,5
1205,2424,4.132980055222806,3
1206,3923,4.501123808490767,2
1207,191,2.0,1
1207,388,3.0,1
1207,516,2.8524566388089485,2
1207,1200,2.895706266322122,4
1207,1222,2.8871894822587136,5
1207,1233,3.3462087817359834,3
1207,1347,2.2423197181294925,2
1207,1597,2.7060042909863133,2
1207,1754,2.4473344209341925,2
1207,2716,2.651919679362965,4
1207,3018,2.3743794354374352,4
1208,3627,3.0,4
1209,1097,3.554114511997343,4
1209,2950,3.060770993131983,4
1209,3016,2.9568833586423984,2
1209,3420,3.0,4
1210,589,3.9660054951984938,5
1211,34,3.81548896946855,1
1211,155,3.0,1
1211,589,3.685408444374849,3
1211,1235,4.41386293232746,5
1211,1730,3.0,5
1211,2395,3.9351096087137316,5
1211,2424,2.781576332358801,1
1211,3741,4.8954852342343065,4
1211,3747,4.0,4
1212,3272,5.0,3
1214,2921,3.795129488124505,3
1214,3037,3.7259831312324065,3
1214,3792,3.0,4
1215,1,4.410729078654712,4
1215,1376,4.007450222884765,4
1215,2028,4.539323856772359,5
1215,3527,4.316086055111537,3
1215,3897,4.766007180799787,4
1216,349,3.568625146146966,1
1216,527,3.8431389705824492,3
1216,541,3.262281952302777,5
1216,1500,3.7398437288883173,4
1216,2722,2.32573152661257,2
1217,3159,3.0,4
1217,3578,4.393980330421717,4
1218,105,4.0,2
1218,380,3.3310845739807,2
1218,480,3.467263453338375,4
1218,838,3.726244547249736,4
1219,10,3.7605411464659135,2
1219,61,3.0,4
1219,780,3.7623508689116436,5
1219,1004,3.0349457086552367,4
1219,1097,4.111052992209607,5
1219,1382,3.6153722118761986,5
1219,2002,3.7598731535321845,5
1219,3102,2.0,2
1219,3861,3.0,5
1220,586,3.430511673940482,5
1220,588,3.4066505302811376,4
1220,673,3.1288987444661385,4
1220,1831,3.3390602381592047,2
1220,2103,3.0,4
1220,2183,3.0,4
1221,24,3.3057431425444994,4
1221,248,3.0,3
1221,1375,4.632381523419364,4
1221,1380,4.140821871439084,2
1221,3247,4.251161824207116,4
1222,1584,3.320626492751342,4
1222,2734,4.0,3
1223,745,3.329027114294293,4
1223,904,4.094143143853881,5
1223,929,5.0,5
1224,32,3.9007864359236692,4
1224,111,4.30634015403936,5
1224,337,3.9331179771311913,5
1224,1080,4.126601388701113,4
1224,1223,4.791792623971338,4
1224,2144,4.048638847669287,4
1224,2240,4.3945542843748076,4
1224,2252,3.0,5
1224,2427,3.8877167629324836,4
1224,2767,3.0,4
1224,3081,3.6875978226996153,1
1224,3174,3.884840952042774,4
1224,3319,3.0,4
1224,3360,4.20342370609268,4
1224,3640,3.0,4
1225,2966,3.0,3
1227,1192,3.0,5
1227,1643,3.490046509842934,5
1227,1885,3.6793181054084974,5
1227,2108,3.493656053104893,4
1227,3131,3.0,4
1228,1208,4.2249648700574305,5
1228,1225,4.1930320018324325,5
1228,1291,4.059072644634391,5
1228,1358,4.224370222337067,5
1228,1617,3.8021834503442937,5
1228,2273,3.0615285521324913,5
1228,2628,3.5971315217400646,2
1228,3360,4.442960617946113,5
1229,213,3.0,4
1230,296,4.269879476786849,4
1230,318,4.3160977536720715,4
1230,1036,4.203874659539646,5
1230,2140,4.214753249355955,4
1230,2310,3.0,4
1230,2407,3.9760479375844135,4
1230,2492,3.0,5
1231,923,4.124697230784409,4
1232,1784,4.413657405445238,4
1233,1214,3.7837745374959266,5
1233,2072,3.0,2
1235,3160,1.956544815764295,4
1236,3868,3.2201797139465946,4
1237,1892,3.7294222330244855,4
1238,3203,2.7766061987574155,4
1239,1537,3.0,4
1239,2282,5.0,5
1239,3418,4.128040032577959,4
1241,34,4.55180498566423,4
1241,112,4.381767337724949,3
1241,1641,4.645572178591903,3
1241,2085,4.660952490180144,4
1241,2700,4.650033102122602,5
1241,2841,5.0,4
1241,3513,5.0,4
1241,3861,4.0069783940427115,4
1242,537,3.0,5
1242,587,3.4798644771761893,3
1242,919,3.753924881727137,5
1242,926,4.495701181610502,5
1242,1090,3.590789152474357,3
1242,1173,5.0,4
1242,1312,3.0,3
1242,1428,3.0,4
1242,1572,3.0,3
1242,1673,3.6759651318847255,4
1242,2892,3.0,5
1242,3127,3.0,3
1242,3598,3.0,4
1242,3676,3.0,5
1242,3880,3.0,3
1243,539,3.667298147241479,3
1243,2094,3.341306178974354,3
1243,2716,3.4971137365581333,4
1243,2739,3.777570000596846,4
1243,3052,3.827406532948361,3
1243,3786,3.0,3
1244,153,3.0617196131725604,2
1244,300,4.217570307123784,5
1244,1233,4.180974203535229,5
1244,1291,3.531411995602137,4
1244,1408,3.5575566034816903,5
1244,1552,3.2675052840342516,2
1244,1591,2.9304160969375195,1
1244,1610,3.5685211010066644,5
1244,1616,2.663295443635136,3
1244,2153,2.67063567111089,1
1244,2243,4.093895791561059,5
1244,2324,4.200950794264739,4
1244,2403,3.385161121202302,3
1244,2657,3.755075016018587,3
1244,2791,4.098319886904163,4
1244,2986,2.815275535838723,1
1244,3173,4.007099287986704,3
1244,3744,3.6960751908739033,4
1246,161,3.9551681857028096,3
1246,435,3.8333840642513826,3
1246,1275,3.919305296539663,3
1246,1297,3.767965060962075,4
1246,1500,3.862145250389461,4
1246,1754,3.7081898117634924,4
1246,1779,3.757623877198836,4
1246,1888,3.4456449838902445,4
1246,2010,3.377516294047122,3
1246,2294,3.8691191970243892,4
1246,2912,3.632438324659672,4
1246,3210,3.918199582115107,3
1248,908,3.9833727054903223,4
1248,919,4.063889321176445,4
1252,1300,4.654107592708081,4
1252,3893,4.16823851495776,4
1253,1097,3.8476769886167324,5
1254,1777,3.9376638864784916,5
1255,2762,3.8294069958476418,5
1255,3404,3.0,4
1255,3528,3.248519695869771,4
1257,2950,2.742328232146412,2
1257,3461,3.0,4
1258,930,4.899623101792307,5
1259,1214,4.3889387827169015,5
1260,16,3.872227009910601,4
1260,1465,3.0,3
1260,1625,3.837109042044955,5
1260,1635,3.996972650956803,4
1260,1953,4.1146307581953705,4
1260,1957,4.292786859593838,5
1260,1958,3.869757863973828,5
1260,2065,3.99926596472715,4
1260,2802,3.7358509324300018,4
1260,3359,4.29419757985825,4
1261,785,3.575408542217181,4
1261,1127,3.9606993677454216,5
1261,2840,3.4675670166706434,4
1261,3190,3.0,3
1262,428,3.7515945167431233,4
1262,1060,3.892307971712587,5
1262,3147,3.6661306802318254,5
1263,344,3.3741482634720272,3
1263,543,3.603758329716109,4
1263,588,3.626093724660362,2
1263,934,3.0,3
1263,1753,3.0,4
1263,2394,3.0241711545943732,3
1263,2706,3.379568851853716,4
1263,2723,3.642368824733849,1
1263,2791,3.634244389522431,4
1263,2797,3.5219316188922365,4
1263,3591,3.4166559442981903,2
1264,3,2.999509177830636,3
1264,196,3.204407491013783,3
1264,357,3.933521916682936,5
1264,383,3.485503916260669,3
1264,542,3.0000000000000004,3
1264,555,3.8570041107737425,4
1264,648,3.5788134761221664,3
1264,1204,4.254600605860294,5
1264,1250,4.190278463066226,5
1264,1407,3.693566384516363,4
1264,1515,2.4967078202623214,1
1264,1754,3.038691419599754,4
1264,1975,2.818092454004852,3
1264,2022,5.0,4
1264,2081,3.704141516913389,3
1264,2161,3.5049441347797057,3
1264,2571,3.7141163927017344,5
1264,2572,3.818094797771809,4
1264,2816,2.0,2
1264,2959,3.86723265157895,5
1264,3250,3.0,3
1264,3386,3.864185106764722,4
1264,3527,3.613046522812915,4
1264,3614,3.7563173903830007,4
1264,3758,3.0,2
1265,75,3.0,1
1265,497,3.5953703466061078,3
1265,1967,2.988231779766215,3
1265,2607,3.0,5
1265,2918,3.249489613366435,4
1265,3949,4.6062735294958355,5
1266,34,4.105605370765854,5
1266,162,3.5984915964650597,3
1266,181,3.0,1
1266,337,3.908797818160102,5
1266,380,3.5146923597309874,1
1266,608,3.8223244847761175,5
1266,785,3.600045158604401,3
1266,888,3.0,2
1266,986,3.0,4
1266,1036,3.6937283421633142,5
1266,1265,3.747188543634963,5
1266,1370,3.5104999448253635,4
1266,1729,3.642811110313276,3
1266,1829,3.0,3
1266,1945,4.500051168973602,4
1266,1955,4.3677869956181885,4
1266,2054,3.5753078212909823,4
1266,2411,2.6716166694416836,1
1266,2617,3.277853239433976,4
1266,2620,3.0,4
1266,2787,2.1606763890441085,3
1266,3249,3.2680686133354495,3
1266,3435,4.400149397588945,5
1266,3514,3.0,3
1266,3593,3.0,1
1266,3756,3.0,3
1266,3909,3.0,1
1267,590,3.5359074471184213,4
1267,1104,4.002593855835268,5
1267,1196,3.5397234771009782,3
1267,2726,4.482667237601834,5
1267,2968,3.7158356755862645,4
1268,223,4.031356097214578,4
1268,3035,4.7312527682219265,5
1271,34,4.885255886573495,5
1271,1544,4.365930164408293,3
1271,1580,4.517652126443591,5
1271,2677,3.0,4
1272,529,4.016320569576261,4
1272,551,3.7716189353836813,4
1272,1633,4.3172754835163705,5
1272,2859,5.0,4
1272,2890,3.8526803996534382,5
1272,3633,3.160025711107779,1
1273,933,4.208810194692387,4
1273,1148,3.9369536598539567,5
1273,1185,4.246626079859323,4
1273,1231,4.195463350547574,4
1273,1950,4.442843978084887,4
1273,2000,4.016455132981859,3
1273,2747,3.0,3
1273,3362,4.217464081659023,4
1273,3448,3.9538605591201184,3
1273,3543,4.205718091173757,4
1273,3702,4.1956091103933995,5
1274,41,4.0,4
1274,162,3.8559806050295244,5
1274,953,3.70498635802995,4
1274,1208,3.7351900187311173,4
1274,1233,3.7409786489326824,4
1274,1283,3.841367901913151,5
1274,1293,3.999287513886806,4
1274,1392,3.0,3
1274,1552,3.4774351613812495,3
1274,1918,3.4054740127677445,2
1274,2285,3.0,4
1274,3074,4.0,3
1274,3176,3.733030677101255,4
1274,3430,3.0,3
1274,3510,3.6788286411667097,3
1274,3629,3.7277284497044167,4
1274,3671,3.652634315047428,2
1276,1148,4.322356581842665,4
1277,253,3.372459323037454,5
1279,237,3.0226483994286903,2
1279,1036,2.742840166042674,2
1279,1066,3.0,4
1279,1224,3.318990963834412,3
1279,1673,2.978663435452375,4
1279,2501,3.0270483654102414,2
1279,2616,2.545303479055741,2
1279,2797,2.893318673692386,4
1281,501,5.0,2
1281,899,3.220548261369568,5
1281,1120,3.7440033727384674,3
1281,2501,3.9216585184174164,3
1281,3910,4.0,5
1284,50,3.93190743955918,5
1284,150,3.9674170337522505,4
1284,185,3.4310662967781114,3
1284,266,4.128374235461697,5
1284,292,3.5456670290550067,2
1284,357,4.016513736198506,5
1284,543,3.690603860617933,3
1284,608,3.9845262292064128,5
1284,1050,3.0,2
1284,1267,4.5018143248890405,4
1284,1544,3.404309982098482,3
1284,1647,3.0,4
1284,1972,1.2785785342069063,1
1284,2058,3.602929558105186,4
1284,2135,5.0,3
1284,2389,2.1753756724387,2
1284,2568,3.0,2
1284,2763,3.368974161533832,4
1284,2858,3.9606150742268698,5
1284,3108,3.982011199098421,4
1284,3484,2.997512216579356,2
1284,3926,3.787168552082783,3
1285,105,3.0,4
1285,367,4.110696555831762,5
1285,440,4.098782060086712,4
1285,784,3.7262368573457447,4
1285,994,4.138075117580002,5
1285,1012,4.494258554650211,4
1285,1042,4.132501657779672,2
1285,1185,4.546501057426237,4
1285,1249,4.718707510767248,3
1285,1345,4.199940810664492,4
1285,1389,1.877569855445908,1
1285,1544,3.9638858978987375,3
1285,1594,4.594347618062824,5
1285,1625,4.223399325694207,5
1285,1805,4.172829737562032,2
1285,1968,4.1571190420987065,5
1285,2022,4.0,4
1285,2150,4.340778713941249,4
1285,2273,3.8287396842775347,3
1285,2278,4.246167657753526,5
1285,2377,3.7596984150641073,1
1285,2378,3.704469975944263,2
1285,2418,3.0,4
1285,2689,3.0,3
1285,2872,4.330152298811318,4
1285,2900,3.201745968940725,2
1285,2916,4.184050116837142,3
1285,2990,3.6029101686883003,4
1285,3083,3.0,4
1285,3125,3.0,5
1285,3206,3.0,3
1285,3249,3.7214626608913477,4
1285,3403,3.0,2
1285,3427,3.0,4
1285,3730,4.715238948807678,5
1285,3783,3.0,4
1285,3917,3.1779058539164375,1
1287,265,4.558480882615044,4
1287,308,5.0,5
1287,384,3.0,3
1288,1956,3.8873604605555308,4
1288,3475,3.0,3
1289,608,4.380480867363037,3
1290,1997,4.510470050839934,5
1291,1235,4.196756455023497,5
1291,1240,3.9040494181444956,4
1291,1380,3.9422467691045098,5
1291,2245,4.009056527413996,5
1291,2929,4.396153404945461,3
1291,3090,3.0,4
1291,3145,3.0,3
1292,1973,1.3716688057250992,1
1292,3354,3.9678220727656037,1
1294,223,3.909895114381,4
1294,260,3.972484032982406,5
1294,1079,3.6531461038254776,2
1294,1230,4.153945353379646,5
1294,1641,3.9713539251211314,3
1294,1948,3.9244938486819003,5
1294,2290,3.0,4
1294,2791,3.694555264202862,4
1294,3357,3.0,4
1294,3685,3.9862449601528263,4
1295,25,3.5732005752042864,3
1295,3706,3.0,2
1295,3949,4.0,4
1296,2997,3.954524793937982,3
1297,52,3.852208739788991,3
1297,519,2.6751463894999445,2
1297,1562,2.9852603973283247,2
1297,2009,3.6857254365938803,3
1297,2302,3.6780142175165498,3
1297,2762,3.666277845184366,5
1297,3006,4.318878885326305,4
1297,3243,2.5115078830988837,2
1297,3255,3.4957600901049237,2
1298,2,3.9652875883018104,4
1298,484,3.0,4
1298,673,3.8802557361967787,3
1298,833,1.0,2
1298,858,4.142712168630574,4
1298,1147,5.0,4
1298,1385,3.887215045042738,4
1298,1639,3.9319905740966448,3
1298,1721,4.075735917603204,5
1298,1784,4.0178194061482335,3
1298,2107,3.314540741313389,4
1298,2114,3.831553485436153,4
1298,2329,4.078579994344392,4
1298,2369,3.820958069037334,3
1298,2565,4.339933429967059,4
1298,3263,3.8946939096228257,4
1299,112,4.096483839035832,5
1299,1196,4.063018897214292,5
1299,1200,4.005241085342614,4
1299,1220,4.066730902286089,5
1299,1320,3.9123727507128496,3
1299,2001,4.0708853697689795,4
1299,2406,4.002951279579094,4
1299,2641,3.9760403794536603,5
1299,2916,4.001172484276383,3
1300,610,4.6624603745302515,5
1300,742,3.214495040786672,1
1300,1261,4.358182828235382,5
1300,2974,2.416614840119638,1
1300,3623,4.092060715155204,4
1301,1,3.9613577018387707,4
1301,587,4.0490734056483975,5
1301,802,3.6906281208628733,3
1301,1081,4.391561845360457,4
1301,1193,4.1197366755844405,4
1301,1291,3.938037165395043,4
1301,2087,4.4076355655384445,4
1301,2115,3.962628431487491,5
1301,2324,4.1331626783064515,5
1301,2396,4.039110827693276,5
1301,2917,4.086396533465999,3
1302,2412,3.0,4
1303,123,3.0,3
1303,141,3.28649828523938,2
1303,357,3.6165924784859076,2
1303,480,3.4693696355157977,3
1303,708,3.325465474572743,2
1303,1034,3.0,5
1303,1077,4.040831738273014,4
1303,1288,3.785936030705961,5
1303,1334,3.6131448197356804,4
1303,1573,3.338603288893086,2
1303,1635,3.8763499866406477,4
1303,1783,1.0,1
1303,1894,2.745130416484883,1
1303,1965,3.9788591679751875,5
1303,1998,2.532106079334852,1
1303,2359,3.694142766639698,1
1303,2363,3.714234728321208,3
1303,2528,3.534053149850341,4
1303,2985,3.331215342589671,4
1303,3671,3.79571439767296,4
1303,3910,3.0,1
1304,457,4.249226584180778,5
1304,2406,4.156230171536198,3
1305,3142,3.0,4
1306,515,4.680851907591592,4
1306,1594,4.639896193983802,4
1306,2288,4.43486205931583,5
1306,2369,4.8407905956232735,4
1306,2406,4.363368564887321,5
1306,2469,4.399257538763289,5
1306,3703,4.3989401977355715,5
1306,3751,4.572776341430229,4
1308,3408,3.905037227127754,2
1310,144,3.0,3
1311,1287,4.273407514312195,5
1311,1342,4.015259660588566,1
1311,1688,4.450660613671411,2
1311,2115,3.6354261101075416,4
1311,3744,5.0,5
1312,393,3.0,1
1312,546,2.635512249289982,2
1312,611,1.0,2
1312,631,3.403219946300338,3
1312,1129,3.5432283028934872,4
1312,2081,3.8732404699019938,4
1312,2085,3.927281476969036,3
1312,2566,2.0,2
1312,3424,4.488423252301211,5
1314,1022,2.221643116667404,1
1314,1059,3.0,3
1314,1610,3.372206853554587,4
1314,2092,1.4771160601764761,1
1315,1041,4.379002935827248,4
1315,3317,3.6339439117054884,4
1317,335,3.0,3
1317,435,3.4613602445129503,3
1317,923,4.170610039291905,4
1317,1007,3.2003881773110474,2
1317,1010,3.483901311171151,3
1317,1036,3.8663607789137924,4
1317,1220,3.9061325627202574,4
1317,1251,4.3988412784160795,4
1317,1261,3.984831619329212,4
1317,1500,3.903690913947014,4
1317,1883,3.9432031685742404,4
1317,1916,4.497452509576929,4
1317,1968,3.932052318069319,4
1317,2015,3.702067971518642,4
1317,2090,3.969825214469269,4
1317,2259,3.7711053458535253,4
1317,2316,3.450377163622397,3
1317,2567,3.6507933966669928,3
1317,2616,3.6216992380820803,3
1317,2717,3.6349833033402486,3
1317,2995,2.733789439788604,2
1317,3175,3.7547277614932892,4
1317,3256,3.760875424490665,3
1317,3655,3.0,3
1320,303,3.5435498272584027,2
1320,1240,4.245820819109443,3
1320,3104,4.299509539328638,5
1320,3624,3.9824581312709704,4
1321,1270,3.5675165898430063,4
1321,2076,3.6818213750851285,1
1322,1220,4.161210518235139,5
1322,1242,4.279237398870529,4
1322,2413,4.0887942524419705,3
1322,3244,4.4157342216715945,4
1322,3873,4.0,5
1323,586,3.2859576966025794,1
1323,1094,3.9238761604437524,4
1323,1277,5.0,5
1323,1381,2.763053260659248,2
1323,1956,3.893254881890609,4
1323,2019,4.145471723899048,5
1323,2160,4.241522073895988,5
1323,3067,4.200152943724745,4
1324,1358,4.569017169215853,5
1324,2713,3.007192819821737,1
1325,1079,3.947212608350606,5
1325,1294,4.266390868982177,4
1325,2096,3.939582300453886,3
1325,2294,3.6785898255520157,4
1325,2321,3.750209126633601,5
1327,1208,3.9730464164336317,5
1327,1445,3.6597926767693285,1
1327,3448,3.881110046255278,4
1328,380,3.775388758202624,4
1328,541,3.7527084067239516,5
1328,1876,3.6739197088953186,1
1328,2402,3.780387858758836,1
1329,5,3.3148783052818267,4
1329,1405,3.3063395348461873,4
1329,1518,2.886698352768652,4
1329,1876,3.5089100262269772,2
1329,1912,3.719666915217078,2
1329,2245,3.768798475559518,3
1329,2478,3.706329566154634,4
1329,2599,3.953846658427776,1
1329,3082,3.5215403669045586,4
1331,1096,3.9158730526778713,4
1331,3196,4.237932520862276,4
1333,10,3.602548738448164,3
1333,41,3.0,4
1333,971,4.228431663216558,5
1333,991,5.0,3
1333,1097,4.157455399241977,3
1333,1258,4.050508854098742,4
1333,1272,4.646868335433501,5
1333,1729,4.362438897798154,5
1333,1909,3.4700181105749137,4
1333,1924,5.0,5
1333,2253,3.217605943864186,1
1333,2407,3.652882448956173,3
1333,2571,3.9597763750030452,5
1333,2699,3.5146461806228246,2
1333,2901,3.880416964809044,5
1333,2973,4.876658380720696,5
1333,3152,4.715143632987175,2
1333,3481,4.509979936095845,5
1333,3730,4.925532442997917,5
1333,3917,1.8693353439239688,4
1334,2763,3.4505687784337438,3
1335,1,3.441525357415445,4
1335,70,3.3443314138653095,1
1335,745,4.164356953823657,4
1335,898,4.074266606643407,5
1335,1423,3.0,5
1335,1734,3.0,4
1335,1998,1.4794798069654362,2
1335,2395,3.651253312399599,4
1335,3430,1.7396249646587805,2
1335,3505,2.6536411328286005,1
1335,3702,3.235304845040556,3
1336,1917,4.526508324921626,3
1337,616,3.87042240527801,3
1337,2080,3.9408267680047735,5
1337,3927,3.965934888933329,4
1338,1183,4.4986464955143814,4
1339,1091,1.9321351648401113,1
1339,1135,3.0674591821822212,1
1339,1167,3.0,2
1339,1265,3.1155990978526855,5
1339,2054,3.312692047062452,1
1339,2150,3.4637478963739876,3
1339,2375,2.0067939489074216,2
1339,2571,3.0550311022775274,5
1339,2746,3.2575831651192373,1
1339,3041,1.0,1
1339,3174,4.001734133811073,2
1339,3397,1.4651066367907404,1
1340,86,3.0,1
1340,177,1.6647931189878424,1
1340,282,1.9919563371150846,1
1340,423,1.3294251446410918,1
1340,442,2.310339514258727,1
1340,562,2.836887221285941,1
1340,595,3.06991073890507,3
1340,992,3.0,1
1340,1019,2.8600562686964737,2
1340,1252,3.2691524430452583,3
1340,1262,3.322164843244126,3
1340,1605,3.0,1
1340,1805,2.9626315592461174,2
1340,1994,2.73657280843322,5
1340,2373,1.7626770602500548,1
1340,2716,2.5666485838022233,5
1340,3444,2.0700811161573753,1
1340,3702,3.0316144018177553,4
1341,12,3.0,5
1341,177,2.42267071282677,1
1342,220,1.0,1
1343,1278,4.693636237800916,5
1343,2929,3.9656821437651657,1
1343,3108,4.538063193099046,5
1343,3148,4.360175748363117,4
1343,3730,4.928943642398307,5
1344,1968,4.060209687284196,4
1345,414,3.0,1
1346,2076,2.4869919477406435,3
1348,2554,3.0,4
1348,2718,3.0,5
1349,1374,4.640042880546668,5
1350,213,3.0,3
1350,1278,3.7547026257000837,2
1350,1721,3.7794780547627607,3
1350,2324,3.9005720194449967,5
1350,3624,5.0,5
1352,778,3.7221891359316404,5
1352,2131,3.0,4
1353,661,2.5343994130139635,2
1353,1270,3.094984440736847,4
1354,234,3.0,2
1354,357,3.7972123618145326,3
1354,377,3.7014074064683173,2
1354,914,3.6758475382482754,3
1354,1199,3.637292768634035,2
1354,1586,3.520494644980233,4
1354,1733,3.0,1
1354,2082,3.469467993009227,3
1354,2373,3.0063945176307842,3
1354,2485,3.4010263923745,5
1354,2572,3.925880992936747,4
1354,2699,3.719760429497047,3
1354,2791,3.67782149309562,4
1354,2948,3.385345737348954,2
1354,3081,3.9266515819345496,4
1354,3130,3.0,4
1354,3145,3.0,3
1354,3181,3.0,5
1354,3751,3.88750121221371,3
1354,3790,3.0,3
1355,3911,4.536528920494955,5
1356,260,3.1778532708048175,5
1356,474,2.916300998057941,2
1356,733,2.7652287288284367,1
1356,2054,2.776716396557001,1
1356,2373,2.940101610793743,4
1356,2449,3.0,4
1356,2643,2.4327007394044546,3
1356,2718,1.0,3
1356,2765,3.0,5
1356,3146,3.0,3
1357,1340,4.596519549856589,5
1357,1388,2.698884471198587,3
1357,3840,1.775455611763484,2
1358,110,3.4133264355787016,3
1358,260,3.42263732149415,5
1358,1127,3.0317816628591365,5
1358,1222,3.4900920018330233,5
1358,1291,3.3698126117486913,3
1358,2167,3.2360385587941702,4
1358,2616,2.8826357366410242,2
1358,2628,2.9416586221615564,2
1358,3623,3.31139650892628,2
1359,1023,4.544367916033478,3
1359,1148,3.834025994299263,4
1360,3334,4.027845906596153,4
1361,1674,4.362873660747186,3
1361,2237,3.0,4
1361,2762,4.124697286149715,5
1362,379,2.8995784805199167,2
1362,3409,2.679763786567329,4
1363,3060,4.534183390932035,5
1365,3671,3.7825239936283492,2
1366,2770,3.6687092662105503,5
1367,52,4.297105304993865,3
1367,158,2.5078295117716314,3
1367,318,3.990883170405404,5
1367,588,4.00508426621767,3
1367,2021,3.8089426005028013,2
1367,2395,3.9942865419398985,4
1367,2469,4.001623584752064,3
1367,2640,3.82401586832699,5
1367,3466,3.0,4
1367,3526,3.958855127595945,4
1369,663,4.0050962048952465,5
1369,778,4.18581451524163,4
1369,924,4.034483033588886,4
1369,1206,4.057815796989691,4
1369,1212,4.462667714132309,5
1369,1676,3.7884955916654395,4
1369,2006,3.799417915030254,4
1369,2054,3.7126998022478954,1
1369,2393,3.648992639163211,4
1369,2533,3.6484656231223203,5
1369,2615,3.8017715799390914,5
1369,2750,4.04699627820175,4
1369,3310,3.0,4
1369,3508,3.928189288942175,3
1370,1556,3.340688121886688,1
1370,2719,2.7858062203057017,2
1370,2987,3.828063719465522,3
1370,3840,1.3636056237252254,2
1371,317,3.4888950674649615,5
1372,2028,3.5118046099218434,4
1372,2762,3.6026688933435747,3
1374,1089,3.829201723833412,3
1375,1721,4.129293219118022,3
1375,2734,3.9993838493037943,4
1375,2997,4.398346772493207,5
1376,2699,3.743856403111142,4
1376,3246,3.006037082255191,4
1377,145,2.736295682159095,2
1377,316,3.248294520789501,3
1377,1497,2.0,1
1377,1590,3.1847057595395887,1
1377,1762,3.035113451356158,2
1377,1831,3.1970688070495363,3
1377,2054,3.0329618303354913,3
1377,2105,3.2638702751487685,2
1377,2145,3.180612786677,3
1377,2457,3.181118776289719,4
1377,2490,2.9956040620657403,3
1377,2817,1.8292846181420865,1
1377,3033,2.9830198446320297,2
1377,3082,3.127794771315397,3
1377,3937,3.0,3
1378,2130,4.824595521823913,4
1380,60,3.0,3
1380,1527,3.5450181132135006,4
1380,1882,3.3181246106364863,2
1380,3450,3.765816083936994,2
1381,34,4.0978365888679384,3
1381,440,3.6945803078221697,5
1381,3565,3.0,2
1381,3916,3.9804021423697793,4
1383,1,3.623536896296537,4
1383,104,3.381251081596553,3
1383,232,3.375153376777799,4
1383,538,3.7844183479868434,4
1383,586,3.198058627582124,4
1383,830,2.7270576977294017,3
1383,920,3.9362065089264404,5
1383,1085,3.0,4
1383,1220,3.577355333226955,3
1383,1246,3.620156780226019,3
1383,1254,3.9863675797578675,4
1383,1391,3.4585872105974453,2
1383,1401,3.0,3
1383,1513,3.1954535844890977,2
1383,2973,3.886863203514386,4
1383,3040,3.3250035954565607,1
1383,3083,3.0,3
1383,3244,3.9140395306500704,5
1383,3263,3.5359993656865862,4
1383,3363,3.818193366038033,4
1383,3396,3.5791576608764553,5
1383,3624,4.494052550808528,3
1385,110,3.96520544303255,3
1386,296,4.231382238657111,5
1386,720,5.0,5
1386,2735,3.3548316479916225,2
1387,858,3.7915077906362873,5
1387,903,3.946469119942647,5
1387,1086,3.7935769577737415,4
1387,1221,3.9457288988204793,4
1387,1262,3.8890889963254183,2
1387,2366,4.228476869308429,3
1389,2,3.536401977557527,4
1389,377,3.866736657232269,5
1389,529,4.25392252308222,5
1389,592,3.9434343401492673,4
1389,736,3.7668384392153973,4
1389,908,4.447544106849265,3
1389,1301,4.2661129680950856,4
1389,1373,3.3114059775761198,2
1389,2194,3.988163891697809,4
1389,2728,4.604671296358346,5
1389,3039,4.1130538745697285,4
1389,3148,4.079973656525152,5
1389,3508,4.6578474117524715,4
1389,3911,4.014231073910646,5
1390,344,3.4453950236224316,3
1390,1230,4.385999460870904,5
1390,1287,4.509691377122794,5
1390,1498,3.0,4
1390,1894,4.067351979614609,2
1390,2022,4.0,1
1390,2294,3.495994890898668,4
1390,2394,3.4460580131391763,4
1390,2455,4.092415957806147,4
1390,2716,3.8608782742828396,4
1390,2942,5.0,4
1390,2948,4.017138124225305,4
1390,3623,4.144346596381001,4
1391,39,3.6119194366451612,4
1391,265,3.7710452182525205,4
1391,1172,3.9338339292732045,4
1391,1537,3.0,4
1391,1542,3.0,4
1391,1643,3.653966367906775,3
1391,2115,3.806910652097342,3
1391,2471,3.6583228523300138,3
1391,2794,3.7498199052776253,4
1391,3363,4.027745572741597,4
1392,266,4.09674212422759,3
1392,445,3.0,3
1392,908,3.787346247594685,4
1392,952,4.180106290979247,3
1392,1219,3.814273895655751,5
1392,1580,3.6648032227049563,4
1392,1982,3.16182418832007,1
1392,2901,3.7573238478012585,1
1392,3074,3.0,2
1392,3552,3.7311450573738663,3
1393,2951,4.49869614329585,4
1395,188,3.0,5
1395,293,4.201533689107444,5
1395,627,3.0,5
1395,1274,4.127538374836466,5
1395,2672,4.599499814820238,4
1395,2808,3.629579374304339,2
1395,3527,4.048936602246521,4
1395,3593,3.0,1
1395,3897,4.133511143146099,4
1396,247,4.449735579651201,2
1396,260,3.6603571184955443,5
1396,1080,3.723168906895137,5
1396,2003,3.42771447770949,3
1396,3175,3.821601716167707,4
1397,968,3.8228298473999915,2
1397,1221,3.912995704914659,4
1399,1635,4.06866218844358,4
1399,1965,4.142745658675621,4
1399,2012,3.9751503069097796,3
1399,2058,3.9771008869039095,4
1399,3238,3.0,1
1399,3285,4.0,3
1399,3889,2.0,3
1399,3948,4.177934934270092,4
1400,1639,3.9691176103340498,4
1400,2028,4.386568631062538,5
1400,2359,4.437567363775688,2
1401,2080,4.306630390446648,3
1402,457,4.356576016759415,4
1403,2021,4.1256071622957,1
1403,3479,4.130051083641945,4
1403,3701,3.6705157042990995,4
1403,3793,3.8903949077368143,4
1404,934,3.0,2
1404,1178,4.244269102042969,4
1404,1233,3.2136822578335322,4
1404,1238,3.209049817316915,4
1404,1288,2.777556853531547,5
1404,1916,4.0,4
1404,2997,3.0939092135052535,4
1404,3066,3.3454078650979744,4
1404,3160,3.5932404375021654,5
1405,1230,4.053840333610749,4
1405,3089,4.0,4
1407,357,4.2540564182344065,4
1407,1148,4.320981134695532,5
1407,1354,4.259143246108924,5
1408,733,3.1088238401357637,4
1408,908,4.0638856626154745,5
1408,2330,3.0,4
1408,2699,3.0829727179741995,4
1409,32,4.291223268770118,5
1409,3033,4.358641926827235,4
1410,1320,4.691007361694671,5
1411,2622,4.0,4
1413,866,4.054903394839752,5
1413,920,4.010037390972642,4
1413,1240,3.746066832802878,4
1413,1374,3.312694606388395,5
1413,2707,2.3803231087471874,4
1413,3302,3.0,3
1413,3515,3.0,3
1414,1408,3.917342596592714,4
1414,2879,4.509917714712961,4
1415,25,3.89913240514923,3
1415,778,3.8168598653457573,4
1415,2115,3.8337966649827018,4
1415,2501,4.220080835667008,3
1417,3897,4.19013914771646,5
1418,377,3.141770547244024,4
1418,546,2.5135964900742285,2
1418,736,3.338163047472663,3
1418,785,3.1499145514092293,2
1420,373,3.0,3
1420,553,4.006276700273041,4
1420,1673,4.12633822380131,4
1420,1704,4.002136747562683,5
1420,2797,3.646189559372271,5
1420,3503,3.0,3
1420,3535,4.0,3
1421,899,4.009861174463792,5
1421,1057,4.0,2
1421,1120,4.016523987194526,4
1421,1333,4.18613604599692,1
1421,2329,4.080434017615127,5
1421,3114,3.9872672460276033,5
1422,3,3.054144737616882,4
1422,249,3.0,4
1422,661,3.168647616301094,3
1422,1101,3.187342568312452,3
1422,1219,3.6101757091446287,5
1422,1375,3.217966537510333,3
1422,1380,3.2951587537671285,2
1422,1711,3.445568592136252,2
1422,1909,3.3330752581984924,3
1422,1984,2.103150728843276,3
1422,2072,2.5627462765470734,3
1422,2134,3.0654799444365546,3
1422,2136,4.0,3
1422,2429,3.0,3
1422,2759,3.645409060758469,3
1422,2921,3.529006460959349,3
1422,2989,2.981043871605021,3
1422,3247,3.084997252799838,3
1422,3499,3.4790347430309376,4
1422,3668,3.0,3
1422,3702,3.4139041376282533,2
1422,3893,3.3027365801649453,3
1424,2389,3.7362403411926084,3
1425,429,2.739938041192045,3
1425,460,3.0,2
1425,466,3.4849892885899076,4
1425,766,3.0,5
1425,911,4.803619718589938,5
1425,1061,4.621051238259789,4
1425,1064,3.0,2
1425,1177,4.0,4
1425,1211,5.0,4
1425,1485,3.584566834423416,4
1425,1584,4.021559475447587,5
1425,1629,3.0,4
1425,1676,3.648720093697425,3
1425,1682,4.100050485420103,5
1425,1683,4.5043345009537,5
1425,1794,3.0,5
1425,2598,3.711185323313803,3
1425,2701,3.6141925879326102,1
1425,2716,3.9998836194689122,4
1425,2759,5.0,5
1425,3146,3.0,4
1425,3258,3.8911452839289877,4
1425,3668,3.0,4
1425,3688,3.330518701590913,3
1425,3865,3.0,2
1426,273,3.376711548605852,2
1426,736,3.5554145754191375,3
1426,778,4.158640260595361,5
1426,786,3.274750101780204,2
1426,923,4.148410554675608,5
1426,1214,3.497304345599149,5
1426,1431,1.0,3
1426,1672,3.8227612154596424,4
1426,1701,5.0,3
1426,1788,3.0,4
1426,2053,2.3915351137663197,2
1426,2144,3.8853137402672453,4
1426,2355,3.7327492135767897,4
1426,3098,3.981307911575233,3
1427,2687,3.611886200730286,4
1427,2792,4.104877708246691,3
1427,3361,4.392941605299871,5
1429,551,3.643344864417191,2
1429,1198,1.0,4
1429,2291,3.540514985494081,4
1430,1079,4.1158494809634805,5
1430,1265,4.379664985072352,5
1430,2329,4.617181046349346,5
1433,2699,3.7018580086863055,4
1434,356,2.3237308149023432,4
1434,586,2.294898399767985,1
1434,1665,1.9701909126838377,3
1434,2011,2.18971003057414,1
1434,2424,2.169935706043109,1
1434,2530,1.2991136794950677,1
1434,3160,2.8391450536911953,1
1434,3248,2.38737331321711,4
1434,3253,2.3149744309132294,1
1436,1287,4.3320385707454045,4
1436,2712,4.222701851843156,3
1437,589,4.528091365558403,5
1437,608,4.532936871023992,5
1437,1225,4.7160997236662885,5
1438,1093,4.222881139558735,3
1438,2694,3.935237208792606,4
1439,541,5.0,4
1439,1284,4.42058404003702,3
1440,260,3.626727839879494,5
1440,1080,3.7321730540313975,4
1440,2859,5.0,5
1440,2926,3.875137893617751,2
1440,3093,3.0,3
1441,39,3.7592657855932257,4
1441,543,4.08913372088948,3
1441,3937,3.0,3
1442,588,2.982776007171775,2
1442,595,2.914002090425664,1
1442,2294,3.206917217156112,3
1442,3375,3.0,3
1446,1035,4.133404720429828,2
1446,1237,4.832917050094532,5
1447,273,2.8434712821499915,2
1447,356,3.652234614709734,5
1447,367,3.5140357314070956,2
1447,464,2.624277420396935,3
1447,671,4.020139313796435,4
1447,1130,2.928910426424134,2
1447,1136,3.8279634241179528,3
1447,1220,3.6374746870516943,2
1447,1243,4.018596641913874,5
1447,1265,3.7248859807086427,5
1447,1267,4.04194772838754,3
1447,1333,3.874191482980619,3
1447,1339,3.4851429587938645,4
1447,1358,4.0164274576670635,4
1447,1591,2.953106410856677,2
1447,1884,3.4601624013354795,4
1447,1944,3.9755171129347753,3
1447,1953,4.017754317055499,3
1447,2707,4.494893176918566,5
1447,2782,2.863180306127674,3
1447,2871,3.916596668866925,4
1447,2993,3.5811421358134803,2
1447,3712,3.5928818695475426,4
1447,3723,3.0,3
1447,3766,1.5581307453646622,1
1448,46,4.652632199374895,4
1448,50,4.132314837310419,4
1448,57,3.0,4
1448,58,4.53392860359021,4
1448,344,3.847324424646249,2
1448,353,3.710527762282493,5
1448,543,4.080064815590603,5
1448,585,4.0565782795507666,4
1448,1370,3.9322784516424325,3
1448,1569,4.063220935272137,5
1448,1589,4.087652046887799,5
1448,1722,3.909499459136426,3
1448,2001,3.750622319141272,3
1448,2112,4.279446799515361,4
1448,2420,3.9279228929256873,5
1448,2571,4.032621629280983,5
1448,2950,3.7029022421352464,3
1448,3145,3.0,5
1448,3359,4.332408657843087,4
1448,3498,3.789045521508205,5
1448,3713,3.0,5
1448,3741,4.449786349058636,4
1449,140,2.0,3
1449,216,2.615049886495392,3
1449,300,3.537181666558651,4
1449,360,3.0,2
1449,458,3.0,4
1449,509,3.4297171997052445,4
1449,524,3.254379347473536,4
1449,714,3.0,3
1449,780,2.7961451854653023,3
1449,785,3.4727569755339003,4
1449,1101,2.7150943885031986,3
1449,1135,2.9424038378850024,3
1449,1207,3.6765523114696,4
1449,1252,3.7980938763718326,5
1449,1262,3.5523617656766238,4
1449,1263,3.648918436237344,4
1449,1271,2.8812705940811587,3
1449,1284,4.054013610917138,5
1449,1396,2.942336855983381,3
1449,1408,2.9766476856406268,3
1449,1429,3.147685515429071,3
1449,1468,3.0,1
1449,1648,3.0,4
1449,1730,3.0,4
1449,2263,3.0,2
1449,2301,3.039711523002005,3
1449,2374,2.139150316029154,3
1449,2379,1.8330607900724587,2
1449,2581,2.816005268624615,3
1449,2692,3.73078511200316,5
1449,2719,3.1591544630228365,1
1449,2731,3.0,4
1449,3039,3.0223964604890265,3
1449,3173,3.502456873867572,2
1449,3178,2.8166509822248145,2
1449,3197,2.1844283828759314,1
1449,3301,2.982090796375761,4
1449,3360,3.3391897970222146,3
1449,3456,3.0,4
1450,216,2.520274597004773,1
1450,356,3.1910748436395573,5
1450,1380,3.3059512735906322,3
1450,3052,3.0163652471481406,3
1451,163,3.772688993339735,4
1451,256,3.0,3
1451,281,4.32669077775204,5
1451,300,4.2452335758064015,5
1451,308,5.0,5
1451,365,3.0,4
1451,367,3.923496271565751,4
1451,648,3.8562037388219563,4
1451,1101,3.9354509147880297,3
1451,1179,4.47621497849059,5
1451,1457,3.999992370326615,4
1451,1693,2.0,5
1451,2014,3.6029201064266143,4
1451,2087,4.060641906937455,3
1451,2140,4.011127574248886,4
1451,2141,3.9009176319909384,4
1451,2161,3.899960889377297,4
1451,2966,5.0,5
1451,3071,4.521185840803083,4
1451,3157,5.0,5
1451,3697,3.6885722882147443,3
1451,3765,3.0,2
1451,3897,4.408636756639291,4
1452,3911,4.523803191271742,5
1454,161,4.112996045800286,3
1456,1370,4.198533733315022,3
1456,2959,4.659277496455855,5
1457,105,3.0,4
1457,1059,4.242761193403961,4
1457,2140,3.7525540359653533,3
1457,2231,4.013983018364695,4
1457,3072,4.425319584458063,3
1457,3360,4.4760262362507515,5
1457,3671,4.124434779947284,5
1458,260,4.475268000267494,5
1458,596,4.642448929219915,5
1458,919,4.412364229101672,4
1458,1426,3.0,1
1461,924,3.9481352547658837,4
1463,1210,4.027398942770476,5
1464,2105,3.879805769109731,4
1465,79,3.0,4
1465,217,3.0,2
1465,273,2.6597901709969562,3
1465,897,4.0,4
1465,900,4.399692200331518,4
1465,1210,4.083049154975732,5
1465,1227,4.312403298585458,3
1465,1246,4.044304126902937,5
1465,1293,3.795864797470308,5
1465,1958,3.5901110729886248,4
1465,2117,3.9894353525752067,4
1465,2476,3.239360606721072,3
1465,2526,3.0,3
1465,2739,4.089828552989861,4
1465,2819,4.413502609058905,4
1465,2916,3.947763375761233,4
1465,2944,4.201306213353314,4
1465,3011,4.202054800078982,4
1465,3032,3.833876398864834,4
1465,3100,4.006629449953782,5
1465,3178,3.8619782155044176,5
1465,3418,4.024289606667938,4
1465,3735,4.462310014967463,4
1466,6,4.0887089932142615,4
1466,95,3.740962506879608,4
1466,112,3.6895038028234675,3
1466,996,4.01569702000301,4
1466,1200,3.996795165988464,3
1466,1608,3.8650142835668517,4
1466,1722,3.8518222833833238,4
1466,1753,3.0,5
1466,1912,4.071081154424288,5
1467,104,4.0,4
1467,2310,3.0,3
1467,2959,3.4790515177542853,3
1468,10,3.844536565569878,4
1468,1438,3.8570834337258795,2
1468,2353,3.83152171895867,5
1470,527,3.9390617123040053,5
1470,849,3.4192582676066525,5
1470,1429,3.0,4
1470,1586,3.836170563362208,4
1470,1914,3.0,3
1470,2085,3.902944538361186,4
1470,2476,3.983855749125671,2
1470,2512,3.0,2
1470,2700,3.7035392773250586,4
1470,2873,3.0,1
1470,3250,3.0,5
1470,3516,3.0,2
1470,3623,4.112329432437084,4
1470,3833,3.0,1
1471,589,4.096694756956939,4
1472,527,3.979880039317143,5
1472,1552,3.63132208543461,3
1472,2100,3.8467631521610866,4
1472,2105,3.6993125758914895,4
1472,2353,3.6539677253346605,3
1472,2565,4.466741212687872,4
1472,3153,4.3142554923602106,4
1472,3527,3.7293691303330796,4
1473,288,2.9569344996036366,3
1473,1028,3.6707109806139204,4
1473,1876,2.8061891107776256,3
1473,2013,3.530079046263215,3
1473,2126,2.5646605266416134,2
1473,2273,2.404721597602281,2
1473,2457,3.0,4
1473,2617,2.5964379911974476,2
1473,3467,3.8238463809471113,3
1474,296,3.855971816539014,3
1474,1199,3.952964401123501,5
1474,1374,3.721095408748145,5
1474,2712,3.7648421846140048,5
1474,2772,3.0,4
1474,2839,3.0,5
1475,266,4.031361305542075,1
1475,2804,3.6216838309184567,5
1475,3614,3.186491215227159,4
1477,3730,5.000000000000001,4
1477,3932,3.3993115201295505,4
1478,529,4.707250976627822,4
1481,1266,4.325490324323871,4
1481,1409,3.0,4
1481,2067,4.692901243694447,5
1481,2081,4.450298798203085,5
1482,903,2.9844267405855223,5
1482,2560,3.0,3
1483,2002,2.700461069707835,1
1483,2094,2.878634662703988,3
1483,2641,2.911584758119786,1
1483,3693,1.0,1
1484,345,3.700212588565558,4
1484,369,3.0,2
1484,586,3.3527457698897356,3
1484,764,4.0,3
1484,1240,3.7186495926038488,4
1484,1635,4.006304535453548,4
1484,3105,3.8303372725223275,3
1486,94,3.0,5
1486,3175,3.763243524773145,4
1486,3300,4.0,3
1486,3623,3.7978523169713405,2
1487,1288,3.0,4
1488,1221,4.26823729860076,5
1489,1088,2.748416389231425,1
1489,1197,2.8122885951434773,4
1489,1304,3.109052649955998,4
1489,1610,2.7167363249178482,3
1489,1617,2.750812064756156,3
1489,1620,2.5848924853182833,2
1489,1670,3.0,3
1489,2020,3.068607457551453,3
1489,2324,3.062615033115182,3
1489,2384,1.6981087936864394,2
1489,2395,2.8944854453059157,1
1489,2762,2.3791435402467553,3
1489,2797,2.6741980117686923,1
1489,2959,2.286251155599113,2
1489,3504,3.2036789788998123,4
1489,3534,1.2739652623467497,2
1489,3615,3.0,1
1490,480,4.155216807926724,5
1490,1222,4.240302703711463,4
1490,1388,3.6641447208659437,4
1490,1608,4.067933241546549,4
1490,3487,4.647866086125826,4
1490,3753,4.257703038114059,4
1490,3916,4.313022245615122,4
1491,225,2.8112383535319743,2
1491,750,3.729265632879877,5
1491,1210,3.3990104207797667,4
1491,2020,3.8853223707781805,4
1491,2890,3.472527378387301,3
1491,3253,3.2806624394292934,3
1492,1377,3.0826882177821737,1
1492,1527,3.1135485685631137,4
1492,1801,1.2314709168213152,1
1492,2023,3.1009647370419486,2
1492,3418,3.369252421293548,4
1494,1580,4.112519949295296,5
1494,3481,4.6591732806892665,5
1495,24,2.1980621265828515,2
1495,60,2.3911463474589265,3
1495,596,2.322877237782785,2
1495,2083,2.1115099518801035,3
1495,3054,3.0,2
1495,3429,5.0,5
1496,673,2.815707014027948,3
1496,743,3.0,1
1496,799,2.7346074735539743,4
1496,924,3.426247201778894,5
1496,1188,3.80357802141264,3
1496,1196,3.1901101938607836,3
1496,2002,2.954700156443811,1
1496,2011,3.0491225636618413,3
1496,2324,3.694345524026335,4
1496,2327,2.352369373363735,2
1496,2455,3.203570415348059,4
1496,2657,3.415071171164038,3
1496,3527,3.13143507912176,3
1497,1047,3.4332556885117476,4
1497,1222,4.198016241529306,5
1497,2640,3.8664836334053603,4
1497,3925,3.0,4
1499,2762,4.375177673440468,5
1499,3948,4.716590690784208,4
1500,231,3.7725048309941838,5
1500,1223,3.0,4
1500,1513,4.421744028136827,2
1500,2942,4.007359830779038,1
1500,3160,4.390322002610623,5
1501,648,4.0997299926525805,4
1501,765,3.745912509978802,2
1501,1461,3.612791254649763,4
1501,1801,4.292019711579318,4
1501,2012,3.997345212432433,4
1501,2142,3.5381670431468626,3
1501,2295,3.0,4
1501,2339,3.0,1
1501,2496,4.095951164666953,4
1501,2581,4.273346148401589,4
1501,2628,3.8351816303801356,5
1501,3004,3.0,3
1501,3114,3.7776773318336674,4
1501,3489,4.06293390884057,4
1501,3494,3.665880528173232,4
1502,153,3.6755839727141133,4
1502,455,4.0,3
1502,480,3.6961696729016844,5
1502,799,3.766052723371127,4
1502,805,3.717118517315109,4
1502,1597,3.80351032191919,4
1502,1615,4.038319200606853,2
1502,1713,3.425719723901453,4
1502,3081,3.4396128802938217,2
1502,3213,3.0,4
1502,3247,3.730159235702185,5
1502,3499,3.611136141855918,4
1503,356,3.663266649458712,4
1503,1035,3.79179280681573,4
1503,1196,3.714489642384379,4
1503,2000,3.7078183036302277,3
1503,2866,3.0,4
1503,3197,3.790088301047181,3
1503,3363,3.8503139421246626,5
1505,1176,3.0,3
1505,2871,3.958671445186108,2
1505,2918,4.004391107599854,3
1505,3201,4.4017523979852635,3
1506,104,3.5757694559290325,4
1506,1242,3.802738928454532,4
1506,2018,4.320907647331191,5
1506,2640,3.38081150404236,4
1506,3060,3.1956776254295955,3
1507,588,4.338089200403085,4
1507,858,4.441282656674885,5
1507,947,4.719402560862956,3
1507,3510,4.241216679095575,5
1508,2501,4.811611932833262,3
1509,172,3.105116288263843,3
1509,661,3.0946161182978154,2
1509,1036,3.3005678231682993,4
1509,1661,3.0,4
1509,1689,3.0,3
1509,2572,3.1124308394787605,3
1509,2599,3.477508866857822,5
1509,3624,2.989999539486553,4
1509,3826,2.6738607768911598,1
1511,594,4.142690544540518,4
1511,1240,4.107043182683563,4
1511,3068,3.6580601661732097,3
1513,1944,4.2470965233452755,5
1514,235,4.019668531415209,4
1514,3896,3.0,4
1516,248,3.0,2
1516,592,3.713924692503473,5
1516,1408,3.9326634701667245,3
1516,1689,3.0,2
1516,1870,3.0,4
1516,2860,3.0,5
1516,3499,3.9353202255935127,4
1517,535,4.194283368676726,5
1517,1089,3.856026854206331,5
1519,2683,2.810635125656638,1
1519,3174,3.2107255284511456,2
1520,589,4.016705415022517,5
1521,1092,3.2296827210235253,2
1521,1407,3.0174858292985585,2
1521,1909,3.42583172242555,3
1522,1129,3.787550193146411,3
1523,1953,3.925932150563362,4
1523,2117,3.502171211575318,4
1523,2948,4.151831820264295,4
1524,266,4.535115552474852,4
1524,531,3.0,3
1524,1022,3.5140575233493405,4
1524,1377,3.9205451991029507,4
1524,1587,3.953399485250908,4
1524,2167,4.358242938117123,4
1524,2470,3.93860999819314,2
1524,2717,3.863541054886126,5
1524,2762,4.186721864929062,5
1524,3127,3.0,1
1525,1081,3.697622719084282,3
1525,1248,4.260756186100649,3
1527,110,3.6774038889070058,4
1527,318,3.763011554776389,4
1527,1213,3.8286689913327163,5
1527,1262,3.7527398965973884,3
1527,3521,3.0,2
1527,3735,3.5913913197607994,3
1527,3937,3.0,1
1530,555,4.016508652966688,5
1530,1231,4.200735960680698,4
1530,1372,3.887157889151003,3
1530,1678,3.0,4
1530,1875,4.0,3
1530,2321,3.9526055973455856,4
1530,3347,3.0,4
1530,3614,4.030799687058868,3
1532,2450,3.0,1
1533,2369,3.8419876037287515,3
1533,2861,3.0,4
1533,3354,4.525225738987083,5
1535,2923,3.0,4
1536,1258,4.049985115895436,5
1536,1333,4.686121189570184,5
1538,2005,3.9931479171166435,5
1540,364,3.7874581367944473,3
1540,2122,3.0,1
1540,2348,4.304244425112436,3
1540,2927,3.0,5
1541,1278,4.758166820466068,5
1541,1635,4.214502658661342,4
1542,2,3.897853083019331,3
1542,24,3.9141037914453145,1
1542,409,3.0,4
1542,1201,4.146635204635391,4
1542,1203,5.0,5
1542,1779,3.6126308027427334,2
1542,1784,3.981623745558662,4
1542,2683,3.8575271812266534,4
1542,3252,4.151508391838214,4
1542,3809,4.1625188981104015,3
1543,2,3.607049998136458,4
1543,165,3.4315146499683125,4
1543,368,3.7209664728993483,4
1543,471,3.751845949580898,3
1543,546,3.4293004717514983,3
1543,588,3.535446244866923,3
1543,1616,3.192690833109201,3
1543,3826,3.0,2
1544,2355,4.264766564787016,4
1544,2688,3.8496473229610806,4
1544,2961,3.0,1
1544,3203,5.000000000000001,4
1544,3535,3.273917300416796,1
1545,527,3.22400497693377,3
1545,1278,3.1396848686394603,3
1545,1371,2.902973004019416,3
1545,1374,3.0841449185152583,3
1545,1924,2.3255011999162454,1
1545,2407,3.0899870764700585,3
1545,2949,3.0117112868752907,3
1545,3468,3.4940202728374037,2
1545,3925,3.0,4
1546,6,3.9105166920159657,4
1546,548,3.516633545808701,3
1546,858,4.018060315842165,5
1546,1213,3.978218855815033,2
1546,1307,4.0441273286822135,5
1546,1641,3.9854895272441624,5
1546,1805,3.843888796536664,1
1546,2352,4.202426587098591,2
1546,3210,3.9788036885948683,4
1547,1374,3.826879517374801,2
1547,2664,3.7792038544055995,3
1547,2762,3.941722198508009,4
1547,3516,3.0,4
1548,2333,4.659648198954277,5
1548,2700,3.3754933418420587,4
1548,2721,5.0,5
1549,1544,3.288755203693836,3
1550,3160,4.656248266441582,5
1551,111,4.37304090430764,4
1551,162,4.599618472061634,5
1551,1212,4.565363001447549,5
1551,1569,3.9488112789477112,1
1551,1953,4.376735824226138,4
1551,2278,3.945463614867791,2
1551,2494,3.0,4
1551,2627,3.0,4
1552,2289,4.388317722985955,5
1552,3098,3.886092995213229,3
1555,778,4.581233610322315,5
1555,1235,4.787937901009615,5
1555,1968,4.022150903145252,5
1555,2706,3.800793460275964,4
1556,1445,2.243297775048061,1
1556,1580,3.3970845639895786,5
1556,1608,3.36527991993726,4
1556,1863,3.0,3
1556,2019,3.9477208788811278,5
1556,3087,2.7939215726046847,4
1556,3793,3.0468872534092766,3
1556,3871,4.5425856439556656,5
1557,2193,3.9333141257477666,5
1558,260,4.482164113722504,5
1558,1610,4.48145088347994,5
1558,3300,4.3101841718429945,3
1559,1748,3.186189773767788,4
1559,2985,3.1168539488879774,4
1560,1093,4.403593011593208,3
1560,1387,4.073603346625441,5
1560,3444,2.9723893282705696,4
1560,3516,3.0,4
1561,617,3.0,4
1561,1203,5.0,5
1561,1307,3.944596801632956,5
1561,1747,3.973709740651869,5
1561,2081,3.771452442752581,3
1562,2710,2.692055134045252,5
1562,3476,4.268777107131148,2
1563,1580,4.207740111497226,4
1564,288,3.4047923702559664,3
1566,242,3.0,4
1567,1921,3.7733847303317516,2
1569,527,4.7158470482938055,5
1569,2432,3.0,2
1569,3534,3.0,4
1570,1086,4.16255798952191,3
1570,1645,3.121910364808631,3
1571,1302,3.956914727253338,5
1571,2410,3.6662186352711115,3
1571,3267,3.9429147636014945,3
1571,3424,4.129132485536537,5
1571,3536,4.354629097565259,4
1572,2391,3.4644933063813466,3
1574,597,3.7644580991779257,5
1575,260,3.9077877276988,4
1575,2912,3.9719381333267276,3
1576,1441,3.9414069998781835,2
1577,2997,4.24898695145976,5
1577,3386,4.210786081134678,3
1578,1610,4.385994105109815,5
1578,3310,3.0,5
1579,104,3.5155711410689574,4
1579,281,4.0,3
1579,292,3.4815746554300033,3
1579,293,3.742558576557837,3
1579,1095,3.995892481084375,4
1579,1237,4.113988302894911,4
1579,1333,4.071248996586743,4
1579,1526,3.0,3
1579,1688,3.9527069619512334,3
1579,1721,3.837466098453584,3
1579,1895,3.5155293541606296,2
1579,2002,3.33496903682667,3
1579,2023,3.749117943846354,3
1579,2146,3.5378578109217966,2
1579,2453,3.0,3
1579,2657,3.509493636537825,3
1579,2915,3.8647280754305426,4
1579,3826,3.1691391950502936,4
1579,3897,3.9242759666864644,4
1581,357,3.637074954874899,4
1581,2324,3.714180488189105,5
1583,2622,4.0,4
1583,2713,3.224733631568889,2
1583,2757,4.0,5
1584,34,3.6351639501616564,5
1584,342,3.259692990680924,4
1584,592,3.568518462599941,3
1584,594,3.2924869208151546,4
1584,1147,4.04419984439131,4
1584,1339,3.148597722341046,4
1584,2102,1.993007019537311,2
1584,2344,3.0,4
1584,2376,3.5753845508044177,3
1584,2490,3.2833417548493826,3
1584,2723,3.535173084164234,1
1584,2971,2.440393250000523,1
1584,3020,3.4402553901116253,5
1584,3317,4.000272474512669,3
1584,3409,4.0,4
1584,3859,3.0,3
1585,608,3.7607564226528405,5
1585,733,3.6474508613519343,3
1585,2686,4.0,4
1586,541,4.652589115514895,5
1586,1073,4.499106612520369,5
1586,1197,4.520925382239642,5
1586,1264,3.0,5
1586,3210,4.632028283134376,5
1586,3435,4.803487078870915,5
1586,3504,4.79007941348065,5
1587,783,3.674994717301056,2
1587,830,2.792046049624962,2
1587,915,4.125603948640246,4
1587,1079,3.753257011590233,4
1587,1457,2.827548073480488,2
1587,1885,3.8408462416610107,5
1587,2081,3.5921058556705554,5
1587,2143,3.563165527199349,3
1587,2312,3.612369567798717,3
1587,2692,3.9954922541080986,5
1587,2950,2.8456856626870968,1
1587,3098,3.582780898514191,4
1587,3168,3.847803818820846,2
1587,3254,3.2570590460785875,4
1587,3461,3.0,5
1587,3671,3.6917491847671458,3
1587,3852,3.0,4
1588,1197,4.377916045767793,4
1588,2858,4.297817492025189,3
1589,1584,4.006788949061167,3
1589,3481,4.198056549548667,3
1590,1537,3.0,4
1591,1096,4.813595527022452,5
1591,1994,4.291680051675845,5
1591,2371,4.2796732232713035,5
1591,3688,3.9969916627722495,5
1591,3724,4.5007569771327836,5
1591,3733,4.6410904970051705,5
1592,367,3.5990144306764593,2
1592,921,3.936827687274559,3
1592,1080,3.815140900013039,3
1592,1104,4.331955227730306,4
1592,1210,3.724292931568689,4
1592,1259,3.7485535831662533,3
1592,1262,4.1142827716357155,4
1592,2117,3.633055397810476,4
1592,2791,3.5175792221175612,5
1592,2987,3.7296273732956258,4
1593,804,2.0,2
1593,1350,3.2972081962299966,3
1593,1753,3.0,2
1593,2291,3.4110497046518247,3
1594,39,3.6565278474396714,3
1594,1968,3.6307851454955524,2
1594,2973,4.089470719809132,4
1594,3298,2.0,4
1595,2710,3.961657547458563,2
1595,2948,3.783057536730346,4
1595,3019,4.5147168338845205,4
1595,3543,4.293518641232709,4
1597,1191,3.0,1
1597,1292,4.244651736335957,5
1597,3160,3.4651526154799184,5
1597,3911,4.153687517684869,4
1597,3949,3.36540310798059,4
1598,546,2.871250454713238,1
1598,1253,4.133758093030321,5
1598,1263,4.487881622626133,4
1598,2640,3.777501003256971,3
1598,2950,2.0,2
1599,19,3.653525004528846,3
1599,282,3.0,2
1599,374,3.296781529315867,2
1599,585,3.015511554710069,3
1599,597,3.493797803559908,3
1599,780,3.314226501731162,2
1599,1285,3.355594257713822,2
1599,1688,3.256358173487001,2
1599,1863,3.0,3
1599,2082,3.274925766644497,3
1599,2643,2.8731493788363034,3
1599,3168,3.5369525106936113,2
1599,3412,3.0,2
1599,3489,3.271996737290217,2
1599,3704,3.1899716175141037,3
1600,62,4.017484396689527,4
1600,419,1.0,1
1600,650,3.0,3
1600,900,4.287177168666878,5
1600,1265,3.9259540006414495,5
1600,1444,3.0,4
1600,1983,2.640838061555615,1
1600,2471,3.369459363204033,3
1600,2641,3.6794361272487364,4
1600,3430,2.4676618558066505,3
1600,3549,4.130653659828731,5
1600,3639,3.715748209499348,3
1601,377,3.925200279758733,5
1601,464,3.267378811090121,3
1601,493,4.535517136649475,4
1601,1552,4.13814672822613,4
1601,2167,4.110918858577269,5
1602,1097,4.515370196847717,5
1602,2581,3.6637534459777994,4
1602,2721,3.0,5
1603,265,4.038848218716541,5
1603,3510,4.1451676431653945,3
1603,3798,3.0,3
1605,17,3.8522068738334094,4
1605,216,3.0434627887112637,3
1605,249,3.0,3
1605,317,3.5922961893022336,3
1605,408,3.0,3
1605,506,3.0,2
1605,585,3.307726341261281,3
1605,596,3.7818583031354622,4
1605,736,3.510121591954581,2
1605,1150,3.0,2
1605,1485,3.4776608350162785,3
1605,1735,4.34386920016295,3
1605,2058,3.5345148054911815,3
1605,2104,3.0,4
1605,2335,3.1902665147064573,3
1605,2379,2.9989307055512593,2
1605,2841,3.683732604016959,3
1605,3179,3.0,2
1605,3330,4.0,4
1605,3450,3.520637386455784,3
1605,3480,3.4772242215332057,4
1605,3686,3.3617527750679503,2
1605,3835,3.0,2
1605,3844,3.305281256931099,4
1606,164,4.0,5
1606,169,3.0,3
1606,589,3.989572922687996,3
1606,832,4.143053787846178,4
1606,2759,4.32539910609254,4
1606,2995,2.042437880794732,2
1607,43,3.0,3
1607,235,3.184850021935271,2
1607,1296,2.988248990268488,4
1607,1414,3.0,3
1607,2028,3.240370694121767,3
1607,2396,3.302897090042114,3
1607,2702,2.6807615837926,3
1607,2731,3.0,3
1607,3113,2.819988507910638,2
1607,3384,3.0,3
1608,2333,2.9801192976547024,3
1608,2771,1.0,1
1609,919,3.845291025281528,5
1609,1198,3.6126947696995595,5
1609,1230,4.109447998420109,3
1609,1250,4.098002436064763,4
1609,1711,3.734055393672562,3
1609,2081,3.6029493183513615,3
1609,2126,3.065012540325341,2
1609,2710,3.4507182374339487,3
1609,3707,3.0,4
1610,589,4.113422368866173,4
1611,216,2.826445867426988,3
1611,588,3.878036817260989,4
1611,608,4.17689054830784,5
1611,1035,4.185209085276512,2
1611,1100,3.51051674785593,3
1611,1200,4.013397496423198,5
1611,1917,3.6254925625421377,4
1611,1971,3.0403097189830914,3
1611,1977,3.1031232206388517,4
1611,1978,2.977426288316807,1
1611,2076,4.40654764852253,4
1611,2446,3.0,3
1611,2713,3.5520753032328,3
1611,2747,3.873364440471257,4
1611,2762,3.8665439035989437,4
1611,2916,3.938974259178055,3
1611,3267,4.1639468849157435,5
1611,3512,3.0,5
1613,16,4.096450446102017,3
1613,24,3.635832461044147,3
1613,47,4.049928502148551,5
1613,300,4.357170502485503,4
1613,593,4.20712650039211,5
1613,608,4.264352465529526,5
1613,1032,4.007371083188739,4
1613,1088,4.002145148831209,3
1613,1375,3.7157614387684084,2
1613,1376,3.5577689130000376,3
1613,1907,4.075652277269473,4
1613,2078,4.12540673490807,4
1613,2413,3.4738456562550546,4
1613,2948,3.9786180955839807,4
1613,3113,3.2560598412931707,1
1613,3668,3.0,3
1613,3869,3.4207654303806563,3
1614,3916,4.0,4
1616,353,2.6867820379737988,2
1616,1240,3.3236309284033196,2
1617,196,3.1998028929882736,4
1617,490,3.0,4
1617,1373,3.616304539794656,3
1617,2916,3.3831301112175054,4
1618,668,3.0,3
1623,235,4.33063347353289,3
1623,1617,4.307095861478543,4
1623,2571,4.275610758775646,5
1624,1258,3.287786602395812,4
1624,2105,2.9691335195883664,5
1624,2167,2.9080625117588847,4
1624,2642,2.679643437926214,1
1624,3082,2.899346849564786,2
1624,3398,2.923079741043461,4
1624,3635,3.1966716893315463,4
1624,3704,2.9146268511771254,2
1626,337,4.195768624999925,4
1626,608,4.075451406280348,5
1626,1834,4.284759368132799,5
1628,247,4.4383857940959155,4
1628,380,3.6911736560399957,3
1628,388,3.0,4
1628,508,3.922362347635295,4
1628,538,4.013984470696803,4
1628,1186,4.300749667153195,4
1628,1673,4.185187928342783,5
1628,1916,4.497452509576929,4
1628,2433,4.2382539705941475,2
1628,3007,3.0,4
1628,3044,4.042618060292885,4
1628,3361,4.1258277890256405,5
1628,3543,4.396626463171547,5
1629,2278,3.5978256460539857,4
1630,332,3.0,1
1630,1460,3.0,1
1630,3505,3.0,4
1631,858,4.238235206995231,5
1631,1014,3.6883629794592045,5
1631,1294,4.228904283706273,5
1631,1702,3.27227801692164,3
1631,2160,4.123134034621398,5
1631,2379,3.5920256432622004,3
1632,318,3.1248008332472903,4
1632,329,2.7219320025209015,3
1632,581,3.0,3
1632,919,3.0469539132278856,3
1632,1019,2.8029592368659606,2
1632,1206,3.236320987833756,5
1632,1225,3.2374118249426473,4
1632,1960,3.394952204409181,3
1632,2085,2.6397451056143266,2
1632,2114,2.42058272910932,2
1632,2146,2.1178850595697867,1
1632,2147,3.0,1
1632,2208,2.86351550367739,3
1632,2942,2.588509494415325,1
1632,3834,3.0,1
1634,275,3.0,1
1634,440,4.120852818213681,4
1634,1021,2.961951004496851,4
1635,70,3.906282592305835,5
1635,327,3.565142112461691,3
1635,434,3.6035672118514848,3
1635,496,3.0,5
1635,647,3.7934097912526115,4
1635,839,5.0,1
1635,849,3.4934805578386783,4
1635,1078,4.784734046680088,5
1635,1089,4.354041975576266,5
1635,1148,4.498711847026832,5
1635,1167,3.0,2
1635,1254,4.788835169363268,5
1635,1378,3.716495598136485,3
1635,1606,3.0,3
1635,2028,4.105162449209818,5
1635,2078,3.9572924881505434,5
1635,2115,3.8678718061697306,4
1635,2116,4.042829085301167,2
1635,2174,3.890063949535515,3
1635,2204,4.356998506474692,4
1635,2660,4.233374452811296,5
1635,2746,3.819551670243702,3
1635,2792,3.417344815463837,3
1635,2826,3.9426541371911163,4
1635,2879,4.999999999999999,5
1635,3301,3.992985295387738,4
1636,32,3.4138099054919686,5
1636,199,3.0,1
1636,235,3.4890198583610204,5
1636,2881,2.1987545478818973,1
1636,3752,3.2010759878191286,2
1637,519,2.9999999999999996,4
1637,1591,3.978008355639779,3
1638,593,4.4054233544760715,5
1639,342,3.6963547477315006,4
1639,372,3.5056758216962307,4
1639,899,3.911042398767023,4
1639,1197,3.90292519383486,3
1639,1345,3.6549298693328245,4
1639,2273,3.6759714253925737,3
1639,2867,3.617415066997801,4
1640,1918,2.764598654204406,2
1640,2808,2.445260546872237,2
1640,3409,2.9245994767111783,3
1641,338,2.793514693471078,1
1641,519,2.132041247174974,1
1641,1105,1.0,1
1641,2296,3.0,1
1641,2719,3.0084734026638085,1
1641,2982,1.3284016208476928,1
1641,3476,3.7760592732486105,5
1642,1234,3.944396118992896,4
1643,79,3.0,4
1643,1233,4.880339767436664,5
1643,1278,4.752120915734321,5
1643,1342,4.42917049549747,2
1643,1343,4.690577465384129,5
1643,1645,4.389306170872582,4
1643,1994,4.460765509724764,4
1643,3550,4.37298793610189,4
1643,3863,3.7614510872908893,5
1644,2422,3.0,1
1644,2716,3.3512861538463765,4
1644,3354,3.4089845876488254,1
1645,135,3.999958730738793,5
1645,218,4.0,4
1645,231,3.895282489758354,1
1645,610,3.5560439629581024,5
1645,951,5.0,5
1645,1380,4.276127973137156,2
1645,1517,4.060774773628742,5
1645,1746,3.0,4
1645,2005,4.105967387830246,5
1645,2035,5.0,5
1645,2162,3.0,4
1645,2253,3.2866516324533084,3
1645,2299,3.0,4
1645,2428,2.0197957152373607,1
1645,2793,2.0,5
1645,3045,3.0,5
1645,3174,3.7110262389997217,5
1645,3285,3.0,5
1645,3690,5.0,5
1645,3893,5.0,1
1647,377,3.611878317671816,4
1647,538,3.7215529080511587,3
1647,671,3.749146536138495,5
1647,697,3.0,3
1647,849,3.417537897568909,1
1647,1042,3.8881982937154533,4
1647,1064,2.3186603027647363,2
1647,1129,3.668201312557194,3
1647,1258,3.6994711069653214,4
1647,1278,3.87169120804015,4
1647,1379,3.307674140162123,4
1647,1729,3.9238318129554823,3
1647,1779,3.449123223722888,3
1647,2123,3.4095846620931356,3
1647,2642,3.3507704933289255,1
1647,2662,3.627834711454624,3
1647,3254,3.4448806420240254,3
1647,3361,3.8745587699266952,4
1647,3426,3.0,2
1647,3439,2.685095602210526,1
1647,3526,3.763469115330252,3
1647,3624,3.8386270470354336,3
1647,3709,2.260012704429481,2
1648,1254,3.609248957825229,3
1648,1270,3.587872955073366,5
1648,1294,3.6078118145300375,4
1648,2067,3.3386678433585835,5
1648,2141,3.384847924045114,3
1648,2145,3.4103839446691118,3
1648,2407,3.2389860188853254,3
1648,3671,3.581695240597286,2
1649,3095,4.890278893497088,5
1650,668,3.0,3
1650,996,3.0,2
1650,1172,4.235329700583023,5
1650,1270,4.045997754766883,5
1650,2176,4.319018199494852,3
1650,3435,4.159326068108073,5
1650,3730,3.978345182020422,4
1651,3441,3.691865978710501,2
1652,2792,3.848797396286099,2
1654,1674,5.0,5
1654,3949,5.0,5
1655,180,4.381715388342887,5
1655,1909,4.037420158244084,2
1655,2321,4.053666100746813,5
1655,3798,3.0,5
1656,1527,3.5915098995249335,3
1657,919,4.088244442297618,5
1657,2690,3.0,4
1658,194,2.0,4
1658,308,4.4773513231522895,4
1658,319,3.775467573825983,3
1658,449,3.0,4
1658,1148,3.4743153806869795,5
1658,1265,3.386814720303671,4
1658,1584,3.4198679100916336,2
1658,1920,3.4774500547393745,4
1658,2046,3.523020526404539,4
1658,3160,3.5292294137848783,2
1659,223,1.9360314716621774,1
1659,1969,1.0,1
1660,308,4.0,4
1660,1616,3.0,2
1661,1537,3.0,5
1661,3728,3.0,4
1661,3791,3.0,3
1662,1494,3.0,2
1663,2291,4.21153950222106,3
1663,3148,4.2384557808320125,5
1664,110,3.4207447257355432,4
1665,2916,3.85516387675633,3
1666,428,3.9822396445503667,4
1666,509,3.9573629053101027,3
1666,1615,3.0049407124199314,4
1666,2000,3.6075040771608586,4
1666,2959,3.4024892625017964,3
1666,3060,3.8470440879948593,3
1667,163,3.696466310296213,3
1667,733,3.746004543037528,4
1667,1227,4.288699954845831,3
1667,2710,3.5682330998287726,1
1667,2947,3.97695625896332,4
1667,3793,3.554443075999719,3
1668,527,4.1081153535767045,4
1668,858,4.1216838276165895,4
1668,919,4.108005210098447,5
1669,1500,3.8691166350984467,4
1670,17,5.0,5
1670,2100,4.962396235684213,4
1670,3105,4.999999999999999,5
1670,3271,5.0,5
1670,3928,3.494981184334791,4
1671,818,3.0,3
1671,838,3.4072011771456787,4
1671,1018,3.6770191376851797,4
1671,1203,4.3377790966687035,5
1671,1248,4.4014058131096006,4
1671,1635,3.9139450406195557,5
1671,1641,3.6461695929385405,5
1671,1965,3.6667028457481403,5
1671,2202,4.42369570136028,5
1671,2289,3.9710706206582587,3
1671,2550,5.0,5
1671,3306,3.0,4
1671,3736,3.0,4
1673,1210,4.696056493757514,4
1673,1375,4.629409146800198,4
1675,329,3.449630764837619,3
1675,592,3.758065781002371,3
1675,1023,3.705762694357147,4
1675,1037,3.552276080379012,3
1675,1371,3.7127128442711097,4
1675,2006,3.6361603438953543,3
1675,2081,3.77433283924167,5
1675,2138,4.255719364117405,4
1675,2700,3.7808714389716864,4
1675,2898,2.168998889174184,4
1675,3269,3.1612259483934726,4
1675,3476,4.245669963249835,4
1676,10,3.9921864122685933,5
1676,50,4.266933337824766,5
1676,234,2.760694096400024,2
1676,292,3.928993799769168,4
1676,474,4.100597330385316,4
1676,782,2.6988929964391337,3
1676,953,4.441651592781889,5
1676,1422,3.5809852871722523,3
1676,1645,4.0118900878115005,5
1676,1702,3.1107450589751835,2
1676,1981,3.3663664570376137,4
1676,2078,4.467947561591412,5
1676,2710,3.885975323741126,4
1676,2723,4.0729213232023795,4
1676,2806,3.0,2
1676,2961,3.0,3
1676,3253,4.110414458157687,4
1676,3450,4.066954396825783,5
1677,1617,3.5225754355500354,5
1678,39,3.729794969082864,2
1678,1148,3.7099259669518903,4
1678,1210,3.8039282485691146,5
1678,1603,2.9758557759077724,3
1678,1967,3.8287856650030694,5
1678,2683,3.6299931610442697,3
1678,3556,3.0,3
1679,2355,4.218510822472058,5
1679,2598,4.279436345712573,4
1680,132,3.0,4
1680,206,3.0,5
1680,368,3.455815647335366,4
1680,382,3.928108108297834,2
1680,648,3.5529457829334854,2
1680,880,3.058612226757791,4
1680,1019,3.7613460326881167,4
1680,1125,4.2483414935705754,5
1680,1290,3.5834586686545897,4
1680,1304,4.032567668279775,5
1680,1464,4.0,5
1680,1504,2.0,4
1680,1518,3.5215223882736533,4
1680,1550,3.0,3
1680,1920,2.710027036285444,5
1680,1953,4.123248617669489,4
1680,1957,4.082272111011507,1
1680,1998,3.8983944737648506,4
1680,2001,3.694891848816883,2
1680,2014,4.00068604844334,4
1680,2052,2.8510152233569634,4
1680,2081,3.752606037949395,5
1680,2085,3.816091047500415,5
1680,2089,3.6807522763913822,4
1680,2096,3.803469837792659,4
1680,2263,3.0,4
1680,2335,2.994864896059679,4
1680,2374,3.392551749156532,4
1680,2442,3.0,5
1680,2471,3.253807134959597,1
1680,2500,3.0,1
1680,2616,3.4774184244983166,4
1680,2701,3.413911475334902,1
1680,2767,3.0,2
1680,2919,4.2831404453606,5
1680,2986,3.325049791530544,2
1680,3105,3.920050059789192,4
1680,3422,4.0,3
1680,3623,3.5662455690035384,1
1680,3807,4.0,5
1681,3671,4.240938323101366,3
1683,1307,4.349328825391474,5
1683,2141,3.5313977459281922,2
1683,3394,4.2488907313891335,3
1684,1270,4.297046795889868,5
1684,3253,4.258447569016259,4
1685,147,3.0,4
1685,296,3.5445129390357586,5
1685,848,3.0,2
1685,1136,3.543741301563345,4
1685,1221,3.5784732722504597,3
1685,1264,3.0,4
1685,1266,3.5215584677674285,5
1685,1307,3.5573562908627574,3
1685,1959,3.5096411182045992,2
1685,2088,3.27213511600717,2
1685,2369,3.56622151391738,3
1685,2804,3.5183574039536376,4
1685,3108,3.479910845073229,3
1685,3671,3.5229502074146235,5
1687,368,3.6506606718228376,3
1687,476,3.0,4
1687,2799,4.049794607915625,3
1687,2918,4.054642465811817,4
1687,3578,3.893000831787937,5
1687,3786,3.0,5
1688,1214,3.7814485389902797,3
1688,3112,3.0,4
1688,3897,3.939066809612208,5
1689,589,3.9874193576237142,3
1689,674,3.757547801288911,1
1689,1241,3.0,2
1689,1645,4.06536817302808,4
1689,2406,3.9479805788368925,3
1690,2302,3.963871147092372,4
1690,2961,3.0,2
1690,3175,3.9215848016596975,5
1690,3354,3.445556968471527,3
1691,2194,4.426664918075303,5
1692,457,4.434970466004951,3
1692,971,4.650303072337915,4
1692,1238,4.595775756722645,4
1692,1947,4.457426607188947,4
1692,3135,4.767121374808896,5
1692,3168,4.665348127123924,4
1692,3741,4.5993311635716685,5
1693,262,3.0,3
1693,515,3.5808171721002746,3
1693,1084,4.125839388474132,4
1693,1245,3.849496589537401,4
1693,1594,3.302879575186372,3
1693,1952,4.0615401697584455,5
1693,1968,3.695895565705077,4
1693,3871,4.499898494090404,3
1694,588,3.8735231385366773,2
1694,916,4.168824624287061,4
1694,1205,3.502951247314596,5
1694,1527,3.833808421938457,4
1694,2115,3.8685505323857075,4
1694,2249,3.023657612054198,3
1694,2571,3.91903706574546,5
1694,2770,4.150701934015971,3
1694,2959,3.821999654282741,4
1694,3046,3.0,5
1695,1200,3.707654620710779,5
1695,2571,3.7037862194851114,5
1696,173,3.0575072204574663,1
1696,260,4.029719325470326,5
1696,610,3.3635545459333893,3
1696,1291,3.9778772300093306,4
1696,1587,3.597781495873026,2
1696,2001,3.486902373839466,4
1696,2248,4.281437048339874,4
1696,2347,3.0,3
1696,2989,3.685826687697362,5
1696,3478,3.9810586424005505,3
1697,318,4.401487602139287,5
1697,1247,4.293496583996864,3
1697,1333,4.421960263233485,3
1697,1487,3.0,4
1697,2261,5.0,4
1697,2302,4.4852491113822905,5
1697,2890,4.3299144867561115,3
1697,3072,4.236038050215966,5
1697,3252,4.455886137289285,3
1698,329,3.814157172373379,3
1698,522,3.0,4
1698,529,4.184483690928815,5
1698,595,3.843512992482046,5
1698,1094,4.24042020713971,4
1698,1111,3.0,5
1698,1179,4.371593566604329,3
1698,1310,3.0,5
1698,1370,3.636823501703124,3
1698,1483,4.0,4
1698,1484,3.0,4
1698,1552,3.5295642541009524,3
1698,1648,3.0,4
1698,1676,3.836148562645933,3
1698,1759,3.0,5
1698,1884,4.016636889054515,4
1698,2022,3.0,5
1698,2073,3.0,4
1698,2159,3.0,5
1698,2255,3.0,1
1698,2288,3.968007522638904,4
1698,2571,3.8268232651200873,5
1698,2690,5.0,4
1698,2901,3.5224803473253443,3
1698,2993,3.6322209417659366,4
1698,3007,3.0,5
1698,3083,3.0,4
1698,3101,3.842719406076492,2
1698,3549,4.35145868911202,4
1698,3606,5.0,4
1699,556,3.0,5
1699,608,4.420315645359455,5
1699,1066,3.0,5
1699,1185,4.278291306077341,4
1699,3671,4.342515997053462,3
1700,1210,3.5027507693931246,5
1700,3624,4.127532591535969,5
1701,111,3.7952597265330197,4
1701,370,3.010447081248755,3
1701,383,3.1064537755858104,2
1701,1250,3.9618764292103523,3
1701,1912,3.8877086866514636,3
1701,1977,1.0,1
1701,2000,3.80284789640461,4
1701,2291,3.823856405438659,4
1701,2369,3.606939314020251,3
1701,2987,3.8236827866830354,4
1701,3296,4.0,5
1701,3556,5.0,3
1701,3863,3.129430241043487,3
1702,1210,4.715398834239195,4
1702,2890,4.750360698484249,1
1705,3081,4.197386533156445,4
1706,922,4.5255008837227795,5
1706,2726,4.211433703532162,5
1706,2997,4.185831706289856,5
1706,3177,3.0,2
1706,3200,4.0,3
1706,3435,4.461001864476329,5
1706,3578,3.7075979576428213,3
1707,1041,4.374494717409498,3
1709,1081,3.6103185868459904,5
1709,1646,3.0,3
1709,3040,3.779875388214125,1
1709,3048,5.0,4
1709,3358,3.2939246651692513,5
1710,1688,3.4770182447635714,3
1710,2840,3.7005544912477917,3
1712,971,3.4197793413763016,5
1712,1198,3.7833408337980132,5
1712,1291,4.111584868060819,5
1712,1721,4.1860849319875895,2
1712,2245,3.994843904142195,1
1712,3006,4.1570228417331485,3
1712,3359,3.9171226450138192,4
1714,11,3.5789656827236,3
1714,1197,3.645203141435672,4
1714,1249,3.9624673903856613,5
1714,1517,3.5659445212413554,3
1714,1527,3.478901718335124,3
1714,1784,3.6089159558084978,4
1716,47,3.758680142797938,5
1716,508,3.892918518158336,5
1716,2762,3.35282659946332,5
1716,3005,3.5556156266996304,4
1716,3067,3.0,4
1717,32,3.840018712876806,2
1717,45,3.7227651917140916,4
1717,506,3.0,5
1717,674,4.161905092404171,4
1717,788,3.169322108727126,2
1717,1253,3.5525987393777574,5
1717,1372,3.0486852415878336,1
1717,1921,3.5690842624362853,4
1717,2012,3.461445642255784,4
1717,2300,4.574615647907768,5
1717,2657,3.6846669523775892,5
1717,2659,3.0,4
1717,2707,3.2243171264111403,5
1717,3160,4.27210190188707,5
1717,3608,4.112794059900415,5
1718,296,4.768057231338557,5
1719,1093,3.991735980453729,3
1719,2694,2.626963688088501,3
1719,2997,3.309748108220194,1
1721,410,2.3865349390079125,3
1721,1588,2.2492955021038035,3
1721,3397,2.988847137467584,5
1722,1982,4.328362232162921,4
1722,2009,4.02464664970967,4
1723,1210,3.9638295167631448,4
1723,1373,3.837973654172542,3
1723,2021,3.8678650200630633,5
1723,2724,3.6057809931411255,3
1724,508,4.47434459159718,5
1724,647,4.402705807881043,4
1724,2024,3.0,2
1724,2409,4.0,4
1724,2628,4.009002471926256,5
1726,1377,2.3754002797763185,2
1726,1792,2.5659065704053075,1
1726,2373,2.215345346155983,1
1726,2990,2.5751274084288323,4
1726,3836,2.9948344930721182,4
1727,435,3.8556613276312968,3
1727,589,4.239014090473812,5
1727,910,4.631620571820785,4
1727,1022,4.251918247604124,4
1727,1608,4.109957605903478,4
1727,1965,4.397284564515341,4
1727,2130,4.535151183973241,4
1727,2746,4.1212572610704825,4
1727,3430,3.737150512747175,4
1727,3590,3.0,4
1727,3599,5.0,5
1727,3693,3.49142522419841,3
1727,3873,4.247778939464869,5
1728,1201,4.146261362279869,5
1728,2081,4.256907919555722,2
1731,3453,3.0,2
1731,3893,3.787317507977396,2
1733,32,3.727098982203863,4
1733,125,4.089342166224548,4
1733,149,3.0,4
1733,370,3.0207025660545894,3
1733,373,4.479520030267829,3
1733,435,3.026970892805126,2
1733,748,2.918278216188426,3
1733,851,3.0,5
1733,1206,4.047192508653378,5
1733,1537,3.0,5
1733,1546,3.0,4
1733,1552,3.3158368353257957,3
1733,1648,5.0,3
1733,1840,3.0,3
1733,2137,3.6199282387577685,4
1733,2149,2.742750964351432,3
1733,2640,3.6857184754736814,4
1733,3660,2.5180741823732946,3
1733,3709,2.428280100857663,2
1733,3733,4.657980050934514,5
1734,36,4.578861059071613,4
1734,3168,3.988936654280268,4
1735,528,3.0,2
1735,585,3.176138630338535,3
1735,785,3.7227514421900665,3
1735,818,3.0,3
1736,1378,3.4644710317778875,3
1736,1996,3.650727302472479,3
1736,2123,3.115009738125045,4
1736,2453,1.0,1
1736,2826,4.0,4
1736,3036,3.0,2
1737,1,3.977225216940719,5
1737,22,3.9713956745903225,4
1737,32,3.9345504838772074,4
1737,371,3.0,3
1737,662,3.0,4
1737,736,4.015939290068973,4
1737,785,3.941344471972413,4
1737,879,3.2695869017488155,3
1737,1113,3.0,3
1737,1288,3.988369415980368,3
1737,1323,2.115773549392865,1
1737,1396,3.9568077315265113,4
1737,1597,4.064045170974884,4
1737,1620,3.975153173045818,4
1737,1748,4.043598766435069,4
1737,1882,4.054754329004052,4
1737,2058,4.139054906624114,4
1737,2294,4.177356025473867,4
1737,2371,3.8696158395372184,3
1737,2373,3.8870979014858467,3
1737,2505,4.495596194106725,3
1737,2514,2.430274856197188,2
1737,2655,2.648465199349852,1
1737,2796,3.2925004045661552,4
1737,2881,4.163068196225759,4
1737,2942,3.5912800862788496,5
1737,3219,3.8843694290798823,4
1737,3686,3.920724709148838,3
1737,3877,3.0,3
1738,1580,4.011644750213486,5
1738,2710,3.836542262638254,2
1738,2770,3.980996532661987,2
1739,3324,3.0,3
1739,3783,3.0,4
1739,3825,3.0,1
1741,95,3.5941842074259425,1
1741,471,4.144819352602475,5
1741,535,4.119282044696291,3
1741,969,4.666779309651868,5
1741,1084,4.723786686141792,5
1741,1939,4.72480782495136,4
1741,1954,4.183511478437742,3
1741,2019,4.830727142916703,5
1741,2311,4.06007539892266,5
1741,2916,3.9817677094156356,5
1741,3091,3.0,5
1741,3362,4.611788392102304,5
1741,3661,3.0,2
1741,3730,4.645883993443869,5
1741,3807,4.0,4
1742,1994,3.778948235611992,4
1743,367,4.247416825971635,4
1743,3326,3.0,4
1744,912,4.330522053185529,4
1744,1393,4.253535348593881,4
1744,1957,4.408750726522422,4
1744,2248,4.239223419627808,4
1744,3072,4.078377222493112,4
1744,3760,3.0,4
1745,2959,3.56501463623834,4
1746,968,4.702101888110479,5
1746,1917,4.331223371766427,3
1746,1968,4.383720282437756,5
1746,2722,3.701069922777688,1
1746,3699,4.631803807194975,3
1746,3701,4.642946191268869,5
1747,410,1.7832414524107367,2
1747,588,2.402030929916215,2
1747,595,2.538227859593727,1
1748,71,3.0,3
1748,292,3.4738796226464164,3
1748,596,3.596754655489573,4
1748,920,3.9104920150387388,3
1748,923,3.913482490665345,4
1748,1136,3.723477977831189,4
1748,2412,3.1319902757697036,2
1748,2476,3.6661079278878987,3
1748,2763,3.360756638198568,3
1748,2917,3.9115982771367617,4
1748,2950,2.815117733126038,1
1748,2981,3.0,3
1749,144,2.0,1
1749,501,3.0,4
1749,1264,3.0,3
1749,1617,2.9453952181744114,3
1749,2065,2.7839954814827883,3
1749,2863,3.047915251678212,3
1749,2931,3.0,4
1749,3360,2.290362665392794,2
1749,3510,1.920437669394121,2
1750,110,3.050024992744785,1
1750,3160,3.663530731123067,1
1752,41,3.0,3
1752,81,3.3412184017874207,3
1752,293,4.13769958196395,5
1752,610,4.137488362511745,5
1752,969,4.18049597085623,4
1752,1249,4.34770809944334,2
1752,1344,3.553958450998284,3
1752,1372,3.700076495734741,3
1752,1673,4.182329530102414,5
1752,2112,4.23033899183098,4
1752,3000,3.3056101888008036,2
1752,3726,3.0,5
1752,3893,3.4245542018257145,3
1753,99,3.0,5
1753,511,1.0,3
1753,912,4.413199781164721,5
1753,1234,4.395468451306199,5
1753,1869,4.568764692665745,5
1753,2105,3.8230959397080975,2
1753,3479,3.906326542427171,5
1753,3504,4.33284918980323,4
1753,3679,3.0,5
1754,1673,3.5226836416119003,4
1754,2723,2.2292776527742575,1
1755,257,3.0,4
1755,469,3.0,3
1755,1073,4.050159971403206,5
1755,1089,4.24884677381185,4
1755,1339,3.641128679594716,4
1755,1619,3.755015826869642,3
1755,1777,3.9109328279821267,4
1755,2355,3.908895988971532,4
1755,2724,4.098359683160576,3
1755,2858,4.234080269004218,5
1755,3418,4.1261245548510725,5
1757,442,3.570976217388134,1
1757,596,4.489354551392387,5
1757,1265,4.193447636965158,4
1757,1515,3.407286251618489,1
1757,1619,4.0,4
1757,2134,3.8680905900327005,3
1757,2427,4.28323296596274,4
1757,2490,3.5490215619055934,4
1757,3024,3.0,3
1757,3081,3.8402448796440396,3
1757,3113,4.007679839690941,1
1757,3697,3.5726651236997995,3
1758,17,4.133661998907936,3
1758,164,5.0,4
1758,194,4.999999999999999,4
1758,233,3.0,5
1758,535,4.803119088734612,3
1758,846,3.0,5
1758,1197,3.871498399313203,5
1758,1221,4.137518116827807,4
1758,1352,4.0,4
1758,1396,3.8441902142083118,4
1758,1608,3.772254692030434,3
1758,1635,4.475976928828516,4
1758,2959,3.9901473403416037,5
1758,3160,4.387943565077671,5
1758,3267,4.283324375933725,5
1758,3271,4.147363290956378,5
1758,3538,3.0,5
1759,196,4.0280396191929455,3
1759,784,3.718052060002221,5
1759,1517,4.183525927053474,5
1759,1614,4.126618956422157,4
1759,2082,3.9576037005828413,3
1759,3160,4.000376721022899,4
1759,3409,3.987782968603381,5
1759,3753,4.219028878913389,5
1760,708,3.945883395209134,5
1760,1097,3.894747417247276,5
1760,1265,3.8960215149044246,4
1760,1409,4.0,3
1760,1569,3.8245113149499046,4
1761,671,2.2434012305720366,3
1761,750,1.774712836842175,1
1761,1356,2.5990739327920216,4
1761,2553,1.7823509939261226,2
1762,1370,3.855750569011297,3
1764,20,4.266844374327956,4
1764,364,4.3624673816174315,5
1764,460,3.0,3
1764,808,3.0,4
1764,919,4.436850012446699,5
1764,1375,4.478236810503982,4
1764,1779,4.522902166851897,4
1764,1894,4.402929879309053,4
1764,1996,4.0383420190249035,4
1764,2321,4.234243044766194,4
1764,2322,4.312227701228037,4
1764,2423,4.455796912844096,4
1764,2710,4.350863277987293,2
1764,3165,4.0,3
1764,3175,4.266476700253086,4
1764,3704,4.567644816047302,4
1765,318,4.507510141734603,5
1765,1213,4.472937394288648,5
1765,1969,2.941519295193628,3
1765,2571,4.3933928808739315,5
1765,3053,3.0,5
1765,3176,4.5265158902591835,3
1766,1580,3.177163449905191,4
1767,441,3.9544779662408924,4
1767,1187,3.0,5
1767,2288,3.8475223203016458,2
1767,2336,3.8097481304271694,2
1767,2455,3.7882802702843716,4
1767,3301,3.2956552085283892,2
1768,1227,3.6610836252386663,5
1768,1955,3.658961102106863,3
1768,1958,3.882064687707663,3
1769,2683,2.991641851655817,3
1769,3005,2.9212719192594077,3
1769,3179,3.0,4
1770,2471,3.1247880736335913,3
1770,3524,3.305618643281471,2
1773,493,3.0,4
1773,1041,3.9484176109070863,3
1774,1977,3.0,3
1775,1198,3.3322811135122548,5
1775,1266,3.9731940113134403,4
1775,1292,3.9651220901675646,3
1776,736,3.607180640646506,4
1776,1387,3.485916661169279,3
1776,1595,2.0,2
1776,1947,3.5283070614618297,1
1776,2411,3.060241052214762,2
1776,2657,3.2155507466312625,1
1776,2694,3.5616404170001386,2
1776,2786,4.0,3
1776,3087,3.346608868697531,3
1776,3146,3.0,4
1776,3285,3.0,4
1776,3578,3.747891782504414,4
1777,1284,4.746144762419004,4
1778,193,2.674034848537267,2
1778,349,4.113675613088721,4
1778,435,3.578871854663556,2
1778,459,3.0,4
1778,510,3.0,3
1778,551,4.199962233265412,4
1778,1242,4.343404017781462,4
1778,1457,3.78905472983154,3
1778,1517,4.111941014723778,4
1778,1614,3.925748878249816,3
1778,2411,3.6549102163498652,3
1778,2485,3.4953229804097155,4
1778,2770,4.361175238033299,2
1778,2907,3.0,2
1778,3185,3.0,3
1778,3785,4.114720606201412,4
1778,3821,3.0,5
1779,69,4.00531507446178,3
1779,216,3.4334418433189255,4
1779,833,3.0,2
1779,1591,2.972004911915845,3
1779,2598,3.8078274542863615,5
1780,442,2.9425366036340987,2
1780,500,2.9856226364991874,3
1780,830,2.5975051554675463,3
1780,915,3.301725450601982,4
1780,1033,2.2639766806579327,2
1780,1350,3.3265244959557427,3
1780,1552,3.0024214498158113,3
1780,1573,3.043666209965438,3
1780,1721,3.166779083661198,4
1780,1937,3.0,4
1780,2363,3.0455481462489353,5
1780,2414,2.9523535598359687,2
1780,2662,3.2373578377067465,3
1780,2858,3.1978641404836488,3
1780,3147,3.288853129483015,4
1780,3263,3.021758507776942,3
1780,3698,3.000945008887729,3
1781,1214,3.6900267781327964,5
1781,3440,3.302922852337454,3
1783,2628,4.0,4
1783,3317,4.0,5
1784,589,3.3300682130800827,5
1784,3697,2.889540543125609,1
1785,733,3.798876574967997,5
1785,3793,3.338039925349657,4
1786,3562,3.0,3
1787,480,4.030218980025179,3
1787,3436,3.0,2
1788,1617,3.0,4
1788,1947,2.6251611225837665,5
1790,750,4.204083920288629,5
1790,1186,4.098291200832658,4
1790,1222,4.485121567380054,5
1790,2003,4.449805552455819,5
1790,2268,4.406806719503894,5
1790,2285,3.0,1
1790,2463,4.260867387138508,5
1790,3071,4.503751518570083,1
1791,1097,3.8349605378348475,3
1792,1784,4.089350984436041,5
1792,3755,3.525452518920291,4
1793,169,3.0,1
1793,455,3.0,1
1793,919,4.245781819767096,5
1793,1073,4.168103411324001,5
1793,1513,3.511382657835344,3
1793,1682,3.963961185973557,4
1793,1960,4.26865967022646,4
1793,2269,3.444953701053649,1
1793,2455,4.018187367015955,3
1793,2716,3.652413308184774,4
1793,3173,4.2588288157378695,2
1793,3438,3.2347679134695446,2
1793,3471,4.081508349610205,4
1794,95,2.921192442029808,2
1794,160,2.7711173556030335,1
1794,377,2.5618185444526733,4
1794,509,2.647565205166265,1
1794,879,1.5072774729491714,2
1794,1518,1.8966389375996635,2
1794,2490,2.4669940903622796,3
1794,2875,2.8209637517984105,2
1794,3555,3.4524039169175094,3
1796,1923,3.8159410267411187,2
1796,2918,4.054213468524337,4
1796,3196,4.607732129367907,5
1796,3253,3.7815486627241666,3
1797,2761,3.602332106769824,3
1797,3629,4.387091096043843,5
1798,1221,3.720670011875736,5
1799,535,3.6047424303611777,2
1800,180,4.664938301697044,4
1800,608,4.259988353780355,5
1800,1222,4.158052587714123,5
1800,1587,3.635161800448773,4
1800,2571,3.9179468489488287,5
1800,2735,3.219036776179946,3
1802,110,4.495808415208811,5
1802,266,4.48502013176829,4
1802,724,3.9055581189840005,3
1802,1204,4.752600267583334,5
1802,3917,2.468995115913565,3
1803,44,3.46484704410865,3
1803,253,3.853160583357245,4
1803,1382,4.0,3
1803,2160,3.9018468256637453,3
1804,329,3.989913185951921,4
1804,994,3.532479979604544,3
1804,1204,4.160307479851555,3
1805,1356,4.108805975389947,4
1805,1676,4.1602666888926745,1
1805,1968,4.0642883287905756,4
1805,2916,4.214458394132228,2
1806,10,4.43785303415524,4
1806,367,4.388377249212214,4
1806,1441,4.457547249502311,4
1806,1617,3.959980707443423,4
1806,3753,4.546477118936449,4
1807,423,2.9661820582762357,2
1807,589,3.937818044619815,5
1807,780,3.8841207978056156,5
1807,1347,3.6363512934315803,4
1807,2804,3.2570717579259694,5
1807,3039,3.916326199251489,4
1809,2707,3.0881781522485023,4
1812,468,3.65576433831043,4
1812,597,3.6307247126128503,1
1812,913,3.969763870314452,4
1812,934,3.0,3
1812,1266,3.824749908560682,4
1812,1500,3.8193025945477865,4
1812,1693,5.0,5
1812,2226,3.0,3
1812,2302,3.6574441136790528,4
1812,2413,3.414829329098366,3
1812,2528,3.972210515100239,5
1812,2605,3.511143412270046,3
1812,2641,3.64965572780149,4
1812,2916,3.7342384662650994,3
1812,3108,4.019587372131221,5
1812,3527,3.7147034989903527,5
1813,58,3.5878631026638335,4
1817,2827,3.0,3
1817,3510,3.5715847588847915,2
1817,3879,3.0,3
1819,266,4.023823674584322,3
1819,1206,4.079486248940335,4
1819,1284,4.60536202432293,4
1819,2571,3.9069216917104326,3
1820,196,3.6183110732213914,1
1820,908,4.272992969710147,4
1820,1037,3.735151804146629,2
1820,1213,4.120333653328173,5
1820,1374,3.5622286068597857,5
1820,1387,4.136679947078392,5
1820,1407,3.906921435773622,4
1820,1594,3.5241345779758375,2
1820,2278,4.030982368736774,3
1820,3682,4.060483683416878,4
1821,2904,3.0,4
1822,457,4.202415293933573,5
1822,1968,3.7064443498702286,5
1824,1824,3.0,2
1824,3247,3.706537882826316,3
1824,3751,3.801004282111809,3
1825,1619,3.726541527039607,3
1825,3067,2.0,3
1826,2300,4.220745859882493,5
1827,480,3.8188813436489175,4
1827,3409,3.0,4
1827,3555,4.228425137910045,3
1828,34,3.6671430178542597,4
1828,1310,3.0,3
1828,1485,3.3801119879399923,3
1828,2700,3.4686559407919533,4
1828,3438,3.282321653172554,2
1828,3752,3.511997000428119,4
1829,608,3.5015067112956673,4
1831,2598,3.6489487338692306,3
1831,2688,3.2318038937759574,2
1831,2693,3.0,4
1832,388,3.0,4
1833,1500,3.685561644948051,3
1833,2291,3.7550769587425252,4
1834,2574,3.0,4
1835,29,3.93976885833376,5
1835,733,4.35350054305615,3
1835,1090,4.632000720372969,5
1835,1271,4.770260130223891,5
1835,1769,3.9264992266311807,3
1835,1805,4.327718336816347,3
1835,1986,3.0651895673413585,3
1835,2115,4.410274228988879,4
1835,2124,4.5011066908562025,5
1835,2381,3.3219393918383098,1
1835,2451,3.520312362576648,4
1835,2858,4.679228308950372,5
1835,3055,3.0,3
1835,3272,3.3362644526601786,5
1836,454,4.1065791610854765,3
1836,1544,4.0086927452286325,3
1836,1648,3.0,4
1836,1660,5.0,5
1836,2065,4.63947098699169,5
1836,2245,4.411473439685456,4
1836,2248,4.428752768423002,4
1836,2330,3.0,3
1836,3108,4.384844940596746,4
1836,3685,4.7051003996259535,3
1837,246,4.548272212175806,4
1837,358,3.0,2
1837,483,3.0,5
1837,509,4.00541047407001,4
1837,535,4.139575834973475,5
1837,748,2.756410268057735,3
1837,1089,3.949223535037791,5
1837,1219,4.153183287063175,4
1837,1220,3.765544767603145,5
1837,1285,3.962423374614011,3
1837,1288,3.955824580038391,4
1837,1392,3.0,3
1837,1580,3.5566337969974473,3
1837,1909,3.488781435323729,4
1837,1998,3.4759085435850787,1
1837,2012,3.411428946315448,3
1837,2289,4.097205134905244,4
1837,2378,3.30670276082387,3
1837,2572,3.3992092547381243,4
1837,3019,4.15544976487693,4
1837,3182,3.0,5
1837,3269,2.953320837296229,4
1837,3301,2.972965740004371,3
1837,3471,3.8461636321961015,4
1837,3704,3.568763045563132,4
1838,1968,4.0,3
1838,3555,3.2491199046236043,4
1839,1918,4.222277365886391,4
1839,3578,4.186011401407389,5
1841,9,3.0,2
1841,34,3.504534501573448,3
1841,153,2.9143919563811638,2
1841,765,2.1361799490694553,2
1841,2447,1.8447542210252652,1
1842,288,4.4219834274968,5
1842,986,3.0,4
1842,1220,4.572249742204857,5
1842,1295,5.0,5
1842,1447,3.0,4
1842,2208,5.0,5
1842,2428,3.8101706844081638,3
1842,3114,4.379389590934385,5
1842,3182,3.0,5
1842,3246,4.501694169995992,5
1842,3510,4.297153927878306,4
1842,3809,4.339657735620039,4
1843,953,4.465039450756755,5
1843,1206,4.398946019038287,5
1844,3317,4.0,5
1845,431,3.0,3
1845,532,3.0,4
1845,1245,3.7221884085071126,2
1845,1611,3.274157583541371,4
1845,1784,3.0413244749361845,3
1845,1836,3.0,5
1846,2174,4.2066074824788995,4
1850,1270,4.033438378562803,4
1850,1580,4.168503120449116,5
1850,1881,3.0,4
1851,185,2.854207669936324,2
1851,201,3.0,1
1851,314,3.0,4
1851,466,2.9013085673167693,2
1851,611,3.0,2
1851,780,2.9779830148675197,3
1851,1212,4.520702345312426,5
1851,1348,3.0,3
1851,1375,2.8414051653381276,3
1851,1694,3.826443433017207,4
1851,2232,2.3691611916284616,3
1851,2318,3.6470842381996977,3
1851,2762,3.1270328321390073,4
1852,1274,3.4592636987448775,4
1853,356,4.211431276075372,3
1853,1292,4.388308942841927,5
1853,1845,4.50332143411371,5
1854,1513,2.836431403696355,3
1854,2003,3.0165665511729447,3
1854,2379,2.0,2
1854,2528,2.988113774257148,2
1854,3016,2.76519690457275,4
1855,480,3.3960222878710673,4
1855,1220,3.5212164070648146,4
1856,260,4.822288290928381,5
1856,1882,4.6472313635143,5
1858,2800,3.0,4
1858,2995,2.0,4
1858,3160,4.746520245284217,5
1859,529,3.6560879741432175,5
1859,2028,3.834068248676688,3
1860,1304,3.8508631182724624,4
1860,2116,3.367215900555719,4
1860,3467,3.9845812418570494,3
1861,593,3.601980523464088,4
1861,674,3.667316733596369,2
1861,828,3.0,3
1861,858,3.6611699228911916,5
1861,898,3.8734736509029752,4
1861,1204,3.9439553052283487,5
1861,1234,3.721762155636291,4
1861,1747,3.5482361310053734,3
1861,1784,3.5135619462278664,3
1862,3481,4.485413515709977,5
1863,861,3.0,2
1863,1148,5.0,5
1863,1546,3.0,5
1863,2871,4.806423438078168,4
1863,2966,3.0,5
1863,3814,5.0,3
1864,3934,3.0,2
1865,1265,3.9360452280912614,3
1865,2757,3.0,4
1865,2889,3.0,3
1865,2893,3.0,2
1866,1682,4.211723121264379,4
1866,1923,4.205447211816452,5
1866,2248,4.302000524786039,4
1867,2355,2.6669267680898705,4
1868,906,5.0,4
1868,1252,3.7764993395727235,3
1868,2764,3.0,4
1868,2951,3.5429839016849733,4
1869,68,3.0,3
1869,3531,3.0,4
1870,969,4.281308429784132,3
1870,2000,3.9785026085523594,5
1870,2353,4.032517890816404,3
1870,2657,3.7512828937147047,3
1871,2081,3.4557009396242973,3
1873,648,3.632751837786389,4
1873,1608,3.657506772040106,3
1874,1034,3.0,4
1874,2019,3.6827862045900934,4
1874,2194,3.620179297772121,3
1874,3469,3.32626588101095,4
1875,587,3.9281682344367796,3
1875,915,4.200469042511769,5
1875,2108,4.04935976777986,4
1875,2469,3.9007441472766917,3
1875,2640,3.644357736922157,4
1875,2906,3.0,1
1876,1127,3.4926457241697677,3
1876,1389,3.0,1
1876,2706,3.473205872050544,3
1877,3150,3.0,5
1877,3562,3.0,3
1877,3880,1.0,4
1877,3886,3.0,4
1878,356,4.09667063029956,5
1878,2985,3.505450934103366,3
1878,3005,3.0,4
1878,3697,3.606275168188067,4
1879,266,4.146728336190383,4
1879,1221,4.194909908522581,3
1879,1476,4.048838844789726,3
1879,1608,4.051829386520501,4
1879,2302,4.102221361516126,2
1879,2322,3.9444627486658352,4
1879,2671,3.9698264521147713,3
1879,2804,3.9907557945919345,5
1879,2822,3.926132728820785,4
1880,454,3.632678461866501,4
1880,1036,3.6805723704265456,5
1880,1081,3.675959890639557,3
1880,1283,4.180069455567296,3
1880,1295,3.612976966117636,4
1880,1425,3.0,2
1880,1606,3.0,1
1880,1639,3.9408484531227654,4
1880,2100,3.6128744904745114,4
1880,2291,3.7881106070737864,3
1880,2378,3.111137442398054,3
1880,2686,4.258775310021155,5
1880,2987,3.7150376168933037,4
1880,3198,4.006863642760222,5
1880,3256,3.303651705214684,4
1880,3265,3.466580217165515,5
1881,19,4.762646769187546,5
1881,3809,4.19235787528346,5
1882,162,3.6010633993124013,4
1882,551,3.75369775273566,3
1882,741,3.0,2
1882,1221,3.763866072558784,5
1882,1278,3.742102308723681,4
1882,2644,4.0,4
1882,2664,4.099327590239196,5
1882,3338,3.0,4
1882,3421,3.748377663141485,4
1883,451,3.0,3
1883,596,3.3188624571700696,3
1883,930,3.5736251435336195,5
1883,956,3.0,3
1883,1148,4.030862024906211,4
1883,1633,3.759133972047118,4
1883,1733,3.0,3
1883,1948,4.18673350882208,3
1883,2470,3.2539480086516783,3
1883,2943,3.0,3
1883,3341,3.157269285701838,3
1883,3531,3.0,3
1884,110,3.8448428015052025,4
1884,199,3.0,5
1884,741,3.136402585592779,4
1884,918,4.162917203025158,3
1884,1204,4.383609553823739,5
1884,1219,4.228971194890912,5
1884,1259,3.986810846870076,3
1884,1275,3.536776275605447,3
1884,1580,3.7417623850806376,3
1884,1704,3.9599633508693657,4
1884,1932,3.0,4
1884,2732,4.330520248354901,5
1884,3386,3.9499036208823557,4
1884,3545,4.436230970024921,5
1887,1022,3.5989968460986086,3
1887,1997,3.621566897762273,3
1887,2676,3.0,4
1889,122,3.0,3
1889,235,3.3650471466810963,2
1889,352,3.0,3
1889,519,2.0,1
1889,999,3.0,3
1889,1136,3.6277714859702295,4
1889,1220,3.581340240967207,3
1889,1459,2.82651109906925,3
1889,1586,3.385078550748463,3
1889,1589,3.538157297539413,2
1889,1665,3.0,1
1889,1670,3.0,4
1889,2133,3.5353916902295492,3
1889,2587,3.0,3
1889,3071,4.193134025256683,4
1889,3263,3.454900188598533,4
1889,3326,3.0,1
1889,3424,3.6213938934017986,3
1889,3444,3.1117911126715767,3
1889,3717,3.5102546487469515,2
1890,3729,3.0,4
1891,32,3.8207574049477837,3
1891,1196,3.8350207999103687,4
1891,1213,4.021981429688129,5
1891,1921,3.6197021790709942,3
1891,1952,4.348485783395129,5
1894,446,4.0,5
1894,2289,4.3804174515230745,4
1895,1227,4.515823341396614,3
1895,1307,4.273464765283938,4
1896,905,4.518999633261239,4
1896,1250,4.254153468418998,4
1896,1300,4.0,3
1896,2019,4.426308885683746,3
1896,3171,4.0,3
1897,342,3.948247857791559,4
1897,515,3.9464617402539983,4
1897,1041,4.119759406124146,3
1897,1136,3.9393361089846923,4
1897,1236,3.0,3
1897,1961,3.9005615311864315,4
1897,2184,4.0,3
1897,3124,3.0,4
1897,3163,3.0,5
1897,3361,3.9208387845539203,5
1897,3855,3.0,3
1898,3786,3.0,3
1899,162,4.181120510153672,4
1899,329,3.5088600632265137,3
1899,495,3.0,3
1899,708,3.776567591725115,3
1899,786,3.2814174707445365,3
1899,947,4.085235859839522,4
1899,1136,3.9324432525704665,5
1899,1270,3.792623585104564,5
1899,1272,4.0843026829132585,5
1899,1296,4.042476780775895,4
1899,1307,3.9613082003366,4
1899,1356,3.6896298280117823,3
1899,1719,4.040861738566966,4
1899,1957,4.042996367145181,3
1899,2017,3.4937418674563716,3
1899,2150,4.018671700604468,4
1899,2565,3.7209103016899787,3
1899,3047,3.0,4
1899,3265,4.628290099756317,4
1899,3421,3.963275710120527,4
1899,3629,4.549747578709433,4
1899,3730,4.371526090540248,5
1900,2188,3.0,4
1901,10,4.247376938964799,3
1901,2011,4.187825951557946,4
1901,2944,4.389428395752189,4
1901,2948,4.358825985050017,4
1901,3489,4.122035017759032,3
1901,3508,4.265725486796297,4
1902,50,4.3187419883819524,5
1902,546,3.1589687163578177,2
1902,1391,3.727892127641229,3
1902,1552,3.8068900654450766,2
1902,1892,3.9790001520544513,3
1902,3397,3.0,2
1903,377,4.150671911946434,4
1903,1244,4.229152758532818,3
1903,2324,4.151863827073991,1
1904,50,3.8138480897650515,4
1904,356,3.7408805663078426,5
1904,1799,3.4869657430305008,4
1904,2034,3.2685776024229676,4
1904,2141,3.4889114691495164,3
1904,3247,3.6089251270883684,3
1907,1721,5.0,3
1908,6,3.1889122450084715,3
1908,11,3.3556962729082187,5
1908,1518,3.23245206558921,4
1908,2273,2.944398604373328,1
1908,2427,3.4061837271107844,3
1908,2539,3.233486265415826,3
1909,2580,4.1102881966322995,3
1911,2568,3.0,2
1912,14,3.0,3
1912,253,2.475054928453383,2
1912,357,2.744940588035314,4
1912,381,3.0,1
1912,509,2.6157488103589497,1
1912,529,2.965335311727536,3
1912,805,2.6594836570071836,1
1912,920,3.1222542950553116,3
1912,1130,2.213591946111715,2
1912,1179,3.153164640771002,4
1912,1518,1.7999968963878317,2
1912,1827,3.0,2
1912,1913,4.0,2
1912,1925,3.0,3
1912,2208,3.099784427736747,3
1912,2333,2.942836228312868,3
1912,2391,2.9535407007560246,3
1912,2966,2.5001885159001938,3
1912,2989,2.541915972055452,3
1912,3083,3.0,2
1912,3341,3.008966579918399,1
1912,3678,3.0,2
1912,3682,3.6502092630237324,4
1913,1022,4.218245699079508,5
1913,3429,4.999999999999999,5
1913,3471,4.25090579128418,4
1914,1,4.160798614759375,5
1916,309,3.0,4
1916,428,3.9708969297335144,4
1916,594,3.9111666022572997,3
1916,899,4.052443549860898,4
1916,1956,4.378835819587415,5
1916,2028,4.05476658304077,3
1916,2108,4.068689323741702,3
1916,2396,4.083194337391678,4
1916,2693,3.0,4
1916,3010,3.0,3
1917,32,4.0047460036817135,5
1917,541,4.455613855355369,5
1918,1,2.8197623232310383,4
1919,328,3.284753775160528,2
1919,1320,3.222907067225287,4
1920,165,3.4991574658677975,3
1920,349,3.628906206223883,4
1920,835,3.0,4
1920,955,3.506720249294171,2
1920,1073,3.5759775800407185,3
1920,1945,3.582678797725292,4
1920,2375,3.3830422127946655,3
1920,2468,3.474115110216933,4
1920,2524,3.6326761039639894,2
1920,3451,3.9743379627186823,3
1920,3724,2.344014943009829,3
1921,609,3.0,3
1921,2405,3.3684957664401423,2
1922,165,3.4437657009252236,4
1922,351,3.804669430758077,4
1922,1249,3.8880327631115605,3
1922,1380,3.6934898962657408,5
1922,1580,3.5646429884611845,4
1922,1643,3.7980626772690256,3
1922,2000,3.595588873405259,3
1922,2262,4.0,4
1922,2797,3.727306180536481,4
1922,3702,3.5974741504529253,3
1923,3751,3.765488959986521,4
1923,3764,3.0,3
1925,162,4.373051599176537,4
1925,904,3.815062523327183,3
1925,1050,3.0,4
1925,1625,3.595767702281087,2
1925,2166,3.0,4
1925,2764,4.3321378814443,4
1925,2890,3.825732250810573,5
1925,3062,4.276032457012191,4
1925,3066,3.5847202905853863,3
1926,213,3.0,5
1926,509,4.504956487943228,5
1926,1172,4.647016140692565,5
1926,1235,4.479061252244746,5
1926,1248,4.643249891860491,5
1926,1278,4.306353256984542,4
1926,1476,3.9968695865009893,3
1926,1806,3.0,3
1926,2424,4.212397240600189,4
1926,2455,4.1669253684680765,2
1926,2621,3.0,5
1926,2628,3.7642353069724326,5
1926,2746,3.801758565233632,4
1926,2797,3.8431567169408445,4
1926,3000,3.5372269211280627,5
1926,3088,4.208234086754171,4
1926,3546,4.235743302304556,4
1926,3550,1.6873163804002673,4
1926,3580,3.0,4
1926,3703,4.267303073658654,3
1927,1968,4.573564769856525,4
1927,2324,3.6904632144135574,4
1928,1244,4.167913846031676,4
1928,2763,3.8637955443216305,5
1928,3256,3.6803502917342303,5
1928,3421,4.179150684942013,5
1928,3450,4.056391664295578,3
1929,2083,3.0,5
1929,2541,2.572884564785841,3
1929,2572,4.25137945288125,5
1930,316,3.338352115503603,4
1930,908,3.855414395756033,3
1930,1219,3.700325035005155,4
1930,1916,3.0,3
1930,2012,3.3431189340781415,2
1930,2382,2.3869848046647717,1
1930,2407,3.131108771527282,3
1930,2710,3.7212384275418513,2
1931,1340,4.257808393082502,4
1932,6,4.080915352745984,5
1934,2700,3.660700625608137,3
1935,527,4.406121050245534,2
1935,1721,4.741215551192467,4
1935,3826,3.328752126431627,3
1937,1270,3.375236124734031,4
1937,1956,3.3930337785940057,4
1937,2581,2.9370889299326954,2
1937,3174,2.7865637866663096,4
1937,3524,2.7067151766325463,2
1938,1372,2.9428604605078985,2
1938,2002,3.1441767947474886,1
1938,2294,3.0797964910214164,2
1938,2628,3.029282080187958,2
1939,58,4.384624968155172,5
1939,1244,4.208458181104389,3
1939,1262,3.895173870909919,5
1939,3070,3.5573278204388186,4
1941,3,2.871720041208781,3
1941,89,3.5644026025028763,3
1941,253,3.328977853848247,4
1941,357,3.545746312429454,3
1941,368,3.265695498285836,5
1941,454,3.489116677304895,3
1941,783,3.814760467296605,4
1941,926,4.0847706690215055,4
1941,1033,3.8019683308283705,4
1941,1084,3.6734365395447286,5
1941,1101,3.392771318903094,4
1941,1252,3.6907964038434207,3
1941,1340,3.7708701399277085,5
1941,1350,3.2419017671998542,3
1941,1593,3.165546176868771,2
1941,1831,3.273563477898387,4
1941,1937,4.0,4
1941,1957,3.68992285639182,2
1941,1958,3.2514717132056927,5
1941,2301,2.731281863854327,3
1941,2315,1.6128976976119545,1
1941,2383,2.1901693345425772,1
1941,2517,2.6394351312399302,3
1941,2521,3.0,2
1941,2612,3.0,4
1941,2656,3.1231620183529976,4
1941,2734,3.9854288623927534,3
1941,2881,3.3983932554711958,3
1941,2995,3.184306984413299,1
1941,3062,3.7223367615054936,3
1941,3072,3.3600698985934585,3
1941,3260,3.5000779679831955,4
1941,3497,3.0,3
1941,3699,3.3765824234990665,4
1941,3703,3.477425158359124,3
1941,3775,3.0,3
1942,1035,3.3118336095516656,2
1942,3929,3.0,4
1943,246,4.415686584313171,5
1943,637,1.0,3
1943,802,3.3350668032070514,3
1943,908,4.226626650367606,5
1943,1020,3.4431344896150136,3
1943,1120,3.9217333357238124,4
1943,1223,4.127597082544447,4
1943,1345,3.653028666557062,3
1943,1912,3.9539752064418616,5
1943,2359,4.127215809504182,4
1943,2463,4.127701821492812,4
1943,2707,4.210886209198966,2
1943,2871,3.974314199941273,3
1944,3004,3.0,2
1945,1267,3.0998747380508567,2
1945,2692,2.7345601833752236,2
1946,441,4.385489406032087,5
1946,493,3.0,4
1946,1997,4.246595070209948,4
1946,3261,4.312996722398482,4
1947,2872,4.1019131655508465,4
1948,2006,3.3885314258365744,4
1948,3578,3.679960495569791,5
1949,1213,4.457995306436132,5
1949,1214,4.448795384152943,4
1949,3254,4.306485392804013,4
1950,588,3.683108579675483,4
1950,1342,3.244361195147939,2
1950,2571,3.5242712525569764,4
1951,339,3.5688786684152154,3
1951,466,3.1057050934951302,1
1951,2108,3.8568791033138456,4
1951,3784,3.0,2
1952,232,5.0,4
1952,2065,3.897424656756676,3
1952,2145,3.749865591850087,4
1952,3421,3.917493249836198,5
1952,3504,4.178530929451943,5
1952,3534,3.503825084309401,3
1952,3911,4.2239858312591965,4
1953,2792,4.4874668100714326,1
1954,908,4.208176883362678,5
1954,1914,3.0,4
1954,3418,3.9381076497222303,5
1955,3157,3.0,4
1956,2761,4.253116991582903,5
1957,971,4.058832808907984,3
1958,216,3.4987117623799477,3
1958,413,2.66693499567434,4
1958,589,3.8162461227309703,3
1958,695,4.0,4
1958,1080,3.7834766444686743,1
1958,1089,3.883543357407456,5
1958,1246,3.937120714211331,4
1958,1259,3.8763228260085643,5
1958,1457,3.4854451467413425,3
1958,1688,4.024407047138758,3
1958,1854,3.0,3
1958,1882,3.2342812573240285,1
1958,2013,3.6754731005883237,4
1958,2051,2.333806804787803,3
1958,2139,3.709108190814038,3
1958,2539,3.70032298345416,3
1958,3100,4.039159306458811,3
1958,3285,3.0,3
1958,3448,3.7140991181514584,3
1958,3591,3.660920034855297,3
1958,3701,3.018707837976392,4
1959,3173,4.006211200076958,3
1960,608,3.8677494270849295,5
1960,1302,3.8935280026617263,5
1960,1394,4.070172976918877,4
1960,2918,4.037421243288501,5
1960,3019,4.4404230564987985,4
1960,3363,4.003782963636252,5
1961,2333,4.4881164025554146,4
1961,2403,3.5411991360778754,5
1962,42,1.0,1
1962,271,3.0,4
1962,427,3.0,3
1962,1550,3.0,1
1962,2338,2.338376917584104,1
1962,2424,3.248394627380974,4
1962,2429,3.0,2
1962,2485,3.4285581518782338,2
1962,2771,4.0,3
1962,3114,3.3047393083737666,4
1962,3285,3.0,3
1962,3569,3.0,3
1963,314,3.0,5
1963,2268,4.00640089220521,5
1968,22,3.2254063322916036,2
1968,194,3.0,3
1968,253,3.3178948798836765,3
1968,852,2.3229799171040186,3
1968,1129,3.161035160808985,1
1968,1294,3.4970811691501082,1
1968,1320,2.6974514043825555,1
1968,1544,3.1913371348539323,3
1968,1676,2.811832119071601,2
1968,1729,3.369664352177875,4
1968,1748,2.9592751472919705,2
1968,2321,3.2685940520799712,4
1968,2808,2.50039058529974,1
1968,2858,3.4127786653851713,2
1968,3055,3.0,2
1968,3760,3.0,1
1969,329,3.7330931166348713,4
1969,500,3.986721595080216,4
1969,547,3.0,4
1969,1291,4.059176408756822,4
1969,1970,2.7897905735258783,3
1969,2089,4.138711866563134,3
1969,3105,4.314842678925806,5
1969,3412,3.0,3
1969,3753,4.088929460568258,5
1972,1214,4.4449365738609075,5
1972,1247,4.561246003772495,5
1973,480,3.9479312186033293,4
1974,1300,3.486994763247803,4
1974,2613,3.6471822557088114,3
1974,2819,3.8595916065187454,3
1974,3728,5.0,3
1975,345,2.486725929019034,1
1976,13,3.0,5
1976,1660,3.0,3
1976,3418,4.219933876605178,4
1978,1777,3.8127027923040973,3
1978,3421,4.095781120266774,5
1980,65,2.2714771760828727,1
1980,86,3.0,3
1980,95,3.0907712837284804,2
1980,368,3.4148419279625326,3
1980,779,3.0,2
1980,910,4.534335188388925,5
1980,991,3.0,3
1980,1079,3.8020791403770753,4
1980,1093,4.223528744218411,3
1980,1148,4.011295897773664,4
1980,1248,4.542165283905151,3
1980,1270,3.8922842524353753,5
1980,1286,3.836545863931549,4
1980,1297,3.5848733440998006,3
1980,1304,4.304360163432483,5
1980,1713,2.6957504074624636,3
1980,1936,3.0,4
1980,2137,3.732194184737069,4
1980,2318,3.736629478207425,4
1980,2320,3.0,3
1980,2354,2.639844971638244,2
1980,2529,3.6065992763059054,3
1980,2611,3.0,4
1980,2714,3.0,3
1980,2829,3.0,3
1980,2890,4.101178562129371,5
1980,3060,4.458445257370188,4
1980,3100,4.375157157703092,5
1980,3208,2.11691958134717,3
1980,3247,3.4102045152888385,4
1980,3271,4.368188553733969,4
1980,3576,3.4999600933371795,4
1980,3689,2.499939454500359,3
1981,3121,3.0,3
1982,802,4.0,4
1983,533,3.564552275962121,4
1983,733,4.293706877414815,4
1983,750,4.758372657103167,5
1983,1240,4.457645413318842,5
1983,1396,4.348752963486941,4
1983,1590,3.820150290239614,3
1983,1646,3.0,3
1983,1702,3.4711724508414887,4
1983,1785,3.0,4
1983,2023,4.39051621766938,5
1983,2321,4.3475773182212105,4
1983,2402,4.047310232236493,4
1983,2435,3.0,5
1983,2528,4.561196077885613,4
1983,2734,3.7605545987053515,4
1983,3176,4.1210012340541695,4
1983,3247,4.220579641701292,3
1983,3672,4.481474724777149,5
1984,25,3.947372740769413,4
1984,648,3.70384119852415,4
1984,1084,3.880982912063569,4
1984,1097,3.8365330939498596,1
1984,1197,3.8568226166739743,4
1984,1527,3.69945544630535,3
1984,1912,4.012606306793747,3
1984,2105,3.7216456753328653,5
1984,2616,3.7632239744110567,5
1984,3104,4.005789529381808,4
1984,3552,3.8348972611748557,3
1985,2944,3.786703192594186,3
1985,3113,3.508542533925759,3
1986,2858,5.0,4
1986,3101,5.0,5
1988,215,3.0,4
1988,249,3.0,4
1988,428,3.823598029311305,3
1988,457,3.5907261857144,4
1988,745,4.392210425184094,4
1988,778,3.8103137357598214,4
1988,932,3.0,4
1988,1032,3.672410023701915,3
1988,1095,3.969965506606561,4
1988,1370,3.4180558742906113,3
1988,1617,3.6772867647456455,5
1988,2146,3.2762740194949385,2
1988,2160,4.0765918366095635,4
1988,2259,3.0,1
1988,2280,3.0,3
1988,2304,3.0,5
1988,3155,3.0,4
1988,3201,4.141186846057846,4
1988,3363,3.931993121117939,5
1988,3548,4.00262343339766,4
1989,908,4.475123535971374,5
1992,2883,3.0,3
1993,223,3.865301051534513,5
1993,1136,4.355628175534295,4
1995,1391,3.9605272139788337,3
1995,2028,3.948863468191108,4
1995,3114,4.13632764035729,4
1995,3327,3.0,4
1996,1287,4.467154062692971,5
1996,2947,4.374409825106721,4
1996,3244,4.51537965303062,5
1998,527,3.9425893298552634,5
1998,750,3.9117770953319884,4
1998,912,3.9466986541701505,5
1998,2137,4.3453427389515,4
1998,3160,3.829892192972588,3
1998,3334,4.0148522916408815,4
1998,3361,3.930490620600585,4
1998,3524,3.834674012415299,4
1998,3552,3.942129348771029,4
1998,3668,4.0,4
1998,3893,4.419196964313277,4
1999,968,3.9728650223006725,5
1999,1345,4.088871553732115,2
1999,1997,4.135860466875437,5
1999,2644,3.5725483644145957,4
2001,1513,3.0574121726904777,5
2001,2841,3.149733010127399,5
2002,1729,3.9161962804865103,4
2002,2203,4.715397325656844,4
2003,595,4.437567332168354,4
2003,2087,4.428377291431391,5
2004,2851,3.666065930197798,3
2004,3827,3.0,3
2005,2688,2.4176376125013035,2
2005,2770,3.573259665957563,3
2005,3081,2.8905112768322554,5
2006,3435,4.644831249197396,5
2007,2028,3.533848649128269,5
2007,3201,4.0935196018294375,5
2008,457,4.01784028703701,4
2008,858,4.080372273535649,5
2008,1171,4.4339714878861125,4
2008,1292,4.183941913290273,5
2008,1304,4.151003466165198,5
2008,1617,3.8957561386669846,5
2008,2396,3.9933183976215063,3
2008,2863,4.134926129678331,5
2009,3327,3.0,1
2010,174,1.674381775346802,1
2010,414,3.0,2
2010,719,2.066938311793537,2
2010,805,2.7277374122160296,2
2010,837,3.0,1
2010,1373,2.419017608838461,2
2010,1747,3.265134934463586,3
2010,1831,2.686430699532078,2
2010,2094,2.442834506768655,3
2010,3082,2.6119029125605624,2
2010,3268,1.3873164987783133,1
2010,3324,3.0,3
2010,3477,3.0226638917507698,1
2010,3527,3.1882376551894613,4
2011,838,4.012276110645919,5
2011,1917,3.9208717247165237,5
2011,2906,3.0,1
2011,3129,3.9969314944831726,2
2012,24,3.2026641290010196,2
2012,110,3.3386034108730906,3
2012,260,3.3595714596030186,5
2012,631,1.8040459347108835,2
2012,1030,3.1806552018488183,2
2012,1592,1.4304102397677472,1
2012,2092,3.2839473427128,3
2012,2249,2.7344340960048203,3
2012,2413,3.1940235981434846,4
2012,2986,3.0055013614402806,2
2012,3031,3.0,2
2012,3591,3.1872525416340634,3
2012,3701,3.385951701618235,3
2013,541,4.142242086440673,4
2013,750,4.1201667482305115,5
2013,3417,3.0,4
2014,1069,4.7714501859272,4
2014,1240,4.272706813601973,4
2015,112,3.64784977683433,5
2015,440,3.3477663695677045,5
2015,542,3.3535902785594707,4
2015,569,2.0,1
2015,919,3.6543679305957313,3
2015,1171,4.409551918505356,5
2015,1228,4.014686223178381,4
2015,1432,3.2487689734858516,3
2015,1597,3.3814811110304324,2
2015,1610,3.6349311122972687,2
2015,1614,3.202187982457944,3
2015,1961,3.6873654510033007,4
2015,2097,3.4501202687425065,4
2015,2359,3.4129542852400796,2
2015,2402,3.53505540723324,3
2015,2470,3.658162226256305,5
2015,2478,3.7276169561251526,5
2015,2541,3.3904665374157226,2
2015,2599,3.7267029661744986,1
2015,2640,3.536985566665281,3
2015,2774,3.0,2
2015,2991,4.105497367103709,3
2015,3275,3.0,5
2015,3536,4.045902976356866,4
2015,3669,3.0,3
2016,288,4.248026630331135,2
2016,337,4.277388670381059,4
2016,588,4.225813592133222,4
2016,1092,3.972573686072893,4
2016,1541,4.0,4
2017,34,4.595361040527527,5
2017,597,4.40810597352156,5
2017,2291,4.366979485785098,3
2017,2353,4.179540005074456,3
2018,71,3.0,1
2018,435,3.6004141194285646,2
2018,474,3.9842283265452063,3
2018,490,3.0,4
2018,586,3.5945573481636717,4
2018,930,4.529588127708714,5
2018,1203,4.659752534896419,5
2018,2034,3.677335060935495,1
2018,3035,4.4454149228474655,4
2018,3129,4.0,3
2018,3338,3.0,5
2018,3469,4.535022391615088,5
2018,3516,3.0,3
2019,2997,3.3320030400931344,5
2020,35,3.0,3
2020,1124,3.6954866850968506,3
2020,2064,3.867514021922098,4
2020,2470,3.808069242636336,3
2020,2571,3.772252160185627,4
2020,2819,3.9878310608887158,2
2020,2985,3.5857297897033487,5
2020,3515,3.0,4
2020,3549,4.475283670721959,3
2020,3730,3.697382249416566,4
2020,3831,3.0,3
2020,3852,4.0,3
2021,1407,4.105418376395176,5
2022,356,4.0443058289133695,5
2022,608,3.9911331661457914,3
2022,2329,3.9903157759812156,5
2022,2353,4.1744735202464325,3
2022,2918,3.8178921908654986,5
2022,3210,3.769076838345305,3
2022,3256,3.9217719480332405,5
2022,3751,4.218977542883153,3
2022,3948,4.193440333843063,3
2023,50,4.314486012366516,5
2023,63,3.0,4
2023,377,3.969606416660236,5
2023,457,4.182714554491009,4
2023,1148,4.268090977702574,5
2023,1610,4.11472703906183,5
2023,2083,3.046393059552899,3
2023,3753,4.428859976757353,3
2024,7,3.388395990693149,2
2024,410,3.835347468820757,4
2024,542,3.0705096875821165,3
2024,909,3.613676649551149,5
2024,1394,3.8586787340448465,4
2024,1517,3.5773729615848784,3
2024,1663,3.6277147226914286,5
2024,2080,3.6046289085879066,5
2025,1343,3.740980786446721,5
2025,1950,4.999999999999999,5
2026,2098,3.0,2
2026,2528,3.516756111211602,4
2027,2268,4.234954399756937,4
2027,3104,4.199721861446599,5
2029,342,3.83658242815636,2
2029,616,2.475373601230707,1
2029,663,3.4097101669810974,5
2029,709,2.1156349731462947,1
2029,1171,4.669196798325979,5
2029,2797,3.633787024645582,3
2029,3671,3.711045434587684,5
2030,329,3.343913264178018,3
2030,594,4.054887095718304,5
2030,898,4.57410746798179,4
2030,1573,3.778474752905263,2
2030,1947,4.350224899884417,4
2030,2005,3.832723685091255,3
2030,2643,2.990183519617701,1
2030,2968,3.545759788873415,4
2030,3062,4.339058661495598,4
2030,3176,3.574119653621678,3
2030,3685,4.341850882156122,4
2031,1254,4.380155582637277,4
2031,1959,4.0,2
2031,2908,3.4533015267204146,4
2031,3429,3.9518807294843206,4
2032,1833,4.374613550340635,5
2038,260,3.956494204750858,5
2038,906,5.0,5
2038,1019,3.747992537411923,4
2038,1197,3.9270719649031283,4
2038,1267,4.318730405552051,5
2038,1294,4.104400049292303,4
2038,1952,4.2886208550984435,5
2038,2463,4.025740948424886,4
2038,2671,3.796040047659844,4
2038,3068,4.1435186513369,4
2038,3475,4.498822736804879,4
2039,750,3.901960933897526,4
2039,3836,3.586990620808475,2
2040,1617,3.3972126175326096,1
2041,11,3.866025938869951,3
2041,296,3.759442105408795,4
2041,588,3.641250257697326,4
2041,911,3.82010578149056,4
2041,912,3.9620534130383227,5
2041,931,4.551238445121427,4
2041,950,3.9253756080484075,5
2041,1307,3.6152266427367556,5
2041,1573,3.658992149227367,4
2041,1617,3.8234191240733124,5
2041,1653,3.797439784898234,4
2041,2011,3.51579673822691,2
2041,2103,3.0,2
2041,2424,3.620357780118575,5
2041,3723,3.0,4
2042,160,3.1701992317495082,1
2042,1127,3.4784367602908377,3
2042,2012,3.33176651435669,3
2042,2161,3.4384931017297338,4
2042,2407,3.39745758660724,2
2042,2525,3.0,4
2042,2987,3.4876292371371798,4
2043,785,3.1806574498876525,3
2043,3717,3.250582242658799,3
2044,673,2.0,3
2046,1976,1.0,1
2046,2973,4.176126172870562,5
2047,1693,3.0,4
2047,2692,4.2679746470003534,5
2047,3324,3.0,3
2047,3408,4.178082246181176,4
2048,541,4.552315941397403,5
2049,955,4.489079948497288,4
2050,1042,3.7855504531227955,3
2050,2313,4.459931599455005,5
2050,2759,3.9965944247793788,3
2050,3159,3.0,3
2050,3513,4.0,4
2051,11,4.468883929430702,5
2051,227,3.4998944878470644,2
2051,874,3.0,1
2051,1466,4.110391635128832,5
2051,1589,4.013296183824959,2
2051,1769,3.41026653861489,4
2051,1858,4.0,3
2051,2580,4.188276345086512,4
2052,2683,3.1787765997798227,4
2052,3285,3.0,1
2054,260,3.7814518250006337,5
2054,349,3.698892754420265,4
2054,3175,3.9521116794250153,5
2054,3468,3.612503226990811,4
2055,2633,5.0,5
2055,3421,4.255241972730666,5
2056,923,4.625040408823741,5
2056,1208,4.455465771356669,5
2056,1375,4.044962489201982,2
2056,1722,4.037269523319852,3
2056,2628,4.345541334910654,4
2056,2640,4.371122909106744,4
2056,2792,3.999781094609345,5
2056,3002,3.0,4
2057,409,3.0,4
2058,908,3.9025161184685127,4
2058,2605,3.069450260156643,3
2059,431,3.0,5
2059,1196,3.8794409515028425,5
2059,1732,3.8538434913717206,1
2059,2762,3.770685482387663,5
2059,2858,4.0636701939897995,4
2060,1500,3.5526226429599013,3
2060,3316,3.0,4
2060,3476,3.7839076059263386,2
2060,3785,2.605168384050745,4
2061,1259,4.146985375952861,4
2063,47,3.4233200698570667,4
2063,174,2.893592757290562,2
2063,184,3.0,4
2063,233,3.0,2
2063,305,3.0,3
2063,374,2.8024950572475125,2
2063,418,3.0,3
2063,546,2.6313474961950636,1
2063,592,3.285221659981784,4
2063,647,3.215088515742892,2
2063,648,3.261840203079833,3
2063,671,3.4055624038131116,2
2063,714,3.0,4
2063,805,3.1550659830196666,2
2063,836,2.0881746751196357,2
2063,1370,3.2066738841996365,3
2063,1457,2.952544915769248,2
2063,1518,2.4808361233583285,3
2063,1527,3.2738504932442893,4
2063,1623,2.0,3
2063,1713,2.468685636651325,2
2063,1916,5.0,4
2063,1970,2.697587060259286,4
2063,2011,3.2314377084016517,4
2063,2106,3.0,3
2063,2109,3.328202579177891,4
2063,2119,3.0028931583872915,3
2063,2350,3.0,2
2063,2371,3.000474239019656,3
2063,2822,2.6778154685029003,3
2063,2951,3.5425058016293964,4
2063,2956,3.0,2
2063,3017,2.3705040170648846,2
2063,3264,3.2841376568977223,4
2063,3300,3.7752535342296536,4
2063,3316,3.0,1
2063,3764,1.5031319892882093,3
2063,3802,2.738522781981392,2
2064,230,3.6533092399472573,4
2064,1644,2.7618109357195233,2
2065,2028,4.710578687659894,5
2066,3246,3.0,2
2067,1081,3.823008956243418,3
2067,1291,3.465091317810715,4
2067,1376,3.706530556424393,4
2067,2118,3.4731708012191436,5
2067,2551,3.0,3
2067,3088,3.85178005277835,3
2069,1783,3.0,4
2070,1573,4.453340659404147,3
2070,2501,4.915208510559118,5
2070,3317,4.78582396892274,5
2071,1022,3.556906833798394,3
2071,2000,3.5117877725761732,3
2071,2005,3.529830348085955,4
2071,2018,3.5360598813392006,3
2071,2056,3.0,4
2071,2871,3.6489344597260662,4
2071,3175,3.0986852377563894,3
2072,930,4.525592703734738,5
2072,2143,3.0,4
2072,2184,5.0,5
2072,2266,2.9885910922016445,4
2072,2917,4.398337833386869,3
2073,58,4.5003368826865975,5
2073,307,4.0,4
2073,596,4.2578125770399335,5
2073,613,3.0,4
2073,733,3.6918024515146852,2
2073,1035,4.282886314188682,5
2073,1042,4.4319862336649205,4
2073,1089,3.849891155778062,4
2073,1161,3.0,5
2073,1885,4.256600115779302,5
2073,1935,4.495076442270209,5
2073,2276,3.0,4
2073,2369,3.4687554089388435,2
2073,2463,3.6542214486115108,4
2073,2720,2.0,1
2073,2941,4.717644408052207,5
2073,3111,4.587439288023533,4
2073,3147,3.538993451538127,5
2073,3556,5.0,5
2076,2858,3.580305110035993,5
2077,296,3.9653136260961857,5
2077,466,3.2039732564271004,3
2077,653,3.1507668533648787,1
2077,1230,4.239468279963552,3
2077,1544,3.422129718861857,3
2077,1753,3.0,4
2077,1976,2.4092778547195843,1
2077,1977,3.0000000000000004,2
2077,2042,2.1390566181587656,2
2077,2058,3.645481206041941,4
2077,2375,3.1820000541842,3
2077,3113,3.327210191164822,1
2077,3269,2.701989120826522,4
2077,3810,3.0,4
2077,3835,3.0,2
2078,1635,3.9349097658158962,4
2078,2045,3.0,4
2078,2174,3.7104227470486078,3
2078,2797,3.636886656830293,4
2078,3809,3.7366928163764137,2
2079,2011,3.746494319929959,5
2079,2194,3.7834093757350384,4
2079,3113,2.8677378471573833,3
2080,1196,4.479480451495112,5
2080,1230,4.374642557911171,5
2080,2028,4.5235346353263965,5
2081,3328,3.0,1
2082,457,4.430741223629032,4
2082,2432,3.0,3
2084,593,4.073344316512075,5
2084,1704,4.02859092192819,5
2084,2353,3.913828081254874,3
2085,410,3.776594534633111,2
2085,603,3.0,4
2085,1822,3.0,2
2085,2012,4.022260539992717,3
2085,2296,5.0,3
2085,3052,4.4394125787064995,5
2086,1097,3.9992981377740033,5
2088,680,3.0,3
2088,941,3.0,5
2088,1049,4.239429464287586,5
2088,1210,4.245178092897128,5
2088,1240,4.211459346077698,5
2088,1374,4.1134503213571705,5
2088,1391,3.981101948865637,4
2088,2300,4.6303212534151355,5
2088,2723,4.530907612648508,5
2088,2944,4.484674137863835,4
2088,2986,3.875381047784441,3
2088,3062,4.658690920292836,5
2088,3467,4.696692915650365,4
2088,3471,4.266438265901907,5
2088,3578,4.5004353274039754,5
2089,3535,4.0,5
2090,153,3.943083408754557,4
2090,181,3.0,1
2090,592,4.062243561347306,4
2090,694,3.4931675728165676,4
2090,1100,3.7862085124422737,3
2090,1297,4.346388642316967,5
2090,2194,4.204018879361601,4
2090,2402,3.713522953634794,3
2091,2366,4.3431423295890275,4
2091,2617,4.276930706937049,5
2091,3107,4.157087837071363,4
2092,349,3.4843056920585944,4
2092,456,3.0,4
2092,736,3.380997617960522,1
2092,905,4.165878699124462,4
2092,911,3.851656878599051,3
2092,994,3.888776487397325,4
2092,1222,3.7291150350925166,5
2092,1226,4.333851073866644,2
2092,1275,3.323332514723906,2
2092,1729,3.7711045069505826,4
2092,2046,3.1121951200745777,2
2092,2145,3.595019772172683,4
2092,2896,2.0,4
2092,3253,3.592578195903672,2
2092,3361,3.8857128543543875,5
2092,3368,3.0,3
2092,3372,5.0,3
2092,3498,3.672616137425516,4
2092,3702,3.64697294245497,3
2092,3737,3.0,5
2092,3819,3.0,3
2093,2572,3.4164797095128017,2
2093,3213,3.0,4
2093,3791,3.0,3
2094,1252,4.031282060201147,4
2094,3168,4.388766511473053,5
2094,3272,5.0,4
2095,2669,4.0,4
2095,3948,4.120828919294009,4
2096,1277,3.0,5
2096,1906,3.0,1
2097,1206,3.5790120343525933,4
2098,79,1.0,2
2098,288,3.5741678303295252,3
2098,426,2.829373178801584,4
2098,1339,4.11361752498405,3
2098,1370,3.5520709020751196,4
2098,1645,3.5538290377585664,5
2098,2338,2.695068376228332,1
2098,2529,3.990877440036965,5
2098,2628,3.8835991983053617,5
2098,3005,3.6929786662278263,2
2098,3481,4.074315738645756,3
2098,3793,4.059642784314916,5
2100,13,3.654887559529353,3
2100,164,4.0,1
2100,252,4.0,4
2100,527,4.15268553972168,4
2100,1030,4.004373923922585,3
2100,1367,3.0,3
2100,2058,4.032760835925012,4
2100,2278,4.085147658500157,2
2100,2321,3.785443290469064,5
2100,2331,3.0,2
2100,2396,4.076608149254958,3
2100,2858,4.0658302844730665,3
2100,3565,3.0,4
2101,1219,3.5303941730007424,4
2101,2872,3.205749846035327,4
2102,180,3.023632798744932,1
2102,259,3.0,1
2102,319,3.8102349286168002,3
2102,367,2.887479781555051,3
2102,410,2.107825422262008,1
2102,527,3.4237496458596017,5
2102,543,2.8994952854820992,3
2102,2423,2.63243768664114,2
2102,2642,2.3554252644124265,1
2102,2759,2.9772681436027533,4
2102,3174,3.6364992308323636,1
2102,3255,2.8389944132437437,4
2102,3441,2.5611910167295115,1
2102,3868,3.199368972478944,4
2103,2770,4.067621530083733,4
2104,2011,3.0472476452920967,2
2105,587,3.29238994286481,2
2105,788,3.3306623105759625,2
2105,1704,3.602445018039655,4
2105,1876,3.1415219716439307,4
2105,2473,3.1151333153488903,2
2105,3274,2.7627594032835856,3
2105,3499,3.548576521243895,3
2105,3701,3.31511389142058,3
2106,79,3.0,1
2106,173,1.5831310096358486,1
2106,207,2.1755244965891367,2
2106,289,2.0876201132961065,2
2106,499,3.0,2
2106,536,3.0,4
2106,586,2.0652636777923346,3
2106,802,2.0875500794940764,1
2106,881,1.0,1
2106,1103,4.081810057371622,3
2106,1356,2.183892537011372,2
2106,1396,2.6839045345015577,2
2106,1515,1.3327814027846279,3
2106,1544,2.3290107949634726,1
2106,1883,2.9891001421310586,3
2106,1888,2.386441232122923,2
2106,2124,1.952071503676429,1
2106,2316,2.157126496153057,2
2106,2335,1.7283968528917504,1
2106,2355,2.705497221735266,3
2106,2393,1.7313901426938723,1
2106,2408,1.541687463700526,1
2106,2552,2.0,1
2106,2598,1.8844491506143362,2
2106,2617,1.879241685426322,1
2106,2890,3.0858175740546048,4
2106,3125,3.0,3
2106,3259,1.998089023445868,3
2106,3362,3.6662376873462,4
2106,3481,3.3357618552512873,3
2109,25,3.3886429446879496,4
2109,63,3.242652412616954,2
2109,70,3.121281175575289,1
2109,89,2.3177704634135736,4
2109,203,3.0,1
2109,786,2.9803318029571555,3
2109,1269,4.246794989314118,4
2109,1998,3.0,1
2109,2367,2.890805275832739,1
2109,2654,3.87797622338458,5
2109,2664,3.704865999194557,5
2109,2793,3.009585238395973,3
2109,2805,2.9826928946049933,4
2109,3264,3.0891673823716777,1
2109,3535,3.0,3
2110,592,3.651828232328214,4
2110,1374,3.1346823710424325,3
2110,2006,3.7404629965759653,4
2110,2915,3.6395317507270195,3
2110,3869,2.6769541608172127,1
2112,2599,3.4212791826534144,2
2113,1035,4.457639010504328,4
2114,163,4.00125784025811,3
2114,349,3.9752152325869887,4
2114,2628,3.6260044678215335,3
2114,2762,3.718128644314785,5
2116,166,3.0,2
2116,267,3.3319656691190573,3
2116,339,3.835657056964258,4
2116,707,3.0,3
2116,986,3.0,3
2116,1445,2.9950591149566224,2
2116,1479,3.7485455953755453,4
2116,1610,3.944962607790659,5
2116,1615,3.5711281176867224,4
2116,1632,3.0,2
2116,1687,3.429651593343812,3
2116,1722,3.892981064101506,4
2116,1954,4.013465093581613,4
2116,2003,3.9116444944680837,5
2116,2082,3.646287328924246,3
2116,2302,3.9682471431806277,4
2116,3072,4.0808030251082075,4
2116,3507,4.20845115347074,3
2116,3536,4.356410670299702,4
2118,2395,4.673392507202093,5
2118,3210,4.524129880499659,4
2119,608,3.7331250754712024,4
2119,750,3.824097170289539,4
2119,1090,3.806549010931657,4
2119,3498,3.0,5
2120,733,3.6223434795630296,3
2120,1370,3.6724840436348924,3
2120,1517,3.779336564133986,5
2120,2762,3.399969487535288,4
2121,908,4.076259092085512,4
2121,930,3.976018503565228,4
2121,952,4.768672437183104,4
2121,964,3.0,3
2121,3643,3.0,3
2122,1231,4.239374297570073,5
2122,3108,3.783281287799942,1
2123,207,4.3334062559207585,5
2123,2558,4.482210176463416,4
2124,246,4.68258867917753,4
2124,527,4.434646683086975,5
2124,858,4.46384046944685,5
2124,1200,4.287585107009419,3
2124,1267,4.604709693094111,4
2124,1378,4.0965411200526125,2
2124,1673,4.4128169190026085,5
2124,1883,4.4129069480305905,5
2124,2018,4.558193115143293,5
2124,2025,3.0,4
2124,2430,3.0,5
2124,2662,3.850384387932333,5
2124,2852,4.52744010804894,5
2124,2858,4.345436647918816,5
2124,3350,3.0,5
2124,3418,4.334837980091151,5
2124,3549,4.486537794545322,4
2125,6,4.008426914181188,5
2125,232,3.0,5
2125,2090,3.910964867563919,3
2125,2571,3.971656119957754,5
2125,2640,3.840558023525194,4
2125,3185,3.0,3
2125,3863,3.7603562493006435,5
2126,2009,2.899170879968903,3
2126,2346,2.846923275450415,2
2126,3527,2.9234868747792944,1
2127,377,3.089958093587272,2
2127,593,3.331087623658111,5
2127,953,3.0794530734696446,2
2127,2379,2.9636043894427497,2
2127,2424,3.043993600736646,5
2128,1210,3.5606358787630983,5
2128,2858,3.4981268475893272,5
2129,187,3.0,4
2129,1093,4.188706415223267,2
2129,1210,3.9235915471741745,5
2129,1717,3.194607430776555,4
2129,2433,3.7458312536111897,2
2129,2861,3.0,2
2129,3357,3.0,3
2129,3527,3.8734137067519963,3
2129,3534,3.0149911711168023,1
2129,3831,3.0,3
2130,3173,3.0,3
2131,435,3.0601796807926016,4
2131,1213,3.956223411466469,4
2131,1603,3.3107678763336086,4
2131,2456,3.223244678791278,3
2131,3555,3.919819997178639,4
2133,1580,3.2506682601449737,4
2134,2791,3.8575647224825604,4
2136,1608,4.107129996503352,5
2136,3176,3.935445895046929,3
2136,3484,4.0,3
2137,435,4.095091940332624,4
2137,3156,3.0,4
2139,356,4.227017567340511,5
2139,2018,4.0,3
2140,480,3.9151767290865562,4
2140,1270,3.8927092113816784,4
2142,36,4.018901232309294,4
2142,1580,3.7819975404902624,3
2142,1617,3.920106582212169,5
2143,1356,3.031180251679522,4
2143,1429,3.4381101793966344,3
2143,2248,3.8186897642144473,4
2143,2422,2.588010608163128,1
2143,2490,2.8991708315207507,4
2143,2916,3.2198886296195623,4
2143,3185,3.0,4
2144,1485,3.7103315380112867,3
2144,1986,2.7968219571189645,4
2144,2119,2.8024784074240965,3
2144,2449,3.0,3
2145,519,1.5531902689388355,1
2145,1219,4.743647281879939,5
2145,2327,2.0,4
2145,3703,4.112490529475511,4
2146,2363,3.7562940248859835,3
2146,3624,3.5331466698565235,3
2146,3763,3.5693059173599124,4
2147,293,4.081898790629824,4
2147,296,4.055615157313367,5
2147,364,3.7540121837971814,5
2148,356,4.08516393125986,5
2148,367,4.067404574151015,3
2148,785,4.023750588027354,4
2148,839,3.0,3
2148,1917,4.012760954459076,4
2148,3300,4.502405828346787,4
2148,3864,3.0,5
2149,1249,4.548754393186253,4
2150,196,3.6797980258715146,2
2150,1995,3.7347970911396215,4
2150,3418,4.0211386875968405,5
2151,1280,3.0,5
2151,3936,3.0,3
2152,3753,4.0317259495188535,4
2153,141,3.636168718655773,3
2153,562,4.311643721740318,2
2153,708,3.7658014237718813,2
2153,2858,4.256967627714456,5
2153,3006,4.384689393649547,5
2153,3361,4.232925767136193,4
2155,2026,4.638870253149532,5
2155,2995,4.7094231878571975,5
2155,3838,3.0,5
2156,432,3.064988232504403,2
2156,588,3.5066110639913064,4
2156,1356,3.300095433598586,4
2156,1653,3.6424131813080254,4
2156,2160,3.730331033290585,2
2156,2450,2.9531356340456885,2
2156,3448,3.6267943332027373,3
2156,3930,3.0,3
2157,1294,3.947562648322088,4
2157,1339,4.081814153961635,3
2157,1909,3.318893697216705,4
2158,2318,2.645687481864144,3
2158,3421,3.8658467412861466,4
2162,1,4.12821250295258,5
2162,125,4.679631318150739,3
2162,564,3.0,4
2162,1219,4.236818250563042,3
2162,3253,4.142304814052711,5
2163,1597,4.647034514852922,4
2163,1722,4.560433220199642,5
2164,1682,3.810737954431004,4
2164,1968,3.9804743910738765,4
2164,3274,3.585987290008305,3
2164,3420,3.0,3
2165,517,4.037398154225589,4
2165,1275,4.233967760717884,5
2165,1374,4.084064233311874,4
2165,2716,4.109356108327784,3
2165,2989,4.230088860697323,4
2165,3082,4.053232107200915,4
2165,3404,3.0,5
2166,2006,4.138633908368247,5
2166,3208,3.669618820302517,2
2166,3452,5.0,3
2167,1374,2.7079855001806585,3
2167,2094,2.596946579840839,1
2167,2140,3.268468085660622,1
2167,2456,3.1261639378792005,3
2167,3638,3.2782722002689315,5
2167,3664,4.289262815038942,5
2168,317,3.839131442578621,1
2168,500,3.9285744066336363,3
2168,635,3.0,4
2168,637,3.1735322049945274,4
2168,1136,4.443180061368825,5
2168,1199,4.538082297174021,5
2168,1673,4.325497163905845,3
2168,1883,4.1714922815307185,5
2168,3354,3.839082481652576,3
2168,3624,3.2757023063498645,4
2168,3745,3.47567832168853,2
2170,1225,4.482004187840291,5
2172,185,2.6121014490579113,1
2172,293,3.597278474719532,5
2172,516,1.4973718726278287,3
2172,1097,3.391374743995625,2
2172,1199,3.1566979560228705,4
2172,1205,3.0,3
2172,1408,3.3586083031543996,4
2172,1608,3.1271762758268147,2
2172,1923,3.3861599919451613,3
2172,2085,3.0867512718669414,2
2172,2369,3.1313171705788996,2
2172,2571,3.320319367243295,3
2172,2706,3.0383446328541104,2
2172,2759,3.959575478097974,3
2172,3081,3.0005899931843407,3
2172,3868,3.4090929248600514,2
2173,994,3.9339061559789243,5
2173,1271,3.543952161111243,4
2173,1272,4.062023889583455,5
2173,1320,3.5111458476114903,4
2173,1678,2.9991407101756846,4
2173,2276,3.0,4
2173,2312,4.206198383041484,4
2173,2866,5.0,2
2173,2919,4.029102742102451,5
2173,3360,4.057752238667434,4
2174,1094,3.8362705900523593,4
2174,1639,3.664608618079075,5
2174,1735,3.490570223254464,4
2174,2437,3.0,3
2174,3163,3.0,3
2174,3893,3.81332156097713,3
2175,316,4.295565385303028,4
2175,480,4.215578274347112,3
2175,1079,4.415224447623496,5
2175,1291,4.26204395443853,5
2175,1488,4.014493179709565,2
2175,1954,4.244437173179929,5
2175,2978,3.0,4
2176,69,4.0,3
2176,1084,4.784653609748176,5
2176,1924,3.0,4
2176,2427,4.505047295837841,4
2176,2572,4.202284211720127,3
2177,969,3.915943228573594,4
2177,2761,4.085548038675273,3
2178,1090,4.405376954035357,5
2178,1225,3.932757635412493,5
2178,1354,3.99277433707142,5
2178,2194,3.9147446144558318,4
2178,2289,4.535704956046451,4
2178,2852,4.330762963321434,4
2178,2872,4.256100206012657,4
2178,3879,3.0,2
2178,3948,4.405433680552819,3
2179,1769,2.0,2
2179,2688,3.475243254686622,3
2179,2858,3.5882367908070827,3
2179,3249,3.0,3
2179,3512,2.972607469513408,4
2180,379,3.24542955732504,2
2180,1127,3.1821997634148596,3
2180,1200,3.4957598415528253,3
2180,1688,3.3991228379797223,3
2180,2054,2.9751288512621707,1
2180,2137,3.3851831052595442,3
2180,2140,3.3720482501376443,3
2180,2373,3.4006071624038614,5
2180,3287,3.0,2
2181,11,3.681980079512988,3
2181,58,2.838532263527524,4
2181,356,3.6654659605183917,1
2181,673,2.97824754659173,2
2181,913,4.255867605150372,5
2181,1005,2.3994920195355123,2
2181,1320,3.3534409486501646,4
2181,1580,3.521772603964859,3
2181,1688,3.299264109050586,4
2181,1924,4.002552666732957,5
2181,2006,3.4163154975440695,4
2181,2100,3.7312858258151245,3
2181,2155,3.5960912753872174,3
2181,2161,3.457325772656823,4
2181,2469,3.679525713805312,3
2181,2600,2.507476598627396,3
2181,2611,3.0,3
2181,2628,3.539910070851799,5
2181,2660,3.502864803870854,5
2181,2713,2.821266435551559,1
2181,2719,2.831737484293395,1
2181,2853,3.0,3
2181,2935,4.482219855743345,3
2181,3032,3.4558828745226724,2
2181,3190,1.0,1
2181,3699,3.619333042740083,4
2181,3770,2.6378894189416098,3
2181,3917,3.5321944413251543,1
2184,2976,4.499491939736659,4
2185,541,4.295808448478251,5
2185,838,4.386395381322173,4
2185,1299,4.624326367810001,5
2185,3814,5.0,5
2186,1049,4.078860690420969,4
2186,1379,4.17489930520742,5
2186,1431,2.539240720606238,3
2186,1917,3.9098059099974987,5
2186,2046,3.990065804662943,3
2186,2353,4.082156532818917,4
2186,2527,4.039024914621288,2
2186,2817,3.0,1
2186,3638,3.890072559472388,4
2187,349,3.8860536181422485,5
2187,454,3.832237143768863,4
2187,708,3.7808994533008855,3
2187,1693,3.0,5
2188,89,4.0,3
2188,248,3.0,3
2188,319,3.780915430984566,2
2188,543,3.114326629045246,5
2188,555,3.4456501161117172,3
2188,595,3.333463261683321,3
2188,1209,3.0,5
2188,1884,2.4884585553589704,4
2188,2006,3.1027904716889245,2
2188,2072,3.195586405896121,3
2188,2077,3.0,4
2188,2081,3.276404056830283,3
2188,2114,3.244043517177663,3
2188,2167,3.013535029665595,2
2188,3860,3.0,4
2189,2908,2.5266427923671833,3
2190,296,4.257399250398437,4
2190,1097,4.241895121665349,4
2190,1214,4.146343236806599,4
2190,2826,3.992200933724084,1
2191,2501,3.685104485019041,4
2192,1242,4.120837674523061,5
2192,2396,4.140714137874038,5
2192,2617,3.7275929614801577,3
2192,2915,4.1584987748658095,4
2193,3298,4.33673967815839,5
2194,2194,3.098568131777093,4
2195,34,3.705984035091471,1
2195,1017,2.9708612515458848,4
2195,1097,3.570987931829381,2
2195,2080,2.701659582370952,1
2195,2125,3.643592469317151,5
2195,2617,3.966027552267198,5
2195,3034,1.5544898613379876,2
2197,3893,3.861195024501036,4
2199,2555,3.0,1
2199,2575,3.0,5
2199,2581,3.203484856956884,2
2199,2694,3.0399240254123367,2
2199,2713,2.250507852863426,2
2199,2770,3.987282390299487,4
2199,3203,3.3910171764582926,4
2200,426,3.0,3
2200,1215,3.2638806596799053,4
2200,2322,2.9787749377531783,3
2200,2672,3.1329219478866386,3
2201,541,4.6199138347199105,3
2201,1073,4.450048811882129,3
2201,3471,4.3906773850172085,4
2202,1895,5.0,3
2202,3408,3.632274025148694,5
2203,216,4.045397803628832,3
2203,327,3.2191473233787904,1
2203,589,4.327446450469927,3
2203,1009,4.321161296226662,5
2203,1049,4.124188931561093,4
2203,1226,5.0,5
2203,2366,4.386409205161945,4
2203,2373,4.02095393838397,4
2203,2381,3.614898305147267,2
2203,2716,4.138382273293387,5
2203,2807,3.0,2
2203,2822,4.3236489939008615,5
2203,2949,4.413457971927733,4
2203,3633,4.097691630564323,3
2203,3807,4.0,4
2204,1008,3.0,3
2204,2454,3.6701376663564185,4
2205,372,2.7950258138842106,3
2205,441,3.2642072876159993,5
2205,549,3.0,3
2205,594,3.409314350422639,3
2205,950,3.991138747433262,5
2205,1387,3.242548214624891,5
2205,1394,3.4201219832368466,5
2205,2011,3.0818948920251215,3
2205,2110,2.945036815522912,2
2205,2700,3.3407063248167703,2
2205,2791,3.435980845392942,4
2205,3112,3.0,2
2205,3263,2.887625693279866,2
2206,288,3.9432338491008134,3
2206,529,4.385076500053725,4
2206,1377,3.4337585247362705,2
2206,2356,4.0,3
2208,88,2.724226894083573,2
2208,348,3.9305505094499464,5
2208,695,3.0,3
2208,1923,3.7730368284077462,5
2208,2054,3.5023962601013476,1
2208,2291,3.9801604192165807,5
2208,2338,1.0,1
2208,3129,3.497987340950114,4
2209,1198,4.267379318975423,3
2211,900,4.26779311849896,3
2211,1019,3.9376271720814313,4
2211,1210,4.065596695420457,4
2211,1222,4.011362495488643,4
2211,1952,4.224290658801321,4
2211,3060,4.216932386465733,4
2212,785,3.804196754171023,2
2212,3596,3.0,3
2212,3755,3.314853083870066,2
2213,266,4.0,4
2213,1248,4.0038127672606265,5
2214,1597,3.9339460661797685,3
2214,2718,3.0,3
2215,265,3.774302490186122,4
2215,482,3.0,5
2215,589,3.453492134698265,3
2215,2858,3.6001076466636035,4
2216,3901,3.0,1
2218,110,3.7404825351281383,5
2219,593,3.967604735605467,5
2219,750,4.060039265927717,4
2219,3189,3.0,4
2221,1179,4.341696173400901,4
2221,1213,4.1297149734668315,4
2221,2359,4.318590242966659,5
2221,2686,4.224584355703908,2
2222,104,3.6914864099281735,5
2222,424,3.0,3
2222,587,3.6034248411760683,3
2222,3072,3.5135325911425936,5
2222,3551,3.276429355377919,1
2223,2,3.475166088020044,3
2223,153,3.2920077102486958,2
2223,316,3.4236892359487365,2
2223,1201,3.7761751789284137,4
2223,1219,3.5150838845399512,4
2223,1693,3.0,2
2223,1810,3.0878041568388217,3
2223,1833,3.0504926068572633,3
2223,2858,3.368815090288933,2
2223,3253,3.348304635954225,4
2225,10,3.3028180381455914,4
2225,377,3.4425256067975187,3
2225,1291,3.4359450855651112,5
2225,2012,3.383374378895903,3
2225,2371,3.312200959266887,4
2225,2403,3.2018662827087514,4
2225,2423,3.2145366342082475,5
2225,2797,3.522242418899055,4
2225,3060,3.7595378196323765,3
2225,3508,3.572624794443314,5
2226,296,3.8706499134453938,3
2226,2671,3.637737357040039,2
2227,21,4.22637976009201,4
2227,2194,4.250729923818219,5
2227,2455,4.206996551542163,3
2227,3633,4.999999999999999,5
2228,1518,3.821101543369882,4
2228,1968,3.5829907283952327,4
2229,2997,3.8241318220243117,5
2230,151,3.803021668881007,5
2230,168,4.0,2
2230,292,3.4680444291981534,3
2230,412,3.0,5
2230,753,3.0,4
2230,1600,3.0,1
2230,1672,3.945586327090046,5
2230,2590,3.0,2
2230,2908,2.5286441405808966,4
2231,457,3.6216109865175006,4
2231,608,3.8351623524335294,4
2231,680,3.0,4
2231,905,4.41355742880341,4
2231,936,5.0,4
2231,1252,4.004989646975544,5
2231,1295,3.52206234681281,5
2231,1960,3.777241831798856,5
2231,1963,3.8276967746790445,3
2231,2136,3.0,3
2231,2430,3.0,4
2231,2730,3.4923507035984858,4
2231,3072,3.783426825463638,5
2231,3104,3.652088108514276,2
2231,3418,3.65103669802148,5
2232,595,4.3118672739305275,4
2232,1270,4.312017973897543,4
2232,1372,4.108158997397728,3
2232,1704,4.302618080011701,4
2232,1882,3.8121087182301596,3
2232,2273,4.1494607302595465,3
2232,3578,4.326626607094069,4
2232,3615,3.0,3
2232,3770,4.279673531628319,4
2232,3852,4.0,4
2233,339,3.2735719594586214,3
2233,898,3.533631920083937,4
2233,1721,3.4408379881980564,3
2233,1959,2.9816949155324632,3
2233,2398,3.363539568509244,4
2235,356,4.063947540648085,4
2235,1042,3.906609728361632,5
2235,1390,3.0,3
2235,1777,3.9592318480965267,4
2235,2302,4.053827446903175,4
2236,1,4.462862122885861,4
2236,356,4.433107455941552,5
2236,3562,3.0,4
2236,3785,3.4375561769010137,4
2236,3821,3.0,2
2237,520,3.4873381379047173,3
2237,534,5.0,4
2237,588,3.924764244215415,4
2237,2779,4.110144202121967,5
2237,2801,3.0,5
2237,3524,4.037416005530425,4
2237,3675,4.0,4
2237,3689,3.0,1
2238,535,4.021496643602406,5
2240,924,4.330732989545261,3
2240,1240,4.318373348989011,5
2241,594,4.154966640494818,4
2241,1304,4.349270246664221,4
2241,2660,4.194611016600534,4
2242,2,3.799890144795856,5
2242,1302,3.9639779403073785,4
2242,2987,3.7400000813347836,5
2243,541,4.700619385287929,5
2243,3201,4.929659907331571,5
2243,3468,4.949433096581574,5
2244,329,3.0939141682275206,3
2244,512,1.0,1
2244,923,4.852034899023043,5
2244,1079,4.203083334298818,4
2244,3366,4.167712238020843,3
2244,3507,4.860668214772643,3
2244,3555,3.5348064980795786,5
2244,3593,3.0,1
2244,3897,4.334788332845012,5
2245,3324,3.0,3
2245,3646,3.0,3
2246,593,3.6938179151555723,3
2246,2427,3.684528369269054,4
2247,678,4.0,5
2247,902,4.173105292119823,4
2247,930,4.160999697712907,4
2247,1187,3.0,4
2247,1221,4.043753916151632,5
2247,1235,4.2172096244629,4
2247,1949,4.514191311446102,5
2247,1962,4.0415004533519,4
2247,2065,4.077435095837588,3
2247,2183,4.682254142897085,4
2247,2804,4.214718111214231,4
2247,3072,4.1379065903758105,4
2247,3176,3.9461162101944005,4
2247,3755,3.39328208542898,5
2248,364,3.902741602544723,3
2248,1022,4.352535102344844,5
2248,3546,5.0,5
2249,1208,4.369577924680467,1
2249,2294,3.482976261481975,4
2249,2858,4.409433754593215,5
2251,1196,3.804200522548959,5
2251,1253,3.9132868720314153,5
2251,1276,4.268932700192455,5
2251,1952,4.363443119443605,4
2251,2406,3.749998562847353,4
2251,2490,3.606552743464458,4
2251,2857,4.0,5
2251,2916,3.72964821990367,4
2251,3435,4.722316424610023,5
2251,3698,3.5664437647193976,4
2251,3707,3.6796174209550343,3
2251,3918,1.9664265330422008,2
2252,1196,4.280772135048167,2
2253,2641,4.248071865513657,3
2254,3256,3.7025325826669913,4
2255,1032,4.073665936687227,4
2255,1294,4.191786631947993,5
2255,1584,4.0929880714093505,4
2255,2100,4.046224633393819,4
2255,3471,4.108626423768299,2
2257,1265,3.77273361987717,4
2257,3155,3.0,3
2257,3325,3.0,2
2258,39,3.6343638334027,3
2258,374,2.7268452598545676,2
2258,532,3.517163452897016,4
2258,1022,3.6748787144123853,3
2258,1088,3.723547065064333,3
2258,1258,3.772876393498953,4
2258,1597,3.526876904171365,4
2258,1629,3.0,4
2258,2057,3.0,3
2258,2470,3.7306326630878517,2
2259,3872,3.0,4
2260,2396,3.5135833989870964,4
2260,2542,3.2452900900623014,4
2260,3253,3.5215174970095062,4
2261,296,4.092064583283658,5
2261,1909,3.467085557810087,5
2261,1961,4.119712833351148,5
2262,1073,3.742252239931073,2
2262,2028,3.9290699166113554,4
2263,527,3.8972123331900175,4
2263,608,3.848688078418449,5
2263,1587,3.5419212253063677,5
2263,3255,3.780045217803216,3
2263,3275,3.0,4
2264,105,5.0,4
2264,230,3.9999138046130933,4
2264,491,4.347550924157559,4
2264,802,4.005304935566572,3
2264,849,3.5510860149494397,3
2264,1206,4.007858535613843,4
2264,1409,3.004249085998673,3
2264,1982,3.6712381334073063,4
2264,2640,3.5087339167311105,4
2264,3608,3.598727542605533,2
2265,885,3.0,4
2265,1127,3.6697930474203657,5
2265,1792,3.57979660469654,3
2265,3624,5.0,5
2266,2333,4.509096811955932,3
2266,2570,3.0,4
2267,1097,3.74285505575228,5
2267,1186,3.6245300676937915,3
2267,2988,4.021886202687556,4
2268,39,4.262895411661238,4
2269,2770,4.247179050589965,4
2269,3328,5.0,4
2270,329,3.7309656247498233,4
2270,480,3.7968364184876253,5
2270,541,3.905690469390833,3
2270,2013,3.8592049696683404,3
2270,2594,3.0,4
2270,2628,3.924197792616526,4
2271,161,4.244390328073495,4
2271,553,4.251872369325486,4
2271,555,4.2327858551668776,4
2271,898,4.625771844836986,4
2271,1394,4.02965404563695,4
2271,3062,4.331647015036347,4
2271,3108,4.303150629891515,3
2272,1527,4.433732911649923,4
2273,1010,3.0,4
2273,1429,3.5041619844870233,4
2273,2791,4.037456039565136,5
2275,3219,4.435972204307827,4
2276,1747,4.513232620010043,3
2277,2567,3.471930639297766,3
2278,2683,2.670143096046367,3
2278,3160,2.25823439460815,2
2279,912,4.431131690174656,5
2279,1090,4.184031113368254,4
2279,1258,3.9548831365166395,3
2279,1291,4.070703537319605,4
2279,2405,3.6962638537386736,4
2279,2529,3.8302359823712595,4
2279,2668,3.866993865200755,3
2279,2900,4.0,3
2279,3210,3.767092045010919,4
2279,3551,4.454838895949051,4
2279,3871,4.491651655029208,4
2280,82,3.0,4
2280,3811,3.0,4
2282,420,4.128082185555897,4
2282,736,4.2075503570838775,4
2282,880,4.207924298949137,4
2282,1627,3.0,5
2282,2454,4.744086695956206,4
2282,3821,3.0,3
2284,1573,4.103079856158381,3
2285,1277,3.0,3
2285,1704,3.944700608338788,5
2285,2169,3.0,3
2286,1617,3.970738025500309,4
2286,1729,3.783665618729496,3
2286,2770,3.7372557722581807,2
2288,357,3.068144142070841,3
2288,1095,3.9054495213778164,4
2288,1204,4.056840002463546,5
2288,1375,2.7166808972348813,3
2288,1640,3.0,1
2288,1917,2.361227791827117,1
2288,2268,2.9208730364256277,2
2288,2541,3.212009682570511,2
2288,2664,3.8276051103666378,4
2288,2997,3.558825505351123,4
2288,3566,3.0,3
2288,3725,3.0,2
2288,3897,3.4395578938789546,4
2289,1014,3.0,5
2290,62,3.6601609917267117,3
2290,260,3.484547089840737,3
2290,595,3.525427433172674,3
2290,3471,3.3788318413036844,3
2291,1375,4.055335664249037,4
2293,914,4.562034797069438,5
2293,935,5.0,3
2293,1387,4.4978477082689166,5
2293,1464,4.0,3
2293,2919,4.7470958722556595,5
2293,3873,4.447331252086605,5
2294,913,3.986439322480635,5
2297,2826,3.0,1
2298,110,4.023063285247666,5
2298,480,3.8479548903928307,4
2298,2759,4.66269955304627,3
2299,1196,3.474946199543184,5
2299,2613,4.000534718005168,1
2299,3802,2.9815823515996436,3
2301,2291,4.240148491725336,3
2302,1253,3.987584263475001,5
2302,1792,3.6963226296700715,3
2303,1196,4.2953470129425275,4
2303,3160,4.296476787607951,4
2303,3366,4.177574013272363,4
2304,293,4.208906679222881,5
2304,332,3.46932806042947,3
2304,786,4.022467625891696,5
2304,1270,4.026216292943052,3
2304,1302,4.027398902445239,4
2304,1556,4.112926592110527,3
2304,1689,3.0,4
2304,1707,3.0,4
2304,2021,3.7903241563461796,2
2304,2121,3.920197904507752,4
2304,2322,3.7185960571277104,3
2304,2662,3.8665076169600994,4
2304,2890,4.109620114294892,4
2304,2997,4.184849222493252,5
2304,3035,4.037785689543993,4
2304,3190,4.0,3
2304,3624,3.8551511779567527,3
2304,3699,3.9993777700903306,5
2304,3717,3.610311256566346,4
2305,2683,3.49353140184235,2
2305,2861,3.0,2
2305,3178,4.0,3
2305,3450,3.4811500564595295,4
2306,2943,3.0,4
2307,524,4.3006180890213335,4
2307,1095,4.800989226960679,5
2307,1586,4.446069638689553,3
2307,2291,4.628265608686733,4
2307,3893,4.999999999999999,4
2308,260,4.611665511359911,5
2308,2394,3.8188560929597113,5
2308,2598,4.314015510053147,5
2309,1944,3.4186398485591774,3
2309,2145,3.5245929910131486,3
2309,3155,3.0,4
2312,1968,3.609187223178977,3
2312,2455,3.883325511314322,4
2313,1193,4.807320192503014,5
2313,2533,4.451111651905259,5
2316,165,3.4694226715710523,4
2316,1262,4.2219568511334105,5
2316,1707,3.0,3
2317,3717,5.0,4
2318,2133,1.9703688184948367,3
2319,455,3.0505524396896506,4
2319,1097,3.918896790254293,5
2320,357,3.6426876516405886,4
2320,2002,3.1033328268048765,4
2321,3253,4.001138573683331,3
2322,2688,3.332734292173503,4
2322,2908,3.4576012478965144,2
2323,1042,4.306890748007332,4
2323,3052,4.018870086835015,4
2323,3550,3.7855413751456033,2
2323,3930,3.9793126569252886,3
2324,800,3.884907541355223,4
2324,994,3.6703258071741978,5
2324,1358,4.275618133921945,5
2324,3471,4.143388868556255,3
2326,1440,3.0,3
2330,908,3.189800917957849,5
2330,1210,3.23875842182106,4
2330,1262,3.4913656922329195,5
2330,2099,3.0,2
2330,3471,3.1210659960935625,5
2330,3936,3.0,2
2331,1193,4.476555291710061,5
2331,2070,3.0,5
2331,2771,3.0,4
2331,3176,3.5182826560574654,4
2332,3916,2.0,3
2333,593,3.9242976049229115,5
2333,1517,3.8142634300948974,5
2333,2571,3.802949342099183,2
2333,2710,3.828908741818894,2
2334,62,3.854281817566314,4
2334,372,3.386148368860279,3
2334,869,3.0,4
2334,1959,4.020002168719787,5
2334,1960,3.953018987508408,4
2334,2805,3.0,4
2334,3062,3.894014250102079,4
2334,3341,3.0,3
2334,3469,3.999548384932989,4
2334,3705,4.0,3
2335,1127,3.2690111253771117,1
2338,1162,3.0,3
2338,1252,4.179560029495347,4
2338,1253,3.9675879750283727,4
2338,1299,4.266289827328137,5
2339,356,5.0,5
2340,32,4.35187509757638,5
2340,360,3.0,1
2340,1235,4.769223092266933,4
2340,1300,4.521994374011612,5
2340,1777,4.178491423644727,4
2340,2395,4.517172083812152,5
2340,2683,4.6267731877340745,5
2340,2712,4.563023138110273,5
2340,2772,4.0,3
2340,3141,3.0,4
2340,3893,5.0,5
2341,480,3.3048214543617567,5
2341,2336,3.389828085610897,2
2342,3424,3.9038383497312727,2
2344,34,3.5281703434679126,2
2344,849,3.4792303517994654,3
2344,1214,3.4159104700876495,3
2344,2710,3.671480873981633,3
2344,2723,3.4352002494936578,1
2344,3421,3.650371757639857,4
2344,3698,3.6421325283738164,3
2347,1221,4.178021229526939,3
2348,1127,3.119404602185479,2
2348,1246,3.5602902215204306,4
2348,2287,3.9856616318197178,2
2348,3703,3.478267646613937,3
2349,1186,3.320728443076003,2
2350,1196,4.04245078603282,4
2351,1393,3.5063259175112367,3
2351,1704,3.597453782171222,4
2351,2289,3.975460240190045,5
2351,3246,2.49981728861969,4
2352,842,1.9908913978616627,2
2352,1327,2.731050585975906,4
2352,1994,2.7803012737559527,4
2352,2454,3.570696936597445,5
2353,858,3.659717407274136,5
2353,1286,3.2331393174413052,3
2353,1923,3.3879061211724903,1
2353,2683,3.2941779492536547,3
2353,2997,3.3527046660717024,2
2354,32,3.755314024467433,4
2355,920,3.639898008313224,5
2355,3068,3.078177024550327,3
2356,1207,4.0,5
2357,3535,4.0,1
2357,3753,4.224794195750238,5
2358,2070,4.0,5
2358,3238,3.0,1
2359,913,4.550577079310646,5
2359,1959,5.0,4
2359,2396,4.0393109658843604,2
2360,2529,4.0,3
2361,2110,3.187848854047347,2
2361,3388,3.2892512031883947,3
2362,2694,5.0,2
2363,3409,4.0,4
2365,260,4.432607972045553,4
2365,1230,4.288855269574541,5
2367,2916,4.20771054886564,3
2368,562,3.8636394808141947,3
2368,1296,4.182214679006454,3
2368,2430,3.0,5
2368,2779,4.371610610227679,3
2368,3148,4.068324020875243,4
2370,3811,3.0,4
2371,276,5.0,3
2371,1101,3.279941598218075,4
2371,1769,3.498116878794006,1
2371,2100,3.4265370929476626,4
2374,1036,4.18251364867865,4
2374,1747,4.250092970420332,3
2374,2710,4.288864735660691,5
2376,223,3.392499394765846,4
2376,766,3.0,2
2376,1097,3.767814933902216,5
2376,1732,3.7225427341798225,5
2376,1892,2.766800023557008,3
2376,2269,2.7065555241070443,4
2376,2676,2.0,2
2376,3355,3.0,1
2376,3686,2.7358998191165944,4
2377,480,3.936682094252706,4
2377,1242,3.9769703552407396,5
2377,2804,3.6408914171949784,4
2377,3206,3.0,4
2378,500,3.3435346411071056,4
2378,1878,3.0,4
2378,2167,3.742420746540742,2
2378,2580,3.6456042703506872,4
2378,2724,3.7545613183607776,3
2378,2793,5.0,4
2378,2986,2.9567905927988725,2
2380,25,3.7077078292304417,4
2380,144,3.0,4
2380,168,3.1219635020099417,5
2380,474,3.5746889880051143,4
2380,511,3.0,2
2380,1810,3.80215283038617,3
2380,1978,1.0,1
2380,2273,3.2328729435703223,3
2380,2406,3.5728767351378585,3
2380,2470,3.5165019161604474,3
2380,2505,2.0,3
2380,2797,3.4133204097652827,4
2380,2915,3.7253323644763534,3
2380,3308,3.443499232984857,4
2380,3534,3.7629805363616655,4
2380,3686,3.2195018852555983,3
2380,3826,3.0139227813048,2
2382,2702,2.3468268320713026,3
2382,3717,3.0000000000000004,3
2383,171,3.0,4
2383,203,4.0,4
2383,316,3.316878472001731,5
2383,382,2.527678599300266,3
2383,445,3.0,4
2383,480,3.5342959685792468,3
2383,804,3.0,2
2383,898,4.07568984160723,5
2383,955,4.082001452330481,4
2383,1079,3.849213225998949,4
2383,1173,4.0,2
2383,1235,4.05270758758175,4
2383,1665,4.0,4
2383,2027,4.0,2
2383,2950,3.3268153826868327,2
2385,1625,3.0,2
2387,441,3.33139460933589,4
2387,3386,4.099428157848963,5
2389,951,4.3229103017273,4
2389,1186,3.9028911137409503,3
2389,1201,4.202416682693113,4
2389,1276,4.20051137673757,4
2389,1307,4.084472183674238,4
2389,1952,4.120638007842774,3
2389,2022,3.0,3
2389,2167,4.204431359250714,4
2389,2529,4.180439813798621,4
2389,2654,4.013067945385521,4
2389,3275,3.0,4
2389,3552,4.045735444628251,4
2390,104,4.066859501914111,4
2390,450,4.004566955608359,4
2390,1409,4.0,3
2391,1965,3.951671960852279,4
2391,3871,3.0,2
2391,3932,3.0,5
2392,3185,3.0,4
2393,912,4.218865166312955,4
2393,1193,4.234332552101537,4
2393,1214,4.032697290718555,5
2393,2034,3.4858944611041083,2
2393,3099,4.182564478283725,4
2394,2011,4.0758816126574136,4
2394,2470,4.1057500266565405,4
2395,780,3.9642313443705666,3
2395,1259,4.010924846920902,3
2395,1608,4.108149432408858,4
2395,1923,3.937469312364816,5
2395,3760,3.0,4
2396,608,4.317968124059377,5
2398,1,4.113562494707862,4
2398,24,3.527972956069886,5
2398,150,4.237887438187075,5
2398,912,4.340370833101385,5
2399,1965,4.196627507833946,5
2399,2657,3.0,5
2400,1997,3.345564586816442,3
2400,3703,3.64322986190263,2
2401,2395,4.699257670363153,4
2401,2707,4.674060239948462,5
2401,2716,4.465255307679739,4
2402,541,3.7190933802981276,5
2402,1077,3.8061601931296636,3
2402,1272,4.046571882632221,5
2402,1417,3.0,2
2402,1682,3.705493306809824,2
2402,1711,3.4338566421426058,3
2402,2020,3.765170999428634,4
2402,2023,4.0322241206173,3
2402,2473,3.2785938105786863,2
2402,2699,3.4685613920800087,2
2402,3685,3.6449542327415165,4
2402,3729,3.0,3
2403,733,3.6791577916821603,3
2403,1954,3.616535342876315,4
2403,2021,3.592265127246669,4
2403,2716,3.3687943722651794,5
2404,1265,4.079220569469062,4
2404,1377,3.928292406720738,3
2404,3438,3.729622807229728,3
2405,590,3.9514596666712043,4
2406,2375,3.7787463206314227,3
2406,3178,4.656466756206983,4
2407,589,4.090886404523856,5
2407,933,4.32147664574812,5
2407,965,5.0,5
2407,1240,4.113537998321254,5
2407,2080,4.074844799067844,4
2407,2716,3.7685178577944543,3
2407,3088,4.353732111133232,4
2407,3134,4.291014381672489,5
2407,3551,4.440272142689739,4
2408,1645,3.661609746305458,3
2409,1994,3.7412461968074657,4
2409,2003,3.784342938596199,4
2409,2028,3.992566785821997,4
2409,2130,4.091383502949313,5
2409,2858,3.995174359023543,4
2409,3844,4.0,4
2409,3852,2.0,3
2410,34,3.574663105057243,4
2410,304,3.0,3
2410,488,3.0,3
2410,902,3.7945913365823385,4
2410,1103,3.953650053083725,4
2410,2739,3.6295630428840298,4
2410,2988,3.0,3
2410,3504,3.918952679929798,4
2410,3546,3.0,4
2410,3733,3.4983892975905184,3
2411,11,3.5761015643287317,3
2411,1517,3.764269744749132,4
2411,1663,3.728709034027926,4
2411,1981,3.0,2
2411,3506,3.6925184285824457,4
2414,223,3.9681084423253,5
2414,708,4.252603988545855,5
2414,1023,4.2958933249116145,4
2414,1994,3.9724055920467305,3
2414,2137,4.4348649629846655,5
2414,3360,4.5063749544694955,4
2415,3578,3.8767995739027783,5
2416,3354,4.180327736225805,3
2417,2090,3.0,5
2417,3543,4.665967023231216,4
2418,141,3.485660126568628,3
2418,1566,2.9999999999999996,3
2419,3,3.8660265975809933,3
2419,165,3.4168919959355555,4
2419,381,3.0,2
2419,710,3.0,1
2419,1035,3.913713017184441,3
2419,1196,3.838888177924014,4
2419,1265,3.8563975084156117,3
2419,2289,4.013553457733221,4
2419,2378,3.3165887203518873,3
2419,3274,3.4993105096081356,2
2419,3597,3.0,3
2419,3852,4.0,4
2420,1275,4.574463384500926,4
2420,2916,4.531355121572339,4
2420,3173,3.0,3
2421,2288,3.2998772111135284,5
2422,1079,4.649643661767005,4
2423,587,3.9310048218531977,5
2423,943,5.0,4
2424,485,3.2905299430877313,1
2424,1049,3.382410253808886,3
2424,1274,3.1899975587690808,3
2424,2406,3.463915351368677,4
2424,3107,3.5428453684593912,3
2425,1416,3.0,3
2425,1951,5.0,4
2426,318,4.154690440956733,4
2426,1964,3.7780280937993,4
2427,364,4.172777491810906,3
2428,952,4.583273646498413,5
2429,1405,3.9849229991729813,4
2429,1584,4.376262626489282,5
2430,2371,4.744951349213785,5
2430,2795,4.8339031132949035,5
2432,2942,3.0,4
2433,260,3.911865790504267,5
2433,1210,3.9117245519935313,4
2433,3130,3.0,1
2434,593,3.7762661631321928,5
2435,1094,4.1364500286814625,1
2435,1210,3.8324628242318717,5
2435,2000,3.827889381402954,5
2435,2997,4.008848745650052,3
2436,318,3.920473963975651,5
2436,374,2.8398276305671093,4
2436,1135,3.811620762050988,3
2436,2427,4.07550166083159,3
2436,2736,4.172795958894052,5
2436,2984,3.0,1
2437,1198,3.773848999020737,5
2437,1203,3.0,3
2438,648,3.8901637131753355,4
2438,842,3.0,3
2438,1342,4.505147711380609,2
2438,2006,3.9188504255649868,3
2439,39,2.5500270885832506,2
2439,587,3.4322728094850365,4
2439,1835,3.516623897669244,2
2439,2671,3.3114854189386675,4
2440,2770,3.4767947524919585,4
2443,2424,3.6616427365270714,3
2443,2430,3.0,3
2444,2,3.9664005801944158,5
2444,531,4.0,5
2444,1367,4.0,4
2444,2613,3.0,1
2444,3034,4.070220189100089,4
2444,3499,3.6575667696822403,4
2445,839,5.0,3
2445,1270,3.9621033321299746,3
2445,1431,2.382277838181286,1
2445,2153,3.238176634002651,3
2445,2288,4.081870653854908,4
2445,3766,2.9999999999999996,3
2446,1080,4.295553629799417,5
2446,1097,4.172503779200955,3
2446,1380,4.159177367010257,3
2446,1923,4.229511579987985,5
2446,2003,4.164298532455264,4
2446,2188,3.0,1
2446,2455,4.1178532133043815,4
2447,3014,3.0,4
2448,2694,3.2945784414335715,3
2448,2859,4.0,4
2449,1965,4.4350122592986585,4
2453,61,3.0,3
2453,173,3.4908360277828363,1
2453,303,3.459758821644895,2
2453,423,3.5476728870407706,3
2453,858,3.8908934234682055,5
2453,990,3.0,2
2453,996,3.5716335453464967,2
2453,1095,3.9650775390878037,4
2453,1183,4.020373457373953,5
2453,1233,4.154700060621042,5
2453,1387,3.78768846865781,2
2453,1545,3.0,4
2453,1619,4.501777206534523,3
2453,2416,3.093393698058095,2
2453,2787,1.4898756381807843,3
2454,231,3.664588767298251,3
2454,350,3.6254297256467414,4
2454,466,3.6323245513263287,2
2454,590,3.77643056782071,4
2454,595,3.633627556650744,3
2454,673,3.59315879979499,1
2454,1270,3.655066010154508,5
2454,1597,3.675282671335454,5
2454,2006,3.686208894855646,3
2454,2144,3.3592637454592476,4
2454,2642,3.5038131920010986,3
2455,2366,3.2723884756870363,3
2456,10,3.1874029498925873,3
2456,153,2.9540472372984867,3
2456,546,2.2421884725671233,3
2456,553,3.433390743319582,3
2456,1242,3.491522391037555,3
2456,2076,3.5700668714939514,4
2456,2797,3.3923353916731642,3
2456,3358,3.413360816205689,4
2456,3441,3.1694027085522913,2
2456,3448,3.170384604497245,2
2457,415,3.0,2
2457,1256,3.629624905539117,3
2457,1339,2.9410125627760766,1
2457,1722,3.7230755036010565,5
2457,1965,3.5335939791249737,3
2457,1970,2.374559954306335,2
2457,2000,3.697967749105301,5
2457,2073,3.0,3
2457,2111,4.165312674461427,3
2457,2462,1.0,2
2457,2662,3.5748460845418135,3
2457,2791,3.5387867424512867,5
2457,2797,3.4222909572873728,4
2457,2986,3.0436993326887354,2
2457,3157,4.0,4
2457,3253,3.716381534669402,3
2457,3476,3.4597235883518063,3
2457,3543,3.4483867563073236,3
2457,3591,3.894235209215184,4
2458,2111,3.4773578635077924,2
2458,2144,3.233759328087839,4
2459,36,3.9529205509360312,3
2459,1584,3.9965743122512425,5
2461,1610,4.0076414933270845,4
2461,3450,4.085939645333699,2
2462,32,3.697545843252225,3
2462,1374,3.572480307139735,3
2462,2031,3.0,2
2462,2529,3.575929390396789,3
2462,3255,3.6028842080007055,4
2463,1197,3.620847479336699,4
2463,1240,3.564343833561457,4
2463,2194,3.0945016158031544,4
2463,2405,3.4511731056209474,3
2463,2985,2.9949183609231924,3
2463,3441,3.395121500654712,3
2463,3928,4.0,4
2464,3897,3.840938918256187,4
2465,1193,4.602150440136392,5
2465,1617,4.014292921837181,5
2465,2028,4.448740177278513,5
2465,2791,4.031908582523677,4
2465,3230,4.0,4
2465,3368,3.0,5
2465,3871,4.497035069131668,5
2466,1617,3.221121036323876,4
2466,3697,2.5634181088080426,1
2468,1964,4.192876804906642,4
2468,3836,4.0,4
2469,1036,4.335361796802087,4
2469,1304,4.370143943005604,3
2469,2716,4.003718033246912,4
2471,266,3.14399063544535,3
2471,481,3.0,2
2472,11,3.6687635450222316,3
2472,356,3.7760088550653803,5
2472,852,3.1100980441781965,3
2472,1198,3.7399472031850514,5
2472,1704,3.83863329934057,5
2473,3897,4.304251940929444,4
2473,3916,4.0,4
2475,1215,4.335406130100885,4
2475,1321,4.09901750333701,4
2475,3785,3.0,3
2476,1300,3.0,4
2477,2688,3.9742137835140596,4
2477,3148,4.4734932746480975,4
2478,14,3.0,4
2478,929,3.0,3
2478,930,3.7138241621385317,3
2481,1201,4.0186382194171175,4
2481,2033,3.0,2
2481,2108,3.7553406092075576,4
2481,3526,3.801522990607361,4
2482,1272,3.8745473620613504,4
2482,1569,3.6948019721445875,4
2483,900,4.180368917783282,4
2483,982,3.0,2
2483,2269,3.0,4
2483,3801,3.0,5
2484,11,3.799521709066957,4
2484,216,3.7347091282583067,1
2484,1034,3.0,1
2484,1084,3.2822066264075147,3
2484,1395,3.109254995727381,2
2484,2028,3.7946401310486877,5
2484,2109,3.767487867172525,4
2484,2394,3.9915739195176116,4
2484,2506,3.0,4
2484,2716,3.417206363199393,5
2484,2720,3.0,3
2484,2987,3.7212161464647915,5
2484,3104,3.7846660211386154,4
2484,3363,3.575572677162007,4
2484,3793,3.756570227366737,5
2485,306,3.347316685101316,3
2485,1249,3.916682501439694,4
2485,2356,3.0,3
2485,3186,4.0645671922251925,4
2486,1466,3.9522293114682996,3
2489,110,3.573249668025614,3
2489,208,3.399948498395386,4
2489,1088,3.396552261670539,3
2489,1639,3.517440517707713,2
2489,1892,3.390815476828048,3
2489,2391,3.6054760330024886,3
2489,2711,3.0,3
2489,2716,3.410073189548025,4
2489,3146,3.0,3
2489,3524,3.3050956572497525,3
2491,260,3.957393481034233,5
2491,3930,1.5771493805361125,1
2492,1394,4.067031511525597,3
2492,2043,3.0,2
2492,3360,4.1200223950061465,3
2492,3361,4.064245257001255,4
2493,260,3.5731352133309993,4
2493,2054,3.7203808585896714,3
2494,1909,3.5542698386371465,4
2494,2889,3.0,3
2495,3863,3.0,4
2496,231,2.7103620261814085,3
2496,344,2.581329756516098,3
2496,364,3.072497957333345,4
2496,1208,3.4450092108813553,4
2496,1213,3.34035068446178,4
2496,1253,2.9603400926666605,5
2496,1278,3.4416464606087827,5
2496,1299,3.655903355501433,3
2496,1375,2.957185352719996,2
2496,1950,3.9411750825004246,3
2496,2015,2.5594209154142966,1
2496,2113,2.0,2
2496,3499,3.2193827587748216,3
2497,356,4.7806662027271525,5
2497,3731,3.0,4
2498,1479,2.44832483131316,3
2498,2311,1.8746976873894872,3
2498,3792,3.0,4
2499,2688,4.3521653336826045,4
2500,1597,3.805095079839878,4
2501,2804,3.9614034070171686,5
2501,3176,3.632178407170494,1
2501,3752,3.36815292936321,3
2503,1097,3.3005618100558047,3
2503,1275,3.53212187204459,3
2503,1994,3.2075427725863146,3
2503,2145,3.187508829246162,2
2503,2581,4.508373113148143,3
2503,3734,3.0,1
2504,50,3.886981774403192,4
2504,370,3.9986299473587312,4
2504,442,3.5066236844132144,3
2504,474,3.730425593634469,4
2504,1196,3.791530983596833,5
2504,1343,3.8302195651420092,4
2504,1527,3.68328964586273,2
2504,1805,3.737633438370242,4
2504,1921,3.5045957840534947,4
2504,2404,3.4834283592627138,4
2504,2528,3.7822511649724806,3
2504,2657,4.121210443808264,3
2504,2728,4.0,5
2504,3450,3.7741339700127052,4
2504,3638,3.6909122768381866,4
2505,1094,4.124977869409875,2
2505,2409,3.0,4
2505,2521,3.0,4
2506,144,2.9999999999999996,3
2506,236,3.308907432597252,4
2506,543,3.3643226762632983,3
2506,2248,3.6837773561976035,4
2507,45,4.180281593293411,5
2507,231,3.583562245581811,3
2507,410,3.8300739979105938,3
2507,431,3.768318012686766,5
2507,581,5.0,5
2507,596,4.221885867946052,5
2507,637,2.0,2
2507,745,4.520995896900174,5
2507,1101,3.7303966823782297,4
2507,1173,5.0,4
2507,1206,4.268235726760528,4
2507,1285,4.147488983909746,4
2507,1372,3.639620296661172,4
2507,1721,3.7528681682813883,3
2507,2302,3.8815356122478284,3
2507,2611,3.0,5
2507,3111,4.55988199098497,5
2507,3408,3.8604099942230716,5
2507,3844,4.308162349190458,5
2508,2723,4.005751033021508,3
2508,3510,3.7751679713437096,4
2509,3324,3.0,1
2512,593,4.221538051689137,5
2513,3863,3.0,1
2514,1617,3.8629618808840576,5
2517,1097,3.174223876054314,5
2517,3565,3.0,4
2518,377,4.216288398815751,3
2518,1221,4.463682613166898,3
2518,3672,3.0,4
2519,2173,3.0,5
2521,1954,4.141900625933,4
2521,2288,3.9589360243143745,3
2522,2000,3.7443333056077934,4
2523,608,4.205868248053455,5
2526,924,3.8084600927614902,4
2526,1089,3.688508148801373,5
2526,1226,4.6713530214393595,4
2526,1247,4.074494899101664,5
2526,1356,2.787071191494637,2
2526,2021,3.065759046718793,3
2526,2194,3.3137166294175495,5
2526,2527,3.6211008891336087,3
2526,2949,3.7826503754585006,5
2527,1287,4.442689029420172,5
2527,2944,4.470770529213991,5
2528,2425,3.0,3
2529,105,4.485828397369723,3
2529,517,3.822561336256438,3
2529,546,2.7711988713704123,4
2529,596,3.812758192439438,3
2529,1016,3.7455452158711857,4
2529,1018,3.4447403428534216,4
2529,1221,3.7895355810053752,3
2529,1250,3.885420695228974,5
2529,1253,4.080346242232253,3
2529,1320,3.9455135708254985,4
2529,1395,3.915037156458714,3
2529,1645,3.9073549577854467,5
2529,1676,3.9382680486739594,5
2529,1955,3.6494624985003314,4
2529,1958,3.9548589080584846,4
2529,2089,3.6313553120121256,4
2529,2136,4.0,4
2529,2174,3.974800177517073,4
2529,2370,3.0,3
2529,2421,3.7549696117229727,3
2529,2424,4.000254351403229,4
2529,2565,3.787215378936326,5
2529,2735,3.879710991669766,3
2529,2761,4.013381372652,5
2529,2867,3.451571647058862,4
2529,2950,3.774297997410284,3
2529,3418,3.8457755650934087,3
2529,3548,3.998757631465875,4
2529,3802,4.056966904246074,3
2530,2699,4.746253704284438,3
2531,1265,3.6649135116482467,1
2532,1124,4.00792692541931,3
2532,1962,4.0511102891847495,4
2533,2724,4.396698737959162,5
2533,2906,3.0,4
2534,910,3.6274355972221595,5
2535,3450,3.5351688170060385,2
2536,1113,3.0,3
2536,1777,3.3917984753875343,2
2537,485,2.936135407411864,1
2537,750,3.746996512277708,4
2537,955,3.9167353084113214,5
2537,1204,3.8720656810984386,4
2537,1219,3.7030775633508974,4
2537,1248,4.103360272766334,4
2537,1610,3.5996717943498218,4
2537,1784,3.510573245380369,4
2537,2302,3.481769965148376,5
2537,2478,3.0813162812586024,2
2537,3104,3.6958718849297902,3
2537,3394,2.28373313969918,2
2537,3545,3.486404645272681,2
2539,2366,3.7966017041349525,4
2540,4,3.0,4
2540,25,4.375453224423402,4
2540,253,4.174416872017176,5
2540,785,3.865379578058446,4
2540,1265,4.356479902927339,3
2541,440,3.511812243068191,5
2541,736,3.441953121612854,5
2541,1541,4.549815074678714,3
2541,2001,3.549606481317253,5
2541,2052,3.472970789679276,4
2541,2423,3.3334225964276154,3
2543,1214,4.0,4
2544,596,3.5784913990623983,5
2544,741,3.0,3
2544,799,3.0244048319571037,4
2544,900,4.023020969847775,4
2544,953,4.019590420294406,4
2544,1097,3.8107076245127165,4
2544,1209,4.12253142267716,4
2544,1238,3.9601297637902664,4
2544,1270,3.8041294148564977,4
2544,1480,3.0,2
2544,1942,3.0,4
2544,1950,4.206315508244667,4
2544,1968,3.5076015544054298,3
2544,2186,4.427891886903713,5
2544,2346,3.120364721658905,4
2544,2348,4.627887998896975,3
2544,2951,3.8815178601304923,4
2544,3074,3.0,3
2544,3096,3.0,4
2544,3196,4.325112936870329,4
2544,3927,3.4158741834299997,4
2545,318,4.47849335268872,5
2546,41,3.0,3
2546,1207,3.624582786773722,5
2547,538,4.0,5
2547,926,4.500150075584735,5
2547,2064,4.199576839754849,4
2548,3623,3.899536092037825,4
2549,464,3.0,1
2550,913,3.946220446473478,3
2550,2921,3.6703017652095067,3
2553,454,4.351978788721707,4
2555,720,3.0,2
2555,1267,3.9539708782045806,5
2555,1617,3.8240849168747935,4
2555,3671,3.770038430297748,3
2556,994,4.0,4
2556,2940,3.0,3
2556,3418,2.641935877010608,2
2557,1885,4.054530910591807,3
2557,2571,3.7216520919240894,2
2558,1270,3.1533233798498457,5
2558,1580,3.2839805601714924,4
2558,2174,3.8120090508017572,3
2559,653,4.044022954658795,3
2559,1197,4.131878234901769,4
2559,1215,3.750249144036961,3
2559,1466,4.138506438804168,3
2559,2433,3.715688670864637,3
2559,2574,3.0,2
2559,2599,4.161881654016941,4
2559,2947,4.275167544296376,3
2560,1727,3.0,4
2560,2268,4.295731771492441,5
2561,1193,3.9573487123990456,4
2561,2718,2.0,2
2562,196,4.091796504248987,4
2562,1022,4.078608845939276,5
2562,1033,4.03292132511944,4
2562,1598,3.9683188125570608,3
2562,2105,4.221115506083516,4
2562,3698,4.154266965318572,4
2563,593,3.222352875976888,4
2563,1661,3.0,4
2564,34,3.9007518302621595,3
2564,165,3.883168266786985,4
2564,1610,3.853182810270739,3
2564,2747,3.0,3
2564,3507,4.118348850203118,4
2565,11,4.249577543238187,5
2565,73,5.0,5
2565,300,4.1994403165715575,4
2565,1094,4.060053593761002,3
2565,1282,4.0152064153900335,2
2565,1294,3.9573200278944527,4
2565,1917,4.141834367913882,5
2565,2144,3.912860408881571,4
2565,2421,3.7804726933090342,2
2565,3160,3.8282475026676552,4
2565,3248,3.1638825261439645,2
2565,3753,4.2432878422348415,5
2566,480,3.6020481846509487,4
2566,1584,3.6073820539054195,4
2566,2115,3.5899925842368847,3
2566,2334,3.915122894197049,3
2566,2410,3.4187638334797827,3
2566,2657,3.3803784167001463,2
2566,2762,3.5547974305818038,5
2567,457,3.5090251595537603,5
2567,1089,3.7106009213361584,5
2567,1275,3.3896023722032393,4
2567,1299,3.982841408405002,3
2567,1587,3.276948819442686,4
2567,2028,3.5806393407562913,5
2567,2118,3.44917041409166,4
2567,3811,4.175360414713886,4
2568,223,3.8081702923170297,3
2568,2395,3.9462789029294343,3
2569,1580,3.412105510075386,3
2570,1094,3.956003366763826,2
2570,1389,3.0,2
2570,1610,3.894157735537404,4
2571,531,3.0,3
2571,1250,4.1372902111599315,5
2571,3157,5.0,4
2572,1208,4.339473577769214,5
2572,3702,4.305714056215786,4
2574,1,4.741673952976975,5
2575,329,3.2168903869709653,4
2575,457,4.007842275320471,4
2575,1997,4.00075105841616,5
2575,2490,3.4706767485458223,5
2575,3430,3.4970330310949733,3
2576,736,3.206431606378656,3
2576,1274,3.7874564407328553,4
2576,1590,2.9478506056346436,2
2576,1676,3.343806528319422,5
2576,1858,4.25522284607627,4
2576,3481,4.063687792519211,5
2576,3623,3.47828114643251,3
2577,524,5.0,3
2577,2490,2.930369799385478,3
2578,903,4.672753114654898,4
2579,1952,4.366844110372449,4
2579,3435,4.452596226398787,4
2580,345,5.0,4
2580,468,3.9454507147705424,5
2580,1641,3.7101451969666535,5
2580,1747,3.7019192805631764,5
2580,1968,3.570128201065013,1
2580,2324,3.7119957819928526,5
2580,2352,3.683717125030828,4
2580,2946,3.0,3
2581,356,4.249075661671459,5
2581,454,4.256644589556324,4
2581,1234,4.497061889211187,5
2583,253,4.530278451916055,4
2583,454,4.628885785310152,4
2583,1101,4.516615849420178,5
2583,1270,4.5081626690489855,4
2583,1674,4.223302667340397,5
2583,2863,4.431974027714136,4
2583,2918,4.122391749562987,4
2584,2442,5.0,4
2585,971,3.6941984859359898,3
2585,2028,3.7777055582001315,4
2586,3916,3.0,4
2588,1035,3.762310887590703,4
2589,2369,3.0873770027275422,3
2589,2599,3.753432335085785,4
2589,2683,3.0756076685638134,3
2589,2791,3.4640525669904987,4
2589,3055,3.0,4
2590,256,3.0,2
2590,551,4.191998998483987,4
2590,842,3.1002770164333135,3
2590,1215,3.7091457073988416,4
2590,1228,4.453784179943638,5
2590,1391,3.4137299355032327,3
2590,1527,3.5436722693915828,4
2590,1977,2.5564759081080664,3
2590,2322,2.621555579033659,1
2590,2614,2.0122390462620263,2
2590,2699,3.472622335848995,4
2590,2793,3.3018642764380197,3
2590,2900,2.5760545670583848,3
2590,3555,4.1189751829246015,4
2591,593,4.0681505649761505,4
2592,539,3.6756201470095955,4
2592,920,3.8651699235321337,5
2592,1183,3.6878387617812485,2
2592,1210,3.707135920414841,2
2592,1250,3.926174330090778,5
2592,1620,3.649907421225321,4
2592,2028,3.7387825882361194,5
2592,3035,3.9883603353595563,4
2592,3386,3.740637259234412,4
2593,1220,4.637165754212966,5
2593,1233,4.704742094479887,5
2593,1283,4.6859758462677155,5
2593,1721,4.736577630681092,5
2593,2858,4.712957555853415,5
2593,3801,3.0,5
2594,3593,3.0,2
2594,3745,3.2941527791779444,3
2595,2916,3.5794265759080037,4
2595,3255,3.1780871044591823,3
2597,838,3.945110834730211,4
2598,593,3.89408977086056,4
2599,741,4.731602790900301,3
2599,1035,3.8237240458293256,3
2599,1126,3.3244068609786606,4
2599,2000,3.9464683373695855,4
2599,2046,3.902920500880993,2
2599,2105,3.8331129617522333,5
2599,3489,3.6537797905473095,3
2600,1393,3.30026278610326,3
2600,3148,3.6832487296710537,1
2600,3723,3.0,3
2601,908,4.103993940832288,3
2601,1961,4.104480549303936,4
2604,441,3.926971684661093,1
2604,3481,4.228101479991698,4
2605,541,3.7514391644410976,4
2605,724,3.66341351907519,4
2605,924,4.078699081645426,5
2605,1387,4.0254890542009205,3
2605,2076,3.807030483944436,5
2605,2863,4.28104871703885,4
2605,2951,3.959140962015577,4
2605,3634,3.0,5
2606,3114,4.312348003235819,5
2607,1230,4.529287951288622,2
2607,3100,4.431600332522595,5
2608,1273,4.01942518745375,5
2608,2019,4.181659532793603,5
2608,2248,4.18022006275589,3
2608,2291,4.065042764860688,3
2609,1620,4.456685953918479,5
2609,2000,4.3171271845880845,5
2609,2283,3.0,5
2609,3535,2.0,3
2609,3706,5.0,5
2610,2531,2.0,3
2610,2792,2.8365656563922066,4
2611,147,3.0,3
2611,153,3.522788342387112,1
2611,595,3.6116344926539075,4
2611,1028,3.591842668244458,3
2611,1032,3.6942305861237172,4
2611,1171,3.7551247239988568,3
2611,1221,3.749487091256047,5
2611,1258,3.8369674883707403,4
2611,1693,3.0,2
2611,2288,3.37805163877677,5
2611,2412,2.692702346818301,1
2611,2641,3.7201059305435114,4
2611,2706,3.710822896547125,5
2611,2791,3.846415354826332,5
2611,3499,3.799088403891042,5
2611,3671,3.7199244407369787,5
2612,2384,3.5213986905669614,1
2613,708,4.044214770394126,4
2614,3477,3.0,2
2615,318,4.024430335247193,5
2615,527,4.026069804518727,5
2617,1219,3.575961304601703,3
2617,1678,3.9234624232325532,5
2617,2396,3.66021148591108,4
2617,3147,3.7239309998485886,5
2618,1971,1.0,1
2619,1263,4.416240215647237,5
2620,2174,3.4199532471390595,3
2621,329,3.2411158290048867,5
2621,593,3.555176095450011,4
2621,829,3.0,2
2621,836,2.7083627500274,3
2621,1611,1.3693738518848277,1
2621,1907,3.2135763821644305,4
2621,3489,3.367286494777143,4
2624,899,4.311751107123703,5
2624,991,4.0,4
2624,1090,4.323794949190637,5
2624,1127,4.087477274201233,5
2624,1247,4.343039452441876,4
2624,1306,3.0,4
2624,2133,4.4316557596397335,4
2624,3703,4.109857651270106,4
2625,177,3.2191997506837993,4
2625,1337,3.0,3
2625,2638,3.3088736796037175,3
2626,2861,3.0,4
2627,32,3.477152487336069,4
2627,36,3.7104416393971427,4
2627,480,3.3509282153491204,2
2627,2137,3.4723124773848313,3
2627,2599,3.744681347040372,4
2627,3090,3.0,4
2627,3098,3.2983309100823615,3
2627,3896,3.0,2
2628,877,3.0,4
2628,1673,3.6550479264640305,4
2628,1701,3.0,4
2628,2942,2.957300219803266,3
2628,3108,3.3696571815270095,4
2629,266,4.499274447576106,5
2629,1291,4.252155414356475,5
2629,1387,4.2903849662442575,5
2629,1479,4.010440188230679,3
2629,2118,4.565887581859739,5
2629,3707,4.0,4
2630,24,3.8515167463873956,2
2630,920,5.0,5
2630,2841,3.31192791632446,4
2631,1244,4.216208759987466,4
2633,2724,4.0,3
2634,21,3.747715104440632,4
2634,800,3.5502766670080597,5
2634,1172,4.308693315909103,4
2634,1480,3.0,3
2634,1610,3.9366970265540364,4
2634,2324,4.176784935717334,4
2634,3082,3.6767524308708954,5
2634,3083,3.0,4
2634,3175,3.85195175083682,3
2634,3425,3.0,3
2635,3939,3.0,5
2635,3941,3.0,5
2636,150,4.176459777809172,4
2638,266,3.4768016066715424,3
2638,296,3.514529145455482,4
2638,454,3.3720379000365615,2
2638,527,3.5809341875227934,5
2638,595,3.417161671316052,4
2638,1183,3.5912687271366663,2
2638,1246,3.4144455375386853,3
2638,1253,3.1768219984869406,3
2638,1302,3.3962776443564753,5
2638,1810,3.2383084339987627,3
2638,2120,2.805071645743205,2
2638,2410,2.9139699975168676,3
2638,2530,2.763986096746672,2
2638,2735,2.9181338314320215,3
2638,3087,3.089156245540015,3
2638,3385,2.299738484460557,1
2638,3619,3.0,4
2638,3681,3.66455448707418,4
2638,3685,3.5261695578152623,3
2639,357,4.236358130912749,4
2639,3108,4.2014122956590985,1
2641,215,3.0,5
2641,296,4.329809567533646,5
2641,924,4.356084699986287,4
2641,1214,4.085323769474534,4
2641,2324,4.370757447844208,4
2641,3148,4.332180856936706,4
2642,1358,4.175044835739278,4
2642,3105,4.1531267808543255,4
2643,434,3.346439005215205,3
2643,1200,3.5652053616217487,4
2643,1263,3.853063701080201,5
2643,1299,3.9490026856099334,5
2643,1408,3.502798826475282,2
2643,2013,3.4242667035088616,4
2643,2020,3.62463119268757,3
2643,2528,3.365013325671215,3
2643,2932,3.0,2
2643,3104,3.74492883945524,3
2643,3755,3.4417320815018595,4
2644,551,3.869315290586458,5
2644,2291,3.9127009721415362,4
2644,2858,4.073459672074632,5
2645,1246,3.7209718104111977,4
2645,1270,3.5476038373006573,4
2645,1288,3.629371229269323,4
2645,1923,3.5147168682091534,5
2645,2324,3.821448306834329,5
2648,2289,4.12522055943203,1
2649,327,4.0,3
2649,1210,3.412029817513833,3
2649,1292,3.3911356536726136,1
2649,2012,3.323774777046341,3
2649,2110,3.6178077349120628,3
2649,2145,3.462645238232979,3
2649,3448,3.3324293547742783,4
2649,3543,3.4767135406843774,2
2650,3114,3.355472396129006,5
2651,1240,3.426736810472625,4
2651,1954,3.410128854388732,2
2651,2019,3.3569683652053963,5
2651,2403,3.3261067257316372,2
2651,2628,3.3355249362030115,3
2651,2802,3.5056114156525693,3
2652,1197,4.177781376703755,3
2652,2788,4.3526642644578555,5
2652,3504,4.108796801579659,5
2653,1617,3.9982642155576675,4
2654,62,4.1014541524436545,5
2654,314,3.0,5
2655,3016,3.389804108744921,2
2656,910,4.525796885631488,4
2656,2605,4.191828718064484,4
2656,2671,4.3031620133007396,2
2656,3744,3.6078496182521933,3
2659,1197,3.9980544045968403,1
2660,3259,4.0,4
2661,952,3.6722359731164764,4
2661,1028,3.946096244307024,5
2662,266,3.4451444232131943,3
2663,58,4.308691119301722,5
2663,539,3.711997027692174,4
2663,1259,3.899116509645961,4
2663,1265,3.881303762271691,4
2663,1644,3.0254970409342,4
2663,2248,3.831246478125817,4
2663,2571,3.822524682750814,5
2664,440,3.488927262286039,4
2664,590,3.752488594719984,5
2664,1562,2.8660514200568477,3
2664,1997,3.49665454065754,4
2664,2059,3.9818824610682655,3
2664,2124,3.2270971704815294,3
2665,611,4.0,4
2665,661,4.327746255529076,5
2665,920,3.866219893536408,4
2665,1009,3.1300492336655616,2
2665,1036,3.7392594270033017,4
2665,1081,3.3698194137203377,2
2665,1129,3.672726497912327,5
2665,1194,3.0,3
2665,1200,3.725596446279328,4
2665,1374,3.440577075280939,4
2665,1552,3.437271654514898,3
2665,2009,3.774846214322217,5
2665,2088,3.0494255954662934,1
2665,2340,3.0,2
2665,2391,3.8514895877091986,4
2665,2667,2.0159176128196608,2
2665,2739,3.2842884442838742,2
2665,3552,3.6533711279063947,5
2666,1834,3.8137840354358077,5
2666,2396,3.996959304409657,5
2666,2858,3.9912822041462057,5
2666,3536,3.4950911648288137,3
2667,1265,3.773052350014657,4
2668,231,3.3717991820040036,2
2668,497,3.585501006233556,4
2668,1923,3.5318748546194736,2
2668,2028,3.646693924315903,3
2668,3269,4.0,2
2668,3328,4.0,3
2668,3793,3.833027530405305,3
2669,1961,4.296805509828564,5
2669,3916,2.5227767283210674,4
2670,144,4.0,4
2670,1093,3.7657793447223344,3
2670,1343,3.3559519799788786,3
2670,1925,3.0,3
2670,1952,3.9981836646461217,5
2670,1958,3.2942689282645796,3
2670,2001,3.104539929113115,3
2670,2355,3.3411605119464087,4
2670,3543,3.7913291646875553,3
2672,1619,4.495085773242587,1
2674,293,4.250228444950856,5
2674,2575,3.0,5
2674,3019,4.286214676912149,4
2675,2,3.269001484780506,4
2675,589,3.4270695017416646,4
2676,509,4.010732731193198,5
2676,851,3.0,2
2676,1196,4.160933058095059,5
2676,1913,3.0,5
2676,2132,4.123315540264375,4
2676,3498,3.0,4
2677,593,4.00486083500199,5
2679,17,4.0190078796059145,4
2679,1127,3.535470511243519,4
2679,1206,3.9955586033788393,4
2679,1258,3.7901729338703767,5
2679,1259,3.94748705772712,5
2679,2064,4.180535775640003,4
2679,2416,3.996989048748601,4
2679,3114,3.8320587881823043,5
2680,608,3.562241494482857,4
2680,942,3.8848246249049865,4
2680,2485,2.976456825462594,3
2680,2692,3.411376779772698,2
2680,3624,4.0,3
2681,5,3.023499489803456,3
2681,265,3.9259728063566603,5
2681,518,2.0,3
2681,1282,4.294915242505462,5
2681,3526,3.8655537550828596,4
2682,1676,3.250782050960565,3
2682,2706,3.2672163249509385,3
2683,593,4.487544066260616,5
2683,919,4.541022677283275,4
2683,3699,4.6579341819395506,4
2684,903,3.999348013636804,3
2684,909,4.050215738534777,3
2684,1633,4.267245924526498,4
2684,2333,4.082210888756346,2
2684,2390,3.0,4
2684,3174,3.364197768297558,3
2685,39,4.155570099101426,4
2685,1291,3.9935609384138697,4
2685,1387,3.917178921490191,5
2685,2523,3.0,3
2685,3198,4.24673719068287,3
2685,3624,3.0,3
2685,3735,3.7655690492837954,2
2687,743,3.0,3
2689,1,4.53061671483868,5
2689,1968,4.4744279606559605,5
2689,2762,4.4874005063563915,5
2689,2968,4.576756316327776,3
2689,3578,4.570987150435279,5
2690,1393,4.499270577143099,3
2691,551,4.714867815437,5
2691,968,4.719080532293992,5
2691,1097,4.622096885896577,5
2691,1148,4.760680145412213,5
2691,1358,4.732748181614522,5
2691,1931,4.0,5
2692,141,3.4845595359974335,5
2692,733,3.8664583283067393,4
2693,1270,3.8207058790289294,3
2693,3152,4.028782594567214,5
2694,1717,4.289737085530746,4
2694,3785,3.0,5
2698,1196,3.9525301464021094,4
2698,3813,3.0,3
2699,318,3.9357605097798576,4
2699,1393,4.051026584667078,4
2699,2080,4.025265520010846,3
2700,230,3.782845275652158,4
2700,1747,3.7943801811138806,4
2700,3176,3.653109653541103,5
2700,3365,3.627372802322097,4
2700,3409,4.0,3
2700,3510,3.931924645639124,3
2701,608,3.7309179127524144,5
2701,780,3.390982561763359,4
2701,1882,3.1374006990704837,1
2701,2427,3.808649826991453,1
2701,3515,3.0,4
2702,3499,2.431437342730123,4
2703,2726,4.999999999999999,5
2704,1090,4.080839456160172,4
2704,2866,3.0,3
2704,3095,4.316127295241778,5
2705,1200,4.331606332972047,5
2705,1721,3.9546344358469447,5
2706,2294,3.5015990849778333,4
2707,1230,3.7807079845465794,4
2707,3753,4.6353810329979,2
2708,2490,3.2275118353447882,3
2708,2599,4.2655791707185955,4
2708,2959,3.4814544237334895,5
2709,370,3.0,1
2709,538,4.0,3
2709,3869,3.0,1
2711,936,3.0,4
2711,3655,3.0,3
2712,3624,4.690517643608515,4
2714,2160,3.7299727855277274,4
2715,260,3.1502607106871423,5
2715,1258,3.604923576020021,1
2717,30,3.0,3
2718,62,4.476727973114415,4
2718,648,3.9742142075374773,3
2718,1041,4.506395003960674,4
2718,1801,4.001637402663881,4
2718,3844,3.5274315468903503,5
2719,913,4.49301778582478,5
2719,1256,4.528968144650067,5
2719,2076,3.862340675569664,5
2721,1408,4.573488889011287,3
2723,1357,3.6155179273281997,5
2723,2255,3.0,1
2723,2369,3.430152719838638,3
2724,1366,3.0,2
2724,1694,4.284968575912408,5
2724,2694,4.284287016863463,3
2724,3007,3.0,5
2726,260,4.73910197942202,5
2727,1573,3.4189654118747503,4
2727,3697,3.384980480926283,3
2728,1200,3.5707369977928085,4
2728,2028,3.73193155242913,4
2728,2424,3.688949887740203,4
2728,3354,3.450689948878668,2
2729,1953,4.552624667054965,4
2730,1270,4.195135212249404,4
2730,3869,3.7133859947801673,4
2731,608,4.5170049992356684,4
2731,1392,3.0,4
2731,1883,4.50282843063274,2
2731,2302,4.521924789029119,5
2731,2325,3.0,2
2731,2846,3.0,5
2731,2947,4.5513510328063465,5
2731,3101,4.667825898873223,4
2731,3361,4.473371633144671,5
2731,3422,3.0,3
2733,2859,3.0,4
2733,3135,4.50057059407638,5
2734,1027,4.313013736944662,4
2734,1035,3.8952923305717047,5
2735,24,3.6599712329288145,4
2735,2628,4.204929173290838,2
2736,608,3.599595522032013,3
2736,1077,3.5028505623718424,4
2736,1206,3.5283759063246896,4
2737,440,3.6203844223267536,4
2737,766,3.0,4
2737,1191,5.0,5
2737,2081,3.8709889210100146,5
2737,2943,3.0,3
2737,3147,3.900378207871028,4
2738,1213,4.420321290429723,5
2739,2013,3.675747489885435,3
2739,2734,4.219424470820609,2
2740,1320,3.400408260557224,4
2742,1373,2.3336232688879943,1
2742,1445,3.0,2
2743,31,4.0,4
2743,70,3.912897190656275,2
2743,145,2.546507089271295,4
2743,177,3.3585283972199997,4
2743,474,4.098064395294615,4
2743,879,3.5178180410824167,2
2743,1268,4.14327177797478,4
2743,1320,3.5693586929851935,4
2743,1647,2.9792856127579013,3
2743,1748,3.8477832951475683,4
2743,1769,3.2694763700332494,4
2743,1777,3.8985157571701627,4
2743,2012,3.821033967775722,4
2743,2291,4.104235910298128,3
2743,2302,4.007418929077314,5
2743,3274,3.592984601604841,5
2743,3555,4.307626551136371,5
2744,553,2.1905674910877586,1
2744,631,3.0,1
2744,3671,1.4893002887813915,1
2745,648,4.010589835526903,4
2745,1101,4.042572896648598,4
2745,1252,4.558772915845786,5
2745,2291,4.221947420818846,3
2746,21,4.112590354094433,3
2746,2064,3.936725296671371,4
2746,2716,4.034796208439521,4
2747,1291,4.364370784692936,4
2747,2282,4.0,4
2747,2542,4.684320927818617,5
2747,2804,4.487979867936946,4
2747,3361,4.392188768046937,4
2748,349,2.7750897146130775,1
2748,1022,2.4297420961638005,2
2748,1127,2.9650807045818923,4
2748,1203,2.4658941258947267,3
2748,1233,3.684739110222382,4
2748,1921,3.540691623486912,4
2748,2617,2.751763159262958,4
2748,3054,3.0,1
2749,1089,4.257735390207044,2
2749,1200,4.157970656537668,5
2749,1320,3.6736241368405618,4
2749,3623,3.776634993847458,3
2750,111,4.4756116144278,5
2750,1203,4.495840900842689,5
2751,1135,3.2141748558132957,4
2751,2942,3.8034637476016053,3
2751,3248,3.950301420064341,3
2752,1124,3.160072216547264,4
2752,2255,3.0,2
2752,2478,3.0467212319031765,2
2752,2762,3.6974797120984233,2
2752,2968,3.5776295454801468,2
2752,2994,3.0,2
2752,3418,3.4841127509385643,1
2752,3707,1.7687866481993795,3
2753,17,3.7728162372893466,5
2753,900,4.041247055976057,4
2753,1204,4.235625936860455,5
2753,2075,3.0,4
2753,2239,3.0,4
2753,3028,4.0,3
2753,3448,3.8043810332556207,3
2753,3470,3.0,4
2754,1079,3.7693724140493723,2
2755,700,3.0,5
2756,2011,4.089923513958771,4
2756,2640,3.893249381930712,4
2756,3703,4.174952587963558,4
2756,3893,5.0,4
2757,474,3.8501605403261028,2
2757,1193,4.2128801324209135,5
2757,1206,4.174889484501727,5
2757,1964,4.534144898610456,4
2757,3741,4.350120724006299,5
2758,377,3.8367319719883484,4
2760,260,4.407973073080732,2
2760,910,4.658010809723275,5
2760,1294,4.4819424229188,5
2760,1948,4.999999999999999,5
2761,198,3.5694742478040955,4
2761,380,3.584845663431705,4
2761,592,3.7237694036394102,4
2761,648,3.5643882102192617,4
2761,1371,3.523829971517881,3
2761,1376,3.547186985070387,4
2761,2273,3.4166201917198666,4
2761,2405,3.56945224387196,3
2761,2409,3.2812322931165867,2
2761,2642,3.202065856471449,1
2761,2997,4.187530728688949,4
2761,3257,3.09783997503909,2
2761,3489,3.5034235936914926,2
2761,3751,4.321025312926092,3
2761,3827,4.485346425573612,4
2762,2826,3.488396811011911,3
2764,32,4.25013482883846,4
2764,923,4.362554622700522,4
2764,1231,4.393314399052543,5
2764,1394,4.299396691125672,5
2764,2302,4.1808814343170955,4
2764,2391,4.241193252981483,4
2764,3035,4.589683740678759,5
2765,1278,3.943567798590815,4
2765,1517,3.8141661274288317,4
2765,2002,3.795650969261319,3
2765,2302,3.797221132231324,4
2765,2529,3.4688449543162645,3
2766,648,4.213032241750062,5
2766,2724,3.97837665271301,4
2767,1707,3.0,1
2768,1097,4.298984964332559,4
2768,2023,4.395107487177601,4
2769,1240,3.7460453907175273,4
2769,1717,3.2234801790439525,3
2769,2081,3.9222131017129,2
2769,2083,4.107293361213313,4
2769,2716,3.774466858542532,4
2769,3686,3.079354941125054,2
2771,165,2.558831072989695,2
2771,588,3.323735172391511,5
2771,2403,3.0939354153556824,3
2771,2662,3.43518256735836,3
2771,3052,3.331125060919774,5
2771,3175,2.811987844017556,3
2772,592,4.006806067559884,3
2772,1129,4.0508746184704005,3
2772,1748,3.716866342145709,3
2772,2985,3.587206004335363,3
2773,608,4.302807283675603,5
2773,3362,4.542230815054031,4
2774,150,4.203708291191379,4
2774,1080,4.282217819325662,5
2774,1234,4.267471779476879,5
2774,1265,4.171125317832937,5
2774,1411,4.480388191170945,4
2775,1922,3.0,3
2776,370,3.3346035333646014,1
2776,542,3.132901905608585,3
2776,1682,4.2162624741553,5
2776,1863,3.0,1
2776,2081,4.063760803402745,4
2776,2289,4.203779923454916,4
2776,2458,3.8712007724856363,3
2776,2558,3.5194965725713163,2
2776,2735,3.9863380383979403,4
2776,3108,4.160438739111098,4
2777,113,3.0,4
2777,218,4.0,2
2777,316,3.911904184848294,4
2777,343,3.0,4
2777,371,3.0,4
2777,551,4.119047340118518,1
2777,1061,4.04951566925808,4
2777,1466,3.9650491054221666,4
2777,1498,4.0,5
2777,1550,3.0,3
2777,1732,4.020353750208935,5
2777,1841,3.0,3
2777,1866,3.999811086712808,3
2777,2273,3.6339693509850473,3
2777,2406,3.9687775578758293,4
2777,2416,3.895684980310776,3
2777,2421,3.8445951540751633,4
2777,2432,3.501956841945355,2
2777,2546,3.0,2
2777,2808,3.7969419539768445,3
2777,2907,3.0,3
2777,3259,4.244160559058104,4
2777,3268,2.3331428215165375,3
2777,3387,3.7930988236187404,3
2777,3717,3.3298914263159056,4
2778,1923,4.040245049623005,4
2778,2997,4.191371235067737,5
2778,3035,4.1619386364336926,4
2779,903,4.008133134636012,4
2779,1244,4.027674215336903,4
2779,1673,3.9396764332856415,3
2779,1694,3.6299106524497518,4
2779,2532,2.4720876226676256,3
2779,3598,3.0,5
2780,1127,4.0184555447069545,4
2781,86,3.0,4
2781,1127,4.0647315525743934,5
2781,1263,4.578786335862114,5
2781,1343,4.139540466852323,4
2781,2336,4.107802967775985,4
2781,2762,4.084168844546736,5
2782,104,4.020639361375552,3
2783,1019,4.0207958825776515,5
2784,290,3.0,5
2784,1732,4.357372447504841,3
2784,1952,4.524775444465106,5
2784,2324,4.357664761746233,4
2784,2571,4.266267615679091,4
2784,3101,4.292901411271215,3
2784,3418,4.276943149863931,3
2785,440,3.0756072979327533,4
2785,2794,2.9460065039424217,2
2785,3638,3.1561076397070162,4
2786,22,4.16859739722835,3
2786,47,4.210406551441295,4
2786,913,4.560093237359352,3
2786,1394,4.180009515204675,5
2786,1909,3.784979610167175,4
2786,3893,4.586717947500254,4
2787,1266,4.34651964462573,4
2787,2000,4.287558194517693,4
2788,308,4.0,4
2788,1196,4.417138863179357,5
2788,1299,4.582122208425987,4
2790,1250,4.622608228077882,5
2790,3504,4.70683665213788,5
2792,21,2.886255103471248,3
2792,991,3.0,4
2792,3535,3.0,1
2793,415,3.0,1
2793,459,4.0,3
2793,733,4.0621401898065015,4
2793,924,4.344083886951055,5
2793,1036,4.184277400725327,5
2793,1218,3.0,5
2793,1227,4.521737995215864,5
2793,1278,4.303543405466722,5
2793,1894,3.791372607435006,3
2793,2134,3.9231179019029083,3
2793,2723,4.051605857329416,4
2793,2747,4.50029816860576,4
2793,2762,4.088914210190275,5
2793,2804,4.164629326667491,4
2793,3019,4.467719096701312,4
2793,3408,4.385078268030912,3
2793,3424,4.397977652121152,5
2793,3452,5.0,3
2793,3524,4.044405273142025,5
2793,3733,4.146096863754754,4
2794,1960,4.0321642337878645,4
2794,3623,3.917741817788107,2
2795,722,3.0,2
2795,1293,4.02629814456521,3
2795,2064,4.058878706728916,5
2795,3671,3.7754900085752596,4
2795,3758,3.0,3
2796,11,2.798325660776446,3
2796,539,2.8822888616651174,3
2796,733,2.6575072210187782,3
2796,913,2.976929100742585,1
2796,1029,2.6647392351438186,2
2796,1210,2.7519143981150576,2
2796,1270,2.722974785385015,3
2796,1968,2.786796231985753,2
2796,2167,2.635041959089423,2
2796,2311,2.490981391789608,1
2796,3408,3.248324029746462,4
2796,3461,3.0,3
2797,1219,3.4550246071558863,5
2797,3408,2.7942254400065423,4
2798,904,3.9733389836259567,5
2798,3683,4.122255982106003,4
2799,1,4.179375184545579,5
2800,266,3.3993465582613718,3
2800,339,3.6241406355737245,4
2800,1466,3.571038799011791,4
2800,2042,4.6435412517517385,5
2800,3177,3.0,1
2801,24,3.6579910314845434,2
2801,36,3.5463672619742925,3
2801,3623,3.7112011353238645,5
2802,412,3.0,3
2802,549,3.0,5
2802,3683,4.1566768882180645,5
2803,52,4.262362622749241,4
2803,3253,3.754093314643455,2
2804,15,3.0,4
2804,533,3.665377732334399,4
2804,1374,3.642956242517926,5
2804,2080,4.201077035102363,5
2804,3441,3.9958288560161908,3
2805,906,5.0,3
2805,3101,4.0207032089132415,3
2805,3872,3.0,4
2806,17,3.216913723066004,1
2806,1223,2.3955664907299123,4
2806,3793,3.920724579596557,3
2807,551,3.1375988021408094,4
2807,589,2.9811467116879475,1
2807,914,3.0127840465947306,3
2807,936,3.0,4
2807,1177,3.5264785766075426,3
2807,1200,3.095243909502777,1
2807,1300,4.0,4
2807,1375,2.4965286333397896,2
2807,2065,3.6911085241172894,3
2808,924,4.329277696224493,5
2808,3176,4.367378951014566,4
2808,3527,4.2829691979728715,4
2809,2409,3.8786163786019285,5
2809,2762,4.756512299427024,5
2810,1,3.8933938070808014,4
2810,5,3.725337932254518,5
2810,562,3.7241658998688325,3
2810,1345,3.7759519421471124,4
2810,1387,3.865528194206911,5
2810,1707,2.5040351484295273,1
2810,2123,3.5974343437590135,3
2810,2316,3.5046397188375047,3
2810,2338,1.0,1
2810,2445,3.0,4
2810,3174,3.497617275168664,3
2811,2859,3.0,4
2812,145,3.740637769312453,3
2812,296,3.830638972783975,4
2812,377,3.3372578428528503,3
2812,608,3.8416524270992176,4
2812,2985,3.4160851129871537,3
2812,3246,4.0,5
2813,1198,2.5506312593422398,4
2813,2926,3.0,2
2815,1270,3.6042323491444614,4
2815,2991,3.5588945181340543,4
2815,3175,3.780701366471141,3
2816,861,3.0,2
2817,1214,3.8397529203422676,5
2818,110,3.78163310475351,5
2818,296,3.8520710286906263,3
2818,674,4.196461338496121,3
2818,1097,3.8416226703453376,4
2818,1245,3.7120144203641536,4
2818,1249,4.174435068474415,4
2818,1580,3.756060220938361,4
2818,2335,3.418168145345279,2
2820,329,2.8593088600802714,3
2820,669,3.0,4
2820,1228,3.5350292237204286,5
2820,1266,3.1055311268828825,3
2820,1744,2.0,2
2820,1960,3.27691807970268,2
2820,2060,2.2337729058709046,2
2820,2159,3.011010015386654,4
2820,2361,3.0,4
2820,2376,2.2367044714585362,2
2820,2389,2.8079869121811267,2
2820,2925,3.0057423133327053,3
2820,2948,2.9383910690111494,2
2820,3077,3.0,4
2820,3218,3.0,3
2820,3355,3.0,3
2820,3510,2.7642638114273086,3
2820,3676,5.0,4
2821,3114,3.0,1
2822,2466,3.0,3
2822,2723,3.0,3
2823,527,3.1833209017525577,4
2824,145,3.9991939099023295,3
2824,1042,4.408479829239738,3
2824,1092,4.161895533725309,3
2824,2082,4.284890221025563,4
2824,3273,3.8060089324060034,1
2824,3897,4.180974483539057,4
2825,150,4.035441575011631,3
2825,246,4.646967801953923,4
2825,1185,4.915260250692205,4
2825,1204,4.548231208383151,4
2825,1794,3.0,4
2825,3910,3.0,3
2826,1199,3.35373807952496,4
2826,1333,3.841146147578731,3
2826,1361,3.0,4
2826,1466,3.6022480283756226,4
2826,1856,3.0,1
2826,2657,3.394155662795967,2
2826,3682,4.342606435957763,3
2828,2908,4.272956846571834,3
2829,908,3.5552329862007013,5
2830,260,3.6209938079165838,3
2830,466,3.3760599661139326,2
2830,1200,3.5967928827556603,3
2832,25,4.221474379625311,1
2832,480,3.9190018365554855,2
2832,1307,3.72155408563965,4
2832,1371,3.6582675256159196,2
2832,3418,4.082721113525403,3
2833,1093,3.696884759045062,2
2833,1197,3.7256772466229204,5
2833,2702,5.0,4
2833,2856,3.0,1
2834,2937,3.0,4
2836,2243,3.481626029667078,4
2836,2433,2.6875237989788747,3
2837,497,3.7372784290679797,4
2837,2116,3.190789640920838,3
2837,2248,3.882954376888479,3
2837,2359,4.2165757751792246,5
2838,3683,4.819529958510598,5
2840,6,3.366800693011363,5
2840,165,2.92494955912815,3
2840,344,2.7959019955183653,1
2840,1459,2.414518563513199,3
2840,1732,3.522914922157822,2
2840,2018,3.6895490807376112,4
2840,2135,3.0,2
2841,319,4.27040711462851,5
2841,1396,3.9884895352765737,5
2841,3148,4.264145215724648,3
2842,1198,3.654177442193221,5
2842,2268,3.954125328792059,5
2842,3846,3.0,3
2843,480,3.112762379597994,2
2844,2028,3.8142029791717786,4
2845,266,4.278108572817268,1
2845,1097,4.193645725987424,5
2845,3793,3.8758087389385327,4
2845,3827,3.0,3
2846,1923,3.3351953654508257,3
2846,2746,3.63792173435833,4
2846,3148,3.2252900041068187,4
2847,150,2.959094138380222,2
2847,180,3.194663062108941,4
2847,741,3.3333352918943504,4
2847,789,3.0,4
2847,1021,1.446695352822734,1
2847,1704,3.0134202480347154,4
2847,2060,1.9932342862118106,1
2847,2253,1.8722488567927587,2
2847,2478,2.717034479932748,2
2847,2580,3.439772747824241,4
2847,3527,2.8007715536285622,1
2847,3785,2.5704549410432014,4
2848,29,3.641941252799889,4
2848,2091,3.0,4
2848,3033,3.3592619079744175,3
2848,3450,3.6942150571981314,2
2849,914,4.827242524290415,5
2849,945,4.700541536672188,4
2849,1948,4.489349705329988,5
2849,3114,4.694695822804781,5
2849,3707,3.0,3
2850,1917,2.741119978959675,1
2852,1977,2.842530142335025,4
2852,2322,3.753298013481353,4
2852,2710,4.435198811252763,4
2852,2746,4.2645979285366575,5
2852,2867,4.387794474739046,4
2853,2248,3.6160541947926825,5
2854,155,3.0,4
2854,1259,3.309355134167845,4
2854,1358,3.7031737369470616,5
2854,2134,2.503758113981358,2
2854,2163,3.0,2
2854,2702,4.330971650957911,2
2854,3273,2.7508927196110475,2
2855,3897,4.01964872087721,3
2856,380,3.404654904483216,1
2856,904,5.0,4
2856,908,3.7104900296910945,4
2857,327,3.1538434194145517,3
2857,541,3.310786748729843,4
2857,695,4.0,4
2857,805,3.389411735941058,4
2857,1208,3.6402350772343914,3
2857,1295,3.0,4
2857,1370,3.566462179564616,4
2857,1597,3.602313696896928,4
2857,1721,3.6790849732908426,4
2857,1866,3.5950814936192295,3
2857,1909,3.365730552617495,3
2857,1997,3.3101585790358135,5
2857,2248,3.58891198458503,4
2857,2367,3.161895997259702,3
2857,2490,3.5461492032417077,3
2857,2524,3.1043062206957504,3
2857,2528,3.5058027362009754,3
2857,2553,3.3239799206263445,3
2857,3249,3.417761426062051,3
2857,3366,3.9331882371365445,4
2857,3448,3.5173436514296657,4
2857,3464,3.0,2
2857,3716,3.0,1
2857,3770,3.3934179132356483,3
2858,2006,4.142343471890086,4
2858,2485,3.0,5
2859,2064,4.563970950904415,5
2859,2470,4.406801537382205,4
2860,14,3.0,4
2860,532,4.475833126550264,4
2860,1234,4.065309964744908,3
2860,1247,4.124956404449069,5
2860,2009,4.345320998312148,4
2860,2369,3.5522741974561804,4
2860,2442,4.503740497327454,5
2860,2757,3.0,4
2860,3753,3.4111362226844997,1
2862,595,3.967035296547714,5
2862,1961,4.316049182401557,5
2863,36,3.3034738706363607,5
2863,337,3.3702938255513586,3
2863,2331,3.0,4
2865,480,3.849465129785684,3
2865,2081,3.955977192092083,4
2865,2291,3.889697457335912,3
2866,21,3.2159643093411203,1
2866,1197,3.5493984306094424,4
2866,1784,3.4415224105971634,3
2866,2791,3.340832017234091,5
2866,3552,3.5843216632859787,5
2866,3868,3.493890814749261,4
2868,1093,4.046295381586569,5
2868,1199,3.9412033152401555,5
2868,1264,3.0,4
2868,1371,3.3328780581225357,5
2868,1375,3.413821123853129,4
2868,1573,3.535841826023281,4
2868,1690,3.7984119857175505,4
2868,2455,3.578544216198306,3
2868,2959,4.051119999044855,5
2870,1233,3.732185495588764,4
2870,1678,3.5169883374488964,3
2870,2085,3.354934083248999,4
2870,2108,3.106864222569934,4
2870,2359,3.429725339697999,3
2871,2469,3.0000000000000004,2
2872,785,3.64686106218292,4
2872,1136,4.192302177280411,4
2872,1228,4.274295835878644,5
2872,1617,4.00859962918282,4
2872,1670,3.0,3
2872,1964,3.749605998586453,3
2872,2269,4.0,3
2872,2300,4.1426665825380455,2
2872,2439,4.0,4
2873,837,3.0,3
2873,1017,3.0,4
2873,1086,4.006798483279189,4
2873,2077,4.0,3
2874,235,4.187313590655594,4
2874,3094,3.0,3
2874,3683,3.9630313152229344,2
2876,316,3.7019472445138586,4
2876,3175,3.5186000389401633,3
2876,3879,3.0,2
2876,3893,4.0,4
2877,924,3.613572054383344,4
2877,1920,3.0,4
2878,261,3.6259598712672187,3
2878,750,3.89674536792648,5
2878,944,3.0,4
2878,1064,2.9999999999999996,4
2878,1221,3.8294078324192165,4
2878,1246,3.793308787483528,5
2878,1267,4.018994519274603,4
2878,1302,3.723908176589654,3
2878,1682,3.716368861123116,5
2878,1947,3.855188640308618,4
2878,2105,3.6026190064421706,4
2878,2132,4.138662425544882,4
2878,2135,3.8178262913456087,3
2878,2470,3.65704221135623,4
2878,3061,3.575803982092751,3
2878,3578,3.741665891681487,3
2879,1479,4.0,3
2880,110,3.3786007875232413,2
2880,1080,3.7157524945891978,4
2880,1210,3.4348411945805273,4
2880,1608,3.1570730279512125,1
2880,2124,3.3224920463843577,4
2881,1425,3.0,4
2881,2355,3.959069018718769,5
2882,2329,3.238264937661208,2
2883,24,2.1986006426629157,1
2883,150,3.4522775259755742,3
2883,2072,2.524747004058507,1
2883,3917,1.0,4
2884,261,3.0,5
2885,1259,4.3236060955877385,5
2885,1367,3.0,3
2885,2369,4.547249007454513,4
2885,3671,4.332947793902159,5
2886,6,4.139593171562503,3
2886,457,4.03581250640136,5
2886,589,4.047466774874896,5
2887,442,3.786035177014178,3
2887,765,3.3968863058361376,3
2887,1035,3.955091265916028,3
2887,1092,3.6204180389205933,3
2887,1610,3.9501501513063206,5
2887,2147,3.0,2
2887,2188,3.0,3
2887,2396,3.997927752456839,3
2887,2405,3.6647045620621164,2
2887,2429,3.0,3
2887,2558,3.125709078335355,3
2887,2628,3.7090996631545528,5
2887,2871,3.980589254833446,1
2887,3639,4.065877654771809,4
2888,47,3.613155013976879,4
2888,356,3.5279776047989153,2
2888,593,3.6244083243942686,5
2888,733,3.5095893364455795,4
2888,1022,3.8950648439936706,4
2888,1127,3.465477481998429,3
2888,1196,3.6605278903161698,5
2888,1200,3.7261065829504663,4
2888,1222,3.692294805691177,4
2888,1544,3.4924414769444883,3
2888,1918,3.372092617194884,4
2888,1923,3.5511187272817195,4
2888,2006,3.484427629969269,3
2888,2018,3.8739546841531194,3
2888,2033,4.098175313589892,4
2888,2617,3.2577584369350543,3
2888,2640,3.3819229464035225,4
2888,2701,3.482850935515295,2
2888,3020,3.4159759254386377,4
2888,3793,3.488034367356557,4
2889,1235,4.087209374985976,4
2889,1951,4.010344731067045,5
2889,3370,3.0,4
2889,3578,4.038056388894627,4
2889,3726,3.0,3
2890,494,3.3036950020033133,4
2890,736,3.6588752913215803,3
2890,1374,3.775220222515087,5
2890,3082,3.7052310139769036,1
2890,3948,3.5449194296828304,3
2891,2013,4.0,4
2891,2395,3.796585581598488,3
2891,2987,3.712423937716572,4
2891,2995,3.0,1
2891,3176,3.671467246252565,2
2892,2087,4.360569374029749,5
2894,1287,3.9977589115381,5
2894,1432,3.0,4
2894,1597,4.057894094325632,5
2894,2640,3.646903773715872,5
2894,3452,5.0,5
2895,34,4.080597028295498,5
2895,111,4.4594329277952545,5
2895,529,4.319406086566239,5
2895,541,4.048084018214197,5
2895,1080,4.419266314010997,4
2895,1173,4.0,4
2895,1228,4.5396616685135145,5
2895,1231,4.414658286116003,5
2895,1805,3.921696721372875,4
2895,2115,3.917310907863376,3
2895,2194,3.916828885290638,4
2895,2268,3.9634269664649193,4
2895,2278,3.9665491760094254,3
2895,2411,3.36791572965155,2
2895,2431,3.6043121666626248,4
2895,2471,3.2356973075609785,1
2895,2492,3.0,4
2895,2513,3.560552756932115,3
2895,2528,3.885299960071915,4
2895,2770,4.156842545308136,4
2895,3256,3.542373917159861,3
2895,3819,3.0,4
2895,3879,3.0,3
2896,648,4.046276316620812,4
2896,1387,4.057631910706058,5
2896,1544,4.06054200069494,2
2896,1620,4.285162726655761,4
2896,1644,3.371521245104743,2
2896,1892,3.987909020872735,4
2896,3555,4.38814899321115,4
2897,480,3.8553911338169424,4
2897,1209,4.0866507110264765,5
2897,2628,3.2297239662127795,4
2897,2997,4.2324828163851045,4
2898,3702,4.274196495386762,4
2898,3892,3.0,4
2899,11,3.818094054472612,4
2899,29,4.477421593621285,5
2899,196,3.849347156545883,4
2899,353,4.064152233917443,4
2899,390,3.0,5
2899,410,3.934310002999542,3
2899,2091,3.0,5
2899,2140,4.033246135346173,4
2899,2872,4.127032510318903,5
2899,2881,4.120028514041676,3
2899,3654,4.434151471781096,5
2900,750,4.460171383608833,3
2900,1034,3.0,4
2900,1104,4.612728085403701,5
2900,2628,4.058999641458299,3
2900,2668,3.326052050621853,2
2900,2986,3.5040938105828605,3
2900,3444,3.5913606972591396,4
2901,1220,4.418643786031758,5
2901,2890,4.413766099097738,4
2901,3035,4.465562015915048,5
2901,3135,4.549258500325821,4
2903,1682,4.356177750370622,4
2903,2334,4.851885997988409,5
2903,2353,4.487985015131136,5
2903,2539,4.3791766670344865,4
2903,2710,4.260115041879558,3
2903,3210,4.228982502134033,5
2904,1183,4.006485995331413,5
2905,531,5.0,4
2905,904,3.6747430293598478,5
2905,1378,3.4058106032384363,3
2905,1396,3.472728983938436,5
2905,2083,4.604770654326792,4
2905,2144,3.6528845336036575,4
2905,2716,3.863662669990364,4
2906,3479,3.5555036779693396,3
2907,31,2.499910372704015,4
2907,50,3.273287496976998,3
2907,282,3.5083898926923998,3
2907,292,3.5549432914172336,5
2907,296,3.282180360844199,3
2907,1258,3.3650730219632794,5
2907,1288,3.509421196667924,1
2907,1294,3.2501194403699873,4
2907,2108,3.242401202704066,3
2907,2353,3.49030379307522,3
2907,2406,3.400118774766193,5
2907,2420,3.4824610922682107,3
2907,2490,3.695677709435883,5
2907,2524,3.2548900318238836,3
2907,2571,3.414213738038815,2
2907,3042,3.0,3
2907,3081,3.626132085758404,5
2908,1407,4.223046198134675,4
2909,251,3.0,5
2909,368,3.981598661232918,4
2909,527,4.30416847293811,5
2909,673,3.3810640475521163,4
2909,742,4.096472323999453,4
2909,832,4.219722623835235,5
2909,897,3.0,3
2909,929,4.585646588310587,3
2909,1379,3.85191532176457,4
2909,1425,3.0,3
2909,1587,4.031443366195571,3
2909,2183,4.382057527339759,5
2909,2279,4.214326967930636,5
2909,2548,4.117227813154615,4
2909,2561,4.689946780398475,5
2909,2741,4.0,3
2909,2786,3.0,3
2909,2787,4.056315406027146,4
2909,2803,4.431967360848755,4
2909,2808,3.7736658869794852,4
2909,3053,3.0,5
2909,3147,4.343535204027493,5
2909,3198,4.35178599550273,5
2909,3435,4.157939114814028,5
2909,3499,4.31519304811488,5
2909,3877,3.0,2
2910,1342,3.287179385578617,3
2910,2462,4.0,5
2910,2628,4.223057241597939,5
2912,2707,1.7869190053222066,4
2912,2792,4.330495557491562,3
2913,45,3.9724377103149133,5
2913,1198,4.167791756543792,5
2913,1276,4.061896746481439,4
2913,1914,3.0,3
2913,2396,4.001374650448239,4
2914,551,4.4986582784318765,4
2914,1265,4.434153919454511,5
2915,2565,4.0,4
2916,68,3.0,4
2916,247,4.8938587235438264,5
2916,441,4.015793609551316,5
2916,1539,3.0,3
2916,1885,3.802128335623897,5
2916,1904,5.0,5
2916,2396,3.5116188278650995,2
2916,3060,3.8916080771778083,4
2916,3067,3.9567146644643882,5
2916,3626,3.0,3
2917,2599,3.745840859407065,3
2917,3265,5.0,5
2918,737,1.8301478388235124,3
2918,745,4.579406200050422,5
2918,1261,4.302189492388314,4
2918,1343,4.003565335041793,3
2918,1517,3.54759194909852,4
2918,1562,2.8247097806668537,2
2918,2628,3.6274796813876002,2
2918,2808,2.6620880908471065,1
2918,3260,4.206985169266117,3
2918,3264,3.0543851127242476,4
2919,367,4.103835796965391,3
2919,527,4.229860271778787,4
2919,1967,4.041106825808932,4
2919,2471,3.610882129124998,3
2920,1580,3.3833005295806173,3
2921,1909,3.2739283456974606,3
2923,1136,4.186669534501199,5
2925,1210,4.154449434729853,3
2926,468,4.040789567803113,4
2926,830,3.6389741315128488,3
2926,1912,3.6501073336214565,2
2926,2249,3.5337927325698977,2
2926,3317,3.659302551805563,3
2926,3893,3.375374468031272,3
2927,2366,4.648212976297072,4
2928,177,2.791484975314812,3
2928,235,4.177050223678274,5
2928,946,4.301647008848539,4
2928,2003,3.6510750203682782,3
2928,2395,4.076999714592928,5
2928,2450,3.2813237548282275,2
2928,2551,3.0,4
2928,2728,4.670507347432167,5
2928,2857,4.552237708491095,4
2928,3168,4.46876208493396,4
2928,3927,3.74926407209267,4
2929,968,4.461210068695158,5
2929,1389,2.8654051109663143,1
2929,1941,3.0,5
2929,3052,4.34414531546172,3
2930,1252,4.326913706991943,3
2931,480,4.12770060112155,3
2931,2712,4.81757075457592,4
2931,2916,4.117516871143828,2
2931,3386,4.3643784466289715,3
2932,587,4.15748396057957,4
2933,69,4.0219177621482105,2
2933,356,4.0470471957199035,5
2933,1617,4.076745830959824,4
2933,3108,4.0581762663456935,4
2933,3626,3.0,1
2934,208,3.4721105746273038,3
2934,253,3.4416470465280495,4
2934,260,3.500120621630776,5
2934,480,3.4858212784000604,4
2934,810,3.0,2
2934,923,3.5659401161136963,5
2934,986,3.0,4
2934,1265,3.506576030329952,4
2934,1393,3.5304951577253174,2
2934,1704,3.496938211333072,3
2934,2313,3.3508601784596355,3
2934,2497,3.0,3
2934,2739,3.6096324232897237,3
2934,2743,3.0,3
2934,3270,3.0,2
2934,3405,3.0,4
2934,3417,3.0,5
2934,3524,3.440086645833198,3
2936,1913,3.0,4
2937,858,3.8255324195316947,4
2937,3105,3.862202602950281,4
2938,595,3.993265180690585,4
2938,1231,4.021912530868769,4
2938,1270,3.9254995136599216,5
2938,1276,3.984580635446047,2
2938,1641,3.9638484323572962,4
2938,2161,3.9222896907038023,4
2938,2396,3.9002851352593275,5
2938,2797,4.15900454133959,4
2939,110,3.992296919505621,4
2939,1132,3.0,3
2939,1967,4.07773703553981,3
2939,2028,3.9834825387499024,4
2939,2161,4.062667101422029,3
2939,2804,4.0547374478982094,5
2939,3267,3.996315164538838,5
2941,39,3.5595601342233247,4
2941,616,3.5446273821133047,4
2941,750,3.792262324101307,5
2941,920,3.9669138681957676,1
2941,969,4.020785987321497,4
2941,1214,3.423822600988551,3
2941,1225,3.757422281170424,4
2941,2005,3.470079930920236,2
2941,2119,1.0,1
2941,2181,4.0,4
2941,2273,3.2736257908276456,4
2941,2291,3.698315216676776,4
2941,2393,3.357825503869029,3
2941,2527,3.4744833283238403,4
2942,928,4.668559254476846,4
2942,1178,4.598713430902531,5
2942,1204,4.5789888109258,5
2942,3469,4.750169584550963,5
2943,21,4.551475245575185,3
2943,413,3.0,3
2944,39,4.264332847309937,5
2944,329,3.7547602450277036,3
2944,551,4.685239731839832,5
2944,1297,4.753160438273185,5
2944,2077,3.0,4
2945,34,4.028586320655412,5
2946,165,2.609690942025075,2
2946,230,3.3604687275716363,3
2946,555,3.4155172535469154,3
2946,653,2.8589968797390157,3
2946,1804,3.0,2
2946,1917,2.975766687500329,3
2946,2427,3.5592479515378166,3
2946,2468,2.5867425257586727,2
2946,2490,2.732247876595187,3
2946,2528,2.9626772690376457,2
2946,2949,3.2510016402701476,3
2946,3148,3.882910269625978,4
2946,3256,2.7961803119889344,3
2946,3450,3.221035555177631,3
2946,3557,2.499063438694791,2
2947,45,3.4152659977930764,4
2947,1639,3.9434384351400635,3
2947,1641,3.5489285627415526,4
2947,1834,3.5646608486837743,5
2947,1966,4.0,3
2947,3948,3.3351773024829763,4
2948,1640,3.0,3
2950,497,3.9309216750568403,5
2950,539,3.6082926201992884,4
2950,1265,3.600149949761324,4
2951,1240,4.278703684691725,4
2952,589,4.335708809510676,3
2952,1036,4.378328117889348,5
2952,3090,3.0,4
2953,3203,2.916925119727728,4
2954,2762,3.9991676654001673,5
2955,2070,2.0,5
2955,2100,3.3589468985221935,2
2955,2712,3.73990861611426,2
2955,2723,2.448507195780907,1
2955,3489,3.2403562352231243,1
2955,3535,1.5415555199282165,3
2956,480,3.719332567058388,2
2957,2580,4.624815550595698,4
2957,2804,4.391918608490351,5
2958,2541,3.0687062408320123,2
2959,3362,4.615440906509679,4
2961,2529,3.687138592073146,3
2962,490,2.3392797838707153,3
2962,1092,2.6540005529661252,2
2962,1233,3.5314820523083563,4
2962,1260,3.7983911461639424,4
2962,1342,2.6561411915539614,3
2962,1396,3.0195246178040063,3
2962,1527,3.013075868918079,4
2962,1722,2.8891799845466335,2
2962,2174,2.937445019219989,3
2962,2184,3.1836728239228584,3
2962,3019,3.5213710827339915,3
2962,3414,3.0,2
2962,3481,3.3565809235394077,5
2962,3653,3.0,2
2962,3678,3.0,2
2962,3745,3.0975367788504085,4
2963,97,3.0,4
2963,1242,4.181350037572127,5
2966,1042,4.2235500706629,4
2966,1101,4.390690753332616,4
2966,2321,4.006643152016982,5
2966,2571,4.375328825558264,5
2966,3448,4.327486749004847,4
2966,3489,4.267373534994562,3
2967,866,3.4137605677221052,3
2967,904,3.7427424935793887,3
2967,910,3.8222649464085277,4
2967,926,3.991591323404525,4
2967,1129,3.345647430258036,4
2967,1213,3.5993204342491874,3
2967,1279,3.3230455230580644,2
2967,1429,3.3602479399086915,4
2967,2488,4.0,5
2967,2912,3.5601051577080924,4
2967,3310,3.0,4
2967,3448,3.4249345416959223,2
2967,3655,3.0,3
2968,145,2.7519984796035564,4
2968,357,4.042784302904743,3
2968,914,3.4951641188794715,4
2968,1339,3.5606824929941054,4
2969,1639,3.9112507381743113,4
2969,2313,4.390991109354239,4
2969,2355,4.131280943291836,4
2971,2693,3.0,4
2972,344,3.7474719781173063,5
2972,507,2.5907243589957822,5
2972,1342,3.0605414767036434,4
2972,2490,3.120956496134707,3
2973,2333,3.695889677971859,3
2973,2706,3.6667835210789237,4
2974,3147,4.371364929972999,5
2974,3793,4.146815620379802,5
2975,260,4.5151068843406215,4
2975,912,4.454486093244221,5
2975,1333,4.650245099893236,5
2975,3629,4.4815483290813205,4
2975,3819,3.0,4
2976,223,4.019741766027494,5
2976,1327,3.693032122538421,4
2976,2669,3.0,3
2978,905,4.138833619355461,4
2978,968,3.6573628072400575,5
2978,1256,4.153193401426659,4
2978,1266,3.8327014990418347,4
2978,1285,3.754476832050251,4
2978,2946,3.492166740777413,3
2979,2763,4.0,4
2980,1094,3.604154393885188,4
2980,3163,3.0,3
2983,9,3.0,5
2983,1370,4.547677564724986,4
2983,1445,3.0,3
2985,592,3.7394605255178672,5
2985,780,3.736699290497545,4
2985,1031,3.61370416603885,3
2985,1917,3.784535547961234,5
2985,2961,3.0,4
2985,3287,3.0,3
2986,356,3.533028690098903,5
2986,428,3.5055207228652505,4
2986,509,3.821591239625221,4
2986,1277,4.0,4
2986,2025,3.0,3
2986,2133,3.268643981000148,2
2986,2290,3.0,4
2986,2393,3.234467350839547,3
2986,2589,3.0,3
2986,3060,3.896909154675325,4
2986,3189,3.0,3
2987,608,4.090823659847695,4
2987,2542,4.175330209413235,5
2987,3857,3.0,1
2988,3798,3.0,2
2989,1611,5.0,2
2989,2083,4.27947739665413,5
2989,3418,4.010799341797401,5
2990,58,4.61056654119563,5
2990,1031,3.825017272383192,2
2990,2081,3.7864687091789686,5
2990,2951,3.9980616572753416,2
2990,3462,4.824364961616261,5
2991,858,3.932768745203794,5
2991,913,4.08757046507931,4
2991,1221,3.8972230975541144,2
2991,2997,3.599003659408294,1
2991,3789,3.0,3
2992,3566,3.0,1
2992,3578,4.274604771722046,5
2993,1101,4.287065351958947,4
2993,1573,4.089106977202058,4
2994,442,3.1247195514898083,3
2994,466,3.1579102825487158,3
2994,1028,3.8001036078820993,3
2994,1777,3.4239241318283367,3
2994,1869,2.620144203193912,3
2994,2145,3.737065991548551,3
2994,2334,3.137107754903699,2
2994,2883,3.0,4
2995,15,3.0,3
2995,1210,4.130068777700858,5
2995,1894,3.7104847969621253,3
2995,2528,4.080798552179965,4
2995,2615,3.6692910436386788,3
2995,2987,4.163073508943094,4
2995,3033,3.7582687866492974,4
2995,3444,3.765189452193576,3
2995,3697,3.8071178029278445,3
2995,3927,3.6719639929110537,4
2996,17,3.6108562097081074,4
2996,19,3.4713485909252357,4
2996,168,3.636356332032619,4
2996,173,2.8036938515228607,3
2996,237,3.8402374585908317,2
2996,253,3.682084124772943,4
2996,413,2.8289003017825647,4
2996,500,3.7245634449962797,3
2996,1485,3.702337425743088,5
2996,2090,3.731231120396786,4
2996,2710,3.1640509933565895,5
2996,3869,3.6382774961738638,3
2997,47,4.200216828219531,4
2997,60,3.0,4
2997,1211,4.0,5
2997,3185,3.0,3
2998,1917,4.277269756523816,4
2999,1,3.630078712113935,5
2999,239,2.3133882787093354,1
2999,1029,3.4711269257879267,5
3000,1291,3.260129288160801,4
3001,225,3.6259956869659447,3
3001,280,3.601311885440539,4
3001,493,5.0,5
3001,1206,4.594726012450136,5
3001,1515,3.2336352110616766,3
3001,1994,4.473133687016291,5
3001,2713,3.707655791644577,3
3001,3273,4.012567308832899,3
3002,2064,4.52207901324959,4
3003,1175,5.0,5
3004,6,3.8988107233818643,3
3004,663,3.0,3
3004,1228,4.152194715280569,3
3005,2333,4.003599610828326,3
3005,2640,3.918841644940377,4
3005,2716,3.836332161437022,5
3005,3527,3.787327789136675,5
3006,3285,3.0,4
3006,3578,4.456230310211855,5
3007,908,3.9910845548176637,5
3007,1888,3.930740074066545,2
3007,2029,5.0,5
3010,1175,4.2235245499683325,4
3010,2054,3.3679488309086665,1
3010,2672,3.5495434535933446,2
3010,2985,3.437224214483587,3
3011,50,4.317482050534197,5
3012,288,3.216729720613954,1
3012,1210,3.194179482902412,4
3012,1917,2.993046207230487,5
3012,2640,2.8198709909374715,3
3012,3254,2.950204278316708,2
3013,105,3.0,3
3013,356,3.9369603515367455,3
3013,703,3.0,3
3013,902,4.393705159639308,3
3013,1196,3.8562676216001748,4
3013,2313,4.1872391426724676,4
3013,2501,4.398895515187142,4
3013,3926,3.413970442374374,3
3014,589,3.7794168063363807,4
3014,1271,3.669517465927171,5
3014,1518,3.2635248075664935,4
3014,2753,3.0,4
3014,3921,3.0,1
3015,1193,5.0,4
3015,2188,3.0,4
3016,32,4.360917370295742,5
3017,74,2.510159204082846,2
3017,168,3.3058863973305828,2
3017,788,3.786839018474821,3
3017,804,2.9999999999999996,2
3017,1090,3.521824128576474,2
3017,2302,3.4970260730592067,4
3017,3163,3.0,1
3018,112,3.553686967815844,4
3018,260,3.8288726879042403,4
3018,1286,3.742049545712701,4
3018,1358,3.9510831073592265,4
3018,1466,3.9427454024743427,4
3018,1960,3.9743590003637292,3
3018,2000,3.7564069382431944,4
3018,2463,3.8538278412417224,3
3018,2879,3.669517608688427,4
3018,3444,3.442432913502747,4
3018,3494,3.961445448961747,4
3018,3627,4.0,4
3019,1090,4.488532596716253,4
3020,1358,4.422550713562626,4
3020,2762,4.160832925381283,4
3021,924,2.9507082078463456,2
3022,1196,3.1260884743546957,5
3022,1287,3.164040942154466,4
3022,1573,3.057803552342709,3
3022,2915,3.131771162053376,2
3022,2990,2.500152044854814,3
3023,1580,3.997809172438399,4
3023,3176,3.7132043124018694,3
3023,3882,5.0,4
3024,173,3.7595825945606047,4
3024,2278,4.04837887399936,4
3024,3798,2.0,4
3025,361,3.0,4
3026,248,2.0,1
3026,349,2.8011753919280604,4
3026,612,3.0,1
3026,931,5.0,5
3026,945,4.303229760605296,4
3026,1080,3.358237400863466,4
3026,1566,2.4684880203577384,3
3026,1569,2.7854561246411387,5
3026,1688,2.902432855253388,4
3026,1917,2.394049983774927,1
3026,2186,4.671818631398579,5
3026,2424,2.7219228815782026,4
3028,260,4.054648366165181,5
3028,1517,4.104145390765737,4
3028,1882,3.381450277408155,2
3028,2539,4.115170477354561,4
3029,252,4.258747757896059,4
3029,450,3.569178965773426,4
3029,586,3.890777646392319,3
3029,669,3.0,5
3029,1013,4.0,5
3029,1240,4.212802687746029,4
3029,1446,3.0,4
3029,1552,3.8855384435685885,5
3029,2078,4.377231409107243,5
3029,2252,4.0,3
3029,2723,3.873150817132969,2
3029,2746,4.2427603051902265,5
3029,2942,4.187454539229528,4
3031,105,3.0,4
3031,223,4.032007136008124,2
3031,339,3.8526049379779517,2
3031,543,3.958303112507459,4
3031,1035,4.239242987260935,3
3031,1466,4.081595953207965,4
3031,1784,4.036721781608107,5
3031,2006,3.8558603348230664,4
3031,2041,3.0,4
3031,2134,3.8550487918313885,4
3031,2146,3.6535633551375977,4
3031,2252,3.0,3
3031,2580,4.337873064624639,5
3031,3394,3.655606206656983,3
3031,3397,4.100857977563894,4
3031,3480,3.0,5
3031,3591,3.8607132990543422,4
3032,2,4.515303739071214,4
3032,44,4.104697777438451,3
3032,318,4.530089821923133,5
3032,710,3.0,4
3032,849,4.2639040305043325,5
3032,1012,4.945482498231989,5
3032,1020,3.895251826085476,4
3032,1219,4.568455855345766,5
3032,1220,4.479881154530741,4
3032,1242,4.5215170203755495,5
3032,1387,4.496232373653653,5
3032,1389,4.470808718593662,5
3032,1470,3.0,4
3032,1518,4.268456513343582,5
3032,1801,4.409490554849792,4
3032,1863,3.0,4
3032,1955,4.756273247020066,5
3032,1975,4.108204558946043,5
3032,1997,4.383562383474248,5
3032,2005,4.488193448788981,5
3032,2059,4.825692769542546,5
3032,2092,4.821888080696345,5
3032,2145,4.578316272059642,5
3032,2156,3.0,5
3032,2262,4.480033479674569,4
3032,2366,4.265825600209635,5
3032,2367,4.745792351494432,5
3032,2413,4.455012216106327,4
3032,2470,4.491044659346987,4
3032,2639,5.0,5
3032,2770,4.42817145740318,3
3032,2866,3.0,5
3032,3040,4.506115460358469,5
3032,3638,4.441968463346014,4
3032,3753,4.543857406720121,4
3032,3837,4.00133233138212,3
3033,356,3.9642948838607768,5
3033,1374,3.515677030200381,4
3033,1377,3.5237801316320323,4
3033,2396,4.177157919920477,2
3033,2713,3.0,1
3035,1954,3.6718566319203654,5
3036,1136,4.591003554201219,4
3036,1247,4.605959231782948,5
3036,1674,4.599282219792876,5
3037,318,4.276515287910336,5
3038,610,4.417405536422114,5
3038,899,4.638349987839208,3
3038,1909,4.283182062423197,3
3038,3175,4.287815076744734,4
3038,3826,2.575673326206709,1
3039,913,4.774494871048671,5
3039,3644,4.0,5
3039,3792,3.0,5
3041,296,4.026244135721674,5
3041,1221,3.992359278856728,5
3042,365,3.0,4
3044,969,4.297140508582337,5
3044,1220,4.169248115514612,3
3044,1387,4.264092100771765,3
3044,1806,3.0,5
3044,1923,4.290567234334875,5
3045,457,4.348621916570714,5
3045,678,4.0,5
3045,1179,4.5921238749813895,5
3045,1199,4.2603534368836735,4
3047,457,3.661065492062845,5
3047,1210,3.5948421567847952,4
3047,1589,3.9939533982941122,5
3047,3440,3.0,1
3049,1549,3.0,5
3050,780,3.964110588550292,4
3050,1240,3.8939490418997003,5
3051,237,3.751679941955211,5
3051,597,3.6106894287092737,3
3051,1086,3.0,5
3051,1213,3.6720889392657097,4
3051,1601,3.0,3
3051,3082,3.3691479695466224,3
3051,3943,3.0,4
3052,1253,3.2771076407828024,4
3053,912,3.5998020654296106,3
3053,1244,3.909261985927635,3
3053,2124,2.822255979183916,2
3053,2445,3.0,2
3054,69,2.897120569325715,3
3054,708,3.2060324336985246,3
3054,909,4.61776802633391,5
3054,919,3.966414727981599,4
3054,1073,3.687615687749034,3
3054,1183,3.6998607918989914,4
3054,1284,4.704210857254922,4
3054,1542,3.0,3
3054,1629,3.0,3
3054,2076,3.8567547743747763,5
3054,2321,3.208171986396456,4
3054,2692,3.908045561815172,4
3054,3105,3.689259221429792,3
3054,3307,4.913131647307447,5
3054,3712,3.1692184207504663,3
3055,188,3.1941279887735927,3
3055,357,3.8696535129921803,4
3055,504,1.9675157985000384,3
3055,1196,3.7476120330430707,4
3055,1375,3.708092532932136,3
3055,2413,3.6641524527642413,4
3055,2950,3.6811440495403804,3
3056,1391,3.7073645170083966,4
3056,2140,4.035403373164933,4
3056,2355,4.019363470879849,4
3056,2700,3.8061385036873965,3
3056,3174,3.756706331519885,4
3057,230,3.6581101642537823,3
3057,589,3.655609413820674,3
3057,1028,3.720381424009093,4
3057,1270,3.6748628925980587,3
3057,3005,3.5151662038612685,2
3057,3020,3.3696828038137405,4
3058,474,3.809252485215381,3
3058,2916,3.8477675393986237,3
3059,1175,3.0,5
3059,1394,4.034009038199717,3
3060,1370,3.7034553967418797,3
3061,736,4.242195609748904,5
3062,110,4.015889170187837,5
3062,1390,3.0,3
3062,1459,5.0,3
3062,2683,3.350829772533507,4
3063,260,4.237364482533412,5
3063,1127,3.435246149430284,3
3063,2706,4.102665058925538,5
3063,2846,3.0,3
3063,3527,4.379907254942466,4
3064,2762,4.418433584985589,5
3065,224,3.8502732237372466,4
3065,1094,4.060457259130493,2
3065,1968,3.861283012017316,4
3065,2268,4.025418654178274,5
3065,2439,4.0,4
3065,3863,4.201419640001686,4
3066,1408,3.9071430705450605,3
3066,2269,4.0,3
3066,3146,3.0,4
3067,17,4.284134227763208,4
3067,27,3.0,3
3067,70,3.7110139434176923,1
3067,216,4.09845868515355,4
3067,369,3.0,5
3067,595,3.9700479928961676,3
3067,799,2.968679683637641,3
3067,809,3.0,3
3067,832,3.8769818061498946,4
3067,1127,3.7098878047389063,4
3067,1175,4.254888248076658,4
3067,1393,4.014736258207162,3
3067,1777,3.866827052853168,5
3067,1831,3.387643659913743,4
3067,1882,3.215933653165696,2
3067,1883,4.1152508444079485,4
3067,2291,4.077244441349543,5
3067,2468,3.5833945391974216,1
3067,2501,4.36094266151768,4
3067,2640,3.643166496349649,3
3067,3060,4.432260184020861,4
3067,3101,4.209144532393789,4
3067,3178,3.91296290273815,4
3067,3515,3.0,4
3067,3745,3.8101808699441975,3
3067,3844,4.016822755013935,5
3068,908,4.33022760559859,3
3069,1552,3.031048995018099,4
3069,2710,3.32852465733918,4
3069,2716,3.0765812929654364,3
3069,2995,1.5337606974222338,2
3070,2396,3.7137627254059793,4
3072,435,2.5695318741073994,2
3072,468,3.474546490549035,3
3072,480,3.362513796746263,3
3072,1254,4.0170892380089835,5
3072,1955,3.686178883447598,3
3072,3424,3.5903292211901316,5
3073,1259,4.690013088823744,4
3074,3540,3.0,3
3075,929,4.0,3
3075,1266,3.832851551107885,4
3075,2028,3.825856770052831,4
3077,1590,3.7640430486469927,2
3077,1610,4.173534182369038,5
3077,1917,3.963912002064571,2
3079,1387,4.193868662563797,5
3079,2012,4.15480164831902,1
3080,372,3.627431857812887,3
3080,785,4.116330605192691,4
3080,788,3.8039051461679407,3
3080,1009,3.9189963643723704,4
3080,1194,3.0,4
3080,1748,4.007683797735402,4
3080,1855,3.0,1
3080,1923,3.8586636499573466,5
3080,1961,4.109495107303248,3
3080,2303,5.0,3
3080,3235,3.0,3
3080,3254,3.4065991276386725,3
3081,288,4.18413759147244,5
3081,529,4.7184781167712515,5
3081,1210,4.294354025168794,5
3081,1216,3.0,5
3081,1261,4.230986117709612,4
3081,1645,4.234885326939463,4
3081,1994,4.23238167641612,5
3081,2322,3.6535272503473557,4
3081,2367,3.835124732526312,5
3081,3706,4.780403372891237,5
3082,95,3.446791494575535,3
3082,260,4.019354950053428,5
3082,293,4.063280880978579,4
3082,1485,3.329213672232576,2
3082,1500,3.9082721059097665,3
3082,1672,3.9855604577329635,3
3082,2407,3.7699921859145022,4
3082,2795,3.778140918585235,5
3082,3361,4.012828527637465,5
3083,1214,3.8724912481198572,4
3083,3936,3.0,4
3084,3079,3.0,3
3085,32,4.521259283313056,5
3085,1199,3.8417610022803776,4
3085,3879,3.0,3
3086,110,4.409077076437189,5
3086,1594,3.7462159144343583,1
3086,2355,4.568177671360634,4
3087,348,4.508519159692069,4
3087,349,4.200791445283244,4
3087,1441,4.122382171019179,3
3087,1479,4.0410340239105995,5
3087,1485,4.082953106857642,5
3087,2025,3.0,5
3087,3004,3.0,4
3089,2011,4.349024999928093,4
3090,1242,3.615788275034368,4
3092,2599,4.371012232267778,3
3093,1296,4.121441356904424,5
3093,2757,3.0,3
3093,3567,3.0,5
3095,783,5.0,5
3095,1453,5.0,4
3095,1556,3.0,1
3095,3528,4.415609594800345,2
3095,3565,3.507220741566915,3
3096,364,4.41262551665431,5
3096,480,4.141215287953554,5
3096,919,4.195446725370487,5
3096,1334,4.144801436384019,3
3096,3257,4.441562477180583,4
3096,3705,3.0,4
3096,3824,3.0,4
3097,593,4.292442025939023,5
3097,2402,1.0,1
3098,780,3.2662445822149033,4
3098,2376,3.0,3
3099,258,3.0,2
3099,1391,3.3017255004998645,4
3099,1527,3.530813213616551,2
3099,1960,3.646156044291569,1
3099,2916,3.5199364455101887,3
3099,3253,3.840563612434608,4
3099,3864,3.0,3
3100,3176,4.292451642158705,4
3101,1911,3.5279827236221775,4
3101,2968,4.216107805363309,3
3101,3363,4.247343731875063,3
3102,1959,2.0,3
3103,1078,5.0,5
3105,435,4.024768374402365,3
3106,1466,4.3541301452849215,5
3107,2011,4.003184162194749,4
3107,2085,4.006105450225498,4
3107,2710,3.745612503683933,2
3108,592,3.820396500180986,3
3108,798,3.3993497537109647,3
3108,950,4.243057256024855,4
3108,1049,3.575623042780442,1
3108,1124,3.901043194815692,4
3108,1284,4.418418690772592,4
3108,1287,4.072014309296906,4
3108,1748,3.3206059763231877,4
3108,2391,4.036287611566429,3
3108,2401,3.0,4
3110,647,3.5348548557653805,4
3110,1220,3.734050299610818,5
3110,1266,3.8571244032630894,4
3110,2366,3.6109700098087063,3
3110,2599,3.9040829561998582,4
3110,2731,3.0,5
3110,2948,3.550696848076815,3
3110,2949,3.8062311730955196,3
3110,3704,3.470426912802725,3
3111,88,4.223494617010822,5
3111,466,3.752153738222758,2
3111,1517,3.5818941819661543,5
3112,549,3.0,2
3112,1210,3.4644524206227176,4
3112,1213,3.5933445171348644,3
3112,1394,3.2989698482040897,3
3112,2081,3.4252460578411155,3
3112,3147,3.509569016996517,5
3112,3461,3.0,3
3112,3527,3.4935879244736427,1
3113,781,3.0,1
3114,2463,3.3516697926865437,4
3115,316,3.418085209429081,3
3116,592,4.003692949269004,4
3116,3176,3.7386971531626125,3
3117,318,4.1912574242260385,5
3117,1234,4.195386194336466,5
3118,34,3.754694733577107,4
3118,163,3.425015336593618,4
3118,353,3.300397504306815,4
3118,900,3.747031326925724,4
3118,903,4.068372821050327,3
3118,907,4.122421062530595,3
3118,1199,3.806329379280982,5
3118,1234,3.926850221883874,4
3118,1240,3.5871611966859254,3
3118,1252,4.0725480224384,4
3118,1968,3.4825082514525345,3
3118,1997,3.3808386200345453,3
3118,2120,2.8544557539484665,2
3118,2763,3.391640302291497,5
3118,2764,3.0,5
3118,3479,3.353092438442927,3
3118,3819,3.0,5
3119,60,4.0,1
3121,968,4.200004861258857,5
3121,2353,3.881332855130068,4
3122,3176,3.7864298545833974,5
3122,3578,4.0,4
3123,1748,3.4415931517258347,1
3123,2046,3.9935841351130925,3
3123,2688,4.2610076226784415,3
3123,3081,3.762154103229748,3
3125,110,3.8474502835176487,5
3125,448,3.0,4
3125,593,3.8317450569958895,5
3125,1089,3.8699628426510477,1
3125,1179,3.742169936685534,3
3125,1645,3.846207791489607,3
3125,1682,3.857684386317888,5
3125,1885,3.6743330247952337,3
3125,1923,3.8628867749568783,5
3125,2058,3.88025510121922,4
3125,2401,5.0,3
3125,3175,3.8831257304682314,4
3126,474,3.8934988853552897,3
3126,1214,3.7424209407522855,5
3128,778,4.126553718852497,4
3128,1246,3.695532598585025,5
3128,1357,4.140214531932102,4
3128,2335,2.7108846811478977,3
3128,3129,3.4885790488603496,4
3129,233,3.0,5
3129,457,3.698212035435938,4
3129,477,3.0,3
3129,1621,3.0,3
3129,1653,3.6538073983188535,4
3129,2145,3.3111481985960336,2
3129,2367,3.4018953753417915,3
3129,2668,3.8355530180998656,2
3129,2676,3.0,2
3129,2889,3.0,3
3129,2915,3.6232956675055066,3
3129,3499,3.8097627957004576,4
3129,3807,3.0,4
3130,1617,3.2739859903715507,4
3130,2288,3.394997804514911,5
3130,2301,2.991130874748456,5
3131,337,2.959537474926088,5
3131,1729,3.0828486670612874,2
3132,3189,3.0,3
3132,3515,3.0,4
3133,1405,3.0,3
3135,2951,4.900092134364841,4
3135,3448,4.083380628575309,4
3137,913,5.0,4
3137,2433,3.5902717933679824,3
3138,95,3.881305372889858,3
3138,1617,3.9314555900501063,4
3138,3127,3.0,2
3139,1270,4.127462738994001,3
3140,903,4.143925478760655,4
3140,969,4.236595090595439,4
3140,1030,4.126769930127853,4
3140,1088,4.203633297197933,5
3140,1220,4.188083279433713,3
3140,1380,4.179673861238588,5
3140,1801,4.08268145147829,4
3140,1831,4.025039517617804,3
3140,2017,4.0,4
3140,2146,4.226950864027379,4
3140,2662,3.730477263302412,4
3140,3529,3.0,3
3141,2011,4.075481106258576,4
3141,2797,4.4477596738799265,3
3142,2352,4.034956352783241,4
3143,318,3.4776013942783472,3
3143,745,4.01952194533816,4
3143,1251,4.0,4
3143,1917,3.178941633577443,3
3143,2108,3.401856577087203,5
3143,3672,3.0,4
3143,3879,3.0,3
3145,1230,3.6480720884880777,4
3146,2921,4.199361899182714,5
3147,380,3.7706034620652904,4
3147,2718,3.0,3
3148,1270,3.9825510602899032,3
3149,3555,4.297050537744291,5
3149,3752,4.663168369959994,5
3150,588,3.709386812509947,5
3151,463,3.0,5
3151,1377,4.445827879585222,4
3151,3755,4.4965940059321525,3
3152,3753,4.490498480109776,3
3155,1208,4.159753021562913,5
3155,2088,3.8704952135151887,3
3156,368,3.29840205760749,4
3156,457,3.5144893957207652,4
3156,3129,3.0,3
3157,34,3.5431038812485665,3
3157,165,3.3109337161605024,4
3157,1259,3.736728757736271,3
3157,1270,3.718905356995645,3
3157,1375,3.750955976030278,3
3157,1663,3.576015054001927,5
3158,1921,4.302881782712415,4
3159,2467,3.0,4
3159,3398,3.8517807771860166,4
3159,3534,4.0,4
3159,3535,5.0,4
3161,246,4.362819209982213,4
3161,3868,4.573627762911144,2
3162,21,3.0466349469031178,1
3162,2947,3.149534008085359,3
3163,1,4.194389439038053,5
3163,269,3.0,4
3163,448,3.0,5
3163,1379,3.6362683818102233,3
3163,1678,4.5380510070122835,4
3163,2001,3.91133065984669,3
3163,2108,4.291292917690232,5
3163,2212,5.0,5
3164,3285,4.0,2
3167,674,4.254622539079314,5
3167,1036,4.099387396826597,4
3167,1694,4.755967721459864,5
3168,2805,3.48603818196448,2
3169,1221,4.688380812616245,5
3169,2009,4.267951844412922,5
3169,2028,4.7008936014046805,5
3169,2533,4.359223924011205,1
3170,34,4.1538383683137186,4
3170,1029,3.7594032981704126,4
3170,1210,3.9975034216392547,5
3171,296,3.9508480886724313,5
3171,1171,4.0,4
3171,1212,4.353552257895153,5
3171,1262,3.9919837833527425,4
3171,1572,3.0,4
3171,3134,4.3630439919291835,5
3171,3788,3.0,4
3172,741,4.512771158955381,5
3172,778,4.151248927953233,5
3172,1625,2.855753897724402,3
3173,2015,4.334924641962861,3
3174,151,3.9587903913988565,4
3174,165,3.6985246372069627,3
3174,265,3.7562986793734052,3
3174,1892,3.7904753281474273,3
3175,593,4.136164937797479,5
3175,2360,3.0,4
3177,2151,3.0,5
3178,1544,2.4926875037074683,2
3178,2287,3.1888899139954305,3
3180,29,3.311261164192922,4
3180,337,3.585587895498449,3
3180,697,3.0,2
3180,1405,2.9921592840651683,3
3180,1476,3.159154096285405,3
3180,2004,2.558352440532517,2
3180,2145,2.997073050622636,2
3180,2236,3.0,1
3180,2240,2.7030469235587824,3
3180,2567,2.421487411800871,2
3180,2716,3.1664888547485535,3
3180,2791,3.258305942050616,4
3180,2872,3.6810106841296997,3
3180,3169,4.277833773562685,3
3180,3174,3.3477808871104084,3
3180,3544,3.0,3
3182,9,2.0,3
3182,639,3.0,1
3182,1051,3.0,2
3182,1093,3.677048290739014,4
3182,1221,3.808186871223452,5
3182,1231,3.8795721078139036,4
3182,1431,2.078481441212476,4
3182,1608,3.2712572128941773,3
3182,1883,3.6199599631225143,1
3182,2001,3.103658618725182,2
3182,2005,3.1431934015589293,2
3182,2059,1.0,4
3182,2194,3.390661604516966,2
3182,2386,3.0,2
3182,2416,3.2588410834572534,4
3182,2470,3.2730730866046227,3
3182,2709,3.5136426718031153,1
3182,2840,4.003100428203709,3
3182,3649,3.0,3
3182,3685,3.363458339137802,2
3183,432,3.5393825718042575,2
3183,912,3.656819330370884,4
3183,1370,3.3557595525851633,3
3183,2023,3.2816378714751213,2
3183,2393,3.0096380305851644,3
3183,3256,3.015541780356479,4
3184,155,3.0,4
3185,223,4.313598952234219,5
3185,608,4.060810777730363,5
3185,1221,4.201312721101528,5
3186,1210,3.6063868914263852,1
3186,1639,3.0684197881139,4
3187,541,3.3559047779384215,5
3187,904,3.0,5
3189,3,2.9407343786969733,2
3189,5,2.8095021302444896,2
3189,232,4.0,5
3189,233,3.0,2
3189,267,2.1436423788464447,3
3189,367,3.51066716866416,4
3189,376,3.6152626779343873,3
3189,413,2.76047669282231,1
3189,480,3.598630487896711,4
3189,1544,3.4731068668547436,3
3189,1676,3.3924177486173805,2
3189,2335,2.8990155348358306,4
3189,2409,3.2971462117181214,4
3189,2597,3.0,3
3189,2724,3.8046366481712885,4
3189,2915,3.759980260737005,4
3189,2916,3.6059350162408452,4
3189,3147,4.145419537558235,3
3189,3255,3.460237173664607,5
3189,3408,3.9024474441114796,5
3189,3454,3.0,4
3189,3535,3.643266058737346,2
3190,3175,4.149379857969201,1
3190,3243,3.990103870573657,3
3191,172,3.182085124046571,3
3191,464,3.1372030455638527,2
3191,597,3.6000771740682698,4
3191,1220,3.8305102204125183,5
3191,1477,3.0,2
3191,1769,3.5291933062004874,2
3191,1876,3.576787149859343,3
3191,2421,3.6219997647997566,3
3191,2722,3.1912673382845123,4
3191,3686,3.5997716898009116,2
3192,551,4.468664246775668,5
3192,780,4.426947764535393,4
3193,6,3.5074289857325573,4
3193,434,3.1105029238117243,3
3193,998,3.0,2
3193,1591,2.5525704204309494,2
3193,2827,3.0,1
3194,3176,3.9104488329079463,4
3196,1073,3.546742627012301,5
3196,1407,3.3101119594265507,5
3196,2369,3.6642334357683057,1
3196,2710,3.1845845936192263,1
3196,2950,2.8696204522237303,3
3197,1089,3.7069495495580234,4
3197,2491,3.0,1
3197,2942,2.067096295790947,1
3198,903,4.395798076665593,4
3198,1241,3.0,5
3198,1303,4.4617048361671,5
3198,1332,3.902076277236534,3
3198,1955,4.502452815178304,3
3199,163,3.845079569121739,3
3199,1619,3.758923363794408,3
3199,1721,3.7546855851537626,2
3199,3623,3.8631084392612793,4
3200,1841,3.0,2
3200,2396,3.9336221430147904,3
3200,2628,3.6043406057529324,3
3201,34,4.375532046815721,5
3201,455,3.0,3
3201,587,4.277240724413906,4
3201,648,4.289778944692039,3
3201,969,4.887792129166085,5
3201,1340,4.12447142828812,5
3201,1345,4.360098040372295,5
3201,2067,4.908304645329882,5
3201,2644,4.155546125222902,4
3201,2688,4.366115498536871,4
3201,3701,3.956171455523914,4
3201,3703,4.437734160256922,5
3201,3730,4.939800755390294,5
3202,150,3.6008286194642007,4
3202,1344,3.0,3
3202,1610,3.6817792052877425,3
3202,3752,3.990675599885041,2
3203,708,4.232864381060799,5
3203,1653,4.563558007618585,4
3203,3408,4.631872767030969,4
3204,1197,4.325499821133501,5
3205,224,3.957494693998853,4
3205,296,3.8808501192440197,5
3205,733,3.6519731993275393,4
3205,1042,3.908367734025734,2
3205,1375,3.723794233201754,3
3205,3105,4.024808772066943,3
3205,3597,3.0,2
3206,785,4.293327973965972,4
3206,2700,4.337757841489805,4
3206,2908,4.501531359249782,4
3206,2997,3.816650009903738,5
3207,2571,4.336628081643848,5
3207,3108,4.380311095735327,5
3208,380,3.5539847618901015,3
3208,553,3.8122637874822836,4
3208,1214,3.4013191501251727,4
3208,1459,3.367785361611747,2
3208,1639,3.660160603197825,5
3208,2412,2.330412032986619,3
3208,3109,3.0,3
3209,303,2.2427014382007506,3
3209,1591,2.0709234680551334,1
3209,1762,2.111176069433815,3
3209,1858,3.207312221382692,3
3209,1912,2.7238886006645173,1
3209,2427,2.9676021159309336,3
3209,2487,3.0,1
3210,300,4.664264340699108,5
3210,919,4.621317570248367,5
3210,1095,4.781020243609275,4
3210,1260,4.738386983332225,5
3210,1361,3.0,4
3210,2070,4.0,5
3210,2757,3.0,5
3211,39,3.3563651413640985,4
3211,1299,4.535224117788228,5
3211,2871,4.493192562607236,5
3213,589,3.7779886938058667,3
3213,832,3.781877029573601,4
3213,1892,4.659149519921369,4
3213,2890,3.7308633203028547,4
3216,440,2.9708460158870955,3
3216,1569,3.2664011546360885,2
3216,2202,3.0,4
3216,2238,3.0,4
3216,2324,3.738698937662915,3
3216,2918,3.054403516844698,4
3216,3079,3.0,3
3216,3108,3.5822818505180876,3
3217,339,3.845579583493941,4
3217,1177,4.0,5
3217,1246,3.710392881221475,4
3217,2021,3.462602779696744,5
3217,2175,3.0,4
3217,2644,2.0,5
3217,3791,3.592756366274746,4
3218,2858,3.6974434395789486,5
3219,356,4.0055017466131835,5
3219,886,3.0,4
3219,2006,4.1054542882450695,5
3219,2671,4.152205195994992,5
3219,2978,3.0,5
3219,3753,3.964661694193935,3
3219,3852,3.0,4
3220,446,3.0,4
3220,2940,4.495558856425181,4
3220,3702,3.7854217045899743,3
3221,494,5.0,3
3221,737,2.0,1
3223,2396,4.013968144718327,4
3224,185,3.7352103540093387,4
3224,342,4.120667949896106,4
3224,536,3.0,4
3224,628,3.899127058935975,4
3224,1020,3.823843184556218,3
3224,1028,4.059336410484485,4
3224,1030,3.736578422036763,2
3224,1041,4.399745394011157,5
3224,1131,5.0,3
3224,1231,4.195242120339645,4
3224,1563,3.0,4
3224,1586,3.60489145072747,2
3224,1968,3.8505151242584468,4
3224,2124,3.7439633546309397,3
3224,2144,3.8726259145653423,5
3224,2262,3.819338222422196,4
3224,2302,3.8860095331786177,4
3224,2360,3.0,5
3224,2367,3.0018115051065535,3
3224,2501,4.342190131932905,3
3224,2528,3.8460717073309616,3
3224,2683,3.8187784088246066,3
3224,2707,4.159613893288182,4
3224,2735,3.4097214507494993,2
3224,2749,3.0,4
3224,2841,4.112843548607432,4
3224,2858,4.096541151910794,5
3224,2950,3.5753884319231353,3
3224,3358,4.166428940525183,5
3224,3426,3.0,3
3224,3515,3.0,4
3224,3688,3.574524281978166,3
3224,3844,3.6737745747115738,3
3226,1080,4.5418836373481195,5
3226,1264,3.0,5
3227,527,4.135697609696397,5
3227,922,4.905039256920377,5
3227,1343,3.9549285551213744,5
3227,1392,3.0,4
3227,1562,2.4502217221081257,2
3227,1870,3.0,4
3227,2997,4.18040743866533,5
3227,3246,4.153446413144971,4
3227,3408,4.300582112760233,5
3228,2369,4.2200337978907125,3
3229,1,3.6469398387087733,3
3229,1041,4.168837412611014,3
3229,1260,2.7256629766161904,1
3229,1997,3.9637630114890268,1
3229,3504,3.913696974719527,5
3230,150,4.441194213684824,5
3230,593,4.358273856425857,3
3230,1429,5.0,4
3230,1748,4.079667895149777,4
3230,2826,3.9940594560479807,5
3230,3697,4.333105129426011,3
3231,589,4.130420539084607,4
3231,1090,4.203898787105393,5
3231,1097,4.1958481417248095,4
3231,1291,4.18911245010147,5
3231,3448,4.10538103481791,4
3232,441,2.6485770653088916,3
3233,1041,4.537618089235275,5
3233,1084,4.396525383966949,5
3233,1089,4.292089988244859,4
3233,1147,3.0,5
3233,2677,3.0,4
3234,233,3.0,1
3235,2581,4.476722624516763,3
3235,2628,4.356719614285733,5
3236,2463,2.4953902134057255,3
3236,2829,3.0,2
3236,2918,2.5034938759677843,3
3237,1249,4.222470114736396,4
3237,3176,4.23091047941364,3
3238,2728,5.0,4
3238,3811,4.489232168361623,5
3240,1747,3.741874011273351,4
3241,253,3.33675188146539,3
3241,529,4.1772808518862306,4
3241,1732,3.6567112122526235,5
3241,3079,3.0,4
3242,1376,3.755347904473798,4
3242,1676,3.619492569542821,5
3243,165,3.956884831570163,4
3243,260,4.118021445758095,5
3243,380,3.955466872199746,4
3243,593,4.118880307002301,5
3243,1270,4.113582465132875,5
3243,1920,3.5766636892564585,2
3243,2058,3.9418212609392294,5
3243,2571,4.031457094716738,5
3243,2605,3.8665046635948515,4
3243,2881,3.8823008706561577,3
3243,3863,3.6812658604366626,2
3246,361,3.9474510216083774,2
3246,1682,3.5031974036365234,3
3246,1788,3.0,5
3246,2028,3.566836118720911,5
3246,2357,3.0,5
3246,2906,3.0,3
3246,3705,2.674219004835445,3
3246,3822,3.0,2
3249,1221,4.366261053483892,3
3249,2858,4.421468816603757,4
3250,50,3.5209144275522393,5
3250,1120,3.572100599220148,3
3250,1513,3.1112651175393036,1
3250,1617,3.121882248939196,5
3250,1680,3.411619459737123,2
3251,1199,4.168234663855915,5
3251,1235,4.741259296850904,5
3251,1960,4.506630045839675,5
3252,3174,3.020703878140103,3
3253,356,3.6198299437460557,2
3253,3789,5.0,4
3253,3809,3.7309136330127677,4
3257,1221,4.424937148357644,4
3257,2916,4.26310194860656,3
3257,3147,4.1753238167925915,4
3257,3148,3.9567856989788552,5
3257,3186,1.0,3
3257,3707,3.0,3
3259,296,4.2224924878991885,3
3259,1200,4.237089451229546,5
3259,2116,4.340111901362502,4
3259,2161,4.185968770984788,4
3259,2194,4.316821020426539,5
3259,2329,4.303946241961662,5
3259,3480,3.0,4
3259,3911,4.484598677267208,5
3260,1080,4.164801596550913,3
3260,1240,4.16155794462544,5
3260,1270,4.158122442129216,4
3260,1956,3.9089239846867168,3
3260,3107,4.182941878598616,4
3261,866,4.266661993580175,5
3261,1245,4.145761198158159,4
3261,1270,3.7610698350874032,4
3261,1376,2.981584815145601,3
3261,1377,3.097895174381526,4
3261,2447,2.9958112820895657,4
3261,3105,3.974367204726916,2
3261,3156,3.0,1
3261,3728,3.0,4
3262,708,3.622571247851727,2
3262,2371,3.91859009313269,4
3262,3552,3.830190933524226,4
3263,1250,4.026798494464775,5
3263,1334,3.4820678201159057,4
3263,3448,3.888431364698272,3
3263,3639,3.9640681955676422,3
3264,3176,3.993939690317182,4
3264,3301,3.0,2
3265,6,3.2468770706363683,4
3265,748,2.7031662517836796,3
3265,1034,3.0,3
3265,1201,3.5976626535112706,3
3265,1407,3.174666387548379,4
3265,1970,2.2517320213022547,4
3265,2000,3.1992502343263567,5
3265,2803,3.044877943994732,2
3265,3070,3.1694503281573954,2
3265,3764,3.0623090839108813,1
3266,589,4.4534486187327404,4
3266,1805,4.315142494325611,3
3266,2028,4.477421179903892,5
3266,2318,4.6696035113263035,5
3266,3744,2.962637268266967,4
3268,344,3.920749158442556,3
3268,541,3.887794597998415,3
3269,50,4.070149297578999,5
3270,608,3.9991280461567924,3
3270,707,3.0,2
3270,1259,3.9868453403355324,4
3270,1873,3.0,3
3271,11,4.20996998052477,4
3271,1066,3.0,3
3271,1213,4.0840228321104215,4
3271,1704,4.127319611480968,4
3271,2121,3.162461245931263,4
3271,3396,3.971332087967469,3
3271,3591,3.9189681210972522,4
3272,21,3.848099821676551,3
3272,367,3.936080746148635,4
3272,517,3.9423783594517205,4
3272,765,3.5141015417785035,4
3272,858,3.9470466786856333,5
3272,969,4.075618107454288,4
3272,1029,4.173383974234579,4
3272,1090,3.9234175390877533,4
3272,1240,3.9518788090557115,5
3272,1304,4.056552170996813,4
3272,1460,4.0,4
3272,1953,3.975821778063417,4
3272,2015,4.171444933698168,4
3272,2052,3.8992750273561176,4
3272,2111,3.654658834434529,4
3272,2142,3.840953066959954,4
3272,2268,3.9019817233040897,4
3272,2287,3.995720883738136,3
3272,2378,3.8521015226680637,5
3272,2468,3.813142805287798,4
3272,2791,3.8115993994529833,4
3272,2951,4.155981044157718,4
3272,2987,3.9686243182014254,4
3272,3060,3.674416245303867,3
3272,3203,3.9887890912268316,4
3272,3263,3.87197966707627,3
3272,3418,3.9227247990305747,3
3272,3445,3.0,3
3273,318,4.559861553090858,3
3274,329,3.1533736715556033,3
3274,457,3.4984203829518954,5
3274,783,3.641305721788542,3
3274,1200,3.4394810700767735,5
3274,1371,3.2854023621764474,2
3274,2092,3.161731500627,2
3274,2140,3.4222899652663594,4
3275,2858,3.4885766635544186,1
3276,372,2.0,2
3276,1617,3.2821116919010693,1
3276,3250,3.0,4
3277,253,4.289241312289475,3
3277,306,5.0,5
3277,736,4.179442323794273,4
3277,3263,4.093829742209242,2
3277,3363,4.269734648545527,4
3278,2937,3.0,5
3279,736,2.9184067519732455,3
3279,748,3.0158887684644733,4
3279,1242,3.0558319220883026,5
3279,1584,2.9906111230270405,4
3279,3276,3.0,1
3279,3873,2.45937897365863,2
3280,203,2.0182283951617985,3
3280,441,3.62026532735061,5
3280,785,3.3633077477863194,4
3280,1027,2.1862309615971722,3
3280,1089,3.5164241890443013,5
3280,1198,3.281366455717759,4
3280,1784,3.058031365903897,5
3280,1957,3.2720065074882347,2
3280,1968,3.298179580322099,4
3280,2001,2.986498355649444,2
3280,2249,2.444117731060993,2
3280,2340,3.0,3
3280,2423,2.685818022444461,2
3280,2517,3.1199027165303543,2
3280,2700,3.5149172173800505,2
3280,2804,3.4947573306405353,3
3280,3006,3.8184438837582264,3
3280,3175,3.1569468473745594,2
3280,3623,3.0622356205706955,2
3280,3649,3.0,2
3281,1,4.294863565899692,4
3281,349,4.137069229051997,4
3281,1304,4.371073308608555,4
3281,2058,4.2107154369221576,4
3281,2423,4.2823244227708255,4
3281,2791,4.158336165946657,5
3282,969,4.60352998446037,5
3283,910,4.47874434715038,5
3283,1378,3.795960783351175,3
3283,2311,3.7602482560679453,5
3283,2408,3.3864901404591294,1
3283,2529,3.9679644039803157,4
3283,2791,4.221430238288461,5
3283,3074,5.0,5
3283,3701,3.981952795324545,3
3284,1279,3.0,5
3285,16,3.976488752367569,4
3285,110,3.952845817504722,5
3285,431,4.2508854862327885,4
3285,448,3.0,4
3285,588,3.8160268023803425,5
3285,597,3.61733682448612,5
3285,1051,3.0,4
3285,1885,4.327600149429309,3
3285,2794,2.8888624838291466,3
3285,2799,1.3873067101492709,1
3285,2952,3.0,4
3285,3261,3.9795458780994912,3
3285,3263,3.4773619099259383,3
3285,3697,3.2447400254123977,4
3286,3549,4.6708679619250795,4
3287,1952,4.794126328232745,4
3288,516,3.0,3
3288,1196,3.7799570088443835,4
3288,1210,3.821038291421061,5
3289,750,4.68215779174445,5
3289,3802,2.0,2
3290,1732,3.700693014949501,3
3290,2997,3.6099916043128517,4
3290,3863,3.0,5
3292,910,4.559633488233003,5
3292,914,4.562036217921995,4
3292,947,4.760585889811568,5
3292,973,3.0,4
3292,1083,4.0,3
3292,1084,4.457181952461436,5
3292,1207,4.650825362071889,5
3292,1212,4.6450921874954885,5
3292,1293,4.648803940972244,5
3292,1542,3.0,5
3292,1688,3.9056220537049104,4
3292,2001,4.132265241600575,3
3292,2049,3.0,3
3292,2052,3.369404914380851,4
3292,2137,4.090230417425365,4
3292,2141,3.959274335902436,4
3292,2287,3.9777524709254317,3
3292,2409,3.769516942261103,4
3292,2524,2.955345281357509,3
3292,2528,4.146975022561231,4
3292,2644,4.493688927238466,4
3292,2890,4.203424188819486,3
3292,3068,4.2006360648411585,4
3292,3186,2.0,4
3293,2000,3.5058385709438715,4
3294,1285,4.450012451246212,5
3294,1466,4.606982066687283,5
3294,1620,4.387975349510363,4
3294,2027,3.0,1
3294,2194,3.8533016844149905,5
3295,1735,3.0,5
3295,2707,4.128786322910523,4
3296,785,4.540368101346179,5
3296,2772,4.0,5
3297,1466,3.8492385674710303,3
3297,2916,3.68601254024526,4
3298,1513,4.246465402482128,5
3299,1193,4.283568213238041,5
3299,1245,4.752226834551173,5
3299,1247,4.314726289611886,5
3299,1273,4.496634286261758,5
3299,1293,4.322733852287615,4
3299,2245,3.8909976098165546,3
3299,3083,3.0,4
3299,3545,4.588136702920907,5
3299,3704,3.8801261687812834,4
3299,3788,3.0,3
3300,21,4.188652990044807,5
3300,949,3.0,4
3300,1213,4.208534517917281,4
3300,1276,4.487442223464161,5
3300,1913,5.0,5
3300,3363,4.3222540877916,5
3300,3503,3.0,1
3301,1228,4.249277516745964,5
3301,1299,4.278706286169111,5
3301,1354,4.339082780385675,5
3301,2351,5.0,5
3301,3588,3.0,3
3301,3747,3.6946136114273633,5
3301,3786,3.0,3
3302,527,3.5905535212349293,3
3302,2699,3.8557374352572182,2
3302,2722,3.58971834829545,2
3302,3752,3.99190748542971,1
3304,426,3.7552911484315956,3
3304,1219,4.395509384170239,5
3304,1220,4.46902984110048,4
3304,2099,4.367222459695297,4
3304,2288,4.680681497503451,3
3305,2058,4.14207156396814,3
3306,3176,5.0,5
3308,11,3.6543112107430726,4
3308,372,3.6292841385110437,4
3308,594,3.9989344490135954,5
3308,608,3.769119743700115,4
3308,836,2.579462170416867,3
3308,837,3.0,3
3308,852,3.4132392463938435,3
3308,1036,3.574211314413648,3
3308,1620,3.0449318256445004,2
3308,1867,3.0,2
3308,1967,4.128123489262324,5
3308,2162,4.0367890355688605,3
3308,2236,3.0,5
3308,2422,3.1525494812378545,3
3308,2478,3.439772711166779,4
3308,2616,3.2260217238081252,2
3308,2683,3.7039066225269033,3
3308,2746,3.86368045562241,4
3308,2982,2.0,2
3308,3105,3.7256391737578483,4
3308,3175,3.906215639774406,4
3308,3197,1.9616070359177797,3
3309,110,3.7295463007298473,5
3309,593,3.74984589261604,4
3309,1215,3.7230300144669086,4
3309,1690,3.6346791437198522,3
3309,2393,3.7138053302819047,4
3309,3793,3.8863309229685177,4
3310,2000,4.472858884398067,4
3310,2355,4.354524004589148,4
3311,47,3.442215170088955,5
3311,126,1.0,1
3311,141,3.3931623339358157,4
3311,230,3.0684262259593313,3
3311,356,3.3379923321241614,4
3311,548,2.125605195276738,3
3311,1370,3.274670275729516,3
3311,1499,2.371247485947766,1
3311,1777,3.3428744793688936,4
3311,2026,2.630686752420088,3
3311,2291,3.388762154273492,3
3311,2296,2.0,3
3311,2325,4.0,4
3311,2416,3.021201918133671,3
3311,2596,3.0,3
3311,2683,3.5108767578266806,4
3311,2716,3.3340960738419048,4
3311,2763,3.1704820406477623,3
3311,2808,3.194364808180212,3
3311,2871,3.354048539217833,2
3311,2986,2.868988827245305,2
3311,3391,2.465384610705437,1
3312,150,3.197623749255637,2
3312,1022,3.1378332342571915,3
3312,1050,3.0,4
3312,1092,3.3502132279288843,3
3312,1224,4.0,4
3312,1464,3.0,3
3312,1747,3.330297902376868,3
3312,1784,3.274036039992734,3
3312,2906,3.0,2
3312,3020,3.1468479460043035,3
3312,3039,3.2947013052140384,2
3312,3052,3.3698389092599443,5
3312,3249,3.1470504377623048,2
3312,3325,3.0,1
3312,3760,3.0,4
3313,861,3.7808551261270797,4
3313,940,5.0,5
3313,1047,3.43451925967132,4
3313,1095,3.7733479090721787,3
3313,1253,3.709115228669116,4
3313,1270,3.872193500830041,5
3313,1438,3.3553338901870076,4
3313,1663,3.7956695693738225,4
3313,1676,3.6110140458456192,4
3313,2161,3.797514830515084,3
3313,2640,3.7171558104932005,4
3313,2716,3.763740294180417,4
3313,2780,3.0,3
3313,2951,4.001899384290047,4
3313,3175,3.650054032342948,5
3313,3444,3.5679695486387195,3
3313,3471,3.837701911401645,5
3313,3638,3.7964535449505292,3
3314,1035,4.193638562805669,4
3314,1407,4.148874913265767,4
3314,2243,4.248786388202695,3
3314,2395,4.3548667620138675,4
3314,2541,3.743417472700578,5
3314,2598,3.458358723014956,4
3314,2668,3.7796645929222388,4
3314,3081,3.8487570310662664,4
3314,3479,4.165305506958515,5
3314,3660,5.0,5
3314,3869,3.584280130479384,3
3315,553,4.338832340953966,4
3315,2001,4.159997730078231,5
3315,3259,3.602809261741143,4
3316,899,3.8942453851177614,5
3317,1927,5.0,5
3317,2387,3.0,1
3318,1267,4.571062027167782,4
3318,1299,4.741191501767408,4
3319,931,3.0,4
3319,2066,3.0,5
3319,2345,3.0,3
3319,2932,3.499048463393644,3
3320,7,3.6185901746148534,4
3320,207,4.094344691446244,4
3320,432,3.0681616287694706,4
3320,471,3.3036156636032272,1
3320,747,1.0,3
3320,1207,3.8301188389972443,5
3320,1286,3.333326935654148,4
3320,1320,2.8360127698443236,1
3320,2382,2.4056349212023522,1
3320,2907,3.0,4
3321,2064,4.206557954729402,4
3321,2716,3.8819732962469042,4
3321,3198,3.0,5
3321,3359,4.170177190917684,3
3323,111,4.452363132787621,5
3323,2490,3.0193304465699877,3
3323,2881,2.6812806993918095,3
3323,2973,4.343773810143884,4
3324,1240,5.0,5
3327,60,3.0,3
3327,247,4.247176781027523,4
3327,913,4.388982664898311,4
3327,1197,3.9160066489699568,5
3327,1223,5.0,5
3327,1464,5.0,4
3327,2355,3.913173218107773,4
3327,2428,3.083024653067619,3
3327,2710,3.53272222368898,2
3327,2722,3.123070468150833,2
3327,3701,3.5248429722396395,1
3328,151,4.010056895060703,4
3328,492,3.0,5
3328,1043,3.0,2
3328,2247,5.0,4
3328,2396,3.719003009536323,4
3328,3020,3.604950944341462,1
3329,1199,4.053281633555634,5
3329,3200,3.7591721666550937,5
3330,2686,5.0,5
3331,3176,3.632986504410528,3
3332,3203,3.20451012748192,5
3333,1848,3.0,1
3333,2001,3.6355192808690617,3
3333,3409,3.973407467085094,4
3334,32,4.110712804435674,1
3334,43,3.0,3
3334,50,4.109288380977581,4
3335,39,4.0536501997095655,4
3335,1136,4.089027404370932,3
3336,135,2.006909955590932,2
3336,517,2.531473664033648,2
3336,543,3.1422528861366796,2
3336,1120,3.3138652783573734,3
3336,1485,2.948965069353757,2
3336,1610,3.18272788814801,3
3336,2476,2.2710187463539917,4
3336,3809,3.17472841695954,2
3338,1193,4.136473916143944,4
3339,296,4.605661097573599,5
3341,1213,4.308704890761036,5
3342,2701,3.9879410017753227,3
3342,3593,3.0,3
3343,3225,3.0,5
3345,1304,3.6212338137399813,3
3345,2051,4.0,4
3345,2944,3.5915907809061722,3
3346,111,3.8695920535995243,4
3346,1198,3.8900883735178935,4
3346,1221,3.826529629901991,3
3346,2064,3.935254877913597,4
3346,2919,3.8807263881618717,4
3346,2940,4.0,4
3347,3155,3.0,4
3348,914,4.508438008664043,4
3349,367,3.8641668371231095,4
3349,368,3.8942957854398337,5
3349,1573,3.915397585233008,5
3351,2694,4.327264211850981,4
3351,2757,3.0,4
3352,382,4.090967686819016,3
3352,1327,3.771365775836628,3
3352,2554,4.0,3
3353,608,4.404170979936665,5
3353,2817,1.804695220216793,1
3353,3363,4.563363928659155,4
3353,3635,4.292546610799677,4
3355,1193,4.050466333735314,5
3356,1222,4.427333449455985,5
3356,2550,4.319181891299373,5
3356,2654,4.193527969605259,4
3358,104,3.907589839100194,4
3358,1127,3.889939268924351,4
3358,1379,3.3840540741291294,3
3358,1962,4.054133996920188,4
3358,2616,3.6825579511925404,2
3358,2716,4.017065003449026,4
3358,3259,4.119215331688442,3
3359,1408,3.1628568642110726,4
3359,1639,2.8065338919523777,4
3359,2858,3.6615160621427068,4
3360,357,3.5982112286277417,4
3361,599,4.241412244197204,3
3361,2278,4.008562460501033,5
3361,2291,4.106120062093441,5
3361,2353,3.879801196938072,4
3361,2403,3.8408374959450566,5
3362,1060,3.482409072416417,3
3362,2858,3.982609738963787,3
3363,48,3.4315668718885948,3
3363,593,3.574398660309448,3
3363,1088,3.872965588098583,4
3363,1183,3.74225888144207,4
3363,1414,3.0,3
3363,2100,3.648099995851848,4
3363,3396,3.6837735060713115,3
3364,537,3.0,3
3364,1569,3.5560751223569667,3
3364,3357,3.0,4
3365,1016,4.234701328183081,4
3365,1373,4.250272346812045,3
3365,1375,4.32349986023524,5
3365,1387,4.438347552546588,5
3365,2011,4.30949968986007,4
3365,2431,4.469764532342069,5
3365,2863,4.574995317971032,5
3365,3809,4.395675657066224,5
3365,3826,3.0,4
3366,1291,3.7654812905356705,5
3367,318,4.380304319231087,5
3367,1147,3.63473664305217,4
3367,1299,4.3933049019338934,4
3367,1694,4.836086930530165,3
3367,1964,4.3900554400588785,4
3367,2969,3.0,4
3367,3152,4.464235585618502,4
3367,3200,4.287016830180559,4
3368,231,4.077788099865852,5
3369,2804,3.759395539537482,4
3370,1222,3.4495952512500025,4
3370,1394,3.5992617767135497,4
3370,3421,3.504583568444091,2
3371,497,3.370310581204552,3
3371,556,3.0,5
3371,700,3.0,3
3371,899,3.9691103882426813,5
3371,919,3.4236902312114195,5
3371,1031,2.7632122414193114,4
3371,1254,4.5507329837890715,5
3371,1916,4.0,1
3371,2853,3.0,2
3371,3006,3.782876203448393,4
3371,3435,4.409423010852534,5
3372,942,4.0,4
3374,36,4.049815119232592,3
3374,471,4.692473089231589,4
3374,2300,4.153341551145205,4
3375,1625,3.2354268975613767,4
3377,111,4.0507212600671085,4
3377,170,4.16491993485784,4
3377,2763,4.139942362381896,4
3377,3476,4.360029540944111,3
3378,48,4.26655542658336,3
3378,1258,3.867244774555344,2
3378,1387,4.019467031368346,5
3378,2124,3.613681208493545,4
3379,2770,4.195644445655212,4
3380,296,3.77419912695406,5
3380,1081,4.0740492849765015,3
3380,1380,3.830098397588959,4
3380,1997,3.7602723832829468,5
3380,2000,3.69830278015419,3
3380,2728,4.007970532102961,5
3380,2797,3.5081842006092914,4
3380,2967,3.0,4
3380,2985,3.3476523780065195,4
3380,3685,3.9252356082675153,3
3381,3882,3.0,4
3383,1639,3.118731264827707,4
3384,1203,5.0,5
3384,1210,3.958886026682891,4
3384,2011,3.7551480751143123,4
3386,2770,4.2056430851302276,1
3386,2861,3.0,3
3387,1213,3.5046774476915683,4
3387,1221,3.623896181273653,5
3387,2112,2.8416916088210566,4
3388,1410,3.0,3
3389,6,3.342225451247012,4
3389,293,3.597552909483625,4
3389,438,2.5205983950724073,2
3389,733,3.05643811106341,2
3389,1282,3.5175274791186526,5
3389,1288,3.407999466750994,3
3389,1394,3.2882416371646763,3
3389,1911,2.8495706626050596,2
3389,1997,3.247382597017298,3
3389,2109,3.546724637469909,3
3389,2278,3.267037598968514,3
3389,2393,2.900443630659177,2
3389,2788,3.3334867884886057,4
3389,2918,3.1881153879122364,4
3389,2944,3.654658764499141,4
3389,3016,2.967123531523897,3
3389,3440,2.450436504611832,2
3389,3701,2.8802654846629294,3
3390,1643,4.0,4
3390,3350,4.0,4
3391,44,3.3256011754248718,4
3391,153,3.859189951484663,3
3391,209,3.0,2
3391,246,4.86982043343328,4
3391,569,3.0,3
3391,637,2.8017333931755957,3
3391,1053,3.0,3
3391,1061,4.616334823230324,3
3391,1198,4.11779851557721,5
3391,1484,3.0,4
3391,1563,3.0,4
3391,1670,3.0,4
3391,1797,3.0,4
3391,1845,5.0,5
3391,2011,4.203471557904079,5
3391,2114,4.55977352409887,4
3391,2133,4.247427632085098,4
3391,2141,4.02715117271762,3
3391,2468,4.065216413229187,3
3391,2471,3.701735272878417,2
3391,2639,4.586564275681043,4
3391,2752,4.0,3
3391,2866,4.0,4
3391,2898,3.0064109353496593,3
3391,3514,3.0,4
3391,3697,3.744578846710587,2
3392,349,4.478753520167531,4
3393,1214,3.5081463922801137,5
3393,1250,4.264551014127117,5
3393,2019,4.4369046059483175,5
3393,3440,1.0,1
3393,3654,4.497741916756947,5
3393,3701,3.590548695362479,3
3394,1580,4.008971005156953,4
3394,2657,3.725439487720019,3
3394,3576,3.5442085357816286,4
3394,3703,4.03428332727888,4
3397,3152,4.476971771104638,5
3398,2289,3.6549663865485384,4
3398,2321,3.6007429070251633,3
3399,2985,3.6592960939158488,4
3400,648,4.1405476027747135,4
3400,1201,4.5001421305712705,5
3400,2019,4.81932587217996,5
3400,2402,3.759114163291133,3
3401,551,3.6199182919970307,3
3401,923,3.8986446828569763,4
3401,986,3.0,3
3401,1129,3.6256137097105334,4
3401,1209,3.8772711653531857,4
3401,1307,3.598007734151526,4
3401,1321,3.0759395164941736,1
3401,1375,3.6157582207739414,4
3401,1388,2.422666599631136,2
3401,1588,3.407155604043301,3
3401,1732,3.6315680156240098,3
3401,1863,3.0,2
3401,2046,3.5209887859745512,3
3401,2146,2.9426434446463805,3
3401,2150,3.5001102909861337,4
3401,2338,1.3319010338010682,1
3401,2985,3.4056617108682303,4
3401,3068,3.356957118375928,4
3401,3130,3.0,1
3401,3753,4.069466253410943,4
3402,994,3.605609771466231,4
3402,1206,3.908078191084072,4
3402,1208,3.8019896591738958,3
3402,1247,3.8740258654215953,4
3402,2729,3.8052403042238123,5
3402,3363,3.857998975660083,4
3403,2490,3.9360614868880783,4
3403,2728,4.0,4
3405,3077,3.0,5
3408,1221,4.093596334745975,4
3408,2028,3.9523896195573904,5
3409,356,4.451220047468407,5
3409,1097,4.473699897554593,4
3410,1,3.288786071622868,4
3410,34,3.43301572611944,4
3410,206,4.0,2
3410,477,2.491013177081562,3
3410,708,3.0985621595849557,3
3410,1096,3.3310443758335433,5
3410,1136,3.3705353638348354,3
3410,1350,3.6440060502673806,4
3410,1392,3.0,4
3410,1407,3.226058133053286,5
3410,1484,3.0,4
3410,1653,3.2700697117747204,2
3410,2078,3.345686914770629,3
3410,2321,3.2404390049976213,4
3410,2626,4.0,4
3410,2723,2.960105426000355,4
3410,3379,3.0,3
3410,3526,3.1413004802721685,2
3411,47,3.289310130316118,4
3411,541,2.9428530649312474,4
3411,891,1.0,1
3411,1148,3.307843981110325,2
3411,1197,3.210583546754942,2
3411,1240,3.2150468842111635,3
3411,2107,1.4091685540239647,1
3411,2706,3.0102683940707964,2
3411,2716,2.877497845574493,3
3411,3355,3.0,2
3411,3424,3.841434138822734,4
3412,43,3.0,4
3412,63,3.0,4
3412,474,4.387925057058257,5
3412,2976,4.0,3
3413,155,3.0,2
3413,1148,4.1192318990086925,5
3413,2396,4.2981265094702366,5
3413,2671,3.9658659035090333,3
3413,3148,4.392593478822337,4
3414,1090,4.561387348770307,4
3414,1271,4.308718409368023,4
3414,1391,4.1634455604042575,4
3414,1614,4.303249262788448,4
3414,1848,3.0,4
3414,2527,4.732660000242687,4
3415,1704,3.9163988910924927,5
3415,3006,4.072889144364058,4
3415,3081,4.508934134783025,4
3415,3253,3.9117978712676327,4
3416,364,3.990632388927159,4
3416,480,3.945081424168695,3
3416,786,3.856480574567656,2
3416,1268,4.164969964396569,5
3416,1756,5.0,4
3416,1845,5.0,5
3416,2021,3.888809924744007,4
3416,3499,4.138249380584322,3
3417,2108,3.5608606990538765,4
3417,3764,3.0,1
3418,963,3.0,5
3418,1210,3.8002690150790577,4
3418,3483,3.0,1
3418,3744,3.962637268266967,3
3419,788,3.746834197047648,4
3419,1179,4.246366089695905,2
3419,1954,4.251991472931953,5
3419,1961,4.245077019942477,5
3419,2009,3.656184369971555,3
3420,1344,4.523176576959313,4
3420,3072,4.590528304219313,5
3421,593,4.539943938744943,4
3422,380,2.8951076471068116,1
3422,589,3.1480671517340246,3
3422,908,3.902363075959893,4
3422,915,3.206240562095791,4
3422,1200,3.3056372748141882,4
3422,1468,3.0,1
3422,1663,3.3470028116894435,4
3422,2174,3.335901729894638,3
3422,2291,3.27163342514171,3
3422,2302,3.0958877335420754,3
3422,2518,3.3249103213622493,3
3422,2791,3.4119611175117517,4
3422,3388,2.015825031489994,3
3422,3524,3.1158038683816214,3
3422,3552,3.2541178154504795,4
3423,968,4.242725379845252,3
3423,1580,4.22431847977036,5
3423,1647,4.0,2
3423,2424,4.393271356238152,5
3423,2518,4.115710033722758,4
3423,3225,3.0,4
3423,3793,4.107026415149568,4
3423,3897,4.7045105533586575,5
3425,356,3.8725436621953446,5
3425,377,3.311406115781546,2
3425,508,4.027166481332246,4
3425,648,3.6355513975439147,3
3425,1518,2.564440122508934,4
3425,1627,4.025586488340065,4
3425,1663,3.9060234822760163,4
3425,1676,3.3451890352185822,4
3425,2863,4.58724916123006,4
3425,3551,4.493664158963018,4
3425,3608,4.027160833265149,5
3426,50,3.963362373668785,5
3426,293,3.7749017774143176,4
3426,832,3.5884304803079132,4
3426,1212,4.7660205105833775,5
3426,1459,3.4544711306658007,2
3426,2288,5.0,3
3426,2952,3.0,5
3426,3863,5.0,5
3428,468,5.0,5
3428,908,4.325026935452296,5
3428,1537,3.0,4
3428,2245,4.080119953468075,4
3429,2599,4.25062232271151,4
3430,904,3.9104058124092025,4
3430,920,3.7561620775050786,4
3430,1270,3.494627041366074,4
3430,1643,3.230633038818278,3
3430,1961,3.55436693764567,3
3430,2190,3.0,4
3430,2341,3.0,1
3430,3052,3.4135800578517816,2
3430,3100,3.533186070466696,5
3432,1288,3.422386587528723,5
3432,1476,3.578969701144913,3
3432,2001,3.3116394680975634,4
3432,2301,3.362677109549031,4
3432,2746,3.4515766119705216,1
3432,3039,3.175881594934054,3
3433,2028,3.7663569821049454,2
3434,36,4.340566789572016,4
3434,208,3.4295983085257546,5
3434,1485,3.720840808157661,3
3434,1858,3.649608616871392,3
3434,2302,3.8293786038342623,2
3434,2539,3.7945712287479236,3
3434,2628,3.603365202081029,5
3435,916,3.9251643211991487,4
3435,1265,4.031471400530381,5
3435,1307,3.7176122540044347,5
3435,2539,3.9612430957968967,5
3436,1204,4.569348711662381,5
3436,2401,5.0,5
3436,2817,1.0,1
3436,3093,3.3213450527944484,1
3436,3717,3.48419926554356,3
3437,3052,4.632391047279904,5
3438,1912,3.5162422822927244,1
3439,2145,4.2543256156498375,4
3439,2371,4.349033186284087,3
3440,1784,4.205745456735952,4
3441,36,3.4290693426506467,2
3441,165,2.689145317241134,3
3441,292,3.082015903759685,2
3441,1259,3.3770510687870887,3
3441,2541,3.327455866315794,4
3441,2908,3.446084943293676,4
3441,3005,3.692386352136773,4
3441,3418,3.284725232347232,3
3441,3897,3.588623151921599,3
3442,1175,4.611899103001205,3
3442,1240,3.650481237419147,3
3442,1278,3.7829322103334744,3
3442,2193,3.64324581533949,4
3442,3697,3.3272593739414535,2
3444,922,4.210773037864681,5
3444,2181,3.0,2
3444,2295,3.0,2
3445,3702,3.933269830028583,5
3446,1258,4.5347073822719,4
3446,2245,5.0,4
3447,110,3.973031192732574,5
3447,608,4.019722691537784,5
3448,733,3.996586834852618,4
3448,1912,5.0,3
3449,1196,4.353270681299322,5
3449,2324,4.303181751799921,4
3450,100,3.0,3
3450,543,4.07734527970179,3
3450,1358,4.0583760992476305,4
3450,1401,3.0,3
3450,1422,3.763002728935422,4
3450,1484,3.0,1
3450,1620,3.9909319169980106,3
3453,144,3.0,3
3453,908,3.8270807570971255,4
3453,924,3.737335296854417,3
3453,1094,3.8569126641420803,4
3453,1873,5.0,5
3453,1907,3.195686496211541,3
3453,1947,3.6837553291625045,5
3453,2023,3.7627445881558272,2
3453,2605,2.8865934453900164,3
3453,2728,3.2051485025466806,3
3453,2797,3.121691570221635,1
3453,3082,3.102676466251565,4
3453,3158,3.0,2
3454,23,3.0,3
3454,151,4.09526044672727,3
3454,216,2.98146018970382,3
3454,1101,3.761306397734878,5
3454,1342,3.21801971506498,3
3454,1688,4.499570609731426,4
3454,1968,3.6132905912476234,5
3454,2763,3.5481410903414345,5
3456,3702,4.838821170956178,5
3457,164,4.0,3
3457,457,3.769112446458991,2
3457,2762,3.3121832427646924,5
3457,3105,3.8306880123576725,2
3457,3717,1.5348721492545028,1
3458,534,5.0,4
3458,1235,4.358227568873369,4
3458,2700,4.08479538420586,5
3459,1240,4.399101992028969,4
3460,1927,5.0,5
3461,3703,4.839747170741231,4
3462,52,3.8563217686693863,5
3462,239,4.010614341284589,3
3462,350,3.62616742239004,3
3462,372,3.676676644212487,3
3462,427,3.0,2
3462,553,3.7392730988254015,4
3462,733,3.456896438769533,4
3462,1078,3.434434819162469,3
3462,1089,3.7787030897510725,4
3462,1093,3.8056025248444993,3
3462,1219,3.8958444237833043,5
3462,1387,3.638296778407866,5
3462,1584,3.6123781867702323,2
3462,1721,3.6657421418777383,5
3462,1994,3.7226788765519614,5
3462,2567,3.1185903472689502,3
3462,2729,3.484138197836931,4
3462,2875,3.190558637997573,3
3462,3708,3.42073839150024,3
3462,3893,3.6742730265980343,4
3464,16,4.0145708382388285,5
3464,266,4.148431876978185,3
3464,424,3.0,2
3464,1703,3.0,2
3464,2836,3.0,3
3464,2959,3.505723714106742,4
3464,3301,3.821547922757247,4
3464,3534,3.5398907697691286,3
3465,110,4.0725582692691775,5
3465,902,4.0,3
3465,2116,3.9671868817225655,4
3465,2139,3.8524631699812675,5
3466,3735,4.408060670297596,4
3467,608,4.311813509655577,4
3467,3329,3.0,3
3467,3791,4.0,3
3467,3870,3.0,3
3468,908,4.333663931054298,4
3469,153,3.6892047968935398,3
3469,369,3.0,4
3469,474,3.987527931216784,4
3469,475,4.133240810718566,4
3469,587,3.9930024479680175,3
3469,1225,4.04030723935046,5
3469,1373,3.306387813171531,2
3469,1663,3.695862557780677,3
3469,1917,3.77780121422711,4
3469,2321,3.7020916205798384,4
3469,2571,4.015005889717312,4
3469,2790,4.0,3
3469,3255,3.7114446362512847,5
3471,333,3.1242932920091455,4
3471,569,3.0,3
3471,1101,3.545111453871365,3
3471,1271,3.4479812859274563,4
3471,1717,2.9080442512636293,3
3471,2026,2.6990505241765663,2
3471,2174,3.3939257209852665,3
3471,2310,3.0,1
3471,2414,3.5959297809019763,3
3471,2431,3.0460771297960973,3
3471,2567,3.036797931564979,3
3471,2581,3.11374505780082,2
3471,2791,3.615120309458066,3
3471,2996,3.0,2
3471,3257,2.872413358291948,3
3471,3300,3.4452086910198774,3
3471,3360,3.877758345447894,4
3471,3698,3.5081933827657945,4
3473,3361,3.838147683313964,5
3474,593,4.460490548192679,5
3474,923,4.625274153687361,5
3474,1207,4.320002924458905,5
3474,1594,4.591031957350763,4
3474,1732,4.431359098291809,5
3475,592,2.981901870561643,1
3475,750,3.308044047169164,2
3475,1088,3.0201533215272924,2
3475,1204,3.4185830766753353,4
3475,1556,1.3594152452263475,1
3475,1580,2.9854185128677013,3
3475,1964,3.3874073481246367,4
3475,2011,2.806179547353695,1
3475,2096,2.6599401406841934,2
3475,2126,2.3255017788064043,1
3475,2206,3.4649978240210837,2
3475,2240,3.7124538454187928,3
3475,2247,2.8104777277641224,1
3475,2278,3.0665435980130495,1
3475,2289,3.612874784763138,3
3475,3683,3.6661689173729917,4
3475,3730,3.5008802499367206,3
3475,3791,2.7098929058321293,2
3476,108,3.0,1
3476,932,3.0,4
3476,940,2.8272532508997887,4
3476,1128,1.0,1
3476,1743,3.0,1
3476,1935,4.316392216478469,4
3476,1969,1.0,1
3476,2739,3.046199689505593,4
3476,2903,1.0,1
3476,2974,1.0,1
3476,3111,3.136381024398344,5
3476,3635,3.95385741681486,5
3476,3662,1.0,1
3477,116,3.0,5
3477,1571,3.0,4
3477,1927,3.0,5
3477,2565,4.444963877778473,5
3478,3061,4.096978443347258,3
3480,247,3.0,2
3480,1356,4.6213966370533965,4
3480,3654,3.974742898556723,2
3481,1198,3.8646937786957314,4
3481,1200,4.126313240969939,3
3481,1617,3.8385681697580347,4
3481,2844,3.0,4
3481,3469,4.0,4
3482,589,4.04695317601886,4
3482,1206,3.9522144134891817,2
3483,241,3.0,4
3483,272,3.7506271078326914,3
3483,1249,4.365949831719564,4
3483,1396,4.156489735735295,3
3483,1429,4.445651684516051,3
3483,1459,3.9790400735597062,3
3483,1674,4.201036054437298,4
3483,2475,3.0,3
3483,2712,4.39345531748408,2
3483,3182,3.0,3
3483,3252,4.231296539252662,4
3483,3424,4.262700408521547,4
3483,3898,3.0,3
3484,1188,3.63665796055137,3
3484,1200,3.388285643538357,4
3484,1270,3.427089740001248,5
3484,1307,2.8835569412556374,4
3484,2064,3.727005454379056,4
3484,3507,3.434769204610746,3
3485,1263,4.211237134407303,5
3485,2033,3.0,5
3486,34,4.465783417529278,4
3486,2054,4.111169634861674,2
3486,3545,4.3627630532911725,5
3487,481,4.153391782476785,3
3487,482,3.0,4
3487,912,3.828326700107879,4
3487,1094,3.740862618787629,3
3487,1171,2.0,4
3487,1465,3.0,3
3487,2348,4.0,3
3487,2890,3.690196004062286,5
3487,3702,3.5314708931957925,3
3489,1196,3.289803617149709,4
3489,1288,3.105132259900316,5
3489,2396,3.380288468514621,3
3490,198,3.456098279074602,3
3490,260,3.767710619028537,4
3490,589,3.700137672955509,4
3490,1250,4.008743989960489,5
3490,1944,4.384870232190429,3
3490,2300,4.256218380655654,5
3490,2324,3.8276424785574044,5
3490,3555,3.283608741455105,4
3491,86,3.0,4
3491,366,3.50280126786474,3
3491,661,4.237022428328997,2
3491,1173,3.0,4
3491,1220,3.8635990357644596,4
3491,1259,3.947840888051485,4
3491,1346,4.2448209978437506,5
3491,1429,3.239138970867687,3
3491,1580,3.8142543607214523,4
3491,1653,3.8334948552685097,4
3491,1983,4.09812920164288,5
3491,1991,4.010652567692164,3
3491,2028,3.8846612687287974,4
3491,2111,3.8089182911316977,4
3491,2514,3.8773559638641073,3
3491,3770,3.5043176528953945,4
3492,2644,3.0,4
3493,2532,3.0657518343945784,2
3493,2628,3.4369681922508506,4
3493,3448,3.8154942823825326,5
3494,2355,4.618939920794167,4
3494,2699,3.547183244645074,3
3495,1921,3.5099827530003735,3
3495,3893,3.8679311514064474,4
3496,1641,3.9791121609581657,5
3497,3113,4.257245240760772,3
3498,21,3.9448615747863984,5
3498,112,3.3476509193204915,1
3498,1271,3.4547509674601318,5
3498,2366,3.0,2
3498,3020,4.320917352673318,5
3498,3261,4.51186725991998,4
3499,112,3.7867977284084797,4
3499,661,3.8888210462481543,4
3499,741,4.272378213363444,5
3499,786,3.6006000522618513,3
3499,1285,3.9023211235001485,3
3499,1405,4.130629995081844,4
3499,1920,2.942346647740751,3
3499,1961,3.9996378154909564,4
3499,2088,3.1457143349121446,1
3499,2150,3.7633164453422463,4
3499,2378,3.030917971556034,2
3499,3210,3.5808462653021325,5
3499,3766,3.559398755313379,2
3500,2174,3.6736331364712336,2
3501,2,4.040846047795445,3
3501,1219,4.377532672805001,5
3501,2599,4.21924908003076,4
3502,2301,5.0,5
3503,198,3.763848238521987,5
3503,1199,4.357815382856115,5
3503,1294,4.468035367345329,5
3503,1380,4.243121121960298,4
3503,1644,3.84368864046273,3
3503,2403,3.9966992029548325,2
3503,2560,3.0,3
3503,2628,4.112806050596703,3
3503,2657,4.353582785049076,3
3503,2736,5.0,4
3503,3000,4.3873633466868105,5
3503,3285,3.0,3
3503,3298,4.761907398345003,5
3503,3555,4.165535945542976,5
3504,111,3.822448917830694,2
3504,1188,3.974299555064058,4
3504,1635,4.002984329146342,4
3504,2020,3.829216557067201,4
3504,2541,4.047351003277201,4
3504,2686,5.0,4
3504,2762,3.537944413907378,4
3505,3052,3.9160021474382494,3
3506,1193,4.562148846252341,5
3507,2,3.08524545269325,1
3507,21,3.5526024347381777,4
3507,479,2.0132874170878643,1
3507,600,4.0,2
3507,1193,4.214245347605401,5
3507,1197,3.7400106559937214,4
3507,1414,3.0,3
3507,1523,3.0,3
3507,1672,3.627283688317817,3
3507,1752,1.9565138948133751,1
3507,2003,3.420610807519527,4
3507,2150,3.7094531587972126,5
3507,2352,3.889773715190407,5
3507,2369,3.6821219665017386,1
3507,2419,4.0,3
3507,2628,3.391637828386613,4
3507,2828,3.0,1
3507,2959,3.61911431998396,5
3507,3095,4.716104671864048,4
3507,3793,3.599287077598491,4
3507,3948,4.058326575407178,3
3509,317,3.182703617739613,3
3509,413,2.3221376088202397,3
3509,435,2.8413474525143774,2
3509,594,3.166125627163908,2
3509,637,1.8622764951552309,1
3509,1422,3.9657556245828114,3
3509,1615,3.493682193757071,4
3509,2117,3.4554587608277094,4
3509,2378,2.76914732375602,3
3509,2848,3.0,4
3509,3113,3.4655704923578248,1
3509,3785,2.517448018315988,3
3510,29,3.305313554566344,5
3510,1375,3.875946105590147,2
3511,1957,4.142008705655686,4
3511,2009,3.4607611229452115,4
3511,3507,4.228873840240923,4
3512,1031,3.672434787723822,4
3512,1085,3.0,5
3512,1605,3.0,1
3512,1617,3.921331124625331,5
3512,2396,3.8537920160082675,4
3512,2616,3.612420056565476,3
3512,2688,2.9782114549674112,4
3512,2699,3.6525123772200287,2
3512,2716,3.850196942871921,4
3512,2880,3.0,3
3512,3247,3.421056733076787,3
3513,1356,3.2010101914452447,3
3513,1729,3.9198647276095278,1
3513,2124,3.556802645548412,3
3513,3263,3.7271077087137536,3
3513,3438,2.919008353041903,3
3513,3527,3.6217838322184646,4
3513,3608,4.070386655892458,3
3514,1952,4.522186609654785,5
3514,3793,3.380712152940345,4
3515,318,3.89343990006891,3
3515,593,3.929531622689639,5
3515,1262,3.900390708999855,5
3515,3196,3.8755156625754377,5
3516,1617,3.4856438045071427,2
3516,2448,2.6655952949766326,2
3516,3752,3.4797177597565696,2
3517,3360,4.134972065363647,5
3518,269,3.0,4
3518,595,4.058464779612138,4
3518,919,4.094830938662946,5
3518,1035,4.1013410348612656,4
3518,1113,3.0,4
3518,1394,3.808711900236299,3
3518,1619,4.333440678765297,2
3518,1962,4.074673036159213,4
3518,2011,3.8852196551005984,3
3518,2700,3.6948465282859626,4
3518,2997,4.099037911621648,5
3518,3095,4.259842347280773,3
3518,3210,3.7921564642378183,3
3518,3262,4.0,4
3519,68,3.0,3
3519,173,2.719791335975734,2
3519,222,3.3697826507186415,5
3519,592,3.1495813740834935,4
3519,1196,3.1921035224497305,5
3519,1293,3.6658622278009996,3
3519,1421,3.0,3
3519,1485,2.9649448083664867,3
3519,1923,3.2140064019122603,3
3519,1965,3.2485158203944033,2
3519,2127,3.212245354580753,4
3519,2262,3.737723308137922,4
3519,2288,2.9374999212855912,3
3519,2324,3.5433602601227276,5
3519,2374,2.7945455014785727,3
3519,2422,2.554002671482037,2
3519,2929,3.128557614028855,2
3519,2971,2.8424604037715575,3
3519,2997,3.3812983620862354,3
3519,3568,3.0,3
3519,3671,3.2924245563707344,2
3520,223,4.180693471382248,4
3520,441,4.4082783065701205,4
3520,913,4.426639827127983,5
3520,1200,4.089202269290248,4
3520,1600,3.0,2
3520,2648,4.315179777879227,4
3520,2852,3.0,4
3520,3398,3.643776306709025,4
3520,3481,4.171154433229205,5
3520,3911,4.340188547409476,4
3521,1036,3.9524210455948054,3
3521,1220,3.9568256466870233,4
3521,1285,3.893552324888845,5
3521,2174,3.832988916921103,4
3521,2349,3.7560656058600435,2
3521,2746,3.8262628203624027,3
3521,3507,4.0331713500672475,5
3523,1278,3.90899885101075,4
3524,780,3.951053683628191,3
3524,1010,3.0,5
3524,3146,3.0,4
3525,3081,3.218177042176117,3
3526,16,3.4679646940657154,2
3526,31,1.0,3
3526,161,3.4099461313478527,2
3526,378,3.023005635449672,2
3526,586,3.3737147117947694,4
3526,648,3.452163883393072,2
3526,707,4.0,4
3526,963,3.0,3
3526,1087,3.0,2
3526,1127,3.5760559137103898,3
3526,1599,3.0,1
3526,1792,3.0373127555654604,3
3526,2188,3.0,1
3526,2581,3.6770687622765355,4
3526,2599,3.8032344821862885,3
3526,2753,3.0,4
3526,3037,3.9025699199466173,5
3526,3308,4.0946555219770975,4
3526,3599,3.648298322346521,5
3526,3606,3.517261876502724,5
3526,3675,3.389773009943008,3
3526,3689,1.7406538038183517,2
3526,3725,3.0,3
3526,3766,1.4308939447609963,1
3526,3873,3.0,4
3527,434,3.9727034587270187,4
3528,1328,1.5281159719301962,1
3528,1969,2.6730406028156684,3
3528,2789,2.763370096862642,3
3528,2793,3.0050921800266495,2
3528,2982,1.4930296746484637,2
3528,3706,2.5042386695766505,1
3529,260,3.2283082917645185,4
3529,1320,2.936192772614702,3
3529,1370,3.223127329572713,3
3529,2003,3.131666407422433,3
3529,2100,3.1620107191988973,4
3529,2628,2.9829609937053374,4
3531,1225,4.170624941833231,5
3531,1957,4.342809141932423,5
3531,3176,4.500692224009529,4
3532,7,4.192657236587675,4
3532,454,4.180296397256381,4
3532,1653,4.212969029511921,4
3533,14,3.0,5
3533,2302,3.6894821841348384,3
3533,2912,4.007958318876444,1
3534,1197,4.2506442434027,4
3536,110,4.004683100629604,5
3536,912,3.9603807187481275,2
3536,2106,3.0,4
3536,2700,3.9428369418932436,5
3536,3177,3.0,1
3537,3616,3.0,2
3538,6,3.9525770517690706,3
3538,52,3.821020590784118,4
3538,2273,3.1831487975728807,4
3539,104,4.322017657100654,5
3539,289,3.619632250051469,3
3539,606,3.620889862455681,3
3539,640,3.0,3
3539,988,3.0,5
3539,1007,3.6594723260076103,3
3539,1060,4.633675108617397,5
3539,1120,4.330458919211542,5
3539,1376,4.352743500583532,5
3539,1587,4.160951696229298,4
3539,1601,3.0,4
3539,1892,4.440855398799218,3
3539,1916,4.345756117576438,2
3539,1954,4.390852461990618,5
3539,2105,4.292565045268192,4
3539,2262,3.6760897513952626,4
3539,2316,3.933232503482878,3
3539,2373,3.8769516184743895,3
3539,2707,4.260158293799602,4
3539,2936,4.646210613363434,4
3539,3265,4.628290099756317,5
3540,420,3.80338400588485,4
3540,653,4.093206110197601,3
3540,1876,4.183898765758417,3
3540,2826,3.848849167010543,4
3541,858,4.359724869047431,5
3542,3755,4.5225568100937314,4
3543,858,3.96802568970772,4
3543,910,4.156009315539812,3
3543,2074,3.0,3
3544,608,4.179428991312008,5
3546,497,3.174565075214943,2
3546,913,3.8150914473200883,4
3546,1179,3.8336524498605367,2
3546,1291,3.1986064176851348,3
3546,1392,3.0,3
3546,2203,4.133430710499368,3
3546,2247,3.1091090315993033,3
3546,2731,3.0,4
3547,46,3.0,1
3547,1183,3.5817745696948036,1
3547,1207,3.851099806370727,4
3547,1956,3.797340998003523,5
3547,2068,4.0,4
3547,2247,3.250026166385958,4
3547,2371,3.53644792308269,4
3547,2702,2.0,2
3547,3011,4.111874782893216,3
3547,3083,3.0,4
3547,3148,2.9774976701168443,3
3547,3550,3.3252664193072285,4
3547,3685,3.8104836704570193,4
3547,3816,3.0,5
3548,1270,2.3361979100964487,1
3548,3827,2.0,3
3549,3685,4.198433446787636,5
3550,62,3.5524130187420013,3
3550,589,3.6640089877278403,4
3550,1233,4.0628941158188345,4
3550,1260,4.128918167003109,4
3550,1394,3.6737948633254045,4
3550,1580,3.609414091343867,3
3550,1769,3.777059214993939,3
3550,2174,3.649216262527332,3
3550,2372,3.370865454654257,3
3550,2410,3.251642379683152,3
3550,2450,3.311313000024521,3
3550,2692,3.9982539079391484,4
3550,3052,3.6570232284077635,4
3551,1219,3.6592741293977573,4
3551,2009,3.0,5
3551,3461,3.0,5
3552,3148,3.3795651437927137,4
3554,1219,3.7161167524045187,3
3554,3868,4.32425334984452,4
3555,1356,3.00421165319537,3
3556,1259,4.030407537493653,4
3556,2406,3.9563624567279354,4
3557,288,3.9100368884135346,3
3557,292,3.7934668158215112,4
3557,628,4.092286250143729,4
3557,724,3.32423192235443,4
3557,1005,3.30887947030654,1
3557,1476,4.165084024564838,4
3557,1500,4.178393024379421,4
3557,1884,4.302747080092345,4
3557,1965,4.0898657018131965,3
3557,2003,3.9968355013772903,5
3557,2114,3.905385297891451,4
3557,2248,4.272603859713859,3
3557,2532,3.829466457435139,4
3557,2692,4.505250165385475,5
3557,2710,3.839960464878146,4
3557,2846,3.0,3
3557,3006,4.44921345984135,3
3557,3391,3.6317166048295624,3
3557,3526,4.228097667128828,5
3558,539,4.675957101621026,5
3558,2421,4.540136853927587,3
3558,2468,4.348199116190556,3
3558,3591,4.59077412361719,5
3559,2700,4.566894446673747,5
3559,2797,4.47142021534911,5
3560,150,4.519303505741375,5
3560,1023,4.388022223458859,3
3560,1343,4.817117944751599,5
3560,1923,4.530868717443117,4
3560,2289,4.580392102892179,4
3561,356,4.148324816155024,5
3561,2001,4.225434627456961,4
3561,2527,4.353320975713076,4
3561,2723,3.8011955397942927,3
3561,3504,4.254382906706009,5
3562,16,3.6525732715358883,3
3562,104,3.72830893863266,4
3562,435,3.6439273792718865,3
3562,463,3.0,2
3562,1126,3.5571883225379186,3
3562,1213,3.6794116771845955,5
3562,1408,3.7361159282159035,4
3562,1663,4.0054999316902595,4
3562,1917,3.7137225284972435,2
3562,2147,3.0,2
3562,2422,3.391859617138278,2
3562,3268,1.0,1
3562,3825,3.0,3
3562,3915,3.0,4
3563,345,4.0,5
3563,1721,3.9518977534057753,3
3563,1885,4.114879920978711,5
3563,2111,3.581441324836419,3
3564,380,3.384645774958754,3
3564,1270,3.491031254368784,4
3564,3699,3.672535682064459,4
3565,60,2.0,3
3565,173,2.5690903680931676,3
3565,858,3.6218673452287895,4
3568,1230,4.445108567039868,3
3568,1301,4.137278465413714,4
3568,2010,4.540837356834176,3
3569,543,2.9533130279154607,2
3569,1016,2.9924677439607534,2
3569,1185,4.276013476214033,3
3569,1333,3.372785954776572,3
3569,1405,2.9361086118464503,3
3569,1996,3.3033787230156073,2
3569,2004,2.44053025736842,3
3569,2122,3.427999237248527,2
3569,2297,1.887197380368538,5
3569,3174,3.4288990544134164,3
3569,3661,1.0,1
3571,374,3.0,3
3571,2688,3.7681639701929677,5
3571,3273,2.750486396368566,1
3571,3879,3.0,5
3572,529,4.339956900455994,4
3572,1210,4.353875148100379,3
3572,2499,3.0,3
3572,2918,3.9680949324326984,5
3572,3361,4.376448077289178,5
3574,3301,3.7830840264828707,4
3574,3773,3.0,4
3574,3846,3.0,3
3575,1258,3.0685913249942613,5
3575,2716,3.4388469193201465,5
3576,435,3.444409547210452,3
3576,709,3.1321284096249276,3
3576,736,3.609106436975943,4
3576,918,3.413561553993553,3
3576,952,3.9992644205156194,4
3576,1965,3.533609119087964,3
3576,2000,3.5840646909431735,5
3576,2002,3.5701842223464624,4
3576,2087,3.3298639505711525,3
3576,2130,3.1381957116457873,3
3576,2396,3.6943217810372793,1
3576,2454,3.1501845238786297,3
3576,3527,3.5664797466890996,3
3576,3614,3.436723008653559,3
3576,3769,2.357287840244223,4
3577,17,3.9406468847537233,3
3577,2396,4.1576931589968655,4
3577,3578,4.188264416011429,3
3578,112,3.1324497871864385,4
3578,1235,3.918369149399448,4
3578,1425,3.0,2
3578,1608,3.403623561469268,5
3578,2054,3.2946110246767524,3
3578,2193,3.231572759827261,1
3578,2746,3.2995697467395457,4
3578,3418,3.6543997464868796,4
3578,3638,3.2117286787625665,2
3579,1754,3.675304984295446,4
3580,589,4.100427991946259,4
3580,1645,4.180925156427336,4
3580,2468,3.720555860075386,4
3582,434,3.911239998957031,4
3582,2748,3.0,1
3584,1213,3.8496843006841663,5
3584,2672,3.0,3
3584,3793,3.4061518128629134,4
3585,357,3.61778488027871,4
3585,912,3.9346034550337228,5
3585,1938,4.663986643729677,3
3585,3167,3.742726365152258,3
3586,1097,3.320319994464049,5
3586,1934,3.0,5
3586,1958,3.789477205897234,3
3586,1960,3.372722287106311,3
3586,2065,3.865123823268717,2
3586,3134,4.306388460393136,4
3586,3259,3.158708848497954,4
3588,21,3.7344675712836484,2
3588,1097,4.219397414140467,3
3589,303,2.816229658044508,2
3589,533,2.490520947446627,1
3589,750,3.0059235114681155,1
3589,762,2.184051793175832,4
3589,1136,3.079875115747949,3
3589,1408,3.2727639607790566,5
3589,1682,3.0153324431783353,1
3589,2016,3.0,1
3589,2266,2.3555278181573196,4
3589,2273,2.919369870276897,4
3589,2423,2.9799159131961317,1
3589,3255,2.874822309348204,3
3589,3257,2.842635293722812,4
3590,3,4.006833374883344,3
3590,21,4.367010172481874,4
3590,782,3.0,3
3590,785,4.616213342841871,4
3590,1186,4.638787449702999,4
3590,1212,4.916472794051113,5
3590,1223,4.791792623971337,5
3590,1617,4.477139889762749,5
3590,2000,4.416886222751294,5
3590,2114,4.278778938121601,4
3590,2694,4.395450626836282,4
3590,2959,4.53500794193465,4
3590,3108,4.4487688840590645,4
3591,16,4.13094925531484,3
3591,457,3.9688260035919285,4
3591,802,3.8361249026221764,5
3591,1641,4.22172188770216,1
3591,2278,3.9648132835203143,2
3592,1085,5.0,5
3592,1296,4.6089264124248865,5
3592,1678,4.509863912727765,5
3592,2096,4.557456846764327,5
3592,2112,4.532978462249008,5
3592,2336,4.024011206829032,4
3592,2757,3.0,4
3592,2941,4.709932903175829,5
3592,2967,5.0,5
3592,3255,4.224480091530185,4
3593,141,3.7290069243789308,4
3594,86,3.0,2
3594,720,3.0,4
3594,1962,3.493570346724066,2
3595,2826,4.512925337759966,2
3596,898,4.9358968433458905,5
3596,2997,4.7400719884976406,4
3596,3067,4.6613372072761035,5
3598,1196,1.0,1
3598,1816,3.0,1
3598,2085,1.0,1
3598,3707,3.0,1
3599,653,3.8258940074538312,4
3599,1377,3.5650060049918024,3
3600,380,4.069309617445197,4
3600,1005,2.5436999142692622,3
3600,1263,4.156059162386638,4
3600,1682,3.9972424157062947,3
3600,3273,4.005238293816051,4
3601,454,4.122062726790039,4
3601,1088,4.181284525089949,4
3601,1193,4.274696077720226,4
3601,2087,4.250453612746564,4
3601,2749,3.0,2
3601,3296,4.553861445641401,5
3601,3791,4.075387487328321,4
3602,1276,3.943628658749031,5
3602,1729,3.840731894640492,3
3603,272,5.0,1
3603,780,2.885313088960464,4
3603,1374,2.9267017739059504,3
3603,1407,3.0139800847064815,3
3603,1554,3.0,2
3603,1641,2.804941140410364,4
3603,1923,2.8887061984241,3
3603,2124,2.98023586343128,3
3603,2126,2.991513171850182,3
3603,2762,3.0140027859597907,5
3603,3249,2.806607742501529,3
3604,1198,5.0,4
3605,6,4.630071289712223,5
3605,1084,4.374530759596244,5
3605,1513,3.887996511389422,3
3605,3744,5.0,2
3606,527,4.1811877143612595,5
3607,405,2.859131751239061,2
3607,2712,4.081151559958565,3
3608,39,3.882403429439515,5
3608,231,3.677445163209949,4
3608,1425,3.0,3
3608,1821,3.0,3
3608,2496,3.3111638170546795,3
3609,1722,3.5773352288519527,3
3609,3247,3.5231305249739284,4
3610,216,4.160919060750531,5
3610,346,3.0,1
3610,552,3.9186163881678406,4
3610,736,3.7620282936608223,3
3610,928,1.0756857434505485,1
3610,953,2.577907788881463,1
3610,986,3.0,1
3610,1382,3.519533838172065,3
3610,1479,3.9246117827724016,5
3610,1926,1.0,1
3610,2089,2.0474654028771635,3
3610,2109,3.5151771005156247,3
3610,2306,3.0,3
3610,2935,1.0,1
3610,3591,3.467120979734254,3
3611,1951,4.334666909943746,5
3611,2723,4.471375772515956,4
3612,39,3.687885330186642,3
3612,1233,3.9042250244272125,3
3612,1726,3.0,4
3612,3703,3.866948221350189,4
3613,1230,4.426078968930173,4
3613,3741,4.0,5
3614,1370,3.529324001820055,3
3614,2915,3.6528811003904367,3
3614,3053,3.0,5
3614,3146,3.0,3
3615,21,3.9741470079619443,3
3615,551,2.895959973006417,5
3615,1207,4.0094019946231425,5
3615,2099,3.451083874737082,5
3615,2300,3.9807944478812987,4
3615,2693,3.0,4
3617,1259,3.996364435860724,1
3618,24,2.7924335088341197,3
3618,57,3.0,3
3618,105,3.0,4
3618,209,3.0,2
3618,299,3.0,3
3618,335,3.0,3
3618,425,3.0,3
3618,455,3.0,3
3618,724,2.7624869078734897,3
3618,786,2.9483926429015486,3
3618,869,3.0,2
3618,910,3.371089998885468,3
3618,914,3.5143501154240715,5
3618,991,3.0,3
3618,1051,3.0,3
3618,1120,3.244501377815819,3
3618,1231,3.419291586417396,3
3618,1249,3.180316146041288,3
3618,1265,3.2603778492486386,4
3618,1267,3.4223116884422087,4
3618,1286,3.0000000000000004,5
3618,1307,3.198019736293314,3
3618,1332,2.478332431239909,3
3618,1404,3.0,3
3618,1515,2.8822514382831836,3
3618,1549,3.0,2
3618,1552,3.0683362563428536,3
3618,1619,3.856816216707505,3
3618,1668,3.0,3
3618,1885,3.257362577074614,3
3618,2022,3.0,4
3618,2180,3.0,3
3618,2243,3.333287605072729,3
3618,2334,2.951075291760055,3
3618,2391,3.2718932883515808,4
3618,2466,3.0,3
3618,2678,3.0,2
3618,2694,2.928813206189041,3
3618,2701,3.102017016843524,2
3618,2757,3.0,3
3618,2951,3.108670795910826,2
3618,3106,3.0,3
3618,3180,3.0,3
3618,3528,3.4947306826357316,4
3618,3716,3.0,2
3618,3798,2.9999999999999996,3
3618,3873,3.3805135319800663,3
3619,3175,3.7321819654493478,2
3620,161,3.530853673637743,4
3620,208,3.004771938470487,3
3620,541,3.040852988514342,2
3620,589,3.3674181539911,3
3620,592,3.2975681924104094,3
3620,858,3.543120300169842,5
3620,1089,3.598229944828391,3
3620,1129,3.2527009707615373,3
3620,1378,3.2782247256817643,4
3620,1676,2.757759342884899,3
3620,2028,3.454032749884147,5
3620,2289,3.5870636104631908,2
3620,2985,2.8185233541596983,4
3621,1281,3.0,3
3621,1371,2.7803922316635985,4
3621,1372,2.684689711807708,4
3621,3099,4.33126408581537,1
3621,3504,3.97061303584146,4
3621,3527,2.9794343619701147,3
3621,3698,2.7293092016860334,2
3621,3793,3.0962907018860473,3
3622,296,3.987813930055705,4
3622,1129,3.7969520011997684,3
3622,2028,3.864852665830629,3
3622,2081,3.779756148135444,4
3624,316,4.02930826766085,4
3624,1208,4.349345059585753,5
3624,1387,4.241696835839223,4
3624,1591,3.785104980844138,4
3624,2987,4.24844127142812,5
3625,527,3.8519936480157324,3
3625,1517,3.652160088237546,3
3625,2770,3.3453272048141423,2
3625,3515,3.0,4
3625,3697,3.636359913219389,1
3626,204,3.5764353316284265,3
3626,393,3.5308954835351973,2
3626,408,3.0,5
3626,489,3.0,2
3626,741,3.4176658937553035,4
3626,1342,3.6999413602323745,3
3626,1499,3.4455594174939987,3
3626,1589,3.8931117941400615,2
3626,1805,3.9879234265982326,3
3626,2402,3.6373168479442057,4
3626,2990,3.7999006941778255,4
3626,3763,4.0326863964469775,4
3629,1212,4.484307132395145,5
3629,2300,4.387909783574961,5
3630,39,3.5662705040785103,3
3630,410,2.7669630367192206,2
3630,1376,3.2830281067152542,4
3631,1648,3.0,4
3633,296,3.9611055674837927,5
3635,1294,4.216166834472172,5
3635,2570,3.0,5
3636,1617,3.5498943225802804,5
3638,1216,3.0,4
3638,3157,3.0,4
3639,2987,2.998737340102316,3
3640,2753,3.0,4
3640,3079,3.0,4
3641,292,3.5757504178698145,3
3641,337,4.175759290473358,5
3641,454,3.81257031854744,4
3641,471,3.9226883332751856,4
3641,1201,4.055914692107775,5
3641,1209,4.464409300126651,3
3641,1220,3.8979304591931565,4
3641,1230,4.45383851847427,4
3641,1247,4.205668916206194,4
3641,1258,3.6088824572743112,4
3641,1405,3.635248392376125,4
3641,2028,3.8839363786492878,5
3641,2134,3.6042327891649077,3
3641,2529,3.544441753393588,5
3641,2539,3.5522069743704767,2
3641,2919,4.287757725958872,4
3641,3271,4.15617957271615,2
3641,3301,2.97676082300577,3
3641,3671,4.064578455030795,4
3643,587,3.728337486747958,3
3643,1544,3.5031231823529554,3
3643,2006,3.617451916044578,3
3643,2600,3.0,3
3643,2723,3.345367367450835,3
3646,1909,4.043679432205638,4
3646,2346,4.001791148863384,4
3648,479,3.012345775237555,1
3648,552,3.3840894018742205,4
3648,818,3.556412809677997,3
3648,1379,3.5298266951351387,5
3648,1527,3.459400536657875,5
3648,1608,3.6117287966950937,4
3648,2011,3.4498291647479498,5
3648,2052,2.39520852949709,1
3648,2291,3.5930254620651167,3
3648,2411,2.6160266807029653,5
3648,2599,3.6285843002792113,3
3648,3360,3.749343287127856,1
3648,3461,3.0,4
3649,1231,4.42437735975223,4
3650,23,4.0,3
3650,229,3.0,4
3650,555,4.153914866709998,3
3650,852,4.102813822801351,3
3650,901,4.74357502551645,3
3650,909,4.1571049526848345,4
3650,916,4.454518405053317,5
3650,1092,4.016233012625906,4
3650,1100,3.6025700660569298,4
3650,1200,4.082985675866974,5
3650,1259,4.1329649240882285,4
3650,1304,4.364910516836481,4
3650,1892,3.664087800714429,4
3650,1965,4.21551653864102,1
3650,1999,3.1976945594944195,3
3650,2973,3.8092117520728963,5
3650,3114,4.020184148239675,5
3650,3444,3.64452555223716,2
3650,3702,4.208765879723093,3
3651,589,4.18235391536773,4
3651,2023,4.0896308797339795,4
3651,2202,4.790410899609291,4
3651,2858,4.393074231179483,4
3651,3176,4.116203389979921,4
3652,104,3.781959875428844,5
3652,252,3.0,3
3652,353,3.435419692637806,4
3652,380,3.5737980815317774,4
3652,466,3.4215406776595376,2
3652,648,3.5949332235764504,1
3652,663,3.997103494099616,4
3652,1591,3.2624540662275137,4
3652,2140,3.5471222795676747,4
3652,2280,3.0,4
3652,2335,3.40109533298992,4
3653,1197,4.324922547216455,4
3653,1210,4.301130053267948,4
3654,648,3.383946364738325,3
3654,1274,3.8688131261417666,4
3654,1591,3.2222355597102763,3
3654,1866,3.033565693197532,3
3654,2540,3.0,3
3654,2580,4.016810544224639,4
3654,2617,3.472589534609972,4
3657,163,4.4188641074849,5
3658,1610,4.044162180919651,5
3658,2009,4.395962138523035,5
3658,2916,4.004745851699771,5
3658,3649,3.0,4
3659,3825,3.0,3
3660,1580,4.127058722711068,5
3660,2232,3.0,2
3660,2455,4.042153893872944,4
3661,1340,2.9830849836921467,4
3663,1376,3.577395563310469,4
3663,1876,3.693584259919293,3
3663,2002,3.6774715171387324,4
3663,2058,3.7124435506072544,5
3664,3108,3.329562804642407,4
3665,648,3.9141236843666656,4
3665,1036,3.9715048021755974,3
3665,1282,4.058691227303904,5
3665,1345,3.793059092339433,2
3665,2311,3.777886210598002,4
3665,2916,3.9488530644628583,4
3665,3638,3.94650503546087,5
3666,480,4.383477527581246,5
3667,1035,3.896175963462183,4
3669,356,3.6038544346034085,3
3669,852,3.1124789894852123,5
3669,1213,3.9253066624598834,5
3669,1343,3.910532477530401,3
3669,1382,2.4106765728930633,3
3669,2385,3.0,1
3669,2706,3.6442397017316868,3
3669,2976,4.203150940828708,3
3671,10,4.413550777210592,4
3671,3717,3.5015278787952786,2
3672,1258,3.624717918433284,2
3672,1580,3.346062999869511,5
3673,34,4.075461399306021,2
3673,111,4.1999793014663505,5
3673,235,3.9182878335570117,4
3673,296,4.082399199868593,5
3673,824,3.0,3
3673,969,4.26856544369266,5
3673,1244,4.173052761698722,5
3674,969,4.344823076882621,5
3675,39,3.6369019319202724,4
3675,50,4.044687071105609,5
3675,514,3.8550985046752895,4
3675,594,3.9106227337308868,4
3675,901,3.8247823401852195,3
3675,921,3.938683726267971,4
3675,1262,4.281838199994985,4
3675,1457,3.041360452876887,3
3675,1544,3.7193122407031045,3
3675,1573,3.850283969438094,4
3675,1597,3.7505178253540525,3
3675,1641,3.992281747616257,4
3675,1944,4.296873775330316,3
3675,2000,3.8692914943695236,3
3675,2324,4.148238175950675,4
3675,2355,3.939302080093568,5
3675,2500,3.0,3
3675,2922,3.7141599699185885,3
3675,3142,3.0,3
3675,3210,3.7541997274888907,4
3675,3249,3.124953576179449,2
3676,924,3.8366356052834134,5
3676,1282,4.1344225055643955,5
3677,1278,4.32812457514398,4
3677,1342,4.121191374829466,3
3677,1979,2.5718531746683198,3
3678,1376,3.2467518706671292,4
3678,2012,3.5086702179511313,3
3678,2448,1.9707573293842084,2
3679,292,3.97964724363606,3
3679,517,3.4992539209504416,3
3679,1288,4.235726513927063,5
3679,1378,3.9884647114065057,4
3679,1616,3.5812079321041423,4
3679,2059,5.0,4
3679,2100,4.041425458616824,4
3679,2355,4.095890046140108,5
3679,2641,4.038904684004901,3
3679,3039,4.091330869728413,5
3679,3107,3.987276025215352,4
3680,1097,4.065213623906597,5
3680,1721,4.284830540535382,3
3681,172,3.912546618014998,5
3681,585,3.8933915986646794,2
3681,782,3.436946666001486,4
3681,1240,4.279170594624879,5
3681,1270,4.23716712476604,4
3681,1729,4.284181827724194,4
3681,2005,4.069199967148461,4
3681,2396,4.376592729432767,5
3681,2660,3.0,5
3681,2701,4.046183466588821,3
3681,3020,4.178209823897951,3
3681,3197,3.8517017218645235,3
3681,3274,3.690146561809645,4
3681,3308,3.734442274755493,3
3681,3623,4.344275424848467,5
3682,2735,4.031438333172333,4
3683,306,4.0,5
3683,1147,5.0,5
3683,1263,3.7957044487405454,3
3683,1295,3.510363215986656,3
3683,1616,2.8382206401498538,2
3683,1635,3.773499501996042,4
3683,1972,1.5511410650131716,1
3683,1975,1.845080127925372,1
3683,2134,2.9686407704625513,3
3683,2404,2.251103799921953,1
3683,2642,2.643616457249033,1
3683,2770,3.2984969609132135,2
3683,3176,3.354227794727737,2
3684,21,4.529963496894229,5
3684,858,4.741288671995754,5
3684,2527,4.763920872476417,4
3684,2629,3.0,3
3684,2763,4.4724475158763,5
3685,1103,4.472186350851887,4
3685,1291,4.091326540433442,4
3685,1394,4.462409204545019,5
3685,1594,4.458633307763348,5
3685,1954,4.159482823590298,5
3685,3499,4.1740481837038566,3
3686,1340,5.0,5
3686,2300,4.597686760205377,5
3687,1917,2.9537033853420818,1
3688,110,4.510270672684171,5
3688,223,4.094024210172772,4
3688,524,4.4933676177245605,2
3688,919,4.560281093672039,5
3688,1176,5.0,3
3688,1304,4.5958189531958435,5
3688,1354,4.50873981834355,5
3688,1959,3.982521718474357,3
3688,2932,5.0,5
3689,358,3.0,3
3689,852,2.8344187688617914,2
3689,1523,3.0,4
3690,24,3.0100050759276114,3
3690,70,3.35808164341382,3
3690,474,3.2870992695350014,4
3690,1608,3.204167043856318,3
3690,1894,3.1328532191253227,3
3690,2169,2.5555141781593522,2
3690,2881,2.6789066227372476,2
3691,464,2.7597235356276677,2
3691,474,3.844236800472878,4
3691,551,3.9886310781588983,4
3691,745,4.776748751257932,5
3691,785,4.077481174907322,4
3691,1190,3.0,4
3691,1210,3.799872531174481,4
3691,1242,3.827386352678416,4
3691,1291,3.7536599550250727,4
3691,2485,4.3468325663098115,4
3691,3070,3.8112924046572902,2
3692,3268,3.0,1
3692,3499,4.302771295281363,4
3693,11,3.7466397494595443,4
3693,180,3.5002883060561185,2
3693,367,3.5742188298725432,3
3693,457,3.7112294283393,4
3693,597,3.498599630890813,1
3693,608,3.8673587075622424,4
3693,1914,3.0,4
3693,1917,3.408793476735939,2
3693,2353,3.5734870370611853,4
3693,2470,3.563464314085385,4
3693,2611,3.0,3
3693,2796,2.703875140715303,1
3693,3005,3.2893902466477827,3
3693,3032,2.89326365099572,3
3693,3039,3.6961152640011345,4
3693,3108,3.916359154709047,3
3693,3723,3.0,4
3693,3861,3.0,2
3694,1221,4.110829016947095,5
3694,2028,4.045310183759047,5
3694,3477,3.0,4
3695,527,4.1377938572630715,5
3695,1210,4.111907611322911,4
3695,2001,3.9584441389778653,4
3695,3255,4.138157384128332,4
3695,3397,4.22349583003209,4
3696,608,4.058151391739045,5
3696,1500,3.9534062268437253,4
3696,2300,4.563377911797378,5
3696,3363,4.374929681495159,5
3697,1204,4.702437612380029,5
3697,2366,4.364087802100267,5
3697,2763,4.245505232829142,1
3698,2976,3.5372489729343415,4
3698,2987,3.3024270804154097,2
3699,3468,4.469229403604086,4
3700,21,3.768389739775885,5
3701,780,3.8865344186146467,3
3702,2021,3.634324392936976,3
3702,3175,4.125116049237542,5
3704,1419,3.0,5
3704,3148,4.347594258585634,5
3705,25,4.01019544135068,4
3705,140,3.0,3
3705,953,4.067478070955879,3
3705,1061,3.8665028026905293,3
3705,1082,4.0,4
3705,1090,3.9654077587925487,4
3705,1103,4.261760682211105,4
3705,1198,3.887785355315601,5
3705,1586,3.449251904097863,3
3705,1964,4.216705689389392,4
3705,2271,4.0,3
3705,2926,3.879837136529002,4
3706,1269,4.409941400288101,5
3706,1394,4.872593959936629,4
3706,1580,4.2303148664116765,4
3709,539,3.7556856429245236,4
3709,1974,2.6799447755279227,2
3709,2054,3.6414579277447197,3
3709,2234,3.0,2
3709,2269,4.507470067995995,3
3709,2291,3.8879840927792824,1
3709,2412,2.2352127421059995,1
3709,3014,3.0,2
3709,3710,2.0,1
3710,1679,3.0,4
3711,2571,4.534075217499998,4
3712,380,3.8399899064721708,4
3712,2968,3.501940493002312,4
3713,4,3.0,4
3713,597,3.9919371705711026,5
3713,638,3.0,4
3713,1353,4.092451616500173,4
3713,1960,4.250143662902482,3
3713,2752,4.0,3
3713,3691,3.0,3
3715,595,4.476626913749137,5
3715,3408,4.03122584261888,5
3715,3745,4.435993840981286,4
3716,69,4.676030701604772,5
3716,637,4.324784669888096,4
3716,1197,4.041051719447967,3
3716,1405,4.3471373899361705,5
3716,1604,3.0,4
3716,2028,4.173024446307107,5
3716,2105,3.913611803727989,4
3716,2657,4.137199108188544,3
3716,2841,4.592094849480373,5
3716,3269,3.2461953642564585,4
3716,3508,4.657517102745865,4
3717,22,3.342644065035668,4
3717,648,3.9357081551604267,4
3717,1185,4.074863939458591,4
3717,1947,3.9993770334434675,4
3717,1963,3.0,4
3717,2710,3.681686585246569,2
3717,2788,4.516288800902756,5
3717,2946,3.0,3
3717,3361,4.043158030730793,3
3717,3578,3.966364009420651,3
3718,864,3.0,4
3718,907,3.0,4
3718,916,3.9402375388699733,4
3718,1304,3.420491535399593,2
3718,1617,3.181619984148659,5
3718,1678,3.0,3
3718,3363,3.553317626183206,3
3720,17,3.3512959738372814,3
3720,527,3.628339493802286,4
3720,1184,3.0,3
3720,1219,4.005709109368295,3
3720,2759,2.9999999999999996,3
3720,3246,3.756847006827998,3
3721,535,4.039594206364448,5
3721,2025,3.0,3
3721,2692,3.432814674885742,4
3722,2072,3.0,4
3723,2763,4.199771889679101,5
3724,466,3.7572940756699293,4
3724,920,4.145219322656945,5
3724,928,3.902671021315474,4
3724,933,4.177265957487375,5
3724,1084,3.934728599128542,4
3724,1244,3.8602172255654703,3
3724,1566,4.009371030663126,4
3724,1923,3.9236032047834346,4
3724,2137,4.052087163679069,3
3724,2144,3.8408281832955713,4
3724,2259,3.877392279480073,1
3724,2867,3.396819178933052,4
3724,2949,4.115081745373902,5
3724,2985,3.752499179322043,4
3724,3039,3.8864915651874936,5
3724,3040,3.8601637182204054,3
3724,3271,3.788956804467742,4
3724,3397,3.6310444713657675,3
3726,798,2.8314005412329877,2
3726,1370,3.613269344906854,3
3726,1544,3.5571832217067874,3
3726,1911,3.506126544869177,3
3726,2294,3.7213739048813554,3
3726,2692,4.187981092439395,3
3726,2949,3.7674260876793624,3
3726,3175,3.630340832664783,5
3726,3633,3.401253333129161,3
3726,3793,3.579204429762689,4
3727,1097,3.6016358482898534,2
3727,1206,3.820114251247502,5
3727,1256,4.12652570724364,4
3727,1276,4.109618102003282,5
3727,1882,2.864914228890518,2
3727,2108,3.565252117751389,3
3727,2403,3.4765289932020553,4
3727,2580,4.055399322110978,4
3727,2948,3.2574080974415516,4
3727,3249,3.346157369231207,3
3727,3258,2.6306834914278494,4
3727,3424,3.7940312246307792,3
3727,3701,3.332347567580171,3
3727,3760,3.0,3
3727,3869,2.665866381318416,1
3728,953,3.67388573801509,3
3728,1291,4.207691880571982,4
3729,36,4.156106466048152,5
3729,466,3.6330017977252522,3
3729,1178,5.0,4
3729,1183,4.106622718408268,2
3729,1393,3.9846115173894296,3
3729,1747,4.006626103893112,5
3729,1941,3.0,4
3731,2011,3.378808375558028,1
3731,2456,1.7814689609043741,1
3732,910,3.4468027673773585,4
3732,953,3.5780562786448695,5
3732,2194,3.3875858501406246,5
3732,2973,3.445955063258212,4
3733,25,4.096932331832731,3
3733,2391,4.096923206105065,4
3733,3253,4.091108058292226,3
3734,1090,3.2661124889644624,2
3734,1639,4.33459268796253,5
3735,223,4.030875423172186,4
3735,2416,3.4758712702352494,4
3735,2692,4.2193981661822075,4
3735,2770,3.767492108861879,3
3735,3030,3.0,4
3735,3203,4.0,4
3735,3308,3.3124939541752476,3
3735,3526,3.681146215406339,4
3735,3765,3.0,2
3736,382,3.709468339873597,4
3736,436,3.0,2
3736,1105,2.0,2
3736,1644,3.368309809108683,3
3736,1704,4.177362383849351,4
3737,1387,3.9764777908951956,5
3737,2054,3.9144930655024845,4
3739,1019,3.929411679099097,3
3740,2025,3.0,3
3741,110,3.699893653716604,4
3741,353,3.8573181738898783,2
3741,1291,3.658667238288623,4
3741,1653,3.6497103923741623,3
3741,3783,3.0,3
3742,1221,4.019609216690116,4
3742,2273,3.790362182451883,4
3742,3386,4.000721824926238,4
3744,1517,4.818920274066139,4
3745,2719,3.362447222932453,2
3745,2841,4.015116078419674,4
3745,3793,3.8190828604648654,5
3745,3809,3.6389043477650995,3
3746,344,3.716014205515985,4
3746,1093,3.893640433714682,4
3746,1258,3.600213443194318,5
3746,1387,4.1678230687218605,5
3746,2401,5.0,4
3746,3254,3.6517517209260912,2
3746,3386,4.170673581546634,4
3747,2701,4.527629541426428,2
3749,587,3.8174589845929123,3
3749,784,3.541508648544358,3
3749,3359,4.999999999999999,4
3750,1941,3.0,5
3750,2858,3.6623174627446917,3
3751,303,3.278446119850809,3
3751,905,4.375590622689854,4
3751,1100,2.9992692041367204,3
3751,1203,4.645665748699162,3
3751,1284,4.1862407062632645,4
3751,1286,3.429039042489404,3
3751,1719,2.27482720712049,3
3751,2355,3.622136715164054,5
3751,2468,3.7765446272337293,3
3751,2690,3.0,4
3751,2761,4.085483933732002,3
3751,2802,3.424036349518282,2
3751,3219,3.8049013302562993,3
3752,17,3.7192534532044097,4
3752,588,3.8347915479969723,5
3752,1179,3.4980596849065466,3
3752,1206,3.7600762753831103,1
3752,1247,3.6713195339587656,3
3752,2108,3.8444511751712147,4
3752,2467,4.0,3
3754,541,3.815852368191041,4
3754,1036,3.9588383760042856,5
3754,1982,3.657507345053813,3
3754,2076,3.9657011447175665,3
3754,2716,3.8204512585709334,4
3754,2789,3.057498153826888,4
3754,3552,3.907629826621001,3
3754,3671,4.058113638032485,5
3754,3780,3.0,4
3755,1204,4.601062282190919,5
3755,1303,5.0,5
3756,141,3.846192581225539,3
3756,595,4.174528915813033,4
3756,708,4.170527448941886,4
3756,953,4.165263263369143,4
3756,1005,3.0099386491108895,2
3756,1008,3.0,4
3756,1090,4.264365435999158,4
3756,1372,3.8826941247531326,4
3756,1409,3.78719686358221,4
3756,1835,4.167883906083623,4
3756,2153,4.500638694890528,3
3756,2407,3.8205861967779966,4
3756,2411,3.799319072432051,3
3756,3247,3.9970811676694074,3
3756,3578,4.333911478066476,5
3757,457,4.456174931201842,5
3757,2243,4.487565490374044,4
3757,2353,4.485682741440491,4
3759,2111,4.119608432847031,5
3759,2718,3.0,4
3760,1,3.8957521114696543,5
3760,164,4.0332617546175005,3
3760,232,3.0,4
3760,474,3.8115125348825964,4
3760,940,5.0,5
3760,1230,4.026839437882488,2
3760,1377,4.173655982216691,3
3760,2287,3.9521962077810127,3
3760,2454,3.998589656129845,3
3760,2519,4.139737301988532,5
3760,2535,4.0,2
3760,2858,3.9539320797457154,1
3760,2922,4.020032175555864,4
3760,2951,3.9477059803472447,4
3761,1953,4.355186844824063,3
3761,2857,5.0,4
3761,3770,4.141575297977376,4
3762,24,2.586015027732959,1
3762,296,3.202450823078849,5
3762,606,1.7046285065124995,1
3762,1345,2.867509808821223,2
3762,1610,3.0665629025020182,2
3762,1972,1.1415130160818063,1
3762,2054,2.7429863613270076,1
3762,2287,3.6485163972179073,4
3762,2288,2.8404810470078274,2
3762,2315,1.3641270038767563,1
3762,2366,3.650551301424028,5
3762,2452,3.0,1
3762,2667,3.747981763322759,3
3762,3027,3.0,1
3763,1233,4.074174280490292,5
3763,1294,4.062912056836268,3
3764,290,3.0,5
3766,356,3.23590172683552,5
3767,2686,5.0,5
3767,2706,1.651712029869907,4
3768,1370,3.4930141797641,2
3768,1858,3.0000000000000004,3
3768,1960,4.252840894884229,4
3768,2133,3.323089376571839,3
3768,2380,2.7614547844237576,1
3768,2422,2.873129226021101,1
3768,2722,3.1704873385556502,2
3768,2948,3.960929409775986,4
3768,2968,3.7073554398121527,5
3768,3273,3.808605436515555,3
3768,3421,3.8806505050097417,5
3768,3556,4.0,4
3768,3654,4.109099879593175,4
3768,3761,3.0,2
3769,70,4.225227731154862,4
3769,1270,4.361252445860429,5
3769,1370,4.265786078854046,3
3769,1537,3.0,5
3769,2294,4.249100150702065,5
3769,2355,4.406075530421195,5
3769,2406,4.289246856092824,5
3769,2599,4.598676827200819,5
3769,2700,4.346937196025011,5
3769,2915,4.387239432796165,5
3769,3105,4.596336798447459,4
3770,1784,4.035205897867431,3
3770,3363,4.361321576875924,5
3771,220,3.0,3
3771,606,2.1353839042863187,1
3771,1378,3.2666443406673276,3
3771,1969,2.707438215985175,2
3771,2366,3.900657412093524,4
3771,2699,2.8754862815554936,3
3771,2995,3.00917254459957,3
3772,2133,4.49826189728694,3
3773,50,3.7749204417992934,5
3773,337,3.573191009664933,4
3773,542,3.1245672433089013,3
3773,736,3.6641941205007877,4
3773,908,3.8215433399496757,3
3773,1288,3.4922302734659127,5
3773,1476,3.6416887831933704,3
3773,2183,3.0,3
3773,2421,3.5800722778646485,3
3773,2571,3.71647517907093,4
3773,2683,3.4479962216745346,4
3773,3388,3.2127350435165956,4
3774,3108,4.48132909410803,5
3775,1288,4.00875140712033,4
3777,852,3.1968127627065135,3
3777,1207,4.034840932334156,4
3777,1610,3.670548709676809,4
3778,36,3.4378280001399397,3
3778,605,2.7789434170114697,3
3778,858,3.4566432978611044,5
3778,1702,2.1458317811965224,2
3778,1762,2.138317254497006,2
3778,2355,3.2139078069251474,4
3778,2539,3.2191065454050753,3
3778,2898,1.859436802443986,2
3778,3246,3.141224195939469,4
3778,3274,3.132702780550571,2
3778,3471,3.2873410400723526,3
3778,3544,3.0,2
3779,357,3.555150599518546,4
3779,2020,4.005913516764219,4
3780,1022,4.399635989599807,5
3780,1235,4.592165546895085,5
3780,1639,4.198231360475316,5
3780,2080,4.479514039582146,5
3780,2141,4.29069032352562,3
3780,2716,4.223536711154245,5
3780,2761,4.394602806732259,5
3780,3688,3.9826496557900755,3
3781,524,4.75313926905468,4
3784,150,4.109142475868048,5
3784,2355,4.07617645339552,4
3784,2678,3.0,2
3784,3147,3.857230267126459,4
3785,3618,3.0,2
3786,1594,4.088400675598148,4
3789,866,4.471038486972733,4
3789,3266,3.0,4
3789,3361,4.33750971383591,4
3790,750,4.3399840481388114,5
3790,2925,3.0,4
3791,1233,4.2216141053971805,3
3792,231,4.025557483794762,5
3792,434,4.255752735673826,3
3792,1356,3.6901518556218478,4
3792,1500,4.284846047209728,5
3792,1586,4.230569700093148,4
3792,1909,3.7966104252240083,4
3792,1912,3.997533710413613,4
3792,1994,3.7948457474377237,5
3792,2002,4.175934344645629,5
3792,2404,3.5959456968859187,3
3792,2453,3.0,3
3792,2531,4.004439120361884,4
3792,2722,3.669010708589741,3
3792,2792,3.864682373859294,2
3792,2820,3.0,4
3792,3408,4.475922681698708,4
3792,3749,3.0,3
3793,372,3.507601593184121,3
3793,2082,2.249435031152155,2
3793,2888,3.0,1
3793,3052,3.5047522446596346,5
3794,2599,4.412282593717792,4
3795,1259,4.665842169233679,5
3795,2435,3.0,5
3796,344,3.571225673083144,2
3796,830,3.7553309857043407,4
3796,952,4.507656088882442,3
3796,1270,4.088834273495519,4
3796,1307,3.780562276345555,5
3796,3447,3.0,4
3796,3685,4.488207728911071,5
3798,2997,3.766595470864881,4
3799,2232,2.0,5
3799,2408,4.2684744226243545,3
3799,2642,4.158777228473743,3
3799,2683,3.832925706062033,1
3800,1347,3.389063752288453,3
3800,1370,3.5811863652567046,3
3801,920,4.511816672867157,3
3801,1655,3.7823584765868907,3
3803,736,3.6711836623082776,3
3803,780,3.8484844153326616,5
3804,1204,4.4041788061514655,4
3804,1617,4.202503038396126,5
3804,1717,3.308487717697312,3
3805,3087,4.454109275542497,2
3806,1986,2.766473989931864,3
3806,3273,2.3126477787631448,4
3807,880,3.3882412061067555,3
3807,1499,3.038534190471935,2
3807,1603,3.859890638149249,4
3807,1608,3.740948809596856,3
3807,1995,2.6238594078351705,2
3807,2428,3.821480101831458,5
3807,2793,3.518359249210129,4
3807,3763,3.819248697252253,4
3807,3840,2.581129009005991,2
3808,173,2.908906032379881,1
3808,230,3.596795438090467,4
3808,415,3.0,1
3808,542,2.996117859495515,3
3808,788,3.6209858517588662,3
3808,866,4.078832979007191,4
3808,1043,3.0,3
3808,1077,3.9822994989788016,3
3808,1196,3.708904885774072,5
3808,1371,3.393581623430115,4
3808,1407,3.7728935105031973,5
3808,1609,3.0,3
3808,1671,3.0,3
3808,1674,3.9224937495912284,3
3808,2112,3.7174588294142983,3
3808,2149,2.5929098366554912,1
3808,2247,3.7447289957586483,4
3808,2263,3.0,3
3808,2639,2.73090149053883,2
3808,2968,3.6140721048090443,3
3808,3200,2.915806307130042,4
3808,3210,3.851660405572256,5
3808,3480,4.0,4
3808,3623,3.7605938971775266,4
3809,858,4.489831981904123,5
3809,2003,4.394709491904869,4
3810,1214,4.270270729146946,4
3810,1294,4.371176822345154,4
3811,1276,3.869082602265906,5
3811,2150,3.717908130032971,4
3812,318,3.619249627928472,4
3812,480,3.458287091440848,3
3812,1197,3.5142027685209336,5
3812,2762,3.617950979891109,5
3814,3811,3.0,4
3815,587,4.456347681272628,3
3815,1259,4.532073251646788,3
3816,552,4.1879995624682484,4
3816,908,3.9677852068558264,5
3816,2003,3.900934044744172,4
3816,2059,5.0,5
3816,2248,3.976174304686925,3
3816,2683,4.236085521584509,4
3816,3208,3.7497142239605883,2
3816,3347,3.0,3
3817,1619,5.0,2
3819,1196,4.207399895430851,5
3820,2628,4.693308791405257,5
3821,2,2.600808833347117,2
3821,202,3.0,2
3821,259,3.0,2
3821,260,3.2103517493757456,3
3821,372,2.8635587541699343,3
3821,800,3.2380521319396873,4
3821,1258,2.80193941087213,4
3821,1270,3.114563135312097,3
3821,1859,3.0,5
3821,2333,3.5347487565212283,3
3821,2337,3.0,3
3821,2439,3.0,3
3821,2952,3.0,4
3821,3362,3.6416795446048327,3
3821,3559,3.0,3
3821,3798,2.0,2
3821,3943,3.0,2
3822,778,3.9652986253268554,4
3822,1089,3.825846090524172,3
3822,1193,3.882743866829139,4
3822,2289,3.7800110435161867,4
3822,3118,3.0,3
3823,253,4.126146551203421,3
3823,517,4.291824436852337,5
3823,780,4.255870206411465,4
3823,832,4.1998155059475115,5
3823,1092,4.12408495224765,4
3823,1804,3.0,4
3823,1805,4.140631663894745,4
3823,2100,4.188633855739141,3
3823,2352,4.0954007228607345,4
3823,2370,3.0,4
3823,2616,4.212710628535656,3
3823,2947,4.366663113978866,5
3823,3108,4.020259950351149,2
3824,50,3.382850480888199,3
3824,153,3.170598211695652,3
3824,292,3.218610216142089,3
3824,357,3.246021667215477,4
3824,468,3.0,3
3824,748,3.1517622194779924,3
3824,1028,3.3894185562956793,4
3824,1031,3.21776564411798,3
3824,1092,2.899055409768102,3
3824,1240,3.3182832274543985,4
3824,1373,2.9760574599574943,3
3824,1480,3.0,3
3824,1606,2.3238727369269903,3
3824,1834,3.108916863341552,4
3824,1981,1.6474873707864421,1
3824,2111,2.926633901479519,3
3824,2257,3.0,2
3824,2261,2.398797368660443,3
3824,2275,3.0,3
3824,2368,1.2371101388588945,1
3824,2377,3.0143161520706996,4
3824,2469,3.0060253065437736,2
3824,2501,3.5923338745190407,4
3824,2565,3.557236489641379,3
3824,2948,3.3449285720383464,4
3824,2970,3.0,3
3824,2990,2.8495825711447162,4
3824,3104,3.404185656241654,4
3824,3169,3.092617656677607,3
3824,3389,1.5000751630714686,2
3824,3422,1.0,1
3824,3705,2.67674940072172,3
3824,3852,3.0,3
3825,6,3.4810349337714563,5
3825,435,2.6490845477558653,1
3825,485,2.703174807967117,2
3825,1222,3.4008835637190455,4
3825,1375,3.102507307498857,4
3825,2100,3.0830874239948156,2
3825,2161,2.7986246763413,4
3825,2450,2.556029273103081,1
3825,2735,2.63784626680787,1
3825,3398,2.55727741579984,2
3827,6,4.110198489556077,3
3827,589,3.991896027824243,4
3827,648,3.964250832391561,5
3827,1676,3.7107683775801616,4
3827,3256,3.9320157703108176,4
3827,3476,4.35025315646903,5
3827,3671,4.208878367139301,4
3829,34,3.6454430818292374,5
3829,263,3.0,2
3829,697,3.0,2
3829,926,3.9183839889225873,5
3829,951,4.070726205993057,5
3829,1413,3.0,2
3829,1648,2.0,4
3829,1956,3.6872745467194994,3
3829,2337,3.0,3
3829,2572,3.4839784769302327,3
3829,2794,2.718507166382114,1
3829,3176,3.458349634142384,4
3829,3546,3.0163917690139135,3
3829,3584,3.0,3
3830,308,5.0,5
3830,2437,3.0,4
3830,2544,3.0,4
3830,3452,3.0,4
3831,193,3.0,1
3831,541,3.6805350829947727,4
3831,1376,3.5352288596823347,4
3831,1644,3.6020321023324096,3
3831,2338,4.0,2
3831,2375,3.163697383978387,3
3831,2642,3.1580490451371834,2
3831,3285,3.0,2
3832,1,4.377185235936468,4
3832,3189,3.0,2
3832,3893,3.997758148764072,3
3833,10,3.5875241072373036,5
3833,911,4.268498041569075,5
3833,1260,4.6669615271521465,4
3833,1991,2.566421208794263,1
3833,2413,2.9419247325859392,5
3833,3255,3.319108449693333,2
3833,3438,3.5990984114764473,3
3834,70,4.630358624364775,5
3834,173,4.338781661092351,4
3834,318,4.593006023637294,5
3834,440,4.263588266281899,4
3834,529,4.566372447343756,5
3834,597,4.4558699997069935,5
3834,818,4.448522160687863,4
3834,919,4.430019079484638,5
3834,1018,3.0,3
3834,1615,4.675376540803331,4
3834,1917,4.541132359467041,4
3834,2142,4.0129678980584425,4
3834,2460,3.0,3
3834,2507,3.0,5
3834,2953,4.020627608596863,4
3834,2985,4.41938545134247,4
3834,3258,4.234744778290024,4
3834,3276,3.0,4
3834,3615,3.0,3
3835,32,4.6823126033199465,5
3836,50,4.018511085422782,5
3836,317,3.7889155686488247,2
3836,431,3.604730880069821,4
3836,551,4.075939744963319,5
3836,786,3.650767923773196,4
3836,1094,4.155622565807394,4
3836,1096,4.383227480445446,4
3836,1498,3.0,3
3836,1617,3.6722948623444123,4
3836,1747,4.075259930153701,2
3836,2019,4.170845478946249,5
3836,2424,3.9680047285539546,5
3836,2447,3.293098124456586,3
3836,2709,3.0387527766925913,4
3836,2858,4.0610868629361345,5
3836,2995,2.8065873575629525,3
3836,3269,3.011298754571297,4
3837,312,3.0,1
3837,1244,4.35200970450586,5
3837,1704,3.922450755920167,4
3837,3060,3.870797139542712,3
3837,3525,3.6180416414372645,3
3839,1584,3.7216966384369696,4
3840,899,4.295409402505504,5
3840,3481,4.114720905929944,2
3841,45,3.5006316380544087,5
3841,76,2.661707976849316,4
3841,235,3.3591127416947097,4
3841,288,3.477342284311271,4
3841,422,1.0,3
3841,487,3.0,3
3841,513,3.0,4
3841,537,3.0,4
3841,606,2.351882322293537,1
3841,724,3.239224714978047,3
3841,904,3.9084240026123647,5
3841,922,4.191302046588332,4
3841,1127,3.216734246959841,3
3841,1136,3.7994503536333495,5
3841,1231,4.012383214915483,3
3841,1326,2.419515424280406,2
3841,1329,4.0,4
3841,1701,4.0,2
3841,1964,4.135483873774655,5
3841,2023,3.7132241745334835,4
3841,2037,3.0,3
3841,2078,3.4163420299651213,3
3841,2110,3.7538151729842237,2
3841,2163,3.6771822600849227,4
3841,2283,3.0,4
3841,2363,3.2978616096547624,3
3841,2571,3.4726999547722777,2
3841,2605,3.0197140201478594,2
3841,2617,2.974271137679985,4
3841,2816,3.71836875086756,2
3841,3584,3.0,3
3841,3661,3.0,2
3841,3676,5.0,5
3841,3768,3.1781983048480655,4
3841,3838,2.0,2
3842,253,3.4906109795572275,5
3842,553,3.432443773594714,4
3842,1094,3.9820171567066223,5
3842,1343,4.193659488853956,5
3842,2015,3.55556976535485,5
3842,2133,3.3765201273432544,5
3842,2188,3.0,3
3842,2282,4.500707512170234,3
3842,2331,3.0,2
3842,2716,3.8888127696666004,5
3842,2826,2.8872203624654813,1
3842,3070,3.9664725524716697,3
3842,3235,3.0,4
3842,3421,3.7680442529372584,3
3842,3725,3.0,2
3842,3785,2.5918151809391055,5
3842,3788,4.324943564873815,1
3842,3791,3.3205950765822068,2
3844,70,3.660148373972069,5
3844,1197,3.7906461143568344,5
3844,1976,4.381870306885903,5
3844,2413,3.6877355781578505,5
3844,2513,4.478585379715972,5
3844,2793,2.9765954303604025,4
3845,3114,4.319641261261162,5
3846,2858,4.380296022433735,5
3846,3155,3.0,2
3847,209,3.0,1
3847,1036,2.988122181544762,4
3847,1090,3.094753126027288,3
3847,1222,3.069399388282721,5
3847,1378,2.7992329103063414,3
3847,1425,3.0,3
3847,1704,3.0595937270465186,3
3847,1917,2.799271111421182,2
3847,2478,2.8091448481745505,3
3847,3688,2.464371804836651,2
3848,2858,4.703337885479249,5
3849,1214,2.8410356969049624,5
3849,3175,2.701749625570664,2
3850,45,4.177162412940917,4
3850,95,3.867760779045526,4
3850,111,4.31817718531265,5
3850,246,4.274025780534078,4
3850,289,3.6488345622523894,4
3850,1090,4.124567321737154,4
3850,1704,4.098897890298566,4
3850,1821,3.669788818839627,4
3850,2542,4.231228330893314,5
3850,2916,4.035802824033006,5
3850,3256,3.8232905434195916,3
3850,3773,3.0,2
3851,2581,3.120714184492969,2
3851,3543,4.524468443295517,4
3851,3623,3.7706759733941038,2
3852,1204,4.827768371880655,5
3853,292,4.252061916838019,3
3853,316,4.29557716385971,5
3853,332,3.0,1
3853,1892,4.517062498834867,4
3853,2161,4.404006048682002,5
3853,2804,4.61026380386255,5
3854,1407,4.1808965755843275,4
3854,3052,4.279577090763764,3
3855,1645,3.8365872124804543,4
3855,1676,3.5823249568101563,4
3856,3812,3.0,5
3857,356,3.9969294589350053,5
3857,1060,4.537119617280092,5
3857,1197,4.019099377590643,3
3858,1225,4.260455806284695,5
3858,1265,4.2266518816639875,4
3858,1270,4.266733975223139,5
3858,2123,4.47373293284756,3
3859,1,3.7323921393340047,3
3859,1198,3.533143754296895,4
3859,1597,3.6470405586755232,1
3859,1954,3.719126865597772,3
3859,2881,3.4389307577228494,3
3859,3120,3.0,3
3859,3358,3.2997617497918372,2
3860,868,3.0,3
3860,1196,3.9628512217042866,4
3860,1272,4.080679053753207,5
3860,2662,3.7876969193374146,4
3860,2826,3.469982743671249,3
3860,3593,4.0,1
3861,1393,4.263272574776423,3
3862,2628,3.3833257340375797,3
3864,2728,4.820687828136642,5
3864,3333,3.0,5
3866,2232,3.0,3
3867,2987,4.113437146128548,5
3868,237,2.8442228068177604,4
3868,608,3.8505050229174014,5
3868,1003,3.407873963288011,2
3868,1367,3.0,3
3868,1466,3.992238576878128,5
3868,2450,3.2620577919357894,3
3869,24,3.0214732435932468,4
3869,457,3.252518132167882,4
3871,588,3.5194118615882104,3
3871,1665,5.0,3
3871,3177,3.0,2
3872,2396,4.679606316199832,5
3873,150,3.9216424652038735,5
3873,1230,4.720577875703773,4
3873,1608,3.5653495791136725,5
3877,3152,5.0,5
3878,586,3.774565519224374,4
3878,920,4.386988874956613,3
3878,1221,4.368175710143666,5
3878,1350,4.284385173549864,4
3878,1721,4.164244004261009,4
3878,2114,4.128318172747581,5
3878,2247,3.9970085331270804,4
3878,2668,3.992654205830392,2
3878,2770,4.183017821045426,3
3878,2948,3.541934999089103,4
3878,2961,3.0,2
3878,3082,3.665605631723157,4
3878,3095,4.6025187801490475,5
3878,3210,4.1086260310834,5
3878,3249,3.811688133184643,4
3878,3418,4.206504658906572,4
3878,3524,4.038860440077057,5
3878,3623,4.077875328572866,1
3878,3698,3.996683406808889,4
3878,3705,2.728707176861165,2
3880,1095,3.8369385742872497,3
3880,1294,3.5618757925901248,4
3880,1466,3.8289073234213613,3
3881,1060,4.113901743879674,3
3881,2797,4.125414016880326,4
3881,3694,3.0,1
3882,42,4.012299645887052,3
3882,47,3.9939138862163577,4
3882,999,3.0,4
3882,3118,3.0,4
3882,3528,3.285932449145416,2
3884,288,2.6848331838682427,2
3884,296,2.932246458728261,3
3884,342,2.682552750099297,3
3884,410,2.4751480259401224,3
3884,908,3.4328820518707404,4
3884,1748,3.035785418654588,2
3884,1836,3.0,2
3884,2102,1.7216277464698657,3
3884,2555,3.0,1
3884,2700,3.124488600754762,3
3884,2706,2.9790607079958766,3
3884,3032,2.2983020295878664,3
3884,3045,3.0,2
3884,3181,3.0,4
3884,3863,3.220663674784494,4
3885,610,3.373238184982543,2
3885,880,2.809001769068012,3
3885,912,4.095936993142638,5
3885,1273,4.519140545488802,4
3885,2311,3.175740532005483,4
3885,2413,3.0376733010044417,2
3885,2692,3.9244139230774167,5
3885,3576,3.3538175127215664,5
3885,3704,3.48093093054222,3
3885,3873,3.0000000000000004,2
3887,1,3.3886670689076195,4
3887,2,3.1020388481901775,3
3887,162,3.541353919296671,3
3887,182,3.0,3
3887,208,3.0043851071068857,2
3887,318,3.4872219335047423,3
3887,1413,3.0,4
3887,1525,3.0,1
3887,1831,2.95642777747937,2
3887,1907,3.4681731406761838,4
3887,2046,3.3750992600430187,3
3887,2498,3.0,2
3887,3175,3.5346860681901053,4
3887,3256,3.463090621629593,3
3887,3260,3.804675876347807,5
3888,1265,3.6011698560260954,4
3888,2239,3.0,4
3888,3341,5.0,4
3888,3473,3.0,3
3890,1923,4.328753649701281,5
3891,1230,4.5725553718239675,5
3891,2010,5.0,5
3891,2571,3.6541542430306686,2
3892,356,3.6132899933434044,4
3892,539,3.548164360718832,3
3892,588,3.5959481238529523,4
3892,911,4.525603923543328,4
3892,920,4.259222493962375,4
3892,1206,4.011505533614562,4
3892,1234,4.1066404540140145,5
3892,1243,3.4989731122346726,5
3892,1268,3.6349801565250184,3
3892,1379,2.914040128333032,2
3892,1678,3.0,3
3892,2087,3.744009348151871,4
3892,3105,3.763352853706046,4
3892,3366,4.471578565623585,5
3892,3753,3.761974452366227,3
3893,3793,2.2289310261119,3
3894,610,3.852391556387453,4
3894,3160,4.087125534316821,4
3894,3408,4.142810087632069,5
3894,3545,3.793975792735491,5
3895,11,3.0001548236336695,3
3895,852,3.0,2
3895,1639,2.7649519475768956,1
3895,2671,3.3271667319589695,3
3896,198,3.1833924787621144,3
3896,611,3.0,2
3898,2951,3.9923566939877526,3
3899,2858,4.03424284078805,4
3900,3,3.9574344936191834,5
3900,234,2.4637572356508723,1
3900,830,3.5664956338767375,4
3900,1073,4.112703388669222,5
3900,2247,4.027780284868797,3
3900,2359,4.488676425273276,4
3900,2421,3.7238613974334758,3
3900,2797,3.9508468623142767,5
3900,3608,3.9192967338503433,3
3900,3705,3.2542763011067555,4
3901,3285,3.0,4
3902,1210,4.952324599328172,5
3902,1378,4.940856853069143,5
3902,2422,5.0,5
3902,2457,5.0,5
3902,2613,4.999999999999999,3
3902,3197,5.0,5
3902,3793,5.000000000000002,5
3903,1346,3.387321677201818,3
3903,1958,3.3667871458228924,2
3903,3444,3.4317101285246805,4
3904,529,4.027612592336181,4
3904,589,4.172319295685732,5
3904,2005,4.127507923774609,4
3905,34,4.157924253430453,4
3905,441,4.228074781492738,5
3905,592,4.193680028309132,2
3905,1396,4.245973394472617,3
3905,2997,4.226840231733145,5
3906,1214,3.38219178908944,5
3906,1954,3.7945734147847245,4
3906,3062,3.9545684867339284,4
3908,347,3.0,2
3908,541,3.6921555465369593,5
3910,969,4.31603755770069,5
3910,1196,3.765976526148776,3
3910,1223,3.0,4
3910,1265,3.833434355778695,4
3910,1391,3.2028919276451626,4
3910,1429,3.177804126200423,4
3910,1912,3.343062337981883,3
3910,2108,3.9193988560859667,3
3910,2324,4.113462757091174,5
3910,2641,3.5138287896288936,2
3912,3793,4.349507518095217,4
3913,1407,3.8559768164900285,5
3913,1457,3.8947900546872716,3
3914,161,4.078783083253965,5
3914,1721,4.143865295398694,3
3914,2762,3.7758946279003447,4
3914,3702,3.9631695653688856,3
3916,457,4.064367697853861,4
3916,527,4.390013414300262,5
3916,529,4.612890637048867,5
3916,785,3.8221810492976824,4
3916,1036,4.070484016831139,5
3916,1090,4.362970791409497,5
3916,1242,4.3843410482423835,5
3916,1393,4.156157241548845,4
3916,1729,4.413747443826894,5
3916,1862,2.419218193475485,1
3916,2291,4.258169349400191,5
3916,2700,4.210592707088919,5
3916,2733,3.0,2
3916,2858,4.385751748611728,5
3916,3174,4.095123280516652,5
3916,3471,4.319114173782636,5
3917,151,3.7534998976593834,4
3917,293,3.6011779721702806,5
3917,415,3.0,4
3917,1094,3.946445110024977,5
3919,2175,3.0,5
3919,2571,4.045731006269447,5
3920,968,4.512770199040181,4
3920,3578,4.1974859174349595,4
3922,39,2.860515344885058,3
3922,231,2.92244947838019,5
3922,673,2.5296963856814463,1
3922,1394,2.8119474895393677,4
3922,1663,2.6498059748911245,2
3922,2555,3.0,1
3922,2640,2.395504819069224,2
3922,3489,2.994584252768208,3
3924,111,4.419035875308911,5
3925,223,4.103538507494446,5
3925,2692,4.7242395459786755,4
3925,2976,4.31737598302005,2
3926,3802,3.0,1
3927,1411,4.666764553310662,4
3927,3418,4.0779747815846745,5
3928,3785,3.0,2
3929,475,3.530676769300013,3
3929,785,3.8194811404488753,5
3929,1655,3.0,1
3929,2001,3.498577758950605,4
3929,2011,3.387127164202525,3
3929,2268,3.6010417630585323,3
3929,2476,3.5432002985255133,1
3929,3689,2.2497276769413617,2
3929,3710,3.9975002975905083,2
3930,1219,4.396625251227483,5
3930,1299,4.503451457941129,5
3930,1408,4.267116400958206,4
3930,2099,4.428501661011637,4
3930,2396,4.4077978380726295,5
3931,1127,3.6481135034643697,4
3931,1967,3.3727115678033277,3
3931,2022,3.0,4
3931,3157,3.0,4
3932,590,4.120358833771433,5
3932,2968,4.0,5
3933,1196,4.000951804761271,5
3934,435,2.6516773363451525,2
3934,474,3.0311419134021143,3
3934,588,2.963238875993162,3
3934,829,3.0,2
3934,1562,2.6717259532738744,1
3934,1617,3.2114066022479144,4
3934,2011,2.900694915604681,2
3934,2148,2.262031259981078,2
3934,2227,3.0,3
3934,2453,3.0,3
3934,2754,1.0,1
3934,3101,3.167138971700271,1
3934,3273,2.420327676182863,2
3934,3387,2.4820680488935545,2
3934,3400,2.0,3
3935,47,3.6140187534000767,5
3935,104,3.37074738853017,4
3935,852,3.4605877739217523,3
3935,1968,3.6486104833321282,4
3935,2001,3.6447410595930525,3
3935,2003,3.5171828875958338,3
3935,2359,3.796446687728758,4
3935,2561,3.0,2
3935,2889,3.0,3
3935,3717,3.0,4
3937,3751,4.627763300859639,3
3938,2858,4.375434752660107,5
3939,1304,4.230625022363083,5
3940,16,3.8458650051459635,5
3940,34,4.153726368985428,5
3940,193,3.0,2
3940,380,3.6718050006839964,3
3940,1132,3.0,5
3940,1189,3.0,5
3940,1332,3.4074928542175034,4
3940,1537,3.0,5
3940,1916,4.504696160850597,5
3940,1965,4.2402669032201565,4
3940,2078,3.8100192232993986,5
3940,2762,3.985153080411508,5
3940,3114,4.091153911295892,3
3940,3147,3.8713359879406943,3
3940,3198,4.0,4
3940,3676,3.0,4
3940,3951,3.0,4
3941,724,2.9918141549369173,3
3942,256,1.343310229960969,1
3942,1028,2.9895142809522963,3
3942,1348,3.521152285676505,3
3942,1923,3.0894479710859386,3
3942,1980,1.9394998349733654,1
3942,2161,2.754411992544326,2
3942,2194,2.87597839220046,3
3942,2450,1.9881469588482963,1
3942,2533,2.747014466877824,1
3942,2796,2.4515998687194696,3
3942,3608,2.9498833340019743,3
3942,3896,3.0,5
3943,150,4.411759939270055,5
3943,506,3.0,5
3943,1682,4.425290215237998,4
3945,110,3.8290229623286494,5
3945,518,5.0,3
3945,648,3.658477751374336,3
3945,1023,4.136539947031464,4
3945,1036,3.800996771962047,3
3945,1080,3.979209311477619,2
3945,1317,3.0,2
3945,1321,3.795959415339742,3
3945,1573,3.6751159206735973,3
3945,1615,2.665501707092817,3
3945,1644,2.9407053321199053,1
3945,2033,3.846878114646768,2
3945,2139,3.7802889808744915,4
3945,2303,5.0,1
3945,2407,3.5601228377379655,5
3945,2506,3.0,5
3945,3257,3.146879368415682,3
3945,3259,3.836212804563275,2
3946,50,3.871240408757008,4
3946,480,3.8816241717151483,5
3946,1015,3.0,4
3946,3081,3.91826272033053,4
3946,3269,3.6008180084644716,3
3946,3578,3.8615598818676724,4
3947,2407,3.664425713610022,4
3947,2529,3.782247712830273,5
3948,1193,3.2446762437538004,3
3948,1243,3.0,2
3949,858,4.1215625842759565,4
3949,1090,4.126761328663643,4
3949,1294,4.09770007952757,5
3949,3508,3.9459247872092136,5
3951,2802,3.3506647242724665,3
3951,3841,3.974232863503686,3
3952,344,3.2582646590711484,3
3952,2017,3.7350540533699825,4
3952,3478,3.0,4
3953,442,3.4288139881264397,4
3953,520,3.1207829827917193,3
3953,1240,3.7393129444162767,4
3953,1376,3.322060698787791,3
3953,2640,3.4458917159306917,4
3953,2987,3.731319625869235,4
3953,3793,3.5561910562959174,4
3954,589,3.6670192189516007,4
3954,1375,3.6922451658495596,3
3954,3793,3.542722163290086,5
3955,736,3.7619262287883815,4
3955,2126,3.7390560681635545,3
3955,3418,3.9862185959687926,2
3956,2355,4.231821349270097,5
3957,173,3.6174251312124883,4
3957,364,4.2039512404804595,5
3957,1288,4.209472607604103,5
3957,2023,4.398600228390004,3
3957,2402,3.5524127194958375,3
3957,2427,4.4957416177191645,5
3957,3498,3.0,4
3957,3834,3.0,3
3958,339,3.632412155185961,4
3958,1584,3.935111408596672,4
3958,3082,4.109391069532223,5
3959,1272,3.483041227804768,3
3960,1393,4.1931699174025745,4
3961,1125,2.5121895160754217,5
3961,1127,3.138173407198405,4
3961,1210,3.5920054173307783,5
3961,1230,4.715642041707354,4
3961,1321,4.1268323826250475,5
3961,2456,2.742974898514681,1
3961,2529,3.2856666552102225,4
3961,3052,3.7464820328902775,3
3961,3476,4.005118233192367,3
3963,25,4.091296813226878,3
3963,943,3.501484149533353,4
3963,1375,3.9498889873440346,5
3963,1797,3.0,5
3963,1954,4.100240176679872,5
3963,2078,4.192972178538763,5
3963,2139,4.1991120461824405,4
3963,2289,4.143951396618873,4
3963,2949,4.066609321120355,4
3963,3088,4.55919093108753,4
3963,3152,4.3076805211727365,5
3963,3682,4.000855929240158,4
3965,368,4.159362376272988,4
3965,969,4.463402083349082,5
3965,1283,4.277592000954152,4
3965,2302,4.162620446962403,2
3965,3681,4.303857319772852,3
3965,3802,3.40602125417128,3
3967,110,3.290951764238769,4
3967,344,2.1551822294643044,2
3967,832,3.15160043615535,1
3967,1120,3.262786659700736,3
3967,1278,3.2724906847113084,3
3967,1968,2.6046820926006116,4
3967,2004,1.835406639936733,1
3967,2017,2.5028825562018233,1
3967,2378,2.632091063246798,2
3967,3052,3.329098307069396,2
3967,3259,2.7560826377560566,3
3967,3591,2.744187088535031,2
3967,3723,3.0,5
3968,3623,4.135060951653736,3
3968,3697,4.023778550759226,5
3969,2528,4.0,3
3970,361,4.0,4
3970,1219,3.4853493004628517,4
3970,1387,3.4986461817944434,4
3970,3897,3.5969579176501743,4
3971,25,3.648652938746117,3
3971,708,3.7713495834387314,4
3971,838,3.6602912167000334,4
3971,1268,3.6670153727580233,4
3971,1569,3.7113607647421407,4
3971,2144,3.6519951057648403,4
3971,3481,3.61822785923259,4
3971,3671,3.6120593729913013,1
3973,2762,3.501306536820485,5
3973,3785,4.0,4
3974,2302,4.331768687437856,5
3974,2762,3.832164193576928,5
3974,3536,4.485489090365336,3
3974,3638,3.9768144890851604,4
3975,1573,4.088788503072971,4
3976,506,3.0,3
3976,529,4.213536575038635,4
3976,1012,4.313089758240136,4
3976,2858,4.1031539851817405,5
3976,2995,2.84863194745503,2
3976,3252,4.160039818372818,4
3976,3699,4.27370261132495,4
3977,2571,3.9668025122022166,4
3979,313,5.0,4
3980,382,2.9627961541538532,2
3981,300,3.65641052887567,4
3981,969,3.8949964250319606,4
3981,1940,3.499113277648161,4
3981,2132,3.895155641880235,2
3981,2858,3.6270980353379345,3
3982,1711,3.7977218509779123,4
3982,2763,3.948385867983204,5
3983,1127,3.6972113008631395,4
3983,1589,3.268185507527778,4
3983,2076,3.617156745996264,3
3983,2694,3.553829580160584,3
3983,2826,3.002931094366934,4
3983,3257,3.618924078629196,3
3984,1242,3.876309230212093,4
3985,105,4.0,3
3985,335,3.0,3
3985,339,3.81208467063026,4
3985,454,3.782526238136602,3
3985,1966,3.0,2
3985,2590,3.0,2
3985,2791,3.684937396786973,4
3988,237,3.4250038439435473,3
3988,351,3.7251623767860482,5
3988,663,4.0130417385794575,1
3988,1441,4.133917864013519,3
3988,2265,3.0,3
3988,3809,4.083780145438426,3
3989,25,4.384143155762616,4
3989,254,3.0,3
3989,357,4.201691388496291,5
3989,457,4.188527008983174,3
3989,2738,3.0,4
3989,3098,4.273028756163376,5
3989,3827,4.0,4
3990,553,4.882375854315613,4
3990,1321,4.15607051699918,5
3990,1654,3.0,3
3990,2174,3.9201980684025908,3
3990,2193,4.097289655014047,4
3992,260,3.9679670485868845,4
3992,364,3.932737939923742,5
3992,1090,3.9959518782445858,4
3992,1887,3.0,2
3992,2000,3.9567338993202092,5
3992,2002,3.9683775876437295,4
3992,2091,3.0,4
3992,2375,3.877150496759094,4
3992,2409,3.8424013641135164,4
3992,2455,3.9983494182481656,3
3992,2533,4.077707673362547,4
3992,2949,4.073560917779516,4
3992,3072,3.7766570940758935,4
3992,3197,3.9942285008670457,4
3992,3361,3.9728801083738103,4
3992,3555,4.226461706331614,4
3992,3703,4.00332704520367,5
3993,69,4.025136919590509,5
3993,165,3.1727256889410107,4
3993,720,3.0,4
3993,2446,3.0,3
3993,2795,3.111678380832218,4
3993,2926,3.6525454775179087,2
3994,36,4.475220492950986,3
3994,367,4.1502854999983185,3
3994,1240,4.177693724708358,4
3994,1374,4.110616758370119,5
3994,1485,4.1289766754388,2
3994,1949,3.0,4
3994,2406,4.106172436772494,5
3994,3361,4.177040940929063,5
3994,3638,4.226936100973388,4
3995,924,3.819844561466383,1
3995,1374,3.6467862487599216,4
3995,1801,3.5163136773509236,4
3995,2826,3.7425937166605348,3
3995,3705,3.3957748368630063,3
3997,15,3.0,4
3997,135,3.3260672896871424,5
3997,303,3.790701495854968,3
3997,429,3.429711041756922,2
3997,1042,3.5415943272849573,3
3997,1198,3.95222646409353,5
3997,1370,3.8677626758611137,2
3997,1429,3.8416785384107004,3
3997,2013,4.021182350167237,3
3997,2828,3.0,1
3997,3633,4.552781737866577,3
3997,3702,4.0720906115364786,5
3998,541,3.6946122230689094,5
3998,610,3.5379809354671203,2
3998,1971,2.5328300367343752,2
3998,1977,2.346755545603666,2
3998,1995,2.7570540685481677,3
3998,1998,2.5932353157957446,2
3998,2021,3.63030302186382,1
3998,2120,2.6347245224994955,3
3998,2460,2.1353260299457695,1
3998,2663,2.672043449294716,3
3998,2789,3.5907365043696253,3
3998,3499,3.563681049517138,4
3998,3693,2.396631262872178,1
3999,541,3.5944836417588224,4
3999,1344,3.4891138364100542,4
3999,1804,3.0,3
3999,2100,3.726880753481627,3
3999,2146,3.474558748719541,1
3999,2279,2.581127983077502,1
3999,2322,3.059743951335545,2
3999,2605,3.1229256499798943,3
3999,2719,2.5508352770628466,2
3999,2987,3.797636059377676,4
3999,3040,3.765724660513172,3
3999,3135,3.6326277045101136,4
3999,3249,3.8965236045476423,3
3999,3256,3.7018655773984723,4
3999,3619,3.0,4
4001,17,3.505687760589464,3
4001,551,3.357390420753009,3
4001,1962,3.739487378712447,5
4001,2097,2.417542633127171,4
4001,2375,3.4647097576427037,4
4001,2797,3.8806021677153284,4
4002,457,3.725497072507558,3
4003,1252,3.9232303521428538,5
4004,173,2.378035181619361,2
4004,1499,2.4622845635462665,1
4004,1586,3.0619493382199567,1
4004,2976,2.5334763502821858,2
4004,3072,3.0,5
4005,3418,4.082928692347337,4
4005,3513,3.0,4
4005,3556,4.0,2
4006,1037,3.9076706705710462,3
4006,1275,3.8517835712634945,5
4006,1525,3.0,3
4006,1917,3.8174605965784436,5
4006,2716,3.617101161216584,4
4007,145,2.644538077202608,3
4007,1049,3.0105499081684868,2
4007,1222,3.397275594120076,2
4007,1869,2.0,1
4007,1914,3.0,3
4009,147,3.0,5
4009,1219,4.0933066744832365,5
4009,1259,3.8435145544100826,4
4009,1645,3.5121470764895033,3
4009,2282,3.0,1
4009,2367,3.7630226910637496,1
4010,2025,3.0,5
4013,1092,2.872014045053621,2
4013,1562,2.1982945558280176,1
4013,2001,2.4933876159091906,2
4013,2815,2.679275776462351,2
4013,3257,2.3040321246746047,3
4014,223,4.220147711803798,5
4014,1373,4.297433088247603,3
4014,1379,4.177257471024998,4
4014,1640,3.0,4
4014,3459,3.0,3
4014,3755,4.4001211505054165,2
4015,588,3.7905198890001,3
4015,594,3.886756392042872,3
4015,1207,3.4913150475264176,4
4015,1220,3.8307259626513592,3
4015,2670,4.661895855961097,4
4015,3471,3.842623571481542,3
4016,494,2.781797237994768,3
4016,529,3.454511282093716,3
4016,736,3.284626233938993,4
4016,1019,3.2242132775208274,2
4016,1100,3.2306470405765237,2
4016,1272,3.449819783550235,2
4016,1396,3.323728743997248,3
4016,1441,3.3757286360879704,3
4016,1931,4.05357238794037,3
4016,1940,3.0,2
4016,1956,3.0353171238277983,5
4016,1968,2.9561957661695892,3
4016,2352,2.969124553400309,3
4016,2987,3.2944165387071376,2
4016,3094,3.0,3
4016,3263,3.4112051950584097,3
4016,3347,3.0,3
4016,3807,3.0,2
4017,2858,4.797266012596524,5
4017,3189,3.0,3
4017,3239,3.0,2
4018,494,3.383354399344207,4
4018,2363,3.874668608014627,2
4018,3703,3.8616350421345316,4
4020,2115,3.610961373966377,4
4021,587,3.8014500449348083,3
4021,592,3.8777569043296674,5
4021,852,3.807202053019264,3
4021,945,4.747814917468278,5
4021,1097,3.980307747033312,4
4021,1266,4.000870150577798,4
4021,1438,3.35052142810685,4
4021,1928,4.335199604781592,4
4021,2247,3.8776487246436373,4
4021,2473,3.4592915182399078,4
4021,2477,3.0,2
4021,2615,3.123248898770637,2
4021,2788,4.4753788036629345,5
4021,3543,4.316325717131592,4
4021,3846,4.0,3
4022,24,3.3455981706651645,4
4022,289,3.0,2
4022,364,3.532776922715877,4
4022,1196,3.3998443773653237,4
4022,1256,3.4437851292725625,4
4022,1284,3.5695582146969342,3
4022,1371,3.2779674917,2
4022,1429,3.498807155121025,3
4022,1950,3.5469273855810592,3
4022,2028,3.4505433628563926,5
4022,2490,3.4045109750281224,2
4022,2826,3.3210278489026366,3
4022,3018,3.008603633089061,1
4022,3114,3.4003180579358463,4
4022,3735,3.4388898162303727,4
4023,608,3.200417964003461,4
4023,2366,3.1232599179837393,4
4024,65,3.0,1
4024,1367,2.0,2
4024,1459,3.0,3
4024,2124,3.593318695717085,3
4024,2355,4.041242967441449,5
4024,2707,3.4222571194192493,3
4024,2713,2.1842153268892344,3
4024,3359,4.321728160421965,4
4024,3361,4.406771376462201,4
4025,3897,4.239340960611474,5
4026,750,3.912944624615709,4
4026,1089,3.8696238202081092,5
4026,2723,3.092911168301958,3
4027,1089,4.726721914035102,3
4028,21,4.124056227409551,4
4028,70,4.326671599344393,4
4028,111,4.110920806683641,5
4028,160,4.217721349419689,3
4028,255,3.0,1
4028,370,4.2347697775178155,5
4028,517,4.4401510083118305,5
4028,585,4.3332217487438465,1
4028,1244,3.735857084459427,5
4028,1824,3.0,1
4029,750,4.0381229477209155,3
4029,3201,3.9914434545246023,5
4029,3730,4.1396127734313914,4
4030,1226,3.0,3
4030,1589,3.4907701738713532,3
4030,1641,3.4540467016126306,3
4030,3032,3.0,4
4031,1261,4.101906444730447,5
4031,1348,4.532329481079135,5
4032,1034,3.0,3
4032,1073,4.481739224322037,4
4032,1408,4.454341571904254,4
4032,2133,4.56759016070362,3
4032,2490,4.3451835118955895,5
4032,2872,4.551727097397057,4
4033,161,4.318668823911735,4
4033,223,4.4596380379267915,5
4033,265,4.554181296379978,3
4033,317,4.133420338629411,3
4033,468,3.76047247416589,3
4033,480,4.200945629252333,5
4033,588,4.324656724181381,5
4033,1302,4.377647184902789,4
4033,1339,4.310968514990771,3
4033,1483,3.0,3
4033,1687,3.6249574568757894,1
4033,1885,4.188433742904431,1
4033,2006,4.098384085040589,4
4033,2112,4.121922860540585,3
4033,2413,3.932835905026267,5
4033,2540,3.5384384326243064,3
4033,2568,3.0,3
4033,3108,4.389611632290106,5
4033,3261,4.582312672639515,4
4033,3408,4.514765935107096,4
4033,3525,4.131853629734001,4
4033,3555,4.281059848280121,5
4033,3689,2.6790671235881556,2
4033,3703,4.296927235937042,4
4033,3847,3.0,1
4034,908,4.59675127397826,5
4034,1663,4.186746368250706,5
4034,2396,4.498740097458587,4
4034,3424,4.433858604914985,4
4035,292,4.0288239987041745,2
4035,3177,3.0,5
4036,318,4.07460119421696,5
4036,441,3.944739378524925,4
4036,445,3.0,3
4037,1017,3.0,3
4038,3105,4.426494948356526,4
4039,21,4.397323040844004,5
4040,2997,4.202282897873771,4
4041,511,3.7188952811461937,2
4041,514,3.280606297889839,3
4041,673,3.6070633859136008,2
4041,688,2.0,3
4041,879,2.907005912384376,3
4041,1210,3.7560115001222987,5
4041,1321,3.9135130648219394,5
4041,1375,3.7149322049758062,3
4041,1377,3.4066259957562157,4
4041,1552,3.6654364297895055,5
4041,1587,3.7969847392230185,2
4041,2007,3.0,3
4041,2011,3.6751304573624464,5
4041,2149,3.310027229782513,3
4041,2641,3.704132005255345,5
4041,2953,2.818817642099271,2
4041,3300,2.9952928470021463,2
4041,3557,3.0,3
4041,3608,3.939786136789206,4
4041,3838,5.0,4
4042,589,3.440373412833617,4
4042,805,3.4113674703287304,4
4042,1965,3.5597166420486426,2
4042,2021,3.096532007218023,2
4042,2094,3.1485305452176235,3
4042,2763,3.6245485120920864,4
4042,2917,3.697565741392265,4
4042,2991,3.3474184273104863,3
4042,3163,3.0,5
4042,3169,3.835096906402457,4
4042,3366,3.885185770940785,4
4043,597,3.821885560401954,4
4043,1224,4.0,4
4043,2006,3.918076081561077,3
4043,3247,3.6502198115730393,3
4044,1617,4.3893640498769635,3
4044,2858,4.436931865698195,5
4045,3789,5.0,5
4046,1011,3.0,1
4046,1136,3.9645208511163497,5
4047,349,4.380399048843774,4
4047,480,4.303030552717665,5
4047,733,4.380632190613447,5
4047,3578,4.32138517381731,5
4048,15,3.0,5
4048,236,4.147666452755982,4
4048,362,3.0,4
4048,1012,4.733510273883021,5
4048,1837,3.0,4
4048,1848,3.0,3
4048,2092,3.8576243025893526,3
4048,2546,3.0,4
4048,3028,4.0,5
4048,3108,3.8601666448322374,3
4048,3466,3.0,5
4048,3754,3.0,5
4049,173,3.0601657457076965,1
4049,653,3.484889223237191,3
4049,1008,3.991289316440349,4
4049,1287,3.9820201650594726,4
4049,1599,3.0,1
4049,3366,3.599011859500491,4
4049,3527,3.6730096324133803,5
4049,3697,3.5253876715696197,3
4049,3702,3.7700312216655796,4
4050,2096,4.562846435704952,4
4050,2144,4.34197772335172,5
4050,2947,4.684794517534604,5
4051,111,2.8960770098899324,3
4051,235,2.9922758425491174,4
4051,2028,2.846609569518823,3
4051,2135,3.0,2
4053,382,3.313570842724997,4
4053,934,3.0,4
4053,1125,3.585676090716013,4
4053,1676,3.6397660087605073,4
4053,1744,3.0,2
4053,1769,3.5102003422226287,4
4053,2072,2.8124133334917687,3
4053,2132,3.8114294909467663,4
4053,3090,3.0,3
4054,296,4.077767973386406,5
4054,538,3.5800658214404644,3
4054,1017,3.0,3
4054,1080,4.162477149164802,4
4054,1082,3.7553963906444716,4
4054,1944,4.325881197019189,5
4054,1961,4.113012017587675,4
4054,1964,4.348267511202708,4
4054,2004,3.4699726385515737,3
4054,2010,4.280584693709758,3
4054,2116,3.8025217497500914,3
4054,2160,4.118434195472662,5
4054,2252,3.0,3
4054,3086,3.0,2
4054,3102,4.02982677202437,4
4054,3252,4.077558657060031,5
4054,3450,3.956376320918622,4
4054,3576,3.8875195565697154,4
4054,3585,3.0,3
4054,3586,3.0,4
4054,3809,3.944087489471634,4
4055,268,3.0,2
4055,281,3.4999145228361765,3
4055,327,2.7664023827311714,2
4055,420,2.318268664246999,1
4055,502,1.0,1
4055,1479,2.8360900197679193,3
4055,1589,3.8332951708694685,3
4055,1653,3.563519164590934,3
4055,1732,3.6923411763492138,3
4055,1785,3.5008953759665555,4
4055,1805,3.674462019247274,4
4055,3723,3.0,3
4058,588,3.562698175066033,4
4058,1032,3.3479089348250493,3
4058,1079,3.8781042899049347,3
4058,1089,3.8338371505716253,5
4058,1641,3.800238948514389,3
4058,2668,2.112384433621256,2
4058,2734,3.266444344866319,4
4058,2788,4.140550400000821,4
4058,2997,3.9192101207847903,3
4058,3753,4.067287765816157,3
4059,1968,3.599451697999125,4
4060,296,4.0224598006822125,4
4060,555,4.066582665671122,4
4060,1500,4.036776397377446,4
4060,1909,3.9627028000402778,4
4060,2804,4.044262289494185,4
4061,3766,2.9999999999999996,4
4062,34,3.70821800185059,5
4062,273,3.013035508291809,3
4062,552,3.5829039770800097,3
4062,788,3.484763830402563,2
4062,1824,3.0,3
4062,1876,3.6975453720001594,4
4062,2683,3.4975598635155802,4
4062,2707,4.00327090937321,4
4062,3114,3.807843318810184,4
4062,3174,3.8804401325170446,2
4063,1193,4.271489120602106,4
4064,258,3.0,2
4064,262,3.0,3
4064,520,2.39617765034842,2
4064,588,3.2173098440330623,5
4064,904,3.6731337445177417,5
4064,973,3.0,4
4064,1136,3.5833915718942486,4
4064,1171,3.421244722179252,3
4064,1260,4.5097336283212455,5
4064,1411,3.28632150567206,4
4064,1924,1.5097819756372268,1
4064,2006,2.98646535169256,4
4064,2099,4.22683991313147,4
4064,2416,2.488708973526857,2
4064,2430,3.0,4
4064,2488,3.0,4
4064,2529,3.171991104173008,4
4064,2917,3.9181906875904846,4
4064,2942,2.714721136025058,2
4064,3317,4.0612458337416095,3
4064,3688,2.764713890676743,1
4066,145,2.466273417658601,2
4070,599,4.0,4
4070,3256,3.317490340097537,3
4071,356,4.101661235756442,5
4072,2321,3.895808411690841,4
4072,2683,3.9910041335157356,4
4072,3836,4.591061126949837,4
4074,1193,5.000000000000001,4
4074,1233,5.0,5
4075,2762,3.375465290623147,4
4076,282,4.0,5
4076,1619,4.0,5
4076,1653,3.7566867492236287,3
4076,3103,3.0,5
4077,368,4.052696825508019,3
4077,924,4.181971048493128,4
4077,2020,4.052950179834693,3
4077,2533,4.015948863575634,3
4078,110,3.9004740260065858,5
4078,553,3.954315059172692,3
4078,671,3.0,3
4078,1258,3.5726581579841503,5
4078,1663,3.493635295640606,5
4078,1983,2.2344216427050694,2
4078,2097,3.2121021859515,1
4078,2457,2.9756533577218267,4
4078,3527,3.639662369759722,4
4079,1,3.6649058332752786,4
4079,532,2.4332814801221785,1
4079,888,3.0,4
4079,1147,4.0,4
4079,1148,3.4619066716635647,5
4079,1927,4.255327207115884,5
4079,2100,3.6979277105270083,4
4079,2109,3.63203142902304,4
4079,2183,5.0,5
4079,2194,3.3912095456464013,4
4079,2523,3.0,3
4079,2529,3.3703122458249526,4
4079,2871,3.8401268792100347,3
4079,2991,3.869848877683166,4
4079,3809,3.4107159861323937,3
4079,3836,4.158283332293211,4
4080,1228,4.3330294600894055,4
4080,1240,4.294350391639967,5
4080,2951,4.233596220604727,4
4081,1885,4.877901642793568,2
4081,2915,4.440752883513143,3
4081,3424,4.482242740511198,3
4082,333,4.146660387772496,3
4082,1307,4.039927881320871,5
4082,2060,3.0,2
4083,218,4.0,3
4083,289,2.9620030686328183,2
4083,370,1.8216332356548668,1
4083,906,3.566159398163445,4
4083,1210,3.472901196209318,5
4083,1304,3.89491289727183,5
4083,1307,3.4119327342902936,5
4083,1371,3.319073539159326,1
4083,1748,3.188016518457857,3
4083,1932,3.0,4
4083,2041,3.0,1
4083,2353,3.2472853044854486,5
4083,2378,2.8164692649674845,3
4083,2410,3.1388439647778226,2
4083,2581,3.2233400578380476,3
4083,2713,3.254812621703501,2
4083,2797,3.1516999432447204,5
4083,2967,3.0,5
4083,3060,3.235436533678917,5
4084,912,4.862064493866812,5
4084,1084,4.82705776496563,5
4084,1213,4.777478796244241,5
4084,1230,4.861460259235725,5
4084,2357,3.0,5
4084,3174,4.185415990797041,4
4084,3481,4.680461466684815,5
4084,3578,4.800379532877449,5
4084,3753,4.349610577241923,4
4085,110,3.974807543368938,4
4085,249,3.0,4
4085,372,3.9181488771923134,4
4085,420,3.534814397426078,4
4085,514,3.873671141673984,4
4085,708,3.879363900520174,4
4085,919,3.995854465836359,5
4085,1081,3.9813465043512015,4
4085,1090,3.9872432323380753,4
4085,1610,3.9363640107445947,4
4085,1717,3.362267898408898,4
4085,2174,3.8538138393178603,4
4085,2348,3.514170129293838,4
4085,2505,4.0,4
4085,2617,3.756570224411923,4
4085,2786,3.0000000000000004,3
4085,2846,3.0,3
4085,2950,3.808151349979345,3
4085,3007,3.0,1
4085,3258,3.3331090186539765,3
4086,54,4.0,5
4086,261,5.000000000000001,5
4086,367,4.76293945412152,5
4086,736,4.698793040777235,5
4086,888,4.0,3
4086,1377,4.632973806641918,5
4086,1588,4.47406710035618,4
4086,1702,3.855378266665435,3
4086,2581,4.903090731627106,5
4086,3608,4.754560742659773,5
4088,736,3.09666954720659,3
4088,1147,5.0,5
4088,1539,3.0,1
4088,1729,3.955624492533809,5
4088,2321,3.454224646735075,3
4088,2434,3.0,3
4088,2561,3.0,2
4088,3476,4.123611110254169,4
4089,357,4.148021246332366,5
4089,422,3.0,4
4089,480,4.107343651823074,5
4089,1073,4.058724063764552,5
4089,1298,3.9081374392152712,5
4089,1986,3.0,3
4089,1994,3.8382890180947,5
4089,2006,4.173534672509493,4
4089,2116,3.9823473792143984,1
4089,2140,3.922264557502355,4
4089,2717,3.916919933458212,2
4089,2915,4.059725385434984,4
4089,3016,3.8754125401875137,4
4089,3078,3.0,3
4089,3186,4.0645671922251925,3
4089,3210,3.9934167422971765,4
4089,3527,4.117292226287652,4
4089,3697,4.052892936820327,3
4089,3852,4.0,4
4090,1198,3.8876742593102254,5
4090,1247,4.158825600218746,5
4090,1950,4.408966538706219,4
4090,2015,4.010085024927153,1
4090,2463,3.6328645390007246,4
4091,1665,3.0,3
4091,2736,4.0,4
4092,1307,4.41200015688282,5
4092,3082,3.9976256343728895,5
4092,3608,4.348450312876799,3
4093,2118,4.717504651188541,4
4094,36,4.437818360387828,4
4094,1678,4.348794779248423,5
4094,2126,4.421361578598557,3
4094,3250,3.0,5
4094,3535,3.0,2
4095,2881,3.758301835855811,3
4096,1287,3.7894080815982734,3
4096,1954,3.691615357732674,4
4096,2000,3.5649698471133595,4
4096,2006,3.4900599465535818,2
4096,2028,3.750458213601134,5
4096,2961,3.0,3
4096,3439,2.1825291075282913,2
4098,608,4.228127243602648,3
4098,3104,4.297991191252176,5
4098,3768,2.0,3
4101,1183,3.7523998703851755,4
4101,1210,3.745924556084745,3
4101,2617,4.17992801283209,2
4102,1389,2.754376170596924,1
4102,1975,2.439437284307087,1
4102,2995,3.031080437933261,1
4103,1193,3.687165471501899,5
4103,3471,3.530761391861547,2
4104,1219,3.7661574430887006,4
4104,2105,3.5679350455511325,3
4107,858,4.402880973687625,5
4107,2174,4.2970477668698255,5
4107,2468,3.619605116089558,4
4107,3671,4.392673863343557,5
4108,1097,4.615241800888368,4
4108,1225,4.511024952809739,3
4111,2890,3.9343496410435734,4
4112,784,3.706860212723068,3
4112,1079,4.2210933884104795,4
4112,1387,4.320874482830787,5
4112,2081,4.20309857307586,4
4112,2118,4.278101681517219,4
4112,2133,4.059973432484455,4
4112,3157,5.0,4
4112,3516,3.0,5
4113,3649,3.0,4
4114,1217,4.009017447794696,4
4114,1291,4.053681943107663,4
4114,1341,3.0,3
4114,1762,4.0,4
4114,2804,4.287704289288171,4
4114,2987,4.021377049083413,5
4115,236,4.226189676094218,4
4115,432,3.735787193896761,3
4115,1127,4.185056492096227,5
4115,1375,4.0447864151541735,4
4115,1590,4.011772813616731,1
4115,1959,4.026166046765496,4
4115,2105,4.010439369243548,3
4115,2134,3.8534230143130754,3
4115,2240,3.699611625605789,4
4115,2657,4.142534795332922,2
4115,3334,4.298945044903779,4
4115,3424,3.8402299967378672,3
4116,474,3.940891495092778,4
4116,589,3.951796281351773,4
4116,1923,3.9546383848873603,4
4116,2551,4.0,4
4116,2571,3.958301026729742,5
4116,2811,3.0,4
4116,3104,3.992612721055639,4
4116,3147,4.033319763039749,4
4116,3316,3.0,3
4116,3618,4.0,3
4116,3752,3.674395421191913,3
4116,3798,3.5100219338120593,4
4117,6,4.373265835031509,5
4117,208,4.127075434882358,3
4117,547,3.0,4
4118,2501,4.353661354734022,5
4119,3814,3.4346357179371125,4
4120,2997,3.258772549085475,3
4121,76,2.0248925328971,4
4121,1278,4.381241213158753,5
4121,2571,4.15468306250371,5
4121,2648,4.255069334928576,4
4121,2672,2.5038237940263484,3
4121,3701,3.9907143174107063,3
4122,514,4.166319263779569,3
4122,546,2.383075779380486,1
4122,1080,4.183636234846753,3
4122,1171,4.20573193794707,4
4122,1594,4.409070591319025,5
4122,2000,3.7315885600821987,4
4122,3253,3.7475161454877965,4
4123,1327,3.946501565328084,3
4123,1347,3.1020616075914713,4
4123,2710,3.813683594322905,3
4124,840,2.0,3
4124,1197,3.8440086807391207,4
4124,1653,3.8167614389530584,3
4124,3812,3.0,5
4124,3846,3.0,2
4125,356,3.4551623233723796,4
4125,3039,3.366437692848572,3
4126,260,3.6672392133654443,5
4126,295,3.0,3
4126,316,3.7320033608665963,4
4126,1198,3.5519185882020734,5
4126,1374,3.6396277693984853,4
4126,1475,3.0,3
4126,2355,3.667308869439671,5
4126,3869,3.3002473293267682,4
4127,2498,3.0,3
4128,3107,4.547749690927895,3
4130,1645,3.7765372437896607,3
4130,2881,3.3875363253981563,3
4130,3366,3.6068987059211937,4
4130,3697,3.6343558336975095,2
4131,968,4.530256179810751,4
4131,1219,4.491362476124976,2
4131,2147,3.0,4
4131,2872,4.150880582647226,4
4131,3153,4.694856109866819,4
4132,163,4.506637595196232,4
4132,1093,3.8798874518780595,3
4132,2390,3.0,5
4132,2502,4.010492255926335,2
4132,2580,4.487041047705352,4
4132,2712,4.515988300870596,1
4132,3238,3.0,1
4133,1126,4.0,1
4134,912,4.0012190165419455,4
4134,924,3.9424899933821864,4
4134,3347,3.0,4
4134,3469,4.008218880104144,4
4137,1267,4.835329485194532,5
4139,47,3.95314597963793,5
4139,62,3.8795344677661436,3
4139,296,3.9981305095925106,5
4139,349,3.8252187324363134,4
4139,806,3.0,4
4139,861,3.295205813448581,3
4139,1343,3.6582083424636758,3
4139,1464,3.0,4
4139,2435,3.0,3
4139,3099,3.0,4
4139,3264,3.349457753676095,4
4139,3518,3.0,3
4139,3766,3.0,2
4140,122,3.0,3
4140,340,3.0,2
4140,353,2.947506082604664,3
4140,762,2.5321640525189753,1
4140,852,3.102955603724116,3
4140,1201,4.156447115825747,5
4140,1270,3.789222356389854,4
4140,1276,4.371958235865758,5
4140,1488,2.741971233155405,3
4140,1687,2.6862837053706796,3
4140,2080,3.7441567731443905,3
4140,2374,3.2487689181692367,2
4140,2407,3.126681928264402,3
4140,2408,2.26546202965674,3
4140,2950,3.3266600715515433,3
4140,3500,3.0,1
4140,3836,4.663348117928658,4
4141,350,3.904576560876085,4
4141,356,4.0458699072402,5
4141,515,4.2809820228899165,4
4141,1093,4.36546183864446,4
4141,1396,3.9181401253075463,4
4141,1883,4.227654165411083,4
4141,2572,4.673064327522213,4
4143,260,4.609727207314272,5
4144,260,3.418241814221165,4
4144,1213,3.576019847448392,4
4144,2020,3.560714802551428,4
4144,2968,3.074143953660438,4
4144,3037,3.7541398081922748,5
4144,3066,3.270842192261816,2
4145,2333,2.0,3
4146,1200,4.197721601999866,5
4147,1608,4.383914986832265,5
4148,1573,3.899913931489686,2
4150,663,2.500301106776681,2
4150,858,3.675635051748826,5
4150,1049,3.2119557643942405,3
4150,1304,3.7982196844528575,5
4150,1587,3.4607100698779765,3
4150,1957,3.8320880778185447,3
4150,2367,3.289924102959787,3
4150,2490,3.5656990009912035,4
4150,2617,3.4276686000322307,3
4150,2752,4.0,2
4151,39,3.740229765978077,4
4152,153,3.2901661945239917,3
4152,1405,2.984950326271491,3
4152,1459,4.0,3
4152,1562,2.420300824025662,3
4152,3420,3.0,3
4152,3735,4.530894833066333,4
4153,15,3.0,4
4153,208,3.946303187127011,4
4153,258,3.0,4
4153,653,4.07513450573851,5
4153,1616,3.820314321165822,5
4155,2702,3.0,2
4156,111,4.183471192725118,5
4156,474,3.987559242196098,5
4156,1356,3.598744869869831,4
4156,1373,3.563925251551774,3
4156,1556,3.583353499991665,2
4156,1912,3.6876148173148833,4
4156,1918,3.7643335441089447,4
4156,2194,3.7376136886537563,5
4156,2427,4.253231470589488,4
4156,3467,4.189185701687217,4
4156,3471,3.9876553911458044,4
4157,2070,3.998090418593592,5
4159,2701,3.387881413356309,2
4161,716,3.0,2
4161,1047,2.057695522379596,3
4161,1599,3.0,1
4161,1608,2.101612965567465,1
4161,3082,1.9640848312990822,1
4161,3090,3.0,5
4161,3408,3.166384190880061,1
4161,3777,3.0,3
4161,3786,3.0,3
4161,3834,3.0,4
4162,151,4.346024407774389,4
4162,282,3.7523326608035816,4
4162,2501,4.2762458115034345,4
4162,3614,3.83973322140498,4
4163,2628,3.9830586916801027,2
4164,1097,3.073510383255261,3
4166,2687,4.5415917989292565,5
4167,208,3.303820267635114,3
4167,316,3.525366663884759,3
4167,367,3.7359866922644103,2
4167,588,3.7654418889493817,2
4167,955,4.087580052464914,3
4167,1061,3.7720630391739682,3
4167,1104,4.284663916011328,5
4167,1263,4.267754291243667,4
4167,1269,4.157289456224473,4
4167,1963,3.7701863904809496,3
4167,2268,3.7578127460134123,3
4167,2406,3.7707866058663955,3
4167,2412,2.226662673872359,1
4167,3147,3.8590738110107714,5
4167,3551,4.501628576915952,2
4167,3681,4.181595732165563,5
4167,3788,5.0,4
4168,22,4.261466149221466,4
4168,282,3.0,5
4168,2336,4.817319920191727,5
4168,3260,4.804523023828617,5
4169,47,4.045875150502126,4
4169,100,3.0,3
4169,138,3.0,4
4169,140,3.410991080820397,4
4169,205,3.0,3
4169,276,3.3442365664177416,3
4169,308,4.0,4
4169,319,4.5125489013182785,5
4169,478,3.0,2
4169,494,3.13225019458137,4
4169,587,3.796823629453385,3
4169,647,4.089454841036807,4
4169,862,3.0,2
4169,903,4.612076694368306,4
4169,921,4.504304823515416,5
4169,949,3.0,5
4169,1035,4.373366596089484,3
4169,1068,3.85495329723008,5
4169,1096,4.6500677433965505,4
4169,1113,3.0,4
4169,1189,3.5109683829350034,5
4169,1286,3.47337977460099,2
4169,1287,4.17188907414399,5
4169,1333,4.336688962438394,5
4169,1354,4.395944208877253,3
4169,1436,3.0,4
4169,1601,3.0,3
4169,1612,4.0,3
4169,1759,3.0,4
4169,1814,3.0,4
4169,1902,3.0,2
4169,1944,4.693210021324752,5
4169,1946,4.999999999999999,5
4169,1968,3.6547724385709417,4
4169,2135,4.374278048931996,2
4169,2144,3.659939173960192,3
4169,2212,3.7148188738040826,4
4169,2280,3.0,3
4169,2418,3.0,3
4169,2431,3.4743428209013167,2
4169,2454,3.8352902162404927,4
4169,2551,4.0,4
4169,2558,3.5507762574049275,2
4169,2732,4.808790157755835,5
4169,2746,3.61278736312648,4
4169,2752,2.0,4
4169,2885,3.0,4
4169,2932,4.487530464025555,5
4169,2952,3.0,4
4169,3148,4.631842163923061,3
4169,3185,3.0,4
4169,3274,3.2996638010949098,3
4169,3329,3.0,5
4169,3502,4.0,4
4169,3620,3.0,3
4169,3919,2.9394371295976724,3
4170,1196,3.907934241302782,3
4170,2858,3.958011665789874,5
4171,440,3.6124669716995355,4
4171,1895,5.0,4
4171,2378,3.193619648207533,1
4172,2289,4.560381144732489,4
4172,2571,4.540724808301456,5
4173,95,4.238096947511588,2
4173,1580,4.104169976225367,5
4175,3524,3.9325165655598147,5
4175,3591,3.6708468609380156,5
4177,32,4.528761896123456,5
4177,34,4.424111136925433,5
4177,1201,4.451209669031615,4
4177,1587,4.459333489796969,3
4177,2348,3.0,4
4177,2985,4.43393877306932,5
4177,3639,4.33482734132518,4
4179,357,4.507804392179469,5
4179,588,4.392760602257287,5
4179,913,4.722113166472961,5
4179,1104,4.797258176654487,5
4179,1965,4.52462692328325,5
4179,2918,4.31122378079941,4
4179,3087,4.158173284689497,3
4180,737,3.0,4
4180,1267,4.145041444253765,5
4180,1609,3.0,3
4180,2683,3.1816547624505387,3
4180,2858,3.9766460509908255,4
4180,3701,3.326278288558228,4
4181,2155,4.0,3
4181,2914,3.0,2
4181,3004,3.0,2
4183,480,3.1972040866328197,5
4183,1200,3.2791274346637107,2
4183,1266,3.606445861912264,5
4183,1459,3.102129415378991,3
4183,1544,2.9232271834055155,3
4183,2291,3.4646286943468496,2
4183,2321,3.024540844043393,2
4183,2539,3.197100616019444,3
4183,2560,3.0,3
4183,2617,2.6878675464640347,3
4183,3723,3.0,5
4184,1245,3.0,3
4186,32,3.113211890755214,5
4186,555,3.277222955461836,4
4186,610,2.7554131269935653,3
4186,1020,2.529531378936463,4
4186,1252,3.441908353783741,3
4186,1411,3.0019850973364552,1
4186,1611,3.5337746365387304,2
4186,1912,2.9255298765674014,4
4186,2055,3.0,3
4186,2087,2.934806894381145,2
4186,2335,1.7764223746951888,1
4186,2380,1.433673972858675,1
4186,2912,3.4499575173954753,4
4186,3717,3.0311094150839577,1
4186,3827,4.0,1
4187,3185,3.0,4
4188,60,3.0,3
4189,1299,4.9186620281438405,3
4189,2186,4.999999999999999,4
4190,1375,3.354920116892397,4
4190,1408,3.666723038649781,4
4190,1876,3.4348957402881544,4
4191,3355,3.0,4
4193,256,3.0,4
4193,1259,3.643459833828754,3
4194,235,4.191792039300109,4
4194,2863,4.787867071434979,4
4194,3263,4.26612046653192,4
4195,908,4.766767236556032,5
4195,1150,3.0,4
4195,1946,4.746920456601913,4
4195,3467,4.571875099705059,3
4199,318,3.860080462893779,3
4199,920,3.843304813728976,4
4200,541,3.4820874603710283,5
4200,2571,4.091655618959883,5
4200,2968,3.46847885362701,3
4200,3704,4.100571714685711,5
4201,575,3.0,2
4203,253,4.1612974279176935,4
4203,2852,3.0,5
4204,1500,4.5415254128983165,4
4204,2118,4.282727135065105,3
4204,2901,4.420939603204298,4
4207,1193,4.857513138369465,5
4207,1208,4.8192366773963595,5
4207,2146,4.262546015024067,3
4207,2248,4.650143721738997,4
4207,3734,3.0,4
4208,838,3.7413283741198815,4
4208,914,5.0,5
4208,1264,3.0,4
4210,1376,3.895476101045437,3
4210,1917,3.5883742852735736,5
4212,466,3.796164353393993,3
4212,527,4.321499223494746,5
4212,912,4.385292131927899,4
4212,1552,4.026573762435842,4
4212,2490,3.396806486649293,3
4212,3104,4.145717376995448,3
4212,3274,3.1970910882765127,3
4212,3339,3.0,4
4212,3441,3.9631283316760797,3
4212,3792,3.0,4
4213,377,4.169098388394668,4
4213,380,4.119572449361417,4
4213,474,4.220510147673484,5
4213,1210,4.180611939116707,5
4213,1344,4.0,4
4213,1371,4.130238350211093,5
4213,1953,4.394686753247263,5
4213,2571,4.169154796597207,5
4213,3190,3.0,3
4213,3505,4.3048031332782974,4
4213,3681,4.321041759657474,4
4214,3176,4.2867010542472475,4
4215,593,4.099064056962802,4
4215,898,4.241950086459282,5
4215,924,4.1601393253626835,4
4215,1171,4.332708252600863,4
4215,1206,4.150043183744524,4
4215,1904,3.0,4
4215,2587,3.0,3
4215,2791,4.065537481942016,5
4215,3543,4.236128135572325,5
4215,3671,4.20088095669292,5
4217,473,4.0,3
4217,595,4.1458368533795,3
4217,953,4.2339888041035785,3
4217,2273,4.000140252394861,4
4217,2447,4.25172134458217,4
4217,2762,3.9624243317644567,5
4218,924,3.216021467919991,4
4218,2338,1.0,2
4218,2455,2.9510234111608824,1
4219,2528,3.9710693761296776,5
4219,3671,4.141685240450628,5
4220,1,3.780251151591223,5
4220,448,3.0,3
4220,1081,3.1699627090085327,2
4220,1175,3.0,4
4220,2110,3.2887284315090772,4
4220,2470,3.648265502896078,3
4220,2762,3.703858112393551,5
4220,3261,3.3696507640217574,4
4221,318,4.049764871542652,5
4221,527,4.234032353162303,5
4221,3347,3.0,5
4222,2,3.968785752577567,3
4222,1135,4.232985027752036,4
4222,2106,3.0,3
4223,3260,3.468423445502815,4
4224,39,3.978341634880323,5
4224,1081,4.080483611342681,2
4224,1198,4.177984648265981,5
4224,1281,4.005425450162852,5
4224,1479,3.9788004143604976,3
4224,1663,4.262983644590675,4
4224,2701,4.092980426019207,4
4224,2720,3.0,4
4224,2946,3.376880147107005,5
4224,3307,3.9963872975314048,4
4225,1079,3.6922468471748755,4
4225,3083,3.0,4
4226,2396,4.2475343436619735,4
4226,2881,4.056680020713964,4
4227,234,1.2140740749200325,1
4227,292,3.5943602990688,4
4227,558,1.0,1
4227,599,4.315838555162049,4
4227,839,3.0,1
4227,919,3.935972746173304,5
4227,938,2.8249519581519307,1
4227,1037,3.3688866019455252,4
4227,1210,3.781051972603679,5
4227,1525,3.0,1
4227,1562,3.032223909849815,1
4227,1739,1.0,1
4227,1779,3.338221927290473,2
4227,1917,3.42553028550046,4
4227,2001,3.4650757041408955,4
4227,2374,2.941239140282152,2
4227,2496,2.6771430633662314,2
4227,2643,2.6145939358729975,1
4227,3036,4.0,1
4227,3108,3.9264105253874892,3
4227,3432,2.0597987999814036,3
4227,3549,3.02487071520729,1
4227,3550,2.9919506690209934,3
4227,3573,1.0,1
4229,466,3.4330818490546373,2
4229,1784,3.833394235395314,5
4229,1884,3.0,3
4229,2431,3.7223973688327523,4
4230,736,3.4442687965307917,4
4233,58,3.6451478565891167,4
4233,1429,3.359273131776511,3
4233,2791,3.4629227398497253,4
4234,914,4.690157571788853,4
4234,2100,4.012403163698282,4
4234,2288,4.205521274151198,3
4235,265,4.157567967506027,4
4235,1635,3.848832589931668,2
4235,3100,4.035378169562633,4
4235,3246,3.4852142420246,5
4236,3798,3.0,5
4237,2567,3.796447469177398,3
4237,3476,4.3471438481919575,3
4238,438,2.0,4
4238,464,2.8798175044689067,3
4238,590,3.9020917600638434,5
4238,858,4.183720444406084,5
4238,1034,3.0,4
4238,1320,3.8412057352152007,4
4238,1580,3.8393969390058595,4
4238,1591,3.4567427128823227,2
4238,1598,3.4241761290745427,2
4238,1667,3.0,3
4238,2105,3.8088745167031046,4
4238,2371,3.721920221742438,3
4238,2408,3.1887144134232637,3
4238,2430,3.0,3
4238,2458,2.038359303608438,3
4238,2521,2.0,2
4238,2716,3.959214246873906,5
4238,2796,2.7151916978074375,2
4238,2872,4.0561588335264585,4
4238,2951,4.264740308652825,4
4238,3041,1.312320283044044,1
4238,3361,4.014287451649278,3
4239,2664,4.472713955566227,5
4239,2985,4.069149932902667,4
4239,3819,3.0,5
4240,1293,3.850472828989411,3
4240,3251,3.0,4
4242,110,4.00782661102283,5
4242,733,4.024638469344551,4
4242,1500,3.9553884179245524,4
4242,2858,3.970678226450286,4
4242,3269,4.005198570403768,3
4243,737,3.9875838389312226,4
4243,996,3.7666945321011673,3
4243,1222,4.203927705490926,4
4243,1918,4.1130043240718495,4
4243,2412,3.8896737215306803,4
4243,2802,4.125567997008767,4
4243,2808,4.00448627613443,3
4245,260,3.9088990459097315,5
4245,1214,3.661088552785327,4
4245,2011,3.698748315034947,4
4246,2431,4.490668436786921,5
4247,2641,3.344459756840666,3
4248,110,3.9740462587171566,5
4248,454,3.9136436237321055,4
4248,466,3.815284942873147,3
4248,733,3.886438199001863,5
4248,3285,3.0,3
4249,2989,3.723670681874658,2
4250,21,4.093744739395218,4
4250,587,4.222582617603974,5
4250,849,4.099143174281657,3
4250,1220,4.2730365044321825,3
4250,1463,3.0,4
4250,1810,4.326241074967067,4
4250,2334,4.266116503976595,5
4250,2497,3.0,4
4250,2640,3.8698012331480482,4
4250,2815,3.9562295776555327,4
4251,1089,3.6913023258209794,4
4251,1297,3.395752905338347,3
4251,1727,3.0,2
4252,616,3.0,4
4252,1089,4.036588996457319,5
4252,3686,3.1809080825380955,3
4253,29,3.400261167944325,4
4253,357,3.753114300159506,2
4253,903,3.8349380222539415,3
4253,1228,3.761123557072594,3
4253,1270,3.847985915482918,4
4253,1287,4.128419857653871,5
4253,2064,3.7699884530649856,4
4253,2324,3.930799451671679,5
4253,2648,3.809183845841979,3
4253,2949,4.099421662499531,3
4253,3213,3.0,1
4253,3360,3.9933731389617644,5
4253,3654,4.037248337295521,4
4254,2243,4.586147079946048,4
4255,3846,3.0,2
4256,2859,3.0,5
4257,1629,3.0,2
4257,2961,3.0,4
4258,1090,3.9221103175130168,3
4258,1291,3.8571639100799726,4
4258,1385,3.351842654767756,3
4258,2139,3.7497179939052483,4
4258,2145,3.6750223813866914,3
4258,2359,4.098926398802303,5
4258,2413,3.354521185955757,3
4258,2472,3.0,3
4258,3082,3.598097496619227,3
4260,235,3.442959884650804,4
4260,1175,3.0,4
4260,1721,3.3064332662014184,1
4260,2028,3.4583448197443643,4
4260,2150,3.37992414070156,3
4260,2717,3.19576060576134,3
4260,2858,3.497189786849537,4
4260,3052,3.4744000478270087,5
4261,364,3.6844453082231423,5
4261,517,3.031252120570318,2
4261,1242,3.5938347184226997,3
4261,1282,3.9248308400702725,4
4261,2302,3.6922700899026046,4
4261,2872,3.326404489193271,5
4261,3082,3.159564260485696,4
4265,1380,3.987703665721221,3
4265,1688,3.8386519641348746,4
4265,2077,4.0,3
4265,2877,2.0,3
4265,3393,3.0,3
4267,2686,5.000000000000001,2
4267,2734,3.2888845949243994,3
4268,380,3.3293486935931305,5
4268,898,4.2098262858650015,4
4268,926,3.769874178826968,3
4268,1135,3.6191050064620853,1
4268,1196,3.4279516552129308,3
4268,1287,3.8012256147054515,4
4268,1396,3.288008906479285,5
4268,1639,3.067491974552628,1
4268,1894,3.0494668724351794,1
4268,2055,3.0,3
4268,2115,3.4765049608401406,1
4268,2136,5.0,4
4268,2153,2.473590758401479,1
4268,2212,3.0,4
4268,2987,3.4048927212172586,5
4268,3421,3.423657019926272,1
4268,3524,3.2756483533098475,1
4268,3672,2.942466470886236,2
4269,3698,3.4718170415151164,3
4270,3646,3.0,3
4271,10,3.2277219094049006,4
4271,527,3.591206499961671,4
4271,923,3.8679052045845954,3
4271,924,3.684919163412499,5
4271,954,3.9772979981644423,5
4271,1269,4.218732787793742,5
4271,1282,3.8021077450774907,2
4271,2002,3.099682246374238,4
4271,2054,2.7358303272363735,1
4271,2524,1.0,3
4271,2531,2.608487391845407,1
4271,3035,4.068668105457575,4
4271,3396,3.53044616165715,3
4271,3634,3.0,4
4272,1214,3.437144816799482,5
4272,1580,3.9020637949046275,3
4273,1193,4.661553542246645,5
4273,2944,4.838218515856549,5
4274,50,2.9409829877816085,4
4274,587,3.0126538997104295,5
4274,1438,2.618729184000237,1
4277,101,4.188797322692892,3
4277,154,3.0,3
4277,350,4.480542885581466,4
4277,376,4.14579440539449,4
4277,501,5.0,4
4277,528,3.0,3
4277,589,4.472546824550158,5
4277,709,4.543888407538181,3
4277,1049,4.250254043650451,5
4277,1236,4.0,5
4277,1257,4.409124333127098,4
4277,1388,4.0197675327818825,3
4277,1393,4.521184821091922,5
4277,1465,3.0,5
4277,1551,3.0,2
4277,1552,4.321786838048719,5
4277,1589,4.6642001463826555,3
4277,1754,4.336287388479129,4
4277,1824,3.0,4
4277,1841,3.0,4
4277,1882,4.031072295240567,3
4277,1995,3.8932397162725754,3
4277,2053,3.988413162242078,3
4277,2058,4.455225355088319,5
4277,2100,4.406576369077166,5
4277,2272,3.0,4
4277,2366,4.631470424774196,4
4277,2457,3.9906025171765243,3
4277,2478,4.277647274031617,3
4277,2479,3.0,3
4277,2618,3.0,4
4277,2640,4.32134069214566,4
4277,2819,4.719575687301483,5
4277,2834,3.0,4
4277,3036,5.0,4
4277,3117,3.0,5
4277,3135,4.640244100127814,4
4277,3194,4.231410684786574,4
4277,3225,3.0,4
4277,3468,4.768175266051928,5
4277,3487,4.491044251688717,4
4277,3596,3.0,3
4277,3625,3.0,4
4277,3633,4.335555924090466,3
4277,3811,4.7834105424277205,4
4277,3916,4.140016431492487,4
4279,968,3.806358137663324,4
4279,1017,3.0000000000000004,3
4279,1676,3.5479564131927948,4
4279,2025,3.0,3
4279,2421,3.3179837963037238,2
4279,2533,3.51307294876803,1
4279,2736,3.6641126032733515,3
4280,2861,3.0,2
4280,3005,3.7666600996398047,2
4281,539,3.5329868228415813,5
4281,1186,3.5799702063598984,3
4281,2918,4.02241028191312,4
4281,3111,3.8039248259185876,3
4281,3251,5.0,4
4281,3496,3.0,4
4281,3682,3.996468612546365,5
4283,10,4.231918854547922,3
4284,6,3.1903106127660186,3
4284,1591,2.965601656813054,3
4285,141,3.9792662013761495,4
4285,145,4.030873034994622,5
4285,256,4.204605469350308,5
4285,1270,3.9453336346583256,5
4285,1339,3.042209700334677,2
4285,2028,4.062558742417218,4
4285,2735,3.875238113649426,4
4285,2796,3.984224574381461,3
4285,3033,3.900508376991691,5
4285,3156,3.0,5
4285,3394,4.157021113873326,3
4285,3421,4.001919261961504,3
4285,3671,3.972615003638446,5
4286,596,4.327608097996945,4
4286,1957,4.520793195058711,4
4286,3653,3.0,4
4287,555,4.075928326689281,5
4287,692,3.975279248249324,4
4287,1129,4.027613745019065,5
4287,1918,3.95287810249907,5
4287,2054,3.670328480977767,1
4287,3440,1.67173005228547,2
4288,1653,4.000052813074444,3
4289,1261,4.487643533026937,4
4289,2150,4.025488056145069,4
4290,161,4.4478362661835344,3
4291,260,3.9403155563975933,5
4291,1197,4.101225371089767,5
4291,2311,3.7132376251237327,4
4293,1387,4.372498299108194,4
4294,239,2.3182394911725166,3
4294,673,3.041806311955455,2
4295,2072,2.5383657373310493,3
4295,2505,3.0,2
4296,2396,4.04990632224774,5
4296,2770,3.520730388804718,4
4297,1387,4.29173627093731,5
4297,2858,4.075636928886108,5
4298,2085,4.605140414158152,4
4298,2396,4.379941160033854,3
4298,2503,3.0,5
4298,2968,4.302137892566648,5
4299,31,4.0,5
4299,47,4.392280617743405,4
4299,1918,4.219157509313903,4
4299,2875,5.0,3
4299,3809,4.353782479093101,1
4300,1405,3.0,1
4302,371,3.0,4
4302,1220,4.126402635291541,4
4302,1465,3.0,5
4302,1569,4.1966783471878655,3
4302,1610,4.238784856010442,5
4302,1956,4.132111745173295,4
4302,2406,4.047740156464197,5
4302,3105,4.4550651566067385,4
4302,3755,4.355457312072473,4
4302,3763,4.244731348852295,3
4303,280,3.0,3
4303,1094,4.219147891451792,4
4303,1095,4.142334872661308,4
4303,1225,3.9484319316256253,4
4303,2312,4.2469719093389715,4
4303,2517,3.599004943279992,1
4303,2959,3.7568944588328264,5
4303,3081,3.421997792708304,3
4303,3359,4.420915956390864,5
4304,608,4.671334938140595,3
4305,39,3.9134938603444955,4
4305,92,3.0,3
4305,230,4.3228894166465475,4
4305,1201,4.216529021188371,5
4305,1371,3.7528753257246383,4
4305,1393,4.123890662689655,4
4305,1732,4.156889208037441,4
4305,1783,5.0,5
4305,1833,3.7606576849338587,4
4305,1977,2.888557522490181,3
4305,2054,3.672595172434832,4
4305,2502,3.973656318394957,3
4305,2586,3.0,4
4305,2688,4.28949330533788,5
4305,3081,4.044535484926915,4
4305,3833,3.0,5
4306,1573,3.514366589262063,5
4306,1779,3.3077828119440666,3
4306,2762,3.9228893780735414,5
4306,2819,4.324578424313535,2
4306,3420,3.0,5
4307,3578,3.884984335989504,4
4308,785,2.9047802175771773,3
4309,552,4.699208149516947,4
4309,733,4.226021725912456,5
4309,2599,4.130972574777728,3
4309,3510,4.502762231465601,5
4310,527,4.078178621747293,5
4310,553,4.341220648511397,5
4310,919,4.054604636979729,2
4310,981,3.0,2
4310,1097,4.047876565350722,3
4310,1291,4.0725145285380515,4
4310,1320,3.7147861119518377,3
4310,2916,4.035947597581915,3
4310,3176,3.9479917779383884,4
4311,2013,3.04303936196942,4
4312,153,3.36358203574871,2
4312,185,3.3030523825380165,2
4312,293,4.057537500576279,5
4312,780,3.5715500586934406,2
4312,785,3.5288424177111817,4
4312,924,3.9688506947739457,4
4312,1020,3.267827821029843,3
4312,1245,4.117190705737367,3
4312,1266,3.97579195191656,5
4312,1272,4.161062622465767,4
4312,1293,4.098174837459913,4
4312,1307,3.778848116024849,3
4312,1407,3.863836097291113,4
4312,1626,2.676204062577739,1
4312,1911,3.090030548936228,3
4312,1994,3.554763674164842,5
4312,2028,3.8408656059405724,5
4312,2114,3.6960078531748985,4
4312,2122,3.042964103558034,4
4312,2139,3.9112469050782255,4
4312,2717,3.2771811959311954,3
4312,2881,2.968464920342496,3
4312,3018,3.8041646785002956,4
4312,3147,4.02455037495264,4
4312,3394,2.8133973995781845,2
4312,3442,3.0,2
4312,3761,3.0,5
4312,3837,2.9734986299705644,3
4312,3846,3.0,3
4312,3868,3.803278988865473,4
4313,70,3.9787472034110345,3
4313,1079,4.042159976171599,5
4313,1101,4.0126117124392575,4
4314,2668,3.0,3
4314,3660,3.0,3
4315,1035,3.857443829726777,4
4318,1090,4.197619086940461,5
4318,1135,3.7612304723464027,4
4318,1186,4.304577991782429,4
4318,1221,4.297861996219747,5
4318,1921,3.094804970770511,4
4318,1947,4.309789055332028,4
4318,1974,3.9545580960135127,2
4318,2338,4.0,2
4318,2701,3.7731051820433126,1
4318,3710,4.0,3
4320,464,3.0,3
4320,2879,3.0,4
4320,2944,4.564962430336319,5
4322,288,3.6588925481216257,1
4322,357,3.720929296431667,4
4322,943,3.0,3
4322,1214,3.582766175725146,3
4322,1298,3.3892701728486254,1
4322,1608,3.6016634187988923,4
4322,2013,3.2527875132744617,3
4322,2115,3.6087646289797637,4
4322,2399,3.0,4
4322,3256,3.4402102045274825,3
4322,3418,3.7702652148653835,2
4323,1610,3.589402213916363,5
4323,2085,3.569838713684566,3
4323,2087,3.6489717086219784,3
4323,2539,3.8703120212463986,3
4323,2700,3.706059942725035,5
4324,858,4.681942356726889,5
4325,2580,3.6621554985031457,5
4325,2694,3.1558800823668434,4
4326,82,3.0,5
4326,1784,3.807517810893174,5
4326,1897,3.0,5
4326,2171,3.0,4
4326,2310,3.0,4
4327,58,4.0,5
4327,519,3.4761585917490327,3
4327,1198,4.262190869827908,5
4327,1269,4.445301678928959,5
4327,3070,4.106984437270167,4
4327,3638,4.064334579586892,4
4328,432,2.102649663087804,2
4328,532,3.4949161841643144,3
4328,969,4.110640238725554,5
4328,1210,3.6465741319135985,4
4328,1690,3.3593050612855553,3
4329,1805,3.5510288456629993,5
4330,2028,3.5755454853252218,4
4332,2146,3.0,3
4333,1320,4.33180773357304,4
4333,2028,4.346064989734605,2
4333,3033,4.396757980862458,4
4334,1127,3.750849066121211,5
4334,2706,3.101782989150932,4
4334,2826,3.710618444166735,5
4335,50,3.752885891180243,4
4335,349,3.737568343802449,4
4335,364,3.7526655666991338,5
4335,587,3.687696802825582,4
4335,648,3.7193860372089658,3
4335,1266,3.8265171960176354,4
4335,1390,3.0,4
4335,2471,3.4185363278559624,2
4335,2746,3.5020344576144806,3
4335,3269,3.2829984200504865,3
4337,101,3.0,5
4337,695,3.0,4
4337,1974,3.9850406193819286,4
4337,1978,3.8436025571040107,4
4337,2428,3.694535444515961,5
4337,2554,3.0,3
4337,3499,4.338410043793245,5
4338,1198,2.6520145519169067,3
4339,3146,3.0,4
4341,1233,3.556293507926781,4
4341,2688,4.0,4
4342,112,3.842959572273211,5
4342,260,4.405196850549022,5
4342,296,4.425698470485222,5
4342,589,4.343371018365825,5
4342,2792,4.1967252924581455,5
4342,3577,3.0,4
4343,276,2.5066194779092497,3
4343,1100,3.165158127548819,3
4343,1513,3.4221414226006712,2
4343,1686,3.0,3
4343,1704,3.64532260738817,5
4343,2858,3.665108845292081,5
4343,3006,3.999189108453144,4
4343,3578,3.697502599701869,5
4344,288,3.3848862405312703,4
4344,292,3.119613092611368,1
4344,416,3.0,3
4344,490,1.0,4
4344,493,4.0,3
4344,500,3.29125422976372,1
4344,501,4.0,3
4344,508,3.696110296770648,2
4344,532,3.7982775435868374,3
4344,608,3.971939080793533,5
4344,1136,3.9358051460686476,5
4344,1193,4.251177695119717,5
4344,1199,3.8714580065505753,5
4344,1372,3.2624736644028522,4
4344,1967,3.3075599188339067,3
4344,1969,2.5750779469785345,1
4344,2107,2.623534792850378,2
4344,2194,3.677888005498233,4
4344,2333,3.9325549161907385,4
4344,2495,3.0,4
4344,3101,3.8007456745774415,3
4344,3168,4.319000072577489,4
4344,3243,2.519219243786827,1
4344,3251,2.8105325477444896,3
4344,3735,4.485888557495802,4
4344,3819,3.0,4
4344,3834,3.0,1
4345,329,3.165924541365025,4
4345,492,4.0,3
4345,1517,3.713776349849674,4
4345,2289,4.10955386151263,4
4345,2950,3.150074088642019,1
4345,3035,4.1440469158120266,3
4345,3051,3.0,3
4345,3270,3.0,3
4345,3361,3.9058930063398765,5
4346,1866,3.0,3
4346,3481,3.883233274158823,4
4347,253,3.9070631047903923,4
4347,1641,3.628117032382788,4
4347,2331,3.0,3
4347,2539,3.6379649693314993,4
4347,3147,3.5300524399600732,5
4350,196,3.43280242913678,3
4350,608,4.267604820675163,4
4350,1259,4.178307827697791,5
4350,1270,4.10037363495849,4
4351,368,4.2312902146695714,5
4351,485,4.1514214292461755,2
4351,2402,3.9135374520811936,3
4351,3175,3.8216150307355043,5
4352,1030,3.654178260857363,3
4352,1210,3.9740623732095766,5
4352,1388,3.1771865923065845,2
4352,2115,3.909021603407312,5
4352,2772,3.0,4
4352,3440,3.3661586050605865,2
4353,592,3.790129525315826,5
4354,590,3.9213716246101478,5
4354,1194,3.0,5
4354,1253,3.972390486704785,5
4354,1293,4.105925870697553,4
4354,1381,2.425213044694696,1
4354,2184,5.0,5
4354,2852,3.8674528976077456,4
4354,2918,3.6078662802700996,4
4354,3039,3.745226244191642,3
4354,3041,2.0,1
4354,3714,3.0,3
4354,3763,3.9510021950203233,3
4355,2640,2.9914802473892723,5
4356,111,3.9200370197166516,5
4356,1199,3.7736481798401513,5
4356,2474,3.6033455428723657,4
4356,3196,3.9355475883839115,4
4356,3836,4.147753398570844,4
4358,3785,3.0,5
4360,276,2.664289017308906,2
4360,317,2.7226447823687736,3
4360,587,2.8139176342740893,3
4360,986,3.0,4
4360,1456,3.0,1
4361,1729,4.604822841730546,5
4362,327,2.0255169195510287,1
4362,628,3.0760959842946733,3
4362,778,3.5099015429599794,4
4362,1111,3.0,4
4362,1219,3.5320997958281515,4
4362,2575,3.0,4
4362,3274,2.57577382293529,2
4362,3444,2.0,2
4362,3624,3.0,1
4363,589,4.619282995347307,5
4363,1031,4.503226896376393,4
4363,1125,5.0,3
4363,2640,4.186107168757368,5
4364,610,3.8074895294307267,5
4364,879,2.956488389735057,4
4364,1274,3.8905274531253564,3
4364,3705,3.0,2
4366,736,3.430571289870517,3
4366,3764,3.0,4
4367,3421,3.8829417178033117,5
4368,21,3.855893190591427,3
4368,1036,3.825552187135415,4
4368,3107,3.7767601465406537,3
4370,141,2.9523388529711014,4
4370,1270,4.024516419992013,4
4371,48,3.0000000000000004,4
4371,302,3.0,4
4371,1265,3.8010484696194933,2
4371,1535,3.0,3
4371,1888,4.008143274942132,4
4371,3594,3.0,5
4371,3623,4.03648181758655,3
4373,910,4.370721947617397,5
4373,933,4.362513191689973,5
4373,1136,4.284935747171641,5
4373,1212,4.330785603797564,5
4373,1304,4.356939490447201,5
4373,2287,3.7707909590805,4
4373,2300,4.408583348032838,4
4373,2637,3.0,3
4373,2664,4.383386553279096,4
4373,3062,4.351158327963046,4
4373,3168,3.9934309216593675,4
4373,3430,2.9823878806665785,4
4373,3671,4.260201505909662,5
4374,733,4.478681481431214,5
4375,349,4.234252205644493,5
4375,1220,4.172011819812981,3
4375,1569,4.178888486681108,4
4375,2338,4.412521492162766,3
4375,2412,4.676556636036259,4
4377,95,4.018175881624972,5
4377,165,3.709089336959194,4
4377,434,4.059333581495698,3
4377,1918,4.060493773522078,5
4377,2549,2.5495858226208172,2
4378,104,3.5978765958096806,3
4378,3250,3.0,3
4379,161,3.507701142293709,2
4379,231,3.2795180518254474,1
4379,637,3.0,4
4379,1445,3.0,2
4379,1580,3.488815384958773,4
4379,2313,3.5768464194754532,2
4380,2369,4.338733847720306,4
4380,2826,3.5645412887816206,3
4380,3039,3.8518965044894524,4
4380,3752,3.1524336724439945,2
4381,733,3.4796182320183697,3
4381,1101,3.454290091135068,3
4381,1912,3.81901638101965,4
4381,2337,3.0,1
4381,2389,3.230316903095225,2
4381,2420,3.466394937807602,1
4381,2433,3.8015783631411284,3
4381,2976,4.63684039471897,4
4382,410,2.013534276393268,1
4382,2002,2.8358819909186272,2
4382,3174,3.4612943587963927,4
4384,377,4.085754292660874,3
4384,380,4.1509317943283826,5
4384,541,4.199811299841922,5
4384,551,4.135283372663694,5
4384,1097,4.258557876374489,3
4384,2134,4.124794572299467,5
4384,2872,4.355014523919814,5
4384,3476,4.382339466615298,5
4384,3527,4.287395504393849,4
4386,431,3.731983262493095,3
4386,553,4.281853807108685,4
4386,912,4.361572346405339,5
4386,1049,3.8068329049237395,4
4386,1130,3.344332729742783,3
4386,1186,3.963948550871391,3
4386,1207,4.489735281309428,5
4386,1801,3.432847775051054,3
4386,2301,4.250768610116425,4
4386,2391,4.2178635792693555,2
4386,2789,3.0566650654922576,4
4386,3024,2.7202411508401716,2
4386,3071,3.9983502643503965,3
4386,3095,4.4606597249474875,4
4386,3147,4.270874231590763,5
4386,3210,4.150205851471327,4
4386,3260,3.7038978198244434,3
4386,3300,4.574851533658779,4
4386,3745,4.408150268842611,3
4386,3763,4.355579241645403,3
4387,38,3.0,1
4387,160,2.9945847340880696,2
4387,410,2.8179689352603283,1
4387,413,2.0,3
4387,650,3.0,4
4387,943,3.3437822553219565,3
4387,1060,3.187460652181703,1
4387,1246,3.3912763622507733,5
4387,1258,3.2700288839119134,4
4387,1275,3.148269074615615,4
4387,1334,3.3461112320815287,2
4387,1449,2.989179930540719,4
4387,1460,3.0,1
4387,2449,3.0,1
4387,2566,3.0,3
4387,3052,3.3510824105141346,5
4387,3148,3.665398067812896,3
4387,3388,3.1064472415857707,1
4387,3438,2.952005482710587,3
4387,3475,3.505768870251409,4
4387,3701,3.1556683093081217,2
4387,3702,3.2160933543149044,3
4387,3703,3.191110254938142,2
4388,165,3.6645750262816192,5
4388,318,4.035147836956269,5
4388,1639,3.9080199643440596,4
4388,1680,3.9686011815874584,4
4388,1791,3.0,3
4388,1876,4.068397283570552,3
4388,2231,3.7665734631093857,4
4388,2374,3.7705445949151013,3
4388,2496,4.178802938619115,4
4388,3255,3.891888671279928,4
4388,3270,3.0,3
4388,3633,4.0772523836570915,3
4389,2249,2.0,2
4389,2409,3.65635251121561,3
4390,45,3.715476920977168,3
4390,70,3.5476600973376544,4
4390,71,3.0,3
4390,234,1.4649843930541302,3
4390,377,3.1530798896162326,4
4390,453,3.0,3
4390,500,3.449065384949675,4
4390,544,3.5029561278840955,2
4390,798,3.096585833894807,2
4390,2628,3.2194134465481716,4
4390,3301,4.017076435639467,2
4392,1270,3.5985922351359245,4
4393,1200,4.520236759824111,4
4393,1500,4.197923904892383,4
4396,2427,3.882682723320051,4
4397,223,3.4647861703993086,5
4398,1270,4.668415299576833,3
4401,260,3.932326661217683,5
4401,936,5.0,4
4401,1916,3.0,5
4401,3095,4.598694116351661,4
4401,3632,3.0,4
4403,1617,4.06075665552739,4
4403,2289,4.342791342496764,5
4403,3263,3.8834059462687125,3
4404,20,1.7032046191254544,2
4404,22,3.2565736157014005,2
4404,517,2.56791564974765,2
4404,1215,3.2511423453031147,4
4404,1527,3.2254145203147813,5
4404,1544,2.919207139223163,2
4404,1992,1.0,2
4404,3557,2.0,3
4405,413,3.0,1
4405,1080,4.875289063222434,5
4405,3176,4.060597676868448,4
4406,480,4.389598709587079,5
4406,527,4.6119112676900835,5
4406,968,4.543903651042719,4
4406,1077,4.680686615956101,4
4406,1779,4.03085692542041,4
4406,2019,4.777564834318816,5
4406,2364,3.0,4
4406,2672,4.4875075701477005,3
4406,2720,4.0,1
4407,333,3.0224730753963445,4
4407,450,3.0000000000000004,4
4407,510,3.0,2
4407,1753,3.0,4
4407,3250,5.0,4
4407,3263,3.335450306716908,5
4407,3809,3.4358929261632416,4
4407,3821,3.0,1
4408,497,3.9652447709123644,4
4408,858,4.061031491599669,5
4408,910,4.1914271374743075,5
4408,920,4.302910485286446,5
4408,932,3.0,4
4408,1104,4.5095266030726275,5
4408,1303,4.121105869781707,4
4408,2056,3.0,3
4408,2290,3.0,3
4408,2956,3.0,2
4408,3169,4.346602980575326,3
4408,3404,3.0,4
4408,3527,3.676997255440567,2
4409,1882,1.0,3
4409,2395,4.270043157651052,3
4409,2959,3.998059198734451,5
4410,593,4.309520684655881,4
4410,1334,3.0,3
4411,474,3.861936165447094,4
4411,589,3.9417247698983986,4
4411,1020,4.119175604370684,3
4411,1291,3.9536603130798893,5
4411,1303,5.0,5
4411,1680,3.818087946815361,5
4411,2245,4.024950365024105,5
4411,2381,3.0340126330226016,1
4411,2942,4.193203147943728,4
4411,2948,4.089325410483644,5
4411,3033,3.832328056791058,4
4411,3654,4.348203543707235,5
4412,736,3.6563399278969975,3
4412,1552,3.681894959785596,4
4414,356,3.6128349784319322,5
4414,550,3.0,5
4414,1588,3.6961440802492107,3
4414,2572,3.205214904737767,5
4414,2683,3.3360130635415635,2
4414,3802,3.0,3
4415,1210,4.060641045175621,5
4415,1242,4.216913907396902,4
4415,2959,3.9274467257338004,4
4416,303,3.0026064008579576,2
4416,383,4.18487431921386,3
4416,1240,4.591020945747583,5
4416,2694,3.697626912470825,3
4417,2000,4.046468557462987,3
4417,2105,4.040713628550372,3
4418,85,3.0,4
4418,913,4.131470360316568,5
4418,922,4.428492836866084,5
4418,951,4.575219521281118,5
4418,1231,3.924885221042024,5
4418,1784,3.7301941124223705,2
4419,2699,3.760612864730517,4
4420,942,4.724632217988969,4
4420,1256,4.647011820309338,4
4420,3250,3.0,3
4422,1005,3.6304746112265236,3
4422,1330,3.2523869455036336,4
4422,1345,3.7451940542442514,4
4422,1407,4.059820177024711,4
4422,2456,4.029947533735513,3
4422,2794,3.9278886364307457,3
4422,2804,3.729928585365551,4
4422,3671,4.081358346665499,5
4422,3745,4.175217921211081,5
4422,3809,4.094624898604229,3
4423,1198,4.124675953132042,5
4423,1240,4.35358094111035,3
4425,60,2.687180835474865,3
4425,368,3.48746170668664,3
4425,539,3.53772822757385,3
4425,910,3.9844339648765676,4
4425,1036,3.62593198563523,3
4425,1073,3.6775542737426057,4
4425,1091,3.1407153972879587,3
4425,1263,3.894315015309986,4
4425,1805,3.5178353090401,3
4425,1917,3.5077096649234223,4
4425,2046,3.5589434380356115,3
4425,2087,3.7961134657011995,3
4425,2403,3.4013611240880666,3
4425,2752,4.0,3
4425,2770,3.704614040117809,3
4425,2797,3.467289552197958,4
4425,2805,3.196118590978838,3
4425,3525,3.3514925743013992,3
4425,3545,3.9809647809191397,4
4426,1252,3.7524386407304613,5
4426,2932,3.0,3
4426,3629,4.088353110759544,5
4428,2572,3.4384022408247046,2
4428,3005,3.0418036761277376,4
4429,1208,4.049243036216236,5
4429,3566,3.0,5
4430,186,1.7290438256122496,1
4430,344,1.9149079378391136,2
4430,838,3.076556056324594,3
4430,1620,2.2407196659115667,1
4430,3105,2.8921093506710585,2
4430,3386,2.9176334950511564,3
4432,2243,3.9814753873048696,5
4432,2396,3.9715246758877925,5
4432,3178,3.0,3
4433,1097,3.6928316511397976,3
4433,1256,4.1950081717000325,5
4433,1573,3.655166570628932,5
4433,2288,4.062279390248174,5
4433,2872,3.8552816635831455,5
4436,47,3.84818738580055,4
4436,223,3.8897953896613644,4
4436,1513,3.6404575789693414,3
4436,2000,3.8514134656939154,4
4437,2541,2.503707791744801,2
4437,2702,1.9602343015707209,1
4437,2889,3.0,3
4437,2918,2.669003780477679,5
4437,2959,2.5414684524243043,1
4437,3614,2.500128258269567,3
4438,941,3.0,4
4438,1080,3.7253170993757276,3
4438,2019,3.661031412263421,4
4438,3740,3.392973512108482,4
4439,2707,2.793058296504694,3
4441,802,2.533289183450797,2
4441,2000,3.143958772844464,2
4442,1023,2.9995756298874854,4
4442,1951,5.0,3
4442,3602,3.0,2
4442,3668,5.0,3
4442,3788,5.0,3
4443,926,3.5475252223441878,4
4444,1127,3.540226946812595,3
4444,2706,3.2337883016268782,5
4445,1603,3.0,2
4445,3301,2.816680722301441,4
4445,3794,5.0,1
4446,177,3.316207668651103,5
4446,234,1.0,3
4446,516,1.9934979238066792,3
4446,542,2.064135705960346,1
4446,558,4.0,4
4446,593,3.7897903254655185,4
4446,1135,3.24208059980048,2
4446,1608,3.557718696739854,4
4446,2038,3.0,3
4446,2139,3.528922110303462,3
4446,2167,3.6503544931331673,4
4446,2596,3.0,4
4446,3070,3.2903809888218367,4
4447,32,3.22213120574907,3
4447,145,2.792517098181357,2
4447,916,3.786302885772873,3
4447,1019,3.154242093411491,4
4447,1179,3.827513688535019,4
4447,1214,3.180748158140664,4
4447,1321,3.379225540683578,4
4447,1385,2.6822293944513125,3
4447,1924,3.383194265569015,4
4447,1997,3.3675866791258207,4
4447,2046,2.807243261378005,3
4447,2289,3.7435172434950674,3
4447,2352,3.328190723888927,4
4447,2450,2.726635083908461,1
4447,2662,3.1965028545701273,4
4447,2735,2.87080948031477,2
4447,2748,3.0,1
4447,2982,2.7972537039191856,1
4447,3255,3.101644625387458,3
4447,3550,3.8578758073312827,3
4447,3780,3.760630741714717,3
4448,364,4.352832768808796,4
4448,590,4.429166700876946,5
4448,647,4.502512153424472,5
4448,915,4.458788103780888,5
4448,1033,4.155026653576948,3
4448,1092,4.261599264201363,4
4448,1129,4.394640503715332,4
4448,1173,4.0,5
4448,1209,4.851289004474757,5
4448,1238,4.7284127904541196,4
4448,1321,4.518429552108051,4
4448,1799,4.3391365473798835,5
4448,2135,4.004703967094202,5
4448,2370,3.0,5
4448,2384,4.486889412246496,4
4448,2883,3.0,4
4448,3053,3.0,4
4448,3062,4.746198201933912,4
4448,3181,3.0,5
4448,3203,4.12235595750342,5
4448,3461,3.0,5
4448,3893,5.0,3
4449,1375,4.335447274812331,4
4449,2395,4.28404015343697,4
4450,2615,2.478570764761482,2
4450,2664,3.1588743994400845,4
4451,70,2.840065577486916,3
4451,282,4.0,1
4451,858,3.348627877330163,4
4451,1678,4.0,4
4451,2088,2.6391385966250973,1
4451,2416,2.6029249554853267,2
4451,2795,2.7392843516966616,3
4451,3521,4.0,4
4452,69,4.665666206765794,1
4452,589,4.1000212689157705,5
4452,662,2.0,1
4452,1392,3.0,4
4453,1584,3.3085927895102127,2
4454,555,3.343885900123391,4
4454,3753,3.2924803966897973,1
4455,2599,4.138221476765346,3
4455,3751,4.188112639731445,4
4456,1022,3.8339708316322563,4
4456,1673,4.342753774487141,5
4456,2015,3.776378796935687,3
4456,2700,3.708567521563879,1
4456,3006,4.258710119090051,5
4457,164,5.0,4
4457,260,4.470901810663558,4
4457,1797,3.0,4
4457,2067,4.598371069161326,4
4457,2819,4.8241356557222534,5
4458,293,3.3796389526747923,4
4458,725,3.0,4
4458,750,3.7732355727130114,4
4458,1088,3.640399575579589,2
4458,1148,4.073741272915455,5
4458,1197,3.535430918514982,5
4458,1243,5.0,3
4458,1291,3.4859653597387266,4
4458,1920,2.941304159711183,4
4458,2054,3.548868963628561,3
4458,2712,3.8223365806007754,5
4458,3082,3.232335184054627,3
4459,1961,4.075641208611931,4
4460,111,4.29973088294653,3
4460,2836,3.0,3
4461,589,4.3620904440449255,5
4461,593,4.405076648404704,5
4461,2090,4.218198241848628,5
4463,1719,4.478350996624016,5
4466,1292,4.278615333378408,4
4466,2110,3.6930176493098665,3
4466,3052,3.6872028192113024,3
4467,256,2.0,4
4467,440,3.6713686221946995,4
4467,592,3.299867347426828,4
4467,2469,3.710830991148965,5
4467,3171,3.0,4
4467,3524,3.848635658206993,3
4468,1944,4.607024585715453,3
4469,1201,4.057331303127338,5
4470,110,4.43817283996504,5
4470,2072,3.9959013882632797,3
4470,2863,4.400333298684217,4
4470,2872,4.394765342071386,5
4470,2993,4.494297732869935,4
4471,608,3.848681750174982,5
4471,1294,3.8297637801261204,3
4471,3671,3.785904004304782,4
4472,522,3.0,3
4472,537,3.0,3
4472,1092,3.356086566720752,4
4472,1994,3.3156650556217446,3
4472,2002,3.658623870937886,4
4472,2150,3.2480797281852567,3
4472,2278,3.741601938014245,4
4472,2369,2.8773252500099815,3
4472,2375,3.1701302523941433,2
4472,2762,3.3874900334238114,4
4472,2985,3.4795481030377475,4
4472,3029,3.6782339031223756,4
4472,3206,3.0,5
4472,3269,3.6329298973061674,3
4472,3698,3.6403686776788424,4
4473,32,3.6075593512190833,2
4473,410,2.714289260459429,4
4473,903,3.8324238941005007,4
4473,1136,3.6216040824205864,2
4473,1952,3.730120725149673,3
4473,1955,3.7311989603200875,4
4473,2067,3.8339079124553397,4
4473,2363,4.518671899933961,3
4473,3104,3.5921501517598924,4
4473,3129,3.0,4
4473,3175,3.6381291940824108,5
4474,47,4.29565903926242,5
4475,3175,4.030516902929885,3
4476,671,3.276025724975696,1
4476,680,3.0,5
4476,1129,2.8940189716683133,3
4476,1214,2.7521667487143975,4
4476,2657,2.927092823168015,4
4476,3070,2.944417818840175,2
4476,3215,3.0,4
4477,1772,3.0,3
4477,1876,3.64871205788994,3
4477,2046,3.7720169930578074,4
4477,2599,3.8953885456739705,2
4477,2901,4.0,4
4477,3263,3.3984661615501874,2
4477,3783,3.0,4
4478,50,3.59285029745987,5
4478,153,3.2446966344918127,3
4478,910,3.735222591390945,4
4478,1193,3.7400174521744005,3
4478,1260,3.697104573320018,3
4478,1509,3.0,3
4478,1699,3.0,2
4478,1931,3.0,4
4478,2324,3.691960813772332,4
4478,2470,3.381007030156463,3
4478,2953,3.008491791284515,2
4478,3020,3.4050457664883984,3
4478,3255,3.3236353063681108,3
4478,3301,2.877500577002968,3
4480,36,3.72016422439305,3
4480,471,3.4187372432751344,3
4480,587,3.030722914664093,3
4480,780,3.1563175021645162,1
4480,802,2.1537329341121696,4
4480,1263,4.064621012758382,5
4480,1268,3.2897633370011503,1
4480,1381,2.406117904520414,1
4480,1517,3.3035853543528564,3
4480,1597,2.921984865556424,2
4480,1682,3.309777503362623,5
4480,1704,3.428382894073834,3
4480,2025,3.0,3
4480,2378,2.7025160571274656,1
4480,3421,3.5913139833061534,5
4480,3688,2.7951342049503354,2
4481,1573,3.466262241113685,2
4482,147,3.0,4
4482,349,3.895291437386525,3
4482,569,3.0,3
4482,587,3.830484520851247,2
4482,594,4.118533706930317,4
4482,1196,3.9731979446193253,4
4482,1792,3.7291861865462934,4
4482,1956,4.284240309583443,4
4482,1961,4.054239086623613,3
4482,2002,3.6551677879988858,4
4482,2118,3.3588203494390076,3
4482,2133,3.802024678807624,3
4482,2203,4.391329543164913,5
4482,2745,3.7592869200930172,4
4482,2804,3.8200540353637225,5
4482,3035,4.442544466962538,5
4482,3591,3.7992537823808967,4
4482,3684,3.941779633840338,3
4483,2316,3.0958984687886963,1
4483,2738,3.0,2
4483,3577,3.0,5
4484,912,4.645671501314408,5
4484,941,3.0,5
4484,1030,4.460021496064718,5
4484,1225,4.488174825703444,5
4484,1246,4.545080420214004,5
4484,1271,4.388515145783869,5
4484,1554,3.0,4
4484,2119,1.0,1
4484,3158,3.0,5
4484,3448,4.539049484072273,4
4485,377,3.0924059331013396,3
4485,562,4.16443353177881,5
4485,720,3.0,4
4485,786,2.920733643678173,1
4485,1093,4.131260368811486,2
4485,3450,3.445376620304171,4
4487,648,3.9311008249488593,4
4487,1792,3.882090865588974,3
4487,3578,4.018757651499601,5
4488,21,2.855490103802739,3
4488,110,3.0878077707276392,5
4488,1220,3.120561407687919,4
4488,2421,2.6716049262024684,1
4488,3037,3.9361750010838077,5
4488,3384,3.0,3
4488,3432,2.6390779838010965,2
4488,3633,3.2583830583508644,3
4488,3697,2.7943693172148136,2
4488,3760,3.0,1
4488,3804,3.0,1
4489,231,4.310278373487862,3
4489,924,4.315648314323237,3
4489,1641,4.499570699667666,5
4489,2003,4.245978263874153,3
4489,2021,3.9692102540399095,5
4489,2194,4.257111487800465,5
4489,3147,4.440607075042137,5
4490,382,3.858307154201934,3
4490,849,3.3280907901641847,3
4490,1201,4.117353511759814,5
4490,1294,4.0246935711954634,4
4490,1645,3.713427694143913,4
4490,2012,3.475746182740948,3
4490,2116,3.6345508982378734,3
4490,2366,4.000905157297846,4
4490,3494,4.483059710209499,4
4491,217,3.0,4
4491,1100,4.160528637236219,4
4491,1370,3.920824043186273,4
4491,2718,4.0,4
4492,1198,2.7620993359907873,5
4492,2706,2.707049597705681,4
4494,50,4.092452115520231,5
4495,611,3.0,3
4495,1456,3.0,3
4495,3461,3.0,5
4496,185,3.706703608900519,3
4496,288,4.061996233976549,4
4496,589,3.9978556672618195,4
4496,2353,3.9596355080626635,3
4496,2428,3.461389680189519,4
4496,2672,3.4815720431120623,3
4496,2841,3.838232005439044,4
4497,1067,3.0,3
4497,1129,4.136604350076464,4
4497,1185,4.35661958800301,5
4497,1200,4.208621672365967,4
4497,2017,5.0,3
4497,2303,5.0,5
4497,2854,3.0,3
4497,3070,3.8978822766074224,5
4497,3363,4.497907877706909,5
4497,3476,4.321863214967945,4
4497,3683,4.618758087207344,5
4498,1093,3.3772042806930673,2
4498,2692,3.68737382203657,4
4498,3125,3.0,3
4498,3418,3.429809114594177,3
4499,3435,4.482522849360428,5
4501,555,3.9987536037087343,4
4502,737,3.0,3
4502,1246,4.092185582803331,4
4502,1346,3.956449635853581,3
4502,2194,3.8510877488440127,4
4502,2291,4.023637072382645,4
4502,3468,4.401527224280583,3
4502,3471,4.159125071572703,4
4502,3524,3.989717259027964,4
4503,2290,3.0,4
4503,3599,5.0,4
4505,1307,4.53197725626034,5
4505,2793,4.0,4
4505,2857,4.336758553338054,2
4505,3219,4.7538526447253675,4
4505,3699,4.351429010810695,5
4506,58,4.534062025634174,4
4506,1008,4.0,3
4506,1103,4.496733408963855,5
4506,1130,3.231705569193641,3
4506,1350,4.087353822721751,4
4506,1357,4.465660282303871,4
4506,1945,4.572562194574657,4
4506,2340,3.0,3
4506,2459,3.068305424925968,3
4506,2470,3.972044221648689,3
4506,2716,4.014798583354555,4
4506,2949,4.091381414172521,4
4506,2951,4.167041153522675,4
4506,2985,3.8257875129238177,4
4506,3093,4.394083925923105,5
4506,3801,4.0,4
4507,457,4.481718092086316,5
4507,1023,4.9108030156779305,5
4507,2141,4.5982845101780745,5
4507,2268,4.424910125447429,4
4507,2338,3.0,2
4507,2414,4.52858509843398,3
4507,2654,4.0,5
4507,3489,4.404174767315075,4
4508,144,4.0,2
4508,317,2.87273288722923,1
4508,379,2.8046188897112514,1
4508,454,3.10275703859158,2
4508,535,4.039103111356336,4
4508,586,2.7096883586333984,2
4508,745,4.711906794951222,5
4508,800,3.819525922698241,4
4508,866,3.8064537471406332,4
4508,903,4.142456741838802,4
4508,1089,3.7289555903953677,5
4508,1230,4.057644424508112,4
4508,1271,2.618575580785944,3
4508,1320,3.1663147775095224,4
4508,1472,3.0,3
4508,1639,3.6304150468394703,4
4508,1779,2.768020681543001,2
4508,2010,4.425353832549127,4
4508,2058,3.221124457294419,3
4508,2141,2.930288373465567,3
4508,2144,3.262900522454896,2
4508,2395,3.7392699317854388,4
4508,2406,3.215296318032592,3
4508,2551,3.486586477209318,4
4508,2654,3.5824019190209517,4
4508,2746,3.4356503340915236,3
4508,2953,2.3146565809432578,1
4508,2982,2.013940650703073,1
4508,2995,3.0923231355234106,3
4508,3019,4.1412655034353145,4
4508,3258,2.5254923065280543,3
4508,3274,2.9452641353927986,2
4508,3718,3.0,4
4508,3758,3.0,4
4508,3781,3.0,1
4509,1265,4.064745874317355,3
4509,1721,4.153631778899487,4
4509,2959,3.9416937258433924,2
4510,17,3.5228141470171765,4
4510,110,3.103158595442362,4
4510,457,3.0539229263666186,4
4510,458,2.0,2
4510,711,3.0,1
4510,888,5.0,1
4510,1035,3.615139866593692,3
4510,1200,3.106746006395717,4
4510,1253,3.127380696906533,3
4510,1334,2.6361103967325907,3
4510,1395,2.9890507285903443,4
4510,1422,3.2025688737507023,2
4510,1580,3.026305161097555,3
4510,1676,2.8461915929235695,2
4510,1954,3.166649220342958,4
4510,2019,3.6736609738180444,5
4510,2137,3.664805766928082,5
4510,2182,3.5103963948118837,2
4510,2273,2.656766659347189,3
4510,2334,2.518196255403348,2
4510,2478,2.7860321053709325,2
4510,2524,2.746140558780755,3
4510,2950,2.3295984718197134,1
4510,3431,2.147422509585302,2
4510,3633,3.203129345677916,3
4510,3683,3.4610032978004424,3
4510,3685,3.4359174516297433,3
4510,3734,3.0,2
4510,3806,3.0,3
4511,1222,4.4166001174948,4
4511,1625,4.220719861063984,5
4511,2524,3.8744317102650303,4
4511,2706,4.042720719301668,4
4512,1090,3.871756950612308,5
4512,1210,3.8494573475183964,4
4512,2001,3.8184546864527564,5
4512,3578,3.810105874210715,5
4513,580,3.0,3
4514,1320,3.781943057887512,3
4514,1717,3.1577796634508486,3
4514,1983,2.9770901171259654,3
4516,1682,4.56074405913077,4
4517,10,3.2848852025478346,2
4517,65,2.2592524586666682,1
4517,1513,3.6102845736226037,3
4517,1593,3.232850368080329,1
4517,1625,3.5782930276712803,4
4517,2144,3.711944687598821,3
4517,2599,3.7958876102295855,4
4517,3317,4.001650911620017,5
4517,3543,3.6149586833764054,2
4518,595,4.554601290525734,4
4518,3044,5.0,4
4520,1438,3.313060195207368,4
4520,1608,3.9564191231045727,3
4520,1973,3.539347861761959,3
4520,2105,3.971909276211426,4
4520,2433,3.8341138840469307,3
4520,2571,4.089098474925888,5
4520,2617,3.742106857348951,3
4520,2858,4.226370151893641,4
4521,345,3.0628477046079587,4
4521,1466,4.269820600363875,4
4521,1653,4.035565203553759,4
4521,1831,3.7243421855784264,3
4521,2528,3.8382266360593076,3
4521,2950,3.497958744984852,3
4522,589,3.783834715068707,3
4522,1077,3.9817774885350823,4
4522,1235,4.071759691755787,4
4522,1240,3.8023041018500177,3
4522,3634,3.0,4
4522,3812,3.9159089090412165,4
4523,150,3.8513141232931534,5
4523,544,2.456022624086492,2
4523,1036,3.834437609260113,4
4523,1270,3.875844788864886,5
4523,1378,3.8023135879085785,5
4523,1416,3.0,1
4523,1597,3.7708276560425635,4
4523,1752,3.2522608490919316,3
4523,2028,3.823889123942743,5
4523,2643,3.4941219103352603,4
4523,3062,4.2753294955404995,5
4523,3615,3.0,3
4523,3704,3.953851779849908,4
4524,3,3.2089825894670674,4
4524,788,3.236885337132595,4
4524,1127,3.356378736219838,4
4524,1270,3.7623629650675112,4
4524,1591,3.281361057493289,2
4524,2059,3.989404919922,4
4524,2081,3.9197457497096964,3
4526,50,4.134843088175168,4
4526,541,3.641826304641535,3
4526,1169,3.0,4
4526,3646,3.0,1
4526,3812,4.286300527458566,3
4527,1639,3.0,5
4528,1198,3.248245846972975,4
4530,1393,3.866636891932951,3
4530,2937,3.0,3
4531,596,3.119919790178551,2
4531,1270,3.745129894749022,3
4531,1953,3.934695039185879,4
4531,3030,3.0,5
4531,3543,4.3301119251979,3
4532,345,3.0,2
4532,529,3.965678997104591,3
4532,1610,4.055707919868868,4
4532,2020,4.11068435114645,4
4532,2948,4.266131424550637,4
4532,3176,3.9131139399204757,5
4532,3733,4.0,4
4533,21,3.5570887034647014,3
4533,357,3.9123915014615402,4
4533,3104,3.928495761807763,3
4534,260,4.138502501528734,5
4534,1391,3.677269927284244,2
4534,2028,4.100554226269612,5
4535,50,4.258585572775233,5
4535,252,3.6332341394360257,4
4535,1214,4.195112006457293,4
4535,2374,3.825716607686583,4
4535,2383,3.569322788022251,2
4535,2416,3.8405142944481887,3
4535,2542,4.309189663410855,5
4535,2700,4.149925712566552,2
4535,2794,3.811594223004443,5
4535,2798,4.0,2
4535,3397,3.9368548679009834,5
4539,905,1.1283095699160497,1
4539,930,1.0956616941005413,1
4540,265,4.174995167234553,5
4541,1064,2.6590773791400744,2
4541,1265,3.42704343981298,3
4541,3033,3.3893968876643705,5
4543,25,3.97705205421363,5
4543,161,3.6023990465040523,3
4543,339,3.2231511128124306,3
4543,344,3.3089326282986393,4
4543,376,2.7401380644656093,3
4543,736,3.2700082615961192,4
4543,784,3.12395253932297,3
4543,818,2.681341302798975,2
4543,926,4.540004430387248,4
4543,1101,3.4128318238296584,1
4543,1162,3.0,4
4543,1186,4.223314774261931,4
4543,1187,3.0,4
4543,1189,4.0,3
4543,1197,3.784991217849158,4
4543,1285,4.006053247206614,5
4543,2013,3.555724666909181,3
4543,2111,3.097770210699818,4
4543,2278,3.6051089315210736,4
4543,2470,3.4671360560472975,4
4543,2852,4.003237210340827,4
4543,3083,3.0,4
4543,3507,4.16984162084196,5
4544,1256,3.756100937244941,4
4545,2710,3.729784844109562,4
4546,1036,4.192713999400566,5
4547,2686,4.0,4
4547,3578,3.1698924295681916,3
4548,1035,5.0,3
4551,994,4.345289868099817,5
4552,2353,3.982178868457673,3
4552,2628,3.403001866479548,5
4553,79,3.0,3
4553,912,4.602647872694176,4
4553,1375,4.753511870871616,4
4555,48,3.0,4
4555,543,3.763295500678428,3
4555,1544,3.482300535972298,4
4555,1917,3.5230541970870655,4
4555,3156,3.0,4
4556,1198,3.9828585733971003,5
4556,1219,4.140585357413878,3
4556,3363,4.20188213957409,5
4557,2706,2.1604152444244713,2
4558,968,3.0,4
4559,1235,4.254980562666768,5
4559,3396,4.082599592617048,5
4560,1198,3.6354011352787667,5
4560,2302,4.02876868209492,5
4561,376,4.4384452221479584,4
4561,1367,3.0,3
4561,2709,4.0,4
4562,898,3.6569692670456546,4
4562,1079,3.685022968471984,5
4562,1196,3.7040056139735316,4
4562,1296,3.9423420389319865,4
4562,1425,3.0,3
4562,1562,3.2850816107506144,2
4562,1639,3.743103020533207,4
4562,1747,3.8576715852048675,2
4562,3213,3.0,2
4564,720,3.0,5
4564,3089,4.0,3
4565,916,4.593213875185604,5
4565,1183,3.777969967870368,2
4565,1923,3.744882541032729,1
4566,594,3.8160570754078806,4
4566,3386,3.94963005780577,4
4567,1212,5.0,4
4567,3809,3.937080329449126,4
4568,342,4.267458504815378,4
4568,783,4.009515291648567,3
4568,1025,3.893799272994404,4
4568,1193,4.499167332807336,4
4568,2020,4.429911193865402,5
4568,2076,4.6053808173828825,4
4568,2147,3.0,2
4568,2671,4.038118772779798,5
4568,3079,3.0,5
4569,288,3.8924787697668934,4
4569,368,3.9378500344469707,4
4570,1732,3.4536030850861588,5
4570,3811,3.0,3
4571,994,3.964925747465305,3
4571,2321,4.193707024783593,4
4572,1029,4.155036125296219,5
4572,2087,4.087845897166446,4
4572,2876,2.0,2
4573,431,3.9720906534288853,4
4573,1339,3.196840598735721,4
4573,2352,3.5834802046854612,4
4573,2870,3.0,4
4575,2003,1.6500130172412484,1
4575,2787,1.0,1
4576,1214,3.5528332548420076,5
4576,1367,3.0,4
4577,1939,3.737924900522102,4
4577,2782,3.2831443608948443,4
4578,344,4.0272870704150305,4
4578,517,3.502088459343167,4
4578,627,3.0,4
4578,904,3.9741086255142606,5
4578,1216,3.0,5
4578,1617,3.9674181848462875,4
4578,1644,3.018641356236483,4
4578,1722,4.153653190337478,4
4578,2058,4.229679506639076,4
4578,2387,3.0538322778516918,3
4578,2391,4.247120787432567,4
4578,2916,4.120077821242349,4
4578,2997,4.204010585126759,5
4578,3052,4.283746732211755,4
4578,3082,3.6526230289119157,3
4578,3253,4.158325025997677,4
4578,3623,4.2066266364201335,3
4578,3677,3.0,5
4579,480,3.8591009364324087,4
4579,529,4.221425713375824,4
4579,595,3.9291620904003697,5
4579,599,4.371051669319035,5
4579,720,3.422471486021752,4
4579,914,3.933270257706152,4
4579,1059,3.678054540806469,3
4579,1196,3.9195776860417086,5
4579,1250,4.29788666486784,4
4579,1288,3.638883273841405,4
4579,1399,3.0,3
4579,1580,3.806518671677556,4
4579,1674,3.611474073985336,3
4579,1855,3.0,2
4579,2176,4.076241523974952,3
4579,2857,2.403229257592284,5
4579,2948,3.4681601802646385,4
4579,3155,3.0,3
4579,3225,3.0,1
4579,3516,3.0,3
4579,3760,3.0,3
4579,3873,4.0,3
4580,296,4.039398746522979,4
4580,1213,4.142126252868034,3
4580,2359,4.110261955150705,5
4580,3163,3.0,5
4581,1234,4.250918495220716,4
4582,923,4.345642271419513,4
4584,3095,4.725112295540472,5
4585,442,3.8760519491082723,3
4585,519,3.4640338026110498,3
4585,588,3.9456105368418712,4
4585,590,3.9508805420381443,4
4585,648,3.9036403827395283,4
4585,761,3.0,3
4585,1073,3.996763372213388,4
4585,1200,3.983118077209175,5
4585,1527,3.924696700353064,4
4585,1597,3.9292466753939808,4
4585,1756,3.0,4
4585,1907,3.7081292190267527,5
4585,2140,3.9559260219496246,3
4585,2366,4.13800033743265,4
4585,2901,4.264121345120195,4
4585,3256,3.8619826289333914,4
4589,1230,4.818455404544256,5
4589,1259,4.6711123713579275,5
4589,1394,4.596942843584197,5
4589,1959,4.767248227745567,4
4589,2905,3.0,5
4590,493,3.0,4
4590,2028,3.867713648860772,4
4591,196,3.435613551714331,1
4591,1196,3.6959368020892707,5
4591,1275,3.663887439347205,4
4591,1291,3.69293485872045,4
4591,1387,3.6539155614665204,4
4591,1566,3.470888617327232,3
4591,1608,3.656190030087048,5
4591,1862,2.672411202966147,1
4591,2012,3.665876356149748,4
4591,2532,3.408878569075074,3
4591,2645,1.4320307791179305,2
4591,2694,3.296100438652945,3
4591,3317,2.8198003477728695,3
4592,1240,3.5781269714765673,4
4592,1527,3.5558075163682608,5
4592,2989,3.538390598485625,3
4593,306,3.0,4
4593,2542,3.5184986473278497,1
4593,3362,3.4896456107986387,5
4593,3685,3.4551407706250203,3
4594,969,4.250541546190446,4
4594,1196,4.065160013188638,4
4594,1610,4.156598172757942,5
4595,318,4.646789790349889,5
4595,593,4.652001255935485,4
4595,1097,4.631733089616632,5
4595,1148,4.843062313241183,5
4596,1248,5.0,5
4596,2186,4.7398337526717516,5
4596,2399,3.0,1
4596,3744,3.0,3
4596,3791,3.7744992591433615,3
4598,2728,4.226664448890136,4
4599,1234,4.478707052646038,5
4599,1907,4.005545905975194,3
4599,1968,4.348866601024586,3
4599,2137,4.027650347562512,4
4599,3396,4.248362605137543,3
4600,21,3.906743990705099,4
4600,231,3.7822707893298158,5
4600,288,3.982136479062656,5
4600,457,4.0310342095257115,4
4600,2599,4.091216471008669,3
4600,2770,4.05579087222914,3
4600,2975,3.0,4
4600,3108,4.11519631852555,2
4600,3174,3.4517364496052063,4
4600,3812,3.0,4
4601,1438,3.432380779054797,4
4601,2722,3.2896472488606556,3
4603,1197,3.986943617084822,5
4604,1240,3.056549182997438,3
4604,2000,3.029897534923576,3
4605,100,3.0,2
4605,110,3.94821795222798,5
4605,358,3.0,2
4606,899,3.0083507347507465,3
4606,1619,3.0,3
4606,2059,3.0,3
4606,2583,3.0,3
4607,162,4.587414113513391,5
4607,377,3.993137751900417,4
4607,866,4.314380337162456,4
4607,954,4.413340929211878,4
4607,1204,4.4009931365502055,5
4607,1235,4.244388016164776,4
4607,1340,4.343836926695133,5
4607,1584,3.9528701813405847,4
4607,2291,4.062220736534446,5
4607,2529,3.965098692245832,4
4607,2671,4.084633280822933,4
4607,2797,4.0643970359206305,4
4607,3016,3.2069899026800304,3
4607,3952,4.0,4
4608,1537,3.0,4
4609,498,3.0,4
4609,653,3.066668317949539,4
4609,1279,3.0,3
4609,1370,3.0511740524721374,1
4609,2010,3.0000000000000004,3
4609,2115,3.1434439345179492,3
4609,2450,2.887953311625243,2
4609,2746,3.073561290832954,2
4609,3037,3.445163257328253,3
4609,3391,2.0,2
4610,327,3.0236761922392525,1
4610,589,3.2227790891361456,4
4610,592,3.1811555407383874,3
4610,1127,3.1720375688907483,4
4610,1278,3.459246091589883,4
4610,2143,3.422400311178641,4
4610,2334,2.6632320398042144,3
4610,2761,3.3795603183999128,3
4610,2791,3.44427187414061,2
4610,3070,3.45485404986826,3
4610,3624,3.386734506903863,3
4611,182,3.0,2
4611,333,2.774916802543768,1
4611,372,3.215596058049854,4
4611,450,3.2181684739059575,2
4611,778,3.5938951225817477,5
4611,1096,3.787252728626441,5
4611,1188,3.8394291313314133,4
4611,1270,3.5342061927792994,3
4611,1597,3.4042029007191097,2
4611,1960,3.9172128362713385,4
4611,2001,3.1557991981217857,3
4611,2485,2.272347324076108,1
4611,3270,3.0,3
4611,3386,3.5349531009046857,4
4611,3684,3.6870235245831364,3
4612,41,3.0,5
4612,892,3.0,5
4613,79,3.0,4
4613,217,3.0,5
4613,1200,4.089483096309283,3
4615,1210,3.6933959972867036,5
4615,1544,3.496854437892549,2
4615,1627,4.002980341435602,5
4615,1633,4.338915703705681,5
4615,1892,3.0572109476764173,4
4615,3006,4.011282079367187,3
4616,3083,3.0,5
4618,2116,3.8859863003508055,3
4620,43,3.0,3
4620,230,3.713654245055243,4
4620,2336,4.234242050425837,5
4620,2692,4.29935781312057,5
4620,3386,3.9208524250988486,3
4621,36,4.381750833258612,3
4621,1225,3.6606591019705306,5
4625,1358,3.8208374152521496,4
4625,3555,3.8997970343338895,4
4626,671,4.016346275590886,2
4626,1196,3.8132545180741815,5
4626,1278,3.813445802144672,3
4626,1312,3.0,4
4626,2371,3.7768328531087865,5
4626,2688,4.00859303635824,4
4626,3255,3.399348055469976,2
4626,3265,3.0,2
4626,3477,4.019674494590163,2
4631,1089,3.82445174034684,4
4631,1201,3.612499841604181,4
4631,1210,3.477487248535232,3
4631,1387,3.5784276152486996,2
4631,1960,4.058679815368423,5
4631,2028,3.641197530459676,4
4631,3462,5.0,3
4632,2973,3.5900049762549937,3
4633,2294,2.6337187193246163,3
4634,922,5.0,5
4634,1283,5.0,5
4634,1953,5.000000000000001,5
4634,2797,4.539328393259688,5
4634,3185,3.0,4
4635,17,3.9787664984631776,3
4635,110,3.9205779272769403,2
4635,1381,3.995723375696785,3
4635,1912,3.861857514601251,4
4635,2028,3.92474881029249,5
4635,2735,4.015503523208652,4
4635,3083,3.0,5
4637,48,3.8762055899364976,4
4637,239,3.975049805573561,2
4637,587,3.8855302382127146,5
4637,805,4.351793390404685,5
4637,1394,3.6078320298311595,3
4637,2028,3.9515365933653777,3
4637,2409,3.2441874328610605,4
4637,2471,3.357876766711405,3
4637,3244,4.20569394012188,4
4637,3248,3.3788070291977648,4
4637,3421,3.917041238596471,3
4638,2090,2.2983383314068275,5
4638,2139,2.9263160035547306,5
4638,3499,2.986989671688217,1
4639,3512,5.0,4
4640,377,2.3891644866994604,3
4640,1584,2.90063038922406,4
4640,2352,2.3646653931930013,2
4641,3060,4.265064325691303,5
4642,318,3.718981596765852,5
4642,1387,3.822706209772196,4
4643,373,3.0,3
4643,471,3.192612695981924,3
4644,348,3.8262006404319617,3
4644,389,3.0,4
4644,1732,3.534686491970827,4
4644,2599,3.5948614909345666,4
4645,1210,4.016209160664127,2
4645,3219,5.0,5
4647,376,2.238616468642634,3
4647,639,3.0,2
4647,852,3.1350500481067534,4
4647,1035,3.215459229496862,2
4647,1042,2.7150237140138453,1
4647,1135,3.1838050335255166,2
4647,1289,5.0,4
4647,1299,4.142457942982809,5
4647,1304,3.6444680689924915,5
4647,1343,3.4105820679767076,4
4647,1610,3.2848163701586186,3
4647,1635,3.9337766670452896,5
4647,1721,3.069576929998655,2
4647,1783,3.0,2
4647,1791,3.0,3
4647,1982,2.4060133374211734,4
4647,2110,3.3524155297417737,3
4647,2344,3.0,5
4647,2345,3.0,3
4647,2539,2.8105600371292803,2
4647,2766,3.0,5
4647,2824,3.0,4
4647,3072,3.448973603940382,4
4647,3138,3.0,3
4647,3325,3.0,2
4647,3534,3.5186655022249376,2
4649,1936,3.0,5
4649,1960,4.9135927090938205,5
4650,1198,3.189227084549663,3
4650,1367,3.0,3
4650,2858,3.3611130507757436,3
4651,1169,3.0,3
4652,3751,4.822625107506761,3
4653,647,3.4789011802493457,3
4653,1094,3.655836499898455,3
4653,1633,4.0,5
4653,1733,3.0,3
4653,1833,2.0,3
4653,2108,3.633148199090684,4
4653,2712,3.709834296532535,2
4653,2961,3.0,3
4653,3145,3.0,3
4653,3580,3.0,3
4654,909,4.248266459033567,5
4654,1247,4.232329828400878,5
4654,3545,4.5322373433859555,5
4655,527,3.8757839940617833,5
4655,1216,3.0,3
4655,1294,3.9178841663219854,3
4655,1295,4.0,3
4655,1457,3.1285460588022382,4
4655,1629,3.0,2
4655,3361,3.8175376724319303,4
4655,3512,3.0,3
4656,353,3.7522446256876774,4
4656,380,3.975347319546352,3
4656,585,3.8405921046831346,4
4656,1148,4.580205465408348,5
4656,1332,3.609333860839824,3
4656,1769,2.8078455209781983,4
4656,2694,3.758878735105882,4
4656,3366,4.0,5
4656,3499,4.093664525130965,2
4657,527,3.9786306684897466,4
4658,70,2.665864010608491,3
4658,317,2.787156009320516,1
4658,1346,2.3502061075548837,1
4658,1499,1.6924511218478542,2
4658,1920,2.177215492140491,1
4658,1985,1.9795899287830079,1
4658,2001,2.324452671677375,2
4658,2021,2.604571665711833,3
4658,2141,2.673901983279032,2
4658,2566,4.0,3
4658,2835,3.0,1
4658,3442,3.0,1
4658,3476,3.2457902683213957,4
4659,377,4.076365315326631,4
4659,800,4.080025327397489,5
4659,914,5.0,5
4659,1193,4.254592743486024,4
4659,1895,4.333694304182018,3
4659,2145,4.121137930618565,3
4660,2420,4.062380513814979,5
4660,3809,4.585033827258545,5
4661,356,4.147614989097007,4
4661,541,4.128472485523061,5
4661,590,4.183544166013943,4
4661,1240,4.108331720605982,4
4661,2553,4.535426178883336,3
4661,3062,4.059922978548571,4
4662,543,3.26482191116424,5
4662,1457,3.1270707501147657,2
4662,3114,2.7288378474096944,3
4663,305,3.0,2
4663,1293,3.486746598356703,3
4663,1394,3.1684579164756324,4
4663,1396,3.2005303711772832,3
4663,2134,3.164507539228789,2
4663,2390,3.0,3
4663,2456,4.1583670496948555,4
4663,2686,4.243645056122158,3
4663,3684,3.1099116588099833,3
4664,3791,3.4595950365257946,3
4664,3812,4.0,4
4665,1197,4.186283399539778,5
4666,87,3.0,3
4666,95,3.410690121475484,3
4666,377,3.4629712644659643,1
4666,1285,3.798481334116833,4
4666,1635,4.2357716162331,3
4666,2302,3.6325691641838316,3
4666,2361,3.0,2
4666,2789,2.1747980602241483,3
4666,3034,3.472658984263676,3
4667,318,4.458912032365878,5
4668,2527,4.522855561894014,4
4669,720,3.0,5
4670,480,3.587817782734645,5
4670,2571,3.650029102177093,4
4671,253,4.068489702478696,2
4671,1183,3.8718264230074317,2
4671,1391,4.063030340257543,4
4671,1468,3.0,3
4671,3452,3.0,3
4672,3516,3.0,4
4673,47,4.257669234416918,1
4673,356,4.190390939886783,5
4673,861,2.5487187847164714,4
4673,1079,3.6839975266123024,5
4673,1191,3.0,3
4673,1234,4.2288599433244345,5
4673,1374,3.4570004765806126,4
4673,1500,4.263279849885102,5
4673,1801,3.685442236277974,4
4673,2081,4.1197464982380785,4
4673,2357,3.0,5
4673,2371,3.1796710428016195,2
4673,2687,3.6393030493694685,3
4673,2997,4.319061842515137,5
4673,3155,3.0,5
4673,3412,3.0,3
4673,3836,3.80440192274193,4
4675,168,3.1513252538805694,2
4675,778,4.078864256039791,4
4675,908,4.256060812118879,4
4675,928,4.33715564300055,4
4675,1183,3.9201579794449746,4
4675,1339,4.149191541335022,4
4675,1541,3.736076999705353,4
4675,1784,3.708452322539793,3
4675,3072,4.04875859510287,4
4677,2882,3.0,4
4677,3783,3.0,5
4678,2683,3.4581218796588824,3
4678,2882,3.0,4
4678,3082,3.769752604803803,3
4678,3113,3.737049545851842,2
4678,3274,3.0,4
4680,81,5.0,4
4680,111,4.010291971640478,5
4680,1252,3.9749660982871275,3
4680,1299,3.859500410992319,3
4680,1321,3.574498344117211,4
4680,1449,3.936856386171915,5
4680,2115,3.596590918851074,3
4680,2502,3.5832272448884455,5
4680,2706,3.6449510741692404,2
4680,3287,3.0,2
4680,3812,4.277137869114161,4
4681,318,3.912928261311021,5
4681,2469,3.5251553093515895,3
4681,3418,3.897703233959141,3
4682,1027,2.853239431079438,2
4682,1234,3.7216695352450184,4
4682,1288,3.5776722680449984,4
4682,1291,3.2506523575459627,3
4682,1367,3.0,1
4682,1371,3.032031006292076,3
4682,1643,4.0,4
4682,2111,1.947453027796248,2
4682,2116,3.2475386474772345,2
4682,2143,2.654839937716917,3
4682,2183,4.0,4
4682,2260,3.0,4
4682,2353,3.0722890798191327,3
4682,2408,2.8802371783642298,3
4682,2468,2.212454991677997,3
4682,2690,2.8714285280353495,4
4682,2918,3.424292333905846,4
4682,3831,3.0,5
4682,3841,2.51227178527414,4
4683,2050,1.8403460787069035,1
4683,2641,3.2061842182328233,3
4683,3608,2.931011287083785,1
4685,1419,3.0,3
4685,1446,3.0,4
4685,1734,3.0,1
4686,919,4.559105558758265,5
4686,1204,4.6437685731346905,5
4686,1210,4.475469167672389,5
4686,1293,4.142848706620224,2
4686,2662,4.625060799030459,4
4687,2,4.112788642621564,3
4687,3260,4.3176776095948926,3
4688,260,4.050388263636992,5
4688,1079,3.9326610607500467,3
4688,1136,4.008814003410102,1
4688,1193,4.1874522485422725,5
4688,1411,3.0,5
4688,2657,3.8438017118525782,3
4689,593,4.245035162945984,4
4689,1625,4.494937673264829,5
4689,1645,4.005964636425852,4
4689,1834,4.029326927649999,5
4689,2908,4.999999999999999,5
4690,3004,3.0,4
4691,648,3.61872464562504,4
4691,3108,3.490062757870704,2
4692,1941,3.0,3
4692,2677,5.0,3
4693,2858,4.324123475623058,5
4693,3508,4.430694787589734,5
4694,1950,4.569150142615358,5
4695,1746,3.0,2
4696,1101,4.3672414646431585,5
4696,2746,5.0,4
4697,1046,3.0,5
4697,2091,3.0,5
4699,316,3.4144354435017044,3
4699,494,3.1023122106578973,3
4699,1377,3.148279001311221,1
4699,1391,3.2849978876148547,2
4700,2028,3.3399142599380496,5
4700,2054,3.454728382766545,3
4700,2078,3.207050434233,2
4700,2300,4.469595866241665,5
4701,432,3.997869048423673,3
4702,541,4.1621892950839925,3
4702,593,4.261654906950171,4
4702,1272,4.401173798868261,4
4704,1020,1.8171424289862061,3
4704,1272,2.932262121056471,2
4704,1361,3.0,1
4704,1372,2.488242137067633,3
4704,2141,2.5745218241743437,3
4704,2406,2.743424404243753,2
4705,7,4.144549513384703,5
4705,222,4.329412064098674,3
4705,2302,4.046613677664373,3
4705,2396,4.191406457526298,5
4705,2550,3.0,1
4706,2723,3.0993423666029174,1
4706,3147,3.9948499475011663,3
4706,3175,3.2433800774048818,3
4707,1148,2.3826998561365285,4
4707,1907,4.0,2
4707,2959,2.992044809679043,5
4708,111,4.344423577358126,5
4708,377,3.7973515443905943,3
4708,628,3.7709953158221876,3
4708,1030,3.5477149205979295,3
4708,1302,3.976989531316193,5
4708,2291,4.045822138093105,4
4708,2916,3.9539790972813793,3
4708,3052,4.137470792089753,4
4708,3104,4.0125183678759235,4
4708,3760,3.0,4
4709,1302,3.7746862018285126,4
4709,1704,4.0254769420022996,5
4709,3361,3.7874160172844293,5
4710,1086,3.673255227358267,4
4710,2927,3.0,4
4711,1641,3.799994051789068,3
4711,2995,3.1019021654388728,4
4712,1231,3.1049856318838116,2
4712,3095,3.5720201840092884,3
4712,3260,2.999774524630751,2
4714,1272,3.83403884152535,4
4715,95,3.509867741774235,3
4715,173,3.521185485917336,2
4715,497,3.8869423015949707,4
4715,599,4.14947893938081,4
4715,1231,4.321883232209038,5
4715,1261,3.8883146715554235,3
4715,1350,3.862103536605589,3
4715,1717,3.426414895223628,3
4715,1732,3.9653106591910423,4
4715,2478,3.6866426191479262,4
4715,2683,4.069829291460551,3
4716,1271,3.556850671857407,5
4717,3101,4.170794242275812,4
4717,3654,4.35405218520844,4
4717,3809,3.5042932799982665,3
4718,48,4.187120753741798,4
4718,262,4.0,4
4718,539,4.317263774200986,4
4718,1356,4.454063862743444,4
4718,2135,3.8804269333287773,3
4719,208,4.494749508955797,3
4720,2724,4.0,4
4721,2355,4.278985340206746,4
4721,2700,4.294277860466753,5
4721,2712,4.442779364794981,4
4723,345,3.0,5
4723,3516,3.0,5
4724,1094,4.238852238971367,4
4725,349,3.302452959327197,3
4725,510,3.0,3
4725,544,2.811130545187754,3
4725,674,3.36258697469999,3
4725,870,3.0,2
4725,886,2.7801695292596964,4
4725,1200,3.3951651192107017,5
4725,1466,3.340438821292057,3
4725,1497,2.6781379016435842,3
4725,1610,3.358850395571741,3
4725,1682,3.365339240588432,3
4725,2142,3.0722091511428236,3
4725,2194,3.246523010351666,3
4725,2249,2.867998426493588,3
4725,2278,3.3389998426541556,3
4725,2344,3.0,2
4725,2404,2.9504002419845854,3
4725,2475,3.0,3
4725,2676,3.0,3
4725,2852,3.0,3
4725,3400,3.0,3
4725,3551,3.4158223368424623,3
4725,3633,3.277250374452268,3
4725,3716,3.0,3
4726,492,3.0,4
4726,1187,3.0,4
4726,1357,3.981867668505429,3
4726,1660,3.0,3
4726,2803,3.487274803695439,4
4728,29,3.51606788419748,4
4728,79,3.0,3
4728,246,3.6362949852450845,3
4728,356,3.587660916941532,4
4728,357,3.6213647350136937,4
4728,412,3.0,4
4728,518,5.0,3
4728,1100,3.360794310554682,3
4728,1263,3.760311352127524,5
4728,1485,3.5644848000965217,4
4728,1513,3.4759064707088356,3
4728,1603,3.3966683138462677,3
4728,1833,3.0042190721319617,2
4728,2064,3.789374066392848,4
4728,2320,3.0,3
4728,2406,3.6518032183077693,4
4728,2542,3.674755671004259,3
4728,3247,3.4227961652783176,4
4728,3256,3.426203151006874,4
4728,3355,3.0,3
4728,3552,3.7354664272507625,5
4729,475,4.166786519554737,5
4729,1614,3.4934308362421147,3
4729,1721,3.7274433466328327,3
4729,1959,3.5010201454525016,4
4729,2622,3.0,4
4729,2770,3.5690004281107144,3
4731,745,4.0,4
4731,1234,4.141914402883581,5
4731,1240,4.033638779731119,5
4731,1580,4.041186589363465,2
4732,292,3.6814510467115897,4
4732,589,4.021563549278851,5
4732,1017,2.019039588976691,5
4732,1221,4.312361793060853,5
4732,1584,4.011653946865071,5
4732,3175,3.9413023108080463,4
4732,3662,2.0,2
4732,3693,4.1909963309103295,3
4733,383,4.709628441835056,4
4734,1237,4.605201344151233,5
4734,1653,4.253320284598199,4
4734,2049,3.0,2
4734,3269,3.581024126007865,3
4735,913,4.317257103761241,5
4735,1053,3.0,4
4735,2391,4.5370196686929685,4
4735,2467,3.0,4
4735,3445,3.0,3
4736,110,3.4853181253440644,4
4736,1590,2.7889536180458747,4
4736,1682,3.5524222585211174,3
4736,1912,3.1772482681326664,3
4736,2550,4.0,1
4736,2640,2.7677813215718,1
4736,3267,3.4060938828741656,3
4737,1211,4.752913202528825,5
4737,2150,4.4966119841723255,5
4737,2919,4.690631855357056,4
4737,3070,4.461927985621336,5
4738,590,3.5485832364877528,5
4738,2087,3.7868550918216854,5
4738,2944,3.500453535029164,3
4739,1474,3.0,4
4739,2033,4.0,4
4739,2058,3.9732791560004816,4
4739,2918,3.9524237143749485,5
4740,736,4.003908381345821,3
4740,1777,4.191362590421674,5
4741,2301,3.0,4
4742,16,3.750344301517445,4
4742,1249,4.2066862611000095,4
4742,1645,3.4918288481495483,3
4742,1974,2.904225659620239,3
4742,1992,2.318650569801861,2
4742,2683,3.3903692370711287,4
4742,2976,4.0,3
4744,719,3.0,4
4744,1198,3.957781007009033,5
4744,3130,3.0,4
4745,2795,3.604523946766283,5
4745,3250,3.0,5
4746,1183,3.7591928342719703,2
4746,1271,3.214639683828645,3
4746,2353,3.6189266546468226,4
4747,733,3.6508718107388627,4
4747,2115,3.6622452013851485,4
4747,2762,3.6376375179131464,5
4747,2997,4.110251363940928,4
4748,377,4.274649968723228,4
4748,454,4.338501502713315,3
4748,720,4.0,5
4748,912,4.617503371169284,5
4748,932,3.0,4
4748,1294,4.627354745705848,5
4748,2870,5.0,3
4748,3011,4.675362818090433,4
4748,3039,4.444426222507725,5
4748,3257,4.11308113218064,5
4748,3310,3.0,5
4750,596,4.017849196283974,4
4750,1210,4.261524890659942,4
4750,1258,4.39539973254021,5
4750,1286,3.8165912713981918,5
4750,2092,4.015794606960431,4
4750,2474,4.116323801729354,3
4750,3394,3.0190189457421854,3
4750,3396,4.142595376922562,4
4752,2692,4.397489640442845,4
4753,3189,3.0,3
4754,2262,4.089966075027654,4
4754,2369,4.218679537648033,3
4754,2404,3.298012818166102,3
4754,3098,4.082764988083127,4
4754,3425,3.0,3
4755,1124,5.0,5
4757,1673,4.442569924614479,5
4758,858,3.9681726995093225,4
4758,3005,3.0,4
4760,541,3.6877533309685844,4
4760,2987,4.254745535538365,4
4761,293,4.689406173423079,3
4762,3067,2.6868148330691586,2
4763,2359,5.0,5
4764,1307,4.240494765595308,5
4764,2795,3.9188803405672754,4
4765,161,4.194754893110351,3
4765,952,4.567451692746581,3
4765,1947,4.310317325174586,5
4765,2668,3.0,3
4765,3701,3.735020329523471,4
4766,3163,3.0,4
4767,2770,4.0,3
4769,2085,3.7563529231503114,4
4770,2690,3.0,4
4771,154,3.0,4
4771,157,3.0,4
4771,233,3.0,4
4771,318,3.897484852372977,3
4771,1111,3.0,4
4771,1287,4.125261398001565,3
4771,1617,3.76839039556996,4
4771,1669,3.0,4
4771,1958,3.82666117426388,3
4771,2063,3.0,3
4771,2106,3.0,4
4771,3429,4.0,5
4771,3448,3.909319011614683,4
4771,3456,3.0,3
4772,950,4.306970814091137,3
4772,1296,4.35065473746394,5
4772,2303,5.0,4
4772,3028,3.0,5
4773,457,4.260170016628782,4
4773,2762,4.132863801531207,5
4774,58,4.4194504155825935,5
4774,1213,4.472173993111221,5
4774,1222,4.484285945142608,5
4774,1267,4.765420111172688,5
4774,2028,4.427754425234579,4
4776,595,4.626712094308929,5
4777,3771,3.0,4
4778,2423,3.852968259939987,5
4779,194,5.0,3
4779,899,4.325442801248519,5
4779,3424,4.315771373463539,4
4779,3755,3.829090487816093,4
4780,318,4.0237389213723835,5
4780,903,4.420188243027746,5
4780,1267,4.381230975798119,5
4781,1544,4.5655555985834155,3
4781,3735,3.852503948374909,4
4782,608,3.589268678158435,5
4782,680,3.0,2
4782,1256,4.216146485127563,3
4782,2284,3.0,5
4782,2407,3.301542975775623,3
4782,3067,5.0,4
4784,342,4.236820118028402,5
4784,1721,4.122754517540422,3
4784,3004,3.0,3
4784,3922,3.0,3
4785,17,4.171885166655183,5
4785,912,4.278238688007329,5
4785,1033,4.221444242907399,4
4785,1917,3.804710949971914,4
4785,2369,4.139125785549954,4
4785,2746,4.179675489511537,4
4786,21,3.9461721340083833,4
4786,25,4.245326079822978,3
4786,253,3.9260032334558437,3
4786,265,4.412347163581363,5
4786,647,3.9405643360197216,4
4786,1097,4.112177219797438,5
4786,1198,3.9853179829585352,5
4786,1266,4.237702307909387,4
4786,1353,3.481629330278337,3
4786,1704,4.161807680750648,4
4786,1907,3.926299808868322,4
4786,1947,4.422985728369999,5
4786,2245,4.041858083760231,4
4786,2354,3.51588625339154,3
4786,2467,5.0,4
4786,2628,3.8651395962973605,5
4786,2688,4.173247873462492,3
4786,2753,3.0,3
4786,3448,4.035265686690428,4
4788,597,3.6749503761110245,4
4788,2321,3.542557844192718,5
4788,2406,3.608721038227775,3
4788,2431,3.476201485551956,4
4788,3388,2.9833834887276858,3
4788,3596,3.0,3
4788,3608,3.4765632077691593,3
4789,451,3.0,3
4789,849,3.1773369609471342,2
4789,1396,3.657849579748745,3
4789,1882,3.1583534270660762,2
4789,2020,4.164921785902184,3
4789,2291,3.901530426680701,3
4789,2919,3.9682571738039876,4
4789,3078,3.0,3
4790,110,3.550165738224762,4
4790,337,3.668642662575469,4
4790,446,5.0,4
4790,517,3.457994275327206,3
4790,766,3.0,3
4790,2269,3.511068390026985,3
4790,2391,3.698294858514342,4
4791,52,3.9939659168189863,4
4791,832,3.200919088511618,2
4791,1037,3.302153396105168,3
4791,1092,3.0972042920487937,4
4791,1287,3.8919448227960936,1
4791,2003,3.4416089091668116,4
4791,2398,3.3786023679088846,4
4791,3498,4.0,5
4792,736,3.0991352979859683,2
4792,1225,3.0,5
4793,508,3.3662492630397636,3
4793,1680,3.3785576051708084,4
4793,2583,3.0,3
4793,2858,3.502933659177864,5
4793,2890,3.4900411122836497,5
4793,3105,3.447662571935507,3
4794,919,4.6441055972449234,5
4795,116,3.0,4
4795,581,5.0,4
4795,1361,3.0,3
4795,2762,4.0611955635084085,4
4795,2959,3.8441505053073524,4
4796,29,3.967504417020161,3
4796,324,3.0,4
4796,1921,3.541600049126907,2
4798,2000,3.339030666331094,4
4798,2311,3.1622121189269334,5
4799,1641,3.7638874129204356,5
4800,191,2.0,2
4800,541,3.667173864186147,5
4800,1393,3.4795310583363452,5
4801,788,4.644695367221852,5
4801,1388,4.948666792398411,5
4801,1499,4.697235697493428,5
4801,1785,3.0,5
4801,2640,4.541960913156213,5
4801,2762,4.622745423987302,5
4802,41,3.0,4
4802,466,3.652120921108123,2
4802,599,4.580452251647155,2
4802,911,4.596514914195975,5
4802,942,4.763224180976774,5
4802,1092,4.13701339509499,5
4802,1124,4.655635532925033,5
4802,1199,4.3743656258619374,5
4802,1258,4.283022277511989,4
4802,1550,3.0,3
4802,1580,4.062047957391865,5
4802,2002,3.7287418759218043,2
4802,2628,4.029064447872888,4
4802,2915,4.299242204675467,5
4802,3448,4.117828554912917,3
4802,3469,4.686344115034267,5
4802,3512,3.0,3
4802,3634,5.0,5
4804,3716,3.0,3
4804,3738,4.0,3
4806,378,3.0,3
4806,1653,4.21381777368871,5
4807,1287,3.739013131256433,5
4807,1301,3.543394351600392,3
4807,2664,3.9047748665163917,4
4807,2702,3.0,1
4807,3221,3.0,1
4808,207,3.0618259780787564,3
4808,464,2.8711875574830152,2
4808,836,3.254339148639676,2
4808,1015,3.0,3
4808,1396,3.562223726935339,5
4808,1556,3.126518692522179,2
4808,1598,3.0,3
4808,1640,3.0,3
4808,1674,3.4969404992567474,3
4808,1882,3.422615018001106,3
4808,1917,3.485066261873736,4
4808,2009,3.3932969843901937,3
4808,2868,3.0171459904365903,3
4808,2881,3.4174877013248435,3
4808,3114,3.7070870128397386,5
4808,3301,3.4975788605783515,3
4808,3418,3.5096993283279994,3
4809,2359,4.076477834984094,4
4809,2611,3.0,5
4809,2857,5.0,5
4811,3022,3.0,5
4812,858,3.8703973021419054,2
4812,2112,3.980528550026734,1
4812,3362,3.736181861246575,3
4813,105,5.0,5
4813,367,4.289258716000976,4
4813,1806,3.0,4
4813,2146,4.423893398420277,3
4814,435,3.054900153262695,3
4814,748,3.0362836383767666,3
4815,560,3.0,3
4815,1199,4.4778566876746675,5
4815,1954,4.3381161387548755,3
4815,2870,3.0,5
4815,3364,3.0,5
4816,377,3.8312947483053392,4
4816,1589,4.163260520613065,4
4816,1643,3.4669586415242457,4
4816,1673,4.217377748905407,3
4816,2822,3.877902048443045,4
4816,3206,3.0,5
4816,3594,3.0,5
4817,1084,4.5263899717138285,5
4817,3114,3.9628394310042863,4
4818,1200,3.9120509662188008,3
4818,1212,4.524888434979214,5
4819,162,2.9090412010706945,1
4819,247,3.3036946874387225,2
4819,290,3.0,2
4819,379,3.8973460518023555,4
4819,640,3.0,4
4819,748,4.164574717245289,4
4819,837,3.0,4
4819,1097,4.194545338238789,5
4819,1377,3.947935459625091,4
4819,1479,4.2912348812673775,4
4819,1673,3.942508599908991,3
4819,1748,4.114261998755495,3
4819,2338,3.7759699146394805,4
4819,2379,3.4016527272435413,4
4819,2448,3.0,4
4819,2710,3.971764873742174,1
4819,2763,4.2374451806645155,4
4820,412,3.0,3
4820,3536,3.0,4
4821,22,3.6003808012084964,4
4821,110,3.7427533204406105,5
4821,3252,4.20942167115835,5
4821,3255,3.380465075232512,4
4821,3274,3.4127748220230396,4
4823,69,3.7202545079068092,4
4823,603,3.0,2
4823,1258,3.359387840121404,4
4823,2513,3.0,3
4823,3168,3.6099086456779585,5
4824,223,3.4151217053245633,5
4824,1136,3.9088779977321333,5
4824,1272,4.078970271403643,5
4824,1957,4.151587876563661,3
4824,2194,3.6851393467588207,5
4825,112,4.108073194807377,5
4825,480,3.8461798174162034,3
4825,733,3.885408007024638,3
4825,2396,3.897470657008904,5
4826,3107,3.9164988726736008,4
4828,1821,4.209101737272611,3
4828,2146,3.85447351432377,4
4828,2369,3.9958658666461218,3
4829,377,3.8680917469930596,5
4829,379,3.5205429101892523,3
4829,595,4.184128189323846,3
4829,719,3.204667098388103,3
4829,1883,4.212212247848428,4
4829,2322,3.0472009406273104,2
4829,3317,4.032091146122689,4
4829,3814,4.0,4
4830,1372,4.347468657065855,5
4830,1917,3.8089144832008257,3
4831,778,4.262352299153041,3
4831,806,3.0,3
4831,1304,4.161994591721533,4
4831,3111,4.258511017249919,3
4831,3148,4.452653128365031,2
4831,3408,4.248633204917766,4
4831,3418,4.197650295055977,4
4832,2146,3.647281363839908,5
4833,1333,4.239714655784524,3
4833,2720,3.0,3
4834,750,3.9738836515782183,5
4834,2020,4.068415227551883,4
4834,3176,3.6408853000818397,4
4834,3342,3.0,4
4834,3618,4.0,4
4834,3911,3.812842267747824,4
4835,1711,3.874585715127499,4
4835,3006,4.014191810567282,4
4835,3147,4.145446915024026,4
4836,3271,3.649749823612674,4
4836,3744,3.0,2
4837,259,3.0,3
4837,742,3.393900717453803,2
4837,1261,4.495523262421994,5
4837,3253,3.5833418428365835,4
4837,3424,3.6966844130825267,4
4840,367,3.9098338261394443,4
4840,608,3.96467570836931,2
4840,2490,3.743770412997881,4
4841,2076,4.405777539229281,4
4841,2355,3.7005439899297636,3
4841,3298,3.4661876617713467,3
4842,223,2.7684654594903395,4
4842,1219,4.8047810715810835,5
4843,1193,3.9946992976112377,4
4843,2732,5.0,5
4844,608,4.035887251177991,5
4845,471,3.86556658730756,5
4845,1066,4.0,4
4845,1193,4.206525651944122,4
4845,1493,3.0,5
4845,2000,4.055872906783229,2
4847,1617,4.539894536569257,4
4847,2599,3.8978644611282176,4
4849,2580,3.6478358935485127,3
4849,2688,3.1857160942691887,4
4849,3448,4.22483075916891,4
4850,1457,3.0,4
4850,2716,3.5520649331249343,5
4852,368,3.5884351255249554,3
4852,909,4.123250906359819,3
4852,919,4.207651968144556,5
4852,1085,3.0,4
4852,1204,4.375338018257029,5
4852,1231,4.182549762249886,4
4852,1248,4.165140437690091,4
4852,1276,4.291341957186962,5
4852,2313,4.117304709498745,5
4852,3769,3.51695395782973,3
4853,1233,4.100163012771812,5
4853,3267,4.166923117709362,4
4854,899,4.157860488322948,5
4854,912,4.020641330175892,5
4854,922,4.160365852470204,4
4854,1197,3.9187170438815335,5
4854,1208,3.9150858307817855,4
4854,2797,3.5017772234766036,4
4854,3604,3.7276621721731704,4
4855,300,3.628978650693892,4
4855,468,2.5140581800389605,3
4855,1580,3.2974677917331334,3
4855,1894,2.7537977368200837,2
4855,2699,3.099130351377232,3
4855,3114,3.1413383026785784,5
4855,3246,3.5063605926621633,4
4856,2186,4.003429498724728,5
4856,3742,4.0,5
4857,349,3.2100808313447438,4
4857,780,3.1583174410557815,3
4857,1580,3.243477222516369,5
4859,914,4.4441430806159135,5
4859,1393,4.251134518193198,3
4859,2572,4.4066296010270785,3
4861,3082,3.2183656507755845,4
4862,1210,3.619460010401699,4
4862,1374,3.4317135750080148,4
4862,1408,3.6216501132304098,3
4862,1653,3.782470885717739,3
4863,500,3.2049391553480002,5
4864,39,4.702029207000274,2
4865,39,3.608873696326035,3
4865,1250,3.4796810144566677,5
4865,1254,3.780483567796499,4
4865,1678,4.0,2
4866,1077,4.463541703998294,5
4866,1307,4.117884355508976,5
4866,1485,4.0441150715864005,5
4866,3450,4.055077052856893,3
4867,543,3.931168876742774,3
4867,592,3.9550370121546754,4
4867,610,3.8517685107704347,3
4867,761,2.0,2
4867,1391,3.8933658119825396,3
4867,1831,3.6459478398479943,1
4867,2111,3.38512290665473,4
4867,2147,3.0,2
4867,2378,3.4762308153763652,4
4867,2455,3.9924595371455354,4
4867,2640,3.886334654999437,4
4867,3527,3.9479083658549685,4
4867,3627,3.0,2
4867,3707,2.6713159689479036,3
4868,3354,3.9334845383676624,5
4869,260,3.459903457585794,5
4869,1097,3.4436525259482695,4
4869,1958,3.1460450190952547,3
4869,2011,3.2584765814974284,3
4869,2069,3.0,5
4869,2997,3.672399029806315,5
4869,3109,3.0,3
4869,3740,3.0656924042826477,3
4870,592,3.881623711648498,4
4870,2294,4.163033463711449,4
4870,3204,4.0,4
4873,2628,2.0,5
4875,363,3.0,4
4875,608,4.15418797716714,5
4875,1719,4.088169859479923,3
4875,3916,5.0,5
4876,923,3.9040921936829673,5
4876,3114,4.243952808028158,5
4877,239,3.655657958786286,2
4877,3186,3.0,4
4879,21,3.4646302892481717,4
4879,968,3.6835915553019096,4
4879,969,3.8724585661105486,5
4879,1207,3.858140352177354,4
4879,1237,4.240103216000411,4
4879,1590,2.4628332288078916,2
4879,1617,3.6189900637994508,5
4879,1676,3.2831544550972587,1
4879,2015,3.2877319227841544,3
4879,2021,3.068563062140174,3
4879,2145,3.306931494001607,4
4879,3196,4.286597848848331,4
4880,3668,3.0,4
4882,1096,3.8645960554903063,3
4882,1954,4.133090144209783,4
4882,2001,4.077642815273592,3
4882,2475,3.0,4
4882,2987,4.120675911127901,3
4882,3699,4.02480137154612,3
4884,6,3.9946564339007185,5
4884,266,4.064284285790402,3
4884,788,3.9056095020642885,3
4884,999,3.0,3
4884,1079,4.229083725636403,5
4884,1304,4.256771450915724,4
4884,1912,4.33839102148616,3
4884,2001,4.057104176810675,4
4884,2194,4.058693538989812,4
4884,2722,3.147137422489016,2
4884,3578,4.043855818875961,5
4884,3682,4.393676445451926,4
4887,34,3.908408853518965,4
4887,125,3.4376229704196697,5
4887,380,3.620333067638267,5
4887,1259,3.7653141765052722,3
4887,1278,3.8483972986564337,5
4887,2968,3.729960584085509,3
4887,3525,3.680870841005925,2
4887,3543,3.900152659481895,5
4888,594,4.36140656122386,5
4888,1028,4.436817335509757,4
4888,1097,4.33507638379462,3
4888,1219,4.445677057689261,5
4888,1240,4.277565081526611,3
4888,1254,4.612804678711198,5
4888,2028,4.431573611972577,3
4888,2054,3.956721375341608,4
4888,2819,4.6057993711310345,5
4888,3037,4.627732877359808,5
4889,21,4.321531299957084,5
4889,1079,4.455531223417633,4
4889,1080,4.548169843654939,5
4889,1240,4.428725633733229,5
4889,1247,4.522770973545231,4
4889,1304,4.605253699741286,4
4889,1673,4.408312157560011,5
4889,1923,4.3847174341061,5
4890,34,3.487582811171023,3
4890,351,3.440773813288344,2
4890,1285,3.429064607893081,5
4890,2005,2.804403825586683,1
4890,2797,3.2814209432279675,2
4892,260,3.404395440211254,4
4892,1544,3.1723284476419753,3
4892,2640,3.404488820523758,4
4892,3032,2.869023693704887,3
4893,316,3.941403887158571,5
4893,653,4.1790324245099,3
4895,342,3.9694420552735554,4
4895,3157,3.0,5
4897,1372,3.3691031812823584,3
4897,1378,3.6859611878043395,4
4897,1381,4.03583834867466,1
4897,1407,3.600936731058865,2
4897,3016,3.274453150903002,1
4898,1387,4.28757430983473,5
4898,2360,3.0,4
4898,2395,4.2445356936836625,4
4898,3252,4.217544033579786,4
4899,2997,3.731544930913248,5
4901,1204,4.14671786036685,4
4901,1218,3.0,4
4901,2118,3.7914957590586247,4
4901,2529,3.9116524429623016,4
4901,3448,3.8971343972729113,4
4902,1262,3.598827759101819,5
4902,2532,2.857262920549296,3
4903,306,4.0,5
4903,452,3.0,4
4904,173,4.540405755040936,4
4904,435,4.5927020820041875,4
4904,1221,4.6430710128781465,5
4904,1265,4.594905475993107,4
4904,2132,4.897363148106688,4
4904,2533,4.750543901185507,5
4904,2669,5.0,5
4905,1079,3.6559314245049803,3
4905,1252,3.5356515331333114,3
4905,2965,3.0,1
4906,161,3.8475028531468696,4
4906,296,3.999678561285537,4
4906,2324,4.107209011141021,5
4906,3256,3.6429160725227154,4
4906,3489,3.6963136127930993,3
4906,3735,4.350781911098693,4
4907,36,3.6855446673775685,4
4907,923,3.322653530218147,4
4907,3396,3.49543333264967,4
4907,3654,3.2081040184585206,4
4908,2,3.8706381595362815,4
4908,344,3.8226507589418626,3
4908,541,4.14855021037272,4
4908,588,4.170143982330958,5
4908,2124,3.972386474481337,4
4908,3421,4.351224352491391,5
4909,1097,3.81120300878911,5
4909,1962,3.7201595677299903,4
4909,3342,3.0,2
4911,852,2.5672793500962734,4
4911,3238,3.0,1
4912,3163,3.0,3
4913,593,3.716307175910787,3
4915,593,3.9733894316631586,4
4915,1097,3.7979573584851094,4
4915,1876,3.5088073823083623,3
4915,3175,3.8227017900674807,5
4916,231,1.8485291618283648,1
4916,380,1.8364977961408435,2
4916,586,1.627191968080082,1
4917,708,3.623310483398147,4
4917,1394,3.6105321913734696,5
4917,2011,3.311795530472858,2
4918,497,3.394595102145637,4
4918,1148,3.6977398790290303,5
4918,1732,3.602542174272146,4
4918,2012,3.4798722384615495,3
4918,2863,3.7221333658069273,3
4918,3421,3.670613387605494,5
4919,260,4.163132916491858,5
4919,296,4.1802140072705924,5
4919,1225,3.787994879970891,5
4921,427,3.0,4
4921,903,4.635088822541546,5
4921,3101,4.384770142227064,4
4921,3526,4.343930307499697,5
4922,32,3.8346078985826484,3
4922,1089,3.9367606918684874,4
4922,1210,3.690104730653141,3
4922,1500,3.8702642564812533,4
4922,1611,4.286702516501315,5
4922,2064,4.1339726737693345,5
4922,2683,3.9092893137954845,2
4923,1641,3.794674534626282,5
4925,910,4.853655127181531,5
4925,1288,4.810931081574962,5
4925,2937,3.0,5
4927,256,4.0,4
4927,480,4.053030387240577,4
4927,590,4.103869275998085,5
4927,836,4.0,4
4927,3114,3.702400340252278,4
4928,145,2.0,2
4928,194,3.0,1
4928,237,2.6872788700593144,2
4928,351,2.866331891576753,5
4928,449,3.0,5
4928,1409,2.6450170969144193,2
4928,2928,3.0,3
4928,3274,2.34876100996406,4
4930,48,4.158075053765879,3
4930,952,5.0,4
4930,1032,4.15844615339473,4
4930,1230,4.329018062532845,4
4930,1269,4.261919918753544,5
4930,1967,4.2911475288915435,4
4930,2088,4.158357014389076,4
4930,2366,4.351585963012869,4
4930,2394,4.2236170120049445,5
4931,2670,3.568759817647104,5
4932,110,4.257219230296674,5
4932,119,3.0,2
4932,150,4.240319050800468,4
4932,1396,4.2349653470385755,4
4932,1401,3.0,4
4932,1673,4.254960600289867,5
4932,1729,4.209508138950787,4
4932,2353,4.174341944312161,3
4932,2716,4.292241264532761,4
4932,2943,3.0,2
4932,3175,4.216419010250715,4
4932,3386,4.251136250389961,5
4932,3727,4.469908689306803,4
4933,237,1.3318753862228476,2
4933,1078,4.704936333829533,5
4933,2770,3.851172569689657,3
4933,3254,3.190329238132925,4
4933,3365,4.801291014490203,4
4934,300,3.384629073268473,4
4934,377,3.1828539471965964,3
4934,1030,3.0273990614240813,3
4934,1902,3.0,2
4934,2628,3.0509621330079533,3
4937,300,4.116166249291241,5
4937,1375,3.8702441618336207,3
4937,2291,4.045873256764814,5
4937,3298,4.338438034529258,4
4937,3598,3.0,5
4937,3723,3.0,4
4938,1544,2.315791559505363,3
4939,1259,3.967827080828126,4
4939,1500,3.9572893838474865,4
4939,1957,4.289335995884221,5
4939,3098,3.890049536527722,5
4940,355,2.9865409451746476,2
4940,932,3.0,4
4940,2779,4.020355507441493,2
4940,3086,3.0,5
4940,3398,3.589968353641447,3
4942,1036,3.7416625032110593,4
4942,2321,3.804186532025134,4
4942,3635,3.6349004025467266,3
4944,1253,5.0,5
4945,3363,4.059282057351344,3
4946,457,3.865289973942314,4
4946,905,4.014042448039666,4
4946,976,3.0,4
4946,1265,3.946607103894901,4
4946,2015,3.3457083786546926,4
4946,3334,3.9919904636344565,4
4947,235,4.429365376613088,4
4947,923,4.411692954700574,4
4948,842,1.0,1
4948,904,3.459583679123165,5
4948,1089,3.261751150746752,2
4948,1161,2.0,3
4948,1321,3.430065498360811,3
4948,1357,2.8313823431914793,1
4948,1372,2.7828748531999996,1
4948,1947,3.5554214666449067,3
4948,2018,3.2273458676590705,3
4948,2100,3.1314510925898142,5
4948,2321,2.996694469019403,3
4948,3626,3.0,3
4949,3148,4.877193035477181,4
4950,104,3.593139907420222,2
4950,317,3.5744322780462663,3
4950,444,3.0,3
4950,541,3.8716110939104773,5
4950,1073,3.9215437952470635,4
4950,1171,3.8292161151140007,4
4950,1380,3.97426795739138,4
4950,1517,3.7598686680915763,4
4950,1769,3.003871396121226,2
4950,1848,3.0,2
4950,2022,4.0,5
4950,2567,3.4281168122984167,4
4950,2640,3.8070941820126727,4
4951,216,3.0,2
4951,1036,3.774863261656008,2
4951,1231,3.7176678141394115,5
4951,2028,3.810601557014554,3
4951,2330,3.0,5
4951,2571,3.824464669155911,4
4951,3452,4.0,4
4952,1747,3.869149567848614,3
4953,780,3.8665271476728367,3
4953,1370,3.905535139880611,3
4953,2529,3.7927191373325493,3
4953,3504,4.256342940507024,3
4954,2977,3.0,2
4954,3723,3.0,5
4954,3741,4.5401755033759965,1
4956,1173,5.0,4
4956,1380,3.736231678797807,3
4956,1517,3.6924694677100787,4
4956,1610,3.8639549652837544,4
4956,2779,3.72480726739734,3
4956,3061,4.519579776663515,4
4956,3359,4.278172711464884,3
4957,486,3.0,3
4957,1252,4.1634763574648765,4
4957,1258,3.59626374702331,3
4957,1476,3.1991893662371895,3
4957,1488,3.004865670484628,3
4957,1569,3.279944919288853,3
4957,1676,3.367411808699098,3
4957,1968,3.5281053663559048,3
4957,1976,2.222737095406338,2
4957,1978,1.9941660266329337,2
4957,1984,2.0703392571355135,2
4957,2106,3.0,3
4957,2107,2.440779289977088,2
4957,2194,3.51987525764685,4
4957,2422,2.8057001105958803,3
4957,3258,3.0582323823128217,3
4957,3361,3.696343192379212,3
4957,3638,3.222657193042027,3
4958,1148,3.4784363284777604,5
4958,1206,3.398070760454712,3
4958,1277,3.0,1
4958,2137,3.767177434481439,5
4958,2791,3.651055560281612,5
4958,2997,3.5925399009817767,5
4959,61,3.0,2
4959,307,4.806338382455801,5
4959,553,4.317236366185383,3
4959,1299,4.340967261441457,5
4961,165,3.044228792171318,3
4961,1291,3.360016793879746,4
4961,1735,4.0,3
4961,3513,3.0,2
4961,3841,4.0,4
4962,431,3.5027749074272894,4
4962,508,3.9721289151979415,5
4962,1228,4.204325865761101,4
4962,1488,4.0,4
4962,2642,3.5974542881959937,2
4962,2943,3.0,4
4962,3308,3.565191024410664,4
4963,1183,3.7604878130219954,5
4963,2996,3.0,5
4963,3108,3.6757371546804922,5
4964,265,4.168540303086777,4
4964,2600,4.4856324259786415,4
4964,3503,3.0,4
4964,3521,4.515524236308476,4
4964,3524,3.249119651607788,3
4965,327,3.0620513882381277,1
4965,736,3.443620949486703,4
4965,1377,3.1192722139870965,2
4965,1544,3.4051706532405217,4
4965,2167,3.374458394161094,4
4965,2490,3.3663183643505197,4
4965,2701,3.5182612047033324,1
4965,3174,3.18535780124779,4
4965,3578,3.6870874655708863,4
4966,1954,3.9982710123084835,3
4966,3527,3.906854933516567,5
4967,95,3.6004356062955094,1
4967,780,3.9556087560260402,3
4967,3755,3.1577530865780084,3
4968,3658,3.0,4
4969,2858,4.0,5
4969,3176,1.6631228569946621,4
4971,858,4.266186996518758,5
4971,910,4.349457827116213,5
4972,441,3.64082025456418,3
4972,1128,3.3550131492274073,3
4972,1972,2.3490535322466117,2
4972,1987,2.910862934313747,3
4972,2053,3.275529373525583,3
4972,2393,3.601813473287853,4
4972,2613,3.913386092625962,3
4972,2614,3.0,2
4972,3698,3.4983789448780596,2
4973,1088,4.05756284843905,3
4973,1233,4.016965203791848,4
4973,1246,3.9490348117967526,3
4973,1247,4.003889382623507,4
4973,2863,3.7493550333303385,4
4973,2947,3.928037192302855,3
4973,3039,3.9023289858655636,3
4973,3526,3.8793478996158988,5
4975,457,3.87720380879979,4
4975,588,3.8176211786161542,4
4975,647,4.008564926774909,4
4975,1299,4.067883716114916,4
4975,1704,3.95362930412325,3
4975,2459,2.0,2
4975,2527,3.79901322141572,4
4976,2861,3.0,5
4976,3717,5.0,4
4977,435,2.835866377470088,1
4977,1081,2.941763317912255,2
4977,1573,3.287038611323473,1
4978,1580,3.86822552837258,3
4978,2664,3.9479270086399536,5
4979,674,3.0537670989874695,4
4979,924,3.984051257676602,3
4979,1173,4.0,2
4979,1214,3.2791724700382816,4
4979,1230,4.086308832957581,5
4979,1339,2.5890427701737346,2
4979,1517,3.602527696162493,5
4979,1602,3.0,1
4979,2193,3.503086936557567,3
4979,2324,3.950507569634057,5
4979,2365,1.8283360235682848,4
4979,2473,2.2561938049386923,2
4979,2646,1.339512052862636,1
4979,2926,3.8679720279581487,2
4979,2947,4.032832180651955,5
4979,3153,3.840805536773916,3
4979,3285,3.0,1
4979,3418,3.824064914283733,4
4979,3433,1.4844519676665566,1
4979,3770,3.5240374066510842,4
4979,3809,3.525150174906623,4
4979,3939,1.0,1
4980,50,3.7349902907168246,5
4980,597,3.523174190956424,3
4980,736,3.3977274300479725,2
4980,1060,3.4139183554438395,4
4980,2671,3.4696553884430466,4
4980,3039,3.645409852195019,4
4981,11,3.731393051192853,4
4981,294,3.0,3
4981,1208,4.354834548169295,5
4981,1597,3.7512667195132803,4
4981,3095,4.600218136381733,5
4981,3099,4.448627347058532,4
4981,3152,4.450200327941125,5
4981,3470,3.0,4
4981,3730,4.641738126825239,4
4982,1197,4.812687169520922,5
4982,1210,4.803010094463083,5
4983,541,4.1411923123404,3
4983,589,4.049941332627071,3
4983,1148,4.3297270338484966,5
4983,3483,3.0,4
4984,909,3.6834377227281787,3
4984,2168,3.0,3
4984,3148,3.3976421859780204,3
4985,880,3.6896546393699885,2
4985,1221,4.019271541321323,5
4985,2404,3.6674747930741165,3
4987,3265,4.0,4
4988,1198,3.0,4
4989,908,4.124231909414951,3
4992,260,3.9384994617541365,4
4993,1230,4.222171173895591,4
4993,2394,4.0,2
4994,1356,4.25947512939684,4
4994,1748,4.42403148487869,5
4994,1960,4.816713633791478,5
4995,242,3.0,3
4995,373,3.0,3
4995,1211,3.497509300317645,2
4995,1237,3.4634753334110493,3
4995,1307,3.680658579622624,4
4995,1704,3.430580940096164,3
4995,1883,3.407274683705224,5
4995,2439,3.9985885037432873,4
4995,2883,3.0,3
4995,2918,3.644808258057933,4
4997,216,3.709364616770269,5
4998,1274,4.0,5
4999,2555,3.0,1
4999,3185,3.0,4
5000,60,4.0,5
5000,508,4.200825355393256,5
5000,592,4.422689835501122,5
5000,1286,4.477028300328745,4
5000,1293,4.561767292873747,4
5000,1408,4.498031104352393,5
5000,1597,4.425242754918606,4
5000,1620,4.388713539251704,4
5000,1866,2.0,2
5000,1909,4.095321937169229,4
5000,2044,3.0,3
5000,2088,4.48363455354708,2
5000,2262,4.67756577625041,3
5000,2990,4.139766359250802,4
5000,3526,4.417383970164255,4
5001,2088,4.187627577090694,5
5001,3429,5.0,5
5002,150,3.6082598806118087,5
5002,296,3.6638942383581226,4
5002,380,3.443444477367862,2
5002,1242,3.6813457209781952,4
5002,3347,3.0,5
5002,3699,3.526800047854714,4
5005,16,3.6416044252661206,3
5005,357,3.7064555017302654,4
5005,529,3.698273001914182,4
5005,593,3.748347653081064,5
5005,1250,3.820353450973107,5
5005,1363,3.0,3
5005,1610,3.623728158627788,5
5005,2640,3.445852216940779,3
5005,2716,3.7081123305848336,4
5005,2997,3.7672320691685455,4
5005,3668,5.0,4
5006,1702,3.0,4
5008,522,3.0,4
5008,541,4.280504855840749,5
5008,924,4.3360965858651355,5
5008,1545,3.0,4
5008,1649,4.999999999999999,5
5009,2918,4.269009993818932,4
5011,21,4.016456822466738,3
5011,160,3.7825950837629567,4
5011,509,3.961457700837484,4
5011,534,3.0,4
5011,544,3.502162017998201,4
5011,996,3.852714751338453,4
5011,1077,3.9419307198156837,4
5011,1199,4.121630265822478,5
5011,1330,3.0,3
5011,1356,3.9733549033975017,5
5011,2683,4.056102707863548,4
5011,2985,3.9650149035625137,4
5011,2995,4.318312424451422,4
5011,3108,3.98690259056714,4
5011,3264,3.8516855406319834,4
5011,3448,3.946191399378655,5
5014,1097,3.4304715702722,3
5014,1247,3.872374519260491,3
5014,2288,3.0840502783065387,2
5014,2311,3.0820306491492815,3
5015,440,4.284459660700451,5
5015,595,4.231212562855073,5
5015,653,3.9262191524065604,4
5015,899,4.1945101963928515,5
5015,1042,4.459805183806116,5
5015,1206,4.172390779204286,5
5015,1721,4.297684394093377,5
5015,1917,4.051212986615355,4
5015,2028,4.257641578460582,5
5015,2286,3.0,3
5015,2384,4.179314605869739,3
5015,2599,4.324555751337833,4
5015,2919,4.254382942054101,4
5015,3263,4.2435116012031635,3
5015,3496,3.0,4
5015,3608,4.031963606259428,4
5015,3633,3.4792732116053036,3
5015,3684,4.288985812038103,4
5016,150,3.2963951337064072,4
5016,222,2.6604461639405104,4
5016,265,3.4249304590649827,5
5016,491,4.0,3
5016,2268,3.326340302325179,5
5017,1193,4.329366258547958,5
5018,110,4.132840784949749,3
5018,973,3.0,5
5018,1250,4.212864482467045,5
5018,2997,4.199091312285449,5
5018,3201,4.129805766324995,5
5018,3308,4.0,4
5018,3591,4.0301145480965985,3
5019,778,3.527561119430757,4
5019,922,3.9007948109664574,3
5019,1056,3.0,4
5019,1089,3.533335467282022,4
5019,2212,3.0,4
5020,3269,3.7524929975243806,3
5021,196,2.490151607246321,3
5021,1267,4.460274938979954,5
5021,1831,2.7361604701709084,1
5021,1882,2.551356047414385,1
5022,3791,2.0,4
5023,594,4.069814583819083,5
5023,1552,3.3005266120812546,1
5023,2762,3.62021854664996,5
5023,2950,5.0,1
5023,3606,4.287577941473604,3
5023,3714,3.0,1
5024,945,4.23480123076154,5
5024,1207,4.0,4
5025,441,4.18182099027735,4
5025,1172,4.478086573021778,4
5025,1394,4.308142998880701,5
5025,3735,4.389942693349418,3
5026,239,2.024187157606239,1
5026,315,2.291277852517145,2
5026,784,2.5675041757397423,1
5026,1099,5.0,5
5026,1445,1.0,1
5026,1584,3.2576446464206557,4
5026,1704,3.3817826512645697,3
5026,1717,2.730636542481364,3
5026,1806,3.0,3
5026,1883,3.164028758794392,1
5026,1954,3.5048100200134145,4
5026,2067,4.187360463093281,5
5026,2161,3.286673367442221,2
5026,2307,3.0,1
5026,2367,3.0992991138416484,3
5026,2379,2.180620079848723,2
5026,2380,2.1459515383434686,1
5026,2467,3.6559827833518788,4
5026,2530,3.507002955061357,4
5026,2533,3.623732923836887,4
5026,3527,3.316132652272285,4
5026,3768,3.0,2
5026,3770,3.418375274769123,3
5028,1028,3.3873614629566022,3
5029,349,4.08030998317577,5
5029,524,3.705324219005668,4
5029,543,3.8896110424482737,5
5029,1370,4.014151486165394,3
5029,1917,4.12692341142823,2
5030,1968,4.259008295397934,5
5030,3653,3.0,5
5031,105,3.0,3
5033,1264,3.0,4
5034,316,3.9451889729680865,3
5034,1203,5.0,5
5034,1544,3.9591140862452048,4
5034,3623,3.988871796835839,3
5035,316,3.9353215826715164,5
5035,1136,3.968505933838947,3
5035,2968,4.030581686273166,3
5035,2997,3.945767399568108,3
5036,2763,3.010759285921161,4
5036,2987,3.9202989135617434,4
5037,46,4.0,4
5037,1617,4.014177609890196,5
5037,2355,4.13228982312764,4
5038,1179,4.008101060940109,4
5038,2174,4.316727932396312,5
5038,2599,3.8917001283797528,5
5038,3571,3.0,4
5038,3615,3.0,1
5038,3624,3.281938294227905,3
5039,335,3.0,1
5039,861,1.0,1
5039,1597,1.9859511094788433,3
5039,1598,1.0,1
5039,1994,2.3859081681991112,2
5039,2346,3.499558561773542,3
5039,3118,3.0,2
5039,3659,3.0,3
5039,3686,2.4611782089588687,1
5039,3706,2.498364436573043,4
5039,3763,2.1040337982488935,1
5040,799,3.828255321268685,5
5040,2163,3.0,3
5040,2640,4.105023824665031,4
5041,2312,4.15385630436537,5
5041,2762,3.9686249737037493,5
5042,562,4.0644324991141865,4
5042,728,3.0,3
5042,904,3.6965138434539417,4
5042,1288,3.671942404145631,3
5042,1387,3.736467137476962,4
5042,1394,3.568310394708937,5
5042,2125,3.239631980909187,3
5042,2628,3.4605543382866757,1
5042,2699,3.4096310280832314,2
5042,2967,4.0,4
5042,3046,3.0,4
5042,3087,3.4343388677318183,4
5042,3259,3.2513803640380927,3
5044,1240,3.963981685272137,5
5044,2081,3.9673462799444223,4
5044,2791,3.94220331588632,4
5046,122,3.0,3
5046,356,3.7229923247372056,3
5046,390,3.0,4
5046,514,3.7492892340274713,4
5046,1676,3.5180979784081536,4
5046,1748,3.822402666105688,3
5046,1805,3.7605877897763484,5
5046,2174,3.9710466209681305,4
5046,2671,3.483165811138651,3
5046,2915,3.9112772601918406,5
5046,2973,4.258201446099101,2
5046,3298,4.012148570924444,4
5046,3614,3.9633542214392303,2
5046,3692,3.0,4
5046,3708,3.0124150395038845,4
5047,590,3.7492976895383876,4
5047,903,4.49273439580059,5
5047,1227,4.5368782493827045,4
5047,3113,2.60240421904312,1
5047,3701,3.2956856971731656,3
5048,1225,4.24564906194454,4
5048,2687,3.0,3
5048,2917,4.472567833980795,4
5048,3101,4.506324368238937,5
5049,457,4.060124727790135,4
5049,593,4.098385380673094,4
5049,1207,4.273801400909284,5
5049,1289,3.0,4
5049,3396,4.105983428671178,5
5049,3733,4.4873984549057235,4
5050,357,4.0877670032009865,5
5050,3285,3.0,3
5051,259,3.0,3
5053,150,4.176469056449195,4
5053,748,3.7416881447685384,5
5053,880,3.79308773348845,4
5053,1748,4.038669179584101,4
5053,2641,3.9764765560266544,4
5053,3114,4.337927213946837,5
5054,1,3.477231938521282,5
5054,260,3.4944711593413826,5
5054,342,3.3541824806142584,3
5054,348,3.3705067805951576,4
5054,385,3.0,3
5054,858,3.5904075458041054,4
5054,1254,3.9407585868125596,4
5054,1288,3.493860319605745,5
5054,1299,3.806053958269888,4
5054,1407,3.4038635734853377,4
5054,1694,3.3342675430107542,2
5054,1704,3.3893901195866514,3
5054,1794,3.0,3
5054,1797,3.0,3
5054,1873,2.0,2
5054,1951,4.144356792436602,3
5054,1957,3.801645147415397,2
5054,2003,3.4142934195253214,4
5054,2064,3.5295125949835726,3
5054,2294,3.3781120002538825,3
5054,2406,3.477050614344642,4
5054,2599,3.4309314240746462,4
5054,2622,3.0,3
5054,2770,3.255177875460167,3
5054,2819,4.111632678653143,4
5054,2851,4.0,2
5054,3100,3.474560189746876,3
5054,3494,3.6134912779116086,5
5055,899,4.361220463445334,3
5056,160,4.088230250865614,4
5056,339,4.406668711309654,5
5056,1196,4.403237297802482,5
5056,1848,3.0,5
5056,2336,4.842664805442366,5
5056,3263,4.497757325510868,4
5057,318,3.7338835698673756,4
5059,858,4.153093669402491,4
5061,720,4.155057027956496,5
5061,780,3.8006161733028048,3
5061,1391,3.47466866818749,4
5061,1614,3.3752077960271283,5
5061,2174,3.8141845586267205,4
5061,2581,3.223660878429496,4
5061,3247,3.5829824214367783,3
5062,3144,3.0,2
5065,1029,3.8926721701650218,3
5065,1079,3.836252427270852,4
5065,1097,3.7065853478779736,5
5065,1233,3.982615560446037,5
5065,1376,3.607968400719884,5
5065,2890,3.9242197494457614,5
5066,2012,4.599394513732466,3
5066,3004,3.0,4
5070,18,3.0,3
5070,527,3.7229195824374877,5
5070,590,3.545682375892226,5
5070,592,3.463688910164583,4
5070,1090,3.66963229352387,4
5070,1298,3.6904920109401798,3
5070,2109,3.61698103242833,4
5070,2273,2.995172520494801,4
5070,2527,3.492846121642467,4
5070,2575,3.0,4
5070,2734,3.0,3
5070,3006,4.0712010024091105,4
5070,3060,4.200430061677513,3
5070,3072,4.113979745605,5
5070,3566,3.0,4
5071,3712,3.0,4
5072,2091,3.0,5
5072,2406,4.448925678572373,5
5072,2531,3.1252079879170895,2
5073,2968,4.222709795550571,5
5074,1,3.673380403033891,4
5074,247,3.93099067874239,4
5074,373,3.5204799697321705,4
5074,475,3.894883626027813,4
5074,490,3.0,3
5074,926,3.800170607814384,4
5074,1093,3.997513015819695,3
5074,1358,3.794331568719169,5
5074,1393,3.6220897975257937,5
5074,1541,4.470624406825783,2
5074,1617,3.6117658653809706,5
5074,1676,3.4422104275789756,1
5074,1876,3.3365544089886336,4
5074,1904,5.0,4
5074,1957,3.9253206234560425,4
5074,1966,4.504712225933115,5
5074,2102,4.0,3
5074,2749,3.0,3
5074,2959,3.7860391227757053,5
5074,2970,3.0,2
5074,3426,3.0,4
5074,3615,3.0,3
5075,2657,4.0899548713282226,4
5075,2901,4.341735310838269,5
5076,2023,3.5283771878803485,2
5076,2599,3.6754686987702843,3
5076,3052,3.636600864523776,3
5077,318,3.654547682082519,4
5077,319,3.9808472977434293,4
5077,527,3.6821002900215913,4
5077,1208,3.925463145411194,5
5077,1350,4.0604959587830844,1
5077,1517,3.4257832245470867,4
5077,1963,3.9900564718080886,5
5077,2288,3.9231528151891717,5
5077,2712,3.4125903567978653,5
5077,2908,3.332958874424185,3
5077,3224,3.0,5
5077,3384,3.0,4
5077,3551,4.442294379819503,5
5078,1196,3.9354281204844885,5
5079,593,3.741409107776229,4
5079,1259,3.7479363425874674,3
5079,1617,3.3141912536158062,5
5080,2145,4.258428479755553,3
5081,2490,3.5342755198700626,2
5081,3114,3.607633309838111,5
5081,3178,3.67603982194742,4
5081,3301,4.203511317135424,4
5082,150,3.1534249842314117,3
5082,529,3.1329771907783206,3
5082,1095,3.4347300757611046,5
5082,1202,3.0,5
5082,1594,3.133678493738575,4
5082,1946,5.0,4
5082,2355,3.443581360810802,3
5082,2927,3.0,4
5083,10,3.7618791110265226,3
5083,185,3.648231988177679,2
5083,296,4.039629079202781,5
5083,356,3.973733698843983,5
5083,435,3.3222697800975345,1
5083,1208,4.121208404031601,5
5083,1673,4.008460439845778,4
5083,1678,3.9752897323988265,2
5083,2269,4.24054215630722,4
5083,2302,3.973801845518031,3
5083,3249,3.9092514542452284,4
5084,48,1.9183756825921148,2
5084,532,4.0,3
5084,585,3.075553476801827,1
5084,592,2.702944179211222,1
5084,1060,3.280258572517726,5
5084,1073,2.670481905417459,3
5084,1917,2.833735050525071,4
5084,3268,1.6662856430330752,4
5085,34,4.361329461677037,5
5085,235,4.259956606626223,3
5085,608,4.515174149687564,4
5085,1234,4.5608324962296365,5
5085,1245,4.373394772703654,5
5085,1271,5.0,5
5085,1307,4.354596003940787,5
5086,1193,4.091007060680241,4
5086,1291,4.0385014748523735,4
5086,2501,3.9964033462228614,3
5087,597,3.6679672219980763,4
5087,1552,3.5217040711963725,4
5087,1644,4.0556001397362325,2
5087,1801,3.5178492712315736,3
5087,2147,3.0,2
5087,3179,3.0,3
5087,3608,3.317949913049266,1
5087,3827,3.5146535744263887,4
5090,50,4.3540319888783,3
5090,162,4.1428254920765974,5
5090,495,3.0,5
5090,1130,4.838986344640025,3
5090,1294,4.365921008688401,5
5090,1955,4.257332695299522,4
5090,1956,4.257201516022225,5
5090,2067,4.238673860680723,4
5090,2145,4.250206202589432,4
5090,2287,3.330560669513163,5
5090,2469,4.159502079420674,4
5090,2716,4.302391774852743,5
5090,2791,4.378844365218119,5
5090,2916,4.294263977048157,5
5090,3555,4.541102391248849,5
5091,1300,5.0,5
5091,1343,4.126768206752714,4
5091,1377,3.6043405013111838,3
5091,2396,4.241406152940323,5
5091,2467,4.488346704746711,5
5092,914,5.0,4
5095,922,4.67835105676941,5
5095,2239,3.0,5
5096,334,3.0,5
5096,648,3.7067475331868502,4
5096,946,3.0,3
5096,1186,4.264358894608629,3
5096,1234,4.320110603101945,5
5096,1694,4.495357564222993,4
5096,2413,2.694844499347677,1
5096,2474,3.7588086719797316,3
5096,2763,3.630046496240346,4
5096,3424,4.345011526856885,3
5097,3384,3.0,4
5097,3911,4.475525440410735,3
5098,1214,3.181455020578502,4
5098,1371,3.262971828861038,2
5098,2977,3.0,3
5098,3451,3.6529853889279242,4
5098,3789,3.0,2
5099,466,3.7340596734383062,3
5099,934,3.0,4
5099,1762,4.271058195302885,4
5099,2002,3.7847939635300816,3
5099,2273,3.5802997985500733,4
5099,3253,3.844669104065931,5
5100,422,3.0,4
5100,508,4.51853902923089,5
5100,851,3.0,4
5100,986,3.0,4
5100,1097,4.450602981328808,5
5100,1104,4.96825711555908,5
5100,1189,4.0,5
5100,1213,4.597868472226042,5
5100,1393,4.33967776396342,4
5100,1542,3.0,5
5100,1608,4.163159040144627,4
5100,2349,4.581575601781722,4
5100,2352,4.230791474804557,5
5100,2396,4.529263115483048,5
5100,2725,3.0,4
5100,2797,3.9939683992094084,5
5100,2801,3.0,4
5100,2961,3.0,4
5100,2973,4.709400245421521,4
5100,3251,5.0,4
5100,3397,4.082962478541518,4
5101,3703,2.9251204301117895,2
5101,3740,3.038151381786821,3
5102,1210,4.624441076593732,4
5102,2194,4.598823914597476,5
5102,2474,4.819878860203476,4
5102,3441,4.658040441328502,5
5103,541,4.406773341853908,5
5103,1301,4.214367033573786,4
5103,1371,4.421531354131801,4
5103,1892,4.560209906688274,5
5103,2009,4.2069035155091425,5
5103,2571,4.4985397567642975,5
5104,1196,4.615263877350532,5
5104,1210,4.6294501777968975,3
5104,1387,4.536653944028344,5
5104,2571,4.686702457732654,5
5104,2912,4.654844594374045,5
5104,3309,3.0,5
5106,317,4.055001137641091,3
5106,457,4.079242481337776,5
5106,586,4.002160765957723,5
5106,2355,4.102800839795509,5
5107,288,2.8557214248826015,3
5107,589,3.030509552011025,4
5107,597,2.9553871429336365,2
5107,924,3.337768039359806,5
5107,1082,3.6524266355532484,3
5107,1097,3.2248840706411643,4
5107,1179,3.6447164196061683,2
5107,1214,3.2099590350947818,4
5107,1380,3.048458838527152,3
5107,1408,2.9574336243205406,2
5107,1411,4.0099736555173076,5
5107,1597,2.6694012065087986,3
5107,1831,2.485124072521364,1
5107,1885,3.7555852627177315,4
5107,1911,1.955706335452872,3
5107,2366,3.237765046502604,2
5107,2729,3.6690017943660447,2
5107,3088,3.4188284454614335,3
5107,3252,3.5316938855571793,1
5107,3350,3.0,4
5108,597,3.277517495881344,3
5108,1097,3.4546838089069642,3
5108,1135,2.84780947048261,2
5108,1202,3.0,3
5108,1663,3.1900643802434816,2
5108,1909,3.4452005261421226,3
5108,1946,3.341094895996537,3
5108,2290,3.0,3
5108,2470,3.2024310131399427,3
5108,2478,3.011624195975124,1
5108,2829,3.0,5
5108,3091,3.0,5
5108,3105,3.4470366917040307,3
5108,3684,3.221751608965385,3
5108,3751,3.7501950196452096,3
5109,1292,3.729486097234665,3
5109,1953,3.7595786821214485,5
5109,2137,3.348587446484449,4
5109,2640,3.8378743202796444,4
5109,3247,3.5695352927881623,4
5110,3147,5.0,5
5111,147,3.0,3
5111,230,3.980623581922335,4
5111,253,3.706698600025377,2
5111,371,3.0,3
5111,523,3.0,3
5111,635,3.0,4
5111,904,3.5862199392784073,5
5111,1013,4.0,4
5111,1031,3.9108538790526546,4
5111,1131,5.0,5
5111,1161,3.0,4
5111,1235,3.9013721240128194,3
5111,1270,3.7963824097891434,5
5111,1272,4.030114647091601,5
5111,1321,3.7616769705003863,4
5111,1573,3.705366984349601,2
5111,1735,1.0,4
5111,2020,3.924039221739012,3
5111,2078,3.8450403991590765,5
5111,2098,4.374909379523068,4
5111,2282,4.492709951379702,5
5111,2320,3.0,2
5111,3253,3.7708210780428617,5
5111,3402,3.0,2
5111,3426,3.0,3
5111,3489,3.6913305790409576,2
5111,3500,3.0,5
5111,3788,4.737526719008536,5
5112,1876,2.766404004368223,3
5112,2428,2.573185436213673,3
5112,2527,2.989031362370288,4
5112,2900,2.0,1
5112,3251,3.0,2
5113,6,2.4070503199822744,4
5113,497,2.335620316488975,2
5113,930,3.9646154958003073,4
5113,1090,2.6595423988863187,4
5113,1197,2.5441732954249594,4
5113,1224,3.736092466189884,2
5113,1277,4.0,5
5113,1380,2.280234725598319,4
5113,1733,3.0,2
5113,1839,3.0,1
5113,1914,3.0,3
5113,2728,3.0494353202966016,4
5113,3068,3.2007898573746614,3
5113,3082,1.6606132986561928,2
5113,3499,2.405903691629776,2
5113,3654,2.923163509212681,2
5114,899,4.140036043218627,5
5114,2123,4.151829102294187,1
5114,2125,3.153306077035542,5
5114,2496,2.7798523400095347,4
5120,1093,4.438135354577257,3
5120,1899,3.0,4
5121,122,3.0,3
5121,315,2.7849093301117684,2
5121,780,3.4790223976451586,4
5121,1610,3.5308196262604623,4
5121,3263,3.6659018419299576,3
5122,3078,3.0,5
5124,1144,3.0,3
5124,1797,3.0,3
5124,2020,3.7130129691792018,3
5124,2355,3.6480266829421577,5
5124,3252,3.363204372983598,3
5125,3435,4.405176882280033,5
5126,1639,4.344198159494329,5
5126,2321,4.175356709669606,4
5127,1527,3.36702670688199,4
5127,2571,3.466896118634923,4
5129,377,3.999011857611696,4
5129,1396,3.954119437605939,3
5131,105,4.0,3
5131,1356,3.369508657183653,3
5131,1754,3.0457977738028337,3
5131,2355,3.8009205162000086,3
5131,3479,3.8063179158061766,5
5132,3730,4.604338514851713,5
5133,2996,3.0,1
5133,3125,3.0,4
5133,3176,3.731740862199323,5
5133,3534,2.9521145695814988,1
5134,858,3.7571293276394426,5
5134,1276,3.664249518224788,5
5134,2640,3.51192500062724,3
5135,364,4.244301160187397,3
5135,3478,3.644632463091431,4
5136,48,4.056505532634813,3
5136,1290,4.681427279428793,4
5136,1459,3.862223492490599,1
5136,2231,4.010548178186909,4
5136,3060,3.883353000217727,4
5136,3259,3.8173361678984925,5
5138,1,3.4038187996898537,4
5138,587,3.3973087317911026,2
5138,1197,3.4023476188278834,5
5138,1396,3.3986923074398265,3
5138,3101,3.088660441086085,2
5138,3114,3.423974312085623,4
5138,3256,3.425601565715754,4
5140,11,3.488289675377629,4
5140,450,2.989259818670182,3
5140,923,3.8222369883339957,2
5140,1295,3.784309051983564,4
5140,1297,3.5239840475836233,4
5140,2011,3.5868505403952007,4
5140,2796,2.814427693184486,3
5140,3527,3.6085931115512775,3
5140,3608,3.3976837464725755,2
5141,1206,4.642702728193662,5
5142,303,3.848224942563117,5
5142,329,3.7375316502028837,3
5142,1240,3.835577597311012,4
5142,1371,3.845017407584371,4
5142,1375,3.826188940893918,3
5142,3298,3.0,5
5142,3299,3.0,3
5142,3717,3.0,1
5143,364,4.264438740876067,5
5144,1704,3.9795348618836406,3
5144,3324,3.0,1
5145,2152,3.0,4
5146,2762,2.9847839454669005,3
5148,58,4.4049065174134885,5
5148,1089,4.260687377880563,5
5148,1411,4.487627638625943,5
5148,1699,3.0,5
5151,1345,2.817641619397675,3
5151,1994,3.0514065120183047,3
5151,2113,1.5187884532133087,1
5151,2996,3.0,2
5151,3054,3.0,3
5153,34,3.537939745790333,4
5153,64,3.0,2
5153,370,3.0575215763759584,2
5153,1097,3.5935253859286975,5
5153,1396,3.5414599691350768,4
5153,1639,3.627423615738223,4
5153,1673,3.636496697457842,3
5153,1888,2.961781227565631,3
5153,2050,1.857884016892007,1
5153,2170,3.0,4
5153,2405,3.193121439472041,3
5153,2407,3.3407610412832347,3
5153,2411,3.0011690500234445,1
5153,2926,3.5876582808422786,2
5153,3330,3.0,4
5153,3421,3.712729662577497,4
5153,3688,3.195087829844057,3
5153,3773,3.0,2
5155,480,2.9906412499926804,3
5156,371,3.0,4
5156,1095,4.523720447639045,5
5156,1210,4.37132736030483,4
5156,1270,4.359047077122506,5
5156,1921,4.0152879175877025,3
5156,2406,4.353259764424562,4
5157,2020,4.062305011551213,5
5158,902,4.339586949322757,4
5158,1035,4.424268970544937,4
5158,1704,4.35324501464923,5
5158,2433,4.10587312529239,4
5160,1080,4.418753645060814,5
5161,358,3.0,3
5161,1544,2.8677701438427663,1
5161,2167,2.883779235469643,3
5161,2580,4.038545058444879,4
5162,480,3.625304534602877,2
5162,1258,3.4357953737921196,5
5163,48,3.793570596061051,4
5163,289,3.114264237806408,2
5163,370,3.4040024253364107,3
5163,589,4.043949433198197,5
5163,1206,4.048337920832722,4
5163,1760,3.0,3
5163,2396,4.005975220595872,4
5163,2780,3.0,4
5164,902,4.553906885110952,4
5164,1411,5.0,4
5164,2067,4.722209183665793,5
5165,262,3.0,4
5165,2612,3.0,5
5166,1214,2.895635025587223,4
5166,2660,4.0,4
5166,3307,5.0,5
5167,924,4.367665690707601,5
5167,1258,4.017658640707689,4
5167,1345,3.619406788981113,5
5167,1376,3.7936052604690023,5
5167,1921,4.273002927874701,5
5167,2009,3.7468544723029824,5
5167,2641,4.255471433494834,3
5167,2662,4.268046229814176,5
5169,780,3.8470572104172605,2
5169,1127,3.566387096977369,3
5169,1233,4.07013124310967,5
5169,1500,3.860509751079571,4
5169,2100,3.797409689343033,3
5169,2126,3.8207059615505465,2
5169,2912,3.7992313365286075,5
5170,125,4.683268440300361,4
5170,1089,4.4285743935061435,3
5170,1136,4.392667020278835,5
5170,1682,4.3741431054210285,5
5171,736,3.9059273503030085,4
5171,1587,3.911560100660883,4
5172,47,3.603088101111492,2
5172,60,4.0,3
5172,208,3.2184324312923795,3
5172,728,3.0,3
5172,866,3.858950881146707,4
5172,1210,3.5589232623176716,3
5172,1614,3.2468773275640643,4
5172,1729,3.6781379549318656,3
5172,2174,3.1427354738217357,4
5172,2690,5.0,3
5172,3728,5.0,5
5173,3593,3.0,2
5176,1,3.6373932002529727,3
5178,1135,3.7484294712794366,3
5178,1292,4.2555947997878425,3
5178,1405,3.5744725775479993,3
5178,1911,3.5254731614978696,3
5178,3037,4.38931661709496,5
5178,3088,4.543222285846718,5
5179,1408,3.420712868977148,3
5179,2023,3.419222293047366,4
5180,1,4.450213111913706,5
5180,1089,4.516023806931153,3
5180,1294,4.311891434283595,5
5180,1950,4.452416206786794,5
5181,2734,5.0,5
5182,653,4.1794225375237195,5
5182,1214,4.003841216760963,4
5182,1732,4.1041412999282105,4
5182,2792,3.7256737754169,5
5182,3206,3.0,3
5182,3671,4.220941895007941,4
5183,1339,3.670155396576065,3
5183,1747,3.9989533636602865,5
5184,358,3.0,5
5184,373,3.0,5
5184,1089,4.567606769257132,5
5184,1682,4.391900187890586,5
5184,2353,4.155538645821825,4
5184,2395,4.564798584114756,5
5184,2841,4.673105143518095,4
5184,3328,5.0,5
5184,3354,3.4435585758305005,1
5184,3408,4.311972396961326,5
5184,3765,3.0,2
5185,1019,3.510492933980805,3
5185,1405,2.7804098944233306,3
5185,2016,3.0,4
5185,2520,3.0,3
5185,3146,3.0,2
5185,3251,3.539983681890698,5
5185,3705,3.157928552803532,3
5186,1127,3.7945080427549027,2
5187,2549,3.0,2
5187,2699,3.366642929921574,1
5187,2997,4.078924872459318,5
5187,3633,4.210369446544141,4
5188,455,3.0,4
5188,3421,4.1589559330017725,3
5189,2454,3.159327733381345,4
5191,1617,3.7885620948398078,4
5193,920,3.898829872184679,3
5193,1196,3.8505364969745832,4
5193,1203,3.0,5
5193,2028,3.832068547040725,5
5193,2918,3.6709776129644163,5
5193,3285,3.0,1
5193,3730,4.114698316441969,4
5195,955,4.553631487453398,4
5196,357,3.2837990200334537,4
5197,3487,3.260058734200482,4
5198,125,3.4919202474648157,4
5198,141,3.0113883709785227,2
5198,361,3.0,2
5198,364,3.068202387181036,3
5198,627,3.0,3
5198,766,3.0,3
5198,1916,4.0,4
5198,2076,3.3640090313824347,4
5198,2324,3.5233936166170046,5
5198,2599,3.532138302739072,5
5198,3108,3.2823953186610133,3
5201,1230,3.69562730301924,4
5201,1965,3.9846908147733906,2
5202,260,3.815233185402456,4
5203,1617,5.0,5
5205,532,3.9860719908936697,5
5205,1210,3.6974904836830995,4
5205,1617,3.5085900600988498,5
5205,2278,3.798944484345864,2
5205,2384,2.8593915357385353,2
5205,3555,4.1222642008827455,4
5205,3623,3.935023427787725,4
5205,3821,4.0,4
5205,3851,3.0,5
5206,3578,3.800212513661197,5
5208,47,4.715834042747522,5
5208,349,4.609863991104157,5
5208,480,4.537100961643202,5
5208,2710,3.9886104993503575,4
5209,1645,3.9882889523562772,4
5209,2949,4.334286778855319,3
5209,3360,3.9302972440949833,3
5210,3702,3.8457179029198145,4
5211,1296,4.0,4
5211,2527,3.642739501203051,3
5211,2918,3.8236631606382545,5
5211,3693,2.0,2
5212,162,4.847076294506027,5
5212,3010,3.0,4
5213,3175,3.6868666418401923,2
5214,3268,3.0,2
5217,1610,3.597149653718414,4
5217,2718,3.0,3
5217,3553,3.0,2
5219,858,4.309766247597643,4
5219,1127,4.055744764410652,5
5220,238,3.0,4
5220,1077,3.9257834810988905,5
5220,1222,3.74530504011187,3
5220,1439,3.0,2
5220,1486,3.0,2
5220,1861,3.0,3
5220,1965,3.9650346580033418,4
5220,2034,3.3856453366756805,2
5220,2110,3.4868030055283548,3
5220,2347,3.0,3
5220,2406,3.5525010740042395,4
5220,2707,3.7029645931457287,3
5220,2770,3.675488054271371,3
5220,3501,3.381400625990674,3
5220,3552,3.592274324046442,4
5222,911,3.6386872573815108,2
5222,919,3.4571394079216313,3
5222,1029,3.114826957901392,3
5222,1198,3.2377616245728627,4
5222,1291,3.3251044950272703,4
5222,1387,3.414741612833244,3
5222,1702,2.4939883812884,2
5222,2151,3.0,1
5222,2628,3.2590920919043462,3
5222,2709,2.0,1
5222,2989,3.101113894829122,2
5222,3552,3.4128949622106455,4
5223,2918,3.3095394056070107,4
5223,3473,3.0,4
5223,3702,3.2697964418042305,4
5224,2013,3.5107014070560925,2
5224,3615,3.0,4
5225,1097,3.6834630195620175,3
5225,1552,3.420247124261455,3
5225,2012,3.4994317823827767,2
5225,2840,4.003810655157429,4
5225,3698,3.5125418282545273,4
5226,1200,3.856240399784635,3
5227,485,3.571636841158239,3
5227,1882,3.5701019457118397,2
5227,3265,3.0,5
5228,223,4.0,4
5229,785,4.58500118548762,5
5229,2723,4.774575122658858,4
5230,110,3.7319652582032403,5
5230,357,3.720222634571484,4
5230,916,4.518204817236585,5
5230,973,3.0,5
5230,1029,3.418752183624329,3
5230,1282,3.6818164811551943,3
5230,3698,3.7845865056710086,4
5232,316,3.3201703243608054,4
5232,1373,3.161483689822332,1
5232,2116,3.4612478664513606,4
5232,2762,3.596688809188141,5
5233,595,4.228038154711361,3
5233,670,5.0,4
5234,123,3.0,5
5234,2502,3.372151729129382,4
5235,356,4.367726926959633,4
5235,1080,4.522390015542632,3
5236,589,3.790819428417553,4
5236,1357,3.861460839681044,3
5237,2470,3.395031545851313,4
5239,910,4.043288409217861,5
5239,1095,4.039471791662555,4
5239,1127,4.106312959159902,4
5239,1220,3.852253553516328,4
5239,1346,2.6369679865095343,3
5239,1394,4.100480512136529,4
5239,1777,3.7918780608654887,3
5239,1961,3.935402743519062,5
5239,2243,3.996849317948208,4
5239,2442,3.0,4
5241,316,3.574242022173069,2
5241,2858,3.956361661957258,1
5241,2919,4.818724473662642,1
5241,3534,5.0,4
5242,29,3.766507367674204,5
5242,367,3.0816330585445444,1
5242,1248,4.0,4
5245,1624,3.0,3
5246,356,4.2139338951145,5
5246,1213,4.343950568982681,3
5247,1093,4.269107129493602,5
5248,1197,3.690890456575556,4
5248,1911,4.0,2
5248,2885,3.0,4
5249,161,3.460881593673901,5
5249,163,3.387462557743056,3
5249,292,3.4119563855026303,4
5249,293,3.441263676046657,3
5249,1270,3.396020928331102,2
5249,1479,3.4412683694364854,5
5249,2006,3.5059904630393217,5
5249,2112,3.6059359817167254,4
5249,2334,3.3636888472672686,3
5250,272,3.39642841045924,5
5250,736,3.422856122034393,2
5250,1702,1.678654749468334,1
5250,1784,3.7407764914433788,2
5250,2683,4.149291378568605,3
5251,457,3.607820578555102,3
5251,2137,3.7051217340982294,4
5251,2291,3.603239553728768,4
5251,2359,3.7085865459833816,4
5252,953,4.492360457243827,5
5252,2959,4.524567438788388,2
5252,3089,4.333438804352742,5
5253,60,3.0,3
5253,931,5.0,4
5253,2087,3.8590039999651586,4
5253,3386,3.8068614318455474,3
5254,2278,3.8310466403108805,3
5254,3107,3.839294738733936,5
5255,908,4.723095140906427,5
5255,1219,4.699833974560255,5
5256,3,3.3612056490202735,3
5256,7,3.558120742709266,4
5256,236,3.4724486429902828,3
5256,457,3.7791580088831447,5
5256,543,3.6397715793592664,2
5256,902,4.039403363841134,5
5256,1029,3.721232098885589,3
5256,1036,3.779342328670054,5
5256,1095,3.7110144117031427,3
5256,1238,4.013197791450981,4
5256,1515,3.134822989422945,2
5256,1552,3.6180645300967504,4
5256,1826,3.0,2
5256,1831,3.5124641007571253,2
5256,2734,2.985998942278801,2
5256,2735,3.1746092164755173,2
5256,3033,3.2788571262187465,2
5256,3230,3.0,3
5256,3395,2.0,2
5256,3428,3.0,4
5256,3448,3.706676814380697,4
5256,3466,3.0,4
5256,3502,3.0,2
5256,3584,3.0,3
5256,3927,3.3838697781834544,3
5257,926,4.782996165292216,5
5257,927,3.0,5
5257,945,4.648374569197316,4
5257,947,4.293828801403243,5
5257,1080,4.126695489227061,5
5259,923,4.691845190240357,5
5260,590,3.6835604689828245,2
5260,891,1.0,1
5260,1225,3.5229619361381066,4
5260,2065,4.068899042286803,2
5260,2951,3.9283492122960095,3
5260,3095,4.131190396443572,4
5260,3424,3.8765157162540875,4
5261,1610,3.2304197040089195,3
5261,3256,2.642252332929871,3
5262,2605,3.3096842314083212,2
5262,3489,3.1912643165878287,3
5262,3605,3.704356384805201,3
5263,3384,3.0,4
5263,3675,3.5142105543622333,5
5263,3694,3.0,2
5264,851,3.0,4
5264,2291,3.9811896775694176,3
5264,2707,4.523887055593669,3
5265,904,3.719638757402506,5
5265,1224,5.0,4
5265,1387,3.8576770543408423,3
5265,2131,3.0,4
5265,2289,3.9211372966280296,4
5265,2481,3.0,4
5265,2712,3.8424836187396583,4
5265,2925,3.0,4
5265,3129,3.0,2
5266,1678,3.0,5
5266,1805,4.16897127987101,3
5267,2340,3.0,3
5268,316,3.3032350686487737,3
5268,783,3.4842896521394944,3
5268,788,3.0781252337405265,4
5268,1222,3.7791925304379466,3
5268,1821,2.655146662300815,3
5268,1958,3.9541596414510964,5
5268,2020,3.9814609940506798,5
5268,2072,3.3094560583163517,3
5268,2613,4.142381030906933,5
5268,3070,3.64086990132207,3
5268,3107,3.3703404863511883,3
5268,3698,3.3392707659797556,2
5269,1057,4.0,4
5269,1347,2.681221915512968,2
5269,1711,3.3084068386116057,4
5269,1894,2.171476886486216,1
5269,1953,3.8396697117109375,4
5269,2657,3.6692769505196114,2
5269,3248,1.0,1
5270,2394,5.0,5
5271,32,3.7167488839609106,4
5271,299,3.0,4
5271,337,3.717084522766348,4
5271,592,3.626263887283351,4
5271,595,3.6153796449778066,3
5271,1094,3.8960864151032335,4
5271,1103,4.320539019143972,5
5271,1225,4.175385146254964,5
5271,1854,3.0,1
5271,2630,3.0,3
5271,2791,4.072942572256634,4
5271,2890,3.7431225030569997,4
5271,3081,3.739732305417385,4
5271,3083,3.0,5
5271,3471,3.819125785635017,3
5272,3396,3.1337053827258616,3
5273,2726,4.366940110611237,5
5273,2779,3.811951071680858,5
5274,2263,3.0,5
5275,685,3.0,5
5275,802,4.475757551984056,4
5276,1280,3.0,4
5276,2248,3.524472807379495,3
5276,2692,3.523668642541354,4
5277,357,3.612327763913399,3
5277,1960,3.696719921498816,4
5277,2826,2.6308574014077677,1
5277,2857,3.8071908956801415,2
5278,736,3.7624784162516423,2
5278,788,3.4032164154808235,2
5278,920,4.545208467125092,5
5278,924,4.205598577210353,5
5279,509,3.8849518973952817,4
5279,1265,3.894671812525027,3
5281,1784,4.140128719566398,4
5281,2412,2.8746230076905475,2
5281,2470,3.979045562492985,4
5281,2990,3.7063451166947043,4
5281,3247,3.8638451546124637,3
5281,3638,4.036732972592955,4
5281,3681,4.123801953414691,4
5281,3704,4.061884606398902,3
5282,1270,3.6551080252295685,4
5282,2716,3.3895390178865195,4
5283,709,3.9421425341980636,2
5283,1580,3.7375875034332733,3
5283,2916,3.7086188326724905,4
5284,318,4.220169561318382,5
5284,541,3.6731049636468867,4
5284,720,3.0,4
5284,920,4.285644091082804,3
5284,3114,3.5684928023867646,3
5285,2188,3.0,3
5286,1214,4.282546126111064,4
5286,1234,4.439452630768628,5
5286,1259,4.422305930830406,5
5287,1224,4.0,4
5287,1381,3.4176402409646096,1
5287,2517,3.839870986195688,3
5287,3042,2.0,2
5287,3733,3.0,4
5289,111,4.130702232418292,5
5289,902,4.049085561084882,4
5289,921,4.067628982587996,4
5289,948,4.018797291395488,4
5289,982,3.0,4
5289,1032,4.094090044616021,3
5289,1213,4.007602523283152,4
5289,1225,3.890863015664387,4
5289,2285,3.0,4
5289,2943,3.0,3
5289,3548,4.00262343339766,3
5293,1259,3.9211614784207467,4
5293,1500,3.8979707266009904,3
5293,2916,3.7885325730687853,4
5294,674,3.803434184725091,4
5294,1172,4.379369686933099,5
5294,1270,3.894855975738304,3
5297,662,3.0,4
5297,1573,4.08746800738703,5
5300,2384,4.0,5
5300,3006,4.461723538171446,5
5300,3052,4.115465907695617,4
5300,3067,5.000000000000001,5
5300,3273,3.998854544848614,2
5301,296,3.9479860719669104,3
5301,1610,3.961297873828013,4
5301,1994,3.237868324008575,4
5301,2640,3.3797281371880654,4
5301,2683,3.5802899949702325,4
5301,3690,4.0,1
5302,1015,3.3198097671391094,3
5302,1367,3.3496056119284314,4
5302,1592,4.0,3
5302,1722,3.6022528400087737,3
5302,1729,3.4309690809870825,1
5302,2881,3.0,2
5302,3477,1.0,5
5303,1962,4.015211375877473,5
5303,2028,3.800060767926116,3
5303,3071,5.0,5
5304,2997,3.686684130435396,5
5304,3006,3.816181718984446,4
5305,543,3.9847091343231997,5
5305,562,4.2388660615130505,4
5305,750,4.05827836904981,5
5305,1586,3.106224752360629,3
5305,2140,3.7252441554414957,5
5305,2271,3.0,5
5305,2858,4.0001834213899645,5
5306,332,3.0,2
5306,350,3.6158619947132946,4
5306,367,3.4396457383816776,3
5306,587,3.5310270957249212,4
5306,593,3.6393534672164747,3
5306,648,3.4388356348517553,4
5306,1180,3.0,5
5306,1267,3.8746773756897386,4
5306,1393,3.649513176993114,5
5306,1527,3.323521813709007,4
5306,1610,3.509708550662578,5
5306,1663,3.512507204917421,3
5306,1747,3.642947964122951,1
5306,1876,3.3455386101020426,4
5306,1956,3.6532836628589047,4
5306,2291,3.6193977430426676,5
5306,3113,3.3146012743629223,3
5306,3392,4.0,2
5306,3565,4.0,4
5306,3578,3.547519793179965,4
5307,1097,3.886693144937501,5
5307,1198,4.141718977567041,5
5308,329,3.0557327921499575,4
5308,480,3.7202688505037815,3
5310,942,4.47267101900789,4
5310,1253,3.0,2
5310,2935,4.592429747393371,5
5312,19,3.779322282060494,4
5312,350,3.9111001940636694,2
5312,471,4.3334017814810295,4
5312,507,4.000013814720501,3
5312,1425,3.0,5
5312,1610,4.179094895532517,3
5312,1682,4.203499922203863,5
5312,2040,3.0,4
5312,2353,4.068591926653448,4
5312,2380,3.4131948618986567,3
5312,2408,3.8276177795707764,4
5312,2518,4.3371189948333315,4
5312,2582,3.0,4
5312,2699,4.048617130223462,4
5312,3052,4.393228194941998,5
5312,3363,4.314012589533243,2
5312,3421,4.294620429758693,4
5312,3499,4.276358578849898,3
5312,3861,3.0,2
5313,1939,4.439321159172927,5
5313,3676,3.0,5
5313,3685,4.4693548708059705,5
5313,3704,3.8397695936947396,3
5314,1188,5.0,3
5316,231,3.625588963769538,3
5316,2710,4.198674762830793,4
5316,3354,3.0,2
5317,222,3.7223934718186142,4
5317,378,2.465491546825492,3
5317,866,4.113237696528445,5
5317,1678,4.84580915529175,5
5317,2146,4.048272011699003,5
5317,2193,3.9183869155442417,5
5317,2764,3.0,5
5317,2915,4.207780519967291,4
5317,3361,4.233212641786,4
5317,3408,4.351153624832044,4
5317,3649,3.0,4
5317,3712,4.295771807578969,4
5318,260,3.844426327435633,5
5318,610,3.9174219247896334,4
5318,1222,3.8622902006706075,5
5318,1291,3.818129112565997,4
5318,2000,3.7568157381228633,3
5319,60,3.0,4
5319,1339,3.7231655255511003,4
5319,1982,3.70473657548922,4
5319,2011,3.864533731557409,5
5319,2141,3.6308648734509883,3
5319,2706,4.008133702476367,4
5319,2712,4.239570858895202,3
5319,2725,3.0,4
5319,2968,4.077820093237643,5
5319,3263,3.8176791852730947,4
5319,3476,4.065887187764894,5
5319,3535,4.0,4
5320,1920,2.211742701552463,2
5321,153,2.7604295013365574,1
5321,299,3.0,3
5321,1179,3.544243105464063,3
5321,1231,3.609538298480428,4
5321,1240,3.238172842141135,3
5321,1639,3.123620166293345,4
5321,2431,2.556081739692439,3
5321,3070,2.9066622270988254,3
5322,1,3.89494645266624,4
5322,1777,3.7731175473686087,4
5322,2858,3.93630874043486,5
5323,223,3.702868285544191,4
5323,1148,4.397249842723332,5
5323,1233,4.263486192996923,4
5323,1513,3.1403147298493357,4
5323,2289,4.385194898021486,5
5323,2607,3.0,3
5324,21,3.8703413950756587,3
5324,50,4.061536422725276,5
5324,367,3.9892904548370414,4
5324,377,3.886743600161883,4
5324,1049,3.629935410199932,4
5324,1198,3.8192017432201424,5
5324,2501,4.526487945102155,4
5324,3053,3.0,4
5325,2467,3.0,5
5326,1257,2.3232066828780646,4
5326,3246,1.4837448275379657,4
5327,1702,3.0050887777655406,3
5327,2065,4.3432549713100235,3
5327,2406,4.079347804454724,5
5327,2450,3.9884889766622336,1
5327,3361,4.372562646379548,5
5328,334,3.0,1
5329,34,4.364810112091727,5
5329,592,4.423927528538861,4
5329,1203,4.785895422440378,5
5329,1291,4.452199235804751,4
5329,1419,3.0,4
5329,1612,3.0,3
5329,2469,4.425117678805228,4
5329,3112,4.0,4
5329,3152,4.7708884956763935,5
5329,3916,4.0,5
5330,3081,2.9575915248003617,2
5331,150,3.6125106439153916,5
5331,1608,3.5376102038947295,5
5332,112,4.492366854076719,5
5332,2403,4.418516898605756,5
5332,2881,5.0,5
5332,2949,4.566167094670251,5
5333,21,3.744168111742601,4
5333,306,3.1438695781661825,4
5333,372,3.6355175669264863,4
5333,454,3.7523674133756955,4
5333,471,3.705732429604808,3
5333,491,3.877767271938206,4
5333,613,4.0,5
5333,1266,3.748680234725717,3
5333,1732,3.6953357071732253,3
5333,2442,3.0,3
5333,2558,3.995667638028022,3
5333,2692,3.8308464598816343,4
5333,2701,3.6601128805123158,3
5333,2806,3.0,3
5333,2949,3.8053799183898884,4
5333,3556,2.6540029859868577,3
5333,3809,3.7021490097000966,3
5333,3825,3.0,3
5333,3927,3.0,3
5335,456,3.0,3
5335,1189,3.0,5
5335,2313,3.905710259067387,4
5335,3060,4.353896436629671,5
5335,3683,4.16665370442674,4
5336,2947,4.625844373801656,5
5336,2990,4.7826686691791815,4
5337,1210,4.30411018955768,5
5337,2143,4.189568901514665,4
5337,2644,3.0,5
5338,1210,4.0141915807923825,5
5338,1214,3.942375452650453,5
5338,2641,3.905944713529551,3
5338,2699,3.8707500625665556,2
5339,2193,3.953652360165546,4
5339,2762,4.111095858189178,5
5340,314,3.0,5
5340,446,3.345747613469837,5
5340,1094,3.732504105246781,5
5340,1643,4.230971999900858,4
5340,2757,3.0,4
5340,3108,3.648553486943092,3
5341,1240,3.8348414870258267,4
5341,2406,3.672143910830813,4
5341,2762,3.7642815987498617,5
5341,3715,3.0,2
5342,608,3.8759478839471186,3
5342,1127,3.936966095167086,4
5342,2628,3.959298092471593,4
5343,2858,4.882953752436296,5
5344,1079,3.68524931170412,1
5344,2746,3.0766240072134625,2
5344,3404,3.0,4
5345,170,3.1549891583459995,2
5345,292,3.4571930668671773,3
5345,858,4.13738982713385,5
5345,1270,3.7842425283346413,3
5345,1517,3.852235877623134,4
5345,1885,4.518518499092223,4
5345,2001,3.631375726446885,3
5345,2167,3.5643973833002214,3
5345,2249,2.5969377923874557,4
5345,2353,3.6184084558159895,4
5345,2542,4.330682644278893,4
5345,2614,3.0,1
5345,3358,4.358081914823849,4
5347,440,3.538357168475809,4
5347,1396,3.6031681726551867,4
5347,1556,2.920803255035792,1
5347,1580,3.5610097575308,4
5347,2558,2.7762198079543867,1
5347,2987,3.7338046558529663,3
5348,1261,3.677992884215584,5
5349,52,4.144370053980662,5
5349,497,4.529983129407989,5
5349,3361,4.1245363448048975,5
5349,3468,3.8561665592195538,4
5349,3499,4.233997010466445,4
5350,260,3.1510548861414214,4
5350,494,2.5849017132634167,3
5350,1488,2.8183300461647436,1
5350,2105,2.903783087365636,3
5350,3703,3.1704439224870855,3
5352,357,4.2052615763863095,5
5352,2000,3.8298519757926357,4
5352,2078,4.1229266201301735,5
5353,2020,3.995411516522588,4
5353,2716,3.882602556996833,4
5353,3176,3.912102291361612,3
5354,3418,3.9415587173577378,4
5354,3705,4.0,2
5354,3740,3.802612330203955,3
5355,1080,3.7180218885531398,4
5355,1193,3.734065023204748,4
5355,1219,3.7192520463021346,3
5356,1219,3.8845124591828415,5
5356,1345,3.411417402064644,4
5359,21,3.8412471946052076,5
5359,318,4.22689915847323,5
5359,353,3.596869467522629,4
5359,1025,3.51311302024873,3
5359,2161,3.7627054776357007,2
5359,2947,4.031727379442653,3
5359,3148,4.661258163366022,5
5359,3479,3.8484752137969163,4
5359,3723,3.0,5
5361,317,3.503057006693118,4
5361,381,3.0,2
5361,529,3.547294774340604,4
5361,1193,3.450205092169874,2
5361,1784,3.6409998853057903,3
5361,2724,4.1053356518204405,3
5362,1513,3.046107100848486,2
5362,1961,2.781703071288837,2
5362,3614,4.362847900704498,3
5363,1127,4.323618303537371,4
5363,1690,4.027000388804539,4
5364,441,4.154471723984029,5
5364,459,3.0,2
5364,1184,3.0,4
5364,1200,4.267280603831121,4
5364,2023,4.40539733026434,3
5364,2406,4.0939465785986355,3
5364,2422,3.777105429491554,3
5364,2542,4.38214195364745,4
5364,2571,4.226895503524405,5
5364,2640,4.008039401176128,3
5364,2735,3.8425880387824516,4
5365,88,3.884582708781738,4
5365,186,3.521864358531669,4
5365,372,3.9234574997385447,4
5365,999,3.0,4
5365,1037,3.8181104348798787,4
5365,1617,4.208710151306055,5
5365,2026,2.9999999999999996,4
5365,3593,1.0,1
5367,44,2.0272793947841534,2
5367,316,2.7742229583497027,3
5367,423,2.0564724577403934,3
5367,631,1.0,1
5367,849,2.411992499376828,1
5367,922,4.462319650968923,5
5367,1020,2.195693793728484,3
5367,1276,4.0652619032688815,4
5367,1287,3.722320905764479,3
5367,1620,2.569333865021559,2
5367,1794,3.0,3
5367,2000,3.1451824209211576,3
5367,2004,1.9500251922781124,2
5367,2391,3.7698507061612934,4
5367,2404,1.913063458506312,1
5367,2572,3.5739731900295433,3
5367,2846,3.0,3
5367,2912,4.170331568945194,4
5367,2944,3.566670487831623,4
5367,3104,3.596724606244092,3
5367,3388,2.0800937470235144,2
5367,3438,2.4254577456743944,3
5368,377,3.1124246127501243,3
5368,589,3.3445074783199114,5
5369,162,3.9627359245649356,5
5369,380,3.663292099125471,3
5369,1225,3.99791811502232,3
5369,1240,3.7114500329859887,4
5369,1245,3.9461686176781017,3
5369,2020,3.8670257019982475,3
5369,2150,4.052976812510784,2
5369,2599,3.842738416159633,3
5369,3104,3.725130941905302,3
5370,3175,2.4335503829122027,4
5371,1079,4.1502698164058325,5
5371,2028,4.075525977289023,4
5371,2118,3.6863349540200554,4
5371,3201,4.384685088681925,5
5372,2433,3.940078357938141,4
5373,1240,3.9341483300193936,5
5374,2546,3.0,4
5375,1500,4.528182238335767,5
5375,1721,4.45814484611666,3
5375,1747,4.48122819370424,4
5376,1994,3.655064650160872,4
5376,2916,3.845911723883021,4
5376,3819,3.0,5
5378,3384,3.0,4
5378,3701,2.911075935183068,3
5379,2687,2.0,4
5379,3623,4.092301959128789,4
5380,2762,3.0,4
5382,3253,4.531069231874302,4
5384,1951,5.0,5
5387,1,3.8355695793009628,5
5387,52,3.777268188230147,3
5387,942,4.519289599888918,5
5387,944,4.0,4
5387,1094,4.007124341948091,5
5387,1380,3.6718979012252033,2
5387,1388,3.023443459889451,2
5387,1701,3.8314531201816484,3
5387,1777,3.709386318174063,2
5387,1784,3.8665965282819927,4
5387,1882,3.529017908781685,2
5387,2003,3.644157239925793,2
5387,2193,3.671087694562164,2
5387,2246,3.0,4
5387,2263,3.0,2
5387,2919,3.6426481144784875,4
5387,3274,3.302551310915442,3
5389,694,4.0,3
5389,840,3.0,2
5389,1200,3.66747190950381,5
5390,1220,4.127160114683186,4
5390,1610,4.021374814654217,4
5390,2396,4.285860801252121,3
5390,2529,3.7750924393033167,3
5391,3653,3.0,4
5393,194,3.0,3
5393,515,3.45372086190154,3
5393,1357,3.753026283326784,3
5393,1704,3.7020839229801887,5
5393,3478,3.3767659744089027,3
5394,260,3.586854770559235,4
5394,496,3.0,2
5394,520,3.2218514888308127,4
5394,539,3.5544854697347956,3
5394,733,3.4927564562589333,3
5394,778,3.934395404930581,4
5394,833,3.0,2
5394,916,3.9480467170992246,4
5394,1041,3.8646764923378374,4
5394,1059,4.257449874956911,4
5394,1073,3.550185754101403,3
5394,1390,3.0,3
5394,1500,3.7084380288574272,4
5394,1527,3.4919338743877053,4
5394,2333,4.537704637863101,3
5394,2379,2.9647101806162346,3
5394,3033,3.3777356335782764,4
5394,3174,4.0175249247280185,4
5394,3210,3.568714724894795,4
5394,3671,3.6923695249725736,4
5394,3794,4.0,3
5396,2916,3.9962463746303305,5
5397,293,3.794898932891241,4
5397,1089,3.8944783674724395,5
5397,1259,3.7620324557657754,5
5397,1263,4.106602917259686,5
5397,1370,3.4571540563351775,2
5397,1544,3.278576609023099,2
5397,1589,3.956275219210969,4
5397,1601,3.0,3
5397,1644,2.65430826173195,1
5397,2107,2.1378317968200893,2
5397,2724,3.490491732597317,1
5397,2762,3.3262104291070993,3
5397,3467,4.008942712623162,4
5401,461,3.0,4
5401,1177,3.0,3
5401,1358,4.251187635867926,4
5402,590,3.7521567629249084,3
5402,915,4.0,3
5402,3483,3.0,3
5403,903,3.330114558288672,4
5403,1591,3.7647909318197703,2
5403,3052,3.7440825256489547,5
5404,440,3.9481972016057623,4
5404,1036,4.013115410067313,5
5404,1213,3.953388834415921,4
5404,2355,3.9903316237168887,4
5404,2763,3.7622230852347363,5
5404,3108,4.0352989535951975,3
5404,3252,3.8828152878542688,5
5404,3578,3.8317902004084887,4
5405,1624,3.0,4
5405,1643,5.0,4
5405,1683,5.0,5
5405,3176,3.5131981180780487,4
5406,34,3.6588205191977443,4
5406,186,3.0,2
5410,3685,4.506676813234999,4
5410,3735,4.338680476462138,5
5412,1205,4.0,4
5412,1218,5.0,5
5412,1304,4.321154034099763,5
5412,1376,3.6664499675468702,2
5412,2376,3.8832003043958485,3
5412,3740,3.731266042502413,5
5413,25,4.3566303923731535,4
5413,1580,4.251015444334123,3
5413,2391,4.289724000592029,5
5413,2712,4.303416475062567,4
5413,3703,4.287350999352583,5
5414,1241,3.0,4
5415,2858,3.9914929255751694,3
5416,34,4.105482114781674,5
5418,356,3.649680769147846,4
5418,1101,3.5787758105886485,3
5418,1175,4.538831257407804,4
5418,2716,3.8350884266447585,5
5419,318,3.6409831002424826,5
5419,778,3.773555897074742,4
5419,908,3.6949686698025648,4
5419,2997,3.7272861905495542,4
5420,899,3.545898214785495,4
5420,1017,2.510674361450885,3
5420,1460,2.3067822414637065,4
5421,1179,4.464922527561413,4
5422,351,3.7880592182889785,4
5422,2791,3.711943570258653,5
5423,3609,3.0,5
5424,805,3.819837068628563,3
5424,969,4.008062794904817,4
5424,1393,3.8839686546206122,4
5424,3114,3.797855761783996,4
5424,3175,3.756908137102169,4
5425,2355,4.1965182279844875,3
5426,296,3.7710190743199545,2
5426,866,3.530127027649222,2
5426,1923,3.817495843200283,5
5426,3688,3.337466058594406,5
5427,2716,4.697775931793168,5
5428,333,3.7733446491530462,3
5428,531,5.0,4
5428,1213,4.3987118122225,5
5428,1221,4.519489297675445,5
5428,1259,4.427725626241999,5
5428,1518,3.6523963874026784,5
5428,1624,3.0,4
5428,1660,3.0,4
5428,1805,4.251147982486682,3
5428,1835,4.302439069274459,4
5428,1923,4.1926647513691275,3
5428,2125,4.297475353747569,4
5428,2278,4.284797209294538,4
5428,3477,3.0,3
5429,1249,2.756339798831145,5
5429,1296,3.9896370175079143,1
5429,2395,4.019402533355207,2
5430,364,3.9579125574796246,4
5430,1597,3.858755533363356,3
5430,2671,4.33228806553481,5
5430,3189,3.0,5
5430,3615,3.0,3
5430,3668,5.0,5
5431,3538,3.0,4
5432,919,4.23920585734878,5
5432,1124,3.91631533374178,4
5432,1224,4.410208121121384,4
5432,1940,3.0,4
5432,1949,4.511463883107988,4
5432,3163,3.0,2
5432,3171,3.0,4
5432,3255,4.0893598598130705,3
5433,1019,2.909787300993731,3
5433,1061,3.3863655750176145,3
5433,1200,3.2495271844895983,5
5433,1285,3.513306791367838,3
5433,1343,3.426307247743941,3
5433,1356,2.953353184551147,3
5433,1438,3.039348375525814,3
5433,1614,3.308034582727631,4
5433,1645,3.3496690545184284,4
5433,1690,2.847549148793382,5
5433,1920,2.843996231131681,2
5433,1962,3.322429597390944,3
5433,2081,3.2711321070757347,2
5433,2328,1.876882605026453,1
5433,2363,2.5174334187989613,1
5433,2836,3.0,3
5433,3699,3.168771903590305,4
5434,339,3.6728672995590865,1
5434,1220,4.2030066430871305,5
5434,1747,4.063110610663845,3
5434,2282,4.0,2
5434,2346,5.0,3
5434,3079,3.0,3
5435,32,4.125271625852419,4
5435,1610,4.146692025104829,4
5436,1722,3.31877748577513,4
5437,1213,3.7711251970628856,4
5437,1220,3.7261087450148174,3
5437,1921,3.750180020136378,2
5437,2973,3.744887304093794,4
5437,3210,3.8413126757415923,4
5437,3481,3.8959658861126893,4
5438,32,3.6740801232267035,1
5438,1290,1.9336847263001764,3
5441,589,4.010992285638952,5
5441,2423,3.8213546249343544,5
5442,50,4.160828535670924,5
5442,150,4.178527282708002,4
5442,2762,3.673453443419496,5
5443,431,4.664695868652952,5
5443,608,4.454786582262038,3
5443,1752,3.6979527207514424,5
5443,1895,3.0,2
5443,2901,4.6517062717280195,4
5443,2987,4.340603301153714,4
5443,3101,4.407198057925928,4
5443,3252,4.568989459755468,5
5443,3257,3.997627300913677,3
5444,2718,3.4966778638004863,4
5445,457,3.8428830135957,4
5445,969,3.971657884539633,4
5445,1221,3.92405386437911,5
5445,1261,4.2607402168521125,4
5445,1287,3.899766625379683,4
5445,1617,3.5725769656817223,3
5445,2819,3.714259083884319,4
5445,3578,3.8621871344517515,3
5446,1210,4.744995826622331,3
5446,2357,3.0,4
5447,36,4.618882779572854,3
5447,141,3.9154566345713264,5
5447,1247,4.295038750699614,5
5447,2013,3.0,3
5447,2762,4.081014028102768,5
5447,3006,4.688080160046743,5
5447,3074,3.0,2
5448,356,3.4624725069256743,3
5448,1013,3.0,3
5448,1303,4.0312829373605465,4
5448,1408,3.1727529339577676,2
5448,1619,4.0,3
5448,1678,4.531485832468597,4
5448,1704,3.5857189091308412,4
5448,2013,2.3885468700420813,3
5448,2732,3.0,4
5448,2795,3.5123689782501137,1
5448,3129,5.0,4
5448,3421,3.599127149789543,3
5449,170,4.674937095735686,5
5449,1608,4.137773350019666,5
5449,2571,4.191550308470878,5
5449,2580,4.337562343726814,4
5449,2706,4.3246809883806145,4
5450,337,3.3557981205384193,4
5450,497,3.6017456913592594,5
5450,1258,3.0971679686323124,4
5450,2046,3.247713601393269,3
5450,2137,3.4104396423206405,4
5450,3812,4.0,4
5450,3914,4.0,4
5451,110,3.9548457618980213,5
5451,1196,4.024352980115541,4
5451,1954,4.02511039834818,3
5451,2993,3.7647842702038705,4
5452,231,2.9473064616288527,4
5452,474,3.2908919993525867,3
5452,605,2.7211008551137286,3
5452,608,3.567240059190515,5
5452,1719,4.059630870869798,5
5452,2303,3.0,5
5452,2436,3.0,3
5452,2759,4.3496111726817235,2
5452,3044,3.341486972507412,3
5453,1210,3.9544607088574364,5
5453,1252,4.1708592830892846,4
5453,2289,4.075938940382706,3
5453,3300,3.5310700515918194,4
5454,899,4.558620812533404,4
5454,903,4.30084868988253,5
5455,1242,4.131282623100729,4
5455,2763,3.779401322185296,4
5456,457,3.5136534569566042,4
5456,1259,3.5313130955371492,4
5457,750,3.6229824937187374,5
5457,1196,3.5541395473071904,5
5458,441,3.5994967557398008,4
5458,541,3.838407606949703,4
5458,904,4.028952720418972,5
5458,1183,3.8270972898477624,5
5458,1641,3.9035529971847303,4
5458,1788,3.0,5
5458,2231,3.449532072525321,3
5458,2291,3.9121782679664485,3
5458,2890,3.977617708840992,5
5458,3099,4.418703659866083,3
5458,3396,4.000483389453668,5
5458,3683,4.371140870203464,3
5459,104,4.103270340137058,5
5459,1330,3.5364563215523046,5
5459,2279,4.184808409703992,5
5460,1060,4.517589974089373,4
5460,2119,3.0,1
5460,3163,3.0,5
5460,3186,4.0,4
5460,3481,4.476553484584666,5
5461,2065,3.879977200096298,4
5461,2208,4.0,5
5461,3067,3.0,5
5462,1461,3.0,4
5463,1225,3.7870509974141284,5
5463,1669,3.0,4
5463,1941,3.0,4
5463,3543,4.269731700881611,4
5464,1183,4.397192365958993,5
5464,1186,4.242087281863844,4
5464,1197,4.345959501036019,5
5464,1214,3.872899130965071,4
5465,1911,2.0,2
5465,2581,3.030292191533782,3
5466,565,3.0,4
5466,1358,4.22351908995674,4
5467,2922,3.599790679176339,2
5468,327,3.5693018062468393,3
5468,348,4.193402486711729,4
5468,373,5.0,5
5468,533,2.5410633622177783,2
5468,923,4.176321332182049,5
5468,1343,3.7446160769647494,4
5468,1648,3.0,4
5468,2193,3.2750714518177846,2
5468,2762,3.690626552570971,4
5468,3751,3.8641345872847404,3
5469,111,4.50114915593848,5
5469,1269,4.793333000776854,5
5469,1653,4.124037403691004,4
5470,1945,4.340462380090857,4
5472,173,2.8045608320808872,1
5472,260,2.972227238440138,5
5472,541,3.0276894744612397,4
5472,898,3.0658149811725717,4
5472,1909,2.860858322548542,3
5472,2013,3.0365479174153074,2
5472,2194,2.873659305033172,3
5472,2212,3.0,5
5472,2355,2.954142917086447,3
5472,2369,2.452068481517341,2
5472,3256,2.7262930282924662,3
5473,316,3.887616368255174,4
5473,3471,3.9629095056945216,4
5474,1653,3.7210305327555826,4
5475,150,4.135623251015737,3
5475,590,4.203591536702628,4
5475,1080,4.41258699878961,5
5475,1265,4.23449702386131,4
5475,1302,4.224260837606212,3
5475,2699,3.6297545191116516,2
5475,2908,3.9907109252543194,5
5475,2929,4.485099288786477,4
5475,3102,3.0,4
5475,3285,3.0,3
5479,1392,3.0,4
5479,1580,3.441975236309416,3
5479,1663,3.6241492795587242,4
5479,2124,3.7104638717986074,2
5480,339,3.297594710876013,4
5480,2797,3.5737239391187465,4
5480,3421,3.693010736041971,5
5480,3705,3.0,3
5482,6,4.221834653497421,5
5482,69,4.13338544043937,5
5482,805,4.220837867456593,4
5482,910,4.31157319649702,3
5482,1198,3.7936831714765336,5
5482,1207,4.149310021011825,4
5482,1370,4.1215606495559705,4
5482,1517,4.132694269199093,4
5482,1635,4.299338006320355,4
5482,2033,3.493124688557228,4
5482,2420,3.7139265098907375,4
5483,4,3.0,3
5483,534,4.0,5
5483,783,4.833003456657975,4
5483,1960,4.719899791368481,5
5483,3697,3.306502861660297,3
5484,750,4.683135671867681,4
5484,1370,4.582384081306053,5
5484,3702,4.610338208370426,2
5485,318,3.929951839151898,3
5485,900,4.212411677907015,5
5485,1380,3.799273989640955,4
5485,1947,3.840931020284035,5
5485,2985,3.764765685797196,3
5486,293,4.272949169776062,4
5488,26,3.0,2
5488,62,3.410231350451416,4
5488,648,3.3986796261023544,3
5488,858,3.675240312191464,5
5488,1213,3.699493650083668,4
5488,1704,3.5789582343149,5
5488,2819,4.0,4
5488,3259,2.543775393773612,3
5488,3723,3.0,4
5489,1073,4.475538753419274,4
5489,2541,3.1837632341579742,3
5490,1372,3.236550398410851,3
5491,436,3.0,1
5491,1093,4.00145419762008,4
5491,1625,3.634774192402077,4
5491,1721,3.887793481094559,4
5491,2324,4.184132221576741,5
5491,2700,3.8789837850938107,4
5491,2985,3.5945807144784303,4
5492,2,3.30254027887805,3
5492,586,3.5583589380645457,4
5492,916,3.0,4
5492,1220,3.4850040301108858,3
5492,1270,3.568337024807916,4
5492,2152,1.0,1
5492,2291,3.6760250077496086,1
5492,2605,3.368141573755301,4
5492,2617,2.8978128613178904,5
5492,2713,2.9371110797968654,2
5492,2770,3.5937436005517114,2
5492,3286,3.0,3
5493,1,3.700251365472687,4
5493,523,3.0,3
5493,1370,3.424098487241439,3
5493,1393,3.569311120643689,3
5493,1597,3.115245318866952,2
5493,2589,3.0,2
5493,2683,3.1165205818879054,4
5493,3733,4.667137899086579,3
5494,3114,3.6123175105517085,4
5495,3082,3.3723934545138863,4
5496,595,3.806251909261684,5
5496,2805,5.0,4
5497,3256,3.772802540642537,4
5498,1230,4.461742420074287,4
5499,1584,4.740267990956842,4
5500,2333,4.049841951927333,4
5501,333,2.714082706034698,2
5501,480,3.4137441143356586,3
5501,969,4.214402091049572,5
5501,1967,3.0463951950283494,3
5501,2005,3.1929706367606583,1
5501,2011,3.2633899260513126,4
5501,2028,3.744823819793651,4
5501,2395,4.027611460618623,5
5501,2580,4.028928272529364,4
5501,2605,2.929526349509253,3
5501,2642,2.7615280578657795,2
5502,1829,3.0,3
5502,3328,3.4914897630192243,3
5502,3688,3.0,2
5503,1093,3.3056019365558558,2
5503,2916,3.8728904434231577,4
5504,10,4.15864943939854,4
5504,260,4.350265186801645,5
5504,340,3.0,4
5504,380,4.183100403425206,5
5504,1200,4.265172520564881,4
5504,1389,2.3895429013481277,2
5504,1626,4.474850861858885,5
5504,2018,4.790437408754398,5
5504,2100,4.378133253716448,4
5504,2529,4.10618035918954,5
5504,3037,4.491967602833405,5
5504,3062,4.607548169947611,5
5504,3070,4.202278501079367,5
5504,3099,4.585026811346747,4
5504,3107,4.108447311348483,4
5504,3208,4.290098990053347,3
5504,3247,4.319363926761105,5
5504,3258,3.4770505477995983,4
5504,3366,4.66132502296724,3
5504,3440,4.0,4
5505,3364,4.267267742774779,4
5506,60,3.0,3
5507,1127,3.3300455283342347,3
5508,2759,5.0,4
5508,3428,3.0,3
5509,1172,3.413056922070648,3
5509,1365,3.0,2
5509,1914,3.0,4
5509,2357,3.0,4
5509,3521,5.0,4
5510,1954,4.066306031310273,4
5511,2,4.0885535209265615,4
5511,23,4.0167850027993275,3
5511,25,4.492477611524503,4
5511,47,4.43574121196565,4
5511,420,3.6745227214569955,2
5511,537,3.0,4
5511,592,4.2761892371442505,5
5511,911,4.4051674560355645,5
5511,1088,4.401231796924032,4
5511,1220,4.329887949193438,4
5511,1499,3.3400928607339186,4
5511,1515,3.5388118287268178,3
5511,1588,4.208166870342644,4
5511,1917,4.089084306530826,4
5511,1950,4.743851753289786,5
5511,1953,4.617120597929757,5
5511,2012,4.185182715458691,3
5511,2450,3.8596626407817873,1
5511,2686,4.522406667681643,5
5511,3505,4.535527542996231,4
5511,3543,4.6874428684996365,4
5512,1013,3.0,5
5512,1610,4.271575416893637,4
5512,1641,4.307856943100888,4
5512,1888,4.083659105625017,4
5514,3608,5.0,4
5516,208,4.271056254732887,2
5516,1689,3.0,5
5516,2463,4.441184808287654,4
5516,2718,3.0,2
5516,2797,4.374862906513534,5
5517,594,4.186912093132726,5
5517,907,4.590537730746554,5
5517,1094,4.568136300864735,4
5517,1941,3.0,4
5517,2858,4.597647550645056,5
5517,3038,4.506075170873938,5
5518,1197,3.898733862410106,5
5518,1240,3.8773761541408387,5
5518,1784,3.7995288639509064,4
5518,2406,3.8753988914754682,4
5518,3255,3.6180910903981527,4
5519,177,3.002594982046405,4
5519,954,3.5587390104760965,4
5519,1527,3.4461950174475318,4
5519,1997,3.309436928754583,3
5519,2498,3.0,3
5519,3524,3.2086900477772535,3
5519,3675,3.7546531770613876,3
5520,1029,4.443911435441493,4
5520,1779,3.8011758206065354,3
5520,2012,4.037344740284108,4
5520,2070,3.0,5
5520,3536,4.062728037961264,4
5520,3578,4.0868980832910875,5
5521,3354,4.0,2
5522,296,4.087150416305045,5
5522,335,3.0,4
5522,904,4.312208180263666,4
5522,1211,4.800469242415862,5
5522,1353,2.955640718230142,1
5522,2336,4.036249011408265,5
5522,2794,3.566872969213069,4
5522,3448,3.863318142459503,5
5522,3567,3.0,4
5523,349,3.9622520125613327,3
5523,377,3.8244349492941465,5
5523,1198,3.8954819976192767,5
5523,1321,3.902730953411236,2
5523,2378,3.8575514790240026,4
5523,2498,3.0,5
5523,2549,4.0,3
5523,2918,3.87162496313094,4
5523,2968,3.8186254852028085,2
5524,829,3.0,1
5524,908,3.79492902841445,5
5524,910,3.8893691787561786,5
5524,1078,4.045716184057821,5
5524,1234,3.688189177046441,4
5524,1367,3.0,4
5524,2857,5.0,1
5524,3264,3.4890048045636926,1
5524,3316,3.0,3
5525,356,4.4773212811466205,5
5525,1894,3.0,4
5526,334,3.0,4
5526,923,4.139561479707751,5
5526,1284,4.20524346547013,4
5526,1732,3.7355310182605357,4
5526,2683,3.3632282376942513,1
5526,3360,3.891341968173516,4
5530,24,3.0779746273553084,2
5530,95,2.9337615342609835,2
5530,375,3.0,2
5530,492,3.80872142327915,4
5530,589,3.4241788755106435,4
5530,1103,4.137784154463887,4
5530,2136,3.0,2
5530,2412,1.9973988721553635,1
5530,2692,3.886703638020947,5
5530,3701,2.903523100255773,3
5531,10,3.9966411229941627,5
5531,1356,3.856820273348179,3
5531,1586,4.0308578114122575,2
5531,2278,3.982929014204767,4
5532,1569,3.8133375266297835,3
5534,590,4.441802855968913,5
5535,1097,3.627251209089232,2
5535,1272,4.139152794635777,4
5535,1610,3.782535823540481,3
5535,3092,3.0,3
5535,3441,3.5745213765665715,2
5535,3527,3.744099849907757,4
5536,260,3.205596376958065,3
5536,319,3.821473080123087,3
5536,350,2.8919694331789003,3
5536,361,2.5317172264056635,2
5536,879,2.2324019725566235,3
5536,1084,3.633454259625439,3
5536,1222,3.2898260307588156,4
5536,1485,2.8645802014593227,3
5536,2053,1.7346694867413823,1
5536,2265,3.0,1
5536,3071,3.8127677844965455,3
5536,3102,3.0362707891085723,3
5536,3254,2.7185304335739526,2
5536,3420,3.0,4
5536,3686,2.865160856052261,3
5537,1939,4.874638157024525,5
5538,1079,3.847116707935105,3
5538,1092,3.6384669635125704,4
5538,1913,3.0,3
5538,3424,3.842684114379564,4
5539,300,3.792951864778297,3
5539,551,3.5791873910156076,3
5539,935,4.0,4
5539,2689,3.0,3
5539,2700,3.5623123739703972,5
5539,2791,3.6377363356867147,3
5541,949,3.0,3
5541,1233,4.3453113785995185,3
5543,1097,3.6978430762851966,3
5543,1297,3.705134012558778,3
5543,1464,4.007648688485338,4
5543,3175,3.9819170894664184,4
5544,589,4.779653620059814,4
5544,2690,5.0,4
5544,2719,2.0655209459987307,1
5544,3578,4.548091912497632,4
5545,432,4.0,2
5545,593,4.497786906412495,4
5545,781,3.0,4
5546,908,3.0000000000000004,4
5547,357,3.8935351415361574,5
5547,372,3.7938035238082612,4
5547,920,3.9833082516599485,4
5547,2797,3.885204515338052,4
5547,3608,3.924244347764748,2
5548,50,3.533981936708301,5
5550,339,3.7389190899465854,4
5550,344,3.8611769419077584,2
5550,356,3.9216250012650105,5
5550,1093,3.9810376033852064,3
5550,1213,4.019662222473995,5
5550,1401,3.0,5
5550,1562,3.443032612265942,4
5550,2054,3.648828381768313,4
5550,2121,3.9331031644635703,3
5550,2174,3.7699166627597633,4
5550,2407,3.744237559105817,3
5550,2549,2.0,3
5550,2881,4.01605331365367,1
5550,3507,3.874248105873944,5
5550,3704,3.781334567141675,3
5550,3708,3.3991037129539836,5
5551,407,2.0020919377613398,2
5551,3435,3.7405409891690318,4
5552,3614,5.0,4
5553,11,3.605508616153313,2
5553,423,3.332884375962598,4
5553,1009,3.0,4
5553,1210,3.6880427689280384,3
5553,1947,3.7095632235861276,4
5553,2065,3.4265848125891227,3
5553,2167,3.819471376148705,2
5553,2616,3.246187062212172,3
5553,2917,3.614289299439286,4
5553,2944,3.758276375934419,4
5553,3350,3.0,4
5553,3681,3.8045681342851885,3
5553,3702,3.7356298911884886,4
5554,1097,3.8441612735065194,3
5554,1321,4.335997161252936,5
5554,1387,3.914576538443904,5
5555,165,3.1790735433455066,5
5555,414,3.0,1
5555,724,2.631941867769456,1
5555,1488,3.2064929606136343,3
5555,1515,2.4410582674816497,3
5555,1670,3.0,3
5555,1722,3.509073427373239,4
5555,1997,3.549409037198579,5
5555,2012,3.4407898314496843,2
5555,2084,3.0,4
5555,2657,3.253757472495771,5
5555,2688,3.991444165429644,4
5555,2968,3.3379990077632224,3
5555,3256,3.320694803993528,4
5556,32,3.239894538005318,3
5556,898,3.751581748997285,3
5556,1356,3.2396274345308558,4
5556,1535,3.0,3
5556,1676,3.2831882092548055,3
5556,2117,3.417272678217605,4
5556,2377,3.278278581869106,3
5556,2559,3.0,1
5556,2942,3.3698937513496388,3
5556,3070,3.394711923593644,3
5557,25,4.3483373722596514,5
5557,589,4.238454262943708,5
5557,1210,4.29960975628067,2
5557,1573,4.1108678538392445,1
5557,2746,4.417500906778846,4
5557,3342,3.0,5
5557,3897,4.377346786382935,4
5558,343,3.0,1
5558,595,2.7064737991453485,2
5558,711,3.0,1
5558,888,3.0,1
5558,1374,3.6364108174348964,4
5558,2566,1.0,1
5558,2641,3.2636374111051585,4
5558,3489,2.9872594384691076,3
5559,17,4.597313671558023,3
5559,150,4.386494963156688,4
5559,1465,3.0,4
5560,3363,4.269706655220885,4
5560,3700,3.0,4
5561,1566,2.94814606321293,3
5561,2294,3.5275596155135083,3
5562,1247,3.592652269808908,3
5563,589,3.942046213510361,3
5563,1097,4.001931354097756,5
5564,1127,3.3715080566232842,3
5564,3033,3.409369097766563,2
5565,750,4.3869599778905135,4
5565,1200,4.27865098728502,5
5566,3173,3.0,2
5567,273,3.0000000000000004,3
5567,509,3.152117828282007,3
5567,904,3.8600860808836526,4
5567,1136,3.696215843383559,4
5567,1958,3.526151809187822,2
5567,3253,3.372302848098763,4
5568,420,3.96960029026845,4
5568,736,4.172129805240413,4
5568,1222,4.210368506269593,4
5568,1499,3.939753767708999,4
5568,2003,4.194346663052162,5
5568,2120,4.1653072825655615,4
5568,2167,4.274589497483964,5
5568,2571,4.235021615422315,5
5568,3572,3.0,2
5569,265,3.4940187128963727,5
5569,1210,3.4723750983517623,4
5569,1380,3.6082871835764307,5
5569,2916,3.4234356601166622,1
5570,39,4.11918409477131,5
5570,464,3.6636123684890913,4
5570,608,4.111675879860414,5
5570,1220,3.9656693472068087,4
5570,1769,3.6328886174424686,3
5570,2090,3.867782943512328,4
5570,2468,3.388344344230197,5
5570,2599,4.331985113928763,3
5570,2628,3.9736357645002798,5
5570,2671,4.0825345470251815,5
5571,162,3.8118710528152002,4
5571,2019,3.770659518460792,4
5571,3265,3.0,4
5572,2236,3.0,3
5572,2804,4.24617287825364,3
5573,908,3.8432206512424854,5
5573,1250,3.6776797226118423,4
5573,2206,4.202038684641317,4
5573,3677,3.0,3
5574,25,4.261631493772599,4
5574,1947,4.36776351667001,5
5574,2067,4.193404267647712,4
5574,2867,3.7202590146821235,1
5575,327,1.0,1
5575,367,3.092834793168115,5
5575,3536,4.0,4
5576,258,3.0,4
5576,1017,3.7399894292545692,4
5576,1101,4.1648853758028705,4
5576,2143,3.7609168860028146,3
5577,3681,3.0000000000000004,3
5578,1036,4.090786556861205,3
5580,539,3.813202259729555,4
5580,1267,4.635984244711265,5
5580,1476,3.930621784219162,5
5580,3061,4.80538064136776,4
5580,3358,4.18974469116975,4
5580,3615,3.0,4
5581,223,4.002000820282992,5
5582,1235,4.444768786210472,4
5582,1254,4.762489753230105,5
5582,2208,4.904081503730473,5
5582,2493,3.0,1
5582,3634,3.0,5
5583,558,3.0,4
5583,1954,4.295114423997182,4
5583,2694,3.361472460967207,3
5583,2858,4.3414994477910795,5
5583,2912,4.503535348550443,5
5583,3113,3.3051926171471937,3
5584,2609,3.0,5
5584,3006,3.437653872664817,5
5585,260,3.782327032854292,2
5585,2916,3.64413701387196,3
5585,3067,5.000000000000001,3
5585,3527,3.6320094968810377,3
5587,1885,4.493779347451343,4
5588,2858,3.8344361830670084,5
5589,800,4.671848790571201,4
5590,2632,3.0,5
5591,1627,3.0,4
5591,2762,3.7672532471989606,4
5592,2116,4.255210834160307,4
5593,1275,4.5955112748472065,5
5593,1371,4.557378105298385,5
5593,2956,3.0,5
5594,3219,3.0,3
5594,3902,3.0,5
5595,152,3.0,4
5595,328,2.2416880578206775,4
5595,750,3.754449118748078,4
5595,1653,3.365295081035111,4
5595,2105,3.2897025663601416,4
5595,3476,3.8067250644301187,4
5596,260,4.341716901813227,5
5596,1036,4.359237915226988,4
5596,1267,4.646417205138617,5
5596,1278,4.4259222773061735,4
5596,1597,3.9517146820413274,1
5596,2467,4.0,5
5596,2948,3.760106525720584,4
5597,2451,2.9057662463530467,4
5597,2655,2.924937283773364,5
5597,2695,3.0,4
5598,1704,4.2340522555641,5
5598,1923,4.169934314931766,5
5599,368,3.8345348988349826,3
5599,1580,3.9832786412874386,5
5599,1769,2.9827487128746437,2
5599,2690,4.064285735982325,5
5599,2881,3.5852578434226143,4
5599,3178,4.332479948841886,4
5599,3257,3.4922324756584646,3
5600,1485,4.26894508117385,5
5600,1689,3.0,4
5600,1884,3.0,1
5600,2133,4.150118114738813,4
5600,2150,3.7793198874785228,5
5600,2252,3.0,4
5600,3763,3.911339451372342,4
5601,50,3.3404648395382353,5
5601,110,3.2384486847149656,3
5601,246,3.78969870543331,5
5601,733,3.1579383061530635,3
5601,1676,3.836995642767036,3
5603,912,2.340827038452225,5
5603,1250,1.928689295097275,1
5603,1333,1.7800512546111038,1
5603,1927,1.25526743286112,1
5603,2248,2.670845831820632,3
5603,3091,3.0,1
5603,3143,3.0,1
5603,3175,3.043859186012232,4
5603,3543,2.9325394391287523,4
5603,3635,1.677486608805044,1
5603,3681,1.1221429661208824,1
5604,58,4.106272987946036,5
5604,377,2.764817015128074,3
5604,590,3.4409328585964207,4
5604,804,5.0,4
5604,830,2.8255892445288455,4
5604,920,3.552052871343544,3
5604,1183,3.611560945672061,5
5604,1285,3.4866783161438017,2
5604,1507,3.0,4
5605,50,3.275067023633836,4
5605,145,3.1703751859684735,5
5605,185,2.8373664857535337,3
5605,595,3.233098729136939,4
5605,661,3.239206091716889,4
5605,783,3.075663528578918,4
5605,1010,2.537453031329094,1
5605,1017,2.802719645134449,3
5605,1256,3.4660854526554012,4
5605,1409,2.7652369658411056,1
5605,1597,3.0121235266279593,4
5605,2087,3.207602745656036,4
5605,2232,2.9682482446032736,5
5605,2391,3.2974712342256622,1
5605,2599,3.406743119850399,2
5605,2644,3.2883170426771806,2
5605,2700,3.239032562125668,5
5605,2723,3.1325784677128414,1
5605,2772,3.0,4
5605,2877,3.014867216567637,3
5605,3396,3.1923985138778392,4
5605,3594,3.0,3
5607,1265,3.6352450097235605,4
5607,1895,3.3487198572530343,4
5607,2384,3.0,4
5607,2788,3.691693738902692,3
5607,2881,3.5297711913748007,1
5608,3160,4.0,4
5609,1193,4.9151672542578115,4
5609,1207,5.0,5
5611,1214,4.309303429125336,5
5611,1374,4.285156124911087,4
5611,1954,4.479801330245865,5
5611,2010,3.0,3
5613,1223,3.0,5
5613,1294,3.672213602013745,3
5613,3039,3.485354935888214,5
5614,17,4.006689321069152,4
5614,190,3.0,5
5614,281,4.350609354980382,4
5614,441,4.326376742858961,4
5614,1240,4.000258228582373,5
5614,1332,3.2659101159136243,3
5614,1603,3.4803302262429225,3
5614,1975,3.35626979280916,2
5614,2121,3.423626211791289,2
5614,2150,4.036194627253051,3
5614,2160,4.183128054020177,4
5614,2193,3.887757334652459,3
5614,2240,3.643344838015916,3
5614,2365,4.0,3
5614,2739,3.7383844574786607,5
5614,3498,4.237022079184721,4
5614,3629,4.3686529698384975,3
5615,86,3.0,3
5615,1294,3.7936209299647357,5
5615,1610,3.445186836086616,3
5615,2150,3.6135265868025863,5
5615,2628,3.40405903443177,2
5615,2889,3.0,3
5615,3256,3.3967354675125065,2
5615,3481,3.759251388561581,4
5616,1262,4.404874504752191,4
5616,1270,4.203956885028653,5
5616,2109,4.157606561620312,4
5616,3198,4.026691397025668,5
5616,3421,4.241834084638511,5
5617,589,3.849299433682117,3
5617,2529,3.5704598038197948,4
5618,342,3.994284118165915,5
5618,376,3.9270351307834153,3
5619,1136,3.7907595198136788,4
5620,1258,3.5845092344116334,5
5620,2297,3.6576600347962227,3
5620,2524,3.263712330735817,3
5620,3755,3.400092140657777,4
5621,145,2.114627943917022,2
5621,308,5.0,5
5621,356,3.0539807280471543,4
5621,858,3.583646251004429,5
5621,1078,4.262181249780692,4
5621,1126,2.012567305240496,2
5621,2990,2.2485558733443716,1
5622,492,3.419771951628944,3
5622,1223,3.0,5
5622,1394,4.306364005828483,3
5622,3424,4.177785655859866,3
5622,3639,3.8599902393728738,4
5622,3668,3.0,3
5623,457,4.238928549191955,5
5623,527,4.376286231384179,5
5623,1224,4.0,5
5623,1584,4.220114038476529,5
5623,2145,4.05282830425102,4
5623,2194,4.146980506870302,5
5623,2278,4.317039593555723,5
5623,3135,3.9958982490741457,3
5624,3539,3.0,1
5626,587,4.20332251112956,5
5626,1873,5.0,5
5626,3635,4.449796254659777,4
5627,7,2.988936183636821,2
5627,43,3.0,4
5627,952,3.6158889822296643,3
5627,1206,3.366667478464245,4
5627,1207,3.5217998038607243,4
5627,1208,3.433532742485958,4
5627,1269,3.5740578015792317,3
5627,1282,3.4122733484078123,4
5627,1291,3.2284081958948225,4
5627,1333,3.492151812912975,4
5627,1394,3.2313627758156134,3
5627,1748,2.937129782419442,3
5627,2018,3.284818140772594,4
5627,2096,3.1581214954271783,3
5627,2287,3.178754029171986,3
5627,2294,2.7941265688405856,3
5627,3099,3.326121289364005,2
5627,3507,3.203960289702066,4
5629,111,4.625582082477935,5
5629,608,4.553773047230164,5
5629,1299,4.658309297074667,5
5630,480,4.3810386750014,3
5630,1282,4.456947699633598,4
5630,1393,4.403609942111758,4
5630,1953,4.6903310792847615,5
5630,2020,4.650629776474597,4
5630,2064,4.538815266324951,3
5631,515,5.0,5
5631,3101,4.072933464244342,5
5631,3703,4.085125983904243,3
5633,750,3.9862343923304633,3
5634,1,4.14621636264083,5
5634,44,3.537913588499338,5
5634,1275,4.2077713120586395,5
5634,1676,3.6557875179723025,4
5634,2005,4.226772193096726,5
5634,2133,4.246514238405064,5
5634,2723,4.04057195284977,3
5634,2762,3.987046809820712,5
5634,2804,4.14486460008694,5
5636,85,3.0,2
5636,369,3.0,3
5636,733,3.0751453263355906,1
5636,1265,3.376909195749138,5
5636,1355,3.0,3
5636,1466,3.420346859561612,3
5636,1482,3.0,3
5636,1517,3.203757821161649,4
5636,1801,2.37787693466512,3
5636,1825,3.0,2
5636,1831,2.8607476241100227,1
5636,2072,1.8871720536344407,2
5636,2105,3.255759400915401,3
5636,2421,2.708056667716284,1
5636,2690,3.0,3
5636,2849,3.0,2
5636,2912,3.803384540851725,4
5636,2947,3.647214574675024,4
5636,3067,4.0103574690568395,4
5636,3591,2.8799670029091566,1
5636,3893,2.96499388159984,3
5638,455,3.0,3
5638,1633,3.0,3
5638,2422,3.0,1
5639,1357,4.67454508200615,4
5639,2599,4.406425445056142,5
5639,2712,4.581307969321138,5
5639,2997,4.346119855838149,5
5640,2090,3.0,3
5641,3257,3.444643400644029,4
5642,374,3.0,2
5642,2335,3.0,5
5643,21,3.3819808581580997,4
5643,208,3.1809430348441556,3
5643,368,3.2497917995854344,3
5643,480,3.4146534954625833,4
5643,1029,3.3182528509203357,3
5643,1201,3.5430813770531087,3
5643,1271,3.515542584593496,4
5643,1295,3.7773709255534644,4
5643,1300,3.2619883654777686,5
5643,1644,2.8031717740860285,1
5643,1876,3.2999179436193655,2
5643,1883,3.713682179365201,4
5643,1944,3.8739441391287253,3
5643,2174,3.377360494109235,3
5643,2293,3.0,2
5643,2369,3.324964424430622,4
5643,2616,2.975639864724962,3
5643,3070,3.386867877001611,2
5643,3317,3.7113932344472933,4
5643,3408,3.9214755256403437,4
5643,3543,3.9488630216201104,5
5643,3704,3.147406465275351,3
5643,3791,3.5095297982313505,2
5644,780,4.260816418466625,5
5644,2053,3.0,3
5645,1375,4.5461920530814925,5
5645,2167,4.602396639177354,5
5645,2376,4.577314245266148,5
5647,3178,3.9924159859676527,3
5648,673,4.115544077828426,3
5648,2822,3.515197807038457,2
5649,62,3.509011837920844,3
5649,224,3.3671082407492903,4
5649,2291,3.798794074875632,3
5649,2710,3.6140226336475987,3
5649,2724,3.127317135878206,2
5650,13,3.3277414554764735,3
5650,913,3.6302117242824194,4
5650,1292,3.263281118385234,5
5650,1320,2.4524584784391354,1
5650,1348,3.0,3
5650,1911,1.0,4
5650,2082,3.4432222009735383,2
5650,2141,3.3932833011530037,4
5650,2371,2.8121597990850176,3
5650,2529,2.530279743567333,2
5650,3264,3.0857970046424947,1
5650,3448,3.3150025838324715,4
5650,3623,3.258355798103507,2
5651,1501,3.0,2
5652,1680,3.97373421724301,3
5653,16,4.086534464638248,3
5653,1994,3.8532023694743023,4
5653,2701,3.40136758080848,4
5653,3363,4.051309900445487,5
5653,3755,3.5955055651073997,3
5654,141,4.041558227506472,4
5654,589,3.8893711473667865,4
5654,1034,3.0,5
5654,2594,3.0,4
5654,2692,4.089607483596651,4
5654,2762,3.9848736871648422,4
5654,3317,4.114003786163031,4
5654,3784,3.0,3
5655,391,3.0,5
5655,1487,3.0,4
5655,3452,5.0,4
5656,110,2.597679736515769,3
5656,1208,3.08449100945196,2
5656,1480,3.0,1
5657,350,4.453290322790805,5
5657,517,3.9869242985349578,5
5657,1393,4.303756950164261,4
5657,3247,4.20240583822849,4
5658,2366,3.857869486978182,4
5658,2670,5.0,5
5659,512,3.6897262174166476,3
5659,2391,3.948267443824047,3
5659,2802,3.6601587267906845,3
5661,1080,3.9419996327453872,3
5661,1358,3.794777863469945,4
5661,1907,4.072201317911327,2
5661,2080,4.089283191798559,3
5661,3030,5.0,5
5662,1602,3.0,3
5663,24,3.415257505706128,5
5663,151,4.153663957344276,5
5663,1049,3.812635689457299,4
5663,1339,3.404741230588525,5
5663,2288,3.6032216340564798,2
5663,3623,4.096082360949653,5
5664,780,4.219543949128594,4
5664,1388,4.024574149317,4
5664,2600,4.999999999999999,4
5664,2985,4.171162191190124,4
5664,3471,4.417722310244333,5
5664,3593,2.0,1
5664,3598,3.0,4
5665,2580,4.202512866906959,3
5666,1213,3.9145088252761773,4
5666,3578,3.9537786713123944,5
5667,838,3.478237197071659,4
5667,1017,4.0,3
5667,1245,4.2710052790178095,3
5667,2947,4.114483188450641,4
5667,2951,4.205211743132825,4
5667,3175,4.084336479294063,4
5667,3467,4.442620966711582,5
5670,1198,4.587672419378576,5
5670,1994,4.753252818287529,5
5670,2947,4.6605640137130075,5
5671,1042,4.444649944260415,5
5671,3359,4.618273533420696,4
5673,2108,3.5111116234941697,4
5674,1210,4.145452050593348,2
5675,164,4.51663087730875,3
5675,356,4.106537859968997,3
5675,947,4.0,5
5675,951,4.597075752967821,5
5675,1250,4.462239914307799,5
5675,1271,4.1697362583112785,4
5675,1552,4.004080294774933,4
5675,1620,3.837232937404311,4
5675,1670,3.0,4
5675,1672,3.995533995727291,4
5675,1686,5.0,3
5675,1994,4.215635980874276,4
5675,2336,4.146643871205073,4
5675,2440,3.0,2
5675,2500,3.0,3
5675,2540,4.0,3
5675,2718,3.0,3
5675,2728,4.600419165392364,4
5675,2797,4.095454671796087,4
5675,2912,3.9561763715088683,3
5675,3250,3.0,3
5675,3420,3.0,4
5675,3740,4.094771866694494,3
5676,218,4.0,1
5676,223,3.14535088027334,1
5676,543,2.9722290666123503,4
5676,1374,3.349856323481941,4
5676,2088,3.054246207553733,2
5677,52,3.7228604871192563,3
5677,1265,3.5224638415978373,4
5677,2791,3.5484342744171533,5
5678,1036,3.8087297376992315,4
5678,1198,3.8765947215681815,3
5678,1250,3.8847915185112663,4
5678,1343,3.578768432451837,4
5678,2100,3.7425486341424,3
5678,2972,3.0,5
5678,3527,3.876233686276083,4
5679,494,4.240160807811223,5
5679,736,4.5487432035644275,4
5679,2641,4.597784278032989,4
5679,2860,3.0,3
5679,2956,5.0,4
5679,2989,4.648522506984708,4
5680,3545,4.602000265992397,5
5680,3643,3.998908275753209,3
5681,608,3.563158714925778,5
5682,330,3.0764218984440497,3
5682,485,3.916167859606388,4
5682,1407,4.274565904962904,5
5682,2000,4.298087306343002,5
5682,2167,4.1537739183046405,5
5682,2195,3.5938513814253223,5
5682,2769,4.0,3
5682,2916,4.224158259544339,4
5682,3020,4.2966594786519,5
5682,3285,4.0,4
5682,3526,4.319794557060715,5
5682,3764,5.0,4
5683,590,3.7909411682159275,5
5683,838,4.1499383911469385,4
5683,1197,3.7557152560850877,4
5683,1518,3.451063851294908,3
5683,2596,3.0,2
5684,1179,4.143430959041032,4
5684,1552,3.2945558736455816,3
5684,2058,3.533188180153924,3
5684,2090,3.199070593180036,3
5684,2599,3.9940536247167935,4
5684,2863,4.362611804166996,2
5684,3000,2.485004470421281,4
5684,3107,3.3887968962963053,3
5684,3265,4.482511009518852,5
5684,3479,3.4779310122907168,4
5686,597,2.1413340148089226,2
5686,866,2.89577839092894,2
5686,1092,2.3064985839416337,3
5686,1219,2.549762347236205,3
5686,1250,2.5402312821407915,2
5686,1343,2.304572887275333,3
5686,1517,2.329479822024861,1
5686,1968,2.1269539557174877,2
5686,2391,2.727555018869035,3
5686,2571,2.453378656179652,4
5686,2634,1.0,1
5686,2640,2.226855055415526,2
5686,2699,2.2665322544038644,2
5686,3543,2.557512618883773,3
5687,590,3.819891427915736,3
5687,2723,3.792620996221591,1
5688,32,3.8121459695119646,3
5688,454,3.6754722979536845,3
5688,1032,2.8689563547856323,4
5688,1246,3.542269092005223,5
5688,2959,3.0273422986750322,5
5688,3100,3.94669082533116,3
5688,3271,4.242057660255025,3
5688,3418,3.730094884735762,3
5689,34,3.9692763978740877,4
5689,62,3.960972911509439,3
5689,383,5.0,3
5689,494,3.3743070084804985,4
5689,497,3.7745616900303305,4
5689,603,3.0,3
5689,1266,4.015381126000325,3
5689,1653,3.9732495812961126,3
5689,1888,3.4593579133774153,3
5689,1917,3.8550747396712994,2
5689,2745,4.403613179446497,5
5689,2987,3.8725376359401857,2
5689,3555,4.183996159727745,4
5691,2406,4.408437068495001,4
5692,2605,3.9005749807356507,1
5692,2826,4.160917881857694,4
5692,2827,3.0,2
5695,924,3.356540482516223,5
5695,1376,3.1319337483015137,2
5696,3527,4.686939335333082,4
5697,2712,5.0,1
5698,1,3.800702329448519,5
5698,39,3.8903293307659474,3
5698,587,3.782086771993808,4
5698,1376,3.5063722116500537,4
5698,1982,3.4812796160489037,4
5698,2150,3.7088246695876568,4
5698,3039,3.744920911216955,4
5699,1480,3.0,4
5699,1876,2.8790840681684817,4
5699,2001,3.2270037026844824,3
5699,2174,3.379601546766201,4
5699,2353,3.2000448564346216,2
5699,2722,2.9901926602177467,1
5699,3489,3.004543033229652,2
5699,3552,3.353396310928565,5
5700,747,3.0,2
5701,2354,3.0,5
5701,2407,3.585119946716327,5
5701,2872,3.8480788146985843,4
5701,3476,3.6917573581755954,5
5702,535,3.884883728850351,4
5702,851,3.0,4
5702,1280,5.0,4
5702,2677,3.0,4
5702,3578,3.91803351879073,3
5703,1200,4.155352413067198,3
5703,1263,4.319918711134158,5
5704,1296,4.581421564938726,4
5705,252,3.738509843470433,5
5705,595,3.793068350535287,5
5705,783,3.679781078804569,2
5705,832,3.973374156110767,3
5705,1030,3.5761327927146223,2
5705,1777,3.8373165219409144,4
5705,2085,3.6019440889086956,3
5705,2502,4.17089033186601,5
5706,141,3.8971742790826105,3
5706,593,4.168911769632717,4
5706,1127,3.8379229999515614,5
5706,1396,4.04355972074665,5
5706,1573,3.97718771444191,5
5706,1617,3.9857695738322945,5
5707,249,3.0,5
5708,1200,3.123822441208459,3
5708,1281,3.0,5
5709,32,3.8990811829868703,4
5709,648,3.8329074492509396,2
5709,1201,3.965327698078006,4
5709,1210,3.9247084431645844,4
5709,1610,3.871310457578255,4
5709,2985,3.8059862002898353,3
5710,380,3.5055344802335524,4
5710,608,3.762438542681984,3
5710,1625,3.84094271942646,2
5710,2706,3.3083902429892262,4
5711,2762,3.6476515562022724,5
5713,357,3.5671054304961003,4
5713,728,3.0,4
5714,3484,3.0,3
5714,3579,3.0,3
5715,110,3.924243929480631,4
5715,858,3.981724456951914,5
5715,1201,3.896920120006121,4
5715,1356,3.72640571975859,2
5715,1562,3.3974460575393826,1
5715,2009,3.579198119372283,2
5716,110,4.158402774810586,4
5716,785,4.00418264451061,4
5716,924,4.219213092290315,5
5716,2542,4.345336118221828,5
5716,2731,3.0,3
5716,2915,4.137386340724742,3
5716,3404,3.0,2
5717,30,3.0,4
5717,356,3.8043734062209262,4
5717,608,3.8670842442205333,3
5717,1200,3.8919466251995947,5
5717,1407,3.8472938887119748,3
5717,1845,3.0,2
5717,2357,3.0,5
5717,3496,3.0,3
5718,1094,4.415784287528747,5
5718,2391,4.412635240434291,4
5718,3252,4.3837159218295225,2
5720,173,2.685940476595429,2
5720,1049,3.040139717786501,4
5720,1200,3.1277064517186455,4
5720,1276,3.3345476708296866,3
5720,1370,3.0168022689304927,3
5720,1375,3.1660864243467985,2
5720,2021,3.2061496333033763,4
5720,2193,3.0739975313848813,4
5720,2424,2.616388281934976,3
5720,3102,2.057867579465686,4
5720,3257,2.672071168412169,2
5720,3441,3.0951683479613936,3
5722,318,3.9262892191868053,4
5722,1191,3.0,3
5722,2789,3.611116187206445,1
5722,3182,3.0,5
5723,1073,3.646257674249124,4
5723,2174,3.2667143892557022,4
5723,3175,3.300459690009808,4
5723,3300,3.290591301531901,4
5724,260,4.187445225251927,5
5724,1197,4.1739713736759985,5
5726,300,3.854387875535478,4
5726,1036,3.916446656585391,4
5726,1183,3.8486910238850425,3
5726,1198,3.460043216210961,4
5726,1391,3.4218385936070796,4
5726,2363,3.433511165310535,2
5726,2947,4.052885418158633,4
5726,3107,3.830870062961422,3
5727,3535,4.0,2
5728,497,3.9034293348913804,5
5728,1367,2.5237243398595615,4
5728,2375,3.264331486891295,3
5728,2405,3.5640735493056788,4
5728,2797,3.601480601506693,4
5728,3208,3.2710864211356623,2
5728,3255,3.533940962305568,4
5729,2717,4.282469243840927,4
5730,2395,3.668351770057688,1
5730,3052,3.630995124051221,1
5730,3175,2.8443375293526296,4
5731,1240,4.353774634870074,4
5731,2991,4.371119224383065,4
5733,780,3.952201798735835,4
5733,1258,4.166725853724072,4
5733,1580,4.073592098741968,4
5733,2455,4.1490059362078435,4
5733,3307,4.466466537799039,5
5734,222,3.636868326589196,3
5734,915,4.356324978053116,5
5734,2696,3.0,4
5734,3421,4.035419134490537,4
5734,3911,3.9931285151667395,4
5736,953,4.366189511785535,5
5736,1270,4.349577723913661,4
5736,2300,4.316553434318912,4
5737,1259,3.95322527082906,4
5737,1961,3.9639389752526246,4
5737,2028,3.9331737067722923,2
5737,2147,3.0,2
5737,2858,3.859400308351471,4
5738,318,3.546932577234302,5
5738,473,1.0,1
5738,519,2.6230729078442776,2
5738,1128,3.252033999012805,4
5738,1131,3.0,2
5738,1218,3.0,4
5738,1235,3.7779407001537537,4
5738,1321,3.7159102523441554,4
5738,1376,3.1601781463608933,4
5738,1969,3.14054621153779,2
5738,2683,3.448696001221388,3
5738,2722,2.4193932951460893,3
5738,2989,3.2075382097786553,3
5738,3350,3.0,5
5738,3372,3.0,3
5740,10,2.4141815793270727,3
5740,1193,3.5207288345655963,4
5740,2516,3.0,1
5741,3032,3.0856859084518886,4
5742,1225,4.179487342832723,4
5743,1296,5.0,5
5744,62,4.312137627025649,4
5744,357,4.200926168953774,4
5744,780,3.8620006347115674,4
5744,953,4.31406797775557,4
5744,1193,4.322510836108054,5
5744,1196,4.014781030918379,4
5744,1210,3.978763318519949,4
5744,1304,4.210906658533785,3
5744,1345,3.861853345091441,4
5744,1925,3.0,4
5744,2181,4.0,4
5744,2248,4.201942747107967,4
5744,2946,4.227397627465701,5
5745,1097,3.8834123693025857,4
5746,110,3.852178164873431,5
5746,1210,3.8069724314331594,5
5746,1954,3.763499679143852,3
5747,3,2.729398334996953,2
5747,253,3.603368623442156,3
5747,538,4.095561181958081,4
5747,778,4.192399430588666,4
5747,1217,4.680608013567995,5
5747,1220,3.7764087839664313,5
5747,1422,2.824130769145846,2
5747,1499,2.0698928056721377,1
5747,1616,2.6359827072485515,2
5747,1917,3.3056566895622215,2
5747,2311,3.3937729044170726,4
5747,2719,2.665793819438836,1
5747,2789,1.560163091145287,2
5747,3034,4.004709216028505,4
5748,364,4.5138196328410904,4
5748,1912,3.813335491246394,3
5749,1,3.5328799721125765,5
5749,344,3.153880657066157,1
5749,527,3.7256953538342756,4
5749,759,3.0,4
5749,1057,3.0,4
5749,1344,5.0,4
5749,2726,5.0,5
5749,2731,5.0,5
5749,2836,3.0,3
5749,2997,3.836253420563363,5
5749,3083,3.0,5
5749,3304,3.0,3
5749,3527,3.3929454639280907,1
5750,50,3.3798785906741236,5
5750,1376,3.281087632401811,2
5750,1610,3.192373339874536,3
5751,60,3.449900782162888,3
5751,577,3.0,3
5751,1907,3.1671630077398807,4
5751,2355,3.3624910244048967,4
5751,3081,3.6566598629569262,3
5752,508,3.901195907090525,4
5752,1136,4.070760796618444,4
5752,2690,4.0,3
5752,2762,3.8345472997429124,5
5753,1587,4.3615328622040295,5
5754,69,3.22136317444706,2
5754,232,3.0,4
5754,265,3.696494595305202,4
5754,266,3.2004462734783834,1
5754,314,3.0,4
5754,506,3.0,3
5754,762,2.308927330808389,1
5754,778,3.572964177855302,4
5754,1197,3.247034888065143,3
5754,1883,3.2934025508183264,3
5754,2657,3.6077668627571198,2
5754,2717,2.78226063559368,2
5755,440,3.713126832342901,4
5755,468,2.3642203673820164,3
5755,700,3.0,3
5755,933,3.910211300030859,4
5755,1061,3.664323746060833,3
5755,1204,4.006833501046531,5
5755,1275,3.370590021604558,4
5755,1614,3.168836020204959,3
5755,2599,3.9066562857225935,4
5755,3152,4.29934774766603,5
5755,3255,3.785409611666098,3
5755,3450,3.31422707408314,3
5756,586,4.323959334188416,2
5757,1374,3.7449558874884614,4
5758,21,3.410268355431493,5
5758,608,4.035297177815488,1
5758,1617,3.5747136165327724,5
5758,2066,4.538098071469055,5
5758,2791,3.4008423133909744,1
5758,3418,3.931786730680127,3
5759,32,3.850127034882095,5
5759,319,4.169191555432532,4
5759,415,3.0,2
5759,861,3.2907233866651464,5
5759,928,4.31994646848586,5
5759,1193,4.13402922172988,5
5759,1453,3.0,3
5759,1682,3.7974191559621997,4
5759,2208,4.321241422407698,5
5759,2273,3.295769609958232,5
5759,2657,4.012236750942747,4
5759,3194,3.658479546020415,4
5761,153,3.361407576011077,1
5761,1230,4.137039826006967,5
5761,1238,4.008113977909584,4
5761,1963,4.124789705879384,4
5761,2150,4.195533996620726,1
5761,2301,3.7341897110779083,4
5761,3070,4.069245309499782,5
5762,592,4.116765281146918,1
5762,919,4.17415062005135,5
5762,924,4.276126332374207,3
5762,943,3.0,3
5762,1025,3.8940693408755642,4
5762,2043,3.0,2
5762,2340,3.0,5
5762,2657,3.6800911614862595,3
5762,2857,4.678088047848522,5
5762,3361,4.23860538546926,5
5763,272,4.377694560476947,5
5763,292,3.093726487326059,1
5763,539,3.297693404035394,3
5763,830,2.6518428174922284,1
5763,858,3.82775161050894,5
5763,912,3.9902796118448265,5
5763,1961,3.7210007820713735,4
5763,2124,3.2015233022963177,4
5763,2160,4.069542771473835,5
5763,2186,4.299234496850704,4
5763,2528,3.4204479484357084,4
5763,3175,3.557771980767913,5
5763,3680,3.0,5
5763,3684,4.123326361180613,5
5764,937,3.0,4
5765,733,3.327997571243707,4
5765,924,3.5182203093731186,5
5765,1334,3.3483803912553403,1
5765,1527,3.3234596343737914,4
5766,7,4.348695306336148,4
5766,2858,3.656187283660756,4
5767,6,4.14443957469059,5
5767,172,3.7299423756115115,3
5767,356,4.158147108960727,4
5767,380,4.05258705739659,4
5767,1616,3.481917975216816,3
5767,1653,4.145639844640232,4
5767,1971,3.6047989608535675,3
5767,1988,3.8492574223666582,2
5767,2334,3.5689717923970363,3
5767,2371,3.7376648174204616,4
5767,2968,3.6363228703151083,3
5768,931,5.0,5
5768,3357,3.0,5
5769,1527,4.099778961786121,4
5769,1748,3.404906960799763,4
5769,3354,3.487896646861915,2
5770,3196,4.885550876162402,5
5771,112,4.248072729227638,5
5771,531,3.0,2
5771,594,3.6048585771997788,4
5771,940,3.0,4
5771,953,3.5618833051651113,3
5771,1079,3.800206576060234,5
5771,1947,3.6882051582452005,3
5771,1965,3.656585109750605,5
5771,2301,3.941578635400679,5
5771,2379,3.1860297224219147,3
5771,2383,3.2256411739003026,3
5771,3471,3.4475390613861556,3
5773,47,4.243445733867097,4
5773,3081,3.8022379750072597,4
5775,508,3.7714889944993826,2
5775,858,4.045031166020624,5
5775,1221,4.094711960232643,5
5775,1701,3.8132704008846594,4
5775,1840,3.0,4
5776,555,3.9606999485482013,4
5776,1059,5.0,3
5776,2028,3.9256203512789973,5
5776,2105,3.8176440516929815,4
5777,50,4.354108222141538,4
5777,145,3.0,3
5777,1337,3.0,4
5778,610,4.324660558896918,5
5779,58,3.374883394970435,5
5779,110,3.6625361711726954,5
5779,141,3.938655131525397,4
5779,474,3.5770362299245297,4
5779,1210,3.66306534994533,4
5779,1290,3.3454504755188026,2
5779,3115,3.0,2
5780,748,3.879788980535759,3
5780,1661,3.0,3
5780,1662,3.0,4
5780,1769,3.785856691205073,5
5780,3256,4.003915836429859,4
5782,1101,3.6768965019486344,5
5782,1246,3.764571825449291,5
5782,1474,3.0,3
5782,2521,3.0,3
5782,3147,2.84879770418634,5
5783,266,4.341617257441815,3
5784,2694,3.47947206204455,2
5784,2716,3.6318221098799226,5
5785,164,5.0,4
5785,1127,4.43630324470631,3
5785,1923,4.567034235106377,4
5785,2028,4.51628516612078,5
5785,3255,4.446543652363045,4
5786,260,3.7131003154584747,4
5786,331,3.0,3
5786,593,3.8606291598452604,4
5786,1266,3.924182730146345,4
5786,1580,3.5978998400738265,4
5786,2407,3.3384634989386623,3
5786,2469,3.3030595621165704,3
5786,3067,3.6437870121432097,4
5787,316,3.484677754180418,3
5787,858,4.019916576384835,5
5787,922,4.596861078804992,5
5787,947,4.742340149664099,5
5787,1381,2.7660617483782666,3
5787,1747,3.7909856508519533,3
5787,1909,3.700736033264427,4
5787,2037,3.0,2
5787,2101,3.0,2
5787,2300,4.488997981441242,5
5787,2533,3.8512434354781595,3
5787,2641,3.606305178229515,4
5787,2871,4.101990738450334,4
5787,2877,3.0,4
5787,3032,4.119455933120883,4
5787,3492,3.0,4
5788,63,1.0,3
5788,216,2.9666130970037696,2
5788,353,3.1537830656692103,4
5788,1128,2.6268337561873234,2
5788,1230,4.458839833182185,5
5788,1297,3.5521520419205554,3
5788,1376,3.30690021859329,3
5788,1580,3.4325517559314194,3
5788,1676,3.1580483287100574,1
5788,1999,2.776758991655798,4
5788,2111,3.1900502818840892,4
5788,2296,4.0,1
5788,2327,2.472284858065055,3
5788,2396,3.934303472382255,4
5788,2713,3.30036012157754,1
5788,3397,3.3948549821290595,4
5789,2076,3.0,4
5789,2762,3.0,4
5790,2272,3.0,4
5791,111,4.435803341793536,5
5791,543,4.258867449856102,4
5791,2395,4.242301534472973,5
5791,2804,4.503438238979957,5
5791,3424,4.462252327879335,5
5792,31,3.0,3
5792,1352,3.0,2
5792,2560,3.0,3
5792,2916,3.8588550602415768,3
5792,3007,3.0,5
5792,3457,3.0,3
5792,3571,3.0,3
5793,2944,4.480104114294185,4
5794,218,3.0,5
5794,921,4.498898877861088,5
5794,934,3.0,5
5794,1125,4.140249859965458,5
5794,2558,3.877380622851812,3
5794,3243,3.2285170811923103,2
5794,3253,3.8293969537264454,3
5794,3591,3.5900473372582176,4
5795,74,1.0,2
5795,163,3.059203742481605,1
5795,207,2.3975035950157846,4
5795,292,3.0450545505616478,1
5795,340,3.0,4
5795,424,3.0,3
5795,436,1.614321264902727,2
5795,437,1.0,1
5795,440,3.692122101843053,3
5795,454,3.6126553594192985,4
5795,628,3.797432924479977,4
5795,978,3.0,4
5795,1178,4.814094597728315,5
5795,1275,3.348428238142038,2
5795,1404,3.0,3
5795,1436,3.0,3
5795,1440,3.0,3
5795,1552,3.0979799683650318,1
5795,1625,3.4923521210722566,4
5795,1667,3.0,1
5795,1907,4.188408855890599,5
5795,2002,2.856562544977959,2
5795,2043,4.495203657238746,3
5795,2071,3.0,3
5795,2154,3.0,2
5795,2255,3.0,1
5795,2267,3.0,2
5795,2375,2.7840280221364693,1
5795,2389,2.7062595270518393,1
5795,2404,2.0447504529092724,1
5795,2478,3.193441096561258,1
5795,2617,2.7709519735346797,2
5795,2671,3.4449357936891336,3
5795,3033,3.1333801382696587,2
5795,3365,4.361048461168078,5
5795,3444,2.25816538096618,1
5795,3504,4.743421470272455,5
5795,3511,3.0,1
5795,3605,2.0,4
5797,185,3.078809945463315,3
5797,1253,3.967960748865833,3
5797,2985,3.5300372324714746,3
5798,2683,3.897956730935244,3
5798,2762,3.8416705756401477,5
5798,3160,3.8139476105056267,1
5798,3174,4.212498216036195,3
5801,1682,4.220525328087351,4
5801,2321,4.022018650142266,4
5801,2628,3.7535682451150953,4
5801,3498,3.0,4
5804,1094,3.61289037392216,3
5805,1218,5.0,4
5805,1617,3.8802896384909893,5
5806,58,3.798314027332577,3
5806,476,3.0,4
5806,2289,4.008962845009384,5
5806,2731,5.0,5
5806,3071,4.002055215091618,4
5806,3094,3.0,4
5806,3350,3.515018407519063,3
5807,1230,4.175990045593594,3
5807,2155,4.399853646700937,4
5807,2289,4.145031814211806,5
5807,3257,2.0,1
5808,2918,3.751450812214257,5
5808,2948,3.815261312211099,4
5809,1242,3.737590237433402,5
5809,1289,3.0,3
5809,1831,2.89368535021719,1
5809,2245,3.5645295580914556,2
5809,2268,3.517760933613491,3
5809,2699,3.558920399075699,4
5811,7,2.021333754936958,4
5811,594,3.4957544968556236,3
5811,1183,2.986610922314113,1
5811,1416,3.0,4
5811,1569,2.6716805684815665,5
5811,2077,3.0,3
5811,2450,4.0,1
5811,2716,3.7849185360683575,4
5811,2997,3.356591328365556,4
5811,3072,3.616082869441429,4
5811,3258,3.8938019072386796,5
5812,43,3.0,2
5812,306,4.198591195979654,5
5812,597,3.969504012208299,5
5812,606,3.0,1
5812,905,4.453995606273906,4
5812,1013,3.353086712022278,4
5812,1185,4.593698661361981,4
5812,1281,4.484637893321923,5
5812,1358,4.187904391205829,4
5812,1552,3.8601939385396618,4
5812,1721,4.181061399712818,4
5812,2022,3.0,5
5812,2310,3.0,5
5812,2419,3.5097803553455695,3
5812,2735,3.6920935952596112,2
5812,2997,4.113316550277188,3
5812,3087,3.759447572242268,4
5812,3111,4.727789998932878,5
5812,3331,3.0,2
5812,3604,3.522786786147815,4
5812,3671,4.163198858128125,5
5812,3753,4.401896586581516,3
5813,474,3.799846909215958,3
5813,2991,3.8303044001111424,4
5814,356,4.492019663156263,4
5814,919,4.2738375840713605,1
5815,1573,3.5937530072959913,3
5816,924,4.6442259892538615,3
5816,1086,5.000000000000001,5
5817,2355,4.0,5
5817,2707,4.0,4
5821,260,4.12195942004265,4
5821,3287,3.0,3
5822,1348,3.0,5
5822,3550,3.1626591409314244,4
5823,590,3.940252130606022,4
5823,595,3.871372527612774,4
5824,1,3.7700280898329135,4
5824,10,3.653492768611536,3
5824,364,3.7533472243885306,4
5824,481,3.9698185306591696,2
5824,1073,3.700913238253014,3
5824,1259,3.7695464554468705,4
5824,1267,3.9848361504052345,4
5824,1792,3.5254722431236925,4
5824,1831,3.4249211061894456,3
5824,2009,3.4728091120566598,4
5824,2110,3.048025978123644,3
5824,2382,2.922040323588019,1
5824,2407,3.2926247144557115,4
5824,2529,3.469292390165327,5
5824,2748,3.0,2
5824,3203,3.7173373019349825,3
5824,3536,3.50613513117303,4
5825,2336,4.343782099127753,4
5826,471,3.733122468907581,5
5826,597,3.5217505921244183,3
5827,2581,3.5300042579524082,4
5829,1292,3.9740391947726934,4
5829,1954,3.799841982081591,4
5829,2692,3.857492387224144,4
5829,3549,4.4652749455729035,5
5831,28,3.0,4
5831,249,3.0,5
5831,377,3.790452919221565,4
5831,426,3.4334766289278615,3
5831,464,3.007295418681053,2
5831,879,3.4904224192983233,3
5831,1199,4.058362816518714,5
5831,1515,3.4290324638887664,4
5831,1566,3.821786521748784,4
5831,1587,3.600414112880492,4
5831,2087,3.888149545222052,4
5831,2121,3.4340694853552565,3
5831,2133,3.7235612546909795,4
5831,2404,3.2970244625048983,3
5831,2504,3.0,3
5831,2700,3.922485771837857,3
5831,2857,4.120024355372027,3
5831,2906,3.0,2
5831,2942,3.9942028312434505,3
5831,3020,3.7066393477905892,4
5831,3028,4.0,4
5831,3060,4.168071464421436,4
5831,3510,3.9351174463924106,4
5831,3619,3.0,3
5831,3707,3.7496758364252076,3
5832,34,3.8638136573508266,4
5832,80,3.0,4
5832,272,4.258327075393302,4
5832,994,4.0,4
5832,1358,4.1885845813733384,5
5833,1617,3.9016974011893057,5
5833,1635,4.257666706766938,5
5833,2555,3.0,2
5835,17,4.214957132830522,4
5835,912,4.228887477526678,4
5835,953,4.4549839110139375,4
5835,1213,4.309742153820967,3
5835,2276,3.0,4
5836,2889,3.0,3
5837,204,3.793369637649672,4
5837,356,4.188835354001883,5
5837,548,3.88083267643591,4
5837,1101,4.1362685615899855,5
5837,1265,4.199102617682653,4
5837,1722,4.11745957752887,4
5837,1732,4.238917579971375,3
5837,2002,4.059967153520797,5
5837,2294,3.7042009073842355,4
5837,2662,4.1209849653060235,3
5837,2985,3.934132477435137,4
5837,3045,3.0,5
5838,1293,4.1917876040362385,5
5838,1957,4.030412610670726,4
5840,371,3.0,3
5840,586,3.7530426315283205,3
5840,2245,3.759026266831587,4
5840,2384,4.0,3
5840,3299,3.0,2
5841,951,4.847668851093334,5
5841,1096,4.308095166301982,3
5841,2699,3.796899489953685,5
5841,2916,4.099393219241112,3
5841,3448,4.173327126136723,4
5843,235,2.81311762880311,1
5843,899,2.9451822251791806,4
5843,1148,3.435636683476916,5
5843,1210,2.5171391155895644,3
5843,1213,2.6081887079532184,2
5843,1375,2.3115708280305114,1
5843,2687,2.9044785013365133,2
5843,2697,3.0,3
5843,2712,2.721378193255036,1
5843,3471,2.568421510601094,3
5844,3147,4.268358039792513,2
5844,3175,4.0023831863518575,5
5844,3785,3.0,3
5845,2204,3.0,4
5845,2333,4.5847250953971965,5
5845,2722,3.617381899252672,3
5846,541,3.722076903932832,5
5846,1136,4.553141824693328,4
5847,110,4.103529877195766,5
5847,237,3.5908379655349614,3
5847,442,3.9309778709199614,4
5847,1025,4.385547710689902,4
5847,1028,4.186013719969732,5
5847,1210,4.100777754872452,5
5847,1258,4.264046631651658,5
5847,2006,3.981881963979169,4
5847,2046,4.078792102507202,4
5847,2085,4.4072326082743585,5
5847,2105,4.0485235112278035,4
5848,50,3.695910347783665,3
5848,110,3.60755590685745,3
5848,158,3.3346788083766317,3
5848,745,3.520702502015664,3
5848,950,4.301639807971559,5
5848,1317,3.0,3
5848,1680,3.942021538545801,4
5848,1956,4.201166528981635,3
5848,2194,3.3496098264253362,3
5848,2669,4.0,4
5848,2732,4.679458790982332,5
5848,2941,4.013563205497952,3
5848,3256,3.132510589715417,3
5848,3424,3.834832956434345,4
5848,3448,3.622763321500848,4
5849,750,3.776214221785925,5
5849,1223,5.0,5
5849,3155,3.0,4
5851,590,4.036233584509003,5
5851,957,3.0,1
5851,2846,3.0,5
5852,539,3.279333932746168,4
5852,923,3.948824798152199,5
5852,1259,3.601793742686543,4
5852,2348,3.3231393414120793,3
5852,2804,3.603677315199425,5
5852,2973,4.1581530771894935,3
5852,3261,3.224463472253277,5
5852,3358,3.296915296273892,5
5852,3524,3.308026113911394,3
5852,3529,3.101511592538692,4
5853,1617,3.2310536081186654,5
5853,2022,3.0,4
5853,2640,3.0571999763453066,4
5854,104,3.6688916275452708,4
5854,519,3.87691601755604,2
5854,1342,3.4317188443168556,2
5854,1377,3.6271030960512802,3
5854,1385,3.788676906503406,4
5854,1722,3.830996315351165,3
5854,1970,3.2991100989432933,3
5854,2867,3.6205136543764067,5
5854,3063,3.0,4
5854,3267,4.504792589682351,4
5854,3476,4.372191670456036,4
5856,3424,3.265275498999103,2
5857,1350,2.1817833739614882,1
5857,1784,3.842681084990336,4
5857,1957,3.5378193325007565,2
5857,2971,2.349242346721851,4
5858,527,4.249331624631497,5
5858,1104,4.600354887885548,5
5860,1569,4.08536737259484,4
5861,1086,3.983290845045636,4
5861,1294,4.00786671279275,5
5861,1608,3.588570769277585,3
5861,1894,3.8477727998646354,3
5861,1950,4.169829620320963,4
5861,2983,3.6542176508258684,4
5861,2997,3.945617095492387,4
5862,151,4.629022076735581,5
5862,329,4.691506354556299,5
5862,2002,4.689720617771412,5
5862,2716,4.649253828984203,5
5864,590,4.173231635247789,5
5864,1258,4.411289997089526,4
5864,1296,4.0,4
5864,1960,4.197024693347634,5
5865,924,3.7947153736662425,3
5865,2628,3.4563219563573697,3
5865,2985,3.45004835984054,3
5867,2546,3.0,2
5867,2881,3.9339082441574766,5
5867,3584,3.0,3
5869,370,4.0,3
5870,260,4.3188654385693015,5
5872,1485,3.453068223204491,4
5872,1639,3.5463299091458436,4
5872,2762,3.557073853750524,5
5872,3418,3.692216929184481,3
5873,2028,4.267143191134838,5
5873,3328,3.0,2
5874,165,2.9453104092125733,4
5874,253,3.49797362312716,3
5874,293,3.790179021131962,5
5874,492,5.0,4
5874,899,4.328581052400379,3
5874,1097,3.7141499943177676,4
5874,1961,3.8483104579011296,4
5874,2433,3.8183913764558812,2
5874,3894,3.0,4
5874,3909,3.0,3
5876,380,3.831612824980156,4
5878,170,3.2214776319895377,4
5878,293,3.595556530472226,5
5878,541,3.2517697625561532,5
5878,608,3.711488711127688,5
5878,728,5.0,5
5878,801,3.0,5
5878,805,3.5611991597401476,3
5878,903,3.969434536062742,5
5878,930,4.460721084860192,5
5878,1597,3.4791913456780805,4
5878,2028,3.6405730604273674,5
5878,2104,3.0,4
5878,2761,3.651463660897243,5
5878,2780,3.0,1
5878,3271,4.1258245626814265,5
5879,836,3.0,4
5880,141,3.2438017096378897,3
5880,189,3.0,3
5880,249,3.0,1
5880,719,3.1383070098878654,2
5880,803,3.0,4
5880,1057,3.2201142540947845,2
5880,1078,3.6115487993075965,5
5880,1221,3.6658384605485304,5
5880,1380,3.3624319097748137,4
5880,1500,3.6757495990577205,4
5880,1645,3.4754975536617687,5
5880,1939,2.744379507937033,3
5880,1945,3.266791628883118,3
5880,2952,3.0,4
5880,3525,3.0677219504262845,3
5880,3679,3.0,3
5881,339,3.9031700829852274,4
5881,349,3.8138830194190416,3
5881,367,3.724237254823509,4
5881,589,3.834485565601188,5
5881,788,3.64003170045795,5
5881,1703,3.0,3
5881,2012,3.7616178457090608,4
5881,2294,4.182841172578222,4
5881,2439,3.0,2
5881,3100,3.8931169763356266,3
5881,3247,3.7307287705790406,5
5884,21,3.5363922804029504,4
5885,471,4.345891169352223,4
5885,2023,4.7873591508128825,4
5885,3471,4.55164644630477,4
5886,593,3.677430210407279,5
5886,838,3.940397423993445,4
5886,1288,3.637893862686059,4
5886,1297,3.111154329492431,4
5886,1376,2.9155208194111673,4
5886,1732,3.6761152158072963,3
5886,1909,3.084992766416336,3
5886,2021,3.1543262709443174,3
5886,2145,3.4895654818009683,2
5886,2394,3.547100543139024,3
5887,1014,3.0,3
5887,1247,3.700194488501583,5
5887,3528,2.0,2
5888,3,2.7564750870151546,1
5888,153,2.91530759552423,2
5888,380,3.3672372019835732,2
5888,778,4.168333836858825,4
5888,783,3.6924060931672726,3
5888,1093,4.494738904666947,1
5888,1287,4.116700492362374,4
5888,1379,1.8333237024789883,1
5888,2470,3.395296183384939,4
5888,2561,3.0,3
5888,2875,2.975896210248939,3
5888,3039,3.6022647933571745,5
5888,3108,4.018180736576206,3
5889,1284,4.45629234631454,4
5889,3037,3.9681660561212446,5
5890,951,4.15978192902363,4
5890,1231,4.209630789770766,5
5890,1643,3.0,4
5890,2000,3.901315630083973,3
5890,2109,4.096121765822244,4
5890,3072,4.277487263486992,2
5890,3371,3.0,4
5891,3238,3.0,1
5892,736,4.1164666203659905,3
5893,356,3.166566516572892,1
5895,3550,3.0,5
5895,3577,3.0,3
5896,838,3.1628371748759023,4
5896,1747,3.067068529072447,5
5896,3614,2.9551579337352227,2
5897,2891,3.0,4
5897,3296,3.0,4
5898,2394,4.0,4
5898,3250,3.0,3
5899,2762,4.0,5
5900,1190,3.0,4
5901,1089,3.383074499283713,1
5901,1210,3.3831294224488215,4
5902,1035,3.6383118812121795,1
5902,1212,4.330103530364256,5
5903,1372,3.452089331688386,4
5903,2046,4.04696365608223,3
5905,1376,3.649764769775723,4
5905,1644,1.7001807549646824,1
5905,2858,3.5976029809629555,4
5906,1225,4.186861233407431,4
5906,1270,4.19147310300919,4
5906,1464,1.0,1
5907,50,3.763929545280333,4
5907,858,3.810518037029444,2
5907,1046,3.0,4
5908,110,4.323615482885752,5
5908,266,4.435037153441606,3
5908,473,3.0,3
5908,2100,4.336073768677523,2
5908,2194,3.8990575583773115,4
5910,1198,3.658104660070891,4
5910,1961,3.963338067255293,5
5910,2245,3.5945775167599545,2
5911,1197,3.772481607519548,5
5911,2688,4.234792617041176,4
5912,920,3.3202848105698624,1
5912,1073,3.6477877057297383,5
5912,1247,3.530814976274726,3
5912,1291,3.6021837353010557,5
5912,2948,3.5558078181966275,5
5913,318,4.070579658059173,5
5913,1923,3.9979976154881074,3
5913,2583,3.0,1
5914,2194,4.5427204765386575,3
5915,11,3.8198888158691555,4
5915,153,3.6839829770789634,2
5915,924,4.212253122626081,4
5915,1552,3.829119780682214,3
5915,1590,3.2280975424712626,3
5915,2004,3.071559026364027,2
5915,2023,4.013002219006077,4
5915,3527,3.8991735127920673,3
5916,737,2.410905643460731,1
5916,906,3.0,3
5916,1227,3.1444512547486534,3
5916,1332,3.254407808456465,3
5916,2012,3.21714942217173,4
5916,2085,3.3305455546352074,3
5916,2617,3.2883318475881067,3
5916,3021,2.476169121435581,2
5916,3093,3.332038586237767,5
5916,3107,3.2338895197669237,3
5917,941,3.0,5
5917,1009,3.242883930888528,2
5917,2001,4.118587249916402,4
5917,2872,4.136011982058709,3
5918,3578,4.080914115973469,5
5919,24,2.247433841914704,2
5919,2706,3.0895716902237105,5
5920,440,4.086232097905195,5
5920,527,4.0687485558943095,5
5920,678,2.0,2
5920,969,3.886936186971087,2
5920,1198,4.009076611739787,4
5920,1784,4.056880683146404,3
5920,3178,4.490733311477772,5
5921,1240,3.6340919747929803,4
5921,2782,3.0,4
5922,596,3.6656185726653625,3
5922,1041,3.9057237106966407,3
5922,1940,3.4973398329444816,3
5922,2017,3.6440560389855343,2
5922,2313,3.688036202641182,3
5922,3420,3.0,1
5924,466,3.696751224486883,4
5924,969,4.205571053903359,4
5924,1792,3.7446887434221177,3
5924,2409,3.028259793584873,2
5924,3430,2.702578857033061,4
5925,32,3.7654273264897666,4
5925,337,3.7126577503976264,4
5925,1244,3.981560126964354,4
5925,1259,3.895039746138916,5
5925,2137,3.8351687347912446,5
5925,2700,4.05989374656452,5
5926,1049,3.8644060003772713,4
5926,1374,3.861531493391499,4
5927,52,2.969223584042588,1
5927,260,4.088174992476323,4
5927,1354,4.136712790144327,5
5927,1794,3.0,4
5927,3618,5.0,4
5928,2762,2.9999999999999996,3
5928,3588,3.0,3
5929,70,3.2759719472491127,4
5929,1321,3.980492460098023,5
5929,2113,3.0,3
5930,185,4.7503497032222874,4
5930,904,4.999999999999999,5
5930,1036,4.423399188785354,4
5930,3101,4.4284474127478495,3
5931,2005,3.7825085660803714,3
5931,2100,3.7561425145767444,2
5931,2336,3.349283314007292,4
5931,2366,3.1971902245709343,3
5932,3256,3.096564113530459,2
5932,3267,3.528842879500745,5
5933,224,3.0,4
5935,2804,3.8145567487453897,4
5937,1663,3.689559072561794,4
5937,2687,5.0,3
5937,2804,3.7660862672542765,4
5937,3527,3.626930237261736,4
5938,247,4.487090962886925,5
5938,471,3.914413575069104,3
5938,1185,4.0,5
5938,3004,3.0,1
5939,1206,4.326041289543286,5
5939,2352,3.693967568740411,5
5940,2841,3.8676604808906663,4
5943,2881,5.0,4
5944,1210,2.453674719959546,1
5946,3,3.8071199102462008,4
5946,58,4.626709083176846,4
5946,1094,4.122979327778589,4
5946,3396,3.7272329303599743,4
5947,750,3.3202864141670987,3
5947,1210,3.0357640607412577,3
5947,2455,2.9772030231977875,2
5947,2654,2.875320089891218,4
5947,3503,3.0,2
5948,947,4.6865707874446265,5
5948,1212,4.885225001876111,5
5948,1955,4.369352015661113,5
5948,2088,3.4983790088387736,5
5948,2186,4.830560758915056,5
5948,2937,5.0,5
5948,3099,4.487062692377841,4
5948,3671,4.266971906410271,5
5949,1352,2.9777766828140892,3
5949,2028,3.9703272063346726,5
5949,2159,4.0,2
5949,2683,3.1435324264712734,5
5949,3019,4.715475290552351,5
5949,3146,3.0,3
5949,3481,3.941954705170894,3
5949,3555,3.9880841942472958,1
5950,50,3.3184187764160558,4
5950,562,3.3958100451066473,3
5950,1769,2.4450659769172276,2
5950,1936,3.0,4
5950,1961,3.259665905145452,3
5950,2616,2.515186675614838,2
5950,2706,2.9856466080539827,2
5950,3074,3.0,3
5950,3101,3.113407044952042,3
5950,3587,3.0,1
5951,1210,4.0412557438923855,5
5951,1221,4.069640206848431,2
5951,1246,3.974454305489513,4
5952,1968,4.01526637497507,4
5952,2944,4.247062844221037,5
5952,3044,4.322792983965484,5
5952,3462,4.83833296331748,4
5952,3516,3.0,5
5954,307,3.0,5
5954,1008,4.0,1
5954,1078,4.277923376165015,3
5954,1128,3.1530783264175306,3
5954,1172,4.259323813989474,5
5954,1343,3.6247184799191414,3
5954,1595,1.0,1
5954,1610,3.5376467274221395,5
5954,1976,1.966962264558925,1
5954,2151,3.0,1
5954,2641,3.391488043812318,2
5954,2748,3.0,2
5954,3252,3.7658765903211617,1
5954,3421,3.767512253471299,4
5954,3489,3.408495397017591,3
5955,198,3.6219481248228496,3
5955,353,3.570075398489195,3
5955,520,3.2378946767630805,3
5955,543,3.4975825481599103,4
5955,608,3.6327289178273894,5
5955,750,3.7616474903558275,5
5955,1370,3.4685552163162847,4
5955,2100,3.6476670962584903,4
5955,2102,3.497750269158694,3
5956,247,3.49096724948954,3
5956,733,3.2996102962302696,3
5956,1196,3.382835462883995,3
5956,1233,3.3823721762683956,2
5956,1994,3.6272789381007287,3
5956,2803,3.3740474745606557,4
5956,2987,3.362518820286885,4
5956,3274,2.9999999999999996,3
5956,3476,3.532597795101031,2
5957,170,3.209800326757837,2
5957,180,3.686792332269641,4
5957,314,3.0,4
5957,364,3.5764572670943546,3
5959,2004,2.994241495930638,5
5959,2390,3.0,4
5960,489,3.0,3
5960,1580,3.9406800583658064,5
5960,1948,4.509300544556511,3
5960,2424,4.110593589597369,4
5960,2841,3.8099476427233534,4
5961,276,2.680900681533824,2
5961,367,3.1385412847283303,3
5961,490,2.0,3
5961,509,3.4548455938564713,2
5961,707,4.0,3
5961,1479,2.866278991453929,2
5961,2279,2.6228567502583333,1
5961,2505,1.9776240787209616,2
5961,2707,3.0,3
5961,3176,3.4997682987702503,3
5961,3528,2.7529059614653297,1
5962,858,4.850433334908985,5
5962,1219,4.8217610869542264,4
5962,3386,4.912241945773101,3
5963,357,3.806669425747275,4
5963,1204,4.216823447876351,5
5963,1221,4.017644552081487,5
5963,1396,3.6965345151387075,3
5963,1589,4.010128935501426,3
5964,440,4.147989491081488,3
5964,574,3.0,4
5964,750,4.462492723053834,5
5964,1777,3.519544508303889,4
5964,2301,4.3158467698466,3
5964,2469,3.803476941457069,3
5964,3429,5.0,5
5965,2041,3.0,3
5965,2706,3.4404047072232915,4
5966,230,3.6849405656030365,3
5966,345,2.7607627126752234,4
5966,590,3.3203417011576764,2
5968,3317,3.0,4
5969,1167,3.0,3
5969,2100,3.6691409590736095,5
5970,260,4.134929560527995,4
5970,2525,3.0,1
5971,1225,3.9518390773108325,3
5971,2262,3.5025839798168783,3
5971,2436,3.0,4
5971,2470,3.586372779593759,3
5972,50,4.017192444979167,4
5972,440,4.110100034890919,4
5972,1278,4.093902430687075,4
5972,1673,4.11367956955389,3
5972,2028,4.041430044827115,5
5972,2105,3.9421548928291137,2
5972,2302,3.9820859101444177,5
5972,2748,3.0,2
5972,2990,3.8832264304551365,2
5972,3214,3.0,3
5972,3269,3.5977975077686932,3
5972,3852,4.0,3
5974,34,3.9539403498658117,5
5974,1124,2.9981132336626333,3
5974,1442,3.0,3
5974,1633,3.9852389494067597,4
5974,1810,3.190422465838626,3
5974,2420,3.0072024748746986,2
5976,1220,3.1000807721195573,3
5976,1288,3.1309584362790006,3
5977,2779,4.006880504756004,4
5978,593,3.7615942660659254,4
5978,1204,4.016848522164434,5
5978,1674,3.2958611920444625,4
5978,2033,3.7279413779346733,2
5978,2087,3.780129635603632,4
5978,3257,2.6048650680065437,2
5980,1097,3.768338824311845,4
5980,1344,4.2935181484798095,4
5980,2010,4.0,4
5980,2944,3.9131778035388924,4
5980,3368,3.0,4
5980,3467,4.071879511444074,2
5980,3468,3.957940673828466,4
5981,199,4.0,4
5981,915,3.828953348584857,2
5981,919,3.748219354914403,3
5981,1082,2.0,2
5981,1663,2.5603421012260403,1
5981,2109,3.2470720960357142,2
5981,2470,3.306718050024626,3
5982,1584,4.207693170244937,5
5982,2002,4.2335466092231595,4
5982,2006,4.240243474072484,4
5985,529,4.161955186851489,4
5985,902,4.520081319030545,4
5985,2926,3.6551543243586515,4
5985,2961,3.0,3
5986,1265,4.492317871095664,4
5986,3135,4.276140787798934,4
5988,410,2.7350309575542413,2
5989,3438,4.2187780853329,2
5990,599,4.4680810713097046,4
5990,1218,3.0,5
5990,1219,3.8810495507425564,4
5990,1222,3.666546333709812,3
5990,1259,3.623738361641761,4
5990,2987,3.583628329004343,4
5990,3176,3.2440247700451845,4
5990,3201,4.345589377846968,4
5990,3507,3.9447974122521,4
5991,3159,3.0,3
5992,2571,3.737470081187422,4
5993,3360,3.10743042318848,3
5994,2949,4.35606677750664,4
5995,364,4.187775524619844,5
5995,1200,4.2803999381905085,5
5995,1617,4.274061156596516,4
5996,31,3.500089627295985,4
5996,48,4.247524912833028,3
5996,239,4.163966491677335,3
5996,1024,4.475297673102985,4
5996,1073,3.9774723606423414,5
5996,1092,4.02049911294774,4
5996,1291,3.9313597334572674,4
5996,1954,4.006327080259535,3
5996,2012,3.8538405008314043,3
5996,2116,4.193948299627344,4
5996,2617,3.7322158322443566,5
5996,2805,4.999999999999999,4
5996,2949,4.135576057687379,4
5996,3087,3.7257539802520663,4
5996,3176,4.232495642476929,1
5996,3438,3.808843172645499,3
5996,3638,3.967546316660088,4
5996,3802,3.3814071387450415,5
5997,610,4.4634888034542115,4
5997,1210,4.481299572909946,4
5998,509,3.7937471946441232,4
5998,858,3.8203000964476996,5
5998,1682,3.6141453496712264,4
5999,1069,4.690392301837989,5
5999,1248,4.62263409136425,5
5999,2186,4.597056729619639,5
6000,8,3.0,3
6000,15,3.0,3
6000,111,3.85562637578314,3
6000,364,3.5182537011278487,3
6000,480,3.6542143498381257,4
6000,849,3.445478317796146,3
6000,1198,3.388550272121054,5
6000,1270,3.6647333947945215,3
6000,1282,3.6210616654757497,3
6000,1302,3.6150621322612193,3
6000,1307,3.465445198569678,4
6000,1588,2.6971497533588216,2
6000,1876,3.6049600800909,3
6000,1909,3.519445323603285,2
6000,2521,3.0,3
6000,2735,3.278002942604312,2
6000,2794,3.025382081798977,3
6000,2974,3.0,1
6000,2985,3.394769271361575,3
6000,3054,3.0,1
6000,3421,3.7007432981142725,4
6001,230,3.536891454449347,3
6001,1373,3.1530216887365725,3
6001,2012,3.5598447958381896,3
6001,3206,3.0,2
6002,898,4.670586503816001,4
6002,1288,4.0730694231578495,3
6002,1927,4.80362750029401,4
6002,1939,4.517249982301382,5
6002,1942,3.0,5
6002,2779,4.576603701493966,4
6002,3628,4.0,4
6002,3809,3.967853399570397,4
6003,22,3.4722130008428675,2
6003,39,3.9713863378702765,4
6003,1200,4.151905146746596,5
6003,1287,4.322029509205109,4
6003,1358,4.321561234957402,5
6003,1633,4.167002217007563,5
6003,1804,3.0,3
6003,2300,4.593015456462021,5
6003,2641,3.963258595032156,4
6003,3037,4.561390367377443,5
6004,2021,3.4682791499964463,3
6004,2968,3.624643096657493,4
6005,611,4.0,4
6005,2826,4.0,4
6006,39,3.3986180034928197,1
6006,60,3.0,2
6006,2291,3.102589077281767,3
6007,170,3.763796470599373,3
6007,1196,3.3206322811872795,2
6007,1345,3.125914669476206,2
6007,1947,2.969026734096881,3
6007,1999,3.0626862973909375,4
6007,2411,3.1500717368775675,1
6007,2526,3.0,3
6007,3257,3.3993943634847765,3
6007,3404,3.0,3
6007,3461,3.0,2
6010,344,4.281649208048823,4
6010,1375,4.225762734648843,5
6010,1587,4.152434394666785,5
6010,2003,4.171332427052392,2
6010,2012,4.107344155007654,4
6010,3104,4.364361324297427,3
6010,3253,4.135771715953547,4
6010,3359,4.546169475177665,4
6010,3508,4.356942827765362,5
6011,435,4.2893180148199885,2
6011,541,3.9124439443955064,5
6011,590,4.273128002598131,4
6011,592,4.304204739952406,4
6011,1258,3.7742439276983286,4
6011,1307,4.001669590515344,3
6011,2968,3.859386857638842,4
6011,3198,3.0,5
6012,2881,1.491125284813292,2
6012,2894,3.0,4
6013,260,3.8381009774462775,4
6013,1947,4.72481219268732,5
6013,2396,4.162319869200149,5
6014,1797,3.0,4
6014,2664,4.365483086447492,4
6015,2137,3.8424414409763017,3
6016,3,2.5396023894229747,2
6016,539,3.1133408170692096,4
6016,596,3.172495980362767,4
6016,937,3.0,2
6016,955,3.88844502550192,2
6016,1225,3.5287784710527266,4
6016,1269,3.747243783300291,2
6016,1573,3.167065553644459,3
6016,1610,3.2166678524520265,4
6016,1673,3.600462149434992,4
6016,1721,3.2748970114202915,3
6016,2291,3.411923255153666,3
6016,2398,3.3894275491749633,3
6016,2528,2.9775611130082322,3
6016,2883,3.0,3
6016,3037,3.7071419869023354,4
6016,3308,3.0736708926516334,3
6017,3461,3.0,3
6018,172,3.39097236217248,3
6018,1287,4.042383572682671,4
6018,1676,3.153816524144302,3
6019,2752,3.0,4
6020,1387,4.443549109098519,4
6020,2944,4.362332894757583,3
6021,590,3.7444609564746343,4
6021,1234,3.8242695384931644,5
6021,1242,3.773264492567375,3
6021,1393,3.761124759852203,5
6021,1408,3.7320735866178993,3
6021,1610,3.750022060741595,4
6021,2571,3.7599251087574688,5
6022,296,4.375581107426451,5
6022,3210,3.2255006110528397,2
6023,1047,3.830299274429615,5
6023,1379,3.9434546466668934,3
6023,2000,3.857936183193248,5
6023,2268,4.036471317543271,4
6024,21,4.0630122859830715,4
6024,3505,4.816058308796507,5
6025,1407,3.487152829630521,5
6025,1410,3.0,3
6025,2424,3.7166691424747995,3
6025,3273,3.791591043065526,3
6026,318,3.8561736147727435,4
6026,858,3.878931267076752,4
6028,1200,3.636392063290911,4
6028,1954,3.665442607509935,4
6030,1037,4.095311999217235,3
6030,2143,3.9993493382485648,3
6030,2571,4.273850583321554,5
6030,2872,4.394188447805862,4
6030,3438,4.0151158373706775,4
6031,541,4.215942644636009,3
6031,2571,4.086370690579161,5
6032,3037,4.410725603436792,4
6035,66,3.0,1
6035,265,4.1761524402251,3
6035,296,3.327959229688932,5
6035,1653,3.3444298990496795,3
6035,1882,2.4192358107739613,1
6035,2152,3.0,3
6035,2296,1.5152948344712784,3
6035,2412,1.9629793770511568,1
6036,34,3.698942098871515,5
6036,47,3.495448946139805,4
6036,172,2.6475604290597845,2
6036,188,3.0,2
6036,780,3.2306432308022384,2
6036,1135,3.2100320415402814,3
6036,1223,5.0,5
6036,1242,3.7135096838294235,4
6036,1303,4.0,5
6036,1387,3.6532343077696354,4
6036,1590,2.6390979585256447,1
6036,2001,3.1304843757757044,3
6036,2034,3.0320024638657026,3
6036,2237,3.0,3
6036,2331,3.0,3
6036,2336,3.9248672985301796,4
6036,2456,2.6848933462383187,2
6036,2463,3.268890621851462,2
6036,2501,3.620834718788128,4
6036,2600,4.344220354306004,2
6036,2628,3.239500756157817,1
6036,2672,2.7507535665264973,1
6036,2706,2.911431856516015,2
6036,3071,3.3312019681645517,3
6036,3340,3.0,3
6036,3429,4.999999999999999,4
6037,1253,3.8268833714093153,5
6039,918,3.8670230025233603,5
6039,1270,3.9517553176561666,4
6040,29,4.385564258426843,4
6040,373,5.0,4
6040,866,3.994064107745267,4
6040,1200,3.6667005959192087,3
6040,1305,4.0,4
6040,1594,4.017085043195947,3
6040,2396,3.789341693678782,3
6040,2802,1.3237531440202424,2
6040,3016,2.3013235641065046,2
6040,3334,4.399219254091945,5
6040,3424,3.8073264338500294,2
