userId,movieId,pred_rating,actual_rating
1,2340,3.0,3
2,593,3.89841988274685,5
2,648,3.695688576862021,4
2,1246,4.0350186400447665,5
2,2126,3.5596570333671624,3
3,2735,4.508268522248492,4
5,377,3.0110279938911195,4
5,1279,3.0,1
5,1554,3.0,3
5,2571,3.2210624257453198,5
5,2725,3.0,2
6,383,3.3213894319108896,4
6,838,3.8653295444715816,4
6,2081,4.062940970125764,4
6,3074,3.0,5
7,6,4.433535552234059,4
7,380,4.405624000405683,5
7,1196,4.415786812876278,5
8,230,3.2154566933651805,4
8,337,4.051277797542206,5
8,1678,3.4218495749163145,5
8,2858,4.0162333155474705,5
8,3267,4.397852847151342,5
8,3386,4.237456021393314,3
9,994,3.6759265384907485,4
10,7,4.54800855744494,4
10,543,4.283602753481989,4
10,915,4.207847121232127,5
10,919,4.190118045400016,5
10,1307,4.2743282998195795,5
10,2082,3.925314080324837,3
10,2968,4.141464850727454,4
10,3108,4.374227031588641,5
11,333,3.752186115733401,4
11,1188,3.714562124999465,4
11,1753,3.0,4
11,3107,3.806234607439398,3
13,153,3.424706312619405,3
15,2433,3.3907373105482215,4
16,1911,3.0602991304120173,3
17,942,4.307135580559033,4
17,2454,4.200147851923801,2
17,3375,3.6294438540951712,4
17,3638,4.170140526611535,2
18,1033,4.4517839614375285,4
18,1387,4.099411148971741,4
19,368,3.8150405786454327,2
19,405,3.8620350437061535,1
19,785,3.8215846354764436,4
19,1340,2.8243312864048793,3
20,457,4.37139833337949,4
21,1274,5.0,3
22,1136,3.4445910666204873,4
22,1270,3.2558171535644216,4
22,1732,3.424216400374358,4
22,1792,1.9234922778165735,2
22,2249,3.033465767120846,4
22,2542,3.5473561608675155,4
22,2858,3.1663070106467597,5
23,1,3.5674580548415915,4
23,480,3.564506652456666,5
23,1148,3.2718269981083825,3
23,1544,3.546292698036389,3
23,2528,3.596218446703673,4
23,3175,3.4974747821145162,3
23,3576,3.9995057903524662,5
24,539,3.898870028444051,3
24,2023,4.130787829157879,3
24,2145,3.9568667771707653,4
24,2791,4.118421332952471,4
26,48,2.7236445691390885,3
26,1240,3.1365085257192944,4
26,1298,2.225666211148728,2
26,1586,3.2378844961636046,4
26,2470,3.0302501724954682,3
26,2881,3.0788019225506336,3
26,3156,3.0,5
26,3219,2.47716040883868,3
27,300,3.9985187706550342,4
27,1207,4.2064674219316,5
27,2005,3.4174134531375358,1
27,3435,4.79201139137744,5
28,901,3.3690464234437303,3
28,1387,3.7548704875112344,4
29,163,3.401177656455654,2
29,2951,3.8310430167256926,3
29,3104,3.707817311953602,3
30,527,3.732720704237051,5
31,21,3.9792719223348056,3
31,357,3.698074630130647,5
31,2001,4.0340383062796485,5
31,2657,4.259461147575508,4
31,3037,3.93609154722699,4
31,3247,4.20675945447455,4
33,595,3.5622304921688146,3
33,866,3.6409293732272365,2
33,1266,3.671910068954439,4
33,1345,3.9581065717649975,2
33,2174,3.6392193283835867,3
33,2650,3.9500726930777175,4
33,2674,3.0,3
33,2915,3.691018530384864,3
33,2991,4.231223710013897,5
34,11,4.176638614766205,4
34,1259,4.200063824990532,5
34,1888,3.8539408687381287,3
34,2072,3.530776151132273,2
34,2558,3.8218852672265657,3
35,1035,3.758570419234492,3
35,2078,3.6748407448145364,2
35,2239,3.0,4
36,165,4.287041880805336,4
36,233,3.0,5
36,1299,4.587969043416492,5
36,2115,4.303726409330845,5
36,2248,4.129413660782699,5
36,2541,4.326552348411769,5
36,2871,4.415192750612254,3
36,2972,3.0,4
36,3526,4.36282379824974,4
37,2321,3.25504179603126,4
39,2997,4.360221162447689,5
39,3753,4.163942473216312,4
40,1197,3.9741422320610273,4
40,2094,2.7392838889067033,2
41,3578,4.332220599687302,3
42,349,3.8236285359697146,4
42,457,3.8706192719971586,4
42,1297,3.778289617868536,4
42,1909,3.9462427761503074,3
42,2115,3.8762175049064305,3
42,2989,3.933690185020127,3
42,3552,3.9004349087748227,5
44,733,3.860674723355407,4
44,1198,3.6195718624705324,5
44,2712,4.592028352158645,2
45,697,3.0,2
45,1390,3.0,3
45,1571,3.0,2
45,1680,3.030136399910796,2
45,1923,2.9256820140012834,1
45,2247,3.5125283677399506,2
45,2340,5.0,2
45,2369,3.351599588015612,5
45,2473,3.2201685672329865,4
45,2622,3.0,3
45,2694,3.030601617215961,1
48,104,3.303979686416065,3
48,303,3.0425956624382478,3
48,592,3.0486090991777237,4
48,595,3.5175207320687836,3
48,647,3.4520152178891506,3
48,748,3.168189051693794,3
48,838,3.3909369495573296,3
48,1090,3.5103497224016262,3
48,1262,3.7752070483307008,4
48,1359,2.728666046244407,2
48,2028,3.538119927596525,5
48,2291,3.464722634836541,3
48,2699,3.072446027758897,2
48,3552,3.060250368864323,4
51,2599,4.029965241002217,4
52,145,3.5721539304976666,2
52,1610,3.723833651381173,4
52,3948,3.7667754717575432,5
53,35,3.0,5
53,188,3.9874894841232242,5
53,281,3.0,5
53,337,4.6823083383399515,4
53,356,4.394984755439703,5
53,593,4.556440473314734,5
53,724,3.6852516605022205,4
53,914,5.0,5
53,1186,4.814532752438161,5
53,1201,4.641548738535838,5
53,1206,4.715194286255082,5
53,1212,4.999999999999999,5
53,1522,3.0,4
53,1617,4.599870575064607,5
53,1653,4.336848516843921,5
53,1997,4.552053819674881,5
53,2034,4.185593062747937,3
53,2162,2.625544640569465,2
53,2413,4.194355791556855,5
53,2706,4.360399735913779,5
54,1136,4.2449206953746454,4
54,3217,3.0,3
56,1729,3.8673533453056725,3
56,2396,3.9399947957989454,4
57,2657,3.7002976458094947,2
58,162,4.540290070937972,5
58,353,3.9019732264679474,4
58,778,4.42954275052804,5
58,954,4.644192699804407,4
58,1120,4.27302812648039,4
58,1268,4.3059023799770655,3
58,1282,4.309720270930201,5
58,1760,3.0,1
58,3476,4.2793171431460815,4
59,943,4.0,3
59,2020,3.668262730018625,4
61,3897,3.5568274605518417,4
62,281,3.0,3
62,428,4.216368928251232,4
62,640,3.0,2
62,806,3.0,3
62,929,4.253931608026537,4
62,1193,3.7819093399093022,4
62,1221,3.671104907353153,5
62,1401,3.0,3
62,1635,3.744394285340532,4
62,1747,3.5024539123882055,4
62,2021,3.4106922455766258,2
62,2023,3.446875846434488,4
62,2177,3.0,3
62,2424,3.1774329285534977,3
62,3037,3.8158498627525557,3
62,3330,5.0,5
62,3421,3.4262995270762953,4
62,3705,3.338403663101465,3
62,3706,2.749583680050957,4
63,2997,4.355505717952641,3
63,3174,4.398710964491944,4
65,3448,4.601345971174063,4
65,3555,4.619324768452459,4
65,3623,4.593485671319918,4
67,973,3.0,5
67,1213,4.1748636937146095,5
67,1946,4.864195277856471,5
68,1,3.8303028240306447,3
68,2918,3.7975074610129673,4
68,3030,3.0,1
69,321,3.0,5
69,617,3.0,5
69,1095,4.21120719531208,5
70,2355,3.8422258085634056,4
73,1291,3.6388358034646826,4
73,1394,3.7958860418869724,3
73,2410,3.375648404343581,3
73,3448,3.639942185366645,4
74,123,3.0,3
75,558,4.0,4
75,837,3.0,5
75,1210,3.884803024057807,4
75,1907,3.7463840452372477,5
75,2057,3.0,5
75,2080,3.6315262796078325,3
78,11,3.815030809432588,3
78,205,3.0,1
78,1951,4.0,2
78,3175,3.9674047375278656,4
79,3785,4.0,1
80,480,3.987114738149551,5
80,1566,3.4966252590952176,2
81,1274,5.0,3
81,2921,5.0,5
81,3811,5.0,4
82,2424,4.445983050138411,4
83,1573,3.957169019501203,4
83,2581,4.435941134475252,1
83,2948,4.848988696807464,5
84,435,1.4917069653664647,2
86,236,3.0,5
86,364,4.204127495220437,4
87,1036,3.725012565922862,3
90,586,3.265884480008174,3
90,3386,3.52024275650199,5
92,1240,3.309589943256862,2
92,1721,3.40566738811843,4
92,2142,2.839732562086057,2
92,2423,3.849560838696754,4
92,3418,3.3309315071567998,3
92,3511,3.0,1
92,3897,3.1029825986091755,3
93,1769,2.7695537691214414,2
93,1967,3.4750446937097155,5
93,2808,2.9366372840176433,3
93,3063,3.0,2
93,3440,1.4042224293089636,1
94,3837,5.0,3
95,377,3.377448993576791,3
95,1537,3.0,4
96,260,3.782268847747156,5
96,474,3.763853067397444,4
96,3751,3.836257356944527,3
97,899,4.730297522017803,5
97,916,4.753090277468941,5
97,1939,4.798023234668654,5
97,2739,4.670100517001639,4
98,2302,4.3182086241429625,3
99,1193,3.7269184522176926,2
99,1198,3.878718432503301,4
99,1639,3.680967115578778,5
100,2527,3.2980047102472754,3
101,377,4.650657984214756,5
101,466,4.677794572311612,5
101,1373,4.569202453624588,5
102,2390,3.0,4
102,2699,2.7882454877812277,1
103,208,4.161096979577174,4
103,485,4.137732287689516,2
103,2571,4.283270981146852,5
105,474,4.535301168791304,3
107,2863,3.8896708952502634,3
107,3735,3.920959620166807,4
109,924,4.019335896766937,4
109,3751,4.223327662235119,3
111,300,3.960052611901635,4
111,538,2.9851367628779073,3
112,1344,4.306297438333907,5
112,3429,3.485986903080544,3
114,48,3.8028749125706005,3
114,1848,3.0,4
114,2355,3.7655175402795664,3
114,2664,3.8843431244518927,4
114,2686,4.0,4
114,3751,3.645946874575394,4
116,2105,4.237186385311048,4
117,324,3.0,2
117,589,3.572965842865705,5
117,593,3.5599842304657767,3
117,1148,3.4493366752307875,4
117,1200,3.598390588733382,5
117,1873,3.0,4
117,2528,3.7638978966736385,4
117,2699,3.4893927510064264,3
117,2877,3.0,3
117,2971,3.0,3
117,2987,3.601141203606733,3
117,3070,3.5452727756916627,5
118,329,3.7268354215141293,4
118,1036,3.76203370135909,5
118,1090,3.7877157487735778,3
118,1747,3.9009059401698902,3
118,2528,3.649419072375932,3
118,2671,4.0565740122170215,4
120,1639,4.022145823470453,3
121,2901,5.0,5
122,1210,2.927693683620048,4
122,1377,3.0176590931287386,3
123,416,2.0,3
123,420,3.073569218620025,2
123,454,3.6709135994228603,4
123,527,3.812136916199335,5
123,597,3.543513137562191,3
123,603,3.0,3
123,924,3.827540128806163,3
123,1179,3.8407478000975575,3
123,1266,3.8206064976631295,4
123,1890,3.0,3
123,2403,3.3041812898009364,4
123,2605,3.2168042971035082,2
123,3005,3.2280153557752596,4
123,3196,3.9174159845877736,4
123,3468,3.8856439307303483,3
123,3494,3.909565315351161,4
123,3684,3.6216702945905768,2
125,2647,3.0,3
125,3654,4.51167381181673,4
127,41,3.0,4
127,318,4.2309244549456,4
127,1291,4.209530720758794,5
127,2692,4.298692006540984,4
127,3827,3.0,3
129,81,3.0,5
129,999,5.0,4
129,1313,3.0,3
129,1552,4.234349307739341,5
129,3927,3.0,1
130,1200,4.620309651286478,5
130,1282,4.6716346928863475,5
130,2529,4.131342229782829,5
131,39,3.5525621183870597,4
131,163,2.962432756448691,1
131,180,2.9294205250408383,1
131,265,3.8671189918395834,2
131,1610,3.3636211973704064,4
131,1953,3.8486644187236028,3
131,2171,3.0,4
131,2616,3.0615446496690106,3
131,2697,3.0,5
131,3163,3.0,3
131,3911,3.8655304475685837,3
132,471,4.080879462665059,2
132,1257,4.514780971806689,5
132,2499,3.0,3
132,3060,4.381041098575657,4
132,3608,4.040682937638945,4
133,2572,3.8074996643055727,5
133,3608,3.876143173762766,1
133,3911,3.6402905063902518,2
134,2023,3.08742234163798,3
134,2723,2.861917792302936,3
134,3753,3.4654534706416125,4
134,3879,3.0,3
136,316,2.497187133936115,3
136,337,3.296978215875829,5
136,457,2.724282316744563,1
136,750,3.3139380858523566,3
136,1088,2.612245398778033,1
136,1136,3.068493693784748,2
136,2011,2.7527013400049474,1
136,2038,3.0,4
136,3478,2.137022714758645,1
136,3758,3.0,4
137,233,3.0,4
137,440,3.905127906112102,4
137,590,3.8020188185113595,5
137,2827,3.50232622595056,4
137,3157,3.0,4
138,290,3.0,4
138,318,4.419347199465838,5
138,593,4.408305994618301,5
138,858,4.608435302678605,5
139,110,4.251276868390037,4
139,902,3.79256613650136,5
139,1023,3.737267427610888,5
139,1304,4.062653443652041,4
139,2080,4.1098263768001715,3
139,2089,3.8857481173127586,3
139,2097,3.8120822009661834,5
139,3702,4.150822680706272,3
141,2858,3.0,3
142,2028,3.4409027113247186,3
143,2321,3.7766929010694485,4
143,2396,3.5744191727225267,5
143,3178,4.394458106150687,2
144,593,3.9330901592434473,2
144,1961,3.9442203321435376,5
144,2369,3.0,1
144,3623,3.9145072132042493,3
145,1961,3.809033258691877,3
146,1267,4.233627394887819,4
146,1272,4.185593517611409,4
146,1295,4.145353513696172,3
146,1393,3.9172721386182405,4
146,1653,3.7275681428965317,3
146,2206,4.009607969678705,3
146,2641,3.7481161809704804,4
146,2788,4.4137637391411575,5
146,3408,3.8728617050188006,5
147,1801,3.34208773031363,3
147,2797,3.922177788588144,4
148,2,4.072422598061676,5
148,17,3.61447937796811,4
148,110,4.046439383537602,5
148,160,3.8662737949455734,2
148,457,4.028239412440477,5
148,707,1.0,2
148,786,3.98703724354732,3
148,1620,4.15262411645449,4
148,1726,3.0,4
148,2087,4.05475006939809,3
148,2371,3.7264692314734105,4
148,2416,3.2380120435718793,5
148,2470,4.090075412095851,5
148,2529,3.911493220575925,4
148,3214,3.0,3
148,3389,3.0,3
148,3708,4.0,4
148,3767,2.3776208428292205,3
149,858,4.392656863084658,5
149,1127,3.906155568418877,4
149,1265,4.1897587210406595,5
149,1408,4.143314205159669,5
149,1949,4.345388780687896,5
149,1965,4.642562652294639,4
149,2067,4.654804716256006,5
149,2360,3.0,5
149,2712,4.412637295598431,4
149,2744,3.0,4
149,3255,4.054500110234196,4
149,3740,3.890209171277215,2
150,1230,4.1550762753732595,3
150,2100,4.183957617319192,4
151,110,4.013783469060491,5
151,190,3.0,3
151,1097,3.970141376727668,5
151,1502,3.0,4
151,1831,3.6091487233934134,2
151,2291,4.017479594101245,4
151,2369,4.19960411842748,3
151,2596,3.0,4
151,2724,3.8053833153727408,2
151,3535,4.18952491956493,3
151,3949,3.8798280022279807,4
153,3173,3.0,3
154,1127,3.46927581593284,2
155,637,3.0,3
155,934,3.0,5
155,1081,3.3274408364912937,4
156,440,4.288630827682597,5
156,2013,3.0,4
156,2266,4.521236421002014,3
156,2598,3.976128112940753,4
156,3108,4.37879722733989,4
156,3114,4.290490377014852,5
156,3513,3.0,5
157,7,3.315650854042799,3
157,485,3.3500742617031882,3
157,524,3.312456800864052,4
157,1073,3.7247794694420437,3
157,1127,3.6826091246898716,4
157,1288,3.838263072992756,5
157,1610,3.7625143268123695,4
157,1614,3.3921425037091053,3
157,3702,3.800813594088229,4
158,73,3.0,4
158,3713,3.0,5
161,363,4.0,5
161,1955,4.48313503360656,5
161,2565,4.8360766331016904,5
161,2973,4.632123668585743,4
161,3700,3.0,5
162,356,4.374679742226256,5
162,1608,4.326047673231497,4
162,3916,4.356090256357499,5
163,188,4.0,1
163,208,2.464057098949098,1
163,442,2.428531263638033,3
163,539,2.5795847857135397,4
163,736,2.628386307587599,2
163,1673,2.912035919671605,1
163,1752,1.3829279269792825,1
163,2322,1.971418705941053,1
163,2402,2.1301890727245314,3
163,2424,2.6218542127686866,2
163,2700,2.8623687789044765,5
163,2978,3.0,2
163,3300,2.491781774697948,4
163,3301,3.0239285056899496,2
165,1333,4.158236313132948,4
165,2530,3.750328118975417,3
165,3168,4.16812529124605,4
166,750,4.1145890098812705,4
166,1856,3.0,4
166,2018,4.1124784552905655,4
166,2153,3.0,2
166,2551,4.045828806950913,3
166,2762,3.7605563973331373,3
166,3044,3.8393583514113785,3
166,3478,3.767176420001272,5
167,1754,3.3755066584978413,1
167,2735,3.0,3
167,3578,3.1294135630699107,5
167,3751,3.3506975135976296,3
169,32,3.9310817050492264,5
169,1256,3.62191557714439,2
169,1617,3.8941842096117876,2
169,1909,3.864079725441749,4
169,1944,3.6221037863074863,4
169,2421,3.889921172053022,2
169,2502,3.9563459012283793,5
169,2529,3.830333594125494,3
169,2804,3.8905487375334995,5
169,2872,3.9755247160379192,4
169,2987,3.8942131578315133,4
169,3479,4.086701837936723,3
169,3916,3.818213913658345,4
170,780,4.094814445276923,2
170,2706,3.0559173064162293,3
170,3300,3.0,1
173,183,3.0,4
173,412,3.0,3
173,912,4.352009806583346,5
173,1028,4.11399560456722,3
173,1079,4.234371017011623,4
173,1204,4.390541270792739,5
173,1948,4.606001631466857,3
173,2023,3.8911654517016796,3
173,2202,4.119949575338132,4
173,2706,4.289961356605428,4
173,2769,3.0,3
173,2782,3.0,3
173,3329,3.0,4
173,3362,4.307926575857891,4
174,387,3.0,2
174,3753,4.088072720738092,4
175,45,4.07036992997813,4
175,356,4.023898257654054,4
175,480,4.063863162418513,2
175,1210,4.085540926040923,5
175,1286,2.9900188086052992,3
175,1961,4.1591215585913845,4
175,2003,3.8986101256636574,2
175,2359,4.2801646937143385,5
175,2396,4.20635117019147,5
175,2599,4.271195821497469,3
175,3000,3.0,5
175,3250,4.0,5
176,2468,3.7009439481974695,4
176,2471,3.5910506604264736,4
177,1214,3.9496515652669144,3
178,1376,3.744166889466643,5
178,2143,3.3232662452706196,3
178,3699,3.6503238764017327,3
179,2699,2.2258272560018098,2
181,329,3.7149028897804723,4
181,527,4.073557752473279,5
181,2174,3.854296617340989,4
181,2683,3.8979579483622326,4
181,3448,3.7605737532368164,4
182,440,3.852175132509396,3
182,1379,3.0,4
183,1964,4.9116037908048575,4
184,515,5.0,5
184,933,3.0,4
184,986,3.0,5
184,2076,4.685363906617337,2
184,3753,4.387101974066937,3
185,2427,3.906484396938546,3
186,1197,4.542502763628641,4
186,2336,3.87936674469471,5
187,231,4.051792455790583,4
187,288,3.993174556440263,5
187,509,4.2295824542568985,4
187,524,4.007135165425502,3
187,531,3.0,5
187,987,3.0,4
187,1678,4.341620258492448,4
187,1840,3.0,4
187,2276,3.0,3
187,2963,3.0,4
187,3241,3.0,5
187,3386,4.130270923600702,4
187,3578,4.004599110138481,5
189,175,3.0,5
189,2329,4.183273198564287,5
190,265,3.5121862059313407,2
190,1240,3.8317692096857154,3
190,2109,3.870577343338849,5
191,2329,4.032427069287448,5
192,25,3.804801150326483,5
192,204,2.4418180813873347,2
192,208,2.9583419209095068,1
192,349,3.441630367424339,1
192,524,3.2227503811063585,3
192,548,2.2626082193833676,3
192,588,3.4395728967904455,3
192,1476,3.509644262894471,4
192,1479,2.4870943888581563,2
192,1497,1.0,1
192,1590,2.7621129660954944,3
192,2412,1.8633956972711014,2
192,2572,3.60205586685171,3
192,2628,3.0604763705162656,2
192,2694,3.461433379731227,3
192,2857,3.0,4
192,3006,4.196323020628344,3
193,11,4.0155525051857985,3
193,34,4.042334434907792,4
193,931,3.0,4
193,2361,3.0,3
193,2920,3.0,2
193,3548,3.34047651609448,3
194,3255,4.094977948100291,4
194,3453,3.0,4
194,3786,3.0,1
195,784,3.581297697375564,4
195,842,1.0,3
195,1019,3.8864120187915345,4
195,1274,4.115003542585864,4
195,1378,3.7095078716601098,4
195,1635,4.340127383982267,4
195,1730,3.0,4
195,1844,3.0,4
195,1914,3.0,4
195,2011,3.8391311121089786,3
195,2026,3.668064258768172,3
195,2377,3.581099904212794,4
195,2391,4.392965967939003,4
195,2453,4.0,4
195,2622,5.0,4
195,2916,3.994452224558797,5
195,3114,3.964609142582052,3
195,3478,3.581208727700897,4
195,3498,3.4865418477035512,5
195,3658,3.0,4
195,3703,4.046855253378598,4
195,3816,3.0,5
195,3946,3.0,3
196,357,4.778592695609667,4
196,1221,4.064473711994537,4
198,160,3.634063904069264,3
198,435,3.5081475480122237,4
198,832,3.9249918450172014,5
198,1090,4.0221919665559325,4
198,2137,4.313689544755837,5
198,2373,3.149503821864459,3
198,3254,4.077521192786246,4
198,3398,4.131084563973039,4
198,3617,3.787696048636931,4
198,3763,3.9826244770930925,3
199,27,3.0,4
199,227,2.992046818048147,4
199,266,3.5679219958707,3
199,360,3.0,2
199,409,3.0,4
199,473,2.7675548787807944,4
199,724,4.035007684126505,2
199,1208,3.8156898866775606,5
199,1272,3.8550211157395036,3
199,1591,3.5625167466044,1
199,2125,3.155869905762484,1
199,3536,3.370070393687188,4
199,3578,3.712410811469256,4
201,2829,3.0,5
201,3358,5.0,5
202,6,3.7999431911421913,4
202,151,3.992820624468409,3
202,259,2.0,2
202,300,3.910836437340655,3
202,356,3.753927564649042,5
202,434,3.568740667386386,3
202,551,3.7494461497300584,3
202,589,3.680178827380473,4
202,1091,3.381754985643431,4
202,1240,3.6840096124709536,3
202,1321,3.211203661881634,3
202,1381,2.9670835330223224,1
202,1429,3.5844857358236384,3
202,1665,2.0,2
202,1772,3.0,2
202,1882,3.301929880407117,2
202,1912,4.022727348259861,3
202,2145,3.758106715563755,2
202,2746,3.6751901953913757,2
202,2828,3.0,3
202,3398,3.490002081737592,3
203,207,2.620484493774655,2
203,431,2.2282654212272504,2
203,1621,1.0,2
204,292,3.874626306157286,4
204,432,3.563339873349318,4
204,587,3.6824062210923154,5
204,858,4.077171134153475,5
204,924,4.057826739423922,4
204,1049,3.838429914635052,3
204,1275,3.968504173593506,4
204,1393,3.946696298501206,5
204,1515,3.5145458972515056,3
204,2144,3.7564043242125646,3
204,2699,3.5332060601364796,4
204,3070,3.5655406529598155,3
204,3260,3.467666921320991,1
205,293,3.989300267765998,5
205,969,4.044129498711454,3
205,1449,4.332799577348426,5
205,2019,4.495408936485434,5
205,2064,4.177378872622521,4
205,3030,5.0,4
205,3097,3.0,2
205,3415,3.0,4
205,3527,4.123186467113501,3
207,2791,4.051707907950597,2
208,1199,3.9554911819259786,4
208,1258,3.8457131442866417,5
208,1265,3.8146439390183327,2
208,2100,3.8136176146819576,3
208,2167,3.558699561973904,4
208,3649,3.0,2
210,208,4.34934525102796,5
211,1977,3.0,2
212,648,4.046792698464573,4
212,1580,3.986755991335302,4
212,2247,3.823157368570315,3
212,2797,3.957895349065928,5
212,3039,3.9919308474605146,4
213,440,4.174384455191332,4
214,231,3.2283629403123406,2
214,3180,3.0,2
214,3513,2.9999999999999996,3
214,3624,3.6935234899874825,3
215,2021,4.352564967853205,5
215,2115,4.469260928904682,5
215,3072,4.445598308256751,5
216,281,3.0,4
216,471,3.209212828778205,4
216,597,3.3936711565969477,4
216,1136,3.401345629636409,5
216,1640,3.0,2
216,1665,3.0,3
216,1721,3.484725945631353,3
216,1863,3.0,3
216,1952,3.702159516723336,4
216,1961,3.447427506867386,4
216,2032,3.0283865380476755,2
216,2040,3.002617792444871,2
216,2241,4.0,5
216,2249,3.1148436443917946,2
216,2255,3.0,4
216,2393,3.2334477819779712,2
216,2552,3.0,2
216,3052,3.2492781555796832,3
216,3072,3.408681306639258,3
216,3198,4.197505363454905,5
216,3301,3.7209435194097678,4
216,3359,4.000763790253495,4
216,3494,3.8958396341409642,3
216,3763,3.343302168109879,3
220,160,3.6416542795842908,1
220,1225,4.82118081358767,5
222,541,4.235961686868911,3
222,589,4.253212358373703,5
223,575,2.0,3
223,648,3.810156046173693,3
223,733,3.814055605990636,5
223,1270,3.8853820964924584,4
223,1882,3.811709171972866,2
223,2115,3.88790933707275,3
223,2706,3.5240405447736323,5
224,1073,3.5944233008967865,4
224,3793,3.348680858774496,5
225,337,3.8279333223484513,4
225,535,4.216322614491637,5
225,1192,3.050530345408828,4
225,1834,3.840642439463215,3
225,2352,3.9599420955142905,5
225,2616,3.2171061503521265,3
225,2770,3.2631134570365243,3
225,2830,3.0,5
225,3187,3.0,4
225,3418,3.7815145828847014,5
225,3452,2.0,3
225,3504,4.050705816415548,5
225,3562,3.0,3
228,1249,4.681737248672011,5
229,11,4.0114895887356035,3
229,161,3.3252299232894167,4
229,480,3.2627529133762105,3
229,1509,3.0,3
229,2549,3.0,2
229,3115,3.0,3
229,3173,3.3326691642161412,4
230,260,4.3281038109916645,5
230,1127,4.27046552704249,5
230,1244,4.359551853232,3
230,1293,4.358864171775007,5
230,2105,4.37127112174239,3
231,1674,4.3879918284784605,5
231,1732,4.293369853378725,5
232,441,3.445669391646811,4
233,1028,4.739040272644852,5
235,565,3.0,4
235,592,3.9155477166004347,3
235,933,4.818728929317957,4
235,1120,4.424880840987533,4
235,1193,4.341202383117175,5
235,1230,4.475186328056172,5
235,1256,4.429369482178515,5
235,1966,5.0,5
235,2677,5.0,5
235,3702,4.003236551607829,4
235,3791,3.5502718234322437,3
235,3844,3.0,4
237,34,3.8015224246772066,5
237,466,3.7309808492433016,3
237,586,3.782992615699034,4
237,2683,3.2112356380558884,3
237,3243,3.0143748880048182,2
237,3564,3.0,1
238,909,3.9724376269700867,3
238,1093,3.5044881486600707,5
238,1584,3.818916971945555,3
238,2117,5.0,5
238,3471,3.871219931584007,4
239,39,3.450164099043249,4
239,527,4.390053335380916,5
240,329,3.3696295484909284,3
240,1375,3.410675860433956,2
240,1376,2.9865732129347697,5
240,2501,3.742379415849332,5
240,3253,3.520648132757174,2
241,32,4.055255380022384,5
242,135,3.6322041303361927,2
242,1193,3.35792648823851,4
242,2194,3.1285877335094225,3
242,2617,2.9375164492333603,3
242,3148,3.7319173896383298,3
244,11,4.22023624693945,4
244,1213,4.41236626353653,4
245,172,2.413331520805778,3
245,177,2.5627586605357395,2
245,368,2.6176187275403553,2
245,1214,2.9114182776360678,4
245,1270,2.9524625164549674,3
245,1297,2.6707910186633845,2
245,2140,2.799096229379651,2
245,2268,2.8842715519773834,4
245,2431,2.241319915847842,3
245,2779,2.8766781628509106,3
245,2863,3.357101842224637,4
245,2915,2.9911073162020974,2
245,2918,2.8700875649027955,2
245,3087,2.6028652820063676,2
245,3590,3.0,2
245,3771,3.0000000000000004,2
245,3863,2.4998126246227597,1
246,2080,4.127066785445267,3
247,16,4.078430317388414,3
247,2470,3.839234040524551,3
247,3251,5.0,4
249,349,4.144067668975923,5
249,1042,4.4465438617257425,3
249,2605,3.8518126091313745,4
250,3286,3.0,2
250,3510,4.0,5
252,356,3.9350167878294156,3
252,2335,4.296765227694436,2
253,1089,3.5741488057150876,3
254,2288,3.629277196428296,4
254,2366,4.0010576463291665,4
255,1036,4.111165141082361,5
255,1196,4.076816814444279,4
255,1633,4.0,4
255,2953,3.6358029947103083,4
255,2965,3.0,2
255,3256,4.006235724139564,4
255,3360,4.329881695208117,5
256,1179,4.651172193837287,5
256,1608,3.7518571765350957,3
257,1580,4.735010032799814,3
257,2321,4.369186104135787,4
257,2628,4.393883831616004,4
258,924,3.942877663152418,2
258,1183,3.7655207913525355,3
258,1356,4.186945558397848,4
259,213,3.0,5
259,1049,3.644706666254427,3
259,1225,4.2290053774302265,5
259,2359,4.487746989344952,4
260,173,3.1473628012698884,3
260,316,3.6226068353441154,4
260,1552,3.5922481569303915,4
261,15,3.0,1
261,231,3.8280834218223436,3
261,832,3.6730688847825426,3
261,903,4.486954737233262,3
261,1291,3.9536883944328887,4
261,1513,3.514774895479905,3
261,1888,3.1600261653654274,3
261,2325,3.0,4
262,2393,3.373452402224598,4
262,2498,3.0,3
262,2699,3.288726144771843,2
263,3060,3.9446161299842686,5
264,141,2.9815551480766396,1
264,1676,2.6473456308590806,1
264,1997,2.7474405452730633,1
264,2094,2.6897913544067444,3
264,2469,2.9399418659667385,3
264,2791,3.0251585487289123,4
264,3248,2.676543484247963,2
266,1196,4.585525549800653,5
267,296,3.4789239981565143,3
267,2239,3.0,5
268,588,3.7460087546363625,4
268,1888,3.911547641353464,4
268,2006,3.795737238587598,5
268,2770,3.0441067994358897,2
268,2953,2.8725537070648217,3
268,3450,3.572920809817092,1
269,34,4.291989420340326,5
269,2616,3.0,4
270,1179,4.3574726751158135,3
270,1513,4.508459884154998,1
270,2871,4.33623014871859,5
270,2997,4.251332768369876,5
270,3079,3.0,4
271,333,4.035295591083226,4
271,1073,4.248424419402465,4
271,1954,3.9426473970970908,4
271,2018,4.286430595735164,5
271,2628,3.9665449738915974,4
271,2683,3.926955523591478,3
271,3157,3.0,3
271,3489,4.110728623692116,4
272,493,4.051265913970656,5
272,969,4.385056603958202,3
272,1060,4.428289798929733,5
272,1278,4.332721805564365,5
272,1288,4.435593000397185,4
272,1610,4.087436818231911,4
272,1615,3.667244837086774,3
272,2105,4.2084902065013505,1
272,2313,4.22961530016366,5
272,2692,4.48828537486936,3
272,2714,3.0,2
272,3798,4.3239243634522575,4
273,329,3.7889076526600984,4
273,592,3.780820346567787,4
273,1307,3.7420183038434267,4
273,3185,3.0,3
273,3440,4.0,4
273,3897,4.281056250356111,4
274,529,4.610178387952236,5
274,1214,4.523761699196949,4
274,1387,4.675585846093126,5
274,1954,4.459329857552921,4
277,2571,3.76774149784846,5
278,2903,3.4425719698957895,3
278,3024,4.288155913376716,3
278,3692,3.0,2
279,780,3.23216968253827,2
279,912,3.161530416069499,3
279,1344,3.0,2
280,235,3.7702178300215983,5
280,1234,4.2288948209664134,5
280,1963,4.12857061255658,3
280,3363,4.181952132942985,5
280,3421,3.6195244379147145,5
280,3543,4.3355900597771155,5
280,3873,4.0,4
281,321,3.0,4
282,480,3.505665167481597,3
282,2762,4.0127823796964375,4
284,1019,3.66186675902752,3
284,1028,3.6128344592676966,3
284,1201,4.062565123099972,4
284,1569,3.1603636276899625,2
284,1676,3.4623569284387234,4
284,2142,2.3428841333428205,2
284,2296,4.0,2
284,2646,4.0,1
284,3908,3.0,1
284,3927,1.4606961192639865,4
285,77,3.0,3
285,206,3.0,1
285,1278,4.259258458601848,5
285,2926,3.5099011436538277,4
288,349,4.715493221761685,4
288,3702,4.732220878003015,4
288,3827,5.0,5
289,1219,4.104063353011723,4
290,356,3.621057306855049,5
291,527,4.247257295704395,4
291,1380,4.2294939437833,4
292,1580,3.941094482857207,4
292,3555,3.621740789016869,4
293,1,3.5746883274432237,2
293,334,3.0,3
293,515,4.289712347071834,4
293,842,1.0,1
293,1254,4.680055655247844,5
293,2067,4.422939554880745,4
293,2739,4.113459818921066,3
294,562,3.6099832454663523,4
294,581,3.0,4
294,1042,3.096681198429541,2
294,1569,3.087702777374377,3
295,2959,4.0257953272665485,5
295,3793,3.9974086222956142,5
296,2167,4.010922115647185,1
296,2617,4.3518572246559435,4
296,3481,4.571517298042054,1
297,1247,4.195856848998984,5
298,551,4.020465831908628,4
299,3007,5.0,5
300,733,4.301637455225757,5
300,1240,4.367885637625255,4
300,1250,4.511165557874714,5
300,1345,4.741387389626861,4
300,2245,4.329056575694117,3
300,2472,3.0,3
300,3035,4.322928804611849,4
300,3114,4.2638242082890025,5
300,3398,4.375900177031788,4
301,351,3.0,2
301,1517,4.244665849924998,5
301,1711,4.259177432225471,3
301,2231,4.184420442823104,3
301,2541,4.01103299382217,4
301,3617,3.263372460264396,1
302,95,3.0449084545775955,4
302,318,3.773870347626011,5
302,647,3.56753503778512,3
302,780,3.274577860020776,4
302,784,3.322263447855887,3
302,912,3.9367578361023834,3
302,1091,2.9469816326657026,1
302,1343,3.719751717294049,2
302,1358,3.9369662833270413,3
302,1408,3.507198254768578,2
302,1466,3.7936406340940034,3
302,1642,3.0,2
302,1754,2.9045650389010573,3
302,2083,3.463141227988478,2
302,2300,4.01654564560667,4
302,2381,2.2408989602107465,1
302,2470,3.402972951425383,2
302,2539,3.497458580835629,3
302,2542,4.08389321482693,4
302,2657,3.5959860036023574,1
302,2881,2.897158727351074,1
302,3286,3.0,3
302,3740,3.2177868441618656,3
302,3852,4.0,4
302,3911,4.342437249386038,5
303,246,3.866657675645136,5
303,357,3.790005887624704,5
303,1393,3.797220652876209,4
303,1784,3.76571453357888,4
303,1923,3.6504442673030097,3
303,3308,3.848446884475203,4
303,3424,4.033600322921223,4
305,829,3.0,3
305,1337,3.0,3
305,2113,1.363126214514945,1
305,2717,2.833359008356102,3
305,2903,1.0,1
306,104,4.0846466821754825,5
306,1060,4.074609035577771,3
306,1197,4.2078528871944085,3
306,1228,4.533208597913606,3
306,2599,4.155173160572158,3
306,2628,3.9961643111904213,4
306,3513,3.998017396301096,3
307,549,3.0,2
307,589,4.634649259669723,5
307,1296,4.88047413056056,3
307,1304,4.772375061011542,5
307,2973,4.904512437958831,5
307,3133,3.0,5
307,3469,4.6267077037567015,5
308,1,3.6617953747808425,4
308,869,3.0,3
308,1029,3.801151550011396,3
308,2064,4.028780567484131,5
308,2102,3.511080278264728,4
308,2324,3.9005099221096318,4
308,3007,5.0,4
308,3208,2.7119604135953357,2
308,3363,3.9559457475600475,5
308,3450,3.390281917315946,4
308,3527,3.541481795298784,4
308,3809,3.557744990998185,3
309,223,4.153243121373028,5
309,1127,4.049365177101034,5
309,1307,4.135826071615587,5
309,1957,4.184915735504972,4
310,1920,2.9436583561581684,2
310,2716,3.4491635255043005,4
310,2876,3.0,3
310,3225,3.0,4
310,3439,3.6609961108621993,2
314,73,3.0,4
314,2018,4.068932398451933,4
314,3098,4.0015138233984615,5
314,3159,3.0,4
314,3414,3.0,3
314,3671,3.893874301810364,4
314,3685,3.683342463704499,2
316,1372,4.262064656628783,5
316,2640,4.088532406047473,4
316,3704,4.257346066294692,3
318,2077,3.0,4
319,17,3.850387005446481,4
319,781,3.0,3
319,1082,4.0,4
319,1357,4.00943720644296,3
319,1393,3.5333240636368415,5
319,1594,4.014095011658159,3
319,1625,3.496763355153294,2
319,1633,4.132155987118875,4
319,1747,3.605339641785257,5
319,1892,3.252942069105076,2
319,2248,3.712522721278222,3
319,2433,2.9991059084013663,3
319,2539,3.292447736719728,3
319,2699,3.1643292057964434,3
319,2752,1.0,3
319,2770,3.0854400138476428,3
319,3066,4.0,3
319,3504,4.053061815399849,5
319,3735,4.178243700258966,4
319,3813,3.0,3
319,3952,4.544165894947006,3
321,595,3.4786745646725015,4
321,1214,3.278840977560851,5
321,1999,2.6191864619128777,2
321,2006,3.342026857708576,2
321,2617,3.2526585595875743,3
321,2763,3.387037806021542,4
322,368,4.711592063280775,5
323,350,4.1052854636852665,3
323,1393,3.841718283714232,2
323,1537,3.0,4
323,2871,4.505965700212879,4
323,3753,3.5986889285470722,2
324,2723,4.340154435929711,2
325,830,4.500694002238998,5
325,3540,3.0,1
326,750,3.5289012649714517,4
326,1960,3.464263388382401,2
326,2140,3.7219968809222412,3
326,2468,3.7383867261114547,3
326,3011,3.227994013326705,2
326,3253,3.609301645559004,3
327,1034,3.0,3
327,1039,3.0,4
327,1247,3.78605943616255,5
327,1250,3.8415559715070398,4
327,2132,3.5835827816590378,3
327,2824,3.0,3
328,1597,3.053512411887398,3
328,1907,3.6696930018780995,4
328,2916,3.14560159197069,4
329,2,2.9465957313057123,3
329,208,2.9046348851800308,1
329,368,2.9703147166285806,2
329,468,2.5010890771442984,2
329,485,2.8078716700678146,2
329,586,2.810096497931487,1
329,648,3.0583171184551228,2
329,750,3.358591479914827,4
329,784,2.707786542400032,3
329,1179,3.4853747806201714,4
329,1191,3.0,3
329,1367,1.9423843583412983,2
329,1373,2.8392267609386868,2
329,1588,2.610245164810229,4
329,1643,2.003710181160679,3
329,1704,3.290229332513753,4
329,1995,2.6819841284950723,2
329,2133,2.873407301023917,3
329,2504,3.0,2
329,2717,2.8141127066135967,3
329,2806,1.0,2
329,3113,2.553984029776115,2
329,3264,3.053414596191035,3
330,3555,3.9331747559826433,4
331,208,3.4146373156651895,2
331,348,4.432603089034556,5
331,356,3.8891012898477717,5
331,368,3.575994676709537,3
331,371,3.0,4
331,373,4.504158990085897,5
331,1222,4.030355301504954,5
331,1466,4.087602795370606,4
331,1625,3.877507638035804,4
331,2001,3.718591358799762,4
331,2108,4.000689327347687,5
331,2952,3.0,5
331,3101,4.198591014048764,3
331,3147,3.985596581057769,4
331,3176,4.056444038325865,5
331,3210,4.034008791565513,4
331,3450,3.950834202379996,4
331,3719,3.0,3
331,3747,3.0,5
331,3868,4.041661660718668,5
332,969,4.032136240514224,5
333,1935,3.0,2
333,1945,3.46566455236816,3
333,1954,3.5550748990614203,3
333,2384,4.0,3
334,2259,3.0,3
335,1291,2.6715440961898,4
336,1199,4.560408261807274,5
336,1375,4.568743275588299,5
336,1721,4.633140731985551,3
336,3617,3.0,3
336,3662,3.0,4
336,3698,4.512731767052694,5
337,653,3.8067791758603926,3
337,1339,3.1806281060590758,5
337,1564,3.0,4
337,1606,3.0,4
337,2600,4.0,1
337,2617,3.8283119637445564,1
337,3254,3.858637459329425,2
337,3264,3.87232564121617,2
338,500,3.9915411024162806,3
338,1127,3.768611793029931,4
338,1485,3.7231312078919023,3
338,1537,3.0,5
338,1792,3.224246149082915,3
338,1920,3.4377361058432596,3
338,2100,3.966978055499205,4
338,2402,3.4889352876325543,2
338,2406,3.8857629885154203,4
338,3072,4.204991815834832,4
338,3499,4.17023688442194,4
338,3698,3.751320380691807,3
339,73,3.0,5
339,3071,3.0,3
339,3668,3.0,4
340,3114,3.464991339278239,5
342,26,3.0,4
342,2161,3.650322729778651,4
342,2411,3.328780171433029,4
342,2916,3.752234343183106,4
343,185,4.314202476449197,4
343,595,4.4138700058110345,5
343,1097,4.254237813123154,5
343,1367,4.0,4
343,1515,4.0,4
343,2000,4.203244237509717,3
343,2249,4.284244080397746,4
343,2616,4.114813508037586,3
343,2662,4.273283063012352,4
343,2918,4.373950316426182,4
343,3811,5.0,5
343,3868,4.485796824151873,4
344,527,3.963639305087587,4
344,1090,4.11321779982485,2
344,1376,2.388125814531426,3
344,2598,2.8949838466107902,1
344,3372,3.0,5
346,466,4.283886034495715,4
346,1704,4.463036435688004,5
346,2372,4.578107771026833,5
346,3253,4.372409545580812,5
347,1089,3.5907473336791735,4
347,1950,4.056783763095001,4
348,1083,4.0,4
348,1196,3.896180639596507,5
348,1272,4.169802080841777,5
348,1416,2.5086475108034665,4
348,3643,3.493272891953567,3
349,780,3.603759873635288,4
349,1953,3.9802347855314792,4
349,2338,2.149425030742438,1
349,2710,3.2401133624707494,1
349,3052,3.521036371304574,3
349,3448,3.6455245428597114,4
351,2013,3.6654346571501253,3
352,20,2.6345793292544557,3
352,119,3.0,4
352,216,3.3424651913088455,1
352,315,2.565106492050822,3
352,317,3.4198103765666663,1
352,410,3.2254217453400607,4
352,869,3.0,3
352,1027,3.4201139933577487,3
352,1078,4.4471615300602965,5
352,1171,4.732986797112623,5
352,1186,4.0845907139456035,3
352,1197,3.9006143199353267,5
352,1299,4.146492047797251,4
352,1690,3.4067760199508377,2
352,1729,4.116580120855968,5
352,2414,3.554350865528861,3
352,2474,3.0885977140529115,4
352,2581,3.662125544909121,4
352,2686,5.0,5
352,2867,3.463841792919511,4
352,2882,3.0,3
352,2889,3.0,3
352,3165,3.0,1
352,3712,3.299189729000719,2
352,3793,3.7123812243042593,2
353,1198,2.974784222807595,4
354,2976,4.160987317445499,3
354,2997,3.9635042659904527,4
355,355,3.263384890676232,2
355,2412,3.0,2
355,3174,3.8249483779072175,4
355,3354,4.145049364422199,3
356,3927,3.0,4
358,1669,3.0,3
358,3418,3.8340500329780176,4
359,1527,4.007642133968602,4
359,3702,4.016577665797815,5
360,1291,3.8269426826542206,3
360,2028,3.809658595237319,4
361,3512,3.0,3
362,3481,3.5506110463950553,3
363,3150,3.0,5
365,1556,3.0,3
366,349,4.163400216415924,3
366,1027,3.9862261840268927,4
366,1204,4.513242563528126,5
366,1674,4.235373434721137,4
366,1959,4.165099195606916,4
366,2393,4.083292616050481,3
366,3384,3.0,4
366,3527,4.17746688545995,2
368,62,4.3071052896208935,5
368,95,3.7187138616924456,2
368,150,4.183923610347906,5
368,1689,3.0,3
368,1693,4.682927028062588,4
368,2805,3.0,3
368,3243,3.3939295336960007,3
368,3897,4.372688444221766,4
368,3948,4.349022863346931,5
369,588,3.4602040538948375,4
369,1080,3.4787924247421738,4
369,1294,3.376615613122382,3
369,1569,3.502203151440545,3
369,2406,3.4063952407729863,4
369,3614,2.777121301124804,2
370,3114,4.479878363534017,5
371,50,3.3649930792657936,5
372,2396,4.532760080672859,4
372,2699,4.545709850760658,4
372,3147,4.4734480906498,5
372,3354,4.633618978254571,5
372,3793,4.49437558851985,4
373,589,3.93736529066754,3
373,1186,3.490751219452161,3
373,1197,3.7882472631094743,3
374,593,4.401034522884231,5
375,2028,4.435509209846854,4
376,904,4.722962373124566,5
376,2805,4.0,4
376,3747,3.0,3
377,908,4.229503338607571,5
377,2997,4.050294925867353,3
378,1617,3.53482717912326,4
379,1066,3.0,5
379,1247,4.120977983529202,4
379,3244,3.4830381727240827,5
380,104,3.866441610052163,5
380,235,3.88045990993555,3
380,1073,4.089478612864331,4
380,1600,3.0,2
380,2188,3.0,2
380,3261,3.7908980192667077,5
380,3745,3.2226839049605283,5
382,1307,3.8161588072499897,5
385,457,4.017678637108784,5
385,1218,3.0,5
386,1635,4.058431176135655,4
386,1906,3.0,2
386,1966,5.0,4
386,3175,3.4299864813726595,3
386,3624,3.069717763853183,2
390,1089,3.6936016832718,5
390,1211,3.0,4
390,1977,3.1446695930530164,3
390,3289,3.0,5
390,3917,3.1583515998049787,3
392,180,3.7250553329436853,4
392,258,3.0,3
392,376,3.3058805341268958,4
392,471,3.92881735863142,4
392,736,3.461179062716788,3
392,818,3.234732341853315,2
392,1196,3.7122121547462696,4
392,2392,3.0,1
392,2423,3.5306533346530866,3
392,2770,3.497381489022642,4
392,3114,3.8181457777153,5
392,3526,3.701705535334139,3
393,1186,3.67770293851783,3
393,3733,3.7249570661109592,3
394,1769,3.3505399824895545,3
395,231,3.380379558023664,5
395,2396,3.395298887404689,3
396,1172,4.365685326276181,5
396,3421,3.423841180348325,3
396,3526,3.5758408108469677,2
397,380,3.922967281751574,3
398,1249,4.30921940998291,5
398,1304,4.263428018745479,4
398,1968,3.944945000209087,3
398,2109,4.181785544279592,5
398,3037,4.619011500235249,4
399,2059,3.0,3
399,2574,3.0,4
401,431,5.0,4
401,1246,4.33028554956872,4
402,11,3.698274856882903,4
402,70,3.8498405389482078,4
402,235,3.88909065423212,3
402,708,3.670019592916708,3
402,1220,3.677590478283782,4
402,1294,4.156447724877835,4
402,2959,3.5863127476224106,4
402,3175,3.542201202849659,4
402,3359,4.0,4
402,3362,4.026510260713195,4
402,3543,4.240830540746544,4
403,423,3.5045505012926625,5
403,3176,4.00642479870201,3
403,3760,4.0,5
404,2997,4.20421485166246,4
404,3107,4.096772462108068,3
404,3897,4.010237459697556,5
405,25,4.031796249882706,4
406,605,3.0,4
406,2890,3.4623016880320985,4
407,2033,3.0,3
408,750,4.414901889766495,5
408,907,5.0,5
408,1947,4.653523734855257,5
408,2528,3.4705562096736466,3
408,3418,4.192463318986681,4
409,1200,4.079611420937417,3
409,1259,4.089791922046181,5
409,1285,4.0293130929218295,4
409,1693,4.0,4
409,2571,4.055550822211035,4
410,280,3.0,4
411,10,3.6403358248015905,3
411,344,3.00189651054618,2
411,901,3.855698458954697,4
411,1018,2.72060006895548,2
411,1172,3.918897722171357,4
411,1265,3.693361465622299,5
411,1959,3.6821077008162137,3
411,2021,3.546287321080948,2
411,2141,3.3248611134807224,3
411,2371,3.1740989603051792,2
411,2405,3.2010561461688285,2
411,2410,3.2047512347485916,2
411,2439,5.0,3
411,2872,3.4301057858034505,3
411,2908,3.3815002268027836,2
411,3392,2.0,1
411,3504,3.8577671948407075,4
411,3893,3.83920977287477,2
412,457,4.512126667889198,4
412,950,4.8019972297745355,5
412,1028,4.610354802714681,5
412,1208,4.582642929831489,5
412,1276,4.706113372262963,5
412,2065,4.644762995352434,4
412,2160,4.696584244034792,2
412,2268,4.4797100749857055,5
412,2272,3.0,5
412,2570,3.0,5
412,2689,3.0,5
412,2872,4.687046996403953,5
412,3147,4.581059145829791,5
412,3450,4.577487022144566,5
413,260,4.589579860976236,5
413,588,4.579571429381665,4
413,661,4.652661234633083,4
414,1250,3.5819088726808044,5
415,39,3.6634727936792593,4
415,457,3.8224637501720116,4
415,919,4.009181132192035,5
415,1078,4.228888226527269,4
415,1278,3.9671966291221192,5
415,1517,3.641798832342505,3
415,3175,3.58978147842174,4
415,3424,4.049038961141756,4
415,3671,3.9576107167929933,4
418,1387,3.4117845470986796,2
418,3104,3.443119591565572,3
419,457,4.161666116057667,5
419,902,4.2684793202702265,4
419,1927,5.0,5
419,3510,4.026382697543064,3
420,1321,4.283079846803364,4
423,2707,2.893108979983942,2
423,2712,2.1940274441992926,2
423,3113,2.475866584462681,5
424,198,3.836610415291922,3
424,231,3.6402234416517345,4
424,442,3.6214844966842623,3
424,553,4.001575851496669,4
424,1023,4.247255059078048,4
424,1103,4.602158601210919,4
424,1136,4.2096591229936555,5
424,1358,4.214836925569848,5
424,2002,3.5874085900577493,3
424,2355,3.9704770062373975,5
424,2366,4.520504079516197,4
424,2401,3.1998709212725003,4
424,2535,3.0,3
424,2554,4.0,3
424,2657,4.142981907136708,3
424,2726,5.0,5
424,2785,3.0,4
424,2951,4.357944592154642,3
424,3153,4.0,4
424,3219,3.864885496246668,4
424,3591,3.7953326995387773,4
424,3704,3.9656618799569414,3
424,3760,3.511565783459305,3
424,3838,2.48284095601806,2
425,410,3.3309939914279827,4
425,454,3.696055481993252,4
425,1101,3.720313281951871,3
425,1221,3.8336379868000545,4
425,1247,3.8256344432442044,3
425,1291,3.741387906002483,3
425,1729,3.753388521250774,3
425,3408,3.821719583318486,3
426,1954,4.1331678292504295,4
426,3163,3.0,4
428,924,4.22933232418676,4
429,6,3.726977614683138,5
429,1702,3.0000000000000004,3
429,2002,3.2469848334764033,2
429,2598,3.3901586666466637,4
429,3578,3.7241164902807715,5
429,3593,1.0,1
429,3671,3.9766817684963107,5
429,3683,4.144399175327244,5
430,3436,3.0,3
435,2115,4.0103062083143834,4
435,3639,4.347486417279905,5
436,2012,3.926887826884004,4
437,720,4.508949788843631,5
437,1208,4.545145241171674,5
438,112,3.7497157616652075,4
438,223,3.9926201824494476,5
438,329,3.713557061065043,4
438,356,3.824019860134312,5
438,708,3.6073211772396125,4
438,1214,3.8194173618074276,4
438,1291,3.7813271936618427,4
438,1298,4.002731136691102,4
438,1972,3.508826898844753,2
438,2133,3.622239617110305,4
438,2252,3.0,3
438,2338,2.91480353918717,2
438,2392,3.0,1
438,2395,4.175642379763469,5
438,2413,3.677472000089425,4
438,2625,3.0,5
438,2716,3.834667784480092,5
438,2746,3.824955438969193,5
438,3157,4.0,3
438,3355,3.0,5
441,1253,4.437518490586583,3
442,1300,4.0,3
442,1537,3.0,5
442,1645,4.057788908184028,1
442,1931,4.0,5
442,3259,3.8180552099022074,2
442,3481,4.245867285197287,4
443,1617,4.041485342554052,2
443,2391,4.109302001815937,1
444,1094,3.9317413232542764,4
445,24,3.5197544403860586,4
445,1882,3.440819893718652,2
445,2997,4.200308160423254,3
445,3300,3.7138413966481574,4
445,3421,4.112566022852107,5
445,3551,4.089250210693215,4
446,3751,4.556717237085036,5
448,440,3.0,4
448,2617,3.6971304138360166,4
449,2193,3.674310114262384,4
451,110,4.529073897970268,5
451,944,3.0,4
451,1237,4.70186001033017,5
451,1248,4.621388102182134,4
451,1283,4.636662088426635,5
451,3362,4.634632169061953,3
452,165,4.71853134776903,5
453,216,3.4255385026318255,3
453,529,4.054154430231743,5
453,736,3.654838671946164,3
453,788,3.580108408856882,3
453,1214,3.890841932760472,3
453,1798,3.0,1
453,2109,3.9739378906031444,5
453,2324,4.1766209108037575,5
453,2798,2.5951946287564214,3
453,3334,4.552582191249356,5
454,356,2.929730037289501,3
454,1080,3.3561768151828995,5
454,2318,5.0,5
454,2702,3.4177844294903603,5
454,2779,2.546260637564517,3
456,110,3.4872283188920785,4
456,1356,3.522608907516097,5
456,2401,3.0,3
457,50,4.0104440707214595,4
457,163,3.6116962982761396,3
457,318,4.015379776441779,5
457,337,4.077123569453261,4
457,356,3.910567097660733,5
457,475,3.7563987755458257,4
457,778,4.124367661428085,4
457,1097,4.015447855772484,5
457,1784,3.8679169295914035,5
457,2071,3.0,4
457,2107,2.4548000891091357,2
457,2174,4.014028835825613,4
457,2911,3.0,4
459,1093,5.0,4
460,1193,3.1026678910583847,4
460,2124,3.797666217675333,5
461,316,3.395695660098276,4
461,733,3.459717657698613,2
461,941,3.0,4
461,2497,3.0,4
461,2670,4.289817614304831,4
461,2815,3.022828460312743,2
461,2881,3.180588324984441,4
461,2921,3.6603955062097655,3
461,3033,3.119155803363499,3
461,3628,2.687754588613522,2
461,3689,2.4234595506343926,1
461,3927,3.0261596426554225,3
462,516,4.0,3
462,3675,2.6568385042198543,2
463,909,4.310125913686115,4
463,2081,2.9382778001858854,3
463,2082,1.8229213992665585,1
463,3210,3.30788073101723,3
464,28,3.0,5
464,34,3.9688830884405366,2
464,2571,3.607714296838915,5
466,2599,4.193819745798702,4
466,3475,3.0,4
466,3760,4.0,4
467,3,3.7240799074700597,4
469,913,4.322492965206435,5
469,950,4.474456833295929,5
469,1198,3.81666513831652,5
472,1580,4.029421147414897,3
473,3549,3.965965021350639,4
474,492,3.0,4
474,587,3.154282548519127,2
474,593,3.964632560309146,5
474,818,3.5445367111880746,4
474,968,3.27480592046312,5
474,1279,3.0,4
474,1460,3.0,3
474,1610,3.7296859323967384,5
474,1645,3.7442459464448,3
474,2683,3.6535784759910395,4
474,3159,3.0,4
475,552,3.8914036806690007,4
475,1391,4.1272837779865945,3
475,3388,3.748082896220449,2
475,3461,3.0,4
476,1091,3.536889634386977,3
476,2142,3.304683853638069,4
476,2471,3.614239030819153,4
476,3698,3.860339053858286,3
476,3770,3.491189371141524,4
476,3836,4.562870401345989,5
477,112,3.3789354298789616,3
477,379,3.2558612534733773,4
477,1201,3.999283547160146,4
477,2002,3.722953279291837,3
477,2376,3.6509598806173944,3
477,2402,3.3259411313970473,3
477,3703,3.876262910454303,3
479,1246,3.828206667040566,5
479,1894,4.098961061736396,3
480,2046,3.439881549907867,4
480,3539,3.0,5
481,736,3.8153813224156976,3
481,1208,3.766678856313817,3
481,2795,3.5739296153739333,4
481,3471,3.693343461776439,4
482,337,3.8352883832051305,4
482,482,3.0,3
482,592,3.223257900173994,3
482,737,2.8609604630345786,3
482,1120,3.7123548676959066,4
482,1206,3.5988134042790354,3
482,1245,4.04927345388009,4
482,1270,3.4803961435843638,5
482,1391,3.162215251656158,2
482,1487,3.0,2
482,2001,3.3675680206638074,3
482,2003,3.2446343666900033,2
482,2076,3.7682131066713707,4
482,2115,3.368200495353117,4
482,2352,3.5964598929617995,3
482,2716,3.412318566760928,4
482,2804,3.5878729896216393,5
482,3481,3.7191323704399335,4
482,3617,2.4204647067133602,2
482,3707,3.0000000000000004,4
482,3844,3.4248837094006506,5
484,2881,3.8600595381790725,4
486,1265,4.200830523758749,5
486,3072,4.244505587184743,5
488,750,4.061348389085945,4
490,616,3.90100174198566,3
493,529,4.418845247211555,4
493,1459,4.0,4
494,743,3.0,4
494,1702,4.999999999999999,5
494,1882,4.431885688544481,4
494,2053,4.304362343542163,5
494,2110,4.138591904208123,3
494,2393,4.1846619202313216,5
494,2405,4.151998862698477,5
494,3040,4.202447434424285,3
496,2762,4.540145997361762,5
496,2858,4.509225613417539,4
498,913,4.091474034885257,4
498,940,3.0,4
498,1221,4.038830177830418,5
498,1230,3.9952358793560774,4
498,2762,3.480785265450513,4
498,2797,3.3803716854462724,3
499,515,4.323707306276018,3
499,1088,4.157142824175492,4
499,1678,4.271137632706224,5
499,1888,3.923600241307899,3
499,1968,3.908042691348427,4
499,2059,3.0,4
499,2316,4.08174194786112,3
500,531,4.506614273020166,5
500,1197,3.598047173709327,5
500,3461,3.0,5
500,3504,3.3613944838767438,4
502,3753,4.8065840797772825,4
503,1304,5.0,4
503,2122,3.0,4
504,260,4.209624408482366,5
504,1069,4.8108824145130225,4
504,2456,2.3408097316488834,2
506,2706,3.4260675522664443,4
506,3408,4.115247344325307,5
508,1373,2.8295258794264626,1
508,1702,2.0,2
508,3527,3.4972244600767186,3
509,154,3.0,5
509,327,3.201504033900778,4
509,444,3.0,4
509,482,3.0,3
509,509,3.479456485356971,4
509,527,3.5844324020720943,4
509,1186,3.842853447367164,3
509,1193,3.8224934804387933,4
509,1584,3.4955072150569673,3
509,1680,3.432568985984412,3
509,1777,3.212450584337923,2
509,1973,2.8170008737170362,3
509,2089,3.1201422144939146,3
509,2359,3.6121997339963046,4
509,2978,3.0,1
509,3267,3.6014303613504093,4
509,3699,3.453789006776046,3
510,2450,3.992119088353143,2
510,2701,4.440051366984142,4
512,904,4.3488506680269134,5
513,912,3.854708077159385,4
513,1343,3.652491654026961,2
513,1597,3.124162117527512,2
513,1784,3.421578273456796,4
513,2683,3.6208982261827716,4
513,3362,3.8200495560863126,4
514,2959,4.337546871019645,5
515,32,3.7831299315284874,4
515,300,3.7367854189286756,3
515,2677,3.0,3
515,3083,3.0,3
516,663,2.0,2
516,1304,3.371158119676262,5
516,2367,2.841499892478797,3
516,2791,3.2079444481593073,3
516,3114,2.9005876897730993,3
516,3868,3.2084682074457085,2
517,153,3.8021131732093565,3
517,1488,3.0,1
517,1883,4.0164451780144965,4
517,2541,4.691890101096884,3
517,3901,3.0,3
518,47,4.352420084906071,5
518,296,4.261153332962775,4
518,1197,4.238741899337466,4
518,1237,4.811404291335955,5
518,1277,3.0,5
518,1960,4.52505560041345,4
518,2664,4.473883081729269,5
518,2942,3.838098872105515,3
518,2959,4.335014998588542,5
518,3948,4.370739601750197,4
519,1073,3.6698015149171663,3
520,163,4.019227956966555,4
520,457,4.222976993496918,4
520,1258,4.082681551114099,5
520,1801,3.4644729811338735,3
520,2067,4.573985871570286,5
520,2132,4.6154876546446095,4
520,2266,4.0,3
520,2701,3.0758225843796834,1
520,2719,3.2122192441948174,3
520,2987,4.226055703283413,4
522,1270,4.125324386169331,4
522,3527,4.078051236453967,5
523,1201,4.134736979897499,5
523,3037,4.225082070933172,4
523,3639,3.9607678904925447,4
524,11,3.95817149444263,5
524,44,3.15819080312248,4
524,88,2.3180693140478166,3
524,207,2.953962989827138,5
524,218,2.9972548751585646,4
524,361,2.969177106549891,4
524,596,4.1077525549181955,4
524,673,3.35684470705948,2
524,1126,3.2807214484189875,1
524,1198,4.032915686239781,5
524,1307,4.277632483801552,4
524,1476,4.075801616001008,4
524,1573,3.9625595843414785,4
524,2005,3.9150348621196915,4
524,2239,3.0,4
524,2518,4.113930311159693,4
524,3355,3.0,4
524,3424,4.6593157862163785,5
524,3910,4.0,5
524,3952,4.370237155719658,4
525,1387,4.074470428000886,4
525,2858,4.296640300408236,3
526,3153,3.0,3
526,3519,3.699114855129894,4
527,1247,4.772761490036909,4
527,2918,4.3327238615833865,5
528,516,2.8491877417966154,3
528,524,3.985096490687465,5
528,1617,3.7589586293361235,4
528,2253,2.8838932317484676,2
528,2572,3.8076723880288563,5
528,3146,3.0,3
528,3155,3.0,5
529,1617,4.299961625148638,5
530,1089,3.9272257229960763,4
530,1307,4.0929345053278965,4
531,21,3.703483746732893,3
531,140,3.487991928540634,5
531,281,3.0,2
531,726,3.0,3
531,785,3.4467833657992686,3
531,1196,3.6634590925949446,3
531,1556,2.7890385457711084,2
531,1624,3.0,2
531,1648,1.5355795560488146,2
531,1682,3.5602257165833615,3
531,1779,3.415005216764491,4
531,1863,3.0,2
531,2053,2.811212050838416,1
531,2272,3.0,3
531,2333,3.5182028567273513,3
531,2643,3.421202127223282,3
531,2793,2.256175021632436,3
531,3034,3.922468445987396,5
531,3210,3.652730648005068,3
531,3317,3.868501540994818,3
531,3705,3.0838749111684067,3
532,2161,4.103329033740632,2
533,344,3.314214974723255,2
533,508,3.404957415562671,2
533,836,2.99823766687655,1
533,969,4.227759596134035,5
533,1089,3.7398520832788775,5
533,1438,2.929001230975438,1
533,1464,4.0,3
533,1580,3.7076682380876216,4
533,1722,3.514931822880721,5
533,2280,3.0,4
533,2393,3.3492769980481323,2
533,2527,3.8707241736881244,3
533,2628,3.492510988881417,3
533,2729,3.0,4
533,2789,3.222419866103084,2
533,3039,3.7168341337195425,3
533,3704,3.6904441992510564,3
534,911,3.0,5
534,1733,3.0,3
536,1198,4.487397019125519,5
536,1228,4.3684479844660995,3
536,1333,4.323372560109213,3
536,1340,4.475372442001459,2
536,1387,4.390608336740316,5
536,2085,4.219280388713609,5
536,2394,4.399012380222083,4
536,3702,4.504573880341121,3
536,3751,4.423729476323552,4
536,3793,4.621188183446477,4
537,750,4.44396881900644,5
539,95,3.72009447573838,3
539,1274,3.9120920830252857,5
539,1722,3.706019570463167,3
541,1405,3.028207077735814,3
541,2012,3.610490293452046,2
541,2089,3.369012948487456,3
541,2139,3.7038656277264166,3
541,2291,3.6437487745415487,5
542,3624,4.009399741796527,4
543,45,4.352124964510309,3
543,66,3.0,4
543,208,4.455328096208653,4
543,210,3.0,4
543,230,4.820326620329705,4
543,1120,4.568707126432198,5
543,1270,4.45657430892595,3
543,1503,3.0,2
543,1610,4.53032254689781,5
543,2382,3.91193089214279,3
543,2648,4.389254463248264,5
543,2787,4.136849347251598,5
543,2791,4.50860668435596,5
543,2916,4.507894553722612,5
543,3210,4.341531349219167,5
543,3264,4.490498738123426,5
543,3388,3.86434557583074,2
544,914,4.0,5
544,1932,3.0,2
544,2080,3.9338674667459292,4
545,1959,3.959315927116628,5
546,1196,3.6809971371462105,5
546,1966,4.0,4
546,1977,1.0,1
546,3354,2.979282492854486,3
547,1911,5.0,4
547,2571,3.8918064127926897,5
548,1342,2.779922946126525,3
548,1994,2.852060985554337,3
548,2026,2.2279614027744272,2
548,2716,3.0842314729663505,2
548,2719,2.5962030735019908,2
548,2792,3.270269512832147,4
548,2858,3.1869804742286876,5
548,3481,3.2479410334569283,3
549,39,4.236503039451975,4
549,153,3.5843156215294893,5
549,180,3.8905436155145643,5
549,318,4.185026722703923,5
549,553,3.969297800879909,4
549,731,3.0,4
549,915,3.9797756195799594,5
549,969,4.463958140559628,5
549,1057,3.641576135707361,4
549,1101,3.861485265740372,4
549,1176,3.0,4
549,1228,4.531425750641265,5
549,1249,4.655961022645119,5
549,1259,4.215131686234152,5
549,1288,4.470133045567654,5
549,1356,4.217308511059943,4
549,1378,3.884090465654048,2
549,1408,3.936999739129877,3
549,2011,3.918748315249745,4
549,2116,4.283054284764205,5
549,2136,3.0,4
549,2193,4.084163564323101,4
549,2211,5.0,5
549,2528,4.17928140211693,5
549,2753,3.0,4
549,2859,4.530247673839205,5
549,3167,4.43897549672244,4
549,3243,3.031708308501585,3
549,3386,4.227296704609509,5
549,3400,3.0,2
549,3477,2.8370046703510314,3
549,3550,3.774759541154264,3
549,3937,3.0,2
550,17,4.211313564299897,5
550,72,3.0,3
550,141,4.029630340690258,3
550,161,3.7864170146477494,4
550,272,4.143841871613767,4
550,546,3.4877445219912215,5
550,798,3.28916189706536,3
550,1296,4.180804278166952,4
550,1647,3.0,3
550,1777,3.9449962017819984,4
550,2080,3.945570662424842,4
550,2081,3.920911628434657,4
550,2116,3.817776705995671,2
550,2143,3.691123709525626,3
550,2470,3.8091778440359554,4
550,2540,4.0,2
550,2917,4.362873709192869,3
550,2991,3.6889740550413643,4
550,3076,3.0,3
550,3600,3.0,1
550,3827,4.0,2
551,1095,3.978754589139128,3
551,1210,3.8603340268848236,3
551,2065,3.984852185615507,4
551,2973,4.093272868686367,4
551,3185,3.0,4
551,3578,3.8629386433673645,5
552,748,4.269284020697066,3
552,784,4.0,2
552,808,3.0,4
552,2259,3.0,3
552,2314,3.0,5
553,235,4.559097333823712,3
553,586,3.621289873310683,5
553,1414,3.0,5
554,3113,3.586424790621982,2
555,3578,4.024380644663658,3
556,595,3.7658718444140264,4
556,2085,4.002488978482754,5
556,2115,3.5690789231774644,3
556,2948,3.5700671675033537,3
558,1225,3.7905488247203016,4
558,1683,4.0,4
558,2686,4.670631973393457,5
558,2797,3.610022732573824,3
558,2944,3.7817328748593964,3
558,3424,3.805880258939748,3
560,1917,4.0317090637251,5
560,2532,3.6281839698980805,2
561,2162,1.0,1
563,1237,5.0,4
563,1375,2.988202861711206,3
563,1924,3.3430268555726594,1
563,2527,3.11494728518734,3
563,2532,2.911171078914494,3
563,2643,2.5672508006498664,1
563,2912,4.0,4
563,3527,2.998856417219511,3
563,3660,3.0,1
563,3698,2.8522011029608865,3
564,3217,3.0,4
565,175,4.0,4
565,1097,3.644729337876725,4
566,288,2.6554370107431575,3
566,414,3.0,2
566,589,2.800986161884045,3
566,880,2.207591187648404,2
566,1101,2.709641057664457,2
566,1500,3.007909167348868,3
566,1963,3.268411124878318,3
566,2126,2.5415126963260852,2
566,2170,3.0,1
566,2359,3.404419363439767,4
566,2746,2.8894218255161035,3
566,2797,2.713413804160234,3
566,3388,2.4122474699889156,2
566,3448,2.7980053937091536,3
567,110,4.830328705859619,5
567,2369,4.643245263275949,3
568,1408,4.706920516086938,5
570,265,3.6741468909625272,4
570,648,3.67234510217023,3
570,788,3.6463843264577687,4
570,1836,3.0,2
570,2080,3.645952647757199,3
570,2087,3.44138019671292,4
570,2138,3.0,4
570,2447,3.0,4
570,3046,3.0,2
570,3528,3.6854772537676266,2
571,733,4.079602523458785,5
571,1073,4.147790396633394,5
571,2628,3.690827040716485,3
573,3435,5.0,5
575,95,3.8361262345482925,4
575,329,3.8067014292825414,4
575,442,3.7841067219218973,3
575,1198,3.8932135268482013,5
575,1876,3.8174471023227725,5
575,2408,3.201710412070623,3
575,2881,3.549946157859481,4
575,3704,3.8262003853064037,3
577,300,4.481034408897169,5
577,337,4.53498783226036,4
577,349,4.440282409957149,5
577,1747,4.419339849023372,4
577,2396,4.506511083440298,5
577,2469,4.267856932195416,5
577,3060,4.34749423169716,5
577,3868,4.301456914435454,5
578,1617,4.192737170272019,4
578,2997,4.136893886889109,5
579,2375,3.71661662785295,3
580,2815,3.5612521845667375,3
581,17,3.996554312043815,3
582,2976,4.4862063862495685,1
582,3081,4.216479050990075,3
582,3593,4.0,5
583,3,3.4992088161266657,3
583,804,3.0,2
583,1396,4.331024675326685,3
583,3534,3.0,3
584,593,4.392559821621832,5
584,1291,4.408565726649631,5
584,2352,4.313350867832685,5
585,541,3.696509869654802,4
585,750,3.843544019179108,4
585,1391,3.3812163196087957,3
585,1884,3.988041371409952,3
585,3793,3.405025959742884,4
587,1298,3.1822855577182243,2
587,3524,2.926974313269737,3
588,162,4.4957669240492395,4
588,904,4.086242269519879,5
588,1211,4.7389394757991194,1
588,1673,4.146954825400794,4
588,2338,3.0,1
588,3813,3.0,3
590,1549,3.0,4
590,1966,3.0,4
590,3250,3.0,3
591,357,2.5804607867260474,2
591,509,2.991935929610903,4
591,924,3.4682211098861613,4
591,1084,3.91443252311297,4
591,1207,3.6275317258564534,4
591,1224,4.382392048404084,5
591,1674,3.295872194546845,4
591,2150,2.7857889213468887,4
591,2163,3.0,3
591,2611,3.0,5
591,3105,3.0771017925250796,4
592,3555,4.668388279519386,5
593,1183,3.8116374094830716,5
594,444,3.0,1
594,1077,4.740260307204602,5
594,1081,4.7002230044816145,4
594,1136,4.6540165942975165,5
594,2359,4.846943849670228,5
595,1,3.913505299466937,4
595,280,4.336358210176161,5
595,339,4.005120903141877,3
595,1834,4.334258509832278,5
595,3083,3.0,4
596,144,3.0,5
596,3510,3.2049181444582517,3
599,356,3.966773981431315,3
601,648,3.1581934856207057,3
601,1970,3.1185139399379134,3
601,2396,3.2840064524227492,3
601,2700,3.410883390753284,4
601,2712,3.638984505254435,2
601,2967,4.0,3
601,3706,4.35892681792251,4
601,3844,2.0,3
602,589,3.914966307967052,5
602,858,4.152943760909378,4
602,1375,3.786226757971059,5
602,2363,3.606979885326444,1
602,2901,4.685270744394613,2
602,3702,3.9016502699193962,5
603,2268,3.7377724855340917,5
603,2273,3.6629505777186884,3
604,316,3.283531026364388,3
604,1049,3.3575554624426585,3
604,1379,3.650485576517137,4
604,2528,3.3969627608562076,4
604,2959,2.95617787291516,3
604,3005,2.7589988993776635,4
604,3512,3.0,4
605,260,4.193827527004091,5
605,1573,4.122391354634212,5
605,1711,3.9412761465600212,4
605,1721,4.2582431156120455,5
605,3081,3.6279346734865405,4
608,353,3.632689403494689,5
608,799,3.186633355494828,2
608,1090,3.0643799711016193,5
608,1210,3.062149238180905,3
608,1265,3.0527159691931143,3
608,1552,3.1683657280587707,4
609,527,4.386132388831658,4
609,1196,4.421064030373664,5
609,1197,4.413871724235886,5
609,1240,4.431310224119548,5
609,2916,4.412375580949684,4
609,3827,3.0,3
610,541,3.619862168646274,5
611,1221,4.191808387760909,5
611,1291,4.085967772013571,4
611,2530,4.315191237217724,4
612,3675,4.0,3
613,2100,3.5635876481877204,3
614,661,3.8179527293546003,3
615,457,4.227544626326818,4
615,3114,4.643091452457192,4
616,260,4.259223461728937,5
616,589,4.082680082432925,5
616,2858,3.6244702313880883,5
617,1617,4.014601082392367,5
619,2248,4.618698234396197,5
620,1,3.767685846290128,4
620,72,3.0,2
620,637,2.277028662992697,2
620,2186,4.441141787337926,4
620,2396,3.9211579019352283,4
621,1128,3.0236092395775898,1
621,1982,3.0449511256548045,4
621,2868,1.5104385173914987,3
621,3683,4.07882056964024,5
621,3709,2.3923007477581675,2
623,176,4.0,5
623,780,4.178397078898417,2
623,1912,4.198826385492763,4
623,2396,4.426661527874038,4
624,1090,3.8051121134977404,4
624,2313,3.8189499481022,3
624,2987,3.7181045092049643,3
624,3125,3.0,3
624,3361,3.766079254969599,4
624,3435,3.9068342218243606,5
624,3479,3.6497657861961144,2
624,3555,3.85466272331819,1
625,920,4.3075296709353115,3
626,588,4.043291478560501,5
626,3897,4.110142272704756,5
627,2872,4.00913758000757,5
627,3882,3.0,5
628,2396,4.011469883172439,4
629,1013,3.87660115235062,4
629,1021,3.8371262811296005,4
629,1812,3.0,4
629,2140,3.812286224270248,4
629,3615,3.0,3
629,3920,3.0,3
630,1,4.123785094001829,4
630,2081,4.068496087851185,5
630,2657,4.111768913336045,5
631,529,4.262467706317421,5
631,908,4.08590861835626,5
631,1222,4.011511582195955,3
631,1542,3.0,4
631,2073,3.0,3
631,2076,4.023558966370984,4
631,2088,3.4076428586069833,1
631,3105,4.171758023316942,3
631,3360,4.041430717173793,5
631,3527,3.9169474430574436,4
633,1270,3.746733322303033,2
634,3157,4.0,2
635,1079,4.839421227512464,4
635,1188,4.417992416622456,4
635,1207,4.703772102463453,5
635,1231,4.285053237282271,4
635,3089,4.310631548687083,5
636,1981,4.294903354484655,4
636,2094,3.834835054367398,3
636,2571,4.480809953534674,5
636,2985,4.454649361960516,4
637,910,4.333949742618684,4
637,1081,3.87713485811532,3
637,1224,4.232169321800348,5
637,1259,4.094618977463307,5
637,1345,3.7364006382477255,4
637,2124,3.3263474985616854,4
637,2301,3.2564761537540114,1
637,3114,3.4577200186610018,5
637,3244,3.826913563098239,3
637,3257,3.697129959320399,2
638,1302,4.352659169940037,4
638,2000,4.479336886844133,4
638,3505,4.314295402809323,4
638,3917,3.0,4
639,380,3.7731582908589836,4
639,908,3.657924534701134,4
639,1030,3.5797786594795027,4
639,1031,3.4589105993788425,3
639,1035,3.7168781617822075,5
639,1591,3.787065048355257,4
639,1835,3.896819383551986,4
639,2035,3.0,4
639,2098,3.3204486559372595,4
639,2946,3.6406024448186622,3
640,2762,5.0,5
641,1214,3.548150116404914,1
641,1358,4.3292016935568025,2
641,2779,3.581825526909568,3
641,3072,4.229653336406337,4
642,904,4.073072848308531,5
642,968,3.0,5
643,2706,2.9902473638107097,3
643,2987,3.184726710294052,4
644,29,5.0,5
644,2761,4.525637773332432,4
644,3783,3.0,5
644,3827,4.0,4
646,590,4.010783124114322,5
646,912,4.1074195714664015,5
646,1375,3.912590184641997,4
646,1586,4.001012816221615,3
646,3257,4.141581125232352,4
647,304,3.0,5
647,1390,3.0,2
647,2353,3.417922017641239,3
647,2412,1.6599240396756565,1
647,2507,3.0,4
648,1635,4.490639799210308,4
648,1673,4.243624148161179,5
648,2396,4.229179208105558,3
648,3786,3.0,3
648,3793,3.398502528834016,4
649,924,4.634398241542939,5
649,2858,4.057887436311229,4
650,1079,4.544229720682638,3
650,2427,4.074545108021424,3
651,344,3.481569851153304,4
651,440,3.6588682291569055,3
651,597,3.557315606208583,2
651,648,3.6308536562959612,4
651,653,3.2829069392651973,3
651,999,5.0,3
651,1283,4.6581314822493445,5
651,1371,3.6414686402876453,4
651,1587,3.4598424676910726,4
651,1944,4.749069556840903,5
651,1953,4.347779104215293,4
651,2003,3.5681038217498147,3
651,2366,4.2750789936079485,5
651,2532,3.420344587935505,3
651,2944,3.9873165615056205,4
652,366,1.6493410435269293,3
652,593,3.5588168428352036,5
654,1961,3.6149103409630814,4
654,2700,3.734208116900328,2
654,3101,3.593454058040182,3
654,3441,3.087879236887612,1
655,474,2.5777984358614825,4
655,509,3.131636904421082,4
655,537,3.0,2
655,1172,3.507425339637434,4
655,1307,2.7046708110617694,3
655,2150,2.446374403817105,4
655,2395,2.9257748239589416,4
655,3210,2.4007733996513334,2
655,3362,2.796807384628057,3
655,3451,3.001918764730752,3
655,3466,3.0,1
655,3677,3.0,4
656,1,4.075872961940348,4
656,909,4.1045521559680695,5
656,1292,3.864721780369774,5
656,3006,3.664195644706045,4
657,2861,3.0,3
657,2976,4.492379029345006,5
658,410,3.17946391404325,2
659,62,3.9226428082518034,5
659,1124,3.8177139813924628,3
659,2262,3.8179049825697193,2
659,2804,4.23883705825574,2
659,3250,4.0,3
660,272,3.357809311238804,4
660,317,2.8989558730338723,2
660,318,3.387099122778594,5
660,951,3.3296586396242716,4
660,1093,3.098565494335937,3
660,1127,3.168862191016897,3
660,1253,3.0069494113817252,4
660,1302,3.381911754475259,5
660,1307,3.357925481850886,3
660,1515,2.624059712373089,2
660,2320,2.0134609359493947,4
660,2427,3.5566034149741266,3
660,2640,3.1470967225630173,3
660,3066,3.7886298770293387,3
660,3074,3.0,5
660,3198,3.599531854441266,4
660,3552,3.2809498866682123,4
660,3834,3.0,2
661,1953,4.94252990828919,5
661,2804,4.748746688612591,5
662,2,3.234923840586202,4
664,2664,4.039318260980728,4
666,1694,4.094430514177584,4
667,1129,3.7754330753614327,3
667,1206,3.896105391054732,3
667,1387,3.743152004376664,5
667,1717,2.958018081771518,3
667,2279,2.8925598160149866,3
667,2513,3.160099498253692,4
667,3623,3.6158352283116835,2
669,165,3.976958433332368,4
669,543,4.197218715923433,4
669,662,3.0,2
669,852,4.0578176687424365,4
669,1050,3.0,5
669,1457,4.012356464630083,4
669,1909,4.027726506801387,3
669,1918,3.5592291408732795,4
669,2447,4.215689201957594,5
669,2502,4.184636841702403,3
670,473,3.0,1
670,545,3.0,2
670,3581,3.0,2
671,1234,4.385130272890485,4
671,2692,4.308169685090389,4
671,3618,3.0,3
672,110,3.985481176927297,5
673,36,3.728008180485284,3
673,345,5.0,5
673,480,3.3825968839487595,2
673,1129,3.3072339433739373,1
673,3105,3.535654294785506,3
673,3753,2.832729052913995,1
675,1093,3.601145924466689,3
675,2688,3.5337618185467576,2
675,3578,3.7536864896495383,5
676,16,3.4877562547598697,4
676,2028,3.586567286382697,5
676,2053,2.7656399989424556,2
676,2471,2.8937592592089705,2
676,2683,3.383480565101825,4
676,3107,3.5198256974293893,4
676,3271,4.002062953767326,4
676,3751,3.7618987828795274,2
677,34,3.5635883494458396,5
677,1227,4.804065819621451,5
677,2936,3.0,4
677,3055,3.0,5
677,3145,3.0,5
677,3507,3.917682261807228,5
677,3543,4.151646784485065,5
678,1012,4.5660426556665445,4
678,1330,2.934155243722624,3
678,1367,3.2469745171693556,4
678,1407,3.8270346151064536,2
678,1414,3.0,3
678,1566,4.143557848609715,4
678,1748,3.9749460901639173,5
678,1821,3.631144263675488,4
678,1831,3.807454554070862,4
678,1917,3.860066150303369,4
678,1971,3.2501956995144186,3
678,2033,3.9764616530403427,3
678,2051,3.309193284328484,3
678,2059,4.005990650289901,4
678,2085,4.278132572173324,4
678,2146,3.9925058505606033,4
678,2167,3.831736305701238,4
678,2286,3.0,3
678,2501,4.165331066651377,5
678,2504,3.0,2
678,2795,4.022459411365099,4
678,2800,3.0,3
678,2985,3.9002683015422703,4
678,3261,3.629007520938035,4
678,3300,3.811573126682265,3
678,3459,3.0,4
678,3732,3.7023125077410515,3
678,3755,4.027403029503081,3
678,3889,3.0,3
679,1276,4.012421358016898,5
679,2028,4.004069950865871,5
679,2174,3.951086257036006,3
680,2599,4.643660258580748,4
680,2683,3.5061881322170976,4
681,3615,3.0,3
682,1270,4.81211401515695,5
682,2791,4.797341810022865,5
683,1556,3.4350868794477476,3
684,2706,3.686775317565293,4
685,1387,3.3881115702038422,3
685,1968,3.2877198720554617,4
685,2455,3.1987767637359585,3
687,225,3.5176678835989,4
687,300,4.199602935652424,3
687,425,3.0,4
687,527,4.081852540368258,4
687,1219,4.303486552745967,3
687,1441,3.907029127367833,4
687,1639,3.914825072902613,4
687,1644,2.788467718929091,2
687,2827,2.0,1
687,3864,3.0,1
688,1250,3.902919443532155,4
689,105,4.0,4
689,427,3.0,2
689,1453,3.0,2
689,3081,3.6268947170770027,2
689,3658,3.0,4
690,296,4.546531532525902,5
690,1307,4.440769008624354,4
690,1968,4.349845823954669,4
691,1238,5.0,4
692,10,3.92146725276758,4
692,208,3.7494859774776947,2
692,357,4.185409522712429,4
692,442,3.7092994020555716,2
692,1694,4.404711754450126,5
692,1866,3.2982830679843933,4
692,2091,3.0,3
692,2232,3.524692765181227,3
692,2262,3.6404517782620314,3
692,2263,3.0,3
692,2348,4.494449992920138,4
692,2433,4.123422944300943,4
692,2599,4.294728709627221,4
692,2605,3.9330566957328954,3
692,2917,4.2065662175833305,4
692,3005,4.070670450918302,4
692,3015,3.0,3
692,3615,3.0,4
693,1079,4.811903579287582,5
693,1100,3.8664014541936433,2
695,110,3.689455471067162,4
695,1049,3.5002632132925635,5
695,2144,3.613796440625862,5
695,2716,3.605002910097436,3
696,390,3.0,1
696,2011,3.7612381447531518,3
696,2287,4.3581223628508114,4
696,2291,3.9193386849175353,3
696,2973,4.278095119265645,4
696,2997,4.06504559966093,5
696,3052,3.5670447350426153,3
696,3210,3.879036562994049,2
696,3213,4.0,4
696,3527,3.7449483650273048,4
697,1225,4.041841831690428,5
697,1296,4.30064821783715,4
697,1299,3.9813702035790737,4
697,2151,3.0,3
697,2599,3.9198779689181342,4
698,293,3.67818896812376,5
698,1077,3.9342068567043422,4
698,1396,3.4956395066336006,4
698,2542,4.034355798989469,1
698,3421,3.5817305190637643,3
699,2,3.2644555003392055,3
699,174,2.349166546539202,1
699,304,3.0,3
699,367,3.502916481719904,4
699,478,3.0,3
699,648,3.4824301308591683,2
699,1167,3.0,3
699,1203,4.0,5
699,1459,3.5542819297486274,2
699,1515,2.80524783744209,1
699,1599,3.0,1
699,1833,2.7070906822185195,3
699,2082,3.053270328245653,3
699,2171,3.0,2
699,3444,2.9660027919722176,3
700,1248,4.368532940734199,4
702,236,2.9956903943642335,4
702,905,4.202878032995382,5
702,1200,3.46312685256491,4
702,1287,3.795633360004111,5
702,2022,3.6845509343122784,4
702,2396,3.560170208261281,4
702,2427,3.5406798105213086,1
702,2522,3.0,2
702,2795,3.141675139248487,3
702,2890,3.420720422471364,4
702,2942,2.881230626043991,2
702,3011,3.2851071626028125,3
702,3362,3.4001186230243965,1
702,3724,2.777309047513961,2
702,3735,3.6612766800439864,2
702,3819,3.0,3
703,1247,4.301670840491743,5
703,2160,4.416234910549859,4
704,2683,2.95245596437054,4
704,2710,3.291031679958923,4
704,3203,2.9432178371944895,4
704,3879,3.0,3
705,1907,3.5065068077251262,3
705,2462,3.0,1
705,2664,4.146648493318733,4
706,314,3.0,5
706,529,3.694954665713753,3
706,1054,3.0,2
706,1699,3.0,4
706,2575,3.0,3
706,3160,4.141357076929194,3
707,1036,3.9018124490930637,4
708,3753,3.4302469643912854,5
709,1780,3.0,5
709,2288,3.9822658755898352,3
709,3013,3.0,2
710,29,4.140331318682803,5
710,253,3.6765099220654416,3
710,420,3.180015664205212,1
710,434,3.5986001103023058,3
710,435,3.309490944130771,3
710,480,3.8117373536123607,4
710,587,3.595635961094159,3
710,798,2.9971061781683956,3
710,930,4.482724848178005,4
710,1003,3.0020730029620433,4
710,1243,4.0,4
710,1392,3.0,4
710,1513,3.6043943314964886,4
710,2115,3.767618141370793,3
710,2124,3.5350965328577093,4
710,2167,3.6735046532511753,4
710,2328,2.829897576999255,3
710,2432,3.0,3
710,2567,3.3916949532482437,3
710,2702,3.867190163755789,4
710,2716,3.7609388355301694,4
710,2858,3.8963420427935036,4
710,3255,3.7258918671088734,4
710,3557,2.971892059038536,4
710,3571,3.0,3
710,3615,3.0,3
710,3672,3.0,3
710,3908,3.0,2
711,296,3.8750086490633664,5
711,1080,3.9646996896805824,4
711,1185,4.055452097970855,4
711,1958,3.8830710342767456,3
711,2150,3.851614775469652,4
712,923,4.129474415359151,4
712,1396,3.760688310641077,3
712,1408,3.7842818730650554,3
712,1920,3.2717266894776755,3
712,2000,3.79719881645973,4
712,2640,3.6883727368517802,2
712,2805,3.462121849679224,3
713,364,3.5280761197204433,3
713,736,3.578751638083322,4
713,1225,3.4006296280708312,5
713,2376,3.436281073899221,3
713,3699,3.5847440692171104,3
714,19,4.017727076627769,4
714,112,4.339523994653014,4
714,594,4.290265528211136,4
714,784,4.07256709371076,4
714,1205,3.0,5
714,1240,4.502384163224249,5
714,1653,4.505690291026552,3
714,1954,4.378091668767911,5
714,2826,4.505922122790828,4
714,2947,4.557147867666563,5
714,3901,3.0,2
715,70,4.050186803804166,2
715,608,4.130634297967158,4
715,1148,4.503577307337028,5
715,1218,3.0,5
716,316,4.276967883695478,4
716,318,4.465147795199415,5
716,457,4.378683231728241,4
716,1690,3.8878740373389675,4
716,1969,3.497942932842024,1
716,2058,4.3160930029196,4
716,2406,4.376067168260794,4
716,2628,4.137922551939941,3
716,2916,4.3705508434611975,4
716,3753,4.383376338701649,4
717,1259,3.8778240152534402,3
717,1269,3.550600722948158,4
718,110,4.02093621978565,5
718,380,4.019934351800449,5
718,440,3.936992497615639,4
718,1266,4.168367559529586,5
718,2881,3.40368524478171,2
718,3317,3.7293776549097246,3
720,1772,3.0,1
720,2433,3.3449747586054914,4
720,2676,3.0,3
720,2840,3.062216350110541,3
721,32,3.703450558182567,3
721,185,3.781098457000812,4
721,196,3.5782066737551537,4
721,253,3.730332786955186,4
721,450,3.590974355467417,4
721,597,3.8663953140398095,5
721,910,3.913762390150531,4
721,1035,4.142841778750781,5
721,1200,3.825714631105769,3
721,1580,3.7595939745495537,4
721,2052,2.75409808460121,3
721,2334,3.9021774239414495,3
721,2448,3.2459973344979285,3
721,2616,3.7675965064156034,2
721,2805,4.026655533653526,3
721,3105,3.813436906042075,5
721,3148,3.9292513258318973,4
723,2694,3.614693702178828,5
724,85,3.0,3
724,342,4.015356169572857,4
724,2058,3.7692819726384967,4
724,2692,3.7493989880887435,4
725,345,5.0,4
725,608,4.181598213282862,5
725,912,4.219782248052577,5
725,1084,4.577487558746781,5
725,2302,3.9114593380496983,5
725,3101,3.8668629817269085,5
725,3948,3.8129001767326085,3
726,377,3.6792568640064696,4
726,3108,4.270744406177493,4
727,74,3.0,4
727,317,3.9952069110701127,4
727,1225,3.709113179765554,2
727,2071,3.0,5
727,2961,3.0,2
727,3039,3.7621908701930877,4
727,3189,3.0,4
728,509,3.692260977256716,3
728,535,3.123623607543971,4
728,1288,3.485680874051423,3
728,2289,3.5960869308855536,3
729,1036,3.8408551410160507,4
729,1197,3.8970780267252967,4
729,1222,3.8842525097630767,4
729,1954,3.2593806402224876,3
730,474,4.165073139262878,4
731,52,4.189137891267503,4
731,378,4.348065128286851,4
731,417,3.0,4
731,497,4.15636106738933,4
731,585,3.761674402559849,4
731,705,3.0,5
731,802,3.5339968227434433,3
731,830,3.0379855783604213,3
731,1042,3.37932264985846,2
731,1097,3.988118639443136,5
731,1542,3.0,4
731,1569,3.565721535896693,4
731,1580,3.902167079383045,5
731,1881,3.0,4
731,2331,3.0,4
731,2482,3.0,4
731,2498,3.0,3
731,2926,3.46780833990576,4
731,2968,3.5978046491679607,5
731,3622,3.0,5
732,6,3.7069535020727757,5
732,762,4.3932414803122395,1
732,1088,3.5909953397733623,3
732,1466,3.9470754723610315,5
732,2231,3.8033610654995185,5
732,2463,3.618903321076129,4
732,2605,1.0,3
732,3691,3.0,3
733,1,4.27787037142382,5
733,1041,4.495038518531142,3
733,1266,4.3524805430962425,5
733,2375,3.0109645794989963,2
735,223,4.060044751514877,4
735,2160,4.2006550409349614,3
735,2581,3.512576808320591,4
735,2706,3.845551531449466,4
735,2788,4.089880268338675,3
735,2915,3.9095944850380153,3
735,3006,3.886873853916477,5
735,3253,3.76138267538395,4
735,3481,3.924374226305536,3
735,3534,3.468478478939738,3
735,3911,4.037468640883109,4
736,2710,4.166990826570501,5
736,3527,4.16812729405073,4
737,919,3.8857895884278397,3
737,1028,3.8764937157558506,4
737,1269,4.09316564435705,3
737,2987,3.7567425409801944,3
737,3685,4.0612842996182295,3
738,3300,4.0,4
738,3409,3.0822419694852323,2
739,524,4.524713796653384,4
739,648,4.5101790883711645,5
739,969,4.43029808225616,4
739,1240,4.478918158779399,4
739,1298,3.9408552632848806,5
739,1784,4.530917759561575,5
739,2353,4.518758891365352,5
741,266,3.0,2
741,1968,3.4895973028991176,5
741,2395,4.3441413367280255,3
742,1876,4.170778504140123,4
743,1747,3.7491035962693715,4
743,2248,3.5982266002188568,4
744,1265,3.507836194967454,3
744,1301,3.5716730065589997,5
744,1608,3.2648654052874533,3
744,2407,3.3160441189266634,1
744,2720,3.0,1
746,95,2.8041157428687384,2
746,161,2.9299967502192894,4
746,858,3.1275513295249016,5
746,1200,2.990202677098614,4
746,1207,3.4094336906198097,2
746,1385,2.204185323575257,3
746,2141,3.209635369908223,3
746,2329,3.6286693499957243,4
746,2916,2.9719937040753983,2
747,260,3.6439529507789987,4
748,1224,4.0,5
748,2116,4.198494769810776,3
748,2985,4.3052097180727,5
749,1242,3.551684121636693,3
749,2000,3.54881847450518,3
749,2028,3.5357330122040316,3
749,2082,3.1153406470485163,3
749,2856,3.0,4
749,3578,3.40196228040286,4
749,3590,3.0,3
749,3837,1.808973367644681,1
752,141,2.9421728132228284,5
752,168,2.0240147958446144,1
752,223,3.4402800839644696,5
752,322,4.3187035926001425,3
752,848,3.0,1
752,1401,3.0,2
752,1785,3.0,1
752,1876,2.565032514393361,3
752,1968,3.0039312777359957,4
752,2236,3.0,1
752,2355,2.9515140063198495,4
752,2359,4.025916517984136,5
752,2396,3.3613746504027877,5
752,2471,1.7006076190688333,1
752,2496,3.0348490469881497,1
752,2694,2.544126141724333,3
752,2746,2.6323178332202835,3
752,2861,3.0,1
752,2862,3.0,1
752,2977,3.0,3
752,3180,3.0,2
752,3300,3.2472995283852484,1
752,3421,3.0642342778680423,4
752,3743,3.0,1
752,3761,3.0,1
752,3793,2.9743994377095535,4
753,410,3.598000095338843,3
753,1270,3.8414753112903735,4
753,1474,3.528215320884901,4
753,1544,3.7936695681200505,4
753,1703,3.0,4
753,2394,4.006272955807933,4
753,3248,3.3124725448708765,4
754,2734,4.640028714228585,4
754,3006,4.268956034788117,4
754,3408,4.030037474365664,4
755,296,4.251212757395671,5
755,1220,3.9317863656517376,3
755,2918,4.06565175149296,5
756,457,3.9585820559165374,2
756,1221,4.026878614487712,5
757,208,3.4341316977947334,3
757,589,3.6414886550050833,5
757,628,3.891539555962935,5
757,1060,3.7557578319200906,4
757,1136,3.8217973469127076,4
757,1270,3.6413280306064695,5
757,1485,3.5331015325737507,3
757,1645,3.6111794573113367,1
757,1689,3.0,3
757,2081,3.6406075788812258,3
757,2162,3.0,2
757,2804,3.8057035167205755,4
757,2806,2.0,2
757,3033,3.5175250136398897,4
758,2291,4.139920377630181,3
759,351,3.3191682982178548,3
759,969,4.385992073147712,5
759,2570,3.0,4
759,2941,4.64222394249052,4
760,1704,4.351558237747453,4
760,3083,3.0006461878490325,5
761,2105,4.454905417103265,4
761,3745,5.000000000000001,4
763,1562,4.0,2
764,1387,4.618937487875529,3
764,2005,4.747639356077314,5
764,2478,4.545209897723937,5
764,2528,4.5321461465316615,5
765,208,3.846690433755339,3
765,317,4.034779164406553,3
765,356,3.9030309090129065,5
765,1562,3.663576933266055,3
765,2046,3.790545704299029,2
765,2571,3.8652719658905834,4
765,2716,3.5787169803240646,5
765,3070,3.4840855009819314,3
765,3471,3.7541775108441406,3
767,832,4.222763494985399,3
767,1007,4.0,4
767,2141,4.0,4
767,2398,4.173739221391926,5
767,2791,4.204510954722866,5
768,2153,3.0,5
769,1198,3.889949679039508,4
770,21,3.4347064096441864,3
770,296,3.501822581195905,4
770,367,3.3749830910486787,5
770,520,2.866116468517418,5
770,688,1.0,2
770,1007,2.3551580309634343,3
770,1197,3.4955685725931693,5
770,1617,3.5160830717369307,5
770,2110,3.590368719292638,4
770,2490,3.4326701697660824,4
770,2883,3.0,5
770,3673,3.0,1
771,480,3.8557715403169506,3
771,2948,3.9902221604795565,4
772,480,3.9370888195283666,5
772,2723,3.6198515823729323,2
772,2772,4.0,3
773,2762,3.1820854750375376,5
773,2916,3.9491296736893777,4
773,3005,3.1956625242436605,4
774,1918,2.7220190894378296,2
774,2858,3.3354289568829114,5
774,3006,3.5263344522018887,4
774,3160,3.39248694599487,3
776,440,4.087073982874756,5
776,904,4.087275131951388,4
776,2369,3.9964123229534776,3
777,349,2.865135188462207,4
777,725,3.0,2
777,1017,2.2507113272136845,2
777,1246,2.8642702883686333,3
777,1371,2.627460166589467,3
777,1376,2.7518678338871436,2
777,1544,2.7129063754154537,3
777,1693,3.0,3
777,2291,2.813564526416153,3
777,2424,2.845044035248864,2
777,3107,2.88548688790285,3
777,3327,3.0,1
777,3450,2.6592778692935113,2
778,173,3.116631843858455,2
778,292,4.0303227099057395,4
778,318,4.421382167273923,5
778,1242,4.428469090500726,4
778,1261,4.6264068526073325,3
778,2542,4.44672003603209,3
779,2572,2.9447480382111997,2
780,288,3.5805705555191767,3
780,338,2.7982296675059595,2
780,594,3.798317201736107,4
780,1029,3.6962836698486807,3
780,1606,4.0,3
780,1681,3.482947146959358,2
780,1909,3.6177648754876874,3
780,2116,3.8836933579710724,3
780,2140,3.8474371468199977,4
780,2288,3.962326912203623,4
780,2763,3.8554481053137266,4
780,2803,3.562019201829449,3
780,3000,5.0,5
781,21,3.9155466574387425,5
781,555,4.2619966721370925,5
781,1037,3.3437297915090327,4
781,1476,3.95044190298511,4
781,2355,3.894339027613472,4
781,2793,3.0,1
781,2986,2.462581542809697,2
782,2023,3.0000000000000004,3
782,3173,3.251951782597598,3
783,364,3.4472921070730314,4
783,648,3.4524477627257433,3
784,1721,5.000000000000001,4
784,2706,3.5271181197829917,5
785,1866,5.0,5
786,610,3.9946739128243243,5
786,1356,4.232822857580749,5
786,3466,3.0,3
787,593,4.099620974233536,4
787,2571,4.078605806692119,5
787,3178,5.0,4
788,1268,3.809749519921714,4
788,1527,3.527708991925211,4
788,2408,3.778121325335664,4
788,3477,4.0,4
788,3489,3.464562893411641,4
789,2803,3.0,3
789,3354,4.018797319332369,1
789,3361,3.8747841474516695,3
791,165,4.066243043754671,2
791,432,4.008726680839521,3
791,596,4.250836285987045,4
791,708,4.279117201272722,4
791,2005,4.16254564612856,5
791,2023,4.31898503349392,4
791,2080,4.274727994263732,4
791,2355,4.329837638734502,5
791,2641,4.145990538236702,4
792,551,3.6904332429924356,3
792,3070,3.8035871102974026,3
792,3917,3.0,4
793,529,3.588399129249635,3
793,924,3.5110953435392926,4
793,969,3.6342601230495863,4
793,1694,3.5930611015848513,4
793,1961,3.5796653750008582,3
793,3451,3.542977242315076,4
794,2243,4.096531704238569,3
795,2336,3.881106978239415,4
796,260,3.16284956527851,5
796,380,2.8669350175949275,3
796,595,3.1736507707101693,3
796,905,3.76369013388597,5
796,943,3.0,3
796,1281,2.9999999999999996,4
796,2023,2.9719725959782215,3
796,2268,3.0013028691055577,3
796,2302,2.944604716482892,3
796,2706,2.806349578722831,2
796,3201,3.4566740535265916,3
796,3256,2.6303097981217634,4
797,943,3.0,4
797,2006,4.431269335368727,3
798,1017,2.341380770869521,5
798,1128,1.826844820274133,1
798,2000,3.420782347775655,3
798,2110,3.074914199919846,2
798,2143,3.738415048261862,5
798,2403,2.3491597044014383,3
798,2414,3.4865359361695796,3
798,3668,5.0,5
798,3918,1.1277706550686513,1
799,29,3.0,5
800,185,4.1632332578566995,1
800,471,3.5113922153120067,4
800,2375,3.911989743076526,4
800,2533,3.1709895390269263,3
800,3507,3.4489417407422525,4
801,50,3.76712016345573,5
801,515,3.8723124911748807,5
801,523,3.0,4
801,922,3.78699998437486,5
801,1213,3.762003070879861,5
801,1784,3.729163697291957,4
801,2289,3.7575597190898247,3
801,2890,3.777441973772451,3
801,3361,3.886131842837437,2
802,671,3.7824163909518522,4
802,1125,4.186630567784415,4
802,1234,4.271164863585727,4
802,1307,4.1210455029526525,4
802,1459,3.0,4
802,2391,4.3391755205134475,4
802,2474,4.30164629891565,4
802,2688,4.0,4
803,2628,3.404439977625404,3
804,2891,3.0,4
805,1393,3.928628794979285,2
806,1259,4.032904801340435,3
806,2937,5.0,5
807,3793,3.3586036689803365,5
808,332,3.0,2
808,1275,4.115546629944438,2
808,1584,4.11142654070981,4
808,1690,4.015875946158376,4
808,1969,3.173250338045493,3
808,1971,3.2223324844620858,3
808,1989,1.4599436122807403,1
808,2167,3.9503173106343885,4
808,2353,4.130643899825945,4
809,153,4.094285682220514,5
809,1883,4.081208666862327,4
809,2108,4.065801599589359,5
810,260,4.0525857446849605,5
810,329,3.79744470413733,3
810,457,4.0248160411623966,4
810,923,4.275523797297489,5
811,1214,4.123801969534796,5
811,1221,4.270488165112214,5
811,1228,4.1839084658365,3
811,1276,4.357421518147249,5
811,1300,3.0,4
811,3623,4.517975016781243,2
811,3897,4.408908507204735,5
812,3298,4.575059006136748,4
812,3563,3.0,2
812,3564,3.0,3
812,3578,4.255838991661668,5
813,587,3.51390705520433,4
814,733,4.186639985866633,3
814,912,4.3660418512440415,4
816,780,3.7187075986823053,4
816,920,4.018865737159158,4
816,1307,3.829396781958284,5
816,3788,3.4860510995529492,4
817,24,4.126731612237083,3
817,39,4.500734386249708,5
817,590,4.4443697787865215,5
817,608,4.518759485696612,5
817,783,4.432239456173774,4
817,1222,4.429600356664152,3
817,1690,4.015403760325638,3
817,2000,4.3740129425336995,5
817,2112,4.557854625859912,5
817,2261,4.353609041073003,3
817,2301,4.5585571903565345,3
817,3267,4.633958531519431,4
817,3361,4.56111238569627,5
817,3552,4.506275377155367,4
818,2772,3.0,3
818,2986,2.823686037810213,1
820,1527,3.8011362298463975,1
820,2628,3.6760857132187965,2
820,2807,3.0,2
822,48,4.050981180453389,4
822,924,3.8863416303453553,3
822,1357,3.6207925257992124,4
822,2011,3.877352724653591,5
822,2096,4.071133356883428,3
822,2716,3.732535642634388,5
822,3247,3.8992094125969463,4
822,3752,2.6710108944794295,2
823,608,3.9577553335944105,5
823,2109,3.887749176974512,4
823,2352,4.158482127539891,4
823,2391,3.904516380591837,4
823,2502,3.7881168385773725,4
823,3108,3.895719032219184,3
823,3253,3.8728455133336923,4
823,3481,3.9042004318469825,4
824,62,3.8437791179265193,3
824,955,4.40735238025192,5
824,1230,4.0422173293145525,5
824,1272,3.819795139030865,4
824,1391,3.3081562047008766,3
824,1678,4.0,3
824,1954,3.5235559616041483,4
824,2011,3.668237210250814,3
824,3036,2.5032597361900004,3
824,3068,3.864461270319116,3
825,965,5.0,4
825,1225,4.022056546936931,4
825,2186,3.81287098339729,4
827,923,4.075443137613171,5
828,1584,3.707740167581111,5
828,2572,3.864198995952515,4
828,2574,3.0,2
828,2759,4.46292708048371,3
829,913,4.426732175142702,5
829,1527,4.285924107737992,3
829,2917,4.001825049538345,4
830,523,3.0,1
830,541,3.5875883674414175,4
830,908,3.631037655106332,5
830,1250,3.705627715268493,4
830,1994,3.8111049358821005,4
830,2664,3.9041288284763658,5
831,480,4.196939148390013,4
831,2454,4.0,4
834,2396,4.247883982874459,4
836,661,2.771997560719723,2
837,2726,2.5130634031009915,3
838,1129,3.5463054884843532,3
838,2688,4.002511994306923,3
839,345,4.122890654695144,4
839,348,4.316835213608515,4
839,531,5.0,5
839,551,4.31410810677114,4
839,1092,4.155808626837833,4
839,1408,4.15811370592748,4
839,1472,3.0,4
839,1721,4.158423831915425,4
839,1952,4.677244263737145,5
839,2390,3.0,4
839,2599,4.463707142964758,4
839,2640,3.932363969490721,4
839,2692,4.589958937307214,4
839,2699,3.869888713126709,3
839,3006,4.50094061832605,5
839,3260,4.375362222642232,4
840,162,4.440320939420594,3
840,899,4.844723861827902,5
840,923,4.615997568519581,5
840,1280,5.0,5
840,2097,3.519571896328547,3
840,2174,4.385807989428381,4
840,2336,4.697181940498955,4
840,3105,4.443865843145936,2
841,3624,3.703425972260179,4
842,2395,3.9538215806598576,5
842,2858,4.065244909945762,5
842,3176,4.0899522367064485,4
843,318,4.006741899846409,5
843,1259,3.9791516989018705,4
843,3481,3.9505472933203643,4
844,745,3.0,4
844,3893,4.407818221557497,4
844,3914,3.0,1
845,47,4.220583424480719,4
845,3160,3.93723464103755,4
846,541,4.269500004901062,4
846,1230,4.463134252736838,3
846,1388,3.0756379042508932,3
846,2002,4.17662339029999,4
846,2144,3.895102427232865,5
846,2366,4.606958796909368,4
846,2638,4.0,4
847,1073,3.715564846485024,5
847,1269,4.741776438239281,3
847,2359,4.033379930067288,4
847,3421,3.7664260281177944,3
848,318,4.203880141111598,5
849,2001,3.3793653238359815,3
849,3070,3.7148976967601857,4
849,3948,3.9889466389256536,4
850,80,3.0,4
850,1253,3.0230640172151007,4
850,1301,3.368461739897273,3
850,1696,3.0,1
850,1959,2.7817610068136904,1
850,1976,2.7952962745030945,4
850,2021,3.182133925217573,3
850,2058,3.3251472044988866,3
850,2715,3.0,2
850,2728,3.994979567730966,3
850,3008,3.0,5
851,788,3.225384696490734,4
851,3555,4.101283574932043,5
851,3863,4.18649199313162,4
852,2321,4.396128921215034,4
853,2133,3.97786935614838,4
854,1,3.4061939707015148,4
854,185,3.072657853599762,4
854,265,3.85271670367788,4
854,588,3.4100004438568665,4
854,628,3.5521087352664167,3
854,1100,2.9910180351142364,2
854,1370,3.24429243355177,4
854,1499,2.6813063073433296,3
854,1635,3.435607766413142,4
854,1688,3.648984534812794,3
854,1888,3.509439218335055,2
854,1916,3.0,2
854,2107,1.6614921940304461,2
854,2145,3.5488942120895857,4
854,2166,3.0,4
854,2296,1.4586732549719756,1
854,2318,2.3838309010480194,3
854,2456,3.0,2
854,2699,3.0830011389637897,4
854,2840,2.937060476327991,2
855,101,4.0,4
855,125,3.822770986312268,4
855,1088,3.496317756323991,3
855,1922,3.0,4
855,2473,3.1896116273645845,1
855,3809,3.505666973002184,3
855,3819,3.0,5
856,1916,3.0,5
856,3747,4.0,4
856,3915,3.0,5
857,1221,4.186171315603453,4
857,1231,4.098703002332963,4
858,1375,4.256196254324176,2
858,2428,3.5026309192370464,3
858,2657,4.375035519124141,5
858,2916,4.31397530913817,4
858,3499,4.325226518056773,5
859,480,3.70051715592288,4
859,1339,3.7917578767387377,3
859,1527,3.489910203286655,4
859,1591,3.092402463862382,3
859,1977,4.008056460880242,4
859,2428,2.795629644373625,2
859,3553,3.0,2
861,589,4.176596435965322,5
862,260,3.896108745143528,3
862,3783,3.0,4
863,2571,4.340323175448955,4
864,908,4.307419881181721,5
864,913,4.2879668878709785,5
864,1235,4.335927208146981,5
864,3476,4.101966666398175,5
865,260,3.5239576153022587,4
865,1188,4.221140683562658,4
866,2142,2.9984624026254165,3
867,260,3.7062684463892794,5
868,2328,3.8802514835556736,4
869,372,3.984220347284182,5
869,450,3.4990051237463042,3
869,596,4.152638962125882,5
869,945,4.035146546218854,4
869,1219,4.092371400999937,5
869,1372,3.860268859874943,4
869,1854,3.0,3
869,2042,3.0,3
869,2058,4.038284487048008,4
869,2381,3.362486807742572,4
869,2581,4.080344649389876,5
869,2606,3.0,4
869,2645,3.576596982828988,3
869,2861,3.0,3
869,3225,3.0,2
869,3255,4.054477116887382,4
869,3301,4.4618915753018396,4
869,3450,3.9928213649608035,3
869,3462,3.0,4
869,3751,4.366029926556988,4
869,3838,4.0,1
869,3868,4.052671372154691,4
870,1961,3.680816067507698,5
870,2791,3.7134982985692844,4
871,2706,4.193742160307574,5
871,2722,4.0972835327978965,3
871,3174,4.219297154520022,4
872,589,3.8169618661703604,4
872,599,3.5262120088940354,3
873,82,3.0,4
874,2527,4.140795383364465,4
874,2664,4.540399826438512,4
875,3328,1.0,4
875,3510,4.434799169716664,3
875,3897,4.289695137888204,5
876,1036,3.957223459404031,5
876,1214,3.601450570960566,4
876,1625,4.007219459337047,4
877,22,3.677920010623158,3
877,110,3.8242455277428484,5
877,266,3.9196196001008015,4
877,300,3.899153503614158,3
877,435,3.1609024247948247,3
877,653,3.458026232928435,3
877,1035,3.847389142534151,4
877,1500,3.864705084268765,4
877,1580,3.6970941132171204,4
877,1665,3.0,3
877,1772,3.0,2
877,2000,3.726895645025951,4
877,2028,3.9065775687105053,3
877,2265,3.0,1
877,2355,3.863925421287734,5
877,2456,2.805860234963644,3
877,2770,3.94722016372751,4
877,3255,3.715399620721284,3
877,3259,3.671921384630745,3
877,3785,3.057517484891754,4
878,196,4.353494658211364,2
878,3864,3.0,1
880,913,4.541243507626355,4
880,1210,3.663289711044939,5
880,2053,2.5797454099340755,3
881,63,1.919796740286326,3
881,234,2.7100470930932086,1
881,236,2.7699355522683327,2
881,374,2.458142453255487,2
881,438,2.5057921837074453,3
881,440,3.403622831168337,4
881,728,3.0,3
881,748,2.972247806120332,2
881,786,2.867442525518587,2
881,840,3.0,2
881,881,2.0,2
881,1035,3.680949712739604,4
881,1214,3.6436316382494125,5
881,1254,3.7438371537854658,4
881,1959,2.7862384589397284,2
881,1965,3.9824632186747966,5
881,2041,3.0,3
881,2093,5.0,3
881,2278,3.4161667116665333,4
881,2527,3.695878742348527,4
881,2616,3.129479595925364,4
881,2779,3.7729239141689233,2
881,3053,3.0,4
881,3256,3.101431399521147,4
881,3793,3.53842762845121,3
882,3745,4.839007016650988,5
884,110,4.730778992035732,5
884,1544,4.651451170324581,4
884,2428,3.6201526856883257,3
884,3785,3.5437146766600516,2
888,597,3.8080106895008123,3
888,1784,3.844904905172676,4
888,2883,3.0,4
889,266,3.1867053287817217,2
889,277,3.0,3
889,508,2.947952650506296,2
889,695,3.0,2
889,931,3.8139281994817225,3
889,944,3.0,2
889,991,3.0,3
889,1188,3.5967223443488137,3
889,1242,3.566630151059657,3
889,1247,3.6975145574492223,4
889,1304,3.7213842337624667,5
889,1580,3.1887054346351724,3
889,1617,3.4995344701701034,4
889,1629,3.0,2
889,1762,1.5567636779385259,3
889,1779,2.8886876565688118,2
889,1940,3.0,3
889,1960,3.7992415748096113,4
889,2064,3.7028962398964196,2
889,2104,3.0,3
889,2262,3.1963580831003053,1
889,2361,3.0,3
889,2406,3.246786551965693,3
889,2413,2.9759882689347843,2
889,2514,2.6925051622571803,2
889,2515,2.0491079799104943,3
889,2553,3.4632376891477583,4
889,2671,2.8955002481469294,3
889,2863,3.989304878048125,5
889,2915,3.389983373436317,3
889,3475,3.5170494111141806,5
889,3484,2.0,2
889,3491,3.0,2
889,3547,3.0,4
889,3581,3.0,2
889,3753,3.2177037636132226,3
889,3785,2.2434405556013783,2
889,3920,3.0,3
889,3924,3.0,3
890,832,4.266324739518647,5
890,1805,4.249398011389836,4
891,299,3.0,5
891,2396,4.164194752165158,5
892,2662,4.263385083522145,5
892,3927,3.0,4
893,866,3.8032640417652197,4
893,3565,3.5142036431894934,3
893,3827,3.0,3
894,2396,4.713327424811392,4
896,2806,3.0,5
896,3624,4.374229385873569,4
897,58,3.822695866802744,2
897,150,3.8520011398810654,4
897,296,3.8330992009432103,4
897,318,3.8505503439425692,5
897,589,3.817723134505319,5
897,780,3.760341956273955,2
897,805,3.7753264734985255,2
897,1639,3.529416763477285,5
897,2231,3.758239105637102,2
897,2541,3.0384568699947163,2
897,3408,4.028775869627952,4
899,378,3.0,3
899,471,3.501774842414293,2
899,543,3.676292554578945,2
899,900,4.128127889611801,4
899,969,4.295224485776303,4
899,1821,3.0071302578865575,3
899,2581,3.5820865290176127,2
899,2628,3.4955208496401893,3
899,2858,3.558743967228857,3
899,3471,3.8616464761666727,4
899,3712,3.3189226884955003,2
902,2669,5.0,5
902,2987,4.470076902465731,5
903,904,3.7302672690376406,4
904,2348,4.0,4
904,2917,3.635099221175596,4
905,1097,3.8939673502454926,5
907,858,4.08295615447688,4
907,1617,4.089233598476959,4
908,1347,2.793705675995173,2
908,2916,3.5192836782129935,3
909,1224,5.0,5
910,432,3.508117623445176,2
910,469,3.0,5
910,595,3.7812577650444243,3
910,1246,3.8142051230154137,5
910,1267,3.8464774493934475,5
910,2000,3.6669135144770837,4
910,2688,3.0,4
910,3168,4.0353374529601345,4
911,454,3.9829982791253413,3
911,923,4.077909934374532,4
911,1019,3.848078487570913,3
911,1041,4.1306620676569725,2
911,1234,4.069103155030684,5
911,1267,4.049615599910032,5
911,2395,3.97200663563697,3
911,3153,4.0,3
911,3452,3.0,4
914,1280,3.0,5
915,21,3.442950830592212,3
915,648,3.3813636138546532,4
915,1377,2.5574785485172318,3
915,1970,1.1988502045017548,1
915,2916,3.4233911386523723,3
916,1259,4.009808814595673,5
916,1617,4.180150172688582,3
916,1674,4.045051172283187,4
916,3060,4.368775554912044,4
917,2028,4.4584110818369815,5
917,3717,3.0,4
918,329,3.0759611469864727,4
918,539,3.045769284549551,4
918,3107,3.0291561123027875,3
918,3843,3.0,1
919,539,3.848260994042339,3
919,1079,4.159953781748011,5
919,1270,4.022481396729763,4
919,2000,3.975486147646582,4
919,2064,4.200217009650638,4
919,2072,3.4470788771375913,3
919,2407,4.0404986411038,3
919,2529,4.162045414661548,3
919,2987,4.031189892536398,4
919,3547,3.0,4
920,253,3.8613709345657874,3
921,1220,3.914743424158381,3
921,1320,3.8340389702569304,2
921,2001,3.7916574831200243,3
921,3105,3.950262492135067,4
921,3578,3.927613709429915,4
922,1374,3.6953957289907504,4
922,2966,4.0,5
922,3481,4.0058332088655115,3
923,372,3.9410629831259376,3
924,265,4.04077402125349,4
924,1094,4.095077704011723,4
924,1719,4.050199848929443,4
924,1722,4.1605339303007165,4
924,2067,4.099496374004503,4
925,899,3.042165736531923,4
925,3638,3.200920564055697,3
926,364,4.325574136760121,5
926,1015,3.0,4
926,2273,4.508787549022448,5
927,19,3.3484124120481877,1
927,784,3.648577006686356,2
927,2195,3.0,2
927,3301,3.63391131853058,3
928,111,4.658955827952848,5
928,1041,4.559004804323209,5
928,1617,4.515661732240849,5
928,2692,4.615530292355656,5
928,3036,5.0,3
928,3685,4.609043438438062,5
928,3951,3.0,5
928,3952,3.53668321080798,4
929,180,3.7204207839339727,3
929,344,3.505768764285589,4
929,663,4.00332292596737,3
929,799,2.514273335139918,4
929,1129,3.9021606291282636,5
929,1193,4.144326225208026,4
929,1249,4.045645372852256,4
929,1345,3.9420941700064445,3
929,1372,3.5985824261184947,3
929,1393,3.753563637940111,4
929,2161,3.800107819306607,4
929,2762,3.648834940343284,3
929,3479,4.006793178473783,2
929,3671,4.048247146046097,4
930,45,3.4584198145697314,2
930,480,3.2626751286221727,1
930,2952,4.0,1
931,84,3.0,3
931,916,4.550110935121458,5
931,1735,3.0,3
931,2087,4.065624353252997,4
933,318,4.2510736412893335,4
933,3718,3.0,1
934,17,3.7889603285652838,4
934,186,3.1533303399859465,3
934,412,3.0,3
934,518,4.0,2
934,802,3.3697205622069615,3
934,805,3.7013311319919335,3
934,1457,3.21840297977947,4
934,1961,3.653455207541025,5
934,2001,3.443537700686479,3
934,2125,3.503035188228245,3
934,2335,2.969240947605547,3
934,2746,3.5348599163451313,3
934,2804,3.2597336110745982,5
934,3247,3.3438343335690113,2
934,3723,3.0,4
934,3952,3.0000000000000004,3
935,350,4.026448836580728,3
935,546,2.8063269335483074,2
935,1220,3.7346551736373153,4
935,1385,3.2918976255972474,3
935,1792,3.186559044788302,3
935,1833,3.1882707980840013,3
935,2144,3.868047283492914,3
935,2710,3.321208062905297,3
936,1876,3.9374774350678985,4
936,3861,5.0,4
937,368,3.84951212743613,4
937,379,3.507832530275812,4
937,592,3.9055314893482067,4
937,610,3.5867816260983822,4
937,858,4.208027986002491,5
937,1395,4.0,2
937,1969,2.7715003369331894,2
937,2115,3.9211025449481753,4
937,2473,3.391007205350733,3
937,3317,3.5123005774738862,4
937,3901,3.0,1
938,1,4.149520730907966,5
938,708,4.039528659873841,5
939,2919,4.139957213937761,2
939,3396,4.284596374352879,4
940,3578,3.940809910320091,5
942,1500,4.3739241948140855,4
942,1617,4.428069913405323,5
943,3618,3.0,3
944,3752,3.963158891650378,3
945,151,4.205372062561607,3
945,2028,3.837047936483077,4
945,2710,3.331056612431378,1
945,3148,3.795850207186852,4
945,3408,3.867715209430613,4
946,1221,4.549459587448482,5
946,1961,4.517460012583514,5
946,2791,4.318625212336549,3
947,2143,3.643730182466018,2
948,70,3.4811674072243406,1
948,210,3.0,5
948,272,3.161397681397888,4
948,368,3.52019425489896,4
948,1923,3.6074896788121,2
948,1963,3.4115409498176006,1
948,2387,3.0,1
948,2476,4.583636599924962,4
948,2681,3.0,5
948,2819,4.253744001238652,5
948,2947,4.02742002762563,5
948,2948,4.163406534464933,5
948,3461,3.0,4
948,3576,4.196724155073947,4
948,3740,3.3488872533251883,3
949,160,3.9928887743224077,3
949,208,3.950212934901349,3
949,316,4.021163957053633,5
949,533,3.6116820590842447,4
949,941,3.0,5
949,1262,4.673804962738389,5
949,1356,4.064918544230479,5
949,1552,3.910038483208992,3
949,2009,4.545258329720987,5
949,2407,4.151882521723965,5
949,2722,3.41916699339603,3
949,2947,4.337212047425741,5
949,3576,4.1685742485859345,5
949,3639,4.2228213654078495,4
952,17,4.174128711640151,4
952,21,4.093373713198664,4
952,25,4.10791560067661,4
952,110,3.9947059076671874,4
952,661,3.6400499324742994,4
952,720,5.0,5
952,2289,4.206757956346127,5
953,1,4.804208256957985,4
953,440,4.662722943193115,4
953,3952,4.53668321080798,5
954,457,3.7494404576578164,3
954,858,3.760300803582053,4
954,1408,3.6239313645552027,4
955,272,3.9942433721639037,4
955,538,2.6036389842558076,2
955,1148,4.3271545705332315,5
955,1732,3.949927070255111,1
955,1921,3.556223529442654,2
955,2948,4.272932136005233,5
955,3252,4.065357973478094,1
955,3420,3.0,1
955,3685,4.073763001931742,4
956,1022,4.077815493354083,4
956,1356,4.1675504747015655,4
956,1542,3.0,4
956,2666,3.0,5
956,3408,4.183284300020826,4
957,73,3.0,3
957,431,4.243165765428685,4
957,515,4.699188422304344,5
957,1041,4.656779083803127,5
957,1183,4.57598024731678,5
957,1944,4.843309153473011,5
957,2391,4.525073345704844,5
957,2493,3.0,4
957,3893,4.294600529641983,5
958,1089,3.5380812442477225,3
958,1270,4.0822975083582715,2
958,2160,4.593394940109269,5
958,3521,4.0,4
958,3814,3.64464708045858,3
959,349,3.911565997113854,3
959,653,3.988400862486448,4
960,750,4.39921379403909,4
960,788,3.9895639661024545,4
960,1345,4.0,3
960,1680,4.132536805268002,2
960,1704,4.054550495959939,4
960,2688,3.4610254814912293,2
960,3504,4.596067683793962,4
961,2683,3.5356949117138763,5
962,3328,4.0,3
963,350,3.6494622478061967,3
963,471,3.4762599609924227,4
963,527,3.7231765821644633,5
963,733,3.568351184427208,3
963,785,3.258324425646315,1
963,838,3.611637336785241,4
963,1259,3.6899473416185877,4
963,1306,3.0,3
963,1500,3.6048538239674324,3
963,1704,3.6568397565072455,5
963,2108,3.618669701496853,4
963,2427,3.8168798914722757,5
963,3576,4.249017069820792,3
963,3879,3.0,3
963,3897,3.8932294710347177,4
964,551,3.964154557685769,4
965,595,4.043368088210088,5
965,1784,3.897430962525955,5
965,2268,3.9703552369766095,4
966,3578,3.90405562193738,4
967,2514,3.373495001275108,3
967,2572,3.892610308661348,3
968,32,4.167119470785939,4
968,1653,4.099776439817546,5
968,2289,4.381757541571236,4
968,2633,3.0,3
969,17,4.422639952345201,4
969,3083,3.0,5
970,170,3.211874847967505,3
970,463,3.0,3
970,521,2.0,2
970,1573,3.4719684074257033,4
970,1917,3.505099552091486,5
970,2410,3.4615663801887413,4
970,2505,3.0996413770617215,1
970,2671,4.068591219199729,5
970,2716,3.5916661410906325,3
970,3484,3.9993246023164324,3
971,435,3.0104735693886657,3
971,653,3.4436500666455756,4
971,1544,3.428429888125705,3
971,1603,2.714130860174142,2
971,1729,3.9240344737291943,3
971,2719,3.648598039953855,3
971,3000,3.0,4
973,1172,4.098786485277793,4
973,1196,3.506016986606021,5
973,2011,3.396594830871574,2
973,2145,3.4939432222648468,3
973,3036,2.0,1
973,3148,3.6692628608381384,4
974,1233,3.9074986199065425,5
974,1923,3.904678586976781,5
974,2000,3.9044409813298815,4
975,342,2.832638992955176,1
975,866,3.419202237175278,5
975,1250,3.6058720220217526,3
975,1552,3.3288100350208754,3
975,1840,3.0,3
975,2112,3.167948565611515,5
975,2455,3.082318687947445,3
975,2758,3.0,3
975,2819,4.051500711195629,4
975,2827,3.0,4
975,3147,3.2207689167845013,3
975,3168,3.1235615570123185,3
975,3421,3.098787833170232,4
975,3513,2.234591218972977,4
977,112,3.746553398409295,1
977,1242,4.078930731192439,5
977,1357,4.322432510040042,4
977,1394,3.7294494114190813,5
977,2794,3.958511311774082,3
977,3629,3.0,4
977,3726,3.0,2
980,1394,3.649575170726408,1
980,2916,3.316667988010718,3
980,2947,3.6980063016692366,4
980,3000,5.0,5
981,296,3.4586927193573698,5
981,1148,3.3431366813834766,4
981,1449,2.967319356060024,5
981,1732,3.4621612352315783,5
981,2997,3.463407486559118,4
983,2406,4.467205993884299,5
983,2407,4.106513395137793,5
983,2581,3.267513296385834,5
983,3081,3.4080872018249733,5
984,778,3.7014738512302148,4
984,1013,3.362977319054809,4
984,1206,3.9100109543438006,4
984,1237,4.073879220361682,4
984,1726,3.0,3
984,2011,3.5575971473075714,2
984,2012,3.518053801360854,4
984,2019,4.287385726839865,5
984,2094,3.2906116684439026,4
984,2174,3.6773668708728757,4
984,2183,3.0,4
984,2333,3.4117677958595656,3
984,2366,4.132760114537769,4
984,2889,3.0,4
984,3157,3.0,3
984,3163,3.0,1
984,3169,4.131081290702071,4
984,3175,3.302493504910679,4
984,3178,3.541425190285811,4
984,3639,3.7929030622899926,3
984,3701,3.7098702643803,3
984,3948,3.6268290149541116,3
985,610,4.179406431324603,4
986,199,3.0,4
987,309,3.0,2
987,1035,4.040113467284772,3
987,1092,4.100853282751109,3
987,2011,3.96717614970059,4
988,480,3.9216577478890096,3
988,1387,4.070610491941828,4
988,2918,4.266666468126301,5
990,235,3.7270397670611364,3
991,1198,4.26389597779605,4
992,932,3.0,5
992,3083,3.0,4
992,3160,4.084829070645569,4
993,356,3.7031380789987125,2
994,1205,3.0,4
995,357,4.128831340999024,5
995,1057,5.0,3
995,2100,4.055055463454202,3
996,196,3.7505259751437467,3
996,590,4.141070637698867,3
996,1060,3.838489870396388,4
996,1201,4.247761688490297,5
996,1682,3.9278397741780338,4
996,2406,4.063471859658619,4
996,3505,4.3781708429706585,4
996,3916,4.163625044644832,4
997,1127,4.0,4
997,1784,4.059475133810891,5
997,3623,4.167368067058238,4
998,342,4.322828249656059,5
998,356,3.9130738548202397,5
998,1095,3.9912195290845376,3
998,3188,3.0,4
998,3831,3.0,5
999,380,3.5842116816263747,4
999,455,2.4936430998211176,2
999,1488,3.071207922261725,3
999,1722,3.5535741196603476,2
999,1954,3.124328427402646,4
999,2403,3.099228926308219,4
999,2763,3.858949618417468,4
999,2949,3.773767192490165,4
999,3444,3.5302134670468837,3
1001,367,3.6506667941044495,3
1001,1519,3.0,3
1001,1798,3.0,3
1001,1810,4.659345956724648,4
1001,2687,4.127725690522122,4
1001,2829,3.0,4
1001,3179,3.0,2
1001,3854,3.0,4
1002,590,4.318748810248164,4
1002,1093,4.211513152779795,4
1002,1393,4.303647067329224,5
1004,592,3.3852592336062233,4
1004,786,3.3381872029920756,3
1004,1425,3.0,3
1004,2078,3.5877022626639294,4
1004,2150,3.556157796730964,4
1004,2167,3.328465318925368,3
1004,2542,4.4632589751041065,4
1004,2770,3.972765067458049,3
1004,2918,3.5690075732032716,4
1004,2961,3.0,2
1004,3247,3.1306847618652176,2
1004,3257,3.397831658314507,2
1004,3396,3.5738226131831725,5
1004,3785,4.0,3
1005,260,4.467950229624891,5
1005,2762,4.1258382674113,5
1005,3679,3.0,5
1006,3190,3.0,1
1007,3608,4.505776257734228,5
1008,1079,4.046961562921885,5
1008,2770,3.8929762465248765,3
1009,2124,4.483300344640903,4
1009,2262,3.0,4
1010,126,1.0,1
1010,255,1.0,1
1010,329,2.6972942632734993,3
1010,380,2.8114033292362137,3
1010,521,4.0,4
1010,547,1.0,2
1010,780,2.8247080332061163,2
1010,1120,3.366418519642477,2
1010,1136,3.392422187093342,4
1010,1356,2.7782382110904256,4
1010,1375,2.8154016726350486,3
1010,1396,2.9774865177059295,2
1010,1487,3.0,1
1010,1668,3.0,1
1010,1693,3.504324866695221,4
1010,1806,3.0,1
1010,2141,2.3256438476729624,2
1010,2231,2.9199682230978987,1
1010,2273,2.600788465086258,3
1010,2718,4.0,3
1010,2906,3.0,1
1010,2997,3.477430017415375,4
1010,3011,3.0,3
1010,3710,2.5022579640603206,1
1010,3717,2.255512400023377,1
1010,3869,2.2781519775059964,2
1011,2797,3.9598129672071516,5
1013,1968,4.4939862139868145,4
1014,1200,3.551319865696199,2
1015,35,3.0,3
1015,199,3.0,4
1015,246,4.635393929484258,3
1015,448,3.0,5
1015,508,4.096369472730861,4
1015,521,3.0,3
1015,603,3.0,2
1015,766,3.0,4
1015,929,4.3836340940381335,4
1015,1019,3.959460106194147,4
1015,1221,4.315939075607529,5
1015,1224,4.508150027553694,5
1015,1259,4.186058696304182,5
1015,1289,3.0,5
1015,1332,3.196451328200613,3
1015,1352,3.0,2
1015,1673,4.217486300932991,5
1015,1917,3.6382677751761006,3
1015,1957,4.39727981302153,1
1015,2060,2.5328214149764956,4
1015,2247,4.231689625445921,3
1015,2289,4.400766782154042,5
1015,2781,3.25350411418114,4
1015,3252,4.026155047765261,4
1015,3272,5.0,2
1015,3408,4.2934064236864655,4
1015,3448,3.981039938324142,2
1016,39,4.04901642452673,3
1016,252,3.677616747787304,4
1016,492,4.43519870858838,5
1016,708,3.8005902633004545,3
1016,2321,3.9746406214901175,3
1016,3911,3.997973516329864,4
1017,724,3.1047173745421084,5
1017,1250,3.894105114781245,5
1017,1331,3.0,3
1017,1337,4.0,4
1017,1544,3.780761146511855,3
1017,1954,3.736006236605691,3
1017,1999,2.7092224119549244,5
1017,2077,3.0,4
1017,2121,3.4397691440565747,4
1017,2302,3.6791269498149575,5
1017,2454,4.083574890449624,5
1017,2656,3.0,4
1017,2710,3.7461303925726863,1
1017,3708,3.4553999996373066,4
1018,3033,4.186268635068303,4
1019,16,3.2232755951901666,4
1019,180,2.8471730240785917,1
1019,435,2.458744095336762,4
1019,901,2.447830098589305,3
1019,948,3.0,2
1019,1256,4.154040906161086,5
1019,1366,3.0,4
1019,1569,2.2532300890458132,1
1019,1594,3.795073596908949,4
1019,1608,2.766361746867551,1
1019,1760,3.0,1
1019,1841,3.0,3
1019,2302,2.9089468296380083,4
1019,2804,3.076493383484168,3
1019,2848,3.0,4
1019,2908,2.6388470090606275,1
1019,2959,2.7632729761116184,1
1019,3104,3.4145472841653857,4
1019,3112,3.0,2
1019,3133,3.0,4
1019,3308,2.8842568449259365,3
1019,3365,4.255721320861366,2
1020,1251,4.542203712789088,5
1020,2058,4.052216211368216,4
1021,1950,4.940417264404407,5
1021,1953,4.769535064806149,5
1021,3366,4.612865075025636,4
1021,3462,5.0,5
1021,3649,3.0,5
1022,299,3.0,3
1022,1058,3.0,4
1022,1962,3.9084838523302703,4
1022,2706,2.4107056512030325,5
1023,1148,2.9451580907286314,5
1024,1210,3.804541254629156,1
1025,2959,3.9730269186948153,4
1026,1179,4.588446312998175,5
1027,111,4.169397909249988,4
1027,593,4.025665041983186,4
1027,912,4.156704593740514,5
1028,1575,3.0,2
1028,2005,4.501312336753486,3
1028,2375,3.0,2
1028,3730,4.476413176459526,5
1028,3741,4.443177645382755,3
1029,2003,3.0572778949922106,2
1029,2174,3.2627477329645544,3
1029,2396,3.4917450402501125,3
1029,2518,3.3052279202277695,3
1029,3399,4.0,2
1029,3545,4.1488952339641525,5
1029,3549,4.048295457544835,5
1029,3598,3.0,4
1030,1196,3.7861306206968655,5
1030,2000,3.7677683670212105,4
1030,2947,3.892317824418256,4
1030,3418,3.879553640706312,4
1031,1253,4.008556003757179,5
1031,1544,4.195706213716407,4
1031,2532,4.197263845879384,4
1031,2571,4.229328194117143,4
1032,2583,3.0,3
1032,2692,4.34646564397108,4
1033,551,3.9227179340209553,3
1033,2093,3.952036370672647,4
1033,2476,3.4473113247903346,3
1033,2944,3.6219213207103844,4
1033,3917,3.6363101938984763,1
1034,913,3.974064863313036,5
1034,934,3.0,5
1034,2571,3.5937402328387127,2
1034,3061,4.387754354550215,4
1035,481,5.0,4
1037,3821,2.0,2
1037,3861,4.0,4
1038,1584,4.227944394632921,5
1038,2013,4.0,4
1040,260,4.372937610463604,5
1040,300,4.379805017031696,5
1040,1094,4.475128446320691,5
1040,1394,4.320207911722429,5
1040,2248,4.386568398510471,5
1040,2371,4.290483829044181,4
1040,2409,3.856359118613123,3
1040,2541,4.138485767247676,3
1040,2791,4.35303869072267,4
1041,2064,4.787539808942411,4
1041,2922,3.0,2
1041,3077,3.0,5
1041,3468,4.591685365131958,5
1042,3629,3.0,4
1043,2391,3.9160019231217764,2
1043,2657,3.8670512017071847,5
1044,1259,3.824405669662076,4
1044,1962,3.790980960393,4
1044,2288,3.952230750301757,4
1044,3235,3.0,3
1046,316,3.735482597599497,4
1047,2393,3.561212306157782,5
1050,185,3.0265373682220127,2
1050,193,3.0,2
1050,213,3.0,2
1050,438,2.0,2
1050,468,3.359908192414099,3
1050,500,3.2177456524257737,3
1050,556,3.0,4
1050,1027,3.0702311888537963,2
1050,1148,4.017593035724467,5
1050,1488,2.9546177204878337,3
1050,1892,3.106860634936888,2
1050,2280,3.0,2
1050,2282,2.5001467102505925,3
1050,2320,2.3236578459412307,2
1050,3148,3.8662684950722013,4
1050,3354,2.9320989220772558,1
1050,3408,3.6131745076817494,2
1051,317,3.8821107840625375,4
1051,473,2.481931680068246,1
1051,733,3.884613016653787,3
1051,805,4.069100155952261,4
1051,1073,4.052194953885661,5
1051,1097,4.088692980884136,5
1051,1136,4.218098058168176,5
1051,1223,4.605726142623575,5
1051,1379,3.752983972063587,3
1051,1449,4.58250563148664,5
1051,1617,4.201498028896977,3
1051,1663,4.071818704824537,2
1051,1882,3.3778088533074895,1
1051,1954,4.020798353672451,4
1051,2014,4.292144988819301,3
1051,2026,2.3948181786375486,1
1051,2144,4.097971655815657,3
1051,2413,3.631508435305207,4
1051,2770,4.084495255177295,5
1051,2793,2.6508486246667986,1
1051,2840,2.7745601715916917,2
1051,2875,3.7182190184116743,4
1051,2959,4.164016241921917,3
1051,3471,4.072010719480127,5
1051,3489,3.896039232365199,4
1051,3882,3.0,4
1052,1947,4.405572204560045,5
1053,1912,4.09080142571453,4
1053,2344,3.0,3
1053,2366,4.173286912798932,5
1053,2403,3.939795505518283,4
1053,2701,3.2432584461259673,3
1053,2761,4.419153282037835,4
1053,3267,3.864216748589602,3
1053,3272,3.0,3
1053,3298,3.766828789969307,3
1053,3334,4.480296547242478,4
1054,745,4.999999999999999,4
1055,2723,3.990029249236693,2
1056,1981,3.8844824547227557,5
1056,2826,3.8130819183794586,5
1056,3081,3.0520231070507373,3
1057,919,3.9877313866161725,5
1057,2355,3.9296067059797006,4
1057,2575,3.0,5
1057,2916,3.7281627131170105,4
1058,512,3.012655141356096,3
1058,608,4.081867205837104,5
1058,1036,3.9361991210267173,5
1058,1653,3.9438162346182257,5
1058,2034,3.485131324871422,3
1058,3328,4.0,4
1059,34,3.238933035063367,4
1059,110,3.103733362641587,2
1059,111,3.3987238050054382,3
1059,235,3.2509068566743378,2
1059,342,3.0005430539609095,4
1059,594,2.9585869502065494,4
1059,728,3.0,4
1059,1220,2.982768010257133,4
1059,1307,3.0751542045190345,4
1059,1394,3.097279977110317,4
1059,1699,3.0,1
1059,1732,3.261924097308508,3
1059,1747,3.099901259325235,3
1059,2863,3.429998143534332,5
1059,3707,2.5209271261669173,2
1059,3752,3.6663121623893966,1
1059,3869,2.8858242348639367,3
1060,3438,3.6103960774184833,2
1060,3753,4.115859981737764,5
1060,3755,4.0469836844081675,4
1061,2857,3.0,4
1062,919,4.540721588975645,4
1062,2248,4.355974079240589,4
1062,2481,3.0,4
1063,1370,4.441533370906516,4
1063,1380,4.342797835375932,3
1063,1584,4.5434554804927405,5
1064,1093,3.8115529049053456,2
1064,3138,3.0,4
1065,11,4.7218382088559325,4
1065,265,3.934290885811489,5
1065,1722,3.5079985111702454,2
1066,597,3.3978052578854707,5
1066,2657,3.572704652946804,4
1068,36,4.446296530421332,3
1068,147,4.0,5
1068,497,3.9549684197076926,5
1068,514,4.759562379033601,3
1068,592,3.9586688382444972,5
1068,799,2.9100874590764914,4
1068,902,4.340622037254622,5
1068,1060,4.315848702346247,5
1068,1405,3.9345839587453235,3
1068,1653,4.154507735275485,5
1068,1682,4.058621354222198,5
1068,2046,3.7671034409144335,4
1068,2359,4.031334871364449,5
1068,2445,3.0,3
1068,2841,3.629577845281119,4
1068,3398,3.58689875548224,4
1068,3448,3.9155252295300262,5
1069,179,3.0,1
1069,218,1.3462663516771889,1
1069,268,3.0,3
1069,425,3.0,4
1069,463,3.0,2
1069,496,3.0,4
1069,517,2.347949782976553,2
1069,522,3.0,4
1069,1243,5.0,2
1069,1508,3.0,4
1069,2197,3.0,2
1069,2337,3.0,4
1069,2439,4.50092304377084,5
1069,2441,3.0,2
1069,2546,3.0,2
1069,2557,3.0,5
1069,2575,3.0,5
1069,3118,3.0,2
1069,3477,1.5028686139865237,1
1069,3518,3.0,2
1070,3160,3.0,2
1071,356,4.685841413668898,5
1071,1226,5.0,5
1071,3366,4.744876868011455,5
1071,3807,5.0,5
1072,945,4.019921921860954,4
1072,1617,4.175708551341599,5
1072,3006,4.321744096422076,5
1073,446,4.03932406577496,5
1074,647,3.6667324832899406,4
1074,904,3.8306594596339485,4
1074,1953,3.5650911011205864,4
1074,2529,3.40238837306228,3
1075,527,4.1004821500108415,5
1076,671,5.0,4
1076,1614,3.362560674470802,3
1076,3247,3.407661507178061,2
1077,541,4.130869929711265,4
1077,912,4.176734468900846,5
1077,1036,4.070899930022893,5
1077,1237,4.67155861657825,5
1077,1344,4.6353696974861744,4
1077,2160,4.417204564335586,5
1077,2186,4.60893715002868,4
1077,3539,3.0,5
1078,608,3.820450795329623,5
1078,1380,3.83344053304659,5
1078,1735,4.0,4
1078,2572,3.953017692423047,4
1078,3259,3.8070887875607182,2
1079,1196,3.9359849536505775,4
1079,1686,3.0,3
1079,2391,4.119876717461698,5
1079,3418,3.996622726076418,5
1079,3863,4.652866440493379,2
1080,1012,1.0,1
1083,468,3.0,3
1083,2947,2.4635708103036764,4
1084,296,3.4428592173076256,5
1084,589,3.2999218900351,4
1084,1089,3.263876271042941,3
1084,1370,3.1529635403971423,3
1084,2628,3.2150014551499937,1
1086,671,4.0,4
1086,788,4.101526569670609,3
1086,1210,4.119845414977275,5
1086,1569,4.083443621911645,3
1086,1597,3.9969258549053865,4
1086,2391,4.21886352523584,4
1086,2396,4.21319899616208,4
1086,2908,4.056859823648086,3
1086,3256,4.061614435155013,4
1086,3361,4.185077499041367,1
1086,3481,4.2796751209529775,5
1087,920,4.568308900063757,5
1087,1086,5.0,5
1087,1253,3.6387292065165506,5
1087,1948,3.0,3
1087,2420,4.0272687649912235,3
1087,2734,4.0,4
1087,3330,3.0,4
1087,3421,3.8525830901425593,4
1087,3426,3.0,2
1088,52,3.543532089672544,4
1088,227,2.7455685206003406,3
1088,247,3.8963438812793942,3
1088,281,3.0,3
1088,339,3.518283995581301,3
1088,368,3.5378972401427733,3
1088,828,3.0,2
1088,830,2.947887363035969,3
1088,943,4.0,4
1088,947,4.358056069221598,4
1088,1185,4.082424420135543,5
1088,1688,3.3264331363528634,4
1088,1953,4.162864395366092,4
1088,2025,3.0,2
1088,2112,4.0348178282171325,3
1088,2550,3.403903083572899,3
1088,2700,3.971736505014485,2
1088,2713,2.989699602824765,4
1088,2829,3.0,4
1088,3078,3.0,4
1088,3134,4.192879528787779,5
1088,3243,2.270345291306269,2
1088,3553,3.0,3
1088,3646,3.0,3
1088,3745,3.7020924778232494,3
1089,353,3.878645076200798,3
1089,2160,4.359741455735174,4
1089,2600,2.9999999999999996,3
1090,1247,3.616745656691073,4
1090,2268,3.729095745375882,4
1092,588,4.1635174896715625,5
1092,661,4.095048765593921,3
1092,783,4.103507964825978,5
1092,2092,4.332533728938231,4
1092,3717,3.5766194793619777,5
1093,3256,2.997431727363564,4
1093,3753,3.6265610112138984,5
1094,924,3.7852850998670466,1
1094,2890,3.9672064391316835,4
1094,3061,3.6114209932166266,4
1094,3578,3.9829702336939388,4
1095,1089,3.0,1
1095,2028,4.1507605348449435,4
1096,208,2.9766047249151355,1
1096,296,3.478899309044377,4
1096,333,2.5912416140911168,2
1096,858,3.6698233240780773,4
1096,1148,3.3959046575417706,4
1096,2006,3.3227842587486025,4
1096,2103,3.0,2
1096,2297,2.7782822678464902,1
1096,3578,3.3972988769161696,3
1097,733,3.577527072695874,5
1097,1396,3.612514066222684,4
1098,3362,4.678297839889907,5
1099,653,2.7079840351262807,4
1099,736,3.026693866223641,1
1099,908,4.528400005275783,5
1099,1104,4.878987764102246,5
1099,2580,4.297982480371192,4
1100,471,2.931356901935192,4
1100,587,2.468074803530952,1
1100,741,3.894170395239976,3
1100,784,2.3089580583202203,2
1100,1080,3.083134689414621,5
1100,1097,2.5596499081698,2
1100,1405,2.6664848902573266,2
1100,1848,3.0,2
1100,1920,1.951836733648987,1
1100,2431,1.3872549499417464,1
1100,2747,3.0,1
1100,2761,2.595781402452377,5
1100,2797,2.590002992219229,2
1100,2806,3.0,3
1100,2890,2.976867780816117,4
1100,3033,2.424838883412945,1
1100,3448,2.4207651291673677,4
1100,3948,2.9231515482630512,3
1101,475,3.4748080267601265,3
1101,924,3.7280867740077768,4
1101,1214,3.4901904093364613,4
1101,1998,3.0,3
1101,2395,3.848131828666495,4
1101,3366,3.963193539434745,3
1101,3408,3.539104492924826,4
1101,3623,3.403551710470522,1
1103,215,3.0,4
1104,34,3.473647581074496,3
1104,735,3.0,3
1104,2291,4.262703387580019,4
1105,608,4.077252828172083,5
1105,733,3.8028957760858724,3
1105,1210,4.013832562278881,3
1105,2003,3.8755686709067567,4
1105,2268,3.9293090595347744,4
1105,3744,3.6458394913666474,3
1106,3394,3.0,3
1107,1035,4.756716278340449,5
1107,1269,3.0,4
1108,3538,3.0,5
1109,778,4.320515554635827,4
1109,2116,2.830826770169015,1
1109,2421,2.6476343516731737,3
1110,2707,4.268790055920453,4
1110,3179,3.0,5
1110,3185,3.0,5
1111,1592,5.0,5
1112,832,3.9533008540095684,4
1112,1230,4.436228571296857,4
1112,1234,4.342907630207574,4
1112,1247,4.421538622638647,4
1112,1252,4.443410389562535,4
1112,1287,4.310625527764072,5
1112,2701,3.163775913347671,2
1112,2722,3.308863331825344,3
1112,2916,3.856968625575153,4
1112,3160,4.2063804484501475,5
1113,543,4.241238090621407,3
1113,548,3.0,3
1113,999,3.944388949147978,3
1113,2193,4.216474697386445,4
1113,2692,4.4339743018152875,4
1113,3173,4.0,4
1114,900,3.5540824401564177,3
1114,2598,2.3229473029001224,3
1114,3948,4.15116613357472,2
1115,382,3.161749795885393,3
1115,735,4.0,4
1115,1330,1.475575716485869,3
1115,2399,3.0,3
1116,728,3.0,4
1116,898,3.8844657464764825,4
1116,1198,4.04109682873301,5
1116,1276,4.104847501616038,3
1116,2371,4.133030427183065,3
1116,2791,4.084920547093701,3
1116,3671,3.9965573525745377,3
1117,21,4.170394840325197,5
1117,50,4.307252565966088,5
1117,292,3.8859398596542634,3
1117,364,4.104699187829694,4
1117,1097,4.180955425665866,4
1117,1379,3.6118765876689167,3
1117,1784,4.073799577756768,4
1117,1954,4.076723618455325,4
1117,2391,4.311107361224133,4
1117,2423,3.9577941650443034,4
1117,2558,3.6726275100097783,4
1117,2701,3.7211782630866277,3
1117,2973,4.583716185932095,4
1117,3160,4.2884276380050865,5
1117,3398,4.118380699028772,4
1117,3448,4.080734397482366,4
1118,1214,3.375824546860227,5
1118,1544,3.7260351614394804,4
1118,2160,3.0234035093935514,4
1118,3101,3.6486948033197275,4
1119,1208,4.170702231391945,5
1119,1246,4.135959287753286,4
1119,1293,4.347835625084382,5
1119,1784,4.136529339774465,5
1119,2609,3.0,4
1119,2622,3.0,4
1119,3802,3.5041865663937464,2
1119,3863,4.495362875773982,4
1120,44,2.9764710171416873,2
1120,141,3.9832073054589023,4
1120,413,3.6033864608170623,3
1120,592,3.8462376556410387,5
1120,594,4.242061753411417,4
1120,597,3.891560858015704,4
1120,616,4.022191264325969,4
1120,900,4.495617295966724,2
1120,1030,3.9233294995317873,2
1120,1032,4.174924697747412,5
1120,1084,4.5724428098672805,4
1120,1387,4.05575392190386,4
1120,1466,4.1104417335089565,4
1120,1682,4.163838622527855,4
1120,2143,3.5226287229660236,4
1120,2161,3.8189762184205636,5
1120,2174,3.984615985095839,5
1120,2461,3.0,2
1120,2866,4.0,5
1121,17,4.0651898006985405,2
1121,1162,3.0,4
1121,1422,3.5874688570213853,4
1121,1589,4.171066842626699,4
1121,2126,3.6346517637276796,4
1121,2599,4.110586522888961,5
1122,329,3.3835116250482273,2
1122,674,3.440580949740877,3
1122,1206,3.532169060282831,4
1122,1573,3.5004072944441074,3
1124,586,3.6055504790610495,4
1124,1213,4.1875439578531255,5
1124,1760,3.0,1
1124,2194,3.940355518994757,4
1124,2664,4.135335218819121,4
1125,186,3.1056983468009625,3
1125,292,3.536281565637468,4
1125,356,3.5687663708701334,4
1125,377,3.222964239444462,4
1125,457,3.603118079323619,3
1125,500,3.4076318785082025,5
1125,588,3.498442976921266,4
1125,1431,1.9966636439612684,2
1125,1541,3.127202201483919,4
1125,1960,4.056100190999341,4
1125,2003,3.498113362035543,4
1125,2719,2.5611226722684814,3
1125,3006,3.8098510667871994,2
1125,3317,4.19536447475816,2
1125,3510,3.221921249684001,3
1125,3556,5.0,4
1125,3869,3.1675540187506668,4
1126,1721,4.326815767563033,4
1127,2105,3.7992212240435257,3
1127,3444,3.274347322715576,4
1127,3763,3.9132867373890368,4
1127,3918,3.0,2
1128,281,3.0,4
1128,912,3.8355325146853176,5
1128,2402,2.679974870283396,2
1128,2405,3.0130307834943757,1
1128,3089,4.326318322053913,4
1128,3206,3.0,4
1128,3363,3.7318090622034923,3
1128,3844,2.5677889618064773,4
1129,2948,4.40021726075948,4
1129,3526,4.3029850634261955,4
1129,3624,4.487186939599771,4
1130,1252,4.100509663248843,4
1130,2763,3.6310615840168077,4
1131,1265,4.800233588504979,5
1132,1805,4.273739538473598,4
1132,2028,4.554968976817179,5
1133,47,3.540693818902516,5
1133,293,4.06847057565316,4
1133,707,2.0,2
1133,1617,4.129685731458683,3
1133,1972,2.0427225016976953,1
1134,368,4.208630249652817,5
1134,541,4.449127451587491,5
1134,1089,4.490055150570065,5
1135,1214,3.966837221858391,5
1135,2140,4.088609093243145,3
1135,2628,3.887050897917836,5
1136,16,3.823894365492621,4
1136,1343,3.1513571838948806,4
1137,299,3.0,2
1137,593,4.0128513522848275,5
1137,930,4.5972629148645705,5
1137,969,4.251999309116293,4
1137,1196,3.9888713026527696,3
1137,1198,3.9773242994922935,4
1137,1210,3.9821133258555825,4
1137,1221,4.039917712446125,4
1137,1270,4.0276624957491265,4
1137,1288,4.120090715411696,5
1137,1500,4.037364223426113,3
1137,1954,4.120454189721498,4
1137,2541,3.166548549352163,5
1137,2629,3.0,2
1137,2718,4.0,2
1137,2819,4.29420796167357,3
1137,2881,3.5128619925792086,2
1137,3053,3.0,2
1137,3513,2.6918638354071027,3
1137,3537,3.0,4
1137,3747,3.0,2
1137,3751,4.07003469268061,5
1138,1704,4.244955616893632,5
1138,3081,4.204171629385102,5
1139,587,4.0358728307638465,4
1139,590,3.9624622466183244,5
1139,3317,4.045427739558094,5
1139,3512,3.0,4
1140,2019,4.144723920979769,5
1140,2488,3.0,4
1140,2613,2.948712376139469,4
1140,2781,3.5159977753581675,4
1140,2947,3.833454645228742,3
1140,3508,3.9037651117401753,5
1140,3739,3.0,5
1141,105,3.490977082515753,1
1141,150,3.8408873289088583,4
1141,344,2.9053722874975656,2
1141,1265,3.921210027357729,5
1141,1645,3.6716115375179297,2
1141,1831,3.1420857019896147,2
1141,2005,3.614428523821368,2
1141,2329,4.162712997961771,5
1141,2470,3.507649941848415,1
1141,2611,3.0,5
1141,2997,4.223986437635766,5
1141,3258,2.623524643605152,1
1141,3549,3.966803324372956,5
1141,3618,3.0,4
1141,3824,3.0,2
1142,230,4.134664652187265,4
1142,380,3.7981704100264637,2
1142,1270,3.9777993652152692,4
1142,2018,3.6453428079222197,2
1142,2115,3.9313022366284414,4
1142,2712,4.004905505820424,4
1142,2763,3.9758102706381777,3
1142,3247,3.81361176458199,3
1142,3869,3.7311132059355274,4
1142,3949,3.0,5
1145,2657,3.756976349047676,2
1146,849,2.6783613046133925,1
1146,891,3.0371398850930653,4
1146,1333,3.8430148374460913,3
1146,1645,3.0069107710454714,3
1146,1970,3.3424704026196657,4
1146,2118,3.9628434353358855,4
1146,2867,3.449338227864931,4
1146,2902,3.1966673229572184,2
1146,3499,3.3891671376866377,3
1146,3527,3.2363906270229172,4
1146,3848,3.0,2
1147,2184,3.4318887914377667,5
1147,2186,4.305470424560947,4
1147,2594,3.0,2
1147,2732,4.508707520913443,3
1147,3010,3.0,4
1147,3022,4.0,5
1147,3117,3.0,5
1149,1097,3.69553101622966,4
1149,2394,5.0,2
1149,2617,3.437950654274966,1
1150,232,3.0,2
1150,233,3.0,4
1150,246,3.4857227836950178,4
1150,471,2.9592389000891415,3
1150,488,3.0,3
1150,528,3.0,2
1150,593,2.660170485498922,3
1150,767,2.0,2
1150,899,3.438140355081344,5
1150,994,3.121152389471219,3
1150,1086,3.5080982319223204,3
1150,1201,2.8666703363612176,3
1150,1297,2.355670873243688,1
1150,1343,2.5326046959328963,3
1150,1352,1.0,3
1150,1622,3.0,3
1150,1649,5.0,5
1150,1701,3.3473081089775327,3
1150,1836,3.0,2
1150,1884,3.0063171900831445,4
1150,2104,3.0,3
1150,2132,3.606498037808072,3
1150,2335,1.732278690667124,1
1150,2471,1.8701792029750757,1
1150,2542,2.631971453527061,4
1150,2644,1.9267299693670152,2
1150,2678,3.0,1
1150,2716,2.3937199412321957,1
1150,2738,1.0,2
1150,2759,3.2498408473943696,3
1150,2765,3.0,3
1150,2776,3.0,3
1150,2849,3.0,2
1150,2866,3.0,3
1150,2890,2.5330185159356966,1
1150,2959,2.3791717824635454,1
1150,3270,3.0,1
1150,3370,3.0,2
1150,3509,3.0,1
1150,3525,2.031321197711504,1
1150,3763,2.5308610369185276,3
1151,1059,3.2965603929805583,3
1151,1645,4.061186923712932,3
1151,3717,3.0,4
1152,1954,3.2935380780123333,4
1152,2657,3.3338340495377716,2
1152,2720,3.0,1
1152,2730,5.0,4
1153,3185,3.0,1
1154,924,5.0,5
1155,163,3.2535738207393488,2
1155,316,3.2661175113285403,3
1155,592,3.031876747985115,4
1155,1049,3.013071127040456,4
1155,1266,3.668015542464378,4
1155,2858,3.3924564787861575,3
1156,2497,3.0,5
1158,2340,4.0,4
1159,1779,2.6633662293385756,1
1159,3300,2.4080817919140074,2
1160,2605,3.329325985398624,3
1160,3273,3.710063209330339,3
1160,3615,3.0,3
1161,50,4.149322053787618,4
1161,2399,3.0,1
1161,2792,2.864159895559196,3
1162,105,3.6659893875425698,3
1162,903,3.7410782514794367,4
1162,1230,3.763288165472716,4
1162,1288,3.4845032574201973,4
1162,2130,3.761354774578754,4
1163,165,3.741969221045096,5
1164,308,4.999999999999999,4
1164,501,3.0,3
1164,708,3.5635109515423125,3
1164,1860,3.0,4
1164,2065,4.003474679077581,4
1164,2708,3.0,3
1164,2762,3.5578957251986107,3
1164,2908,3.770520729409232,3
1164,3952,4.0,2
1165,2012,3.6473214695225944,4
1165,2355,3.875596493702949,4
1165,2407,3.6275543831734285,4
1165,2529,3.611250196022433,4
1165,2746,4.058086488893875,4
1166,3566,4.0,3
1167,150,3.47658526549292,3
1167,590,3.4890046657872995,5
1168,1175,3.0,3
1168,1188,3.7708658731491025,5
1168,1197,3.688095064803335,5
1168,1271,3.531793733361358,4
1168,1292,3.8369173278213333,3
1168,1916,4.001832319320754,4
1168,2012,3.558783039469939,4
1169,3087,2.8693249762286044,4
1169,3448,2.7833301128126156,2
1170,902,4.591757629945958,4
1170,2070,5.0,5
1170,2303,4.489097002190645,5
1170,2949,4.054510516056607,3
1170,3167,4.034162248306106,5
1170,3578,4.1632524850158275,4
1171,3624,4.703567285476196,4
1172,31,3.0,4
1172,276,3.9238196475875364,2
1172,357,3.897811062960639,4
1172,368,3.7820871280330537,5
1172,585,3.6804487903451326,4
1172,1833,3.8582399211701266,3
1172,2144,3.8027977334175667,5
1172,2491,3.0,3
1172,2706,3.6525576848183245,2
1172,3624,3.3433436058440638,5
1173,231,3.506203173282435,3
1173,367,3.5776283924888643,4
1173,998,3.0,3
1173,1061,3.7498461811623747,5
1173,1377,3.389247494612447,3
1173,1614,3.5148452186099624,4
1173,1805,3.605651886818357,3
1173,2504,3.0,3
1173,2683,3.4227226838279003,3
1173,3247,3.3849924836134018,3
1173,3254,3.5453187774287205,3
1173,3268,1.9980026257282284,2
1173,3594,3.0,3
1173,3858,3.0,4
1174,1580,3.2179354719326776,3
1175,276,4.50206904778522,5
1176,1101,4.182955642139635,2
1177,296,4.308320052608824,5
1177,551,4.102449618418988,2
1178,3044,3.965408960816132,4
1179,905,3.955857867327823,4
1179,2034,3.2579398419002716,1
1179,2361,4.0,3
1179,3175,3.389635587578317,4
1179,3793,3.426513582502546,4
1180,3230,3.0,4
1181,17,2.931216714249385,3
1181,111,3.4058233609295234,5
1181,141,2.77205363603811,2
1181,215,3.0,4
1181,374,2.079308546983942,2
1181,379,2.8061357766697204,3
1181,380,2.9769798500191986,3
1181,407,3.0,1
1181,472,3.0,1
1181,602,3.0,3
1181,608,3.236265061377304,3
1181,628,2.732073823506853,3
1181,715,3.0,3
1181,920,3.3161204540474585,3
1181,994,3.079934008000428,4
1181,1022,2.8164009920364808,3
1181,1170,3.0,2
1181,1187,2.0,2
1181,1218,3.0,3
1181,1249,3.697658996166041,4
1181,1442,3.0,2
1181,1527,3.037528648380812,5
1181,1649,3.0,4
1181,1653,3.1463644404291427,4
1181,1924,2.754669180990177,2
1181,1942,3.0,4
1181,2020,3.18537295266093,3
1181,2053,2.470805724592662,2
1181,2054,2.951243185187237,3
1181,2117,3.1082078898708163,3
1181,2194,3.1554241389570543,4
1181,2322,2.7804741491763143,4
1181,2346,2.92133876558834,2
1181,2405,2.9169783324286103,3
1181,2581,2.6929514879601366,3
1181,2762,3.052226478336379,4
1181,2991,3.1475414806477495,3
1181,3036,3.0,1
1181,3198,3.008977570804047,3
1181,3262,3.0,1
1181,3387,2.383657201057748,4
1181,3431,2.0425985009359073,1
1181,3584,3.0,2
1181,3827,4.0,3
1182,483,3.0,3
1182,750,4.0319853019293985,5
1182,858,3.951017629179987,5
1182,1259,3.844271649829095,3
1182,1882,2.586394890290783,1
1182,1883,3.591716109217676,4
1182,2115,3.5440680358911925,2
1182,2393,2.699597013766728,3
1182,2571,3.5387983506959704,2
1182,2583,4.0,3
1182,3033,2.9435792660478723,4
1182,3702,3.6275492112207828,3
1183,1965,3.9080761927908707,5
1183,2163,4.0,4
1183,3163,3.0,3
1184,1,3.6642611107505427,4
1184,432,3.135589369214651,3
1184,902,4.341377324745414,5
1184,1101,3.590078243266143,5
1184,1183,3.900229732819063,5
1184,1593,3.41945776422865,3
1184,2405,3.3708560180951324,3
1184,2567,3.510395070632666,4
1186,842,4.0,4
1186,965,3.0,4
1186,1584,4.063354391476409,2
1186,2121,4.487740923590883,4
1186,2208,4.8833208498955765,4
1186,2482,3.0,3
1187,595,3.5714031755190563,4
1188,480,4.3716441439023015,4
1189,803,3.0,3
1189,2248,4.0,4
1190,112,4.0,4
1190,1088,4.546630907289957,4
1190,2942,4.041513057671626,4
1191,1465,3.0,3
1193,223,2.7874745174201943,5
1193,648,3.0310003112609523,3
1193,3671,3.227262797494992,5
1194,111,3.8292270823688277,4
1194,460,3.0,2
1194,502,1.480833630461651,1
1194,590,3.5840933884976542,4
1194,753,3.0,4
1194,953,3.7588713143061114,5
1194,1097,3.516169018278397,2
1194,1273,4.0,4
1194,1370,3.426343276352885,3
1194,1673,3.683256376098956,5
1194,2077,3.0,4
1194,2231,3.6009235218124944,3
1194,2370,3.0,5
1194,2409,3.1276559872226333,4
1194,3095,4.537615213597139,4
1194,3176,3.6304461914758335,4
1194,3826,2.5089214910932784,2
1195,1333,3.8600894539468364,2
1195,1644,3.7206653289673053,4
1195,2394,4.0,5
1195,2746,3.8171373893138787,2
1196,246,4.4969982163951014,4
1197,1234,4.560355790219509,5
1197,1267,4.46743832547715,4
1198,110,4.125026778865877,5
1198,808,3.0,1
1198,1608,4.401238288650105,5
1198,1713,3.0,1
1199,357,3.739221583598584,5
1199,838,3.898421100648996,4
1202,296,3.901804280935074,4
1202,349,3.5868099240652023,3
1202,454,3.86059950513095,4
1202,468,4.0242254133297815,5
1202,986,3.0,5
1202,1242,3.900704358391344,4
1202,1485,3.515280346870827,4
1202,1909,3.4529226912099498,3
1202,3100,4.180350814796177,5
1202,3363,3.939717910264628,5
1202,3555,3.8171636205204216,4
1203,81,3.0,3
1203,186,3.4123978826973382,4
1203,369,3.0,4
1203,469,3.0,2
1203,497,4.201885659940358,5
1203,535,4.246092875415965,3
1203,541,4.303909590897663,5
1203,866,4.213754095207041,5
1203,1089,4.173600203878819,5
1203,1265,4.106124803190686,4
1203,1266,4.307687176451267,4
1203,1393,3.989990508412456,4
1203,1449,4.3118893090684365,4
1203,1614,3.590838186954778,4
1203,1784,4.023758421165274,4
1203,2112,4.339687584188064,3
1203,3258,3.4787200099325353,4
1203,3503,3.0,4
1203,3809,3.9139476848489547,4
1204,3489,4.618377074148696,3
1205,35,3.0,3
1205,1537,3.0,5
1206,912,4.182195973074305,5
1206,1196,3.74316717871342,5
1206,1391,3.4958816100479124,4
1206,2455,3.9682858745272864,5
1206,2553,3.507549134226206,5
1206,2985,3.69039908715709,5
1206,3354,3.3004975358008295,3
1206,3697,3.4241857380930245,4
1206,3703,3.8059594108484944,4
1207,39,2.7724497014525094,3
1207,266,2.9169877214429305,3
1207,327,2.692152710824345,1
1207,415,2.0,1
1207,527,2.98187627908632,5
1207,553,3.104632438874749,3
1207,608,2.872820270506178,5
1207,1088,3.0183172936937455,3
1207,1320,2.5952682483965233,3
1207,1370,2.7054287440070808,3
1207,1590,2.4662993920306873,1
1207,1722,2.749653768579854,3
1207,1975,1.7520492481451866,2
1207,2020,3.116599659121735,3
1207,2346,2.740409359982638,3
1207,2391,2.8008136403394395,2
1207,2640,2.692212803259455,4
1207,2706,2.7376053479681426,3
1207,2710,2.895901849555685,1
1207,2803,2.620992583977602,2
1208,3747,3.0,4
1209,1230,3.865953353618341,4
1209,1954,3.5606107632031416,5
1209,2523,3.0,2
1209,3524,3.3870656867094104,2
1211,16,3.726281156806361,4
1211,648,3.3267651987556484,3
1211,965,5.0,5
1211,1060,4.159567910556771,5
1211,1215,3.4697505170227516,4
1211,1253,4.093004803005193,5
1211,1333,4.245897806309991,5
1211,1517,3.834882661374635,3
1211,2731,3.0,5
1211,3255,3.2899143700426183,2
1212,1632,3.0,2
1212,2580,4.246163178879308,5
1214,1303,3.0,4
1214,3644,3.0,3
1214,3871,4.0,5
1215,1197,4.30671707302281,4
1216,368,3.3655201751801553,4
1216,750,4.075077122541051,4
1216,2404,2.3516798562170926,1
1216,2527,3.9206951822894958,4
1216,3168,4.154540161182968,5
1217,919,4.421994479943919,4
1218,307,4.0,4
1218,608,3.7236291272941373,5
1218,1090,3.6422497506571467,5
1219,1200,3.9967950304499955,5
1219,1343,3.7665464226377523,5
1219,1379,3.611619051146615,3
1219,1562,3.461160443956209,3
1219,1876,3.8155088356426865,4
1219,2019,4.575076776114801,5
1220,500,3.5029077528609145,3
1220,1442,3.0,4
1220,3397,3.3652200291308008,4
1220,3507,4.00545290681447,4
1221,1703,5.0,4
1221,2004,3.6275958383216866,2
1221,2302,4.094719080122172,5
1221,3175,3.659082117684713,5
1221,3698,4.430521656017447,4
1223,1270,4.158768725073601,3
1223,2241,3.0,2
1223,2788,4.385262235986561,5
1224,492,2.585252701095217,4
1224,973,3.0,4
1224,1200,3.9779171109874962,5
1224,1269,4.576857905858198,4
1224,1362,5.0,4
1224,1678,3.8981074614845923,4
1224,1958,4.002993945867984,5
1224,2087,4.170835452536154,5
1224,2112,3.9397042539338005,5
1224,2183,5.0,5
1224,2662,3.9875884200845944,5
1224,2968,3.8176560909722856,5
1224,3104,4.043010735229472,3
1224,3256,3.5497127818556717,3
1224,3304,3.0,4
1224,3317,3.5381876605722935,3
1224,3467,4.6506051804150434,4
1224,3471,4.145877314364623,5
1224,3834,3.0,4
1225,586,3.506254288978958,3
1225,2791,4.294932693682857,4
1227,242,3.0,4
1227,866,3.5595720633781602,4
1227,1179,3.699913920464666,4
1227,2321,3.4809728002487326,3
1228,1111,3.0,4
1228,2398,4.053519784201982,4
1228,3266,3.0,3
1229,2966,3.0,5
1230,50,4.3615835713741085,5
1230,2011,4.1605144830339675,4
1230,2702,4.018354404441058,3
1230,3052,4.17112720022444,5
1231,1694,4.310010098384042,3
1231,2167,3.900667494312983,3
1231,2324,4.320505353254333,4
1232,1673,4.376123788404765,5
1232,3261,4.3846799592473085,3
1235,3108,3.9168802069706334,2
1237,2279,4.349146543239103,3
1238,2700,3.9770909598842694,2
1239,538,4.497065780481096,3
1239,1169,3.0,4
1239,1449,3.779172556334359,4
1240,3302,3.0,2
1241,2028,4.615165887560546,5
1241,2083,5.0,5
1241,2384,5.0,2
1241,3507,4.49438994143784,5
1242,28,3.0,3
1242,85,3.0,4
1242,776,3.0,4
1242,923,3.846132119122393,5
1242,927,4.0,4
1242,1192,2.9494696545911725,2
1242,1293,3.323322655589023,4
1242,1537,5.0,5
1242,1683,3.194132157569927,5
1242,2021,3.4429551417508923,1
1242,2183,5.0,5
1242,2312,3.3132885943481285,4
1242,2318,4.054821057206043,3
1242,3010,3.0,3
1242,3134,4.812219160995071,4
1242,3261,3.596684340978,4
1242,3543,3.75156795534595,2
1242,3747,5.0,4
1242,3845,3.0,4
1242,3915,3.0,3
1243,342,3.8631559282167314,4
1243,480,3.7497598328714106,4
1243,586,3.3984842502540866,3
1243,912,4.197798896789597,5
1243,1081,3.7132022897933736,3
1243,1306,3.0,3
1243,1376,3.3662579968663544,3
1243,2011,3.6040571655152682,4
1243,2232,2.0,3
1243,2384,3.4661298213041225,3
1243,2640,3.468808976673589,3
1243,2724,3.6912614999031432,3
1243,2908,3.493073181785195,4
1244,163,3.3617321132865117,4
1244,247,4.5353631132571115,5
1244,318,3.950238162324965,4
1244,524,3.52343469975583,4
1244,590,3.738198743336348,2
1244,1228,4.488034982584397,5
1244,1517,3.7632364777928413,5
1244,1635,4.353514715160586,4
1244,1831,3.047329441309714,2
1244,1914,3.0,5
1244,2396,4.0577326838964165,4
1244,2662,3.8347152928586894,4
1244,2722,2.7661375360783413,3
1244,3910,5.0,5
1245,32,4.498139744100048,4
1246,736,3.788082247347858,2
1246,1036,3.835669363362867,4
1246,1214,3.892094931687847,5
1246,1257,3.8725413504446755,4
1246,1476,3.8697990945540797,4
1246,1689,3.0,4
1246,1991,3.157373008109854,2
1246,2000,3.852993377818464,4
1246,2001,3.8582082844372985,2
1246,2081,3.954131821120029,3
1246,2664,3.80188370315914,4
1246,2804,4.001659262725495,4
1246,3439,3.0532219198357224,2
1246,3698,3.823304646883817,4
1247,2430,3.0,3
1247,3300,3.5184796640750076,3
1248,296,3.8750924007988337,5
1248,1089,4.12818124399267,5
1248,1214,3.835436161232911,4
1248,1617,3.8980889670633387,4
1249,340,3.0,3
1249,2571,4.37330047569405,3
1251,2492,3.0,1
1251,2572,3.2699770611788876,2
1252,3160,4.085616462022094,5
1252,3408,3.7868559480187662,4
1252,3949,3.5454132275117605,4
1254,802,3.5042482267250996,4
1254,945,4.464063944889277,5
1254,1307,4.372457754810991,5
1254,2396,4.426751895972395,5
1255,39,3.93550071549228,5
1255,351,4.0,4
1255,508,4.009588546951781,3
1255,1298,4.195649307612497,5
1255,2657,3.842276428026903,4
1256,933,4.543927031481917,5
1258,3927,4.0,4
1259,2791,4.53718592527049,2
1260,1208,3.9988504534254092,5
1260,1799,3.50594300930666,2
1260,2788,4.263113262068099,4
1260,2985,3.7907207730062824,4
1260,2993,3.7840394817174454,4
1260,3040,3.6499982958063684,3
1260,3101,4.053916227088927,4
1260,3252,4.008673087564067,4
1260,3478,4.028917044477175,4
1261,588,4.11921559940863,4
1261,589,4.124259467014451,5
1261,1544,3.9586711414631854,4
1261,2805,4.498416330030831,3
1261,3301,3.601175128117086,3
1262,1810,3.917636543427135,2
1262,2111,3.0353251731647166,3
1263,357,3.502599295101671,3
1263,539,3.271757193634135,2
1263,837,3.0,3
1263,923,3.6709569409187086,5
1263,1265,3.570984234197695,5
1263,1875,3.0,2
1263,2325,3.0,1
1263,2428,2.700961469448293,1
1263,2598,3.406660249955628,3
1263,2709,3.0,2
1263,3039,3.5098383236119646,5
1263,3617,3.2963644465651023,4
1264,110,3.7460932377925427,5
1264,173,3.136647226548158,2
1264,482,3.0,2
1264,554,3.0,3
1264,1191,3.0,3
1264,1268,4.0045439586413885,3
1264,1387,3.80786520867556,5
1264,1476,3.6633057066145676,3
1264,2121,2.8931271529793365,3
1264,2384,4.0,4
1264,2385,3.0,3
1264,2613,3.0676920208033676,3
1264,2929,3.9961081162830356,4
1264,2949,3.8813075820937346,4
1264,3359,4.215610984007348,4
1265,7,3.2893458802103916,2
1265,252,2.9925646575079115,3
1265,691,3.0,2
1265,1286,3.0,3
1265,2352,3.343105272392075,4
1265,2707,3.9989569307176924,2
1265,3948,4.041079103666883,1
1266,110,3.7194214072025993,3
1266,235,3.8355592517282284,5
1266,361,3.0212379100267177,4
1266,362,3.0,4
1266,367,3.6114685690150874,3
1266,586,3.4873412529063654,4
1266,766,3.0,4
1266,942,4.3052046108835125,4
1266,1056,3.0,2
1266,1092,3.7152715033760493,2
1266,1258,3.740581654216287,4
1266,1351,3.0,3
1266,1584,3.6702934400000387,3
1266,1639,3.813942200853409,5
1266,1672,4.1217469104565225,3
1266,1794,3.0,3
1266,1913,3.0,4
1266,2065,4.426819064705072,4
1266,2100,3.7219105225454525,4
1266,2410,3.180913984246146,2
1266,2470,3.5853463738293225,4
1266,2648,4.340948447753552,4
1266,2686,4.329368026606543,4
1266,2792,3.4196327420243726,3
1266,2794,3.3861708965969157,1
1266,2795,3.855085059911851,5
1266,3160,3.71905389981813,1
1266,3181,3.0,3
1266,3289,3.0,3
1266,3408,3.8429510417321993,5
1266,3462,4.0,5
1266,3809,3.628101016252172,3
1267,1127,3.2861011401864575,2
1267,3742,3.7861121114201186,5
1268,1230,4.745745979384664,5
1268,2420,3.374403814527112,4
1268,2939,3.0,5
1268,3763,4.078918699186155,4
1270,1233,3.0,5
1271,1556,3.0,2
1271,2396,4.640491672872749,4
1271,3037,4.784182505588907,5
1272,707,4.498611074808738,3
1272,1375,3.3263544400675773,2
1272,1693,3.479331427378293,3
1272,1924,3.0,5
1272,2081,3.5544437876176467,3
1272,2141,3.11814248035818,3
1272,2311,3.2032872666929504,2
1272,2355,3.72863408220026,4
1272,2433,4.038001600934499,2
1272,2478,3.3935031551333106,3
1272,3071,3.0,4
1272,3114,3.8657306065020385,5
1272,3448,3.5620692513041514,5
1272,3489,3.1607522136911985,3
1273,260,4.12117943056556,4
1273,608,4.089742029846184,5
1273,908,4.329912272212654,5
1273,949,4.477347103126608,4
1273,1225,3.8554825287333623,5
1273,1226,5.0,3
1273,1228,4.280958435778643,5
1273,1235,4.277620052868088,5
1273,1340,3.0,5
1273,1641,3.8915687962245977,4
1273,1734,4.0,4
1273,2020,4.123438820062614,4
1273,2908,4.014779937372873,4
1273,3196,4.433018006671055,5
1273,3361,3.983627601673218,3
1273,3363,4.121331212639143,4
1273,3499,3.973263548346501,4
1274,293,3.6584709125155124,5
1274,590,3.560946193073893,3
1274,669,4.456613983995034,4
1274,733,3.527736117871813,4
1274,928,3.8715130059929708,5
1274,935,2.9999999999999996,4
1274,965,3.9428772450560166,4
1274,1095,3.8445002275602764,3
1274,1200,3.6181645499049835,5
1274,1227,3.8504916340989492,4
1274,1274,3.825874484735815,3
1274,1278,3.6900643059401177,5
1274,1333,3.6583617848829473,3
1274,1617,3.683516705170156,4
1274,2070,3.0,5
1274,2580,3.763415697903485,3
1274,2731,5.0,4
1274,3077,3.0,5
1274,3095,3.8002262905359547,4
1274,3218,3.0,3
1274,3655,3.0,3
1274,3746,3.0,5
1275,924,4.6086331901787405,4
1275,1927,5.0,5
1275,2028,4.574388999953889,5
1276,2863,4.534741565117837,4
1276,3210,4.4934413755723766,4
1277,2338,3.4492785518622204,5
1278,2797,4.135115313304941,5
1279,62,2.9003285645670704,2
1279,107,3.0,2
1279,300,3.019427217232556,4
1279,448,3.0,4
1279,715,3.0,3
1279,1183,3.137999685465396,4
1279,1217,3.138727656266693,3
1279,1219,2.970970811675173,3
1279,1295,3.2530663641033395,5
1279,1357,3.2481618834478008,4
1279,1916,3.0,3
1279,2709,3.0,2
1279,3263,2.6405247886495484,2
1280,2572,3.564386165347833,3
1281,2329,3.2745577593003357,3
1281,2966,5.0,5
1281,3067,5.0,5
1284,231,3.6941132512168973,3
1284,527,4.057168170175252,5
1284,648,3.683443911191616,4
1284,1227,4.999999999999999,5
1284,1573,3.5760419527716456,3
1284,1635,4.115652111506622,5
1284,2112,4.33011443535696,4
1284,2268,3.923013070468949,5
1284,2289,4.138403448389837,3
1284,2353,3.6426721235843744,5
1284,2391,4.012003955178321,4
1284,2479,3.0,3
1284,2605,2.817271042871796,3
1284,2701,2.868887887543689,3
1284,2762,3.366486385767453,5
1284,2963,3.0,3
1284,3623,3.7244177675627794,3
1284,3726,3.0,2
1285,6,4.256035364156139,5
1285,31,3.0,3
1285,246,4.639497164692776,3
1285,481,4.113282221138185,4
1285,500,4.016900582622339,3
1285,909,4.720125579096613,5
1285,1161,4.0,4
1285,1217,4.48194037854033,4
1285,1246,4.27898077803405,4
1285,1259,4.35968927531999,5
1285,1267,4.742081150941871,5
1285,1272,4.703247727611841,5
1285,1278,4.454516972829677,5
1285,1380,4.213383159075156,3
1285,1407,3.941555057830058,3
1285,1485,3.826156589530448,5
1285,1614,3.8501344050028146,4
1285,2087,4.414653224091347,5
1285,2100,4.1413097149057405,5
1285,2482,3.0,4
1285,2492,3.0,4
1285,2523,3.0,3
1285,2745,4.608645203118338,4
1285,2762,4.17032526183064,5
1285,3048,3.0,1
1285,3363,4.5740965840732315,5
1285,3468,4.767428764250661,5
1285,3590,3.0,3
1285,3614,4.000867847184597,4
1285,3707,3.7901446363983715,4
1285,3952,4.370237155719658,3
1286,1094,3.61574189131868,5
1286,2669,3.0,4
1286,2688,3.23794408389924,2
1287,112,4.493343951488341,3
1287,1482,3.0,2
1287,3286,3.0,1
1287,3786,3.0,4
1288,3386,3.8985325681382443,3
1289,1210,4.427987094201106,5
1290,3203,4.249156312039554,4
1291,914,4.347900444505769,4
1291,1354,3.8377961506597997,5
1291,1466,3.7463519609575404,4
1291,1957,4.1217768564351145,4
1291,2068,3.0,3
1292,1970,1.7168128985747686,1
1292,3793,3.670955474605206,2
1293,908,3.926290408564546,4
1293,1294,3.4438233090271293,3
1293,2700,3.453534102039523,4
1294,748,4.0,3
1294,2143,3.6297162418265807,3
1294,2243,4.006118601125184,4
1294,2321,3.754021498169643,3
1294,2396,4.112117015883264,5
1294,3481,4.065373904337814,5
1295,1131,3.0,4
1296,1,3.9060605816427896,3
1296,62,4.0538598284025325,4
1296,296,3.8906928830772114,4
1296,3499,3.6956298672996213,5
1297,39,3.7381726636254964,5
1297,590,3.7306848638994023,4
1297,745,5.0,5
1297,788,3.141182707057473,3
1297,1374,3.175571615133471,5
1297,1396,3.627004815841238,4
1297,1589,4.118371081463718,4
1297,1644,3.331058643740175,4
1297,1895,3.3711290713866817,3
1297,2091,3.0,2
1297,2138,5.0,2
1297,2324,4.11072412412108,5
1297,2580,4.296747533836728,4
1297,2692,4.270809609812456,5
1297,3525,3.5574733560438947,2
1297,3697,3.217984755384966,2
1297,3922,3.0,4
1298,58,3.6972207773742958,4
1298,318,4.076958398872562,4
1298,355,3.507143266492294,2
1298,780,3.9746429039117586,4
1298,1127,3.905784719822582,4
1298,1292,4.144425534122379,3
1298,1356,3.8926490595488215,4
1298,1456,3.0,1
1298,1713,3.6736637112152595,4
1298,2078,4.1254404985653625,4
1298,2617,3.9731299807459024,4
1298,3441,3.886831841526515,4
1299,198,3.986139736128038,3
1299,329,3.9418222633155144,3
1299,720,4.508949788843631,4
1299,968,3.959365662439364,2
1299,1690,4.028741363100725,1
1299,2011,3.9770274563801222,5
1299,2102,3.6768042540433226,5
1299,2599,4.257280906293812,4
1299,2788,4.372546977063375,4
1300,1258,4.326147715918876,4
1300,2396,4.463517578921628,5
1301,318,4.062951685135796,5
1301,1084,4.129911199860175,4
1301,1282,4.231367932027224,5
1301,1302,4.150669547289894,4
1301,2353,3.9443360961702876,3
1301,2406,4.026346891365454,4
1302,76,2.9135135985202374,5
1303,372,3.2836651371229277,3
1303,531,3.0,3
1303,1061,3.6480457283664003,3
1303,1208,3.8728566596391376,5
1303,1234,3.859267597047826,4
1303,1247,3.966926793077045,5
1303,1482,3.0,1
1303,1717,2.295953893391546,1
1303,1760,3.0,1
1303,1991,2.8530014545474653,2
1303,2300,4.076319110657366,4
1303,2324,3.8454364985897875,4
1303,2405,3.228223716407629,3
1303,2628,3.4385856517196447,1
1303,2762,3.6530490068643253,4
1303,3262,4.0,3
1303,3359,4.192651059290261,4
1303,3713,3.0,3
1304,1242,4.28657386191243,5
1304,1374,4.101424880228871,5
1304,2136,4.0,3
1304,2174,4.246086555961444,4
1306,1234,4.648007633106701,4
1306,1284,4.80463305293013,4
1306,1732,4.484629424490462,4
1306,1831,3.928808498350162,3
1306,2336,4.614955697875939,5
1306,2506,3.0,3
1306,3328,5.0,5
1306,3794,4.0,4
1306,3809,4.3207219056702275,5
1311,594,3.9385111257428083,5
1311,919,4.044895594912676,3
1311,1333,4.390510622049389,5
1311,1380,3.8396191458810063,2
1311,1552,3.5824774909971437,2
1311,2013,3.9783079520826714,4
1311,2078,3.77233167757289,5
1311,2622,3.0,3
1311,3035,4.451208749870993,5
1312,1396,3.5234459340040014,3
1312,2640,2.864729452926108,4
1312,3745,3.9927596574211215,4
1313,457,3.880155035554051,4
1313,1370,3.869515809280231,4
1313,2728,3.0,4
1314,60,2.6169694952917393,3
1314,605,2.0,4
1314,1032,1.8057422152145035,1
1314,1299,3.7712804840615823,4
1314,1371,3.168958863640577,3
1314,1562,3.4903010356367505,2
1314,2628,3.3447610078197645,5
1314,3398,2.058742730544095,4
1315,1247,4.7450691788793,4
1315,1248,4.895490847876962,5
1315,3481,4.530386108513597,4
1315,3683,4.747813913356558,5
1316,2686,5.0,4
1317,417,3.0,4
1317,440,3.842086253729568,4
1317,539,3.8197639428435286,3
1317,590,3.906015069840615,4
1317,852,3.754222876994703,4
1317,858,4.046729498056087,5
1317,1090,4.016935495844779,5
1317,1210,3.8811601386595083,4
1317,1223,3.5906147467025287,4
1317,1266,4.0042793961863286,4
1317,1292,4.2921659276260655,4
1317,1542,3.0,4
1317,1556,2.9064812396346893,2
1317,1631,3.0,4
1317,2423,3.796086043775561,4
1317,2825,3.0,4
1317,2858,3.7935480897364022,4
1317,2908,3.6804339664436903,4
1317,3036,5.0,4
1317,3039,3.9157778328758797,4
1317,3700,3.0,4
1317,3798,3.315570077800275,2
1317,3821,3.0,1
1317,3897,3.971052782497621,4
1320,50,4.235920881066115,5
1321,608,3.5263121467898566,5
1321,1200,3.408911551293177,4
1321,1300,4.0,4
1321,2081,3.6128424676675737,5
1321,2118,2.5325945274982335,5
1321,2391,3.6791906388739988,4
1322,110,4.220198034310599,4
1322,305,3.0,5
1322,477,3.0,3
1322,492,5.0,4
1322,969,4.436916081376153,5
1322,3516,3.0,5
1322,3654,4.372301524869124,5
1322,3678,3.0,3
1324,34,4.2485545277281895,5
1324,246,4.235302891518936,5
1324,608,4.263504171407623,4
1324,1136,4.395524796919222,5
1324,1198,4.241526573209999,5
1324,1231,4.398340693311578,5
1324,3005,3.994960035942422,3
1324,3424,4.399720375949773,3
1325,661,3.826936073536626,4
1325,1080,4.222771904425101,4
1325,1375,4.07601296365983,3
1325,2081,3.989394895422287,5
1325,2406,4.154147946164908,4
1325,2916,4.132343254492454,4
1325,2971,4.22347522172488,2
1325,3307,4.829803087654678,4
1325,3471,4.185568039188231,4
1325,3545,4.313122968310509,4
1327,661,4.56114373863315,2
1327,783,4.308696765373061,1
1327,2067,3.70803376164443,5
1328,3020,3.6840987399900462,3
1328,3441,3.547109941295671,4
1328,3624,4.356777872813868,4
1329,312,3.0,4
1329,480,3.684523978581627,4
1329,832,3.696505675892472,4
1329,858,3.92736291582611,4
1329,2004,3.110645649885968,4
1329,2699,3.5216757375452636,3
1329,2805,2.8179938808828644,4
1329,3238,3.0,1
1330,1233,4.313409001523969,3
1330,3711,3.0,4
1331,58,3.8159823912892104,3
1331,1097,4.058154653725795,5
1331,1104,4.053660423583241,4
1331,2728,4.488689804087545,5
1331,2762,3.7681869827445875,4
1331,2858,3.7958137452427443,4
1331,3461,3.0,4
1331,3753,4.077869923100188,4
1333,60,1.9746449388280987,2
1333,492,5.0,4
1333,912,4.6258075184008165,5
1333,1103,4.587543203347948,4
1333,1220,3.938169078667433,5
1333,1269,4.756241908879297,5
1333,1291,3.9336315749412756,3
1333,1372,3.434348494176748,2
1333,1730,3.0,2
1333,1954,3.958639429067887,5
1333,2377,2.7584494711096963,4
1333,2467,4.652020755447185,5
1334,1278,4.587218673101558,5
1335,337,3.633536061314057,4
1335,1077,3.7202666076017135,3
1335,1219,3.7339366324472487,5
1335,1997,2.553097956863737,4
1335,2289,3.74139374459133,4
1335,3223,3.0,4
1336,608,4.2712931173120285,4
1336,2396,4.422433682644269,4
1337,661,4.111519277130622,2
1337,2083,3.9574389682830757,3
1338,227,3.0,2
1338,593,4.2526913724741595,5
1338,1240,4.223024955031022,4
1338,2791,4.243655848007658,4
1338,3536,3.75491954724815,4
1339,110,3.3408250074455554,5
1339,380,2.994424762321864,1
1339,780,3.0114886867557367,1
1339,913,4.073185356192413,4
1339,919,3.257092171199039,4
1339,1580,3.1217622341313933,1
1339,3104,3.363979770319651,2
1339,3394,1.7686973046544676,4
1339,3591,2.5626370975088384,3
1339,3811,4.491778118881425,4
1340,216,2.131943834164444,1
1340,223,2.8729467505473156,2
1340,229,3.0,2
1340,367,2.697807191866764,2
1340,428,2.819321363062522,3
1340,858,3.091826590674652,3
1340,866,3.062394870091474,4
1340,1061,2.8575714962412433,1
1340,1113,3.0,1
1340,1175,3.0,1
1340,1261,3.188459358631402,2
1340,1276,3.438666286988575,2
1340,1302,3.0887341823291843,4
1340,1614,2.6542285004531014,2
1340,1735,3.0,3
1340,1762,1.435694111419866,1
1340,1998,1.6755837766338963,1
1340,2243,3.0850742321616655,2
1340,2302,2.9892390981230816,3
1340,2412,1.8952004036106382,1
1340,2413,2.625570766300623,3
1340,2513,2.2573477233410832,1
1340,2551,1.0,3
1340,2628,2.553705790632299,1
1340,2672,2.2703956570960058,1
1340,2699,2.5897726895239317,3
1340,2826,2.483764866863382,1
1340,2926,2.8295508253710184,2
1340,3213,4.0,3
1340,3247,2.6275239091629,1
1340,3256,2.514448245420573,1
1340,3362,3.5456304005639674,4
1340,3479,2.7814041350778345,1
1340,3710,2.6375782834202877,1
1341,273,2.47296019533191,4
1342,2107,2.6868047839499005,3
1342,2898,2.0,2
1343,471,4.240713909900076,5
1343,595,4.582149092827787,5
1343,1214,4.524270313654296,5
1343,1242,4.5712180662830315,5
1343,1968,4.478411512707984,5
1343,2102,3.0,4
1343,2359,4.575625340330274,4
1343,2683,4.31859037500658,5
1343,2731,3.0,5
1343,3755,4.360060015525463,4
1345,1221,4.054310490912383,1
1345,2282,4.0,3
1345,2770,3.751977797291959,3
1345,3943,3.0,4
1346,1124,3.0,4
1346,3578,3.1747325387028686,2
1347,11,4.128497975645132,4
1347,838,4.455437175136858,3
1347,2359,4.314585927021791,3
1348,1760,3.0,2
1348,2089,3.9756774603192206,3
1348,2918,3.2209630107741676,4
1349,2991,4.957153510874079,4
1349,3366,4.7400125478908555,5
1350,1036,3.741911903208161,2
1350,3478,3.0,3
1352,2544,3.0,3
1353,1261,2.4563721975299444,5
1354,223,3.6194477159445824,3
1354,229,3.0,2
1354,249,3.0,4
1354,252,2.771006492626655,4
1354,260,3.6366293464680344,5
1354,562,3.6965503298527067,4
1354,832,3.6734673717326873,4
1354,1028,3.709156414467328,3
1354,1240,3.6456154027996175,3
1354,1265,3.722708118877502,5
1354,1416,4.491352489196533,5
1354,1953,3.6725825752810763,2
1354,2115,3.5995809059064876,4
1354,2500,2.9999999999999996,4
1354,2581,3.927531538113741,4
1354,2826,3.6151189039314526,5
1354,3259,3.7215618502781074,3
1354,3885,3.0,5
1355,1090,4.3123914707895326,4
1355,3189,3.0,4
1356,153,2.4356472096439616,3
1356,1061,3.655303745296443,3
1356,1259,3.3686093805349167,5
1356,1348,4.315631670848299,5
1356,1587,2.753148196971501,3
1356,1592,1.0,1
1356,1644,2.1935344014837894,2
1356,2700,3.4270173039367986,2
1356,3594,3.0,1
1356,3869,2.625552392119021,2
1357,1973,1.9209480012708657,2
1357,2617,3.1656091708500695,1
1357,3024,2.984401766705229,2
1358,32,3.4881072437771152,3
1358,70,3.3617486602778355,4
1358,377,3.029358731923837,3
1358,1037,3.2519149199243778,3
1358,1198,3.101046932343367,4
1358,1610,3.4510513489635297,4
1358,1653,3.452295840480562,4
1358,2009,3.5353738367804683,4
1358,3802,2.641037243458705,2
1359,2087,4.271327968989759,4
1359,2761,4.450516124830511,4
1359,2888,3.0,3
1360,529,4.072772120196812,5
1360,678,5.0,5
1360,2700,3.9155863434636533,4
1361,265,4.105442295598603,5
1361,954,4.591005964081446,5
1361,969,4.287585702500087,5
1362,908,4.059502540128787,4
1362,2324,4.177985750613031,3
1362,2613,3.483590731379459,4
1362,2708,3.0,5
1362,3538,3.0,4
1364,1147,5.0,5
1364,1278,4.097532274474579,5
1365,1193,3.808054799898515,4
1365,1198,3.678860885542824,3
1365,1210,3.6986032119140195,3
1365,2571,3.664226819873906,4
1365,2628,3.5333946510769265,4
1365,2858,3.702168470774065,3
1365,3365,4.0,3
1365,3508,3.273567544718853,4
1366,2288,4.0906697934895355,3
1366,2720,3.0,2
1366,2987,3.8924474678841134,4
1366,3051,3.0,3
1366,3408,3.574289727056865,5
1366,3499,4.048931399575935,5
1366,3578,3.824132859310906,2
1366,3793,3.6969409300236316,5
1367,1196,3.9256754120506447,4
1368,969,4.329129064504663,4
1368,3481,4.071880533738525,3
1369,1161,3.0,4
1369,1221,4.048865031394452,4
1369,2010,4.017029483715921,5
1369,2053,2.5730068684227363,2
1369,2105,3.7293257283562977,5
1369,2119,3.0,3
1369,2193,3.7227260345855964,3
1369,2366,4.003669540442008,4
1369,2450,3.5174050999905857,1
1369,3070,3.7617704139940593,5
1369,3404,3.0,4
1369,3535,3.3595287174989403,3
1369,3633,4.110375915402329,5
1370,597,3.72796005552867,3
1370,1513,2.896851608929061,3
1370,1623,2.0,1
1370,1726,3.0,2
1370,3543,3.6155435843892145,4
1373,235,3.7423998469081963,4
1373,918,3.6639716205093826,4
1373,1081,4.094369126029827,4
1373,1206,3.9145594109897024,3
1374,25,3.863286492588425,3
1374,523,3.0,4
1375,1265,4.125037697917151,5
1376,318,4.219414945858167,4
1376,381,3.0,3
1376,866,4.134871569384978,4
1376,2712,4.182866888614112,4
1376,3219,4.036363069274002,4
1377,208,3.210346373480165,2
1377,432,3.2399147856231356,3
1377,1376,3.1354437789611267,3
1377,2005,3.285478228419057,3
1377,2288,3.433283815340139,3
1377,2376,3.303074209904706,3
1377,2379,2.6558157572002408,3
1377,2485,2.0,3
1377,2804,3.076342629640462,3
1377,2889,3.0,4
1377,3758,3.0,1
1378,2066,4.842092460802378,4
1379,2291,3.245415226798481,5
1380,95,3.7122934645937877,3
1380,107,3.0,4
1380,110,3.6849601080818766,5
1380,208,3.627238829724689,3
1380,405,3.0952636663651614,3
1380,500,3.6942503009124805,3
1380,673,3.662582834995029,3
1380,1713,3.0,3
1380,2089,3.181684654430156,3
1381,3481,3.4024476750662536,1
1381,3535,3.0,4
1383,218,3.293940860599967,4
1383,300,3.7877071594113194,3
1383,367,3.5033500978477643,4
1383,440,3.3816972184378375,4
1383,451,3.0,2
1383,613,3.0,3
1383,1248,4.10066849787461,2
1383,1267,4.0321646687157084,4
1383,1293,4.331742980472611,3
1383,1333,3.7116352021748926,3
1383,1490,3.0,1
1383,1535,3.0,3
1383,1564,3.0,5
1383,1643,3.9769131257002788,4
1383,1721,3.661026526230895,5
1383,2109,3.576593104740043,4
1383,2245,3.5436347459962083,3
1383,2413,3.0743923147665804,3
1383,2587,3.0,3
1383,2770,3.4537273559189607,4
1383,3072,3.9065379865837526,4
1386,923,4.230555501907913,5
1386,3168,4.486703995611648,4
1387,265,4.374425000660754,3
1387,534,5.0,4
1387,918,2.8605868957037375,3
1387,930,4.253570062778697,3
1387,933,3.121993980537726,3
1387,1178,4.428672682910031,4
1387,1213,3.89449801211411,5
1387,2396,3.830521104283048,5
1387,3435,4.275133088157202,4
1388,16,4.403785701202855,3
1388,377,3.7255661770653132,4
1388,2762,3.865961437856853,5
1389,428,3.325878795180561,5
1389,1393,4.0283327621374765,2
1389,1556,2.885270411928828,1
1389,1597,3.7927217744407984,4
1389,1676,3.635360215611702,2
1389,2001,3.9492581654698307,4
1389,2311,3.390942050958735,4
1389,2791,4.164925183662368,3
1389,2948,4.317320334870654,4
1389,3178,4.3389498021291715,2
1389,3359,4.0613754405675415,5
1389,3893,4.433448334740583,2
1390,527,4.255401699691455,5
1390,1961,4.261971718580738,5
1390,2694,3.364212473670489,3
1390,2916,4.190331420371573,4
1390,3033,3.9499991970177457,2
1391,34,3.5338552872943305,5
1391,1270,3.717552773865317,5
1391,1473,3.0,3
1391,1482,3.0,3
1391,1845,3.8079128701347034,4
1391,2770,3.5370950025091776,3
1391,2791,3.851500961897405,4
1392,21,3.7248889875620055,3
1392,1950,3.8116179856484744,4
1392,1962,3.8293790584342116,3
1392,1968,3.289608446119764,3
1392,1994,3.260234979225348,3
1393,1265,4.250832256210141,4
1393,1407,3.8578483701298727,2
1393,1883,4.205888906298725,5
1395,110,4.004984526918353,4
1395,1047,3.8444930285565486,5
1395,1199,4.227432144383706,5
1395,1377,3.7297934634309717,4
1395,1639,4.338423317114065,4
1395,2395,4.123084969924673,5
1395,2968,3.7885907284781677,5
1396,356,3.602433726402044,2
1396,953,3.7241196111532733,3
1396,2011,3.6089964305152025,1
1396,2324,3.907547655878478,5
1396,2977,3.0,3
1397,1206,3.5734688335078815,5
1397,3013,3.0,3
1397,3175,4.035013550817606,4
1399,6,3.986589451126283,4
1399,1298,4.407628968728437,5
1399,1358,4.126522962053379,4
1399,2028,4.064121721117563,4
1399,2279,2.3253703531253587,2
1399,3354,3.633905239404288,1
1401,265,4.560666841761608,4
1401,1221,4.179890532542559,4
1403,1210,3.998381417238098,5
1403,1372,4.0004348018337925,4
1403,2174,4.015196035589213,3
1404,486,3.0,1
1404,500,2.641222843069023,5
1404,984,3.0,4
1404,2004,1.583387715764402,2
1404,2469,2.598095655988139,2
1404,2492,3.0,3
1404,2518,2.4478918736530404,3
1404,3063,3.0,1
1406,2432,3.0,4
1407,535,4.214969131821956,5
1407,1617,4.231508249955821,4
1407,1641,4.270443004904932,5
1407,2891,3.0,4
1407,3510,4.072948314443425,4
1407,3713,3.0,5
1408,555,3.5555164496161145,4
1408,1544,3.126761548589617,2
1408,2490,3.086741862263993,2
1408,3107,3.0128634785325397,4
1409,1240,4.4170179484267935,3
1410,2896,3.0,4
1411,1127,3.0786082988821666,2
1412,858,3.7637697736251914,5
1414,780,3.9788655750850235,4
1414,1429,4.52899778881252,4
1414,2002,3.943092294835518,3
1415,509,3.7503791296694415,4
1415,736,3.7913835464238215,4
1415,1197,3.8193307567691184,4
1415,1256,3.8830960424985155,3
1415,2762,3.764893275513329,5
1415,2866,4.0,3
1418,748,3.0452524814069184,2
1418,1717,3.002446643243092,3
1418,2167,3.203095751776147,4
1418,2722,3.0345377296860083,3
1419,1673,2.709077792876373,3
1419,3908,3.0,1
1420,22,3.3627591545767355,3
1420,149,3.0,3
1420,593,4.0705082695567505,5
1420,1376,3.6116799367989003,3
1420,1625,3.9163449520449656,4
1420,3070,3.5905929950583095,4
1420,3740,3.5100118106045075,5
1421,2253,3.2176634102727397,3
1421,2318,4.747144391961982,4
1421,3000,3.0,5
1421,3361,3.893442038456864,5
1422,296,3.4421937767870414,5
1422,354,3.0,4
1422,539,3.2488723379232574,3
1422,592,3.2250602968780475,3
1422,1019,3.3254519323168004,3
1422,1020,2.999686940369892,3
1422,1035,3.564056557172365,3
1422,1078,3.7531322225471064,3
1422,1265,3.3645971390936316,5
1422,1266,3.504253637100489,4
1422,1272,3.638517365682726,3
1422,1562,2.9357047691341203,2
1422,1713,2.725230360035943,3
1422,2033,2.825313651421437,3
1422,2055,3.0,3
1422,2096,3.1474541792899258,3
1422,2099,3.050817839812157,4
1422,2194,3.3353101264267724,3
1422,2289,3.6812247582030118,3
1422,2459,2.460531342153545,2
1422,2498,3.0,1
1422,2531,2.7599564892700252,2
1422,2613,3.057998020946194,1
1422,2615,2.9943954388696237,2
1422,2641,3.1447202996905093,3
1422,2710,3.07470003165809,4
1422,2786,2.0,1
1422,2946,3.7597263696236243,3
1422,3101,3.559288848772931,3
1422,3396,3.382749224675155,4
1423,1234,4.798777109326653,5
1424,382,3.5025315077020354,3
1424,2982,3.0,2
1425,45,4.399090613495375,5
1425,480,3.8904053148077518,5
1425,594,3.994865287779183,4
1425,765,2.7504998392593394,2
1425,798,2.9777947527195345,3
1425,1588,3.1606308689199185,4
1425,1655,3.637530459978734,2
1425,2221,3.0,4
1425,2331,3.0,4
1425,2769,3.0,5
1425,2985,3.7798022073375304,2
1425,3147,4.331106670868358,4
1425,3759,4.0,3
1426,36,4.111473033341148,5
1426,150,3.7974008268962636,4
1426,196,3.1997339826407103,2
1426,317,3.4559052509111297,1
1426,410,3.33004011182818,2
1426,527,3.909681313077827,5
1426,541,3.9146275380301057,3
1426,1036,3.7631576671634765,3
1426,1060,4.047576549107714,5
1426,2054,3.47897407647303,3
1426,2194,3.8368311710650373,4
1426,2302,3.8293568651513863,4
1426,2431,3.138469543020263,3
1426,2502,3.8384408415971083,4
1426,2948,3.9076030575606993,3
1426,3555,3.392206093059117,3
1427,223,4.0178275426529355,5
1427,2078,3.8128236225394168,5
1427,2089,3.414670347371135,3
1427,2700,4.331552606091074,2
1427,2918,3.830730240866002,4
1427,3751,4.403874365332202,5
1430,1199,4.537881196145901,5
1430,1517,4.177923890841474,4
1430,2028,4.407849261588438,4
1430,3897,4.606528633306149,5
1431,3160,4.0,4
1432,785,3.3640777192371756,2
1433,1772,3.0,4
1434,260,2.1588130527676155,1
1434,1485,2.329788080143821,4
1434,2384,1.8812753605205252,1
1434,2407,2.1983834990324604,1
1434,2412,2.690582299869561,1
1434,2491,3.0,2
1436,2396,4.136916881518742,5
1436,3051,3.0,4
1436,3175,4.399932838482562,3
1436,3911,5.0,5
1437,110,4.592613940723249,4
1437,380,4.46425743565119,5
1437,1084,4.651275753582785,4
1437,1208,4.635204700273337,5
1437,1267,4.6847219470357535,5
1437,1429,3.0,4
1437,1968,4.7203241935358005,5
1440,1193,3.5871311855601964,5
1440,2028,3.648465545884609,4
1440,3552,3.0736690529772206,2
1441,471,3.848426646669362,5
1441,2301,3.0,3
1442,783,2.307674388053345,1
1442,2657,3.380477799942144,4
1442,3175,3.4979813785202643,4
1443,260,4.398743901772925,5
1445,2761,1.5069307852765847,5
1445,3882,3.0,2
1446,919,4.542503842435663,4
1446,1265,4.4933262988805405,2
1446,2997,4.531079855794214,5
1447,29,3.605551157501892,5
1447,163,3.491464505647789,3
1447,337,4.068330929747038,5
1447,471,3.626157095146438,5
1447,518,3.0,1
1447,551,3.785412133282955,5
1447,608,3.8997004574765612,5
1447,858,3.927916116779763,5
1447,1092,3.730652733631564,2
1447,1212,3.8304299762911493,3
1447,1225,3.7261316249581395,3
1447,1407,3.6173116964844807,3
1447,1647,3.0,3
1447,1921,3.743382600321076,3
1447,1992,2.1110966533434996,2
1447,2001,3.5229873661188598,3
1447,2072,2.7822768692707456,4
1447,2082,2.901585281529526,2
1447,2107,2.108833180956562,3
1447,2116,3.5065202521050702,2
1447,2118,3.5319424729085465,4
1447,2649,2.857510172225688,4
1447,3243,2.8532900897780875,3
1447,3285,3.0,2
1447,3745,4.247625555908448,4
1448,4,4.490944472690096,5
1448,170,3.673500796200492,4
1448,349,3.910367483155439,3
1448,358,3.0,5
1448,418,3.0,4
1448,502,2.211855518130496,1
1448,553,3.9239630589527295,3
1448,562,4.239021935070661,3
1448,581,4.0,5
1448,590,4.124893148791874,4
1448,678,5.0,5
1448,858,4.152029472764782,5
1448,920,4.262258822075824,2
1448,1171,4.156289637235017,4
1448,1294,4.200132150946186,4
1448,1330,2.891780092546168,3
1448,1392,3.0,5
1448,1785,4.0,4
1448,1875,4.0,3
1448,1974,3.278140390694924,3
1448,1994,3.875019111847043,4
1448,2104,3.0,4
1448,2154,3.0,3
1448,2337,3.0,1
1448,2542,4.361163106351609,4
1448,2772,4.0,3
1448,2866,4.482537475753507,5
1448,3101,4.260603048177472,4
1448,3421,4.078720203678709,5
1448,3424,4.203700541728896,2
1448,3717,3.585921138211087,3
1449,11,3.094400467264303,2
1449,92,3.0,3
1449,100,3.0,2
1449,122,3.0,2
1449,180,3.064197837822195,3
1449,203,1.4702718818733818,1
1449,376,2.0855614357085606,3
1449,377,2.8907408076385566,2
1449,700,3.0,3
1449,903,3.829465472634891,4
1449,1012,3.7218997762529535,3
1449,1104,4.103319979001231,4
1449,1290,2.6366672095818378,3
1449,1305,3.0,3
1449,1395,3.1998846839178987,4
1449,2420,2.7179550022285643,2
1449,2541,3.2218655468476864,3
1449,2794,2.2940394414664236,1
1449,3006,3.729862489706384,3
1449,3068,3.651547171514013,3
1449,3441,2.357373885539115,3
1449,3546,3.0,4
1449,3591,2.671907843614651,3
1449,3809,2.751799008490701,3
1449,3819,3.0,4
1450,2683,3.2045956979673846,2
1451,314,3.0,5
1451,780,3.910109946121801,2
1451,1097,4.1869407122900535,5
1451,1190,3.0,3
1451,1243,3.0,5
1451,1279,3.0,4
1451,1356,3.9926093757381005,4
1451,1387,4.177872176407702,5
1451,1660,5.0,4
1451,1727,3.0,3
1451,1862,2.9549403631428377,1
1451,2109,4.128092095260034,5
1451,2278,4.048313777372313,4
1451,2533,3.9419134439758703,4
1451,2797,4.158486780223928,5
1451,2921,4.163751258933226,3
1451,2943,3.0,3
1451,3135,4.8796230162685665,5
1451,3358,4.051634012547948,3
1451,3371,3.0,4
1451,3910,3.0,3
1451,3917,2.546021365899718,4
1452,3897,4.134485007993353,5
1456,1918,3.0,4
1456,2000,4.082720082404648,5
1457,357,3.9730190713555067,4
1457,475,4.06605540223925,5
1457,592,3.736309657692882,5
1457,1054,3.0,4
1457,1393,3.9855315205087547,4
1457,1914,3.0,4
1457,2706,3.930502209313517,4
1457,3608,4.11296373367603,4
1458,720,4.287393382103108,4
1458,2081,4.300413131537525,4
1458,2858,4.1649453898239965,5
1458,3114,4.260334694954658,5
1458,3326,3.0,2
1461,1544,3.6558689479038695,1
1461,2791,4.168349769772273,3
1463,316,3.827269515807658,4
1463,1320,3.0865094630538037,3
1463,1620,3.330069815186791,3
1463,2333,4.0,3
1463,2396,4.152394634892408,4
1463,2986,2.9944902880214244,3
1464,440,3.352522285102968,4
1464,1201,3.9200944163555214,3
1464,1912,3.8511298585513685,3
1464,2404,2.794978303743083,3
1464,3256,3.7282741323474786,4
1464,3635,3.919511126578478,4
1465,292,3.6725089879451844,4
1465,1259,4.032943016467331,4
1465,1758,3.0,4
1465,1969,3.0000000000000004,2
1465,2000,3.884205929502865,5
1465,2710,3.4696998406664554,2
1465,2949,4.08567629650609,4
1465,3006,4.096470908969584,4
1465,3219,3.356187851695802,4
1465,3247,3.6452438343320797,3
1465,3782,3.0,2
1465,3927,4.294122791087068,4
1466,457,3.9380448529264975,4
1466,551,3.9893884763057637,3
1466,837,3.0,3
1466,1358,4.153825535028168,4
1466,1378,3.8707946449008697,4
1466,1597,3.846789881344306,4
1466,1777,3.877731241534912,4
1466,3108,4.026818665883188,3
1468,1616,3.1050690037989983,3
1469,1294,4.378292015785728,4
1469,3819,3.0,3
1470,89,3.0,2
1470,516,1.9625804311624284,4
1470,559,3.0,1
1470,573,3.0,3
1470,666,1.7740850387471956,2
1470,724,2.3038030953963444,2
1470,734,3.0,2
1470,764,3.0,2
1470,913,3.808162005653677,5
1470,1327,1.6106213272400336,1
1470,1335,3.0,1
1470,1386,3.0,1
1470,1894,3.8185973406209155,4
1470,1986,1.0,1
1470,1992,1.0,1
1470,2409,3.6657729701120876,4
1470,2916,3.9253924059527288,3
1470,3546,3.0,2
1470,3600,3.0,4
1470,3876,1.7294997664389247,2
1470,3897,4.1735998577202365,3
1470,3945,3.0,3
1471,20,3.0,2
1471,3481,4.227861784622305,4
1472,594,4.060253092791139,4
1472,1518,2.9507888050291604,3
1472,1616,3.049103506594088,4
1472,2022,3.0,3
1472,2396,3.998875452856697,5
1472,2640,3.6096995013331896,3
1473,208,2.8159742762186757,1
1473,968,3.388036172485767,4
1473,1370,2.979426775614002,3
1473,1912,3.2058729174340987,1
1473,2490,2.9856434829245178,2
1473,3139,3.0,3
1473,3654,3.615514224474244,4
1473,3807,3.0000000000000004,3
1474,750,4.019065738191778,5
1474,1274,3.515297420218265,5
1474,2046,3.7247703893087576,3
1474,3241,3.0,4
1476,165,3.8624021244690874,2
1476,364,3.9323898566977555,5
1476,1218,3.0,3
1477,3897,4.706569746216402,5
1478,837,3.0,4
1479,509,4.2389798910126215,3
1479,923,4.480943610330162,5
1480,3949,5.0,5
1481,446,4.0,4
1481,1225,4.644803911364837,4
1481,2087,4.616156305965845,4
1481,2455,4.999999999999999,4
1482,1127,3.656694647635012,3
1482,2881,3.0986484932924165,3
1482,3510,2.629665574768611,4
1483,1,3.1768775748721936,2
1483,353,2.7118911344227543,4
1483,913,3.704563344717182,3
1483,1321,2.5112893063126402,1
1483,2189,3.0,5
1483,2288,3.0103911310844964,1
1484,21,3.737779450273958,4
1484,157,3.0,2
1484,229,3.0,4
1484,468,3.2619496496757097,4
1484,608,3.868679733498608,5
1484,663,3.411406737790775,3
1484,1245,3.8917768365088503,4
1484,1704,3.7842883330907924,5
1484,2657,3.7280045461698563,2
1484,2952,3.0,4
1486,3408,3.8285411559209686,3
1488,780,4.463280297082376,3
1488,2313,4.494040296768518,5
1489,105,1.499177459726032,2
1489,265,3.039521642452685,2
1489,541,3.0802325916267623,5
1489,736,2.5126907889261894,1
1489,899,3.6007430061063204,4
1489,1150,2.541240587830869,3
1489,1265,2.9468235313912032,2
1489,1500,2.887380414992093,1
1489,2542,2.6578732999213908,1
1489,2707,1.6602489011974015,1
1489,2826,2.3350838885649012,2
1489,2950,1.4785556820187318,1
1489,3070,2.756568488400594,4
1490,969,4.649624213377846,5
1490,1101,4.181236416373749,5
1490,1375,4.159997803805574,3
1490,1597,4.08159696648024,4
1490,2628,3.9156445230486976,5
1490,2701,3.894259821661365,1
1491,62,3.237270406269877,1
1491,150,3.4298383387901086,3
1491,246,4.00437358636941,3
1491,542,1.2358837088487313,1
1491,661,4.116310469751167,5
1491,900,4.0,5
1491,912,3.7958787346973613,3
1491,1635,3.6665836501290463,5
1491,2268,3.3540093456691658,3
1491,2857,3.0,3
1491,3952,3.0,3
1492,1608,2.483584027939985,2
1492,2404,1.0,1
1494,551,4.29552174214111,5
1494,1237,5.0,5
1494,1583,3.0,2
1494,1654,3.0,2
1494,2265,3.0,1
1495,34,3.466159113528692,5
1495,1625,2.9764337543120285,2
1495,2429,4.0,2
1496,141,3.148754011849214,3
1496,157,3.0,3
1496,479,1.0,3
1496,788,2.9738313077250917,3
1496,1219,3.6904843161863736,4
1496,1253,3.1958815154645674,4
1496,1347,2.874624235526639,4
1496,1690,2.9427424223711838,3
1496,1753,4.0,3
1496,1882,2.6579143572962685,1
1496,1884,3.280083048618758,3
1496,2060,3.253887648000693,3
1496,3688,3.0342534668421246,2
1497,353,3.8864515688597217,2
1497,1197,4.251091970949906,5
1497,1953,4.230836242727707,5
1497,3919,3.4649099849702116,3
1498,1197,4.063723717387462,4
1498,1387,4.061446888138845,3
1499,736,4.251730904178093,4
1499,1432,3.0,1
1499,3831,3.0,4
1500,1060,4.258296390799268,5
1500,1199,4.276419040952826,5
1500,1961,4.105593755283521,4
1500,3809,4.07667094836714,4
1501,1,4.118185416459524,4
1501,174,3.9431107027371897,3
1501,514,3.61690442664859,4
1501,1855,2.0,4
1501,1907,3.9747923217326013,4
1501,2003,4.0035928685797195,3
1501,2011,3.9925977453742476,4
1501,2043,4.0,4
1501,2056,3.0,2
1501,2098,4.0,4
1501,2153,2.0,4
1501,2321,3.856952959903723,1
1501,2431,4.248593619839311,4
1501,2502,3.831460730216882,4
1501,2770,3.758742524152146,5
1501,2861,3.0,4
1501,3253,4.0983204933925155,4
1501,3510,4.560468435796534,4
1502,135,3.0464796686103655,4
1502,780,3.7542735279407475,4
1502,1866,4.0,4
1502,2053,2.8177186546768818,3
1502,2683,3.372686427705055,4
1502,3438,3.8004907329357276,4
1503,440,3.682042556808923,4
1503,1394,3.557815680488506,3
1503,1672,3.863792121840846,3
1503,1950,4.199792635960954,5
1503,2353,3.6291100323656904,3
1503,2628,3.604404579431308,4
1503,2983,3.0,4
1503,3040,3.505173751182999,3
1503,3070,3.5675916049751946,3
1505,34,3.7986583656444477,4
1505,599,4.288087885568616,2
1505,800,3.9002180683533414,5
1505,1050,3.0,4
1505,1304,4.061651996308338,5
1505,1387,3.919792990223307,4
1505,1728,3.0,3
1505,2064,4.25157739350894,5
1505,2068,3.0,4
1505,2130,4.083211148776377,5
1505,2150,4.00170465896476,3
1505,2366,4.148108148426287,4
1505,2747,3.0,3
1505,2804,3.866275460101824,4
1505,2858,3.8644513483897533,4
1505,2919,3.8797924621883957,5
1505,3044,3.7089726479291016,4
1505,3168,4.115553203659155,4
1505,3358,3.910802582120356,4
1505,3791,3.2077183299753784,3
1506,62,3.410394972724328,4
1506,1204,4.057170634007913,3
1506,1250,4.0245584171107245,4
1506,1376,3.4925496185947478,4
1506,2324,3.8267640363645636,5
1506,2797,3.669881579238816,3
1506,3253,3.5192201066661726,4
1507,524,3.99002858747755,3
1507,2533,3.999520228563674,3
1509,50,3.3416088565360105,3
1509,180,3.507336877073575,4
1509,196,3.202341848484981,4
1509,798,3.3783676145646973,3
1509,1210,3.2900233136503165,5
1509,1690,3.208035964655671,2
1509,1887,3.0,3
1509,1923,3.2704439085295713,4
1509,3326,3.0,3
1511,1210,4.197630621230651,4
1511,1212,4.365757127782883,5
1511,2078,4.267436254330237,4
1512,3925,3.0,3
1513,2645,3.0,4
1513,3095,4.085210764607396,5
1514,1196,4.167492594587611,5
1514,1527,4.191251607446006,5
1514,2007,3.0,3
1515,2791,4.007189704652201,4
1516,485,3.4257351119350794,1
1516,1265,3.673507679820691,4
1516,1580,3.692880460121006,3
1516,1593,2.478543286135136,2
1516,2001,3.77572206669748,4
1516,2321,3.4154837369205278,3
1516,3247,3.5997420186768205,3
1517,306,5.0,3
1517,562,4.156401999866555,2
1517,1961,4.059082540128549,3
1517,3880,3.0,4
1517,3948,3.875126706466951,2
1518,3863,3.0,5
1519,1210,3.621426095154143,3
1519,2710,3.247303735410532,1
1521,16,3.159550411080455,4
1521,1627,3.0,3
1521,2682,3.0,4
1522,1127,3.6034539542496264,4
1522,2529,3.6209636145796047,4
1522,3372,3.0,3
1522,3700,3.0,5
1523,1234,3.7854785470188075,4
1524,10,4.091295126056495,3
1524,163,4.278698134857833,5
1524,588,3.9506787096491625,5
1524,1617,4.171220693132155,4
1524,1639,4.632462765244666,5
1524,2455,4.588621702410139,3
1524,3753,4.280566836462332,5
1524,3911,3.7096189409322373,4
1525,1238,3.714425827511077,4
1525,3182,3.0,4
1527,2068,3.0,1
1527,3515,3.0,2
1529,2046,3.8351724022086047,4
1530,909,4.444397563661099,4
1530,1079,4.12924417490844,4
1530,1285,4.10481256633901,3
1530,1485,3.9412264344383128,4
1530,2248,4.204386573106645,5
1530,2311,3.606139111158416,3
1530,2686,3.9776369793233854,5
1530,2693,3.0,4
1530,3514,3.0,3
1531,144,3.0,2
1531,3201,5.0,4
1532,348,4.345315871645006,5
1532,440,4.407779005117271,5
1532,2291,4.355934376398539,5
1532,2713,3.0,1
1533,2394,3.4528594003957798,4
1533,2396,4.0825500294401795,5
1533,2763,4.150098457118996,3
1533,2826,4.2914282545855835,4
1533,2995,3.461404605604943,3
1534,3379,3.0,4
1535,3147,3.0,4
1536,585,4.0,1
1537,480,4.367874191144676,4
1537,3484,4.0,4
1537,3510,4.287203853009819,4
1537,3538,3.0,1
1538,10,4.162681337300386,4
1538,2268,4.168529226037359,3
1538,2628,4.145648243459369,3
1538,3033,4.145524586777174,5
1539,898,4.633058900051088,4
1539,912,4.529985058361129,5
1540,541,3.903681495683132,4
1540,1242,3.8997873092206765,4
1540,2105,3.767629526899324,4
1540,2288,3.9349473782454454,4
1540,2946,3.4975078847392336,4
1540,3301,3.0,3
1542,260,3.99461322311434,5
1542,1266,4.142861957038697,2
1542,1722,3.9403452459795565,4
1542,1876,3.8253758381193257,3
1542,2000,3.976186839062599,4
1542,2476,3.79589515788024,3
1542,3052,3.8160779929187068,4
1543,223,3.559827338321042,5
1543,1288,3.683413212820235,4
1543,1566,3.67687747266128,3
1543,1580,3.6158848044231267,3
1543,1876,3.6363330467810533,2
1543,3301,3.667245749301245,4
1543,3536,2.530189134275887,5
1543,3578,3.62812874630031,3
1543,3911,3.0732171215851323,3
1544,2858,3.846426415579981,5
1544,3699,4.419927398966427,4
1544,3751,4.443490388209154,4
1544,3863,3.445096591577212,3
1545,1372,2.9734985665283666,2
1545,2921,3.128099531021294,4
1545,2997,3.1809216792398143,5
1545,3671,3.082882334182301,3
1546,350,3.771729710445741,4
1546,1196,3.9469603255845804,5
1546,1358,4.056205069938398,4
1546,1569,3.762275202158174,3
1546,1678,3.56329508740915,1
1546,2470,3.8799933855442266,4
1546,3396,3.944967821018581,5
1547,1254,3.9358491829413755,4
1547,2712,3.262672281886005,3
1547,3244,3.9848224004136785,4
1550,593,3.9466473340842754,5
1551,931,5.0,3
1551,1231,4.556634734774611,5
1551,1950,4.614462051972222,4
1551,2890,4.0081767535861745,4
1551,3551,4.300151164394949,3
1551,3556,3.569822395762596,4
1551,3763,4.037854463078893,2
1552,223,3.6782561037984407,4
1552,1188,4.674116728619485,5
1552,1603,4.190605657799681,3
1552,1645,3.8242902781459676,3
1552,2006,3.7529560761361034,3
1552,2372,1.9886528734967195,1
1552,2717,2.9302822560608015,1
1552,2915,3.8920616396648686,3
1552,3526,3.8435217186290678,3
1553,920,3.707416042462884,4
1554,2819,4.307399338969558,5
1555,920,4.632802617641625,5
1555,3386,4.596855435810096,3
1556,157,3.0,3
1556,569,3.0,4
1556,594,3.459330031565881,3
1556,1024,3.0026015366514107,2
1556,1101,3.3111976297820536,3
1556,1610,3.4681346624846014,4
1556,1895,3.0,3
1556,2087,3.2185673368852035,2
1556,2371,2.4949619213537866,2
1556,2762,2.9515296994525553,4
1556,2987,3.481780007513936,3
1556,2993,3.654387430982976,3
1556,3097,3.0,5
1556,3566,3.0,5
1557,2087,4.2201979775111225,5
1560,260,4.036233153487099,5
1560,1210,3.9885095644818294,5
1560,1215,3.9286124249180108,4
1560,2716,3.468957493359649,4
1561,39,4.254625301291773,2
1561,595,3.78159689798053,2
1561,3095,4.340165845950494,4
1561,3943,3.0,4
1563,2395,4.38635001625272,5
1564,420,3.041217164696398,3
1564,1752,2.760931289678714,2
1565,3809,3.738066733827574,5
1567,1214,3.2629506382094027,5
1567,1276,3.9970449651291555,5
1567,2393,3.286161419698771,3
1568,104,4.398903067206302,4
1568,1265,4.274456665536243,4
1568,2571,4.310358085540909,5
1568,2846,3.0,3
1569,1131,3.0,5
1569,1185,4.755489854702673,5
1569,3289,3.0,4
1570,648,3.5452477863879577,3
1570,1299,4.467850354898834,4
1571,474,3.958800897519398,3
1571,493,3.4689386500282433,4
1571,1185,4.297550015802765,4
1571,3481,4.165521044902763,5
1572,2392,3.0,3
1574,366,3.0,5
1574,367,3.4992425617143765,5
1574,1194,3.0,5
1574,1270,3.420560516925487,4
1574,1294,2.9978602711337667,5
1575,2571,3.9024506417065155,4
1576,270,3.0,5
1577,223,4.177384436789253,5
1577,590,4.14715438772756,5
1577,2672,4.500274429999697,3
1577,2827,5.0,3
1577,3044,4.399043378484361,5
1578,2916,4.5836780504407315,4
1579,296,3.817386998289838,5
1579,352,3.0,3
1579,788,3.2257280690839067,3
1579,1023,4.2276792744485405,4
1579,1272,4.201258893568985,4
1579,1280,4.0,4
1579,1344,4.467024286121992,4
1579,1396,3.644133563448034,3
1579,1407,3.5500759942577704,4
1579,1584,3.716456895979781,4
1579,1726,3.0,3
1579,2105,3.5457775789224475,3
1579,2324,4.1163358022058665,5
1579,2369,3.5775258578921134,3
1579,2371,3.2802659258821154,2
1579,2997,3.9239667353051364,5
1579,3104,3.941549947214301,4
1579,3435,4.15219060455196,4
1579,3728,3.0,4
1580,1214,4.224806202034341,3
1582,2555,3.0,3
1583,2390,3.0,5
1583,2690,5.0,4
1583,2734,3.6400287142285848,5
1584,373,4.314446210270121,4
1584,555,3.678283035353649,3
1584,1210,3.539909121786887,5
1584,1214,3.733974210186224,3
1584,1258,3.8550702744764163,3
1584,1293,4.320073619181657,3
1584,1918,3.032238690497293,2
1584,2692,3.906926747857472,4
1584,2716,3.6506927217612115,2
1584,3429,4.485986903080544,3
1584,3537,3.0,3
1584,3760,3.0,4
1584,3895,3.0,3
1585,1393,3.670017723547557,3
1585,1643,4.4814075325135265,4
1586,733,4.368627455887742,4
1586,1206,4.542322303407675,5
1586,1291,4.409529377198535,4
1586,1405,4.782839581267492,3
1586,1848,3.0,5
1586,1927,5.000000000000002,5
1586,2140,4.3234991040134005,4
1586,2429,3.0,3
1586,2529,4.522727636171559,4
1586,2872,4.435470486393707,5
1586,2899,5.0,3
1586,3088,4.763875503333431,5
1587,4,2.0,2
1587,901,4.265727826750521,3
1587,916,4.3220814727120525,5
1587,1088,3.4219433503836214,5
1587,1225,3.76044030708529,5
1587,1268,3.5132108686290406,3
1587,1665,3.0,1
1587,1747,3.6297438281555277,4
1587,1817,3.0,3
1587,1947,3.859102942687361,5
1587,2020,3.798798581833794,3
1587,2252,3.0,2
1587,3733,2.848573194214368,3
1588,1961,4.269371082723359,4
1588,2174,4.330502501418988,3
1588,3751,4.231390266232267,5
1589,1219,4.31541175316585,4
1589,2968,4.142202154783095,4
1590,1956,4.502129351459063,5
1590,2745,4.3023126468320445,4
1591,329,4.2139135995376895,4
1591,1238,4.787861465559812,5
1591,1264,3.0,5
1591,1270,4.369026453745056,5
1591,1909,4.210980614159757,4
1591,2243,4.651902067962521,5
1591,2393,4.067368891147099,4
1591,2409,4.337275474564617,3
1591,2716,4.299605057458816,5
1591,3342,4.332009111349715,5
1592,1078,3.9401929129075444,3
1592,1219,3.944642090188111,5
1592,2020,3.8853624532404956,3
1592,2355,3.691107710337228,3
1592,3114,3.48405907191357,4
1592,3253,3.6078285171765994,4
1593,32,3.5198150193285094,2
1593,2571,3.468449193980992,4
1593,3148,3.6958523551747215,3
1594,551,3.6735921577351625,3
1594,898,4.193945473720927,5
1594,1197,3.8260468663105063,3
1594,2936,4.357939187533745,3
1595,541,4.3926663888496895,4
1595,3175,3.9550679653529013,4
1595,3703,4.300383952174383,4
1596,1005,3.0,2
1596,2995,3.0,2
1597,29,4.642584617777406,5
1597,176,4.0,5
1597,223,3.4281796251927195,2
1597,1970,1.8130287220090155,3
1597,2942,2.6666193609936584,2
1597,3173,5.0,2
1597,3264,3.675749472503121,3
1597,3615,3.0,3
1597,3897,4.119916439921887,4
1598,1270,3.9608644976658134,4
1598,1527,3.7438844387316803,3
1598,2985,3.8698499309502696,4
1598,3156,3.0,4
1599,619,3.0,3
1599,788,3.150316376009889,4
1599,1203,2.8983884159231046,5
1599,1277,3.0,3
1599,1389,2.9999999999999996,3
1599,1394,3.2893684423602614,4
1599,2018,3.1321857601349947,4
1599,2060,3.0560553453136805,3
1599,2087,3.075931717606771,3
1599,2252,3.0,3
1599,2268,3.4156682606004765,5
1599,2406,3.306625013660632,2
1599,2641,3.17490887669716,3
1599,3033,3.188944715390142,4
1599,3114,3.2755587114890896,5
1599,3363,3.3491554357856765,2
1599,3387,3.5764524077635675,3
1599,3623,3.427901748555408,3
1600,233,3.0,2
1600,1042,3.7046522665225075,4
1600,1081,3.8745400816799513,5
1600,1409,3.012780313183923,3
1600,2255,3.0,2
1600,2393,3.5075284263561453,3
1600,3489,3.71982119679154,4
1600,3525,3.425772316737367,2
1600,3577,3.0,1
1600,3671,3.90114346637937,5
1601,380,4.136134483350991,3
1601,1499,3.9781559186598225,4
1601,1653,4.299817976980408,5
1601,2567,3.0,3
1601,2699,4.103826856958226,4
1601,3408,4.304017168925362,5
1602,3543,4.647327710005107,4
1603,39,4.3492596543010755,4
1603,300,4.123058474391881,3
1603,648,3.7784129659262113,4
1603,1805,4.044217719949279,3
1603,3825,3.0,4
1604,2686,3.0,4
1605,3,3.541389342439761,2
1605,4,4.0,3
1605,36,3.693009666597084,4
1605,187,3.0,4
1605,217,3.0,2
1605,417,5.0,2
1605,562,3.3031427808751506,3
1605,647,3.515329497528322,3
1605,1014,3.494350735865734,4
1605,1185,3.5851328432787533,4
1605,1256,3.3488141542498355,2
1605,1378,3.4401180352799385,3
1605,1379,3.2373403129856704,3
1605,1380,3.5940812666013726,4
1605,1665,3.0,2
1605,1685,3.0,2
1605,1760,3.0,3
1605,2114,3.4241707594156843,4
1605,2148,3.0928056248290883,2
1605,2436,3.0,4
1605,2485,3.8228213976292307,4
1605,2572,3.8467138432523167,4
1605,3163,3.0,3
1605,3393,3.0,2
1605,3401,3.0,2
1605,3429,4.0,4
1606,519,2.7854653848498865,4
1606,552,3.718467691739729,2
1606,587,4.053951613237312,5
1606,1513,3.8491411298994054,4
1606,2706,3.7851476468354606,3
1606,3798,3.9847336527032935,2
1607,1293,2.9987627847481773,5
1607,1945,3.577094809697724,3
1607,2987,3.2772082960942686,4
1607,3613,3.0,2
1608,223,2.4624111912200073,4
1608,968,2.6409085160052093,3
1608,2908,3.125843050354367,3
1609,237,3.5535314722950426,3
1609,474,3.574236751920425,3
1609,1012,3.722994824875902,3
1609,1096,3.9276308852832766,5
1609,1223,3.4870979616913664,5
1609,1266,3.8103708643306105,3
1609,1302,3.7458941440426803,4
1609,1370,3.4956670361971534,3
1609,1416,3.5086475108034665,3
1609,1459,3.3023230965997192,3
1609,2067,4.207666060973291,5
1609,2096,3.5288976759592,3
1609,2498,3.0,2
1609,2671,3.4416397763729565,4
1609,2717,3.2983877825118384,2
1609,3248,3.0000000000000004,2
1609,3450,3.5743590496048183,3
1611,494,3.7255398987346506,2
1611,541,4.099385423842621,5
1611,1092,3.86964520743306,4
1611,1797,3.0,5
1611,2085,3.9324854598238463,3
1611,2169,3.492321165511084,2
1611,2402,3.5753604437187367,3
1611,3147,4.153366582433947,5
1612,3365,4.430629974018503,4
1613,303,2.8589131554110967,3
1613,435,3.010885664618571,1
1613,497,4.326864780744715,4
1613,534,4.0,5
1613,1377,3.27756199686488,4
1613,1378,3.6422785355558425,4
1613,1388,3.029954687404439,3
1613,1394,3.901488370060297,4
1613,1485,3.5314179239291548,4
1613,1688,4.078169104027029,2
1613,1769,3.28156914758595,2
1613,2018,4.190162694162535,5
1613,2178,4.0,4
1613,2378,3.3684583293922565,4
1613,2490,3.747385275487817,4
1613,3088,4.369802325326153,4
1613,3261,3.976859440170231,4
1613,3740,3.321508016456952,3
1614,107,3.0,3
1616,780,3.2502539759114706,3
1616,1257,3.5667030612607826,5
1616,2194,3.3921702253183112,3
1616,3107,3.224915377855759,1
1616,3418,3.3904244415633853,2
1617,73,3.0,2
1617,260,3.3166980377041053,5
1617,1617,3.3543062107570187,4
1617,2011,3.310407909320041,4
1617,3005,3.637093358919641,4
1617,3238,3.0,1
1617,3300,4.01945285070478,4
1618,608,4.331576602454936,4
1618,905,4.089779440211764,3
1618,1247,4.3674258859989985,4
1620,296,4.024027963357183,5
1620,3104,4.244239918356095,5
1622,904,3.0,4
1623,32,4.1765777390200105,3
1623,3699,4.165056014468628,4
1623,3932,3.0,4
1624,172,2.7758557603093337,3
1624,541,3.3703043181284014,5
1624,924,3.4083230551090544,5
1624,1035,3.574964095630317,2
1624,1385,2.5027793494012767,2
1624,1805,3.401654214715683,1
1624,3197,3.322888822079566,4
1624,3519,3.7797075944616907,3
1626,1258,3.6018446769818317,4
1626,3173,3.998228168827208,4
1626,3176,4.070850597499599,4
1627,480,3.347310393469548,4
1627,3514,3.0,1
1628,34,4.27452747030161,5
1628,45,4.10875960892655,3
1628,62,3.891087826618147,4
1628,1302,4.03575954275113,4
1628,1391,3.8754769383514156,4
1628,1674,4.144214060761876,4
1628,1909,3.945138730179457,3
1628,3179,3.0,3
1628,3362,4.435656811560449,5
1628,3426,3.0,3
1628,3535,4.21830739400272,3
1629,858,3.9303550454439864,4
1630,442,2.2727918502120144,2
1630,1573,2.674619055230307,3
1630,2583,3.0,4
1630,3262,1.0,2
1631,3600,3.0,3
1632,154,3.0,3
1632,569,3.0,1
1632,969,3.245181131099819,3
1632,1025,2.299231484226132,1
1632,1073,2.981645181136909,3
1632,1104,3.3708534712606504,3
1632,1186,3.284561068915335,3
1632,1517,2.854164443919927,3
1632,2070,2.5956064436359814,2
1632,2080,2.7930476449009527,3
1632,2090,2.2796138806832364,2
1632,2524,1.8086792413100863,2
1632,2600,4.0262844776013145,4
1632,2797,2.7793293662688776,3
1632,3052,2.8936149400776547,4
1632,3095,3.4640695778345125,3
1632,3198,3.185674708626461,3
1632,3423,3.0,1
1632,3552,2.84137889741504,3
1632,3635,2.752297994879346,3
1632,3742,4.01626533569173,5
1633,266,4.264948935654865,3
1634,261,4.189928631432305,5
1634,1372,3.896480736312811,2
1634,1393,3.76538208421611,3
1634,1876,3.676991417374237,4
1634,2094,3.753896893580999,3
1634,2671,3.923366507532085,3
1635,184,3.0,4
1635,500,3.7042914018161492,3
1635,908,4.567390741551531,5
1635,1003,3.0,4
1635,1031,3.816718668619323,4
1635,1147,3.0,5
1635,1270,4.036246258890388,4
1635,1639,4.231766134037441,5
1635,2012,3.7790825759530824,3
1635,2019,4.688566593673995,5
1635,2278,3.947985679191657,4
1635,2379,2.934691828172301,3
1635,2554,3.0,3
1635,2791,4.085177784549102,5
1635,3300,4.215041129667945,4
1635,3363,4.386395856742349,5
1635,3841,1.0,3
1636,265,3.531298591599037,4
1636,283,3.0,1
1636,465,3.0,4
1636,778,3.6745556302254747,5
1636,1127,3.0518380388605992,3
1636,1358,3.505892483783344,4
1636,2596,3.0,1
1636,2771,1.0,3
1636,2805,1.842822297577513,2
1636,3005,2.4603240245951596,1
1637,1320,4.10377494383946,4
1637,1544,3.9857962842344157,5
1637,1584,4.109864607335707,5
1637,1779,3.9834150681041947,3
1637,2791,4.393688593785276,5
1638,2987,4.449308298754846,4
1639,1288,4.116361739950318,3
1639,1354,4.241999600709543,4
1639,1883,3.751455504908133,1
1639,2291,3.9006393598466325,4
1639,2460,3.3482570480377767,3
1639,2657,3.7957147732954737,1
1639,2694,3.5845762603966103,1
1639,2918,3.8845747383395475,4
1639,3006,4.058411128433987,4
1639,3029,4.144450740279578,4
1639,3638,3.717481419516764,2
1640,208,2.796300955813263,1
1640,379,2.316887235863258,2
1640,2617,2.871930583059666,3
1640,2907,3.0,1
1641,317,3.172178020979084,3
1641,379,2.726565268295036,5
1641,611,3.0,1
1641,1993,1.4079421223689257,1
1641,2762,3.5130669444152667,5
1641,2858,3.6449731202429154,4
1641,3117,3.0,3
1641,3156,3.0,5
1641,3160,3.5539212180232385,2
1641,3565,3.0,3
1642,1345,3.5175693499739182,4
1642,2520,3.0,4
1643,2671,4.596760562885415,5
1643,2712,4.905995115925655,4
1643,3566,4.0,5
1643,3706,4.664901016791762,5
1644,1280,3.0,3
1645,360,3.0,5
1645,838,4.340935654054288,5
1645,1005,4.662298384774795,4
1645,1012,4.690151172602937,4
1645,1895,4.505083256091955,5
1645,1918,3.5784357617145393,4
1645,2050,4.335190137941835,4
1645,2150,4.334271279552913,5
1645,2296,3.8122696798656923,1
1645,2597,3.0,4
1645,2598,3.6254408733716104,5
1645,3481,4.034728601709664,5
1645,3552,4.161137217413707,4
1647,181,3.0,1
1647,237,3.873483011940723,1
1647,435,3.273563156447829,3
1647,520,3.2112578719546767,3
1647,524,4.01152556398046,4
1647,527,3.947074962941303,4
1647,917,3.0,4
1647,1015,2.7780774539496003,5
1647,1228,4.059076912635622,4
1647,1722,3.6780456836692,4
1647,1973,1.9079741770521308,3
1647,2114,3.5349519617062914,4
1647,2301,3.5717720831354756,3
1647,2986,3.1505181229929917,4
1647,3363,4.004052529865104,3
1647,3448,3.7374016346639305,4
1647,3489,3.5727123875160745,2
1647,3511,3.0,1
1647,3697,3.3949979407714954,3
1647,3740,3.547022375535564,4
1647,3753,3.886484059601582,3
1647,3861,4.0,3
1648,50,3.6456179204542742,5
1648,1249,3.8440912570412533,5
1648,1952,3.564471349665807,2
1650,366,2.2706066636328526,2
1650,903,4.232802491021089,4
1650,1693,3.0,3
1650,2384,4.223333083152819,3
1650,2478,4.040632056468686,2
1650,2562,3.0,5
1651,1222,3.30727298394041,2
1652,3173,2.341766615906839,2
1653,2064,4.02657397316398,4
1653,2683,4.079942587197088,2
1654,1186,4.62495552783099,5
1654,1208,4.638110802957742,5
1655,750,4.447338215081261,5
1655,1387,4.006498115503025,4
1655,2011,3.95307470425583,4
1655,2094,3.4411937208417096,3
1655,3246,5.0,4
1657,2687,4.118083535365406,5
1657,3147,4.0,1
1657,3397,3.937000852184328,3
1658,199,3.0,2
1658,519,3.5959875791945,3
1658,562,3.40905537879456,4
1658,903,3.657776049681169,2
1658,2193,3.5709379766064795,3
1658,2395,3.4993790815651797,3
1658,2699,3.451877831074489,4
1658,3396,3.65769922114598,4
1659,1673,3.271812430274586,1
1659,2792,3.382812075516191,1
1660,318,4.133563000988505,5
1661,1197,4.037082040080352,3
1661,3863,4.0,3
1662,593,3.970430497372926,5
1663,150,4.1596875344891435,5
1663,1721,4.162461267729642,4
1665,1573,3.8434988568570967,2
1666,260,3.6129318543453395,4
1666,368,3.5597409392195156,3
1666,678,3.0,3
1666,780,3.531194769059518,3
1666,858,3.6827225735010947,5
1666,1036,3.609625204147799,4
1666,1250,3.9188262592018415,4
1666,2272,3.0,3
1666,2336,3.5181072076559334,3
1666,3081,3.352084926787444,3
1667,208,3.5611551740337744,3
1667,387,3.0,2
1667,1690,3.226973497371672,3
1667,2016,2.0,1
1667,2028,3.926692645467689,5
1667,2763,3.926920566893299,4
1667,2890,3.976849579225122,4
1667,3811,4.499413411790147,4
1669,39,4.013981182363641,4
1669,2327,3.0,2
1670,1094,4.967572234100614,5
1670,2926,5.0,5
1670,3930,4.0,3
1671,11,3.7146027240098505,4
1671,176,4.484234036343675,4
1671,235,4.080152036083759,4
1671,351,2.499283164118861,5
1671,506,3.0,3
1671,928,4.339095651449834,5
1671,971,4.389495868616424,5
1671,1129,3.6123835216502704,3
1671,1200,3.735732801999989,4
1671,1263,3.8753509462318787,4
1671,1280,5.0,5
1671,2029,3.0,4
1671,3033,3.90456016240523,1
1671,3221,3.0,4
1671,3296,3.0,5
1671,3724,4.242537588569953,4
1671,3793,4.112768658241577,4
1671,3928,4.0,3
1674,34,4.015811679005845,4
1675,177,2.980120684753894,3
1675,376,3.3807765942881303,1
1675,558,3.0001523315404586,3
1675,692,2.590237100882195,1
1675,1655,2.2229062839507057,3
1675,2355,3.835572317905027,4
1675,2857,3.0,5
1675,3745,4.045128067752519,4
1675,3918,3.120317700553079,3
1676,11,4.016595549130831,4
1676,196,3.6049936315730484,3
1676,267,3.3928223601954475,2
1676,312,3.0,1
1676,318,4.257612971657233,5
1676,410,3.770416414433319,3
1676,502,2.882283554481695,2
1676,532,4.038869546852178,1
1676,585,3.7427615616514402,3
1676,648,4.032958307990464,5
1676,1769,3.825813091464353,4
1676,2115,4.109882197849893,4
1676,2372,3.5263633373609897,3
1676,2394,4.799689548016695,4
1676,2793,3.1244079719483078,3
1676,2889,3.0,3
1676,3145,3.0,4
1676,3264,4.014499352075219,3
1676,3471,4.1965457821514,5
1677,1127,3.316938593517446,5
1678,367,3.800022051192108,3
1678,720,4.491050211156369,4
1678,1584,3.819889287575821,4
1678,2700,3.793796434312755,2
1679,2683,4.074678962691296,5
1680,7,3.617191258974537,3
1680,21,3.823092815191647,4
1680,55,3.0,4
1680,73,3.0,2
1680,92,3.0,5
1680,131,3.0,2
1680,253,3.690196278081755,5
1680,315,2.6484859051501077,1
1680,341,3.0,5
1680,371,3.0,3
1680,508,3.7841899895268645,3
1680,526,2.0,1
1680,589,3.7092606656410725,5
1680,592,3.7077367794629708,4
1680,836,3.2358947138256444,2
1680,858,3.972784612607367,2
1680,991,3.0,3
1680,1215,3.658093508152621,3
1680,1222,3.7868589640911376,4
1680,1257,3.925849726242899,3
1680,1292,4.126277492716352,5
1680,1335,3.476873771770391,4
1680,1371,3.5528855437485247,4
1680,1483,3.0,5
1680,1580,3.6722093287407227,4
1680,1728,3.0,4
1680,1783,5.0,1
1680,1833,2.7563673788515057,4
1680,1897,4.0,3
1680,1980,3.255736272498269,3
1680,2004,3.5027189065486377,3
1680,2031,3.0,3
1680,2256,3.0,4
1680,2315,3.258047407558341,5
1680,2338,3.182140565026171,3
1680,2419,3.505963391116186,5
1680,2473,3.2580223905995513,1
1680,2513,3.7929698402391243,5
1680,2541,3.7809871426462003,4
1680,2687,3.867993370703834,3
1680,2699,3.6869948467608564,5
1680,2803,3.4845425611720238,4
1680,2850,3.0,2
1680,2851,3.6823029264206513,4
1680,3113,3.1680120944892396,1
1680,3272,3.4006903869950946,5
1680,3363,4.073853672487908,5
1680,3448,3.7732028834583518,5
1680,3471,3.9092298080475265,5
1680,3489,3.391897486992245,2
1680,3930,3.776813774337044,4
1681,1243,3.0,4
1681,3071,4.155372192366928,4
1681,3947,3.0,4
1682,3471,4.606445945689742,4
1683,3,3.0,5
1683,587,4.186513924680259,5
1683,848,3.0,3
1683,1225,4.127754679400628,5
1683,2001,3.773315130802251,5
1684,1259,4.258255475652605,4
1684,2716,4.33900776049212,4
1685,806,3.0,3
1685,1302,3.520035622429512,2
1685,1633,3.970844188901138,4
1685,1660,5.0,3
1685,1729,3.537188478168906,5
1685,2144,3.3959572099789885,4
1685,2241,3.0,3
1685,2455,3.3206318628060445,4
1685,2872,3.117858654708296,2
1685,2922,3.3315588488562056,2
1685,3424,3.6317117328476702,4
1686,144,3.0,2
1686,468,4.0,4
1687,552,3.884230534217451,5
1687,829,3.0,1
1687,2109,3.9420152021051913,3
1687,2124,3.8435866799456644,3
1687,2245,4.080703011125228,3
1687,2375,3.6379974061445437,2
1687,2381,2.679678602903684,1
1687,2407,3.867075729990234,4
1687,3263,3.8497612124638394,4
1687,3515,3.0,4
1687,3694,3.0,1
1687,3918,1.365904124993908,1
1688,356,3.487025012377368,3
1688,1088,2.9506071947863584,1
1688,1220,3.5553451170231662,4
1688,1223,3.711818609499477,5
1688,1376,3.2277854947553273,5
1688,2707,2.7526589791432583,3
1688,2759,3.479555540574959,4
1689,60,3.0,3
1689,1343,3.650719462358538,3
1690,367,3.7682772894960554,4
1690,440,4.04854078723108,5
1691,1197,3.4653396626101594,5
1691,1210,3.4021457412119864,4
1692,265,4.758645783566418,4
1692,862,3.0,5
1692,1537,3.0,5
1692,1950,4.555361821516066,4
1692,2692,4.482248845022545,4
1692,2919,4.714940379032945,5
1692,3071,5.0,4
1692,3095,4.649583735771458,5
1692,3104,4.513878902050295,4
1692,3468,4.678920342267093,5
1693,527,4.038397475348238,4
1693,589,4.061176158956143,3
1693,899,4.229426584602106,4
1693,1183,3.9358442960308047,3
1693,1233,4.2941165650254245,4
1693,1248,4.261793363479667,5
1693,1617,4.069844981365622,3
1693,2719,2.6071501236068837,2
1693,3361,4.040272418360663,4
1693,3504,4.145044042598212,3
1694,380,3.776676913323805,4
1694,509,3.9162592009478887,3
1694,750,4.224862818808522,4
1694,920,4.1875189711709915,5
1694,1210,3.9638266548923142,5
1694,1291,3.951687980094277,2
1694,1641,3.9579236896756536,4
1694,3108,4.004899105138911,5
1695,172,2.9559596559442314,3
1695,377,3.518702490864332,5
1695,1275,3.6658923218831214,2
1695,2528,3.7255807275996813,3
1695,3300,3.7818770735847638,4
1696,480,3.895217571323196,4
1696,535,4.065799559077814,3
1696,694,1.6593590480386176,3
1696,1100,3.48406510426734,4
1696,1242,4.135308666113811,4
1696,1480,3.0,4
1696,1589,4.34758671791339,4
1696,1590,3.3747573921499203,3
1696,3100,4.263404551084831,5
1696,3135,4.103703665775705,4
1696,3173,3.0,3
1696,3506,3.0,4
1697,362,3.0,5
1697,595,4.597011216573273,5
1697,1036,4.361165413033657,5
1697,1213,4.272043609008305,4
1697,1392,3.0,4
1697,2000,4.376381288179107,5
1697,2080,4.585863388610636,5
1697,2096,4.6733098016724135,5
1697,2142,4.234095820778907,4
1697,3105,4.391384020689067,4
1698,32,3.8035857780385527,5
1698,369,3.0,4
1698,377,3.761482739933932,3
1698,429,3.482153966236496,3
1698,588,3.7212023390562785,4
1698,596,3.9204071875898903,5
1698,750,4.098131061942002,5
1698,764,3.0,3
1698,899,4.322216765348416,5
1698,1029,4.0068461730131455,4
1698,1186,4.060817243720349,5
1698,1210,3.7313813721014606,3
1698,1246,3.8194658374352457,3
1698,1885,4.202599738400268,4
1698,2085,4.0066025635914535,4
1698,2394,4.14395609314245,5
1698,2726,5.000000000000001,5
1698,2919,4.0878896029616625,5
1698,2971,4.139761697402475,4
1698,3008,3.0,4
1698,3036,4.0,3
1698,3039,3.699470449836549,4
1698,3435,4.432337991902839,4
1698,3528,3.779597669017622,2
1698,3686,3.605655401849479,2
1698,3733,4.207518254928884,4
1698,3863,4.316201552423706,2
1698,3913,3.0,4
1699,955,4.80318842434453,5
1699,1086,5.0,5
1699,1207,4.563393922789739,4
1699,1212,4.8960780150589045,5
1699,1303,4.607389041722134,4
1699,2351,5.0,5
1699,3108,4.2960152107384255,4
1699,3422,3.0,4
1701,25,3.9730716874880057,3
1701,26,3.0,5
1701,39,3.7916299396608157,3
1701,207,3.0,4
1701,446,3.9919496429496935,4
1701,480,3.8198650243271293,3
1701,838,3.777125925888884,3
1701,1022,3.880543516274365,4
1701,1035,3.8237693654342224,5
1701,1485,3.3458159563203145,3
1701,1693,3.479331427378293,4
1701,1925,3.0,4
1701,1958,3.9793546927341383,4
1701,2080,3.8244304732674435,4
1701,2333,3.919204642194723,5
1701,2454,2.7492003424975047,4
1701,2871,3.793446603514566,3
1701,3565,4.0,4
1701,3943,3.0,2
1702,3793,4.803408656507379,5
1705,330,3.173217051813277,3
1705,685,3.0,3
1705,2315,3.0,3
1705,3409,3.0,3
1706,223,4.071643886455741,5
1706,633,3.0,3
1706,898,4.4296814621768155,4
1706,1281,4.356207453326075,5
1706,1551,3.0,1
1706,1747,4.278948610051515,5
1706,2599,4.276924936736668,5
1706,2788,4.268057089574332,5
1706,3363,4.286327750598741,4
1707,314,3.0,4
1707,1617,4.3584151281505195,4
1707,3030,3.0,5
1709,21,3.5236247585574945,2
1709,218,4.012453918585487,1
1709,1007,5.0,5
1709,1614,3.6549924681569386,5
1709,2150,3.485950956367958,5
1710,3160,4.231220297860564,5
1710,3176,4.159526900110674,5
1711,3,3.0,2
1712,47,4.0091618782115885,5
1712,110,4.016444926252533,5
1712,150,3.9290984162311635,5
1712,356,3.9204053348400962,5
1712,441,4.118923846785317,4
1712,456,3.0,3
1712,551,3.956702116635291,3
1712,1208,3.8657488537842055,5
1712,1292,4.1437995263941,4
1712,1310,3.0,2
1712,1361,3.0,3
1712,1639,4.089517402615295,3
1712,1704,3.881119487542824,5
1712,1719,3.187154745878447,3
1712,1909,3.8718935920903803,4
1712,2105,4.037821184895089,4
1712,2628,3.9845367267313825,3
1712,3246,4.567370047671874,5
1712,3863,3.571600879382557,3
1712,3948,3.9995596965363927,3
1714,260,3.546692059227128,4
1714,344,3.603671379976173,3
1714,541,3.6159472963711012,5
1714,586,3.2429284379795202,2
1714,852,3.4601524834255146,3
1714,1275,3.4280192627362376,5
1714,1732,3.589887930666234,3
1714,2741,3.0,3
1714,3403,3.0,3
1715,593,4.01686984804571,5
1715,3896,3.0,3
1716,1566,3.788374881264886,5
1716,1625,3.8208226412608894,4
1716,1645,3.6043998497762657,2
1716,1862,1.3724956302846731,1
1716,2694,2.86668521269915,3
1716,2712,4.30068272287931,2
1716,3052,3.3717272981251702,2
1717,196,3.028259050813952,2
1717,235,4.209484559929537,4
1717,300,3.911598161087003,3
1717,748,3.0573186122614007,1
1717,766,3.0,1
1717,849,2.883514442597848,2
1717,1172,4.490092755670204,5
1717,1212,4.462213738311098,4
1717,1876,3.264366859497547,1
1717,2863,4.654529887816815,5
1717,2997,4.091280154553857,5
1719,2355,1.8803953900402888,5
1720,908,4.468217490624021,4
1720,3481,4.321479548405033,4
1721,2716,3.1197230212597673,3
1721,3264,2.41654074317201,2
1721,3399,4.0,3
1722,532,4.66723854991497,4
1722,1580,4.674425952474659,3
1722,1992,3.678556468777903,4
1722,1999,3.797010609840308,2
1722,2120,3.985676960774244,3
1722,2377,4.496413093014928,5
1722,3700,3.0,4
1722,3727,4.575407430510033,5
1723,541,4.0327390752285455,5
1723,1198,3.8010800177194475,5
1724,25,4.074766017401761,4
1724,498,3.0,3
1724,648,4.244094457363054,4
1724,1366,3.0,4
1724,1479,4.096057861185529,4
1724,2115,4.298437072673102,5
1724,2710,3.796213995076399,4
1725,2571,4.061510448641901,5
1726,2,2.370317824618623,3
1726,112,2.871610721723977,3
1726,714,3.0,5
1726,2023,3.3248009299502552,1
1726,2422,1.6424000265188434,1
1726,2582,3.0,3
1726,2735,2.3912723907580653,3
1726,3020,2.728781141922942,3
1726,3266,3.0,5
1727,368,4.066393829812084,4
1727,380,4.0980285864565085,4
1727,431,4.0,4
1727,544,4.0,3
1727,1097,4.2594210098916605,5
1727,1281,4.7123672758401245,4
1727,1291,4.229911064136089,4
1727,1610,4.238345555203824,5
1727,1732,4.281501044352568,4
1727,2098,4.0,3
1727,2301,3.8699353050837644,3
1727,2525,3.0,4
1727,2530,3.9936753784593733,4
1727,2990,3.9599741133271866,4
1727,3770,4.003896500228907,4
1728,364,4.087529639312116,5
1728,1230,4.523552633467974,4
1729,3571,3.0,2
1731,1183,3.7886204561624797,5
1731,1673,3.7361930256680504,5
1731,3457,3.0,4
1731,3571,3.0,5
1732,3300,5.0,4
1733,6,3.595359765824854,5
1733,18,4.498589649822444,3
1733,65,2.710477805531002,3
1733,98,3.0,2
1733,233,3.0,4
1733,328,2.4007148234018016,3
1733,353,3.4551009405995274,5
1733,514,4.3246961091680785,3
1733,716,3.0,3
1733,742,2.1740691387650557,2
1733,788,3.375116345703036,3
1733,1051,3.0,4
1733,1057,5.0,4
1733,1270,3.7178732602771514,5
1733,1449,4.349706896709691,4
1733,1500,3.7040898780086517,3
1733,1580,3.554591617153614,3
1733,1882,2.8599189815317834,2
1733,1894,2.6559856991906208,2
1733,1918,3.107877488692443,3
1733,2275,3.0,4
1733,2290,3.0,3
1733,2391,3.845987314781562,4
1733,2594,3.0,5
1733,2763,3.4043956326770335,3
1733,2916,3.568823898146077,4
1733,3056,3.0,4
1733,3328,4.483934806261409,4
1733,3624,3.536523528331147,3
1733,3838,3.034468062424791,2
1733,3896,3.0,4
1734,1265,4.586239490065038,4
1736,1222,3.485089793968996,3
1736,1224,5.0,4
1736,2407,3.2986065431811378,2
1736,2734,3.0,5
1737,66,3.0,2
1737,76,2.7260489737072233,4
1737,380,3.91179488336372,5
1737,671,4.620001362892379,5
1737,741,3.753276002213573,5
1737,1183,3.7243620971597653,1
1737,1866,4.488567882792802,3
1737,1911,3.9408136707307615,3
1737,2155,3.3295214266979016,3
1737,2386,3.0,1
1737,2406,3.895924861983889,4
1737,2804,4.094009916897228,3
1737,2806,3.0,3
1737,2900,3.0,2
1737,3020,4.07989893108679,4
1737,3479,4.134236566272768,3
1737,3766,4.0,3
1738,3384,3.0,4
1739,2598,4.0,4
1739,3668,3.0,5
1740,908,4.126900801884239,5
1740,1292,4.659820933493335,2
1740,3363,4.072002518340176,4
1741,292,3.8702375080477434,5
1741,674,4.050978976977194,4
1741,688,3.0,2
1741,943,5.0,5
1741,1306,3.0,4
1741,1653,4.1894769345528635,5
1741,1750,3.0,2
1741,1929,4.0,4
1741,2091,3.0,4
1741,3703,4.203848348162157,5
1743,3408,3.8520711120652806,4
1744,2863,4.408189214763035,5
1746,21,4.571273486817507,4
1746,172,4.397335684959631,3
1746,392,3.0,5
1746,1191,3.0,5
1746,1223,4.311249282915485,5
1746,1321,4.350554315644322,3
1746,1967,4.556012234666914,5
1746,2137,4.671929402115524,3
1746,2140,4.642407686057825,5
1746,2161,4.594282207955739,5
1746,2916,4.545368208699391,5
1746,3572,3.0,1
1747,969,3.044464407703595,1
1748,6,3.5944801470584937,3
1748,11,3.442157295124945,3
1748,356,3.5951185783276336,4
1748,593,3.6709150956177306,3
1748,904,3.55404912830649,5
1748,912,3.8930381548284796,5
1748,929,3.9816204388466985,4
1748,1085,3.0,3
1748,1690,3.213683010926886,2
1748,1769,3.415708346979998,3
1748,1791,3.0,3
1748,2058,3.516915102931502,3
1748,2363,3.4200132701122623,1
1748,2366,3.9050201453931894,4
1748,2371,3.2745301305698646,4
1748,2707,3.193279886577684,3
1748,2973,3.8441422867667163,3
1748,3032,3.2391576779211464,3
1748,3257,3.335954636358927,3
1748,3808,3.0,4
1749,720,2.712606617896893,4
1749,928,3.431112151799908,3
1749,1189,4.0,3
1749,1732,2.7289998397146493,3
1749,1923,2.5837931013025774,3
1749,1949,2.80799136113227,3
1749,1963,2.9171995956292913,2
1749,2351,5.0,4
1749,2360,3.0,4
1749,2575,3.0,4
1749,2726,4.0,3
1749,2929,2.164547612981955,3
1749,3169,2.1341914052433415,2
1749,3645,3.0,4
1749,3683,3.1524046359617155,3
1749,3793,2.6703633162504694,2
1749,3916,2.0,1
1751,466,4.808002440288778,5
1752,162,4.348271471484373,5
1752,529,4.275264197225032,4
1752,745,3.975123352481177,4
1752,800,4.007420039938563,3
1752,1060,4.137802846319646,5
1752,1094,4.226112644851986,4
1752,1259,4.157212539428011,5
1752,1373,3.420285099577119,1
1752,1834,4.214689537065847,5
1752,1845,3.970280712648917,5
1752,2361,3.0,4
1752,2396,4.223165223660998,3
1752,2682,3.0,5
1752,2712,4.547609556257951,5
1752,3152,3.9704126050419615,4
1753,923,4.3297659375606425,5
1753,1104,4.251599255845366,5
1753,1480,3.0,5
1753,1580,3.947112444861292,5
1753,2061,3.0,4
1755,110,4.150132431760733,5
1755,165,3.8301150412596088,3
1755,485,3.718050690825225,2
1755,920,4.28859521472217,5
1755,924,4.069559372625478,2
1755,1027,3.5536174535797915,3
1755,1066,5.0,5
1755,1270,4.0487345780229385,4
1755,1566,3.432979786975284,3
1755,1784,4.095201372216787,5
1755,1805,3.885763201924113,3
1755,1992,2.0,2
1755,3604,5.0,3
1755,3942,1.0,1
1756,2485,1.9508414446865514,3
1757,593,4.236413839728503,5
1757,1019,4.39843747433113,5
1757,1088,4.016543090179836,2
1757,1372,3.2111696372209853,2
1757,1375,3.7980048782006213,3
1757,1645,3.8787666958233236,3
1757,3256,3.5515981054539396,4
1757,3354,4.287149117135405,2
1757,3476,4.30069241266395,4
1757,3686,3.9094711596264182,4
1758,247,4.5006417841948645,4
1758,293,4.188340453574854,5
1758,322,4.5312903550009525,4
1758,448,3.0,4
1758,499,3.0,4
1758,1285,4.1214076469593515,5
1758,3104,4.111841888869421,5
1758,3175,3.691211062798521,4
1758,3260,4.437240893253143,5
1758,3421,4.056697700352582,4
1758,3698,3.8078021847781183,2
1759,785,3.941848508499635,2
1759,1274,3.4891369537455694,2
1759,1858,5.0,5
1759,2155,4.340620458101253,2
1759,2325,3.0,2
1759,2858,3.784077331255025,5
1759,3264,4.086915786947294,4
1760,1380,3.9010256541877513,5
1760,2243,4.027758945057184,4
1760,2469,4.011075316609352,3
1761,2012,2.003223290577515,3
1761,2161,2.174156015770941,3
1761,2428,2.0,2
1762,3178,3.8591038964490383,5
1764,356,4.376503602400872,5
1764,410,4.145009197874129,3
1764,474,4.467709197542515,5
1764,704,3.0,4
1764,1031,3.924294910272775,5
1764,1356,4.262627424453884,4
1764,1518,4.484392703008021,5
1764,1544,4.3979148914763995,5
1764,1676,4.218295986025989,3
1764,2059,4.246131661302642,3
1764,2141,4.2447470730824275,4
1764,2402,4.409634512063745,5
1764,2416,4.438966340883334,4
1764,2794,4.259411775627071,4
1764,2974,4.0,3
1764,3180,3.0,3
1764,3268,3.3328152125237076,4
1765,70,4.241260146732381,4
1765,1127,4.332117664025187,4
1767,348,4.144123546316496,2
1767,2194,3.699477608065716,3
1767,2492,3.0,3
1767,3189,3.0,4
1767,3928,3.0,1
1768,1136,3.655666186380874,4
1768,1235,3.9786352853998292,5
1768,1674,3.665573815693666,5
1769,2908,3.631937707168966,4
1769,3285,3.0,4
1769,3623,3.242036170426931,2
1770,1197,3.553447813238036,3
1770,2717,3.234352313226843,3
1770,2794,3.022706840289516,3
1770,3243,2.6797315171796283,3
1771,260,4.5229874134075985,5
1773,3510,4.1591323589753815,5
1774,1972,3.022569976016703,2
1774,3917,3.333134792144334,2
1775,3363,3.9377998902119753,4
1776,19,3.558412175326833,4
1776,593,3.5523708500542863,5
1776,1961,3.407663465381959,4
1776,2105,3.4129898907626504,3
1776,2335,3.509307335897138,4
1776,2915,3.3649096269819845,2
1776,2978,3.0,3
1776,3039,3.3839338145496902,4
1776,3331,3.0,2
1777,1090,4.156096473956588,3
1777,3503,4.0,4
1778,23,4.0,2
1778,104,3.950163321948742,4
1778,260,4.084040661021851,5
1778,434,3.8733176213067453,3
1778,507,3.7984948700593413,4
1778,588,4.050592581672234,4
1778,1595,2.0,1
1778,1707,2.663794543307714,2
1778,2335,3.3424960040252443,4
1778,2433,3.668649176325681,4
1778,3081,3.801724246376671,3
1778,3543,4.235328803853433,4
1778,3668,3.0,3
1779,1,3.4374672807911546,3
1779,788,3.5485750046411435,4
1780,1084,3.430582588591823,5
1780,1092,3.1560618600786934,3
1780,1127,2.9871554205492776,3
1780,1200,3.1336904096349407,4
1780,1296,3.3161748953867702,2
1780,1302,3.1727610064913394,5
1780,1391,2.873317400615281,2
1780,1617,3.247990914130909,3
1780,1732,3.1604660066176686,2
1780,1917,2.991976499507163,3
1780,2657,3.126208671398458,3
1780,2987,3.0897346740010394,3
1780,3061,3.3360883738391602,3
1780,3551,3.576073692146473,3
1780,3671,3.1969914253816127,2
1781,1215,3.9683264995803254,5
1781,2003,3.8707078686833842,4
1781,2793,2.7346063169007784,3
1783,489,3.0,2
1783,3882,3.0,3
1785,110,3.995623306360746,5
1785,3566,4.0,5
1786,1259,4.369127700733985,5
1786,3515,3.0,5
1787,223,2.6850201544664274,4
1788,892,3.0,5
1788,1464,4.0,5
1790,112,4.436112050692023,4
1790,428,4.634749881060577,5
1790,785,4.448562916631589,5
1790,1214,4.22739813686193,4
1790,1320,4.229412483748039,5
1790,1374,4.298203434416319,4
1790,2021,4.399092284415197,4
1790,2116,4.268974140722082,1
1790,2672,4.804114579867178,4
1790,2746,4.3363736205753165,3
1790,3253,4.337904160890241,5
1790,3501,5.0,2
1790,3527,4.399641608429955,5
1790,3827,4.0,3
1791,908,3.925426553856947,3
1792,361,3.0,4
1793,45,4.115638571887669,3
1793,140,5.0,2
1793,592,3.399930591588047,4
1793,2188,3.0,1
1793,2282,5.0,4
1793,2985,3.8459897115859856,3
1793,3253,4.041550126455826,5
1794,112,2.526959777755898,3
1794,423,1.9664924212130312,2
1794,1036,3.0046490214762676,5
1794,1285,3.031837396708114,1
1794,1552,2.879999893701651,2
1794,1584,2.969130356489761,2
1794,1701,4.0,2
1794,1892,2.6523736755428278,2
1794,1961,3.1862359496708974,4
1794,2236,3.0,3
1794,3082,2.487684628252444,2
1794,3499,2.9503492028331,3
1796,1250,4.248969975613936,5
1796,1272,4.265380992259291,5
1796,1948,4.999999999999999,5
1796,1949,4.247613375267377,5
1796,2539,3.126609552393251,2
1797,1041,4.3113627934697565,5
1797,1206,4.212163170802834,5
1797,2174,4.187498414133302,4
1797,2732,4.805787823419841,5
1798,650,3.0,2
1798,2628,3.6842652155792797,2
1799,1258,4.18508022566686,3
1799,1617,3.560349713021012,3
1800,858,4.295224089701116,5
1800,908,4.470337933933087,5
1800,1193,4.523794932698104,5
1802,930,4.638194744601896,5
1802,1104,4.9284207740395765,5
1802,1261,3.6036695210694334,4
1802,1580,4.4620722716380214,3
1802,2692,4.767720598560935,5
1802,3208,3.0,3
1802,3476,4.534804198585453,4
1802,3504,4.666361491854107,5
1803,724,3.127043430059764,4
1803,1499,3.52364322875145,2
1803,1769,3.6502207507557007,4
1803,2393,3.7125818506601282,4
1803,2395,3.8042520619043074,2
1803,2995,2.6843350085625564,3
1803,3614,3.262704783643479,4
1804,1371,3.848220800628919,2
1804,2628,3.8471601426564064,3
1805,329,3.8173928513007773,5
1805,552,3.5781043171944367,3
1805,2628,3.9548051275331697,4
1806,32,4.340154410561518,4
1806,252,4.2129123895543295,5
1806,380,4.383217561080617,5
1806,517,4.498327990508038,5
1806,551,4.366130314849604,4
1806,595,4.425932400167793,4
1806,1527,4.359254639420193,5
1806,1580,4.378842705582535,4
1806,1704,4.406646938002534,4
1807,110,3.8804286885384487,5
1807,778,3.9928054840954212,5
1807,1036,3.811678920056415,4
1807,1682,3.779916520431629,2
1807,2071,3.0,4
1807,2167,3.389776024206299,4
1807,3177,3.0,4
1812,1127,3.9536447021980075,4
1812,1196,3.777499071340539,4
1812,1231,3.948363108464092,4
1812,1259,3.784141700485535,4
1812,1272,3.8303448322120355,4
1812,1290,4.1131050472470525,4
1812,1339,3.8340976200680874,5
1812,1674,3.802570667893256,4
1812,1968,4.024922087177392,5
1812,2028,3.7728451386775133,4
1812,2380,2.6371743676415518,1
1812,2422,3.2425727385403604,3
1812,2539,3.5558341331224974,2
1812,2558,3.5846006961079993,4
1812,2571,3.7577185263555615,5
1812,2779,3.896969541112259,3
1812,2883,3.0,4
1812,2993,3.7784523440994504,3
1812,3450,3.8861335649433904,2
1812,3512,3.0,4
1812,3851,3.0,5
1813,276,3.0,3
1814,1171,3.0,5
1814,1320,3.7406172137257765,3
1815,1196,4.019035814391997,5
1815,2011,3.946379633607598,4
1815,2571,3.9596507566598302,5
1816,1036,4.277837712768555,4
1817,296,3.699539332280058,2
1817,426,2.0,3
1818,3499,3.9867077526017645,4
1819,551,3.7645839196094357,4
1819,1097,4.054907800428591,5
1819,3503,3.0,4
1820,1,4.091612735108558,5
1820,266,4.0861457337509846,5
1820,454,4.034935229064951,4
1820,1128,3.570811063390022,4
1820,1339,3.714174917774592,3
1820,1963,3.9362805053173697,3
1820,2997,4.117271477107791,3
1820,3101,4.422264814130103,5
1820,3255,4.076123681034463,4
1822,21,3.989451540119795,4
1822,2263,3.0,3
1822,2804,4.028299659955759,4
1824,261,4.0,5
1824,596,3.878214840025612,4
1824,1042,3.584822952585917,4
1824,2011,3.4949660943063408,2
1824,3186,3.0,4
1824,3409,4.070885435803638,3
1824,3484,5.0,3
1825,337,3.561715931111107,5
1825,454,3.5509932757081004,4
1825,838,3.494342789153786,3
1825,1721,3.555342620334318,5
1825,3755,3.750553263220072,4
1826,1396,3.818231551252071,5
1827,260,3.7387487180117533,5
1827,1270,3.6223105105374507,3
1828,778,3.820110809601756,4
1828,2762,3.6283966274811275,3
1828,3114,3.8792814217695923,3
1829,593,3.4377473083518906,4
1831,741,3.0,4
1831,3285,3.0,3
1833,2959,3.7591770115201055,5
1834,2078,4.345765254498935,4
1834,3510,4.233851051049159,5
1834,3623,4.411957292441086,4
1835,50,4.580899865223382,5
1835,141,4.5182178405185995,5
1835,235,4.759007553750419,5
1835,292,4.17364471477006,3
1835,359,3.0,5
1835,832,4.16843243613656,3
1835,921,4.905658056273592,4
1835,1214,4.63607531173827,5
1835,1218,3.0,5
1835,1236,5.0,5
1835,1267,4.758389701265439,5
1835,1283,4.844490706215555,4
1835,1379,3.6900223914306696,4
1835,1544,4.238355457216637,2
1835,1584,4.431016538893619,5
1835,1620,3.7087307757174206,4
1835,1701,4.531316234391847,4
1835,2088,4.23819803491528,4
1835,2110,4.794693593088651,4
1835,2283,3.0,4
1835,2291,4.585122871835593,5
1835,2490,4.09243414351304,4
1835,2517,3.989166039790272,5
1835,2628,4.532597490921754,2
1835,2990,3.9774261428943354,4
1835,3020,4.251911950792512,4
1835,3260,4.819064081297133,4
1835,3471,4.571425068992392,5
1835,3727,4.758249811417937,4
1835,3767,1.7183725539368986,2
1835,3917,3.5062471527945798,5
1836,47,4.304198826898292,4
1836,337,4.365232163795005,5
1836,2186,4.812386655290881,5
1836,2418,3.0,5
1836,2469,4.433167662590283,5
1836,2870,3.0,4
1836,3252,4.2178337760996705,5
1836,3509,3.0,2
1836,3526,4.328100920150603,5
1837,10,3.485945148696648,3
1837,155,3.0,3
1837,266,3.6452820801388883,4
1837,318,3.852706640709729,5
1837,442,3.290342385735368,2
1837,997,3.0,4
1837,1199,4.01572794168861,4
1837,1212,4.446106202755324,4
1837,1213,3.9490724240061685,4
1837,1259,3.8639013759504954,4
1837,1327,4.189929204699072,5
1837,1546,3.0,4
1837,1694,4.085309706262933,4
1837,1805,3.7093010964951327,3
1837,2100,3.7180181236226875,3
1837,2311,3.2052339509757584,5
1837,3510,3.354124913786855,4
1837,3551,4.194681770746534,4
1837,3691,3.0,3
1838,1079,3.0000000000000004,4
1839,10,4.356971556329,5
1841,8,3.0,2
1841,32,3.4907026771775063,3
1841,1431,1.9947576597752674,2
1841,1784,3.382804176302485,4
1842,11,4.475197014137838,5
1842,342,4.395043529609318,4
1842,507,4.525551714891703,5
1842,593,4.5284838673733,5
1842,832,4.2780407988823,4
1842,1061,4.439865266297805,4
1842,1370,4.317969193805882,4
1842,1569,4.24736033828913,4
1842,1911,3.681056483846798,3
1842,1921,4.469774016152305,4
1842,2707,3.7846435896963233,3
1842,3362,4.8767537875243665,5
1842,3481,4.544722507352253,5
1843,1077,4.478276041642154,4
1843,3793,2.838668839619084,4
1845,155,3.0,2
1845,337,3.2861775276665406,3
1845,784,2.9978151379939275,2
1845,2059,3.0,2
1845,3258,2.468349927575029,2
1845,3426,3.0,3
1846,3555,4.0,2
1847,2959,4.999999999999999,5
1847,3006,4.51919193668697,5
1850,1200,4.260815191866371,5
1850,2948,4.2998056546529675,4
1850,3759,3.0,3
1851,35,3.0,2
1851,110,3.2138226228421654,4
1851,327,2.4223919608421354,1
1851,527,3.356156240548656,5
1851,1200,3.0365346431712994,4
1851,1983,2.347805232578083,2
1851,2393,2.678420842678349,4
1851,2456,2.536955876718597,1
1851,2574,3.0,2
1851,2617,2.8645136256045864,3
1851,2706,3.0688893313751118,3
1851,2881,2.91597272228671,2
1851,3286,3.0,2
1851,3471,3.0502772524394977,3
1851,3662,1.4761234538693293,1
1851,3701,2.835894319266448,2
1852,2117,3.8440588335243495,5
1852,3882,3.0,4
1853,45,4.127436462925621,3
1853,708,3.9507281669239473,2
1853,1010,3.952765410019557,3
1853,1079,4.2427831035555625,5
1853,3450,3.9983420324216348,4
1853,3863,5.0,3
1854,1100,2.5728686619272536,3
1854,1283,3.687183284371718,3
1854,2278,3.2980886040448514,3
1854,2371,2.9996065188148466,2
1854,2581,3.45886927323005,4
1854,2804,3.054486036089082,3
1854,2968,3.0133266532814553,2
1854,3072,3.48913705157207,4
1854,3527,3.163070628738123,3
1854,3877,3.0,2
1855,1573,3.3888018809473692,4
1856,2529,4.748930219474072,5
1856,2530,4.844793976148146,5
1856,3175,4.604908903036549,5
1857,588,4.318892905465238,5
1857,1033,4.308332074470773,5
1857,2427,4.506115912289226,1
1858,1967,3.8882121243241095,5
1858,2087,4.154586959225837,4
1859,468,3.0,3
1859,1265,3.805901653240535,5
1860,173,3.153963970058097,1
1860,1097,3.685742806019315,5
1860,1200,3.629547374372938,3
1860,1210,3.679188574461993,4
1860,1271,3.3972353308682597,3
1860,1678,4.0,4
1861,161,3.3921544541147606,4
1861,454,3.438470626895467,4
1861,608,3.5634086503290265,4
1861,1077,3.7846563657072743,4
1861,1230,3.7599245433073873,3
1861,1263,3.7783974530107987,3
1861,1291,3.458356358950394,4
1861,1527,3.4234138710362,4
1861,2355,3.42350411986204,3
1861,2571,3.4482639782519295,4
1861,2794,2.929059934547585,2
1861,3114,3.3924983589274866,3
1861,3469,4.504402241983278,5
1861,3654,3.8076083798507745,4
1861,3724,3.24185770761845,3
1862,3255,4.715120488017994,4
1863,910,4.798539309313259,5
1863,2863,4.8255141744035575,5
1863,3893,4.033772975423189,3
1864,1404,3.0,3
1865,1617,3.9161711823835326,5
1865,1888,3.595320443843867,3
1865,1900,3.0,5
1865,2506,3.0,4
1866,527,4.232847512849689,5
1866,1172,3.8365537974428756,5
1866,2762,4.10466652032618,5
1867,1748,3.4092724438600714,1
1868,1304,3.6047960874480847,4
1869,2360,3.0,5
1869,2859,3.0,5
1870,653,4.159568924021472,3
1871,426,3.0,2
1871,2019,4.34339568160075,5
1871,2324,3.9360191106362556,5
1873,256,3.0,3
1873,1047,3.7088295305264745,3
1873,1210,3.6664330129234233,3
1873,1663,3.097254919784411,4
1873,2067,3.2628547351431467,3
1873,2353,3.7058875871437307,5
1873,3082,3.3484662250553114,3
1873,3618,3.0,4
1874,924,3.816148108120526,4
1874,947,3.0,3
1874,1204,3.8065515759885895,4
1874,1250,3.8277158801149547,3
1875,444,3.0,3
1875,802,3.9594046109171694,4
1875,838,4.092264527028011,4
1875,1959,4.098473544179784,3
1875,2097,3.0,1
1875,2144,3.644532264234551,3
1875,2359,4.101616624441608,4
1875,2622,5.0,3
1877,3325,3.0,1
1877,3743,2.0,2
1877,3831,3.0,3
1877,3910,5.0,5
1877,3912,3.0,3
1878,493,5.0,5
1878,1920,3.7051431520119893,2
1878,2700,3.943505517547944,5
1879,442,3.8535494986167085,3
1879,2393,3.7303407514554463,4
1879,2921,4.607700349568353,4
1880,175,3.6476469868439243,4
1880,524,3.284083847135158,2
1880,968,3.507361097547393,4
1880,1321,3.611752605491194,4
1880,1586,3.4048300488282073,2
1880,2088,3.393878035047286,2
1880,2124,3.4635238689168397,2
1880,2380,2.8199472630928484,1
1880,2411,3.0972406881803574,2
1880,2700,3.8921269510979135,4
1880,2795,3.7232985658271627,3
1880,2929,3.4946712752312648,4
1880,2942,3.243148553329021,4
1880,3360,3.911105119848589,4
1880,3362,4.1729036991811075,4
1880,3543,3.932743155710996,4
1880,3550,3.4368198135096404,3
1880,3653,3.0,4
1881,7,4.659770776308495,5
1881,590,4.139465011979761,3
1881,2805,3.0,3
1882,1080,3.742613412067381,5
1882,1179,3.8765173373970248,3
1882,1566,3.6878050633242574,4
1882,2805,2.0,4
1883,43,3.0,5
1883,364,3.2374141820600992,4
1883,1014,3.3136407226665954,4
1883,2671,3.177036794978493,3
1883,3363,3.41350509099223,3
1883,3552,3.104937712725237,4
1883,3599,2.984031432560763,2
1884,247,4.103844695894786,5
1884,913,4.3549379034786515,4
1884,951,4.2139176560101275,4
1884,1035,4.1507294152668575,3
1884,1200,3.7423695678184514,3
1884,1320,3.4950155645601275,3
1884,1676,3.49142155476107,3
1884,1873,3.0,4
1884,2054,3.585500283365937,3
1884,2268,3.858953887536596,4
1884,2377,3.507249868702593,3
1884,2681,3.0,4
1884,2847,3.0,4
1884,2935,4.0,4
1884,2969,3.0,5
1884,3089,4.358758645270658,4
1884,3475,4.028585976801702,4
1884,3629,3.0000000000000004,3
1884,3927,3.2279700344027953,3
1885,594,4.670795995178733,5
1887,349,3.4733116128549892,3
1887,1196,3.7234404263385326,3
1887,3082,3.4541768910389297,3
1888,480,3.9656699049700226,5
1888,3926,4.0,4
1889,36,3.773010305155398,4
1889,260,3.6036424351611913,5
1889,1210,3.5684169420848004,5
1889,1375,3.502635892413284,2
1889,1393,3.620932837475417,3
1889,1617,3.5965544167000583,4
1889,1627,5.0,3
1889,1753,3.0,2
1889,2376,3.4514490173020937,4
1889,2470,3.5506053287154455,3
1889,2918,3.4288153334124694,5
1889,3638,3.4463793506613927,3
1889,3686,3.188223651216008,3
1890,41,3.0,4
1890,300,3.8266504002874955,4
1890,2054,3.3932351374572507,2
1890,3247,3.3121175463861614,3
1891,940,4.0,3
1891,1077,3.8382712189962582,5
1891,1206,3.8837119377978793,5
1891,1396,3.6863659212189,3
1891,1527,3.6349453507321656,3
1891,1690,3.332278407977253,3
1891,1931,4.508797407316312,3
1891,2455,3.4334261518071836,3
1891,3114,3.3956294493344563,4
1891,3685,4.191790011373217,3
1893,527,3.9131900187555786,4
1893,3753,3.996172384314012,3
1894,488,3.0,4
1894,1099,3.0,5
1894,1132,5.0,5
1894,1302,4.352863251087621,3
1894,2291,4.249684430232275,4
1895,1179,4.1311193151567664,4
1896,246,4.4704033510713685,3
1896,922,4.5731792716966515,5
1896,928,4.496571967499963,4
1896,1179,4.254386361748655,4
1896,1219,4.323873009291789,5
1896,1284,4.457432042344908,5
1896,1471,3.0,5
1896,2969,3.0,3
1896,3872,3.0,4
1897,1,3.8696032389828154,4
1897,36,4.033814497188665,3
1897,50,3.925510982436545,5
1897,176,3.0,3
1897,348,3.367913584171405,2
1897,531,4.493385726979834,4
1897,904,4.20192085720025,4
1897,1176,5.0,5
1897,1280,4.457229603748691,4
1897,1394,3.7492331990175978,3
1897,1411,4.0,4
1897,1487,3.0,3
1897,1948,3.971997608735282,4
1897,2770,3.475068582558439,2
1897,2788,3.915114591746287,4
1897,3448,3.8842881623005576,5
1897,3451,4.101561943112233,3
1897,3469,4.750129378598015,4
1897,3548,3.0,3
1898,2396,4.536282726207203,4
1899,194,3.9567163564036787,4
1899,296,3.92832816094894,4
1899,446,4.0,4
1899,529,4.002506448173602,4
1899,1082,3.9875737842998147,4
1899,1266,3.9910828704897567,3
1899,1273,4.078892312755245,4
1899,1358,4.013142893141258,3
1899,2390,3.0,4
1899,2739,3.893346313884116,4
1899,2918,3.755226404755069,4
1899,2946,4.245647803728599,5
1899,3039,3.8780470046068305,3
1899,3252,3.7917396404599892,2
1900,86,3.0,4
1900,1727,3.0,3
1900,3148,3.0,4
1901,595,4.119662375632838,5
1901,609,4.0,4
1901,1580,4.20162861042198,3
1902,173,3.4833104907248553,3
1902,230,4.236979690746013,4
1902,565,3.0,4
1902,1249,4.5752303650666315,5
1902,1580,3.898176460002176,4
1902,1762,3.757362014447654,3
1902,2571,3.9077062438975734,5
1902,2605,3.8008609690208113,2
1902,2692,4.495842144391093,5
1903,1617,4.129369426035107,4
1903,2871,4.217845961374304,4
1903,3007,3.0,5
1904,165,3.520940213962741,3
1904,954,4.004671270320035,3
1904,1242,3.8516264856413107,5
1904,1407,3.2729930297683336,2
1904,1805,3.5499051494613307,2
1904,1831,3.484807142369449,2
1904,2003,3.4752832661019033,4
1904,3100,3.6319489512002443,4
1904,3107,3.5678622629228243,3
1904,3527,3.5927768910591933,4
1905,904,3.0,5
1905,1185,4.162064915941147,4
1905,1219,4.3151151535583905,4
1905,3629,5.0,4
1907,1219,4.265733422347427,4
1907,3159,3.0,4
1908,16,3.363840495577505,3
1908,62,3.7205311648775226,4
1908,830,2.5139335438084,1
1908,1581,3.0,3
1908,1616,2.8431511563029765,2
1908,1727,3.0,5
1909,529,3.817771834447865,4
1909,2329,4.111212385871173,5
1910,3481,3.7697085997674447,1
1910,3908,3.0,3
1911,2331,3.0,3
1912,32,2.8240620117923045,4
1912,164,2.0,3
1912,475,2.7515899398291923,2
1912,882,3.0,1
1912,909,3.1510167883446014,3
1912,982,3.0,2
1912,1077,3.2199238831363934,2
1912,1097,2.838350327326165,2
1912,1334,2.6712779536202387,3
1912,1693,3.3444170823902284,1
1912,1876,2.316929286299116,1
1912,1951,2.0,3
1912,1970,1.3507966171613497,1
1912,2122,1.5262876026701857,2
1912,2313,2.739144255423307,3
1912,2527,2.9911580961220685,4
1912,2731,1.0,1
1912,3019,3.149740356983723,3
1912,3032,3.1840210099063473,2
1912,3038,3.0,3
1912,3414,3.0,1
1912,3424,3.163493689338785,2
1912,3438,1.998984661574563,1
1912,3456,3.0,4
1912,3503,2.0128473758281733,3
1912,3633,2.812104437266892,3
1912,3671,3.0210846280243824,2
1912,3683,3.3108857883469205,2
1912,3871,3.421536117068783,3
1912,3916,2.3667573481803004,3
1913,1357,3.0,3
1914,2700,3.968594511066522,3
1915,524,3.5071236119774793,3
1915,989,3.0,5
1916,176,5.0,3
1916,920,4.064756664530826,4
1916,1244,4.308315966135632,5
1916,1287,4.073952806424386,3
1916,1294,4.0813001051867674,5
1916,2064,4.177807470792302,5
1916,2890,3.992730638792678,3
1916,2912,4.007345437667554,5
1916,3200,4.667303579893917,5
1916,3559,3.0,4
1917,2167,4.200021329697625,4
1917,2394,4.253407687040679,5
1918,2686,4.025344495064932,1
1919,1623,3.0,3
1919,2328,3.5010975856285014,2
1920,1,3.6077638429932115,3
1920,2,3.5478585152958497,3
1920,10,3.699300407991913,4
1920,938,3.6861442342506945,4
1920,1005,4.0,4
1920,1527,3.6781152238822563,1
1920,2000,3.594290401097574,4
1920,2110,3.4000583760879417,3
1920,2138,3.007344886364024,4
1920,2355,3.6777805940485204,2
1920,2529,3.5424392791348764,2
1920,2617,3.654069612646191,4
1920,2724,3.909128731867361,3
1920,3033,3.375328305746773,4
1920,3198,4.006350953126095,3
1920,3508,3.6072643580532753,5
1921,577,3.0,3
1922,25,3.82134606704855,3
1922,39,3.757676687565417,4
1922,300,3.7144755696621545,3
1922,380,3.553983075258321,3
1922,454,3.615943415839198,3
1922,1028,3.7419083238655446,3
1922,1029,3.772732005426991,4
1922,1259,3.677631282601065,4
1922,1265,3.668919754065639,5
1922,1393,3.6793780511654472,4
1922,1680,3.689181886096167,3
1922,1923,3.6811986452227448,5
1922,2014,4.285518662873426,3
1922,2110,3.540853834779728,3
1922,2530,3.2033379132590736,3
1922,2657,3.610715888099105,5
1922,2915,3.7324079247005932,4
1922,3424,3.7874297135992974,3
1924,7,3.708992482961077,2
1924,378,4.483161282201058,2
1924,802,3.824815795718642,3
1925,468,3.0,4
1925,1189,4.0,5
1925,1220,3.8478903547172387,5
1925,1921,3.639091669363004,3
1925,2513,3.8828169144399025,2
1925,2527,4.056054217025294,3
1925,2571,3.7915982262729746,3
1925,2599,4.032787430416888,4
1925,2952,3.0,4
1926,1405,3.6074784359494716,4
1926,1690,3.902373384851313,2
1926,2011,4.080945484047065,4
1926,2147,3.0,4
1926,2394,4.590831671155395,4
1926,2729,4.646566262695004,5
1926,3037,4.472192169486653,5
1926,3341,4.0,4
1926,3615,3.0,5
1927,3,2.481328721204121,3
1928,89,4.528334166984952,3
1928,246,4.524379025533852,5
1928,1544,3.922742266225607,3
1928,1784,4.069198537905195,5
1929,2336,3.7406209792621756,5
1929,2718,4.0,3
1930,180,3.7089542709683196,4
1930,588,3.3008343811301666,3
1930,1036,3.407898256727577,4
1930,1265,3.498251215040907,4
1930,1356,3.2105513586662258,3
1930,2135,2.2424396199015253,3
1930,2423,3.015555905522034,3
1930,2628,3.3610877080056665,3
1930,2985,3.357916987653412,2
1930,3160,3.845859369706131,5
1930,3510,4.210188466589525,4
1930,3545,3.597372328552482,3
1931,2,3.7762437823666763,3
1931,247,4.0,5
1931,1645,3.7534626856989752,4
1931,2826,2.806729389970198,3
1932,47,3.561827017112399,5
1932,1967,3.3253232981364405,3
1933,1171,3.0,4
1934,2502,3.36293577954546,4
1935,3623,4.052771986462146,5
1937,50,3.4836020338675837,4
1937,608,3.488433197276865,5
1937,1183,3.298006565225904,4
1937,2114,2.656227524985497,3
1937,2413,2.830783920285445,2
1937,2804,3.0676340702134177,2
1937,3196,3.722224714637631,4
1938,1223,4.010769706680132,5
1938,1881,3.0,2
1939,915,4.369786633183898,4
1939,1196,3.8204016162883923,4
1939,1372,3.3373439421204227,2
1939,2108,3.881371581017611,5
1940,953,4.665972814196049,3
1940,1084,4.729463033788348,5
1941,328,2.3150890783077673,2
1941,382,3.0339856613353775,3
1941,589,3.4023947618627597,3
1941,953,3.8343638160730564,5
1941,1260,3.917723648464162,3
1941,1301,3.524452537175605,5
1941,1343,3.4297012480547346,2
1941,1582,3.0,5
1941,1641,3.405972631845692,5
1941,1798,3.0,2
1941,1976,1.7657310970348516,2
1941,1992,1.5469739132855564,1
1941,2015,3.9758313519105544,5
1941,2026,2.975938631689735,3
1941,2188,3.0,3
1941,2389,3.196819882204644,1
1941,2391,3.473602195410048,2
1941,2454,3.726897501108656,3
1941,2554,3.391977454297973,2
1941,2565,4.063981696337945,5
1941,2786,2.7054346211416096,2
1941,3017,2.071729637674016,2
1941,3060,2.921012395465382,4
1941,3068,3.445898326703582,3
1941,3390,3.0,1
1942,1971,1.0,1
1943,206,3.0,4
1943,231,3.6455587675574117,4
1943,235,3.962130982838408,4
1943,364,3.742083928596613,3
1943,750,4.081612722836054,5
1943,798,2.370837496810456,2
1943,799,3.1409754730411463,3
1943,886,2.8308682475389557,2
1943,999,3.416583423721967,3
1943,1086,5.0,4
1943,1212,4.2657128308004815,5
1943,1339,3.3977913888118207,1
1943,1917,3.4768451874210458,2
1943,2706,3.826397970056872,4
1943,3007,5.0,4
1943,3247,3.5878420851362134,3
1943,3301,3.9944243814414655,4
1943,3608,3.951675238013259,5
1943,3698,3.531839257820813,5
1943,3760,5.0,5
1943,3933,3.0,1
1944,585,3.4491370503573484,3
1944,1219,4.447519323142929,4
1944,3481,4.2144638649977235,5
1946,3578,4.231596815364928,4
1947,1198,3.9929091018248584,5
1947,1835,3.0,1
1947,2028,4.276738554060935,5
1948,95,3.1309399720396867,1
1948,367,3.548808897127325,3
1948,1196,3.6193243432692697,4
1948,1291,3.6113839638053506,5
1948,1792,2.6021827872897574,2
1948,2641,3.3931242929163767,3
1949,34,4.414123309497869,4
1949,3918,3.0,3
1950,741,3.590304656315946,5
1950,745,5.000000000000001,5
1950,1097,3.69575742799115,3
1950,1222,3.703733717508366,5
1950,1407,3.4070727624464765,4
1950,2327,2.785075115326448,3
1950,2701,3.424723678553982,1
1950,2986,3.436846193927755,3
1951,101,3.0,5
1951,110,3.5793454378644416,3
1951,1035,3.8552555173673264,4
1951,3917,1.0,1
1952,21,3.7728877011315367,2
1952,1171,4.577367265463366,3
1952,1190,3.0,5
1952,2671,3.3704305268745047,5
1952,3052,3.816410348407367,1
1952,3424,3.8535872970397205,5
1952,3578,3.8753919940927504,3
1952,3671,3.917561228283991,5
1952,3863,3.8483194894117627,5
1953,2791,3.8205481643520844,2
1954,300,3.8850555036242,4
1954,441,3.5605543912270528,4
1955,2710,3.833744037599585,4
1956,595,3.5711989452492903,5
1957,2865,3.0,3
1957,2885,3.0,4
1958,153,3.4753888439735796,4
1958,780,3.6454802443358707,5
1958,818,3.1666693346429287,3
1958,1073,3.7332849284912446,4
1958,1499,3.259354198128809,2
1958,1562,3.098491059842749,3
1958,1681,2.0,2
1958,2420,3.7918392467735593,4
1958,2668,3.0139664993807704,2
1958,2997,3.8744193956751363,4
1958,3190,3.0,2
1958,3354,3.901142307418951,3
1958,3397,3.751456907887005,3
1958,3502,3.0,4
1959,1185,4.774823859628396,5
1959,2858,4.789519403741512,5
1959,3911,4.693988329286874,5
1960,551,3.9169863313499316,2
1960,912,3.954793517753708,5
1960,955,4.003211710724629,4
1960,1101,3.892141534467095,3
1960,1962,3.9796935527921065,5
1960,2111,3.9047775082337406,3
1960,3342,4.339880924749475,5
1961,6,3.655879962842498,1
1961,17,4.140870267465501,5
1961,1374,3.8349066140419956,4
1961,1610,3.635583944678026,4
1961,2406,3.6239744019436433,3
1962,432,2.7796936535914556,3
1962,848,3.0,3
1962,1035,3.7800319133944127,2
1962,1541,3.0826355000469503,3
1962,1735,5.0,2
1962,2093,3.0,1
1962,2354,3.0,3
1962,2359,3.608428691312168,4
1962,3176,3.5308990684833517,4
1962,3259,3.560137275149815,3
1962,3260,3.289043625274553,2
1962,3268,1.0,1
1962,3327,3.0,3
1963,1213,4.234418783891019,1
1963,1633,4.8048359567918455,5
1965,590,3.7124105389226925,5
1966,858,4.702522242005469,5
1967,2908,2.7516612489373116,5
1968,161,3.0500567330697375,3
1968,349,3.1089601909909637,5
1968,748,2.5681441562074223,2
1968,1078,2.951932956008602,2
1968,1357,3.309777817349547,2
1968,1379,1.6352294915316652,3
1968,1673,3.3136023076390604,4
1968,2917,2.878015871852866,3
1968,3101,3.5575687710460717,4
1968,3401,3.0,2
1968,3479,3.2269679748787885,3
1968,3706,3.481199241244061,3
1969,17,4.271155006066109,3
1969,432,3.452207548711266,3
1969,480,4.026171956081622,5
1969,1012,4.1614353149371945,5
1969,1032,4.221358945058794,5
1969,1037,3.7749756263039793,3
1969,1591,3.6665118523741813,1
1969,2701,3.5381259982678306,3
1969,3723,3.0,3
1969,3793,3.91265601605167,5
1970,858,4.5479983288410395,5
1970,1221,4.545110652652774,5
1972,1221,4.5269745308908815,4
1972,2264,3.0,3
1974,25,4.140974677533888,4
1974,58,4.213461370208934,4
1974,246,4.495039739189739,4
1974,492,3.6184592962837407,3
1974,497,3.95501539031616,5
1974,1097,3.892111495245321,4
1974,1405,3.5414518108454756,3
1974,1834,4.131828640581495,3
1974,2137,3.8875256539314886,4
1974,2424,3.630852997929444,3
1974,2571,3.8547418156863675,4
1974,2759,4.276570581471024,3
1974,2917,4.151921438361819,4
1974,2935,4.0,4
1974,3618,4.0,3
1975,169,3.0,1
1975,3253,4.111515462335231,5
1976,126,3.0,2
1976,553,4.474585144180396,5
1976,1617,4.221440572891762,4
1976,3255,4.21693707589331,4
1977,3683,3.7258529549001382,5
1978,1265,3.971308720493848,4
1978,2353,3.9500870997985205,4
1978,3253,3.7956636088415365,3
1978,3646,3.0,3
1979,3793,3.0,2
1980,5,2.8701721249765035,2
1980,74,3.0,2
1980,172,2.9034361177927623,1
1980,442,3.1387091066305195,2
1980,1073,3.8374163763240876,4
1980,1131,5.0,5
1980,1212,4.613301392251503,3
1980,1242,4.148696766356382,5
1980,1296,4.591800130403647,5
1980,1371,3.453476795173923,3
1980,1373,2.781599318632825,2
1980,1385,2.4716956829043206,2
1980,1584,3.837413114566844,4
1980,1588,2.9207847694058313,4
1980,1719,4.511429578261208,5
1980,1883,4.051560681249102,4
1980,1907,3.7955319291414633,3
1980,1966,3.5777653570228463,4
1980,2241,3.0,3
1980,2291,4.021090057123605,4
1980,2331,3.0,4
1980,2366,4.321546641420612,4
1980,2579,3.0,4
1980,2723,3.2443734589904802,3
1980,2775,3.0,4
1980,2808,2.488732551060469,1
1980,2988,3.51516072804616,3
1980,3108,4.110122382165419,3
1980,3112,3.0,4
1980,3174,4.252471445365945,3
1980,3201,4.694864421422183,4
1980,3263,3.6703119755807303,4
1980,3453,3.0,2
1980,3499,3.9332233205625324,4
1980,3505,4.059020021692771,4
1981,380,3.7545550606062283,5
1981,800,3.0,3
1982,1673,4.307883584053587,4
1982,2712,4.151788393057258,2
1982,2858,3.717259861482544,5
1982,3300,3.195199321662711,3
1983,45,4.530548054220551,3
1983,224,4.247058848691805,5
1983,507,4.508074209911305,4
1983,555,4.406999308595442,4
1983,673,3.8365706656431873,3
1983,1011,4.012455552434067,4
1983,1689,3.0,3
1983,1923,4.348245197307642,5
1983,2078,4.623097832588804,5
1983,2167,4.271379031980241,5
1983,2530,4.119459700932071,4
1983,2533,4.439582540967728,5
1983,2722,3.5450002985022984,4
1983,3897,4.489052312255021,4
1983,3930,4.999999999999999,4
1984,266,3.5958344381407885,3
1984,292,3.6361925661964816,4
1984,316,3.660571087728637,4
1984,1095,3.9707022315392932,4
1984,1252,3.7955223870530252,4
1984,1287,3.849772669249777,4
1984,1556,3.732649861141639,2
1984,2243,3.8387461976602775,4
1984,2273,3.6455485433511177,4
1985,260,3.6786967629569594,5
1985,329,3.611786702393718,3
1985,1374,3.6913347973475976,4
1985,3638,3.5985670668671927,3
1988,39,3.5776148947155955,4
1988,348,4.0065363834479,4
1988,785,3.365267590982476,4
1988,902,4.183455421155147,4
1988,959,3.0,4
1988,1057,3.6447386133729816,3
1988,1242,3.7721569821832754,4
1988,1885,3.8993795551904307,4
1988,1994,3.510912936116019,3
1988,2572,3.5533445181074894,4
1988,2942,3.1712858464317404,1
1988,3088,4.367177548737086,4
1988,3507,4.060768951739247,4
1988,3521,3.0,4
1988,3524,3.4503947545386375,3
1988,3865,3.0,3
1988,3893,4.0050332977152605,4
1990,2959,4.046885284578407,4
1990,3897,4.257025822532168,4
1992,1689,3.0,2
1992,2359,3.3800202786334412,4
1992,3535,4.019162127789505,4
1994,589,4.065726320107412,5
1995,514,4.479259616831226,5
1995,1380,3.9714951512283028,5
1996,377,4.184072419569074,4
1996,1129,4.185362077025017,3
1996,1221,4.416234089674304,4
1996,2640,4.15457988167319,4
1996,2706,4.2545385389415316,3
1997,1276,3.8172455970859986,5
1998,919,3.9605555929476006,5
1998,1088,3.9690591725968325,2
1998,1250,3.913384946986254,4
1998,1747,3.9482312021467054,4
1998,1949,3.2616808395251073,4
1998,2311,3.32758197968148,3
1998,3451,4.255964982183775,4
1999,920,4.148403644387792,5
1999,1982,4.0249075372863965,5
2002,2208,4.550675043522792,4
2002,2291,4.067857636389056,4
2002,3435,4.646670096146435,5
2003,1097,4.280190551897828,5
2003,2761,4.721875790555546,3
2004,1282,4.169110119240153,2
2004,2140,4.19262708077554,4
2004,2968,4.308717918428216,3
2004,3354,3.7667143492630233,3
2004,3401,3.0,3
2005,2188,3.0,4
2005,2492,3.0,1
2005,2806,1.0,1
2005,3273,3.286523710122387,1
2006,900,3.9019861766983364,3
2007,1196,3.7298125230612946,4
2007,2064,3.8037710264831084,2
2008,296,4.098910832350791,5
2008,3481,4.045061811607677,4
2010,22,2.78533055228223,1
2010,101,3.0,3
2010,276,1.629927074090777,2
2010,733,2.982874311002827,4
2010,801,1.0,1
2010,802,2.39993210961533,3
2010,849,2.661710881152404,2
2010,1079,3.0457154840239022,4
2010,1095,3.727102808008021,3
2010,1100,2.4965072791090366,1
2010,1262,4.0006517921405775,5
2010,1372,2.44422917124071,3
2010,2003,2.977661724360105,3
2010,2322,2.2635794559908895,2
2010,2701,2.2024349260811733,1
2010,3258,2.3071677025905917,1
2011,1047,4.16036240121162,4
2011,1197,4.029469995631984,5
2011,1616,3.8023305901665236,2
2011,2028,3.9289371710869316,3
2011,2912,2.874125221424491,3
2011,3744,3.0,3
2011,3755,4.21387371910979,5
2012,126,1.0,1
2012,519,2.300444248534645,1
2012,674,3.338564903190548,3
2012,1091,2.953978380314624,3
2012,1101,3.280799313027743,4
2012,1566,3.1418136496634768,3
2012,1663,3.579452078970458,4
2012,1676,3.091065352032718,1
2012,1731,3.0,1
2012,1866,3.5427005990452294,3
2012,1917,3.181068454750774,3
2012,1954,3.421125914743947,3
2012,2143,3.299126011146953,2
2012,2381,2.860237245449942,3
2012,2405,3.2123610941887133,3
2012,2615,2.133658377494267,3
2012,2693,3.0,4
2012,2948,3.499447767154804,3
2012,2989,3.274737416230081,4
2012,3248,2.7847063389851665,1
2012,3300,3.0079427551096907,2
2012,3387,2.8152725870801083,3
2012,3745,3.646673722649558,3
2012,3771,3.0000000000000004,3
2013,1129,4.121664593379784,3
2014,924,4.303702221328358,4
2015,5,2.8505803470373205,2
2015,158,1.9970069656243035,2
2015,255,4.0,4
2015,256,3.3183272745853087,4
2015,322,3.0,2
2015,370,3.833912621045732,5
2015,432,3.6813528756895884,4
2015,588,3.458519308325463,4
2015,736,3.417595936549998,2
2015,762,2.93057914459895,3
2015,1029,3.1009274158429707,2
2015,1047,3.2832635283890923,3
2015,1206,3.96698480945987,5
2015,1275,3.7729674700863716,4
2015,1439,3.0,4
2015,1441,3.060378324767381,3
2015,1527,3.6399738126072467,4
2015,1895,3.6108971731910007,2
2015,2059,2.001363333885241,1
2015,2080,3.4487620034855637,2
2015,2106,3.0,3
2015,2121,3.5254150952121592,2
2015,2300,3.9289488513063766,4
2015,2513,3.481913273936867,4
2015,2719,2.7991512305648576,2
2015,2985,3.7539442274358503,4
2015,2989,3.8382986364179477,4
2015,3031,3.0,2
2015,3255,3.4865226068866018,2
2015,3573,1.3253802963675143,1
2015,3672,3.0,1
2015,3773,2.044041998740965,2
2016,648,4.233532291610849,4
2016,1196,4.211084934773076,5
2016,3253,4.219969310036864,4
2017,1379,3.470523105621851,3
2017,2002,3.987750491958529,4
2017,2412,3.486977804471997,3
2018,231,3.755652694466872,3
2018,515,4.314989488999669,5
2018,908,4.4564697829429925,5
2018,910,4.458368368479402,3
2018,943,4.0,4
2018,1068,3.0,4
2018,1258,3.751488661673695,4
2018,1300,4.0,4
2018,1377,3.474213299314651,3
2018,2186,4.6297536262961225,4
2018,2245,3.913852125980113,4
2018,2639,3.299832210587725,1
2018,2877,3.0,3
2018,3713,3.0,3
2020,1214,3.7703348539702657,4
2020,1230,3.8610548400576787,1
2020,1345,4.089678508547931,3
2020,2013,4.309413227413568,4
2020,2366,3.986579895403371,4
2020,2575,3.0,4
2020,3135,4.149950237958643,3
2020,3499,3.7825231023605137,5
2020,3897,4.014479025251783,4
2021,303,4.429844058324461,5
2021,1385,4.1406803210465615,5
2021,1544,4.446453430091805,4
2022,442,4.041559130304668,3
2022,1883,3.944124557600435,2
2022,2671,4.25743491707574,4
2022,3176,4.210784184281635,3
2022,3617,3.0,4
2023,1,3.980399729696438,5
2023,353,4.1075360983433775,3
2023,596,3.4201914805928015,3
2023,858,4.172888326749373,5
2023,1641,4.145695107437081,4
2023,2087,3.4082511254589636,3
2023,3397,3.441437913673299,3
2023,3578,4.186558620302273,4
2024,345,3.172440220316791,3
2024,1016,4.3455159492134285,3
2024,1468,3.0,4
2024,1642,3.0,5
2024,2717,3.8959221171139413,4
2024,2926,4.050195096579478,2
2024,3244,3.8050135086569026,5
2024,3608,3.767821742253017,5
2025,86,3.0,3
2025,329,3.9855304383800436,5
2025,969,4.455090218319922,5
2025,1408,4.068370410854814,4
2025,2006,3.990071933932359,2
2025,2871,4.0073157047050945,5
2026,1016,3.2520974533043967,3
2026,1240,3.6045943198375165,4
2026,2016,3.0,3
2027,1620,4.198970505015446,4
2027,1784,4.214748414655415,4
2027,1952,4.010190496836361,2
2027,1954,4.06905780710108,4
2028,480,3.392018839514613,3
2029,48,2.1568882764745916,1
2029,708,3.4798744534340944,4
2029,745,4.251690357286442,5
2029,1023,2.484814132759537,1
2029,1920,2.3343585289361757,2
2029,2709,4.0,5
2029,3500,3.0,1
2030,110,3.9940427443608653,5
2030,616,3.9154213778724287,3
2030,903,4.593698276934328,5
2030,965,4.0,5
2030,1019,3.761086561583145,5
2030,1263,4.447546860707547,4
2030,1407,3.5124303705546662,2
2030,1953,4.446631106548167,5
2030,1982,3.664435837050719,4
2030,2194,4.0247272535738645,4
2030,3156,3.0,3
2030,3360,4.1495573879591445,4
2031,21,3.6159027902212015,4
2031,2046,3.421548914700771,3
2031,2716,3.455617434731946,4
2031,3047,3.0,3
2032,2706,3.7147894957308747,2
2033,110,3.4952978694867,5
2033,3516,3.0,4
2033,3915,3.0,1
2035,1097,3.7821516883567528,5
2035,1982,4.157836632881517,4
2035,3101,4.1312278831807285,4
2037,3879,3.0,1
2037,3916,4.628468916402535,2
2038,364,3.8275522967404343,3
2038,2174,3.9666462383696737,4
2038,2406,3.907826067070918,4
2038,3104,4.083360144869441,3
2038,3108,4.062743475387663,4
2038,3199,3.351139259140106,3
2038,3926,4.0,4
2039,858,3.8993206734781283,5
2039,1203,4.065581536746928,4
2041,1179,3.9120564652328085,4
2041,2090,3.5307440768161684,4
2041,2095,3.0,3
2041,2261,2.0215245842137413,2
2041,2968,3.810899543277698,4
2041,3000,3.0,4
2041,3450,3.528123046610233,1
2042,329,3.4403874732282507,3
2042,898,3.7403059640407808,2
2042,899,3.811507760740594,4
2042,1261,3.983879879052447,4
2042,1372,3.1215339756521563,3
2042,2555,3.0,1
2042,3398,3.3545345626117724,3
2043,2395,2.548952978538959,1
2043,2598,3.3740245682483763,1
2043,2806,1.0,2
2043,3408,2.9130861398239287,3
2044,11,4.253660652496312,4
2044,595,4.203103615083426,2
2046,1977,3.0,1
2047,194,4.5093735969144,3
2047,261,5.0,3
2047,588,3.6955772830549396,4
2047,608,3.992863238505238,5
2047,2011,3.5747097365524496,3
2047,3744,4.0,1
2047,3897,4.247175157179925,3
2049,1256,4.798932116291204,4
2050,356,4.114903444253887,5
2050,480,4.197235652022583,4
2050,785,3.8517544955814866,3
2050,1704,4.212407146663814,4
2050,2336,3.7255386836776996,5
2050,3219,3.633740755262543,4
2051,6,4.001721562587554,5
2051,161,3.841161430947368,3
2051,494,3.1298581188390178,3
2051,1799,3.6531740347096315,3
2051,2322,3.4847808828504943,3
2051,2717,3.7851872915098608,3
2051,2893,3.0,3
2053,1210,4.319399013047658,5
2053,3922,3.0,1
2054,223,4.199080109861435,5
2054,761,3.0,2
2054,1214,3.8295319325843344,5
2054,2916,3.787331976229871,4
2054,3020,3.7270545940595508,3
2054,3671,3.9156014575004616,5
2055,426,5.0,4
2055,1222,4.231237673079712,5
2055,1374,4.047378943638405,4
2055,2427,4.392854864768189,2
2055,3654,4.392333899330522,4
2056,527,4.427331511855534,4
2056,780,4.084177868670379,4
2056,968,4.2495446525430545,5
2056,1350,4.693375822412645,5
2056,1970,3.6455399963660713,2
2056,2118,4.6496922574671435,4
2056,3081,4.410558822983619,5
2056,3469,5.0,5
2056,3527,4.096946842246471,5
2056,3698,3.992514414853787,3
2057,480,3.820471262487977,4
2057,2395,4.233898474161642,4
2058,913,4.352276283554475,4
2058,2454,4.0,3
2058,2995,3.0,1
2058,3555,3.604143016287995,3
2058,3937,3.0,3
2059,524,2.674777472348967,4
2059,1291,3.822881595897736,3
2059,1542,3.0,4
2059,2384,4.118724639479475,2
2059,2395,3.849977952890327,2
2059,2571,3.8796216865538504,5
2059,2716,3.844550382567593,3
2060,260,3.5324976255140283,5
2060,455,2.516288813351309,3
2060,662,3.0,4
2060,2712,3.5394422406232824,3
2060,3257,3.1095564510193197,2
2060,3510,3.6296438133320144,2
2060,3835,3.0,3
2062,2692,4.361604068865985,5
2063,50,3.4019980345958305,5
2063,69,3.3270943910120625,3
2063,147,3.0,3
2063,376,2.6612906903434195,4
2063,438,1.4942078162925547,2
2063,440,3.2763518185611855,3
2063,858,3.3650520853929535,4
2063,866,3.4279696563179596,3
2063,1049,3.0394552152631746,3
2063,1393,3.273679619002839,5
2063,1407,3.405516218109699,4
2063,1456,3.0,3
2063,1627,4.0,4
2063,1648,4.0,4
2063,1689,3.0,2
2063,1762,2.529131503583749,3
2063,2125,3.394538755547207,5
2063,2338,2.825416663227258,3
2063,2354,3.0,3
2063,2518,3.0582796285914333,2
2063,2555,3.0,2
2063,2580,3.6021800224413583,4
2063,2640,3.2236699267831836,4
2063,2692,3.5775381272370907,5
2063,2717,3.158265504424412,3
2063,2807,2.394112053143949,2
2063,2987,3.3711310838796944,4
2063,3033,3.3076893645143413,5
2063,3268,1.0,2
2063,3274,2.9906502621169224,3
2063,3618,3.0,2
2063,3646,1.0,3
2063,3712,3.0015251129953184,3
2064,1193,4.660361069858633,5
2064,1283,4.923621501950698,5
2064,2409,3.3884687392569837,3
2064,3035,4.88402604405636,5
2065,2310,3.0,4
2066,1894,4.576417783871709,4
2067,541,3.610416717801251,4
2067,1024,3.6086760235185,5
2067,1029,3.449940776708787,4
2067,1090,3.599112479093114,3
2067,1374,3.4800027819897656,5
2067,2872,3.5320516456536333,4
2067,2918,3.624384260873612,4
2067,3525,3.625682761969149,3
2068,329,4.118658436160433,3
2068,594,4.079516132160211,4
2068,1566,3.970346482369627,5
2068,2797,3.9720263779770706,5
2069,110,3.811539346865232,3
2069,1580,3.84049767326386,4
2069,2124,3.744159776931105,4
2069,3481,4.0519405965297235,4
2070,1266,4.674031509488253,5
2070,1653,4.6052546718389324,5
2070,2094,4.172593803687743,2
2070,2336,4.693065141034156,5
2070,3755,4.473506085812293,4
2070,3948,4.561006863143902,4
2071,89,2.0,3
2071,1094,3.7769991297879297,4
2071,1484,3.0,4
2071,2291,3.6423427778202164,3
2071,2312,4.0,3
2071,2406,3.583730647419343,4
2071,2746,3.546170740202304,4
2071,2797,3.137150495417868,4
2071,3827,3.0,3
2072,11,3.9385804080688716,4
2072,350,4.193379090083216,4
2072,444,3.0,4
2072,900,4.344208676840512,4
2072,969,4.470260336987986,5
2072,2369,4.3021699067203265,3
2072,2406,4.051205417981154,3
2072,2941,4.176303818030499,3
2072,3384,3.0,5
2073,48,4.403036767515285,5
2073,73,3.0,5
2073,750,3.9685287798306166,4
2073,953,4.1899696672461815,5
2073,1208,3.91592924363422,5
2073,1214,3.3604968721454944,2
2073,1240,3.6370021240784984,4
2073,1259,3.860534758276542,5
2073,1283,3.6951005344572865,1
2073,1295,4.5517360084474845,5
2073,1321,2.717306239843892,1
2073,1354,4.4118767402703165,5
2073,2028,3.7696582354563937,5
2073,2078,3.9382243380762687,5
2073,2291,3.935204386802279,3
2073,2355,3.7976749797755596,5
2073,2670,2.0,5
2073,2997,3.9136436178472924,5
2073,3251,4.253712273756405,4
2073,3469,4.486060938365048,5
2073,3873,2.409160987809792,1
2074,2502,4.251354474783019,3
2076,3564,3.0,3
2077,60,3.0,4
2077,255,3.0,1
2077,280,3.2583629820190945,5
2077,340,3.0,4
2077,507,3.150413554007669,4
2077,555,3.9856066956331673,5
2077,719,2.790484302808456,4
2077,778,4.293142281663905,4
2077,1032,3.28495378911682,5
2077,1091,3.1015069331428124,4
2077,1097,3.8375453100780947,5
2077,1711,4.141418828313637,3
2077,1721,3.820532415401716,5
2077,2094,3.026100837039271,2
2077,2174,3.7105990667524535,5
2077,2252,2.0,2
2077,2266,4.0,2
2077,2291,3.9192089710291436,4
2077,2778,3.0,3
2077,2826,3.5190556444373664,1
2077,3054,3.0,3
2077,3146,3.0,4
2077,3408,4.190342606836778,4
2077,3669,3.0,2
2077,3773,3.0,3
2077,3827,4.0,4
2077,3893,3.957357331071504,4
2077,3896,3.0,4
2078,50,3.9370578370789353,5
2078,832,4.05745084620197,5
2078,1265,3.8861028294660276,4
2078,3087,3.7862772354318395,3
2079,1373,3.9792685017033715,1
2079,1672,4.0,5
2079,1722,3.6020177712975516,2
2079,2455,4.009211173014169,4
2081,3300,2.5184796640750076,2
2081,3895,3.0,2
2082,886,3.0,5
2082,1265,4.3846338588555795,4
2084,34,3.9335352976086253,4
2084,440,3.9668429912877627,4
2084,909,4.208318734181025,4
2085,70,3.9998528600502286,5
2085,371,3.0,3
2085,372,4.532474798360161,4
2085,725,3.0,5
2085,734,3.0,3
2085,2700,4.429869471775257,5
2085,3004,3.0,3
2085,3477,4.5837846741667345,4
2086,3384,3.0,4
2087,1259,4.051794375432358,5
2087,1597,4.125542003554085,4
2087,1973,2.515707017581062,2
2088,32,4.197894858531622,5
2088,592,3.842432631029297,4
2088,653,4.0430302234774125,4
2088,1129,4.166637431969692,3
2088,1287,4.6246898003233845,5
2088,1291,4.327942952831037,5
2088,1953,4.698581434683955,5
2088,2531,3.4680731689686297,2
2088,2617,4.123908627509549,5
2088,3330,5.0,3
2088,3350,3.0,3
2088,3770,3.9657656148830602,4
2089,1603,3.0,2
2089,2427,3.9993528738849045,5
2089,2804,3.158003236231345,4
2090,44,3.679228658176006,3
2090,360,3.0,3
2090,736,4.037265769949923,2
2090,2006,4.173486692309661,5
2090,2313,3.8866393844180074,5
2090,2985,4.0961855450212825,5
2090,3107,4.058493248070943,4
2090,3591,4.045354965983433,4
2091,899,4.655827049515943,5
2092,594,3.9551379869431984,4
2092,1010,2.9789144987841314,3
2092,1104,4.226083299156432,2
2092,1419,3.0,5
2092,1641,3.702115028953506,3
2092,2088,3.46363485878902,2
2092,2372,2.934420659908318,4
2092,2469,3.21995325104999,5
2092,2918,3.42345579358109,5
2092,3423,3.0,3
2092,3507,4.066480089580605,5
2092,3513,3.5428248836082736,4
2092,3618,4.0,4
2092,3751,3.845234252971438,5
2092,3927,3.919356089380051,3
2093,293,4.232261491858331,5
2095,110,3.8956051390393767,4
2095,2336,3.0729704500105903,5
2096,112,4.306108618126223,4
2096,410,4.238398800284644,5
2096,938,3.0,4
2096,1966,5.0,5
2097,153,3.317092636269743,3
2097,160,3.120350229640062,2
2097,181,3.0,2
2097,809,3.0,3
2098,165,3.568220438972992,4
2098,247,3.972783464279644,4
2098,349,3.693937358906035,4
2098,482,3.0,3
2098,882,1.0,4
2098,1189,3.0,4
2098,1233,4.115594597383742,4
2098,1278,3.916164837749024,2
2098,1387,3.8536240836626656,5
2098,1459,3.391958315149092,3
2098,1644,3.0533542180474695,2
2098,1921,4.1886461369179475,5
2098,3362,4.028655031132008,4
2100,187,3.0,4
2100,372,3.699787613029751,4
2100,1193,4.099441590249995,5
2100,1569,3.8558628776019837,4
2100,1614,3.71182228866527,5
2100,1625,3.870788328769213,4
2100,2302,3.875001314094449,4
2100,3614,4.06176236989823,4
2100,3852,3.0,4
2101,29,3.732872777185704,5
2101,1345,4.060523494228756,4
2101,1584,3.102341665460149,4
2101,1645,3.243116635226918,3
2101,1982,4.030830161761718,3
2101,2989,2.791604558669971,3
2102,16,3.3165867728296514,1
2102,186,1.5749344665991618,2
2102,1027,2.521594093040514,1
2102,1061,3.182977951600572,2
2102,1124,3.192209090173201,3
2102,1222,3.28623245528546,4
2102,1617,3.46652485853922,5
2102,1799,3.487677541959309,1
2102,2178,3.0,4
2102,2640,2.660204364931144,2
2102,2779,3.100027801301235,2
2102,2789,1.6746273485566114,1
2102,2795,2.9706080765821867,4
2102,3101,3.725765561076105,4
2102,3363,3.560872848939442,4
2102,3420,3.0,4
2102,3536,2.593418977126637,2
2102,3614,2.7559167155173663,2
2102,3699,3.1304300599330035,1
2102,3827,3.0,2
2102,3952,3.0,4
2103,741,3.9809822883310564,4
2103,1253,4.559752882910338,3
2104,2458,3.0,2
2105,1,3.519045967360772,4
2105,145,2.741678784097827,2
2105,208,3.1348971854673913,2
2105,296,3.597987649678255,5
2105,1061,3.331322573293113,3
2105,1097,3.5353466719519195,4
2105,1206,3.793994190386842,4
2105,1644,2.559359047868396,2
2105,1699,3.0,3
2105,1721,3.4635565488849163,2
2105,1732,3.5830845154960094,5
2105,1957,3.8764740852611927,3
2105,2100,3.4177599820786173,3
2105,2410,3.0314569118493697,2
2105,2642,2.9962064636578085,2
2105,2791,3.5471614800507774,5
2105,2916,3.4389884660730066,3
2105,3147,3.753893227746753,3
2105,3525,3.0385138538605587,2
2105,3608,3.5492866399625247,4
2106,120,3.0,2
2106,416,3.0,1
2106,552,1.8089489657074218,3
2106,612,3.0,2
2106,697,3.0,3
2106,1021,1.5025962629658627,1
2106,1297,2.340979793240007,1
2106,1414,3.0,3
2106,1466,3.114052325789874,3
2106,1518,1.748490179997719,1
2106,2058,2.399279675504903,2
2106,2139,2.0366022213089354,1
2106,2248,2.733432581983261,4
2106,2318,3.329457449240501,4
2106,2502,2.4960371830905306,2
2106,2716,2.4444017197288526,1
2106,3504,3.5296707995400602,5
2106,3568,3.0,3
2109,277,3.0,3
2109,282,2.7507276556318216,3
2109,477,3.0,1
2109,500,3.0539348512839575,3
2109,512,3.0,3
2109,575,2.0,2
2109,750,3.6306926977533216,5
2109,1010,2.6589635876981697,1
2109,1049,3.0617311945592243,4
2109,1344,4.999999999999999,3
2109,1407,3.2885386038452498,4
2109,1602,3.0,1
2109,1826,3.0,3
2109,2109,3.3531073359947183,3
2109,2918,3.331479255998094,3
2109,3271,3.002379817671329,3
2109,3386,3.4049367865016156,3
2109,3471,3.3945786149846886,4
2109,3555,3.397791311705913,3
2110,34,3.2361183625094134,3
2110,1079,3.1781010332798862,4
2110,1894,3.414221367290704,1
2110,2948,4.1153151557709755,3
2111,2454,3.0,3
2112,477,3.0,2
2112,1307,3.554273089547653,4
2114,1196,3.951393537735831,5
2114,1356,3.4832701257340237,3
2114,1391,3.5516482622730585,5
2114,1722,3.8928594398920042,3
2114,2315,3.0,3
2115,1641,4.120268754690821,4
2115,3385,2.0,2
2115,3697,4.170141086332594,3
2115,3809,4.056583595179252,2
2116,50,4.0668535806949295,5
2116,64,3.0,3
2116,237,3.9129040776321724,4
2116,540,3.1007761339867255,3
2116,688,2.0,3
2116,875,3.0,4
2116,1006,3.0,3
2116,1270,4.0311264191156555,4
2116,1612,4.0,3
2116,1772,3.0,2
2116,1866,2.2366293274872113,4
2116,1869,4.0,3
2116,2045,3.0,3
2116,2054,3.9644785909610007,4
2116,2089,3.8649856633508577,3
2116,2093,5.0,3
2116,2337,3.0,3
2116,2385,3.536344833524672,4
2116,2396,4.128055946528189,3
2116,2571,3.9628136234798257,5
2116,2597,2.0,3
2116,2879,3.702533788523258,4
2116,2990,3.8031182312394516,3
2116,2996,3.0,4
2116,3100,4.046333429319539,4
2116,3255,4.009359616917668,4
2116,3285,3.0,2
2116,3405,3.0,4
2116,3527,3.906322104417697,4
2116,3712,4.113869788166559,3
2116,3844,3.5999069253352527,4
2118,296,4.589022899655177,5
2118,1617,4.610132656528133,4
2118,2064,4.68996071628081,5
2118,2863,4.83850638589821,5
2119,428,4.0,4
2119,593,3.7707320928621444,4
2119,2455,3.370464085143652,3
2119,3354,3.3067196276310598,3
2120,10,3.5800580946743383,4
2120,1036,3.727116916070003,3
2121,551,4.109973668583073,3
2121,942,4.071126549750802,5
2121,1249,4.061103698743658,4
2121,1281,4.0,3
2121,2291,4.110876723655952,3
2121,3736,3.0,3
2121,3801,3.0,4
2121,3924,3.0,4
2122,1203,4.69625959419338,5
2122,1295,4.000340066639395,4
2122,1784,3.5931323914025337,5
2122,3836,4.804441253288166,5
2123,1500,4.015643881391851,3
2123,1894,4.4947295996957894,5
2124,253,4.114111664713327,4
2124,608,4.431625740061887,5
2124,1053,3.0,3
2124,1099,5.0,5
2124,1234,4.47092578237341,5
2124,2087,4.448276105340006,4
2124,2785,3.0,3
2124,2841,3.815791496117086,3
2124,2857,5.0,5
2124,3622,3.0,4
2125,480,3.941960139687077,5
2125,2427,4.125672009930485,3
2125,3197,3.7844345155591332,3
2126,1127,2.5948737968137254,2
2126,1269,3.26168568696272,3
2126,2527,3.080244735179915,1
2126,3704,3.018081660733713,2
2127,344,3.2046617822037757,4
2127,908,3.2504034731204414,4
2127,3743,3.0,3
2128,906,3.0,4
2129,2333,4.2772770575228,2
2129,2517,3.263211177259619,4
2129,2758,3.0,3
2129,2770,3.770089462054671,3
2129,2790,2.0,3
2129,2827,3.0,3
2129,3418,3.985381225678425,4
2129,3476,3.7865573713988416,2
2129,3882,3.0,4
2129,3909,3.0,2
2130,366,3.8684763983033053,3
2130,2236,3.0,5
2130,3884,3.0,4
2131,160,3.231415114454692,2
2131,329,3.4779417581029697,2
2131,519,2.4301301891851113,2
2131,692,2.5446065961405764,1
2131,1388,3.4185263474164627,4
2131,1690,3.6531385679306068,3
2131,2291,3.952385088835527,3
2131,3839,4.0,4
2132,2287,2.6933341585435557,3
2132,2454,2.992312725242519,3
2132,2664,2.966278782046797,3
2133,593,3.0919040068463364,5
2134,432,3.5829330335438483,3
2135,2997,3.991964737438926,3
2136,158,3.352398633926068,5
2136,231,3.926340731167575,3
2136,500,3.970575478590953,4
2136,3114,3.836531083545098,5
2136,3753,4.280510041193148,5
2138,512,4.0,4
2140,1188,4.11617382428146,4
2140,1242,3.853597787135912,4
2140,3147,3.934705382445405,4
2142,150,3.694223371654856,3
2143,39,3.281844287113688,4
2143,880,2.8000163267708724,1
2143,1183,3.5974496683032724,5
2143,3481,3.7954473186846185,5
2144,1981,3.4098007741564382,4
2144,2232,3.0,4
2144,3708,4.123012743635352,3
2144,3837,2.865604211025276,2
2145,1042,4.486464818945325,5
2145,1223,5.0,5
2145,1914,3.0,5
2145,2863,5.0,5
2145,3919,4.0,2
2146,21,3.5198399608390223,4
2146,349,3.4968248849057275,4
2146,2058,3.509997234328562,3
2146,2872,2.8635999821806157,2
2146,3104,3.5888536302364136,5
2147,904,3.630729503294459,4
2147,2746,3.984260285426513,3
2148,1,4.1079549464096905,5
2148,539,4.17341837958592,2
2148,551,4.2211911325811515,5
2148,1060,4.199962605396308,3
2148,1278,4.192004077749777,5
2148,1356,4.020735061696507,5
2148,2060,4.0,5
2148,2161,4.292163675382853,5
2148,2416,4.129975745524633,4
2148,2617,4.000855442825449,4
2148,2643,3.7985258789589302,3
2148,3087,4.253884486275202,5
2150,2279,2.99632947486602,4
2152,3624,4.074503199097064,4
2153,256,2.739142815882434,3
2153,296,4.165103811725501,5
2153,1204,4.634757752432968,5
2153,1917,3.9400195683170542,4
2153,2109,4.149421359854851,5
2153,2120,3.699766959181444,3
2153,2297,2.3303331310588336,4
2153,3476,4.118913238208478,4
2153,3897,4.719325775960249,5
2155,168,5.0,5
2155,2633,5.0,4
2156,107,3.0,3
2156,288,3.6806720749098623,4
2156,1126,3.628329502552904,1
2156,1909,3.554398933983107,4
2156,2640,3.493948715415637,3
2157,126,1.0,1
2157,2657,3.940608033467284,4
2157,3499,3.790001289702748,5
2158,260,3.9123391365193694,5
2158,527,3.9001473332397776,4
2158,538,4.0,4
2158,2947,3.9824534475724884,4
2159,318,4.635723551749587,5
2159,1248,5.0,5
2161,50,3.6784749081376313,5
2161,1441,2.696869576739899,2
2161,1721,3.319614433857681,4
2161,3105,3.5380209057164573,2
2161,3163,3.0,4
2162,268,3.0,3
2162,378,5.0,4
2162,1029,3.97658489596237,5
2162,1259,4.17212103822555,3
2162,1485,4.096577455976458,4
2162,2124,3.8419096103321153,4
2163,1385,3.965170538876106,5
2163,1747,4.724254190814089,5
2163,1882,4.010069908825392,2
2164,207,2.458914465513678,4
2164,1258,4.09418678611712,4
2164,1272,3.9281258587710197,5
2164,1298,3.9800539249501248,4
2164,1334,4.097680037440579,4
2164,1970,3.6370771334328604,4
2164,2568,3.0,3
2164,2861,3.0,2
2164,2872,3.9775169757197775,4
2164,3197,3.8005871267406013,3
2164,3250,4.0,3
2164,3735,3.927002369869693,4
2164,3793,3.8609800645462795,4
2165,1,4.224110181847199,4
2165,316,4.168410066095211,4
2165,589,4.230442529507238,5
2165,736,4.175976996946708,4
2165,1345,4.457235334770335,4
2165,2580,4.324088711251417,3
2165,2720,3.0,2
2165,3113,3.8504083704072065,3
2165,3210,4.42257936149547,5
2165,3638,4.2227569730280665,4
2166,107,3.0,2
2166,312,3.0,3
2166,370,4.229422759889283,4
2166,1036,4.174509128931832,5
2166,1148,3.2464236348873685,4
2166,1544,4.061506420254793,4
2166,1646,3.0,3
2166,3253,4.11398420233083,5
2166,3396,4.090662214502548,1
2167,1570,3.0,1
2167,2408,1.6502484033967273,3
2167,2526,3.0,2
2167,2657,3.1479316802048496,5
2167,2699,2.8578252757843208,1
2168,6,4.588599224962584,5
2168,518,3.0,5
2168,1073,4.2658951288695866,4
2168,1694,4.670104713946783,5
2168,2170,3.0,5
2168,2581,3.0159879154197755,1
2168,2924,3.0,4
2168,2936,4.500581194504227,5
2168,3596,3.0,4
2168,3618,5.0,5
2168,3754,3.0,4
2170,105,3.0,5
2170,2070,4.606278269589556,4
2170,2735,4.1422923567894,2
2170,2926,4.616164635951591,5
2170,3725,3.0,3
2171,318,4.503794551680745,5
2171,590,4.491292571302159,3
2172,14,3.4789411999177093,4
2172,592,3.0637119497260965,4
2172,1093,3.8448317120855995,3
2172,2580,3.792389164468213,4
2172,2808,2.526669959254584,1
2172,3235,3.0,2
2172,3476,3.298610757768069,4
2173,527,3.9898568980826905,5
2173,661,3.7015379038465612,4
2173,1961,3.9691872719122268,5
2173,2433,3.0103233654586026,4
2173,2970,3.0,4
2173,3528,3.0,3
2174,32,3.8817353793544234,2
2174,708,3.6561458481147953,3
2174,800,3.88675989264848,3
2174,1500,3.686106687984547,4
2174,1729,3.762472167601699,3
2174,2396,3.7879664175275893,5
2174,2571,3.7429296576327418,4
2175,704,3.0,3
2175,2006,4.354945974291156,3
2175,3327,3.0,5
2176,592,3.7728435595490035,4
2176,3000,3.0,5
2177,161,4.125168177525327,5
2177,1073,3.721573622556528,2
2177,1449,4.312447704062725,4
2177,3466,3.0,4
2178,235,4.132493988751075,3
2178,1242,4.534231580012765,4
2178,1265,4.53354926373531,3
2178,1295,4.529646333288237,5
2178,1580,4.441268136064465,3
2178,2336,3.7065665837222603,4
2178,3105,4.516786858739826,4
2179,300,3.6945739244885973,3
2180,329,3.2647024648700875,4
2180,435,2.854284436976128,1
2180,1387,3.4915639642228116,3
2180,1416,3.0,4
2180,1495,3.0,1
2180,2094,3.2015256256156137,3
2180,2525,3.0,1
2180,3033,3.1567579332031723,1
2180,3082,3.536635213200613,5
2181,891,2.9920157579425077,2
2181,1128,3.2548142555816324,4
2181,1676,3.641386386896567,1
2181,1690,3.4177356487602655,2
2181,1732,3.6688805347551914,5
2181,1925,3.0,4
2181,2097,3.4867027727365394,3
2181,2145,3.6268975315758705,3
2181,2289,3.8562189708286323,3
2181,2359,3.683378197833486,5
2181,2808,3.0085998355821446,1
2181,2902,3.1282578097156373,4
2181,2948,3.9210646122218855,5
2181,2985,3.568337641649889,5
2181,3396,3.824896474820303,5
2181,3668,2.9999999999999996,3
2181,3732,2.959077717164738,2
2181,3820,3.0,2
2181,3928,3.0864339660341367,5
2184,3175,3.8843232976682107,4
2185,235,4.143819579107252,4
2185,492,4.0,3
2185,901,4.617132271408593,4
2185,1104,4.884246618946546,4
2185,1129,4.207609944078768,3
2185,1270,4.3070116126603155,3
2185,2936,4.999999999999999,4
2185,3061,4.432658083217538,4
2185,3819,3.0,4
2186,71,3.0,3
2186,1221,4.279745509539758,5
2186,1894,3.976848991572592,4
2186,2812,3.0,4
2186,3623,4.365164390460773,4
2186,3938,1.0,1
2187,29,4.652620590590525,5
2187,835,3.0,4
2187,2321,3.6581549635903823,3
2187,3255,3.8488709980896973,4
2188,47,3.1315816954889595,4
2188,276,2.819401137259674,3
2188,473,2.443510394843881,2
2188,724,2.431666312163366,3
2188,830,2.9060323049218364,3
2188,1031,3.279393605205844,3
2188,1091,3.0921690990168957,3
2188,1114,3.0,4
2188,1127,3.0779885261676077,4
2188,1247,3.6205184655216054,4
2188,1366,3.0,4
2188,1441,3.2586349397279446,3
2188,2115,3.2670486798091996,2
2188,2193,3.295126400468323,3
2188,3129,3.0,3
2189,2694,3.5996027167919475,4
2190,1136,4.293756729459086,4
2192,2393,3.9614600031261236,4
2192,2571,3.962314974274589,5
2192,2797,3.9162367706676404,3
2192,2872,4.019955212265123,4
2194,260,2.800088217828742,4
2194,2476,3.6705796295878486,2
2195,267,4.0,4
2195,593,3.8311656984397753,4
2195,1876,3.825712253258467,5
2196,2712,4.545522853321435,5
2197,527,4.49668136253841,5
2197,2971,3.567615263852783,3
2197,3913,3.0,5
2199,2607,3.0,4
2199,2690,4.0,4
2199,2709,3.0,3
2199,2712,4.3974274323298275,5
2199,3053,3.0,2
2199,3543,4.52069535752986,4
2199,3752,3.5559615462978966,3
2200,198,3.5671311455743537,3
2200,327,2.652727946289404,2
2200,442,3.3117612050239282,5
2200,748,3.3701575801878976,4
2200,1676,2.982014320683979,5
2200,2240,3.0,1
2202,318,3.3577863494316555,5
2202,3247,3.3617077929852717,2
2203,160,4.005123914800796,2
2203,173,3.7150852070446247,3
2203,377,4.0212163173350906,5
2203,1047,4.099446043229347,5
2203,1263,4.645739458109967,5
2203,1396,4.290265951753691,3
2203,1967,3.956756857084139,5
2203,2015,4.273991871923194,5
2203,3035,4.746600923657254,5
2203,3210,4.422464508685449,5
2203,3372,4.433252673179053,5
2203,3528,4.635612847736146,5
2203,3688,4.307117683142158,4
2205,247,3.6410949359353264,4
2205,708,2.987498235799514,2
2205,971,3.13565467144312,3
2205,1009,3.2097099849954445,3
2205,1089,3.328256930860021,3
2205,1237,4.00191323491539,5
2205,1327,2.965646915454344,3
2205,1339,3.0530190964442436,2
2205,1517,3.190648653583878,2
2205,1527,3.195887442458537,3
2205,1542,4.0,2
2205,1584,3.227129513987052,3
2205,2058,3.145569257342723,3
2205,2105,3.250540648107548,3
2205,2116,3.3200978062765527,3
2205,2161,3.179116768754292,4
2205,2613,2.911438158365611,3
2205,2787,2.717645857310236,3
2205,2989,3.1693860210575564,2
2205,3917,3.4857563941033054,5
2206,440,3.7071161018757017,4
2207,3753,4.27281729430995,3
2208,153,3.1658618728239847,2
2208,457,3.837800689494534,3
2208,1466,4.090299863656639,5
2208,2023,4.293630660156649,4
2208,2028,3.932568304056442,5
2208,2108,3.959119976999551,4
2208,3174,4.30693453463107,4
2209,3548,3.0,5
2209,3893,3.544248324458777,3
2210,246,4.0,4
2211,1127,4.161573953233998,4
2211,1196,4.09648673596497,3
2211,1252,4.282099881533472,5
2211,1387,4.0771759441583475,4
2211,2000,3.990707994498436,3
2211,3062,3.8530162999633504,4
2212,318,2.948052600099311,4
2212,356,3.19143066742428,5
2212,1544,3.031061597552135,4
2212,2694,3.573976274401305,3
2212,2792,2.4945456081450597,4
2212,3159,3.0,4
2213,70,3.6690795168600547,3
2213,3481,4.115553711515905,5
2214,928,4.696497424283601,5
2214,2015,3.4799775489670806,3
2215,161,3.2185003427777295,3
2215,1213,3.5784585017364496,3
2215,1407,3.5667801440516476,4
2215,1732,3.5658105076261934,4
2215,2336,3.6144349356208725,3
2215,3267,3.602427843490261,4
2216,2622,3.0,2
2216,3786,3.0,2
2217,366,1.5052372431218828,3
2217,1973,1.5047864700639102,2
2217,3101,4.498658283643451,4
2219,357,4.135862782715665,3
2219,804,3.0,2
2219,1682,4.107465740982631,3
2219,2324,4.131832865695204,4
2219,2804,4.283554055811834,5
2219,3105,4.15605067152886,4
2221,541,3.8442973944256855,5
2221,1876,3.5469206083231257,2
2221,2024,3.0,4
2222,350,3.861550848254028,3
2222,520,3.9101836389062203,5
2222,1242,3.4929038234532377,5
2222,2375,3.5976999146061877,2
2222,2520,5.0,4
2222,2929,4.326639586278059,3
2222,3421,2.7206264139865293,2
2222,3868,3.8368498993616984,5
2223,44,2.9564174920837685,3
2223,141,3.424019258921359,3
2223,986,3.0,3
2223,1136,3.5614955689412415,5
2223,1203,4.299705161248704,5
2223,1629,3.0,3
2223,2266,3.0001182231184162,2
2223,2278,3.4172441652353163,3
2223,2770,3.2573113877259416,4
2223,2872,3.9389176452192527,3
2223,3471,3.5032974522934666,5
2223,3552,3.7565015959623382,4
2224,3159,3.0,5
2224,3751,4.2699865031529844,4
2225,1100,2.9256867181720856,2
2225,1221,3.69960873426272,5
2225,2003,3.3495109377520653,3
2225,2804,3.6162657882556255,5
2226,1,3.6653532712784815,2
2228,736,4.3211778186363885,4
2228,2787,4.0,3
2230,350,4.00665628687433,4
2230,354,3.0,2
2230,650,3.0,4
2230,1535,3.0,4
2230,1660,3.0,2
2230,1814,3.0,3
2230,2501,3.893193378855844,5
2230,2829,3.0,3
2230,3107,3.3119502329050428,4
2230,3148,3.4199868105942097,5
2230,3255,3.378217325672386,5
2231,1097,3.7351322546949586,3
2231,1104,4.308372362720983,5
2231,1129,3.419812794160864,3
2231,1179,3.9960713796960863,4
2231,2088,3.772240716575815,3
2231,2100,3.656040548447921,3
2231,2180,3.0,3
2231,2527,3.5307172994818243,3
2231,3267,3.7868353684377434,4
2232,16,4.266165545796238,4
2232,307,3.0,4
2232,838,4.172982770563786,4
2232,1035,4.37408779782548,4
2232,2105,4.182115049845047,5
2232,2628,4.0903283381010525,3
2232,3044,4.100857586767092,4
2232,3100,4.4272821592944585,5
2232,3745,4.177935459908535,4
2233,1081,3.4850592251406036,3
2233,1286,3.0,4
2233,1569,3.441793773782198,3
2233,1639,3.135878053711346,3
2233,1663,3.1531337771371994,4
2233,2145,3.6047448823157784,3
2233,3052,3.023227511796898,5
2233,3114,3.260478205447994,5
2233,3480,4.0,3
2235,435,3.748212194048819,5
2235,2572,3.804309224189657,4
2236,2997,4.301609409539836,4
2236,3325,3.0,3
2236,3554,3.0,4
2237,3,3.447009958364716,3
2237,529,4.322945330575743,5
2237,1190,3.0,4
2237,1258,4.029898166814724,4
2237,2406,3.99976035177083,4
2237,2421,3.591262330198676,3
2237,2692,4.093326907453101,5
2237,2848,3.0,4
2238,279,3.0,5
2238,1673,3.893072083437624,5
2239,73,3.0,5
2239,2959,4.231599876144292,5
2240,480,4.35044184437297,5
2240,912,4.35084590148569,5
2240,1266,4.349332600887885,4
2240,2011,4.3578920334432985,4
2241,899,4.43421000282102,4
2241,1219,4.36236906726091,5
2242,480,3.6951344899175433,4
2242,761,3.0,4
2242,1525,3.0,1
2242,2628,3.834960821765288,2
2244,317,3.686717244570576,3
2244,367,3.934940251466264,2
2244,546,1.7850560777625857,1
2244,801,4.0,1
2244,903,4.823818950736086,5
2244,955,5.0,5
2244,1234,4.674070000280391,5
2244,1921,3.981387521451646,4
2244,1952,4.896981177359908,5
2244,2028,4.236225248631488,5
2244,2648,4.79548682239116,5
2244,2761,3.9921071550259093,1
2244,3396,4.436809844862366,5
2246,1527,3.421018850287765,4
2246,1580,3.450443650465497,2
2246,1954,3.778078690490465,4
2246,3055,3.0,3
2247,926,4.08264573186791,4
2247,1041,4.2012432431981015,5
2247,1093,3.390454642983799,2
2247,1208,4.046327772513782,1
2247,1224,4.478252279232185,3
2247,1704,3.9565446331838805,5
2247,2324,3.920277806995949,4
2247,2433,4.746189400440598,4
2247,2721,1.0,1
2247,2997,3.8566560557226257,1
2248,2384,5.0,5
2248,2657,3.7523194356247744,5
2249,3160,5.0,4
2249,3753,4.399209022504588,5
2250,201,3.0,1
2250,551,3.637935019795694,5
2251,288,3.7256745109762233,4
2251,431,4.043172819003844,4
2251,906,3.0,4
2251,912,4.25683857402663,5
2251,1556,3.3201313784877957,2
2251,2302,3.7046431001484277,4
2251,2460,3.3243386016724537,3
2251,3018,3.981357465211111,5
2251,3097,5.0,4
2251,3263,3.5205061368297517,4
2251,3634,3.0,5
2253,648,4.288968994087933,3
2253,1374,4.319783900803093,4
2254,110,4.205021569950607,5
2254,1036,4.116597877244088,4
2255,339,4.257057665947535,4
2255,364,4.0364133158769295,4
2255,1235,4.007102772680843,4
2255,2048,3.6479493421749294,4
2255,2396,4.206178119537105,5
2255,3345,3.0,3
2255,3671,4.148975287555,4
2256,480,4.344054793236992,5
2257,440,3.0,4
2258,118,3.0,4
2258,377,3.577634903099061,4
2258,466,3.6464737755881695,2
2258,736,3.6833046816222867,2
2258,801,3.3024958213856404,3
2258,888,3.0,1
2258,1013,3.4589230130559385,3
2258,1961,3.9130687238441446,5
2258,2043,4.0,4
2258,2294,3.5240206880357765,3
2259,527,4.6075332088208425,5
2259,1394,4.305470144946543,5
2259,2357,3.0,5
2259,2683,4.046177609863671,3
2261,41,3.0,3
2261,272,3.8521267104208197,3
2261,504,2.962182916574189,3
2261,748,2.9983295926168814,2
2261,2448,2.968675417635794,1
2261,2694,2.9867763045501103,2
2261,2714,3.0,3
2261,2762,3.5539618949537135,5
2262,474,3.9484192463467718,4
2262,2001,3.859202136101262,4
2262,2011,3.847323893979955,3
2262,2997,3.964322901332601,1
2263,454,3.900139322279665,4
2263,678,5.0,5
2263,1047,3.9167068884007357,4
2263,1374,3.738823898680498,4
2263,1923,3.8003975793950624,5
2264,367,3.7994917415178766,4
2264,2406,3.840659631612606,4
2264,3809,3.8098427111061395,3
2265,836,2.996013293968285,3
2265,969,4.433218307899467,5
2265,1249,3.869190335370527,3
2265,1779,3.491882639227044,3
2265,1801,3.4914362485444372,3
2265,2194,3.9575513346990157,5
2265,3197,4.129304817659078,3
2266,16,4.216077555896103,1
2266,527,4.3352794232492275,5
2266,1339,4.500613752010288,2
2266,2391,4.195677949693847,4
2267,1962,3.514097094706029,3
2267,2160,3.368442149529508,5
2267,2352,3.4676404162488086,4
2268,2858,4.2705806293378075,4
2269,2159,3.0,4
2270,1544,3.9130310398347805,4
2270,2012,3.930929219682323,3
2270,3175,3.830810540597491,4
2270,3826,4.0,4
2271,750,4.4352629378721184,5
2271,1197,4.293356150595761,5
2271,1219,4.477183692201666,5
2271,1610,4.245918602356564,4
2271,2115,4.242788176043544,4
2271,2951,4.380324346563625,4
2271,3174,4.0896381702863085,4
2271,3932,3.0,4
2272,1079,4.023525445814509,5
2272,1955,4.13349206195139,4
2272,3827,5.0,4
2273,1387,3.9165583872360816,3
2274,673,4.306321976846694,1
2274,2021,4.368337833319974,4
2274,2797,3.248392055614428,3
2274,3598,3.0,5
2275,2763,3.4644609775099684,4
2276,590,4.5156840952065735,5
2276,1179,4.494868352662898,3
2278,480,4.563824567312029,2
2278,2396,3.8737344788458588,5
2278,2455,3.4103713741543036,3
2278,2688,3.3708076304225836,4
2278,2858,2.6321189601180297,4
2279,1101,3.8922009411779626,4
2279,1197,4.098258061235834,3
2279,1953,4.404666925638677,5
2279,2792,3.5215580319039352,3
2279,2816,3.0,2
2279,2862,3.0,3
2279,3427,3.0,3
2279,3498,3.973365114415028,5
2280,1035,4.355704097186241,4
2282,292,4.232231709359423,4
2282,541,4.550860102224034,5
2282,1037,4.3681410266790435,4
2282,1580,4.346966409952569,5
2282,1870,3.0,3
2282,1909,4.056820520132269,4
2282,2571,4.373960006480797,3
2282,3263,4.211718184922932,3
2284,1077,4.492471927570555,5
2284,1210,4.270115190142619,4
2284,2628,4.434692797243026,2
2285,353,4.227055646070301,3
2285,608,3.874299027787615,2
2285,1393,4.10762717732491,4
2287,161,4.0,5
2288,6,3.1031959512189835,2
2288,898,4.239411226976933,2
2288,1080,3.610723738983473,4
2288,1175,4.0,4
2288,1196,3.1690176792783675,3
2288,1217,4.646182386646094,5
2288,1373,2.358137878204143,2
2288,1580,2.905225821721398,2
2288,2093,3.0,2
2288,2160,4.05310008044926,4
2288,2710,3.145114634714209,3
2288,2966,4.0,4
2288,3098,3.192097987317281,3
2288,3468,4.390678148381552,5
2289,919,4.151040981625471,5
2290,524,3.6723208855446354,3
2290,1580,3.424024559104167,3
2290,1965,3.2839147854340016,2
2291,2470,4.192512760211072,3
2293,110,4.5073887457147475,4
2293,1035,4.472075528215401,4
2293,1192,4.0,5
2293,1282,4.449511280297918,5
2293,2100,4.461656909563515,4
2293,2396,4.658964236491219,5
2293,2921,4.447726484480453,4
2293,3681,4.382310344724487,5
2294,1250,4.1792262732647805,5
2294,1272,4.183529563671603,4
2295,3527,4.356518609668727,4
2297,1028,4.332093182505099,1
2297,1200,4.231733970233331,4
2298,913,4.434194678314983,5
2298,1249,4.198029610280801,4
2298,2291,3.7994013210625037,4
2298,3053,3.0,4
2299,1573,3.3947759712144583,4
2299,3269,3.827688828453525,1
2300,1036,3.988282652667395,4
2301,1246,3.717844485723628,3
2302,329,3.842485823872645,3
2302,1304,3.9589206444318,3
2302,1544,3.784743853135368,4
2302,2001,3.7130288479653846,5
2302,3175,3.742490204459179,3
2303,296,4.282650879084213,4
2303,590,4.274480378956678,5
2303,1213,4.3181018179536155,4
2303,1784,4.334276940149305,5
2303,2427,4.298176805241944,3
2303,2763,4.2859197645345635,4
2303,3093,3.6611963116010484,3
2303,3513,4.236954453303056,4
2304,11,4.009462328737407,4
2304,95,4.064869232622115,5
2304,208,4.0472429864891275,4
2304,292,4.051853114661386,4
2304,360,3.0,4
2304,371,3.0,3
2304,728,4.0,4
2304,783,4.129527361401573,4
2304,858,4.142358861639942,4
2304,909,3.895105876063452,4
2304,1128,3.6798581210932886,3
2304,1197,4.057549937576581,4
2304,1198,3.920525605133153,5
2304,1380,3.9794698959719685,2
2304,1783,3.0,4
2304,1834,4.186475401652663,4
2304,1965,3.999474533452515,4
2304,2180,3.0,4
2304,2247,3.999896618485264,3
2304,2291,4.082521373540243,2
2304,2359,4.312708205454554,4
2304,2605,3.828384576957653,3
2304,2793,3.574852084969759,4
2304,2974,3.4973860006372397,3
2304,3107,4.056359133677707,4
2304,3421,4.021837825233567,5
2304,3893,4.0,4
2305,2858,3.0447129798698644,4
2305,3052,2.462982436474291,4
2306,1265,3.6402300776924403,4
2306,2081,3.482718002481237,3
2307,246,4.722214423283079,5
2307,266,4.46806360140605,4
2307,1704,4.682674282396365,5
2307,2571,4.549601544333545,5
2307,3502,3.0,3
2308,2710,4.337620361752523,2
2308,2881,4.00669342243089,4
2309,351,3.796057475765974,5
2309,527,3.5341659850585017,5
2309,736,3.730021639411227,5
2309,858,3.5267341827179144,3
2309,1307,3.5297140936305142,5
2309,2558,3.548944381200671,3
2309,3081,3.7412415093577613,1
2310,2018,3.456752899649253,4
2310,3700,2.0,3
2312,2377,3.0,4
2312,2401,3.0,5
2312,2408,4.004126558691315,3
2313,2571,4.597687750012014,5
2314,2694,2.4831995281727877,2
2314,2712,3.8571796188479337,2
2315,1263,4.211799991102846,4
2315,2015,4.0,2
2315,2133,3.005020182930546,5
2315,2520,1.0,1
2316,141,3.8812488884684697,4
2316,1036,4.000671751943539,5
2316,1271,3.5079939786212435,2
2316,1641,4.002570853275792,3
2316,2194,4.014104020162065,5
2316,2402,3.6445023764136817,2
2318,577,3.0,1
2319,1079,3.668102657296198,4
2319,1096,4.302441308260569,4
2320,3358,3.469644832155229,3
2321,216,3.964731083523278,5
2321,1641,3.869135685563356,3
2322,1343,4.361154252012001,5
2323,1219,3.792694153150843,3
2323,1291,3.725900141816267,4
2323,2700,3.915173428780675,5
2323,3198,3.5257259880017826,3
2323,3726,3.0,2
2323,3917,3.8936554578964455,5
2324,2019,4.399827326590304,5
2326,2762,4.6185859333882275,3
2327,377,3.5801671438196756,2
2328,589,3.2696282992896695,4
2328,2530,3.133470616812399,3
2330,1997,2.3782136130812916,1
2330,2094,3.089190359606953,3
2330,2105,3.319151837725118,2
2331,1094,4.4668618800138775,5
2331,1183,4.558955605865463,4
2331,2321,3.5966490899980954,3
2331,2883,3.0,4
2331,3534,4.0,3
2333,342,4.342307737053096,5
2333,708,3.718145765606611,3
2333,1101,3.884268100293596,4
2334,254,3.0,4
2334,421,3.0,4
2334,1230,3.8221562427121487,3
2334,1353,3.514604890981651,4
2334,2145,3.786114614322398,3
2334,3125,3.0,3
2334,3654,3.9534286536342518,4
2335,2529,3.2314743843650247,2
2335,3363,3.7364408720144486,3
2335,3661,3.0,1
2336,2921,4.054234623252472,5
2338,1208,3.966232558691891,4
2338,1965,3.7563536385771377,5
2338,2311,3.9155033713581613,3
2338,3175,4.0611641055108505,4
2338,3788,4.5274677251861455,4
2340,58,4.614803589791285,4
2340,1042,4.291203856768356,5
2340,1197,4.519623461811421,5
2340,1262,4.718771446075127,5
2340,1663,4.492180124233418,5
2340,1784,4.378917156284889,4
2340,2090,3.551035875515518,4
2340,2628,4.554537780400488,4
2342,908,3.9733869030293643,5
2342,1196,3.938897344048392,4
2342,1222,3.9750938180970947,5
2342,2529,3.7578107075409197,3
2344,1215,3.602354614339133,4
2344,1265,3.58451750485548,5
2344,3868,3.579341650148075,3
2345,475,3.0,3
2346,2078,3.8377713628449226,4
2346,2273,3.1565960949425245,4
2348,589,3.4501408338229034,4
2348,1200,3.400158888331835,3
2348,1244,3.603603580601619,3
2348,1298,3.871259643390477,2
2348,1968,2.9835442523465923,2
2348,2764,3.7493209658879953,2
2349,1148,3.6809618673910074,4
2349,2989,2.646831010928962,2
2349,3683,3.5704876016946914,4
2350,48,3.8559910501141736,3
2350,110,4.044557791926906,4
2350,1895,3.0,4
2350,1967,3.687365829234485,4
2350,2687,3.8381502608789195,4
2351,36,3.768613830194485,2
2351,364,3.464400588717409,4
2351,924,3.942218379095131,4
2351,1271,3.214827120816772,5
2351,3733,5.0,4
2352,1998,2.138384206323519,3
2355,111,3.6524350765754874,2
2355,348,3.898737837945387,4
2355,608,3.582993617540813,1
2355,926,4.122770228609693,4
2355,1097,3.5908609737154333,3
2355,1961,3.550445029488774,3
2355,3039,3.464000413476597,4
2356,858,3.6848992318802285,3
2357,434,4.46480605357765,4
2357,3565,5.0,3
2359,2355,4.147887520133422,4
2361,2001,3.5234411757763513,3
2361,2349,3.0,4
2362,125,3.0,5
2362,3317,3.5057837915377172,2
2363,1580,4.874594289825447,5
2363,2291,4.821156228872654,5
2363,2529,4.754219259835125,3
2365,2194,4.394023168423855,4
2365,2949,4.492867289869541,4
2366,1918,3.334771193433374,4
2367,350,4.3119471439365205,4
2367,2321,3.8718560263521336,3
2368,46,3.0,4
2368,912,4.349505309072365,4
2368,1271,4.619573916963553,5
2368,1962,4.434834643410433,5
2368,2370,3.0,2
2368,2732,3.0,4
2368,3186,4.0,4
2369,457,4.45598819374029,5
2370,1704,4.3362011151917885,3
2371,19,5.0,2
2372,1268,4.797946960135951,5
2372,1873,3.0,5
2372,2071,3.0,5
2374,353,4.013103719799197,4
2374,434,4.107444014146085,4
2374,2324,4.246679162477363,5
2375,1035,3.7087049804395815,4
2376,14,3.9713762436984164,4
2376,194,3.5004346080098254,5
2376,318,3.714277277129584,4
2376,762,1.997530196612481,1
2376,800,4.150390297639072,5
2376,923,4.176452277083676,5
2376,1230,4.228652111437418,5
2376,1242,3.8352544976080614,4
2376,1280,4.0,4
2376,2916,3.5244849085116794,2
2376,3125,3.0,3
2377,2529,3.7905462229291516,4
2378,110,3.7466531140507358,4
2378,552,3.141925964943493,2
2378,1573,3.5917990678136524,5
2378,1580,3.5757796035866316,4
2378,1665,3.0,4
2378,2427,3.9531340082856867,2
2378,2617,3.5861625573034113,4
2378,2860,3.0,4
2378,3799,3.0,2
2380,7,3.5092508116862806,3
2380,253,3.5005676396287995,1
2380,372,3.4854540202057476,3
2380,653,3.237404913603454,3
2380,1060,3.753899402701192,4
2380,1203,5.0,5
2380,1777,3.4823620314898855,4
2380,2447,3.6609995951976564,2
2380,3100,3.7642930162804316,4
2380,3952,3.0,4
2381,2683,3.4220836721390717,4
2382,2370,3.0,5
2382,2710,3.409878444859766,2
2383,588,3.638727529007419,4
2383,592,3.521021519383196,4
2383,1259,3.621261717920805,4
2383,2091,3.0,4
2383,2124,3.670555186585349,4
2383,2153,2.0,2
2383,2193,3.4895410931989663,4
2383,2420,3.619635237500677,3
2383,2717,3.4867666116426865,4
2383,3072,3.9306372764159727,4
2383,3254,3.588306642718392,4
2383,3360,3.7769462443158575,3
2383,3702,3.5358637872777376,4
2384,1370,3.940596543101842,4
2384,2046,3.405478457621486,4
2385,1722,3.9682873205681743,3
2385,2028,3.977364514232052,5
2386,1015,4.0,4
2386,2083,3.7807768777967783,4
2386,3157,4.0,4
2387,1120,3.9302397861758367,4
2387,2858,3.4464663242217823,5
2389,101,3.0,4
2389,1357,3.824225397657526,4
2389,2064,4.128555263183292,4
2389,2355,4.030849150297742,5
2389,2542,4.013699226438726,4
2389,2926,4.006280935607889,4
2389,2978,3.0,3
2390,3623,4.16445207424425,4
2391,661,3.2996451079475615,1
2391,1221,4.172949822610541,5
2393,704,3.0,4
2393,2023,4.086145780212712,5
2393,3032,3.573773487252099,3
2393,3461,3.0,4
2394,1917,4.040510654333857,5
2395,508,3.877728063688728,4
2395,1320,3.8132163807888872,4
2395,1753,3.0,2
2395,1845,3.7284863279152196,3
2395,1962,3.9849649636130966,4
2395,2683,3.239588904837393,4
2395,3624,3.7098506614652016,3
2396,150,4.362119699526347,4
2396,296,4.4610465283410825,4
2396,3260,3.7439684241173277,3
2397,3578,3.772295474206095,3
2398,299,3.0,4
2398,1127,3.640340439016458,5
2399,3307,4.0,4
2400,1047,4.273427406928137,3
2401,1198,4.490641402741925,5
2401,2333,4.343298454577149,4
2401,2763,4.673808393481837,4
2402,6,3.712224636645314,4
2402,293,3.7099462874588034,4
2402,1210,3.6383150069107972,4
2402,1230,3.8151172685101957,3
2402,1262,4.083148420825583,4
2402,1270,3.629541528489113,4
2402,1603,2.96293758137415,3
2402,1729,3.675332388657674,3
2402,2028,3.7271342985289926,5
2402,2311,3.370975707788097,3
2402,2643,2.887345366344149,2
2402,3062,3.826996564022394,4
2402,3703,3.746579578855393,5
2402,3740,3.3859414670068535,3
2402,3753,3.9639086739387217,4
2403,1047,3.480302981566527,3
2403,1374,3.5164732376920083,3
2403,2028,3.6910568207013306,5
2403,3173,4.0127451481546315,3
2403,3703,3.5540868944048642,3
2405,408,3.0,5
2405,941,3.0,3
2405,1378,3.5297332903333887,3
2406,587,3.4755434901613222,5
2406,2424,4.2003683930456575,4
2408,3753,3.605149858988659,2
2409,1198,3.7548240436947506,4
2409,1394,3.686699234007947,4
2409,3286,3.0,4
2409,3701,3.8145767887083277,4
2410,954,4.212955036197462,5
2410,1207,4.004717213592303,4
2410,3168,4.33337118667706,3
2411,367,3.7433759437807783,3
2411,1230,4.027637351654801,4
2411,1722,3.5994026348204358,3
2411,1769,3.1111316834086273,5
2411,2366,4.135554345100269,5
2411,2791,3.915274718847065,4
2411,2858,3.5042645727817705,4
2411,3072,3.9416371308757703,4
2411,3175,3.4650707546534636,4
2412,2367,3.6283246727952863,3
2414,1200,4.423976651345862,4
2414,1210,4.414725830454525,5
2414,1914,3.0,3
2414,1957,4.456968606587099,5
2414,2354,3.0,4
2416,1586,4.140387787141087,3
2416,3949,4.0,5
2418,3247,3.0878204342869,4
2419,337,3.9549747355467275,4
2419,358,3.0,3
2419,1095,4.105086856262038,4
2419,1954,3.7128184681645404,4
2419,2539,3.777589451976751,4
2419,2712,3.997800259945136,3
2419,2736,4.016641725882442,3
2419,2959,3.7899841392566023,3
2419,3040,3.5122776351223783,3
2419,3087,3.541276376391912,3
2419,3387,3.027737727446766,3
2419,3501,3.500555586697007,3
2419,3821,2.0,3
2420,1200,4.5767042620239256,5
2421,527,4.043458904815811,4
2421,1676,3.8193137399629937,2
2423,916,4.703096855763386,5
2423,1307,4.176182574365367,3
2424,588,3.5273378927918437,5
2424,924,3.626745854796964,3
2424,2194,3.5737208463013035,4
2424,3342,3.0,5
2424,3471,3.5697750373773047,3
2425,1645,3.7343712582825006,2
2427,1,4.164913497552104,4
2427,1274,4.24472250805114,4
2427,2888,3.0,2
2427,3155,3.0,3
2427,3538,3.0,5
2428,1079,3.3369564883462806,1
2428,2861,3.0,4
2429,2262,4.156769705003982,5
2429,3148,4.551123222523404,4
2430,1597,3.708029678559483,1
2430,2291,4.212351993490051,1
2432,3005,1.0,2
2434,110,3.8785427982295677,5
2434,3717,3.0,2
2436,161,3.633861953466738,3
2436,356,3.7642635996787326,5
2436,1080,3.988639447548093,5
2436,1378,3.641920706972374,3
2436,1704,3.8846222772638814,5
2436,2144,3.910387884976603,4
2436,2236,3.0,5
2436,2321,3.726175647893274,4
2436,2324,4.072360626750747,1
2436,2387,3.0,5
2436,2763,3.753959998651345,3
2436,3253,3.7145656840916312,4
2436,3273,2.5849351698283485,2
2436,3697,3.468669451068589,2
2436,3698,3.7122450871810235,4
2436,3702,3.9021761355990945,5
2437,541,4.028119722597967,2
2438,116,3.0,4
2438,357,3.836002957099668,3
2438,435,3.5984179262040232,2
2438,587,3.782571675772482,5
2438,2375,2.6806394381721694,2
2438,2432,3.0,1
2438,2585,3.0,4
2438,2641,3.76200971352864,5
2438,3418,4.316570999382959,3
2438,3504,4.311254472769758,3
2439,111,3.5221968283711296,4
2439,151,3.5014514939332635,3
2439,2858,2.7903742531840816,4
2440,2976,3.0,3
2441,113,3.0,5
2441,1645,4.088141439347492,5
2442,2746,4.288570075934019,1
2444,364,4.115528993181209,5
2444,1017,4.0,4
2445,329,3.814861535719589,3
2445,1606,3.4438792250707637,4
2445,2989,3.8002296006885725,4
2445,3527,3.869385510834748,5
2446,42,3.0,4
2446,908,4.381842596694437,3
2446,1300,4.4782393104407126,4
2446,1895,4.246217126103324,4
2446,1971,3.7586448639908605,4
2446,2005,4.100959137531733,5
2446,2533,4.022888342542793,4
2446,2788,4.457252913209224,4
2446,2841,3.381157685244405,4
2447,2716,4.130226621104357,4
2448,17,4.490742102747846,4
2448,2761,4.05911407994137,2
2448,2763,4.342942754744493,4
2450,36,3.573595183567183,4
2450,1221,3.8927181357288787,4
2450,2716,3.0243244206447426,3
2451,969,3.9364250831135714,4
2451,1214,3.611333084115098,4
2451,1302,3.6803132654618884,5
2451,1405,2.979845249270755,1
2451,2826,3.5335708844459206,4
2451,3113,3.012820289171546,3
2451,3363,3.9932801192568137,3
2451,3481,3.4483785508940348,2
2451,3745,3.231008837298704,2
2453,70,3.538756187718458,1
2453,86,3.0,4
2453,100,3.0,3
2453,349,3.712413271860262,5
2453,552,3.3296466848173845,3
2453,673,3.0937626933602136,3
2453,1262,4.09982328027485,5
2453,1373,3.402564014294579,4
2453,1953,4.051839230581847,4
2453,1962,3.8739590238791277,5
2454,364,3.59756517968534,4
2454,1196,3.6205111637038487,5
2454,2046,3.6146256961381615,3
2454,2125,3.8299155237207274,4
2454,2918,3.3695736786018085,4
2454,2959,3.629462473406291,1
2454,3438,3.486592593329578,3
2455,1130,1.7746742354441192,3
2455,1982,2.0505701114550785,2
2456,208,3.0055208694061366,3
2456,329,3.133648079781269,3
2456,481,3.5005888574715667,3
2456,529,3.7060688933235624,5
2456,592,3.043241078346369,4
2456,1663,3.284751676113087,3
2456,2012,3.0812374147739754,3
2456,2054,2.964039745291712,3
2456,2348,3.8034871361753066,4
2456,2373,2.609596998442514,2
2456,3060,3.6040124948648673,3
2456,3479,3.2539891412907194,3
2457,161,3.461441883500882,3
2457,368,3.828516023632596,4
2457,1676,3.215941256553717,4
2457,2195,3.0,3
2457,2532,3.117055333618062,3
2457,2571,3.588136519881599,5
2457,2640,3.3385425226808225,4
2457,3327,3.0,3
2457,3702,3.586170166457328,3
2457,3770,3.1456657622841924,3
2458,34,3.18691771120782,4
2458,748,4.22365438718998,3
2458,1307,3.5586774978817,2
2458,2001,3.8886024104714827,5
2458,2628,3.448938232663414,5
2458,3396,3.6522764392717675,3
2459,1,3.9870535814022454,4
2459,589,4.008948200101808,4
2460,2716,4.279817024661078,5
2461,11,3.9053612459138938,4
2461,1047,4.042184988442437,5
2461,2321,3.695317119581539,5
2462,10,3.4739557422813006,3
2462,1020,3.225438891440981,2
2462,1242,3.7346450195050163,5
2462,1909,3.441610255764602,3
2462,2018,3.600625148824367,4
2462,2054,3.4482092116938987,3
2462,2174,3.602175340047969,3
2462,3397,3.4104385294169135,2
2462,3504,3.9913126259153247,4
2463,1101,3.514802472677806,4
2463,1261,3.61662024567956,1
2463,1375,3.3812276105600194,2
2463,1587,3.385821311675863,4
2463,2532,2.8008446201480757,1
2463,3698,3.4240487677498166,3
2463,3868,3.8529321722485506,5
2465,111,4.559504046770755,5
2465,1073,4.4143116884238145,4
2465,1093,4.190291686799306,3
2465,1230,4.596959928660974,5
2465,1797,3.0,5
2465,1994,3.874718890664451,4
2465,3035,4.549340449480665,5
2465,3408,4.461179389226427,4
2466,671,1.9682765331682952,4
2466,1175,4.0,4
2466,1199,3.3228580612677767,3
2466,2160,4.215992235600308,4
2466,3181,3.0,2
2468,577,3.0,3
2468,678,3.0,1
2468,2045,3.0,4
2469,2683,3.6022775255666333,5
2472,802,2.9870245885341946,2
2472,1036,3.7576793671084046,2
2472,1225,4.067610265473694,5
2472,1343,3.7779052240992,4
2472,2659,3.0,3
2472,2688,3.7678507309432323,3
2472,2985,3.7334808032012528,3
2472,3147,3.776091443542564,3
2473,2948,4.2206059171979335,4
2473,3101,4.505991405872226,2
2473,3827,3.0,4
2474,2571,4.537800404165929,5
2474,3753,4.856850649261231,5
2475,1340,4.554831569757977,5
2476,1955,4.27869924494154,5
2476,3135,3.991792153154259,5
2477,904,5.0,4
2477,910,4.76887286114411,5
2478,272,4.0,4
2478,329,3.4070887517944595,4
2478,947,3.0909367960324463,3
2478,1178,3.7267185293827416,4
2478,1183,3.6226541944766866,3
2478,1212,3.8812161753980092,4
2478,1213,3.732307560150804,5
2478,2186,3.804690146581003,4
2478,2863,3.96921496236113,5
2478,3101,3.6354089638334988,3
2478,3633,3.9127431536456547,3
2480,2710,4.213268475655823,4
2481,1947,4.066353904124651,5
2481,3035,4.319278846982147,5
2483,2363,3.612043825083575,1
2483,2967,3.0,3
2483,3368,3.0,3
2484,52,3.6361314452868463,2
2484,212,3.0,2
2484,445,3.0,3
2484,1266,3.8332532690031726,5
2484,1721,3.958925767578205,5
2484,1784,3.7787251973437566,5
2484,2076,3.351089839955029,2
2484,2428,3.050745816449623,3
2484,2463,3.6550102934189095,2
2484,2491,3.0,2
2484,2762,3.495185161998636,5
2484,2840,3.3400296504975246,4
2484,2922,4.433520156831787,5
2484,3081,3.3383344716000347,4
2484,3308,3.2764897352466753,2
2484,3424,3.5713257260760756,2
2484,3543,3.1224045461290877,3
2484,3752,3.449789646665159,4
2485,95,3.6989631148186572,2
2485,1265,4.031541016026813,3
2485,1674,4.133210538190015,4
2485,1784,4.062350824311019,4
2485,2109,4.023454865157332,3
2485,2419,3.0,4
2485,2734,3.0246944046940034,2
2485,3147,3.5670904018131813,5
2485,3214,3.0,3
2485,3578,4.018837607873372,4
2486,101,3.0,2
2486,1965,4.091505079412136,4
2489,434,3.4454327099962887,4
2489,1248,3.5531693166265557,4
2489,1296,3.504880730742543,4
2489,1485,3.386984256154399,3
2489,1610,3.5290122195032643,3
2489,2054,3.3779885400422653,3
2489,2405,3.3204811128079847,3
2489,2583,3.0,3
2489,3176,3.6188722526763493,4
2489,3489,3.4467082287428377,3
2490,538,3.0,5
2491,861,3.0,4
2491,919,4.246494140376418,3
2491,2529,4.820689744431239,1
2491,3942,1.0,1
2492,898,4.3059553056615085,5
2492,2671,4.3108555040399805,5
2493,1964,5.0,4
2493,2985,3.638420459905869,3
2493,3755,3.782815983851983,2
2496,273,3.3024537510544705,5
2496,316,2.7310353186089285,2
2496,1036,3.083724552768109,4
2496,1136,3.2914396635258223,4
2496,1282,3.3357402070750055,4
2496,1292,3.3099538119490957,4
2496,1303,4.200628444454192,5
2496,2006,2.801997929392483,3
2496,2398,3.890322174325047,5
2496,2539,2.6243034489032895,3
2496,3111,3.083049059890345,4
2496,3435,3.9066428723339244,5
2496,3508,3.7701535392277408,3
2496,3527,3.0227720404701093,3
2496,3648,3.0,1
2498,589,2.7766673298312807,1
2498,590,2.936793718528981,4
2498,903,3.6962778779740084,4
2498,1283,3.6787029364367316,4
2499,3185,3.0,3
2500,969,3.8791899789091997,2
2500,2334,3.7016031734876162,4
2500,2353,3.8296030952178524,4
2500,2944,3.8724517597082886,4
2500,3066,3.99001430136709,4
2501,1231,4.199715817356542,3
2503,1246,3.0830543268441,1
2503,2001,3.3980799537646007,2
2503,2072,3.060432430901873,1
2503,2117,3.1285877512059077,3
2503,2402,3.5032149967438153,3
2503,2792,3.259294714312948,5
2503,3068,2.2794780466124434,3
2503,3868,3.41811979682775,5
2504,10,3.6792220698751152,4
2504,1258,3.9804591139700416,5
2504,2671,3.413087715943675,3
2504,2706,3.6439996960634997,3
2504,2995,3.0,3
2504,3354,3.262885310366575,1
2504,3868,4.090380123907875,4
2506,17,4.036705750255451,5
2506,539,3.6067461005800747,2
2506,1210,3.6554390566336945,4
2506,1277,3.0,3
2506,1289,3.0,1
2506,1293,3.870946508254306,4
2506,1541,3.5806825472330868,4
2506,1888,3.5584644535612706,2
2506,1965,3.5052909471085982,3
2506,3552,3.575817808959466,2
2506,3703,3.558588313902328,2
2506,3868,3.6116835975134745,2
2507,48,4.227261319853612,3
2507,215,3.0,4
2507,321,3.0,3
2507,556,3.0,5
2507,780,3.7376253123697656,3
2507,904,4.407496934392711,5
2507,910,4.529976846199039,5
2507,1234,4.316948068080609,5
2507,1276,4.411058816265694,5
2507,1594,4.491512333367102,4
2507,1748,3.654332078811209,3
2507,1834,4.2407725701038625,5
2507,2004,2.832260494673719,5
2507,2105,3.8821508321976848,5
2507,2802,3.465497962975553,4
2507,2932,5.0,5
2507,3006,4.119828729175323,5
2507,3320,3.0,4
2507,3365,4.585978686441708,4
2507,3545,4.800392358117286,5
2507,3606,4.597687468832055,4
2508,2724,3.956156945175712,4
2509,1214,3.0403340367998166,4
2509,1657,3.0,3
2510,2021,4.915306127374481,2
2510,3247,4.698564725800004,3
2511,1013,3.0,2
2513,441,4.210262367931572,4
2513,2716,4.193790588836739,5
2513,3629,3.0,5
2515,3148,3.0,4
2517,110,3.5290113357372004,3
2518,3699,4.134979157384336,3
2520,345,3.0,4
2520,3251,3.0,4
2521,590,3.999669839777722,5
2521,2716,3.845895344956104,4
2522,1101,3.823784040922878,3
2522,1488,3.0,4
2522,2404,4.009745793355606,4
2522,3623,3.778613023611371,1
2523,551,4.127953969199757,5
2523,1035,3.97225337459871,2
2523,1208,4.186032364522755,5
2523,1394,3.932954149992455,5
2523,2857,4.006026912643406,5
2524,1270,3.2246710450231117,4
2524,1276,3.185250221522099,4
2525,11,3.6989322627114927,4
2525,1136,3.4011250308781995,4
2525,2064,3.2454321194122073,4
2525,3072,3.392720380089399,3
2526,1282,3.6204608771246223,2
2526,2366,3.8908463390652908,5
2526,3062,4.893943001499818,4
2526,3152,4.344954257424642,4
2526,3405,3.0,5
2527,2785,3.0,3
2528,70,3.6366761778373498,2
2528,555,3.7928283395521043,2
2529,558,3.506891150578731,4
2529,750,3.804282757444286,4
2529,1017,4.325800671012968,3
2529,1024,3.5396944938921537,3
2529,1302,3.847719046376443,2
2529,1409,4.025131640151056,5
2529,1485,3.8375289251084586,4
2529,1580,3.8154849202665693,5
2529,1587,3.7637056873837014,4
2529,1962,3.8168379039836924,4
2529,2091,3.0,2
2529,2173,3.0,4
2529,2467,4.33427651127174,4
2529,2640,3.8784678644217103,2
2529,2657,3.8067568806612826,5
2529,2717,3.8124908769660384,3
2529,3386,3.8070998657278876,3
2529,3591,3.867921001345812,4
2529,3667,3.0,2
2531,1197,3.5714765666852486,3
2532,480,4.332510249452897,3
2533,1021,4.0,4
2533,1593,4.17322728469333,3
2533,1894,4.365913524284418,3
2534,2064,3.233509788124779,5
2534,2858,3.6744918228100483,5
2535,919,4.467190846410757,5
2535,2779,3.6833430456113256,2
2535,3408,4.779229638358391,5
2537,104,3.409508116519414,2
2537,589,3.656165792461005,3
2537,594,3.632460756151685,3
2537,942,4.137189409975787,4
2537,1267,3.8771459505011,4
2537,2018,3.472069002743446,3
2537,2144,3.236876910587867,2
2537,2407,3.3171265950055915,3
2537,3031,3.0,1
2537,3409,3.5122149687874535,2
2538,2906,3.0,3
2539,858,3.949464308790906,4
2540,480,4.284539655669571,5
2540,769,3.0,4
2540,1569,4.335027179557192,5
2541,5,3.4849650266598147,4
2541,355,3.3870820837807094,4
2541,785,3.6628275476529146,2
2541,1646,3.0,4
2541,2053,3.1489188987262637,3
2541,2915,3.493861801192046,3
2541,2918,3.677362513174361,3
2542,917,3.0,4
2543,1225,4.512887434910651,4
2544,457,3.7324145959650425,3
2544,482,3.0,3
2544,916,4.1739331878489,5
2544,1069,4.167530940625257,4
2544,1199,4.015058725812312,3
2544,1220,3.5560255436883073,3
2544,1374,3.3679750366707655,3
2544,1846,3.0,3
2544,2644,3.976784485147063,4
2544,2932,3.506328063498098,3
2544,3427,3.0,3
2544,3451,3.8946387002720164,3
2544,3468,4.296340928579837,4
2544,3929,3.0,4
2545,1210,4.479036461907163,4
2545,2088,5.0,4
2545,3534,4.0,5
2546,2064,3.7885994224630983,4
2546,2858,3.543153460914193,4
2546,3730,3.521905362222564,3
2547,969,4.135034292359006,5
2547,3152,4.331103525646928,5
2549,1580,3.384434793167579,4
2550,969,3.6527369065580793,5
2550,1196,3.6990921853602297,5
2550,3682,3.5470989663595662,4
2551,2502,3.393165774384735,5
2551,3489,3.3321662268442154,3
2552,1242,3.6377293360630167,4
2552,1672,3.515516679993378,3
2552,2804,3.4362739281650043,2
2554,2692,4.184301689653984,5
2555,260,3.674360334429461,4
2555,1196,3.637507944445424,5
2555,1208,3.7504603619085652,2
2555,1214,3.728732684272918,4
2555,1597,3.2464521333785417,3
2556,1225,3.5486857170723547,4
2557,2856,3.0,2
2558,2797,3.8027953640428382,4
2559,10,4.032606652945472,4
2559,32,4.034465606958741,3
2559,104,4.169528383880531,4
2559,349,3.998153452422582,5
2559,597,4.041453689265147,4
2559,628,4.1202071344036,4
2559,1459,4.609629568669439,4
2559,2054,3.9981182612398043,4
2559,2115,4.049210508807207,4
2561,39,4.126180343948882,5
2562,1037,4.046662297277318,4
2562,1645,4.072575960349273,3
2562,1647,3.0,3
2562,2699,4.135873670984232,3
2564,1408,3.761972875691336,4
2564,2803,3.9338309901732864,4
2565,1363,3.0,4
2565,1597,4.117559925498566,5
2565,1619,3.0,4
2565,2294,4.5309024661719315,5
2565,2371,4.063364704722891,4
2565,2382,2.989791382720033,2
2565,3524,3.982871969514896,4
2566,48,3.3731693362345387,3
2566,292,3.657529742139759,4
2566,1610,3.6379101184188034,4
2566,3927,3.0,3
2567,173,3.2591967283630976,2
2567,2000,3.506235937776896,3
2567,2393,3.344416480946967,3
2567,2528,3.515299713861544,4
2567,2919,3.7802746874905537,3
2567,3107,3.402442069563841,2
2567,3197,3.3130910549216974,3
2569,1259,3.8150117886601174,3
2569,3015,3.0,3
2569,3932,3.0,3
2570,1682,4.029330590239878,3
2571,924,4.066286827342041,3
2571,969,4.110069379262562,5
2571,2294,4.999999999999999,4
2571,3755,4.507025915525438,4
2572,457,4.321219077279147,4
2573,260,4.294040773848675,5
2573,733,4.0796980461131005,4
2573,3020,4.013011224264309,4
2573,3384,3.0,5
2574,1278,4.84961254665766,4
2574,3629,3.0,4
2575,1219,3.971533764368266,4
2575,1573,3.936876041547094,5
2575,1912,3.795583352157283,3
2575,2735,3.284823148472396,3
2575,2906,3.0,3
2576,1377,3.25964985691712,3
2576,2000,3.336126718810756,4
2576,2194,3.4137519637102844,4
2576,2835,3.0,1
2576,3527,3.274234508668913,4
2576,3573,1.0,1
2576,3751,4.042629343820475,4
2577,2724,3.657005185118593,3
2578,1617,4.65279088064251,4
2579,2373,3.0,2
2581,150,4.34640536197315,5
2581,292,4.294230497720444,3
2581,475,4.172047511375265,5
2581,481,3.6764240428061448,3
2581,922,4.72086815141234,4
2581,933,4.810460002950863,5
2581,1179,4.295533092090934,4
2581,2112,4.320674613381598,3
2581,2203,5.0,5
2581,2871,4.286407169374122,5
2581,2901,4.0808787286342705,1
2582,3067,4.511758785721468,5
2583,539,4.476311253039219,5
2583,597,4.495938433928325,3
2583,673,4.283883041944745,3
2583,858,4.508928389373993,5
2583,1206,4.452655126285077,4
2583,1213,4.593010294628159,5
2583,1247,4.458662803269467,5
2583,1275,4.441026196038787,4
2583,1287,4.52760286106307,5
2583,1294,4.384402708682888,5
2583,1393,4.533785388142515,5
2583,2094,4.2364242325116965,3
2583,2099,4.361979470452023,4
2583,2641,4.4430964630556,4
2583,3257,4.6165557742319905,3
2584,3723,3.0,3
2585,1196,3.7983217207156237,3
2586,2064,4.063537606757334,5
2586,3732,3.0,3
2588,3548,3.0,4
2589,296,3.739207145559546,4
2589,1258,3.3560877633902884,4
2589,3078,3.0,4
2590,3,3.4970849929660623,3
2590,370,3.3105060569392917,3
2590,1242,4.178865887795332,4
2590,1978,2.650174411676048,3
2590,1996,2.3919091985513834,1
2590,2428,3.571814157662178,4
2590,2571,3.7017864501057605,5
2590,3409,2.974734617921793,4
2590,3872,3.0,4
2591,589,4.09426885948219,4
2592,111,3.7638100335527063,2
2592,427,3.0,2
2592,459,4.0,3
2592,912,3.789615564222828,4
2592,1214,3.3690775467563245,4
2592,1219,3.8083434708181287,5
2592,1302,3.7726202103813837,4
2592,1344,5.0,4
2592,1722,3.6228124512679036,4
2592,2059,5.0,5
2592,2087,3.783972709607559,5
2592,2803,3.9676655391006803,5
2592,2917,3.4188446501891048,5
2592,3824,3.0,3
2593,1094,4.71448035287374,5
2594,3476,3.486202604722327,2
2595,1027,3.4491056296426983,3
2595,1356,3.4795142152123644,4
2595,1396,3.4183194090471485,4
2595,1645,3.4513301843490183,3
2595,2294,4.1239030203225155,5
2595,3556,3.0,1
2596,2858,3.7901870518175915,3
2596,3513,3.0,3
2597,969,3.875483802035308,4
2598,10,4.117673875300035,4
2599,1320,3.813396119962377,2
2599,1954,3.9672418785632995,4
2599,2353,4.071821645034204,4
2599,2533,3.834606849917347,3
2599,2968,3.8291471315560432,4
2600,524,2.587755866353424,4
2600,531,3.0,3
2601,110,3.7628393198933736,4
2603,266,4.436895532072572,4
2603,1265,3.9777117166025096,4
2604,1073,4.080455257168522,5
2604,3039,3.990055628099165,4
2605,198,3.9999794586593276,3
2605,1206,4.105931475699941,5
2605,1240,4.061145374617336,5
2605,1580,4.011616973853233,3
2605,1754,3.6543197097882847,3
2605,2985,3.9743944701788325,3
2605,3386,4.107824108219911,4
2606,921,4.535985573797733,5
2606,2349,3.0,4
2607,296,4.440299443677663,3
2607,3095,4.527138035547554,4
2608,49,3.0,2
2608,593,4.106599407956145,3
2608,994,3.2051801650204297,2
2608,1042,3.7613931108370084,3
2608,1150,4.75439307180937,5
2608,1272,4.079807708676858,4
2608,2390,3.0,2
2608,2542,4.084368470270244,3
2608,3037,4.134182762869705,5
2609,904,4.357909617658625,5
2609,1214,4.243723618699957,5
2609,1294,4.437769681484521,5
2609,1913,3.0,5
2609,3476,4.54359376633947,5
2611,70,3.6272176374764795,3
2611,364,3.705981934130511,4
2611,1090,3.7992700664066064,4
2611,1223,3.877284127843764,4
2611,1272,3.707355580565598,5
2611,1580,3.6510799260347744,4
2611,2398,3.1806832940142122,2
2611,2701,3.3258757562394052,1
2611,2716,3.8568702527417686,5
2611,2770,3.4525761186228103,3
2611,2804,4.154449678583288,5
2611,2968,3.872914452699809,2
2611,2985,3.7273563906337914,2
2611,3735,3.816082180866426,4
2611,3877,2.0,1
2611,3930,3.0,1
2612,1500,3.0554408494318293,3
2614,3035,4.664635761040876,4
2616,1193,3.508071068572596,4
2617,34,3.7581002441923435,5
2617,1193,3.7016918600519904,2
2618,2791,3.0053254449063185,1
2619,1230,4.444376064129077,5
2619,2333,5.0,4
2620,1961,3.842328330132797,4
2620,2402,2.9888638776021224,3
2620,3006,4.120953912452137,4
2620,3300,3.0,5
2621,356,3.6699664944914976,5
2621,379,2.615686039419088,1
2621,1037,3.2555490001722607,1
2621,1475,3.0,3
2621,1483,3.0,2
2621,2321,3.2234596828437945,2
2621,2916,3.5605926774709644,1
2621,3869,3.2450666032786795,3
2624,380,4.22138624356258,4
2624,590,4.296839610247885,5
2624,1018,3.0,4
2624,1019,3.9620287831628653,4
2624,1299,4.405329586266453,5
2624,1303,4.369501162139058,4
2624,2406,4.228889574500424,5
2624,2613,3.7788691180887697,4
2624,3267,4.317262234159368,3
2624,3359,4.494723653469454,5
2624,3494,4.220480688995663,4
2625,1645,3.6478169776987146,3
2625,2782,3.4497248753072656,4
2625,3917,3.980781441324523,3
2627,893,3.0,1
2627,1227,3.6523322723939766,4
2627,1250,3.614600411133226,4
2627,1257,3.3326986699183876,4
2627,1344,3.9830977549692044,4
2627,1345,3.1857384605893886,3
2627,1352,3.0,3
2627,1387,3.348059997436426,3
2627,1922,3.0,2
2627,1976,2.7014868970248087,1
2627,2111,2.787418968398038,4
2627,2174,3.324839208060621,3
2627,2289,3.6748938441648336,5
2627,2411,2.616543073951712,2
2627,2682,3.0,3
2627,2890,3.4930841676277775,4
2627,2916,3.270121185757758,4
2627,3566,4.0,2
2628,1196,3.2601359574736444,4
2628,3535,5.0,1
2630,110,4.366204628805075,4
2630,2712,4.167694827755936,3
2630,3051,3.0,4
2631,3507,4.388462592683544,5
2633,223,4.185415458806256,4
2634,314,3.0,4
2634,523,3.0,4
2634,909,4.66864431447207,5
2634,1958,3.949090271589835,4
2634,1966,4.0,4
2634,2770,3.7429745356306885,4
2634,3210,3.8033722238031435,3
2634,3260,4.328649650835268,4
2635,2657,3.1743008720793995,2
2637,2629,3.0,2
2637,2683,3.2076491630525092,2
2637,3005,2.907627454214092,1
2637,3081,3.380386549979495,2
2638,292,3.191892711094118,2
2638,597,3.2504038921041882,3
2638,1136,3.487252346673709,5
2638,1377,3.1363352759616046,3
2638,2000,3.3172039486970224,4
2638,2009,3.102206495579657,3
2638,2110,3.382712322757371,2
2638,2247,3.5666281195472704,3
2638,2463,3.30774259539961,4
2638,2531,2.4609079541494796,3
2638,3424,3.7807330737233875,3
2638,3591,3.099408784859946,3
2638,3633,3.1038538425211013,3
2640,3157,3.0,5
2641,62,4.366916446560407,5
2641,357,4.077596952813512,5
2641,1213,4.276967049888601,5
2641,3210,4.1013189097635125,5
2641,3394,3.5704000121946544,3
2641,3826,4.0,1
2642,2469,3.0,3
2642,3578,4.225399012020676,4
2643,1222,3.6070576931330263,4
2643,1247,3.7593601742516887,5
2643,1304,3.8145682374738863,5
2643,1339,3.342528075279561,4
2643,1784,3.508585321952407,3
2643,2115,3.5038986039583158,4
2643,2352,3.435291792186807,2
2643,2635,3.0,3
2643,2947,3.731389841400226,4
2643,3249,3.808380373853048,4
2644,1694,4.0,2
2645,434,3.616843393385419,4
2645,587,3.702458978855457,4
2645,733,3.6820114337638143,4
2645,1079,3.81295304979635,4
2645,1663,3.8634020900257746,4
2645,1894,3.398532291460871,3
2645,3082,3.548259587561671,3
2645,3418,3.7375163615799716,3
2645,3441,3.2055241483470076,3
2645,3698,3.6199357930180605,1
2645,3763,3.751363603111242,4
2646,1265,4.157605891029558,3
2648,364,4.014806781280484,3
2648,968,3.8603300914565106,3
2648,2080,4.119175137533945,4
2648,2118,4.2491364524133886,5
2649,380,3.2754264444257433,4
2649,648,3.388503936678719,3
2649,1073,3.2177263067473305,3
2649,3060,3.64929668520735,3
2649,3421,3.675342092567858,4
2651,707,3.0,3
2651,1544,3.383934843272798,4
2651,1610,3.3993426270516767,4
2651,3519,3.0136326147484103,1
2654,1678,4.0,5
2655,2392,3.0,3
2655,2572,3.02167075068298,4
2655,2761,3.548279882224746,4
2655,3826,3.0,4
2656,380,3.9495347618479966,4
2656,1801,4.152764949259625,4
2656,3752,2.0,1
2657,1911,4.0,2
2659,50,4.132211568655155,5
2659,1198,4.086330519396199,5
2659,1580,4.033315404880033,2
2659,1663,3.9989700972425863,3
2659,2174,3.9926865432222183,3
2659,2470,3.865469357168301,2
2659,2858,3.9470582757837986,5
2660,838,3.947828477661099,3
2661,1270,3.874775726673817,5
2661,1380,3.8558634349941614,4
2661,2249,3.3716183236189248,3
2661,3388,3.2168895979347165,3
2661,3552,3.485919981546702,4
2662,1327,3.0,2
2663,720,4.0,3
2663,1894,3.6893127487946797,3
2663,3565,3.0,2
2664,11,3.607204318960493,4
2664,420,3.2494982679440128,3
2664,532,2.478767927242045,1
2664,784,2.6029522016821427,3
2664,1036,3.7273789321573165,5
2664,1198,3.477030963900495,4
2664,1359,2.9010606736630926,3
2664,1367,3.0,3
2664,2735,3.3399156584585135,3
2664,2797,3.4718732209887277,4
2664,3363,3.9751395871553377,4
2665,196,3.402240144188794,4
2665,349,3.5983156005980366,4
2665,429,2.6393410566555136,3
2665,950,3.1549500686701104,2
2665,1011,1.3512415827450877,1
2665,1031,3.7654698870915086,4
2665,1219,3.865956046491306,3
2665,1249,4.1046912527240265,4
2665,1327,3.3580148595238426,4
2665,1334,3.2169084900287697,1
2665,1810,3.372340089550424,2
2665,1951,3.0,4
2665,2366,3.924717398817055,1
2665,2395,3.860467122918164,4
2665,2706,3.3453245511310836,5
2665,2871,3.947989877835012,5
2665,3360,3.7574722851021085,5
2665,3686,3.2888118041009213,4
2665,3697,3.376220297022852,4
2665,3861,3.0,2
2666,318,4.031429339350836,5
2666,1012,3.0,4
2666,1270,4.141337013006912,5
2667,2081,3.9623040287942546,1
2668,1641,3.57135500926872,4
2669,432,2.0,3
2669,1270,4.162425165375809,5
2670,296,3.5962178355684666,5
2670,910,4.027809376827228,4
2670,1200,3.5409080076046457,2
2670,1617,3.698513021279463,4
2670,2352,3.4823532719390107,1
2670,2416,3.0694344758983094,3
2670,2463,3.258692009079361,3
2670,3098,3.5271480594826428,3
2670,3359,4.174050180823702,3
2670,3547,3.0,3
2672,610,3.447772783385648,3
2674,1288,4.257106146034058,4
2675,2105,3.392044673718144,2
2676,2303,5.0,4
2676,2745,4.223000236784292,5
2676,3471,4.242655612732217,5
2677,2571,4.049769815330541,5
2678,1374,3.8834573219009836,3
2678,3095,4.2349915694098454,2
2679,1704,3.91636402866373,3
2679,1917,3.499479632740619,3
2679,2108,3.9840516660918763,5
2679,2791,3.9812666877728957,4
2680,514,4.0,3
2680,538,3.0,3
2680,1077,3.601480943881891,3
2680,1215,3.557140048420792,3
2680,3354,3.503192706381723,3
2681,218,3.510622559555198,3
2681,1032,4.485179956631789,2
2681,1186,3.891864664796967,2
2681,1914,3.0,5
2681,1961,3.953886442142692,4
2681,2245,3.8546613557527056,4
2681,2413,3.6589762590488926,5
2681,2424,3.8722301005044857,3
2681,2736,3.983165134169176,3
2681,2770,3.589816523511121,4
2681,3258,3.5271497347259864,2
2681,3591,3.743216213591296,5
2682,2628,2.925722048049433,3
2683,111,4.577775391192184,5
2683,316,4.524283762660141,4
2683,349,4.551145954936499,5
2683,608,4.518453376742155,4
2683,736,4.535501151686216,4
2683,1197,4.5069462882096,5
2683,1220,4.290857553137223,5
2684,39,3.237450056443754,3
2684,475,3.9086134286607317,3
2685,1078,3.548507555692142,2
2685,1097,3.8367714664313026,4
2685,1953,3.6822721683902895,4
2685,2520,2.9999999999999996,3
2685,2535,3.0,3
2685,2915,3.8374432412388706,4
2685,3359,3.9937046556657188,5
2688,231,3.4264107000401465,4
2688,1270,3.6413054532660443,3
2688,2111,3.8561468491719273,3
2689,150,4.616972256416817,5
2689,551,4.561281694644973,2
2689,1079,4.45345991736453,4
2689,1197,4.5800268037003615,5
2689,3753,4.5954311810531365,5
2691,1127,4.511873988065718,5
2691,1224,4.999999999999999,5
2691,1250,4.693659834060082,5
2691,1580,4.647343688967108,4
2691,2364,3.0,3
2691,3481,4.713532198392428,5
2692,1,3.971269443995344,5
2692,1597,3.8783453526225165,3
2692,2291,3.9262114352650563,2
2692,2321,4.3152810900633325,3
2692,2699,4.392717748810053,2
2693,912,3.8911187764816737,5
2693,949,4.418085900631485,5
2693,953,3.9348774008808505,4
2693,2734,3.0,3
2694,3942,4.0,4
2695,3590,3.0,2
2699,910,4.037840464985471,5
2699,912,4.040357726374268,4
2699,1193,4.156414811758655,3
2699,3252,4.205211847393031,4
2700,47,3.513487287707246,4
2700,141,3.5067461948103174,3
2700,210,3.0,3
2700,351,3.0,1
2700,535,4.132112736290175,5
2700,716,3.0,2
2700,1372,2.2353846602146445,1
2700,1721,3.8256338185699326,4
2700,2340,3.0,2
2700,2389,1.984239089310386,3
2700,2395,4.12461391696927,5
2700,3100,4.138802387659113,4
2700,3148,4.216523099861259,3
2700,3386,3.953859531208402,4
2701,494,2.537338982602622,4
2701,2167,2.9074132947504086,4
2701,3082,2.6583657269445977,2
2701,3354,3.784686810070018,3
2703,1248,4.106158173708682,5
2703,1284,4.027310573735225,4
2703,2599,3.6211731190356247,5
2703,3272,5.0,2
2706,1959,4.60465234460534,3
2708,3174,4.6541427095420405,4
2711,1270,2.680958358024497,3
2712,153,4.01371115539094,4
2712,1291,3.911842898486676,5
2712,1371,3.836268696664059,4
2712,2762,4.357573656633468,5
2714,2941,3.0,2
2715,2096,4.083449098846765,3
2716,911,3.0,5
2716,1092,3.891687639756504,3
2716,3498,3.0,5
2717,1617,3.8122836285683914,3
2718,364,4.016863336681435,4
2718,1020,3.7968276134328036,4
2718,1907,4.114135985834328,3
2718,2245,4.411574185070937,4
2718,2294,3.693320090700408,5
2718,3255,4.034175904453094,4
2719,1136,4.353224974913617,5
2719,1217,4.75402550670586,4
2719,2657,4.329125593536008,4
2719,2788,4.67915448870785,4
2719,3096,3.0,4
2721,1183,4.459791016908994,4
2721,1230,4.560212206403699,4
2721,2067,5.0,4
2721,2291,4.133995068799774,2
2722,2622,3.0,4
2723,2599,3.513125053389687,3
2723,2791,3.5045218994677794,4
2724,34,4.408091318900099,5
2724,314,3.0,3
2724,3083,3.0,5
2724,3175,4.396750852735937,5
2725,3,2.993807299488839,1
2726,1704,4.770342580589731,5
2726,1945,4.690238811853565,5
2726,3006,4.678108816942825,4
2727,2657,3.5334786555603244,1
2727,2794,3.488411458427501,2
2727,3408,3.68717986680061,4
2728,1376,3.9126367156282207,5
2728,1653,3.556944067851706,3
2730,1,4.243320163384166,4
2730,551,4.240252666456671,4
2730,2530,4.115474180163061,3
2730,3160,4.328629216148759,3
2730,3408,4.332972851986687,4
2731,1291,4.462547728873457,5
2731,1394,4.155382549143806,3
2731,3735,4.6462339313998795,4
2733,299,3.0,4
2733,1674,4.465268977936291,4
2733,2020,4.4583175060895455,5
2733,2357,3.0,5
2734,724,5.0,4
2734,3186,3.0,4
2736,2019,3.3543793203493406,5
2736,3447,3.0,4
2737,187,3.0,4
2737,231,3.795291139804626,1
2737,247,4.22086164356466,4
2737,471,3.89833730470831,4
2737,1735,4.0,3
2737,1801,3.2357386409749895,1
2737,3250,3.0,3
2737,3317,3.66233120102286,4
2738,1183,4.422688070620724,5
2740,1019,3.745382009345525,4
2740,1301,3.7726632481885654,4
2740,1375,3.740861378090155,4
2740,1722,3.88927045669332,4
2740,2529,3.6087088086831844,3
2740,2532,3.0741864890911668,2
2740,3555,4.197963636920891,3
2740,3926,3.0,2
2741,2706,3.203192604641489,4
2741,2858,3.443107390087206,5
2742,1881,3.0,1
2742,2605,2.0,3
2743,22,3.9860215284948484,3
2743,296,4.070585505804372,5
2743,303,3.3771748165621904,4
2743,340,3.0,4
2743,450,3.07135660148764,5
2743,1372,3.6093588835728396,4
2743,1597,3.9059080792928564,4
2743,2340,3.0,4
2743,2427,4.082519346698689,3
2743,3258,3.6083782049228814,4
2744,1197,1.5982605833320918,1
2744,1214,1.0,1
2744,2858,1.0,5
2745,110,4.017411629321811,5
2745,236,3.567764825234334,3
2745,357,4.0631766678957755,5
2745,920,4.4442915064366995,5
2745,1396,3.946072639250582,4
2745,2524,3.669851715272972,2
2745,2724,3.5688835997439017,4
2745,2779,4.471532713948341,5
2746,3769,3.0,4
2747,265,4.77924464808235,5
2747,910,4.373520551510562,5
2747,1225,4.457029770705863,5
2748,48,2.0087820890872696,1
2748,356,2.903081503380083,1
2748,1267,3.9796117865939524,4
2748,2657,2.883106228157113,4
2748,3114,3.382026949780108,3
2748,3173,1.0,1
2748,3396,2.9315867347055304,5
2748,3555,2.3656502666256447,1
2748,3868,3.1256383101948724,1
2749,2968,3.578682525585422,5
2749,3448,4.147866918219808,4
2750,1148,4.79918919555838,5
2750,1280,5.0,5
2750,1405,3.687114194841482,4
2750,2000,4.38987759206912,4
2750,2463,4.50953331713892,4
2750,3618,5.0,5
2751,2133,3.373604063681148,3
2751,2144,3.376762644485038,5
2751,2146,3.6305413239533535,3
2751,2202,3.78617689091757,4
2751,2369,3.395821655825543,2
2751,2710,3.389364853119178,3
2752,457,3.4521167633620373,5
2752,593,3.5629125592887116,3
2752,1047,3.4252177592628756,3
2752,1343,3.5307509930896144,4
2752,1404,3.0,3
2752,1885,3.619158985974654,4
2752,3591,3.034482511447671,3
2752,3688,3.2371688170723134,3
2753,52,3.806891486519173,3
2753,151,4.0,4
2753,598,3.0,3
2753,922,4.130777248403049,4
2753,931,4.258547020811643,4
2753,1042,3.242008268741586,4
2753,1096,4.012833361192937,3
2753,2398,4.341415996014768,3
2753,2973,3.8715349797390917,4
2753,3044,3.621793330263262,4
2753,3114,3.7663654685577046,4
2753,3255,3.6263138303711266,3
2754,1278,3.88590848793626,4
2754,2100,3.8931602849010543,4
2755,703,3.0,3
2756,1320,3.825745480730711,4
2756,2353,4.056619805824302,2
2756,3438,3.814278296817055,3
2757,36,4.212203851903202,4
2757,3363,4.207577009027723,4
2757,3365,4.0,4
2757,3504,4.3624867811060515,5
2758,1197,4.215334561872159,5
2758,2005,4.312797832870539,1
2760,50,4.257328885282686,5
2760,1234,4.394636819596766,5
2760,3101,4.575098889174474,5
2760,3504,4.562957849054327,4
2761,1242,4.0384576551501725,5
2761,1784,3.829454150888549,4
2761,1914,3.0,4
2761,1958,3.5943321075994925,4
2761,2115,3.6767632631050486,4
2761,2628,3.439512277175251,3
2761,2795,3.9300260953582193,3
2761,3096,3.0,4
2761,3628,4.0,3
2762,110,4.10804809887643,5
2762,832,4.163411626764812,4
2762,1233,4.071986070734957,5
2762,1304,4.0830489546683095,4
2763,2762,3.294105998709897,5
2764,47,4.115196759997105,4
2764,920,4.415492288621806,4
2764,1097,4.289140727355921,5
2764,1197,4.312693838958402,5
2764,1289,3.0,2
2764,1907,3.7951171499497547,4
2764,2968,4.281625701486451,4
2764,3006,4.3309799088820276,4
2764,3071,4.496436199803916,4
2764,3095,4.568860335979063,5
2765,70,3.723338783155925,4
2765,858,3.874204604636792,5
2765,1569,3.6310452059138933,4
2765,1954,3.6613034464406913,4
2765,2699,3.6351148983827843,2
2765,3173,3.671241272876876,3
2766,1136,4.247711688992333,3
2766,1196,4.233883691596116,5
2766,2688,3.494869523746143,3
2768,1,4.24605349079483,4
2768,318,4.251491001798209,5
2768,1225,4.183303316411441,4
2768,1968,4.184434315384713,4
2769,1203,4.0,5
2769,2330,3.0,5
2769,2355,3.7104640355330907,4
2770,524,4.319730513947487,4
2770,2791,4.503008221468629,4
2770,3510,3.980435215899425,5
2771,39,3.402056441211847,3
2771,112,2.7088067552826915,4
2771,2387,3.0,2
2771,2571,3.1043370567694333,4
2771,3698,2.9656185685533867,3
2772,2815,3.937626285003985,3
2772,3385,3.4294272599597755,3
2773,3683,4.406535678964768,5
2774,1224,4.321616541247988,5
2774,1375,3.964975423935682,3
2774,1694,4.3668405466645766,3
2774,2105,4.007507677961278,3
2774,2520,3.0,3
2774,2716,4.218264237293743,5
2774,2746,4.100618406743372,4
2774,2796,3.7042471864293516,4
2774,2915,4.1500266226996505,3
2774,2959,4.098042521499233,4
2774,3246,3.334877422317688,5
2774,3252,4.235154780052522,5
2774,3398,3.8401632825456518,4
2774,3441,3.9015426894256335,3
2776,62,4.258921570730165,5
2776,104,3.9630076403824,4
2776,539,4.008393251059784,5
2776,1259,4.147930962202617,5
2776,3243,3.3406892832606894,1
2776,3525,3.766724981689335,5
2776,3543,4.1440119441761745,5
2777,112,3.3104935755226426,2
2777,180,4.150743416050234,5
2777,208,3.829014718415949,2
2777,216,4.165262341148309,5
2777,282,4.0,3
2777,304,3.0,3
2777,337,4.150686709350296,5
2777,355,3.6113942144573317,2
2777,423,3.47069070763224,4
2777,441,4.0991508455883094,5
2777,454,4.042862577887202,5
2777,516,3.886940111768375,4
2777,548,3.375255250650061,3
2777,553,4.1345609278159925,4
2777,784,3.608301397454717,4
2777,1049,3.7751838652852334,3
2777,1242,4.102917199952668,5
2777,1297,4.075704041454131,5
2777,1367,3.3256294427465685,4
2777,1461,3.8139730421297218,4
2777,1468,3.0,3
2777,1840,3.0,4
2777,2114,4.078035893980641,4
2777,2166,3.0,4
2777,2395,4.0594528056338675,5
2777,2470,3.9235686363491555,4
2777,2477,3.0,3
2777,2587,3.0,3
2777,2809,3.0,2
2777,2959,3.6750665657455324,4
2777,3285,4.0,1
2777,3528,4.059593531103217,2
2778,933,5.0,4
2778,1266,4.070234714422868,5
2778,2064,4.131922458854613,3
2778,3253,3.9320950874570544,5
2779,110,3.682275474663314,2
2779,260,3.716509873675416,3
2779,681,3.0,5
2779,1256,3.944743590301013,5
2779,2531,2.9999999999999996,2
2779,3462,4.0,5
2780,2599,3.8203620192387184,4
2780,3219,4.515288825879926,3
2781,1252,4.525246463818528,4
2781,1459,4.0,4
2781,2683,4.21979940190285,3
2782,551,3.809001908771909,3
2782,1441,3.822404662922171,4
2783,750,3.936769549130849,5
2783,1573,3.569135416035528,4
2784,477,3.0,3
2784,1294,4.381099408397834,5
2784,1394,4.519441583942777,4
2784,1961,4.257395300278673,4
2785,1569,3.142970992237751,3
2785,1923,3.1734586856461804,3
2785,2424,3.118796099388355,3
2785,2539,3.1293459527508456,2
2786,10,3.8918345304890325,4
2786,150,4.221567700943266,4
2786,1200,4.088020891814018,3
2786,2403,3.3277158805325007,4
2786,3508,4.066852593796984,5
2786,3623,4.148793041154584,4
2787,1,4.236093095040471,5
2787,110,4.255390803667944,5
2787,1090,4.294421366946796,5
2787,2395,4.168331463312051,4
2789,1197,4.03312506007746,5
2790,1240,4.46314171061723,4
2790,1513,4.271409214938515,4
2790,2683,3.9010869076796717,3
2790,2762,4.003360392744613,4
2791,3334,4.891961939219838,5
2792,81,3.0,2
2792,252,1.6651587226914597,4
2792,457,3.2942436282957472,5
2792,1120,3.1558995166209938,2
2792,1377,2.7338577141313403,2
2792,1544,3.3285407753558083,3
2792,1969,1.5178551863340364,1
2792,2122,2.0,3
2793,619,3.0,3
2793,923,4.4471050420855915,5
2793,1203,4.7460121428605415,5
2793,1228,4.385495355704751,5
2793,1300,5.0,5
2793,1347,3.784007500666507,4
2793,1645,4.184675790233851,5
2793,2176,4.489343058431529,3
2793,2236,3.0,3
2793,2291,4.265604572263916,4
2793,2470,4.03994574724431,3
2793,2735,3.866962716381728,3
2793,2744,3.0,4
2793,3707,4.195624508522718,5
2794,1132,5.0,4
2794,1197,3.9817412912331522,3
2794,2763,3.875898677537553,3
2795,1210,3.6094097015887665,4
2795,1617,3.7109479274968886,4
2795,2407,3.5685819484827563,3
2796,50,2.7515289881106195,3
2796,527,2.7744653720518646,5
2796,915,2.696791316803074,3
2796,919,2.73063642406806,3
2796,1059,2.77726331072147,3
2796,1831,2.449664939973802,2
2796,2081,2.685838757997512,4
2796,2097,1.674319362565627,2
2797,1269,4.2956163295055525,4
2798,898,4.296930201741976,4
2798,922,4.287754059635652,4
2798,928,4.482404813732032,2
2798,3475,3.0,4
2800,1810,5.0,3
2800,3285,3.0,2
2801,1358,3.5412884049815467,3
2802,913,3.9772172990077026,4
2802,3925,3.0,5
2803,377,3.3041083423325417,3
2803,3175,3.423158219663546,3
2803,3471,3.9143296795991405,5
2804,969,4.265268818085533,4
2804,1408,4.218333106923051,5
2804,1479,3.6183569248383756,4
2804,2143,3.939215251711891,4
2805,920,4.149786577389935,5
2805,1206,4.219776175490097,5
2805,1214,4.3682095912892445,2
2806,1222,3.8253717601747868,4
2807,910,3.6606466053079103,5
2807,973,3.0,4
2807,1096,3.4703912566296657,4
2807,1223,3.278965928044903,4
2807,1224,4.012779304213132,4
2807,1270,3.123688126148009,1
2807,2300,3.839237144846414,5
2807,2529,2.4077944754948346,1
2807,3814,4.222351453788462,3
2808,541,4.26440193253098,5
2808,1104,4.7323698738842195,4
2808,1374,4.009732880201651,5
2808,1641,4.306974761732842,4
2808,3952,3.4774055220954714,4
2809,1259,4.476995630981145,5
2809,3071,5.0,4
2809,3552,4.600617500653971,5
2810,586,3.728820782609057,5
2810,736,3.7400129788560545,5
2810,810,3.0,1
2810,1363,3.0,3
2810,1397,3.0,4
2810,1569,3.871926424235531,4
2810,1806,3.0,3
2810,2036,3.0975214567694853,3
2810,2080,3.9905332384357393,5
2810,2432,5.0,3
2810,2605,3.3407783437067917,3
2810,2762,3.240517489260926,4
2811,183,3.0,4
2811,1041,3.663934278629596,3
2811,1299,3.790909611133701,3
2811,2323,3.0,3
2811,3089,4.045476464749553,4
2811,3679,3.0,4
2812,543,3.7315499774311904,3
2812,551,3.906309298355293,4
2812,3763,3.6964288633556586,3
2814,539,4.40873496999679,4
2814,2616,4.134139482431171,4
2814,2716,3.8885817810705436,5
2814,2879,3.0,4
2814,3751,4.362144249513835,4
2815,1278,3.8787866165909763,5
2815,1610,3.7239194265627744,3
2817,1287,4.627933450741644,5
2817,1542,3.0,4
2817,2916,4.293507565025655,4
2818,235,3.817738300512819,2
2818,260,3.826076421972345,3
2818,610,3.723287976585241,5
2818,780,3.702252517725638,4
2818,1089,3.6478130852084725,5
2818,1198,3.5830890092443646,5
2818,1266,3.868798967144252,4
2818,1954,3.6356313311021067,4
2818,2915,3.8773118306781846,3
2818,3361,3.872931722609211,4
2819,2410,5.0,3
2820,45,3.055494550137806,3
2820,587,2.7747538817585435,2
2820,830,2.3152850623442425,2
2820,909,3.7868309940386595,2
2820,992,3.0,2
2820,1248,4.229430305112051,4
2820,1256,3.7792513029294645,5
2820,1668,3.0,2
2820,2064,3.4443997240829,4
2820,2264,3.0,2
2820,2419,3.0,3
2820,2513,2.815057194815581,3
2820,2527,2.8258843876135047,2
2820,2916,2.838827884253796,4
2820,3330,3.4924094794722835,3
2820,3409,3.0,2
2820,3700,3.0,2
2821,2459,3.0,1
2823,562,2.6847004240353822,2
2824,70,3.973955261987958,4
2824,480,3.997343959380041,4
2824,520,4.214289967438677,4
2824,593,4.07844585787203,4
2824,608,4.105157843589592,4
2824,1206,4.261619731740655,4
2824,1580,4.012839626654272,4
2824,2324,4.218676947877981,5
2824,2539,4.232566991091258,5
2824,2542,3.8871018987106183,5
2824,2762,4.019366935680601,4
2824,3208,5.0,4
2824,3248,3.5025474404017514,4
2825,296,4.12190815625221,5
2825,780,3.856723912106275,2
2825,1225,4.7052337322794004,5
2825,1619,4.0,2
2825,2028,4.067921390682867,4
2825,3260,4.048074556475473,4
2826,1125,3.6622633772002264,5
2826,1153,3.0,3
2826,1221,3.627939973671969,5
2826,3168,3.466333211823479,2
2826,3578,3.5111040428698046,4
2826,3868,3.490403323266457,3
2828,1517,4.196705277618869,5
2828,2599,4.110394781414685,3
2828,3751,4.302765769033862,5
2830,2633,5.0,3
2830,3911,3.9152947752701963,5
2831,3868,4.024219603049469,4
2832,497,4.129350515750155,4
2832,898,4.495479145491775,4
2832,994,3.882233218472719,5
2832,1446,3.0,4
2832,1617,4.147834491998353,4
2832,1952,4.479703953430275,5
2832,2321,3.6690452959355464,4
2833,2734,3.0,3
2835,144,3.0,3
2835,589,3.821285218510203,4
2837,720,4.508949788843631,5
2837,1587,2.890184413143637,5
2837,2890,3.6805950345689857,5
2838,1197,4.853056383918912,5
2839,2901,3.0,2
2839,2987,3.801774273234947,4
2840,141,3.4452550254439593,3
2840,153,3.040027714986437,2
2840,208,3.0968640948833075,2
2840,608,3.5016906430780086,5
2840,1088,3.879491797476728,3
2840,1089,3.2529900682786037,4
2840,1246,3.587681646996485,3
2840,1639,3.215720881762105,4
2840,3705,2.7760173755558917,1
2841,314,3.0,3
2841,480,4.062250285402234,2
2841,680,3.0,3
2841,924,4.284510113643165,5
2841,1132,3.0,5
2841,1252,4.4685936915585796,5
2841,1356,3.852628918184063,4
2841,1654,3.0,4
2841,2303,5.0,4
2841,2337,3.0,3
2841,2583,5.0,5
2841,2916,4.050851693300999,5
2841,2968,3.978314245249077,5
2841,2987,4.207736065859542,3
2841,3201,4.645971546556012,5
2841,3566,4.0,4
2841,3915,3.0,3
2841,3952,4.370237155719658,5
2842,110,3.8799834056959903,5
2842,1179,4.0347802216641915,4
2842,1729,3.979662273338896,4
2842,1785,3.0,3
2842,3285,3.0,3
2842,3835,3.0,3
2842,3841,3.0,3
2843,144,3.0,4
2843,366,3.0,1
2843,2668,5.0,2
2844,1291,3.7177431482971746,5
2846,306,3.0,5
2847,355,1.854147898586186,1
2847,1015,1.0,1
2847,1261,2.6085357860781877,1
2847,1653,2.847013944996629,2
2847,2143,2.602053620790768,1
2847,2167,2.764706833460392,4
2847,2279,2.352169438940945,1
2847,3285,3.0,2
2847,3386,2.9778352335488467,1
2847,3499,2.9414079051949176,2
2847,3910,5.0,3
2848,2253,3.4520150474456095,3
2848,3525,3.3519131461784775,2
2849,111,4.649520754312264,5
2849,3362,4.755830658374628,5
2849,3363,4.619141742492225,5
2850,29,3.0,4
2850,316,2.626494883859638,2
2852,172,4.240938804092495,4
2852,919,4.662769150465702,5
2852,1407,4.1850779655423045,4
2852,1985,3.061133083509828,3
2852,2393,3.9031824232200436,3
2852,2789,3.7109566310746995,3
2853,589,3.328449025796356,3
2853,838,3.8191956982318036,4
2853,1500,3.4331159601189793,4
2853,2599,3.3953093746900516,2
2854,111,3.6023815057497766,5
2854,969,3.168946308786465,3
2854,1080,3.3088347490720085,3
2854,1124,3.0197658281104713,3
2854,1208,3.259617226237998,5
2854,1221,3.2995061629874076,4
2854,1267,3.6263512571492016,5
2854,2261,2.2761702811913564,3
2854,2333,3.9538537030552607,4
2854,2717,2.273920320689107,4
2854,2762,3.11139328521486,4
2854,2902,1.9729816015480792,1
2854,2995,3.0,1
2854,3317,3.645010162218845,5
2854,3798,3.0,1
2856,1610,3.3048344869990727,4
2857,457,3.602546844345706,3
2857,466,3.5503226933481966,3
2857,653,3.5562577421164776,3
2857,1186,3.434524731136971,3
2857,1198,3.321525804775196,4
2857,1252,3.6806534321585853,3
2857,1961,3.621094044351865,3
2857,1972,2.9514501008008325,1
2857,2006,3.6062957511651628,4
2857,2145,3.323562407073426,3
2857,2410,3.4623445862190647,3
2857,2470,3.5189887877302137,3
2857,2475,3.0,3
2857,2535,3.0,3
2857,2714,3.0,3
2857,2719,2.8644980540595837,3
2857,3264,3.555648354502484,4
2857,3360,3.6862640654753633,3
2858,1381,4.543131748490385,3
2858,2496,4.282192726803624,5
2859,39,4.292186491420155,4
2859,923,4.626929493158021,5
2859,2835,3.0,1
2860,585,3.2711055622315035,4
2860,608,3.961299770941249,4
2860,784,3.3634219503743337,3
2860,898,4.337835505934567,5
2860,1090,3.873835408830844,5
2860,1260,4.727088660459105,5
2860,2447,3.0,3
2860,2455,3.863343756867077,4
2860,3219,3.0030538964971734,3
2860,3524,3.5426514403969036,4
2860,3546,4.6617343231512836,5
2860,3547,3.0,4
2860,3584,3.0,2
2861,2336,3.5201185792367147,4
2861,2572,3.954782038229121,3
2862,1090,4.142398444882057,5
2863,242,3.0,4
2863,1236,3.0,4
2863,1649,5.0,4
2863,2966,3.0,5
2865,110,3.7815800312231156,5
2865,1036,3.808470960848465,4
2865,1302,3.8645133732593826,4
2866,17,3.6703536984787952,3
2866,165,3.2963021107888295,3
2866,474,3.341911162400218,3
2866,940,5.0,5
2866,2300,4.08656352666711,4
2866,2628,3.3156226285849444,3
2867,3173,4.658847538832261,5
2868,913,4.341248749481969,5
2868,2581,4.324989649098059,3
2868,3565,3.0,4
2868,3897,4.167860357883221,5
2869,19,4.0,1
2869,512,3.0,5
2869,1499,3.0,4
2870,1392,3.0,1
2870,1610,3.336535337046345,5
2871,1270,3.897053504551541,3
2872,260,4.034939956634357,5
2872,319,4.124080474029455,4
2872,481,3.9734299973815967,4
2872,534,3.0,4
2872,535,4.31763010552206,4
2872,1084,4.099979628328303,4
2872,1758,3.0,2
2872,2271,3.0,3
2872,2571,3.984151871996009,5
2872,2683,3.5650681715059784,4
2872,3081,3.562798870902211,3
2872,3499,4.0910296437348945,5
2872,3752,3.7178189240041832,3
2873,1033,4.035871457030046,4
2873,1097,3.8488577938103954,4
2873,2161,3.9155873967423087,4
2873,2572,3.711620438620208,4
2873,3100,3.7709228065661478,2
2874,920,3.8610042803928404,3
2875,29,5.0,3
2875,1206,4.679849059613596,5
2875,1748,5.0,2
2876,548,3.359054963693406,2
2876,1223,5.0,5
2876,1673,4.205149405407443,4
2876,1792,3.520442615917977,3
2876,3836,4.588661893599374,4
2877,1779,3.503715528501447,2
2878,31,2.4881340323464327,3
2878,392,3.0,3
2878,538,3.772988929065412,4
2878,580,3.0,4
2878,901,3.004308146670882,4
2878,942,4.38356197703334,4
2878,1011,3.571368722599244,3
2878,1018,3.496133351226946,3
2878,1027,3.548702620219052,3
2878,1240,3.7667605415180896,3
2878,1373,3.5712833360717298,4
2878,1377,3.224120046507389,3
2878,1499,3.298106036259372,1
2878,1935,4.0,3
2878,2009,3.7923730190749274,4
2878,2369,3.7473924493638497,3
2878,2708,3.0,4
2878,3125,3.0,4
2878,3712,3.3854364735060853,4
2878,3735,3.9297507138249035,3
2879,858,3.987592623843373,3
2880,899,3.959605085955688,4
2880,1376,3.363411133582984,1
2880,2926,4.014077483006831,4
2880,3418,3.4102725706326567,3
2881,2141,3.0,3
2881,2302,3.9721564953804576,3
2881,2396,4.214817045472665,4
2881,3301,4.0,5
2882,317,3.008781701058207,3
2882,1015,3.0,4
2882,2712,3.031999943507693,1
2882,2836,3.0,2
2882,2881,3.00582164859071,3
2882,3868,3.664401161864007,5
2883,149,3.0,3
2883,1517,3.0182465247550816,4
2883,1690,2.562080997317511,1
2883,2174,3.1538582129566053,4
2883,2502,3.0033706244081397,4
2883,2709,3.0,1
2883,2712,3.9454139688032637,3
2885,39,4.359807989930813,3
2885,500,4.257255280881044,4
2885,551,4.383282587851556,3
2885,1580,4.255149377005147,4
2885,2423,4.414296090998512,5
2885,3552,4.470292770494151,5
2885,3809,4.337727702212958,4
2885,3835,3.0,3
2887,153,3.7478322881176935,4
2887,231,3.70336462778256,5
2887,288,3.6423645800330497,2
2887,1291,3.8814432458073904,4
2887,1373,3.5759649091832952,3
2887,1479,3.545081355537762,5
2887,1616,3.4594042729008754,3
2887,1727,3.0,3
2887,1969,2.3293618712636475,2
2887,1973,1.9924419219620095,2
2887,2002,3.8916035674668645,3
2887,2100,3.726113383711807,3
2887,2278,4.179799276456454,3
2887,2792,3.4115411022816797,3
2887,2907,3.0,3
2887,2993,4.138742345644377,5
2887,3686,3.3840375183815863,4
2887,3755,4.4309883760552715,4
2888,318,3.591058700281115,5
2888,380,3.482759850076665,4
2888,500,3.401781328593559,3
2888,1371,3.6345452033204615,4
2888,1997,3.4735627739429056,4
2888,2005,3.677857422399457,4
2888,2301,3.9205288123408684,4
2888,2367,3.5002849144647734,4
2888,2947,3.8108352472054117,4
2888,3256,3.3051530710999617,4
2888,3623,3.522663053151282,3
2889,356,4.044608657148368,5
2889,2791,4.021754342721021,3
2889,3686,4.0,3
2890,1036,3.7901164246642813,5
2890,1267,4.208769347063544,5
2890,1488,3.4699573166764583,2
2890,1499,3.2376728628816394,1
2890,2006,3.6345350870082482,4
2891,2599,3.3986080287429945,4
2891,2706,3.339434978272662,5
2892,60,3.0,3
2894,10,4.0139183929988995,4
2894,170,4.344172303081424,5
2894,694,3.6704024777691875,2
2894,1220,4.161573421641468,4
2895,50,4.164536470890369,5
2895,368,3.6808027224302324,3
2895,415,3.0,1
2895,1094,4.2975678101319925,4
2895,1370,3.8263666026126395,3
2895,1968,4.025357656859586,3
2895,2124,3.8898037643531964,5
2895,2529,3.899547868166865,4
2895,2671,3.9178276974939665,3
2895,2889,3.0,1
2895,2915,4.1483588920155805,3
2895,2989,3.7403539443257667,4
2895,3360,4.332928621574391,5
2895,3513,2.9987959094563426,2
2896,356,3.9378522557732123,4
2896,380,3.911132059156008,4
2896,588,3.9290852838762578,3
2896,1019,3.9927098364538756,4
2896,1517,3.7217431023403935,3
2896,2053,2.980076561551448,3
2896,2795,3.8984411327295563,4
2896,3186,3.0,3
2896,3624,4.52983537390815,3
2897,32,3.8307609002988703,5
2897,198,3.8505733618244378,4
2897,924,3.995964335024407,1
2897,1089,3.43746084559654,5
2898,70,4.278351714507123,5
2898,589,4.3373197088589395,4
2898,1866,3.0,5
2898,3897,4.366714856558953,4
2898,3910,4.0,4
2899,104,3.989899270535236,1
2899,924,4.133627440750574,4
2899,1009,4.059814028496789,4
2899,1047,3.9391652001170736,4
2899,1294,4.157614163633709,4
2899,1953,4.16892673443194,5
2899,2371,4.165350568620725,5
2899,2951,4.342905443904239,5
2899,3361,4.065610515883838,3
2900,524,4.262627572393131,5
2900,1090,4.3774322568170385,4
2900,1358,4.488847542074359,5
2900,1370,4.17581225448891,3
2900,2109,4.220873473466745,5
2900,2542,4.834561415499929,4
2901,1081,3.9661581847918446,4
2901,1252,4.443599107352465,5
2901,1265,4.353265503688239,4
2901,2066,4.0,5
2901,2871,4.494826015897377,5
2901,2916,4.463690080704353,4
2901,3451,4.7610450272437985,5
2903,2126,4.268514338283412,4
2903,2599,4.405566745992316,3
2903,2643,5.0,2
2903,2959,4.025067139556909,5
2904,593,4.2471503522716985,5
2904,1213,4.337799288946847,4
2904,2028,4.177349334634923,3
2904,2707,3.998430949934797,4
2904,3005,3.596639955132086,3
2905,1597,3.702089050017611,4
2906,919,3.4165803669331423,4
2906,941,3.0,4
2907,16,3.3764638967773855,2
2907,357,3.3972974516853247,2
2907,1047,3.7685725781749584,5
2907,1088,3.3057014856042435,3
2907,1388,3.2388936104525445,4
2907,1911,3.5659976641216526,2
2907,2082,3.2937775444607094,2
2907,2133,3.5709474280676186,2
2907,2402,3.2030599959770147,5
2907,2752,4.224463033433214,3
2907,2827,4.663367238721522,3
2907,3671,3.4416317644632097,3
2907,3753,3.5437505845283694,3
2909,44,3.7028971911406985,4
2909,276,2.851755914294151,2
2909,364,4.08149711264298,5
2909,533,3.867840578671137,4
2909,541,4.28415010850084,5
2909,595,4.10694956138089,2
2909,597,3.9447478498269657,3
2909,874,3.0,5
2909,1006,3.0,5
2909,1084,4.295524746895855,5
2909,1129,4.236858713654061,5
2909,1210,4.203622995421705,5
2909,1234,4.268897446037969,5
2909,1380,3.883702623693986,3
2909,1586,4.244589689438698,5
2909,1605,3.0,4
2909,1610,4.28306961088683,5
2909,1678,4.270913076038059,3
2909,1779,4.005669223791635,4
2909,1882,3.841740406922347,4
2909,1959,3.455635492170924,4
2909,1985,3.5898837466985754,3
2909,2478,3.7959602618014987,2
2909,2657,4.052725229110027,5
2909,2672,4.509101765899252,4
2909,2871,4.468361619721188,4
2909,2918,3.879316367476211,5
2909,2950,3.310418019466152,3
2909,2986,3.780561332881827,3
2909,3238,3.0,3
2909,3257,4.145869353048248,2
2909,3633,4.803349440432987,5
2909,3678,3.0,2
2909,3737,3.0,4
2909,3857,3.0,4
2909,3863,4.340999624793141,5
2909,3928,3.0,3
2910,708,3.933659675064366,4
2910,1347,3.423386939565742,5
2911,2706,3.3763901866660864,1
2911,3453,3.0,1
2912,2492,3.0,2
2913,1245,4.289696518469759,4
2913,1361,3.0,5
2913,3809,3.8947618320521347,3
2914,1294,4.571512483036035,3
2914,2243,4.450071591486409,5
2915,2174,4.104947610353105,3
2916,1235,3.6395552735876686,5
2916,2572,3.407812431828222,2
2916,2973,4.027360710851685,5
2918,2,2.9735227630115704,2
2918,175,4.0,4
2918,176,5.0,3
2918,457,3.5766905169477106,3
2918,543,3.330130636531028,2
2918,1513,3.7545432242026022,4
2918,2677,5.0,5
2918,3865,3.0,3
2918,3948,3.9560458330257045,3
2918,3952,4.0,4
2919,1205,3.0000000000000004,5
2919,1291,4.059436437456916,5
2919,2403,3.744904932941788,3
2919,3668,3.0,3
2920,902,3.512219227782047,5
2920,1259,3.2946411829997153,5
2921,1591,3.4112497056752558,3
2921,2851,3.4887782712040583,2
2921,3745,4.0,3
2922,588,4.721967796386414,5
2922,671,4.0,4
2922,1136,4.75203301033317,4
2922,1617,4.676991974426902,5
2923,1707,3.0,3
2924,2581,4.009770193202762,5
2924,3623,4.032545525669513,4
2926,218,3.3317466825612194,2
2926,349,3.523003813703276,3
2926,458,3.0,3
2926,543,3.506716681735,3
2926,595,3.798370276486622,4
2926,720,3.5089497888436307,4
2926,1648,3.0,5
2926,2273,3.4900107429407714,4
2926,2567,3.573430080765504,4
2926,3263,3.5970219216388775,4
2926,3484,1.4872955409898256,3
2926,3623,3.5018689894317947,2
2926,3793,3.649033985715042,3
2927,2396,3.756871914194178,4
2928,172,3.3475216339619434,2
2928,673,3.1281788324388473,2
2928,968,3.650640443859154,4
2928,1217,4.900655859951607,5
2928,1244,4.365796778289818,4
2928,1748,3.7322423247330536,4
2928,2019,4.60980520897211,5
2928,2294,3.6355400273936453,4
2928,2804,3.9949630248568737,3
2928,3072,4.0555002482688,4
2928,3471,4.070037467180275,5
2928,3700,4.0,3
2929,10,3.910230318633925,3
2929,543,4.131773626132543,3
2929,1198,4.109880616484937,4
2929,1230,4.591766411348613,5
2929,1321,4.145596508045097,5
2929,1370,3.9654914697737884,3
2929,1580,4.1582013711107235,4
2929,2010,4.868017129672297,5
2929,2108,4.383525455361014,5
2929,3249,3.599021605850727,4
2931,50,4.19606493336378,5
2931,239,3.0,2
2931,296,4.121723721778401,5
2931,1377,3.6095623625200526,4
2931,1673,4.313202441719671,5
2931,2701,2.7684971622189996,2
2931,2807,3.0,1
2931,3753,3.9590285159588308,5
2933,47,3.8661324107177153,4
2933,543,3.9496255108065923,3
2933,1231,4.1905339998437245,4
2934,318,3.523164821140025,4
2934,364,3.4830694568277916,4
2934,589,3.48282153135317,4
2934,1674,3.530524856509457,4
2934,2013,3.2582130921728996,3
2934,2622,3.0,4
2934,2713,2.984513779388209,2
2934,2779,3.5197409275932947,4
2934,3014,3.0,3
2934,3461,3.0,4
2934,3755,3.7077289803591658,4
2935,1089,3.6657322006153814,5
2935,1909,3.712090379456517,4
2935,2034,3.657290142999067,5
2936,29,5.0,5
2936,595,4.354405929312051,3
2937,2321,3.80120581980573,2
2937,2858,3.792979232250136,3
2938,497,4.0852042192295555,5
2938,673,3.8444113955543657,3
2938,919,3.848406976552536,4
2938,2763,3.9131938817127283,5
2938,3204,3.0,4
2939,2,3.9467266492172195,3
2939,800,3.377892063863982,5
2939,861,2.9999999999999996,3
2939,903,4.138955625815136,3
2939,2020,4.093574224826275,5
2941,172,3.3241536545401305,4
2941,236,3.3653157510051304,2
2941,293,3.805636123175843,5
2941,377,3.320337873361381,3
2941,426,2.0,3
2941,512,3.0,2
2941,588,3.6280353320068195,4
2941,933,3.7536420385826337,4
2941,1197,3.6706859719616673,4
2941,1249,3.900300143241953,4
2941,1289,3.0,4
2941,1556,2.5124841743462576,1
2941,2087,3.622309247102247,4
2941,2108,3.7927839814532267,4
2941,2110,3.428089748916737,3
2941,2406,3.5020215266005206,4
2941,2643,3.169905901927291,1
2941,3030,3.0,5
2941,3034,3.595223310841439,4
2941,3091,3.0,4
2941,3334,4.323814446432244,4
2941,3654,3.7040019713287813,4
2941,3682,4.0,4
2942,912,4.523756661696506,5
2942,2360,3.0,3
2943,589,4.496426532421802,4
2944,28,3.0,5
2944,3072,4.6612687660540315,5
2944,3489,4.409717494578685,4
2944,3897,4.670133423090347,3
2945,17,4.115172355783907,5
2946,198,2.9729421161398895,2
2946,490,2.761074612564459,3
2946,748,2.653403907275004,2
2946,1208,3.541654702458894,5
2946,1608,3.054379986604619,3
2946,1957,3.8029892352339485,4
2946,1969,2.295651844770153,2
2946,3219,3.1403695165529797,3
2947,417,3.0000000000000004,4
2947,508,3.5465703636412944,2
2947,1571,3.0,4
2947,1729,3.426213730170559,4
2947,3324,3.0,3
2948,1288,4.541002613878104,5
2948,2490,4.441900638274879,4
2949,2701,4.230438358687434,3
2949,2716,4.074833204519291,4
2949,3053,3.0,2
2949,3159,3.0,4
2949,3793,4.121224758288802,4
2950,34,2.0,4
2950,2125,4.099022126105752,5
2950,2572,3.2634097882375084,1
2950,2965,3.0,2
2950,3753,3.5462599993894477,5
2951,858,4.138036944032977,5
2952,759,3.0,5
2952,912,4.473353265824579,5
2952,1256,4.755565517033828,5
2952,2918,4.095438791134827,5
2953,2987,3.930940789174486,3
2955,345,2.458841025372549,5
2955,1220,3.3979023767839447,2
2955,2710,2.76844866689318,3
2955,2890,3.462140492797223,5
2955,3328,3.0,4
2955,3702,3.4070676957924975,4
2957,553,4.763637123651297,5
2957,2194,4.606726457192553,4
2959,2278,4.229148257439618,5
2959,2840,4.003154583371668,4
2959,3037,4.676148720676909,4
2961,1387,4.206266373459078,2
2961,2179,3.0,5
2962,58,3.7633994757043614,3
2962,153,2.8450509467966336,2
2962,589,3.0620284283981536,4
2962,628,2.8733370648102876,3
2962,942,3.6021975052246655,3
2962,1079,3.091312094213336,3
2962,1214,3.050094354951415,3
2962,1483,3.0,3
2962,2105,3.0478215185247866,3
2962,2227,2.0,4
2962,2382,2.0,1
2962,2617,2.850073134619324,3
2962,2743,3.0,3
2962,2956,2.473150675201738,2
2962,3174,3.3020210198076856,2
2962,3316,3.0,2
2962,3408,3.3616503902845576,4
2962,3683,3.5472463160005483,3
2962,3896,3.0,4
2963,919,4.222281887976309,4
2964,1104,4.753893849730213,5
2964,1259,4.626051326385787,5
2966,36,4.372157937400669,5
2966,265,4.517230130831725,4
2966,593,4.294634123659391,5
2966,3429,5.000000000000001,5
2967,70,3.187419716910713,3
2967,2065,3.7697863965979286,4
2967,2726,4.267589571705395,4
2967,2750,3.5313496087305767,3
2967,3422,3.0,3
2967,3678,3.0,4
2967,3741,4.351263251804711,5
2968,257,3.0,4
2968,2144,3.8157680116739967,4
2968,2539,4.093606448242706,5
2968,3578,4.013908856312729,5
2969,196,4.130105277024713,2
2969,555,4.30947877667774,4
2969,590,4.179112202445469,4
2969,2470,4.067310527181452,3
2969,3755,4.492026429734536,3
2971,1097,3.4237936405722755,3
2971,1827,3.0,5
2972,1020,3.8392122404158666,4
2972,1339,3.3988804295996893,4
2972,1370,3.850917051031236,4
2972,1754,3.5837182664437273,4
2972,2058,3.922257167013103,2
2972,2826,3.586337653547864,2
2972,3534,3.0,2
2974,1266,4.495862051569394,5
2974,1784,4.433140722195164,5
2975,608,4.397428484825217,5
2975,1276,4.3952836772326425,5
2975,3742,4.480753740249105,4
2976,1268,3.672318157368558,4
2976,1732,3.982333373857593,5
2976,2902,3.0,3
2976,3919,3.4649099849702116,3
2978,25,3.700599663889143,1
2978,936,3.0,4
2978,969,3.9071570378900495,5
2978,1201,3.8430920124851333,4
2978,1694,3.9868464948572,4
2978,2391,3.8553261257566436,4
2978,2488,3.0,4
2979,1641,4.019863832786943,5
2979,2396,4.0151852718345,5
2979,2987,3.9953644871503746,5
2979,3114,3.4952403684099864,4
2980,150,3.6717018381137403,4
2980,593,3.644832009855396,3
2980,1233,3.742554785295851,5
2980,1240,3.619693490208907,4
2980,2501,4.100099996596546,3
2980,3361,3.6627171537575354,2
2980,3555,3.977220408283232,3
2980,3787,3.0,5
2981,934,3.0,4
2981,1221,4.667309103185141,5
2981,3070,3.0,5
2983,1291,4.611042479840186,3
2985,1967,3.698244725144789,3
2986,442,3.21084461349956,2
2986,475,3.846076957477447,4
2986,507,3.2701510738055624,4
2986,552,2.7921129161840432,3
2986,627,3.0,4
2986,1186,3.787785510649254,3
2986,1188,4.168903991333098,4
2986,1230,3.897763700162404,5
2986,1291,3.53210445356979,3
2986,1353,3.180509300081518,3
2986,1835,3.1816250272517856,3
2986,1839,3.0,3
2986,1885,3.8298207060527867,4
2986,2161,3.3703193397239906,3
2986,2278,3.4922551452068915,3
2986,2414,3.2316905708957426,3
2986,2418,3.0,3
2986,2432,3.0,2
2986,2539,3.4605905780870136,3
2986,3129,3.50573938935374,4
2986,3250,4.0,3
2986,3465,3.0,3
2986,3556,4.569822395762595,4
2986,3813,3.0,3
2986,3951,3.0,4
2987,3439,2.0,1
2988,1127,3.678316957658824,5
2989,1204,4.334560494574444,5
2989,1356,3.288940787083194,3
2989,2662,3.22097736907646,4
2990,377,3.6826541786226534,4
2990,910,4.254577560890497,5
2990,1080,4.1996268971778035,3
2990,1094,4.201569578328816,4
2990,1213,4.1398926237073095,4
2990,1262,4.191391301695287,5
2990,1354,4.0,4
2990,2303,3.0,4
2990,2971,4.021399194387171,4
2990,3809,3.8314754769235146,1
2990,3834,3.0,1
2991,904,4.632780415331825,5
2991,1242,3.7777911556495267,4
2992,222,3.0,3
2992,3818,3.0,1
2993,1407,4.185822301234063,2
2993,1886,3.0,1
2994,1356,3.017312085154112,3
2994,1845,3.2520538788867337,4
2994,2353,3.3430254696123773,3
2994,2502,3.5984975434747635,4
2994,2617,3.283996515827347,3
2994,2991,3.493590820700699,3
2994,3035,4.050119279339388,4
2994,3766,3.0000000000000004,3
2995,586,4.007215410060406,4
2995,1339,4.272127076912722,3
2995,1971,3.0,3
2995,2003,4.02770323297407,5
2995,2119,3.4885308720196253,2
2995,2294,4.057337100589224,4
2995,3763,4.165308133317373,3
2996,112,3.1073380143661784,1
2996,260,3.654669814846135,5
2996,423,2.9049502622361065,3
2996,497,3.6911024635976277,3
2996,1375,3.6487010539799307,3
2996,1752,2.719710448111017,3
2996,2033,4.0,4
2996,2116,3.6470604613795303,4
2996,2406,3.6064640329332978,3
2996,2421,3.585720671797587,3
2996,2706,3.5651347177882076,3
2996,2818,1.0,1
2996,3247,3.626975763993977,3
2996,3499,3.6831547312243025,3
2997,2,4.054343883716144,3
2997,3060,3.8522547052930896,5
2997,3629,4.0,4
2998,2394,3.60181420165477,4
2998,2881,3.4946488987488187,4
2999,1013,3.4554495986988285,3
2999,2140,3.572291846873489,2
3000,492,3.0,3
3000,1073,3.4614274937772795,3
3000,1544,3.2523669217941373,2
3000,2161,3.351962117678569,3
3000,2288,3.3799714706015047,4
3001,1,4.428974656761424,4
3001,23,3.0,4
3001,436,3.319939367695198,4
3001,466,4.146135900100848,4
3001,473,3.5234831224562524,3
3001,1225,4.565189243997452,3
3001,1459,3.510380347392472,3
3001,2366,4.589646219500981,4
3001,2762,4.33867880268435,5
3002,2282,5.0,5
3002,2759,4.77028530681941,4
3002,3060,4.5240818518385515,4
3004,1197,3.9110674983583564,5
3004,1594,4.043323984327569,4
3004,2686,3.0,3
3005,1372,3.835644695908807,1
3005,2672,3.676955483715091,5
3007,379,2.6052204796835463,3
3007,585,2.75785034825281,3
3007,1077,3.097534949516144,3
3007,2099,3.0,4
3007,2470,3.496866480568236,2
3007,2529,3.4496802558849,4
3007,2671,3.8424445613668556,4
3007,3466,3.0,3
3007,3528,4.005303158742278,3
3007,3705,2.224925325621602,2
3008,1356,3.5871220385069074,4
3008,1527,3.9764125904421808,4
3008,1584,3.9935846751865185,5
3008,1653,4.0130338023034176,5
3011,924,4.506005893502619,5
3011,2716,4.316297903022985,4
3012,95,2.989979391917315,1
3012,653,3.1395091152563057,3
3012,1199,3.5254955087997,5
3012,2046,3.2542657095541663,1
3012,2762,2.9123577034823955,4
3012,2908,1.969080982324918,1
3012,3699,3.3961791515613657,2
3012,3858,3.0,1
3013,2,3.5243783261263295,4
3013,122,2.0,4
3013,924,3.8725410968116716,4
3013,1125,4.19841078463659,4
3013,1517,3.3044390224278715,2
3013,1663,3.418001722427357,4
3013,1665,2.0,2
3013,1911,2.2863376882875697,4
3013,2059,3.0,4
3013,2791,3.9376858151904237,4
3013,3011,3.973482741797447,3
3013,3152,4.132341593290383,4
3013,3869,2.897922446423955,3
3014,11,3.684185780741742,4
3014,2028,3.800214604053806,5
3014,2324,3.9125318505094477,5
3016,2571,4.063908884639358,4
3016,2761,4.497008614848735,5
3017,1,3.597015533449277,3
3017,125,3.4604632215244426,4
3017,151,2.979226121535561,3
3017,276,3.1678572047194744,1
3017,589,3.5295510206612652,3
3017,612,3.0,2
3017,1204,3.6037746047374357,3
3017,1608,3.4340641644537886,2
3017,1821,3.17696127479374,3
3017,1959,3.880673965395452,2
3017,2583,3.0,4
3017,3263,3.4474292486504696,4
3017,3441,2.9802780251416396,2
3018,555,3.8801135190604708,4
3018,1219,3.9885486076725414,4
3018,1429,4.0,4
3018,1858,3.775465215078245,4
3018,2273,3.54026190933671,4
3018,2407,3.7471244547677607,4
3018,2796,3.4794547913486387,3
3018,3090,3.0,5
3018,3265,4.0,4
3018,3770,3.699873813298364,3
3018,3827,3.0,4
3018,3833,3.0,4
3019,589,4.362132503264371,5
3020,2203,4.26596241342379,4
3020,2961,3.0,2
3020,3114,4.145722515104703,5
3020,3475,3.7523367195749127,4
3020,3554,3.0,4
3020,3606,3.0298631251272248,3
3022,1488,2.507230637178713,2
3022,2734,3.0,4
3022,2991,3.0543004426360016,3
3023,2987,3.6938058597365515,4
3023,3897,3.9069977761555528,5
3024,356,3.9865430000633006,4
3024,611,3.0,3
3024,762,3.813436570199529,2
3024,1210,4.005989883304511,5
3024,1396,3.9605039433099516,4
3024,1422,3.7381874350850754,4
3024,3489,4.110653627061813,5
3024,3753,4.206460173200237,4
3025,914,3.574898587466665,5
3025,1566,4.508237551779297,4
3025,3610,2.0,2
3026,11,2.7386265451266816,4
3026,16,3.091874210710223,3
3026,364,2.902892242531059,3
3026,898,4.435744091225819,5
3026,1028,3.233348394097486,2
3026,1517,2.4941300263715793,1
3026,1580,2.872453127659376,3
3026,1923,2.7000956928743407,2
3026,2182,4.427605015583059,5
3029,107,3.0,2
3029,151,4.254448336291214,4
3029,303,3.457508466834311,4
3029,383,3.683321816566754,3
3029,448,3.0,4
3029,454,4.135472177871657,3
3029,535,3.966918735280614,4
3029,661,4.305037222206584,4
3029,778,4.530671628898705,5
3029,832,3.999719154599401,4
3029,924,4.465541223936035,5
3029,1032,4.368938088131244,4
3029,1672,4.180650389447717,3
3029,1810,4.537370943516629,4
3029,2001,4.111687271425803,3
3029,2048,4.366675945703864,4
3029,2861,3.0,3
3029,2947,4.3939167375869275,4
3029,2987,4.335491112364676,5
3029,3504,4.602074223702387,4
3029,3893,4.041056644522028,4
3030,3733,3.0,4
3031,215,3.0,4
3031,317,3.8210007390434866,3
3031,356,4.000923442731025,5
3031,589,4.011266295571083,4
3031,597,3.8850166292397637,3
3031,780,3.8747502217285112,3
3031,1077,4.466893407903777,5
3031,1259,4.123753307622152,5
3031,1673,4.13071379357315,5
3031,1748,4.003445323745146,5
3031,1884,4.11352155682738,5
3031,1895,3.524360494180979,5
3031,1918,3.5283809336008813,3
3031,2918,3.97472409646141,4
3032,15,3.0,4
3032,42,3.0,5
3032,517,4.071758039631749,4
3032,608,4.510908214434591,4
3032,611,5.0,3
3032,694,4.4949638584738985,5
3032,879,4.317814209512618,4
3032,999,4.0,5
3032,1089,4.3067742636063775,5
3032,1127,4.128438510092487,5
3032,1337,3.0,4
3032,1379,4.335208539851967,5
3032,1399,3.0,3
3032,1640,3.0,5
3032,1681,3.25852642652032,3
3032,1752,4.188152712526371,5
3032,1983,4.39368562391036,5
3032,2161,4.525128110442255,4
3032,2385,3.0,3
3032,2647,4.1647470942319025,4
3032,2799,4.0,4
3032,2950,4.452934725641694,5
3032,3017,4.272216792645092,3
3032,3060,4.1750739935437355,3
3032,3587,3.0,5
3033,216,2.847669202383022,4
3033,858,4.200559057840795,5
3033,1653,3.9191801238498853,3
3033,3698,3.876006069534818,4
3034,39,4.08175751353991,4
3036,914,5.0,4
3036,1207,4.852400791843139,5
3036,3471,4.589226673536995,4
3036,3873,5.0,4
3037,11,4.38570456572211,4
3037,1721,4.148112411412334,4
3037,2706,4.365490492598673,1
3038,912,4.409385332925847,5
3038,2916,4.231450109459208,3
3038,2989,4.008110830117844,4
3038,3578,4.099141584379059,5
3039,898,4.732351229500146,5
3039,912,4.666439827243763,5
3039,2176,4.796662527320505,4
3039,2937,5.0,5
3040,1320,3.475308743534866,4
3041,3004,3.0,2
3041,3863,3.2537584772434713,4
3042,230,4.504348487585874,3
3044,1225,4.166074296405795,5
3044,1625,4.2923573464392355,3
3044,2002,4.19645599261889,4
3044,2648,3.915986193659692,4
3044,3107,4.2597908686817,3
3044,3247,4.2162677967884274,5
3044,3421,4.138748863344803,3
3044,3461,3.0,2
3045,426,5.0,4
3045,1069,4.174049802101637,5
3045,1301,4.161937509584872,5
3045,3730,4.505831542745469,3
3046,3113,3.3497238175399757,2
3047,750,3.5608958270505817,4
3047,1089,3.5122269191097684,4
3047,1197,3.589995597839254,4
3048,2883,3.0,3
3049,1221,4.332570339801718,4
3051,377,3.4028919565910796,3
3051,543,3.752110598277028,5
3051,1321,3.60091858945076,3
3051,1590,3.3475961306863145,3
3051,1840,3.0,2
3051,1866,2.806576488968674,3
3051,1912,3.6145758914870325,3
3051,2141,3.627413888191623,4
3051,2389,3.0245208280029603,2
3051,2428,3.085984488121333,3
3051,2539,3.5969022511440305,4
3051,3452,4.0,3
3051,3946,3.0,3
3052,595,3.1438190257120358,1
3052,2053,1.0,1
3053,149,3.0,4
3053,1694,3.4380431711941704,4
3053,2020,3.6219861534554516,2
3053,2683,2.837740709167135,2
3054,70,3.257636554576684,2
3054,162,4.547541019161756,4
3054,592,3.1585725089444296,3
3054,595,3.508347139721687,5
3054,838,3.1581836781276102,4
3054,920,4.11681491418639,4
3054,1208,4.073139385944898,4
3054,1237,4.803724218704347,5
3054,1260,4.720745717626595,5
3054,1729,3.7451070479423176,4
3054,1997,3.578886097651904,4
3054,2106,3.0,3
3054,2699,2.862286315225796,2
3054,3859,3.0,4
3055,89,2.683229880650234,3
3055,342,3.9244590659509737,4
3055,368,3.7018823747129033,3
3055,1616,3.0232506731418956,4
3055,1754,3.700228455812269,4
3055,3476,3.82351758397871,3
3055,3526,3.8940184759901704,4
3056,1382,3.66116193505595,3
3056,1584,4.025661897494571,4
3056,2405,3.889666818845914,3
3056,2701,3.5130366649569327,3
3056,2841,3.2064447186851055,4
3056,3698,3.910582879892949,3
3056,3710,4.0,3
3057,1307,3.6641175913129587,5
3057,1500,3.6315328957528656,3
3057,1997,3.4392079149222794,4
3057,2683,3.5440295049738686,3
3057,3159,3.0,4
3058,589,3.725032387578994,4
3058,1036,3.699312292030139,5
3058,1777,3.7101255516086535,4
3058,3033,3.943334879049345,4
3058,3897,3.7190934781020246,3
3059,1240,4.133582824381078,3
3060,1805,3.710784261056203,4
3061,2949,4.242391015300864,4
3061,3671,4.073828767827354,1
3062,150,4.110624555748065,4
3062,2023,4.607679982114396,4
3062,2505,3.0,4
3063,434,4.619929654110311,3
3063,1954,4.231381585293664,5
3064,2455,4.6208544663182085,3
3065,163,3.7545341294617662,3
3065,647,3.9339402834977624,4
3065,3253,3.852023272344044,4
3065,3536,4.685601737032565,4
3066,150,3.8635747988499816,4
3066,1377,3.9062088235600547,3
3067,179,3.0,3
3067,253,3.7453454202418097,4
3067,296,4.15166478087381,3
3067,302,3.0,4
3067,380,3.8299654439394617,3
3067,388,3.0,4
3067,580,3.0,3
3067,969,4.41452542409002,5
3067,1191,3.0,3
3067,1474,3.6594202263620823,1
3067,1542,3.0,3
3067,2058,3.9011098941196205,4
3067,2385,4.0,3
3067,2433,4.045641549414858,5
3067,2571,3.9517276290498335,4
3067,2712,4.480232413668953,3
3067,2723,3.606448237366301,3
3067,2884,3.0,3
3067,3753,4.113472298995128,2
3068,260,4.130657756649263,5
3069,266,3.841738739649197,5
3069,1200,3.1698984093293023,4
3069,2828,3.0,1
3070,919,3.7871505299785015,2
3072,1124,3.488903432215465,4
3072,2011,3.117990386617268,4
3072,2243,3.671055347898884,3
3072,2804,2.822288040192884,3
3072,2875,2.0,2
3074,1265,4.6770858466864,4
3074,1693,3.0,4
3074,2762,4.205746109566442,5
3074,2858,4.241747510527966,4
3074,3481,4.636418970174595,4
3074,3512,4.497096869550059,4
3075,920,3.9740653254927065,4
3075,1196,3.840178707150636,5
3075,1721,3.82926740732259,4
3075,1913,3.0,3
3075,1982,3.4085989148547116,4
3075,2076,3.911524586758502,2
3075,2282,3.0,2
3077,2762,3.9145747213557462,5
3078,3741,4.014724439344077,4
3079,1222,4.151063266073391,4
3079,1242,4.142417962645148,3
3080,47,3.9950273732325394,3
3080,125,4.447980768090203,5
3080,345,3.8856186303151925,2
3080,1097,4.151778492078984,5
3080,1175,5.0,5
3080,1199,4.5494370183420765,5
3080,1211,4.611355349024097,5
3080,1429,2.750282441315466,3
3080,1584,3.9626145884439574,2
3080,1648,4.496795467464375,4
3080,1953,4.557496496181616,5
3080,2005,3.8427717708700073,3
3080,2186,4.808664820984251,5
3080,2924,3.0,5
3080,3210,4.186634376394365,5
3080,3253,3.831185944688536,5
3080,3551,4.744404775597172,4
3080,3742,5.0,5
3081,145,3.739738771118795,4
3081,292,4.078489242750868,4
3081,914,4.757424117578342,5
3081,1967,4.2484033019634175,4
3081,2311,4.025564878685099,3
3081,2901,3.831428211253895,3
3081,3760,4.0,4
3082,296,4.002202860415816,5
3082,2505,2.4929800911515247,2
3082,2657,4.025348919088278,4
3082,2770,3.4397266673942233,3
3082,2918,3.851037968471075,5
3082,3005,3.812624166697909,2
3082,3398,3.234729237166809,3
3082,3525,3.297503538113456,2
3082,3552,3.8105222004832937,5
3083,1230,4.421751391548685,5
3083,2886,3.0,5
3083,3250,3.0,5
3084,1090,4.538032874317434,4
3084,3078,3.0,4
3084,3148,4.457655564286192,5
3085,2890,4.519164817996931,4
3086,11,4.800564418139019,5
3086,151,5.0,1
3086,1459,3.0,4
3086,2170,3.0,1
3086,2396,4.457193167784454,5
3086,3408,4.429135521633843,5
3086,3752,4.174929699379378,3
3087,1619,4.497123459655566,3
3087,2054,4.210277985619392,4
3087,3114,4.523447633337489,5
3088,290,3.0,5
3088,1357,3.8474344893787973,5
3089,252,3.0,4
3090,1097,3.795138246708425,3
3091,3499,3.817084801921973,4
3092,1206,4.318516684885747,5
3093,955,4.549873915688542,5
3093,988,3.0,5
3093,1885,3.9618175654027175,4
3093,2007,3.0,1
3093,2736,4.0,2
3093,3793,3.5074969665328766,4
3095,1,4.3580075000142795,5
3095,2915,4.13663365521163,4
3096,1200,4.146892853974396,4
3096,1376,4.111739093243587,3
3096,2135,4.561698887960477,4
3096,2672,3.802168593277592,3
3096,3699,4.111069361725519,5
3097,2411,1.0,1
3098,296,3.7807009484156264,4
3098,3324,3.0,4
3098,3536,4.232103333963603,4
3098,3618,3.0,4
3099,157,3.0,4
3099,435,3.4631784632383456,4
3099,2450,3.256992495296994,4
3099,2615,3.3320476822913347,3
3099,3698,3.3387015666653728,4
3100,296,4.2999303749267055,5
3101,2143,4.327544339032924,4
3101,2664,4.264117485887347,5
3101,3398,4.147885872135955,4
3102,2692,3.411018528178798,5
3103,589,4.659018863122738,4
3103,1284,4.999999999999999,5
3103,2291,4.655730267274261,4
3103,2303,3.0,5
3103,3753,4.319414521863319,3
3103,3824,3.0,3
3104,3578,4.4743876278011365,5
3105,750,4.2909803747391235,5
3105,954,3.9842116076422753,4
3106,527,4.209396423162492,5
3108,58,4.233120342407776,3
3108,213,3.0,5
3108,678,4.0,4
3108,991,3.0,3
3108,1176,3.0,4
3108,1235,4.1941180181038575,5
3108,1373,3.2162684302520566,3
3108,1376,3.436678095022576,4
3108,1385,3.1824466201059103,3
3108,1589,3.8486075828216118,3
3108,1704,3.935810863110268,5
3108,1960,4.1353344766568405,4
3108,2406,3.804987145423354,3
3108,2808,3.043091657495898,2
3108,2929,3.8955146919962953,3
3108,3152,4.140520435107667,5
3109,3173,5.0,4
3109,3176,3.5610828727443455,3
3109,3948,4.023389877550378,4
3110,750,3.9609232986925558,5
3110,1073,3.662446799344132,3
3110,1090,3.839546065873338,4
3110,1676,3.081013524650706,1
3110,3176,3.625537289048714,3
3110,3811,4.720134544244204,5
3111,153,3.2439895902688085,2
3111,275,3.0,3
3111,325,2.0,4
3111,1476,3.634617774993726,2
3111,2431,3.239274195545553,5
3111,2581,3.5508799414812144,2
3111,3614,2.885865427320764,1
3112,25,3.6353043354123944,5
3112,29,3.0,4
3112,1527,3.396222262150494,3
3112,2116,3.1039655907478862,4
3113,236,3.0,5
3113,612,3.0,2
3113,1339,3.3204106636868738,3
3113,2248,2.9999999999999996,5
3114,63,3.0,2
3114,2752,4.0,4
3115,2628,3.0361041083870335,3
3115,3408,3.387177226367621,3
3116,1097,3.9891815794183003,5
3116,2000,4.049425066333434,4
3116,2058,3.970222868490601,4
3116,2694,3.5477814159363685,3
3116,3081,3.6620813668399004,3
3118,251,3.0,4
3118,260,3.6441146981862462,5
3118,910,4.086110327866078,5
3118,945,4.009598248188935,4
3118,996,2.899828017483179,3
3118,1196,3.5914188273284946,4
3118,1298,3.8357551061807063,2
3118,1748,3.6558349829662267,5
3118,2078,3.482133181071574,3
3118,2108,3.772447247391658,5
3118,2402,3.1602492516748977,2
3118,3213,5.0,4
3118,3379,3.0,5
3119,2000,3.4559409731331665,3
3119,3623,3.763864640558392,4
3121,16,4.046700098103752,3
3121,165,3.8276905571316484,4
3121,377,3.7615020477355907,4
3121,1599,3.0,2
3121,3499,3.9113701012380324,4
3122,3408,3.7207692677737705,4
3123,1037,3.7942137388415107,2
3124,1197,3.7665308570106295,4
3124,2424,3.492881863111883,3
3125,553,4.147229767230378,3
3125,592,3.6849184647268993,3
3125,1500,3.9409673214316676,4
3125,1584,4.0123216903525964,3
3125,1641,3.914944367770482,5
3125,1676,3.5069311700616597,3
3125,2336,4.276084414555525,5
3125,3114,4.012248022987367,5
3125,3948,4.0394522505443975,3
3126,733,3.7405902947737806,4
3128,246,4.010670823932883,4
3128,305,3.0,3
3128,1884,4.017238255658012,3
3128,2430,3.0,1
3128,2529,3.515112048250651,4
3128,2649,3.0,3
3128,2716,3.5376161590330004,4
3128,3788,5.0,1
3129,100,3.0,3
3129,266,3.614495200463442,2
3129,586,3.2838480592135495,1
3129,1136,3.6534735273631567,1
3129,1186,3.647345605190718,4
3129,1234,3.7785644802638543,4
3129,1380,3.349679513719927,2
3129,1405,3.072260564818693,2
3129,2001,3.5111889600666335,4
3129,2005,3.492742846012269,3
3129,2396,3.6552621633931173,4
3129,2794,2.963855064243323,3
3129,3767,3.0,1
3130,2097,5.0,3
3131,1221,3.404519747228842,5
3131,3655,3.0,3
3132,3754,3.0,1
3133,3646,3.0,3
3134,2502,3.6363814763278928,3
3134,2808,3.6250737421743935,3
3135,2542,4.003307321521452,5
3135,2897,3.0,5
3135,2943,3.0,4
3135,2970,3.0,5
3135,3577,3.0,3
3137,3543,3.841969042440314,5
3138,349,3.867420835992635,4
3138,419,2.0,2
3138,858,3.9214897247271114,3
3138,2002,3.846262931147267,3
3138,2042,3.0,3
3138,2470,3.7990566151597096,4
3139,1957,3.8067289159213087,5
3140,276,4.0,3
3140,1294,4.239062225200009,3
3140,2096,4.28332511743766,4
3140,2532,3.1801183558136596,2
3141,2006,4.102645686843015,5
3142,260,4.070019893939898,4
3142,2174,4.108011719055255,3
3142,2973,4.693691660511262,4
3142,3095,4.556724858795419,4
3142,3203,3.0,4
3143,480,3.390823297379044,3
3143,2352,3.484766356988227,4
3143,2445,3.0,1
3143,2830,3.0,4
3144,3300,5.0,5
3144,3825,3.0,3
3144,3826,4.668699509541011,2
3145,1206,3.6462597910560173,3
3145,1287,3.650898337262552,2
3145,2863,4.212665930433526,4
3146,1214,3.6932372501379205,3
3146,3301,4.0,4
3147,589,3.7291226521041367,4
3147,1482,3.0,3
3147,2542,3.8840363500526824,5
3148,2599,3.763803242491702,4
3149,3301,4.583383598744819,5
3150,1784,3.788012131365768,4
3150,2125,3.0,5
3150,3176,3.917018351450927,1
3150,3785,3.0,3
3151,608,4.19802844670751,5
3151,3708,5.0,3
3152,2005,3.3244381843023434,2
3152,2174,3.2574621089496305,2
3152,3107,3.549133069876142,5
3152,3754,3.0,4
3153,63,3.0,3
3153,2517,3.0,4
3154,589,3.6453591919890673,4
3154,1036,3.6580462459472862,2
3154,2581,3.625611089902689,3
3154,2801,3.0,3
3155,1944,4.3764904559453415,4
3157,1356,3.4071499758841015,4
3157,3863,3.675022886631378,4
3158,345,4.331957251744636,5
3158,780,3.79368868433617,1
3158,2108,4.104851594883759,4
3158,2193,3.8050061812030265,3
3158,2316,3.0,3
3158,2384,4.411103549784481,5
3158,2762,3.9996407336962325,4
3158,3751,4.167151140539236,4
3158,3785,4.0,3
3159,50,4.241547045567992,4
3159,1079,4.206614119858567,4
3159,1257,4.3682179352978,5
3159,2336,3.883177143295312,4
3159,2355,4.170950171771508,4
3159,2707,4.166518627457293,4
3159,2987,4.195925732890921,4
3161,1270,4.235061565780114,4
3161,1272,4.2262491905874136,4
3161,3396,4.286003329436825,5
3162,3752,2.2730694845233974,1
3163,111,4.5773496182256395,5
3163,247,4.7667927759486455,4
3163,299,3.0,5
3163,435,3.647047790537398,3
3163,440,4.0362550105528285,4
3163,588,4.058589866655822,4
3163,741,4.468969636640868,4
3163,898,4.6152964375222485,5
3163,928,4.756057040793384,4
3163,1089,4.305622569531943,5
3163,1196,4.160839953197737,5
3163,1200,4.15403088734682,4
3163,1235,4.7119915330371,5
3163,1405,3.7212505522499533,3
3163,1408,4.093192236506375,4
3163,1699,3.0,5
3163,1835,3.6872515595847144,4
3163,2160,4.6277904916422825,5
3163,2409,3.7291488033115234,3
3163,2702,4.147812383114832,4
3163,2946,4.404436707128833,5
3163,3006,4.49889636892467,5
3163,3386,4.276865709933161,4
3163,3565,4.0,4
3163,3688,3.7390879262288546,1
3163,3693,2.9408742965472974,4
3163,3766,3.0,2
3164,2599,4.069705869702024,4
3165,1222,4.345877819284389,5
3167,549,3.0,5
3167,1183,4.524105071797564,5
3167,1220,3.844126629947395,5
3167,1274,3.432603029138215,5
3167,2019,4.844965503513345,5
3167,2951,4.498601508681782,5
3167,3036,3.0,5
3169,1374,3.9367838206263848,5
3169,1876,4.2190989476491865,5
3169,2011,4.26526805047449,5
3169,2968,3.994162489377573,5
3170,1394,3.7807708692011777,5
3171,933,4.543068051750051,5
3171,2729,3.0,5
3171,3224,3.0,5
3171,3424,4.085534126368199,3
3172,2000,3.649559798994294,2
3173,260,4.375470884381245,5
3173,1194,3.0,4
3173,2100,4.317367842070022,3
3173,2454,4.4042853370772335,5
3173,2642,4.35392230810503,2
3173,3267,4.745293424721135,5
3173,3701,4.41529124533347,3
3173,3702,4.4122810751179244,3
3174,2353,3.736323895405336,4
3174,3755,3.8389451151467395,3
3175,1186,4.28066743219569,5
3176,3185,3.0,4
3176,3785,3.0227152794974206,1
3178,1037,2.3060653286112616,1
3178,1136,3.0041763607442498,5
3178,1256,3.495983785254583,3
3178,1356,2.5238202676680404,4
3178,1372,2.4625703349851666,1
3178,1408,2.7593714081745704,3
3178,2366,3.092623505635274,2
3178,2628,2.6521290093744274,1
3178,2683,2.606426943951335,2
3178,2716,2.7195705467832068,4
3178,3142,3.0,2
3178,3627,3.0,4
3179,3515,3.0,2
3180,101,3.0,4
3180,296,3.4573598761368314,4
3180,586,2.4167866307515795,4
3180,1042,2.487592421531014,2
3180,1222,3.4894260593182005,5
3180,1617,3.59741520389286,4
3180,1704,3.425829917765534,4
3180,2082,1.8316169356169891,2
3180,2237,3.0,2
3180,2291,3.4034002895243276,4
3180,2420,2.879008446402422,3
3180,2736,2.6111927707974085,3
3180,3396,3.3105067829396955,3
3180,3398,2.626157077120566,3
3180,3836,3.3461041627517676,3
3181,3095,4.801171914501586,5
3181,3468,4.794217715575918,5
3182,63,3.0,2
3182,367,3.1334930853399148,2
3182,508,3.485861833404332,4
3182,1060,3.996652559637977,4
3182,1215,3.215275344275755,4
3182,1288,3.7684716035394685,5
3182,1416,1.4913524891965337,2
3182,1500,3.3163113163449767,3
3182,1645,3.250327317014591,3
3182,1824,3.0,5
3182,2124,3.663821690724647,2
3182,2404,3.0694315890283046,3
3182,2408,2.488544060291412,1
3182,2421,2.928039866028273,4
3182,2463,3.051070553128539,3
3182,2739,3.0408560951773618,3
3182,2959,3.8620269380859797,5
3182,2997,3.5372580157883777,4
3182,3361,3.3751497629613394,4
3182,3691,3.0,3
3182,3717,3.528509344956961,3
3182,3868,3.3639336354797407,4
3183,2401,4.0,3
3183,2527,3.2629412343562603,2
3183,2571,3.381931697198732,4
3183,2944,3.3659983469007524,3
3183,3873,3.0,3
3184,410,3.3798053898303024,1
3184,1208,4.654122780002452,4
3184,1321,3.7984136621403666,3
3184,3363,4.540579893554196,5
3185,16,4.221332052706476,4
3185,145,3.0,3
3185,553,4.179664920350017,5
3185,1246,3.9190579220278625,5
3185,3177,3.0,3
3186,1248,4.131134688752966,5
3186,3030,3.0,5
3189,293,3.8523817998163765,4
3189,592,3.306834215573244,4
3189,762,2.807463364878011,1
3189,830,3.0760685825894964,3
3189,1359,2.9194310303479587,3
3189,1409,3.007468133196955,3
3189,2107,2.702172031045093,3
3189,2406,3.65934905420143,4
3189,2410,3.593109988527247,2
3189,2460,3.0,1
3189,2641,3.536559253469447,4
3189,2701,3.115883281189632,1
3189,3809,3.630054566990297,4
3190,1968,4.0290109890169745,4
3191,10,3.613112233926218,5
3191,170,3.1961185557476597,4
3191,368,3.5931636263356888,5
3191,1193,4.176604627094856,4
3191,1274,3.7725617438427723,4
3191,1375,3.6088736350560557,4
3191,2948,4.063831977430109,3
3191,3273,3.312113881599102,3
3192,141,4.506838863510987,5
3192,216,4.081369998141591,5
3192,223,4.344186312582172,3
3192,1091,4.449272227088351,5
3192,2126,4.361588706282463,2
3193,50,3.60058350694292,5
3193,1093,4.273301062288533,3
3193,1653,3.293373993569678,2
3193,2428,2.7984754425491913,3
3193,3176,3.683234634692697,3
3194,2706,3.7506469573562535,3
3195,1206,3.941535696538901,5
3195,2450,3.525421342236852,2
3195,2469,3.355119187865849,1
3195,3104,3.874733765364588,4
3196,1259,3.5988765882060667,4
3196,1653,3.5879112589111672,5
3196,2102,3.499967852335151,2
3196,2470,3.595890591366175,2
3196,3273,2.597628936277961,3
3196,3489,3.6188126988384424,4
3197,1172,4.189319030445191,1
3197,1290,2.3186531254465073,5
3197,1888,1.616871998203243,2
3197,2110,2.7723266680622296,2
3197,2542,2.782154243860378,2
3198,1345,4.234636307350641,4
3198,1994,4.193647891129374,3
3198,3201,4.229219753313905,4
3199,3889,3.0,4
3200,247,4.187622248163176,5
3200,529,3.8350389691292177,4
3200,1912,3.608892904278467,4
3200,2997,3.9291307831213222,5
3201,16,4.514192704181076,4
3201,161,4.04215498989675,4
3201,349,4.298360079916273,4
3201,954,4.962543816287531,5
3201,1200,4.501519393968314,4
3201,1270,4.526592732522792,5
3201,1293,4.721219348979679,5
3201,2111,4.201371869252655,4
3201,2829,3.0,3
3201,3873,5.0,5
3202,1370,3.679225651699873,5
3202,1393,3.6113358203803956,3
3202,1544,3.6915737214269293,4
3202,2424,3.5477404001039203,4
3202,2953,3.4492104044498397,4
3203,47,4.306058161345389,5
3203,2439,3.0,2
3203,3534,4.0,4
3203,3812,4.767728657821399,5
3204,1294,4.5612149800481125,5
3204,2144,4.558747872587641,4
3204,2946,5.0,4
3205,593,3.9308794232650572,4
3205,635,3.0,3
3205,1240,3.880369417878361,5
3205,1914,3.0,1
3206,562,4.011320517225565,4
3207,968,4.470106914797828,5
3207,1197,4.457266217957045,5
3208,1090,3.7947930380253414,3
3208,1093,3.7251624651489785,4
3208,1120,3.6247945837313322,3
3208,1347,3.4675068022297126,3
3208,1673,3.8242655085981574,5
3208,2001,3.528725655698887,3
3208,2021,3.45422222273957,3
3208,2529,3.5600155698189324,3
3208,3300,3.184705379899792,3
3208,3471,3.6404774454423743,3
3208,3615,3.0,3
3208,3752,3.652911113105519,3
3209,1527,2.4977739262804772,5
3209,1573,2.5645057854137,5
3209,2126,2.446055157878499,3
3209,2334,2.4282252564447817,3
3209,3257,2.699362106957192,2
3210,34,4.381560473515943,4
3210,128,3.0,5
3210,318,4.485559224076864,5
3210,1163,3.0,5
3210,1204,4.684008570530357,5
3210,1673,4.4098351250795735,5
3210,2570,3.0,5
3210,2976,4.696659409795513,5
3211,908,4.349484873467944,5
3211,1230,4.359218695685947,5
3212,2858,2.601146978029587,4
3213,1580,3.846562383808242,4
3213,1661,3.0,3
3213,2355,3.952586607458914,3
3213,2501,4.294475069978715,5
3213,3100,3.9311980406156772,3
3213,3259,4.120891079164794,4
3214,1251,3.0,5
3214,2971,4.662173978435397,4
3215,2881,3.0770883212808093,3
3216,160,2.2887393079148013,1
3216,307,3.0,4
3216,1197,3.310082805121144,4
3216,1207,3.4755280393770187,4
3216,1516,3.0,3
3216,2094,2.5734216335850566,3
3216,2359,3.467046536150253,4
3216,2507,3.0,2
3216,2615,1.4789122439177493,2
3216,3040,2.893203200550992,3
3217,34,3.892967964688257,3
3217,380,3.718961905048263,4
3217,465,3.0,5
3217,616,4.111652600616603,4
3217,782,2.0,3
3217,1225,4.39959808473187,5
3217,2137,3.8963007595527595,2
3217,2455,3.5815115566285423,2
3217,2911,3.0,5
3217,3155,3.0,4
3217,3528,3.8933429972390248,4
3217,3844,3.4366623717185236,4
3218,1198,3.63695651349525,4
3219,515,3.928680637418658,4
3219,2421,4.255109433590723,3
3220,34,4.202816847444842,4
3220,2925,3.0,4
3220,3359,4.230972430622249,5
3220,3676,3.0,4
3221,32,4.483625848968736,5
3222,345,3.0,1
3222,2324,4.003640584963095,5
3223,3005,3.6680128172675794,2
3224,318,4.045120259765862,4
3224,586,3.6328204931161885,2
3224,589,3.9637017447137604,4
3224,593,4.04008230190237,4
3224,1189,3.0,3
3224,1230,4.311488362193342,5
3224,1331,3.0,3
3224,1358,4.14900777463237,4
3224,1581,3.0,3
3224,1625,3.9357617197605554,4
3224,1641,4.023949142406501,3
3224,1665,3.0,4
3224,1758,3.0,3
3224,1797,3.0,4
3224,1998,3.4993939299274186,2
3224,2100,3.9194095794162265,4
3224,2132,4.372515599778938,4
3224,2204,4.690778243632198,4
3224,2257,3.0,1
3224,2575,3.0,5
3224,2739,4.0213192944142,4
3224,2753,3.0,4
3224,2770,3.823344115130962,4
3224,2871,4.182469209146937,4
3224,2919,4.266704017445347,5
3224,3359,4.238121799188527,4
3225,110,3.4346936393093106,3
3225,549,3.0,5
3226,1210,4.361164378135537,5
3226,3039,4.434075883403522,4
3227,150,3.938865670337566,5
3227,612,3.0,2
3227,719,2.5821804106642348,2
3227,1544,3.5621645003492564,3
3227,1923,3.7741857701379935,5
3227,2935,5.0,5
3227,3072,4.2408436754147685,4
3227,3259,3.780609299991864,5
3227,3481,4.161161207139597,4
3228,592,3.768489721119108,3
3228,1129,4.24980628263325,5
3228,2000,4.283369742918396,5
3228,2394,4.170703148965325,4
3228,2840,3.443629395666866,4
3228,2881,3.1409880765286564,4
3228,3175,3.707108537875207,3
3229,902,4.447604270578579,5
3229,3148,4.477114370471853,5
3229,3287,3.0,1
3229,3809,3.489672164969825,5
3230,32,4.261200550853819,5
3230,608,4.301410225371798,4
3230,780,4.237209709725606,5
3230,1617,4.368320185536578,4
3230,2617,4.248217246192316,4
3230,3430,3.0,1
3231,249,3.0,5
3231,380,4.129139385363017,4
3231,2076,4.252290118924512,4
3232,3114,3.269872311162399,4
3233,1150,4.0,4
3233,1171,4.0,3
3233,2323,3.0,3
3233,2390,3.0,5
3233,3152,4.347374066782908,5
3235,2700,4.8476500881769375,5
3237,538,5.0,4
3237,760,3.0,4
3238,2915,4.664897520102274,5
3239,1393,3.512964153736114,4
3239,1593,3.5111299206289988,3
3239,1619,4.0,4
3239,2268,3.5001638191207745,3
3240,1701,4.370940952873134,4
3240,2060,2.4857072680870256,3
3241,3869,2.6918389672525285,3
3242,292,3.985671868536851,3
3242,368,4.079285152032058,4
3242,1408,4.103787549317235,3
3242,2002,4.00166659038418,3
3242,2167,3.434628356477294,2
3243,2918,4.181801786077989,4
3243,3287,3.0,2
3243,3409,2.609491292832579,3
3243,3686,4.177413475385921,4
3243,3865,3.0,2
3244,223,4.577296341350094,4
3244,2550,3.0,4
3245,3181,3.0,4
3245,3744,2.926793855301387,3
3245,3824,3.0,3
3246,380,3.4134174469588205,4
3246,1245,2.6143489580969876,4
3246,1792,2.153509629160975,4
3246,1810,3.734787719002439,4
3246,1918,2.258749146150943,3
3248,154,3.0,3
3248,1913,3.0,2
3249,1415,3.0,4
3249,2132,4.324847715168864,3
3250,590,3.487591278729452,2
3251,1077,4.599864599114404,5
3251,1185,3.8123740672794915,4
3252,2881,3.121953467695198,4
3252,3175,3.5985587497800564,3
3252,3203,3.4177845705834105,3
3253,527,3.7764780960199715,3
3253,1394,3.8093411173845078,3
3253,1513,3.466099976938385,3
3253,2289,3.86625613622545,4
3253,2329,3.3887098913189018,4
3254,1663,3.2134121193211813,4
3255,222,3.810652340988395,4
3255,1485,3.5511458087688563,4
3257,1464,3.0,3
3258,921,4.423117161252908,5
3259,163,3.9994016283426927,3
3259,1009,4.133570514974012,4
3259,1732,4.239436412450963,2
3259,2012,4.10896304630781,4
3259,2115,4.1822689070231664,4
3259,2395,4.28521824379632,5
3259,2467,4.6657234887282595,5
3260,110,4.118373804660295,5
3260,1089,3.8801240969723287,5
3260,1194,3.0,3
3260,1307,4.071094735507517,3
3260,1358,4.13499129879322,5
3260,1397,3.0,4
3260,1997,4.07275450873247,5
3260,2194,4.116447606997825,5
3260,2532,3.989947668852484,4
3261,17,4.130011026136743,3
3261,507,2.0,3
3261,673,3.158383147231206,1
3261,860,3.0,4
3261,1078,3.5999016481251545,4
3261,1175,3.0,4
3261,1580,3.6473027453008653,4
3261,1719,4.145736428900173,3
3261,2642,2.8954047223108033,1
3261,2770,3.7168771823478464,4
3261,2916,3.649982095796284,5
3261,2970,3.0,2
3261,3060,4.123893396275595,4
3261,3538,3.0,3
3262,3176,3.398179491104452,1
3264,3809,3.2444922923842063,3
3265,380,3.107842474541796,4
3265,589,3.177685469092889,5
3265,750,3.408660415104744,3
3265,849,2.7292858480610973,1
3265,1208,3.445475868995617,2
3265,1222,3.2642210945264676,4
3265,1387,3.2929466840494825,5
3265,1488,1.9080672512588424,2
3265,1722,3.0288065621992417,2
3265,2021,3.1428356723281374,2
3265,2140,3.200445808467561,2
3265,2148,2.132022149558575,2
3265,2253,2.003287496684767,1
3265,2368,1.0,2
3265,2716,3.2623106743966117,4
3265,2968,3.028798337063038,3
3265,3017,2.1648162340805124,2
3265,3535,4.140666320065222,3
3266,920,4.60843940058255,5
3266,3481,4.497145898715342,5
3267,480,4.485475046204712,4
3267,2702,3.998523600747049,4
3268,1089,4.129023653665247,4
3268,1097,3.755973442154832,4
3268,3785,4.694025253401616,5
3269,1127,3.83779737997865,4
3269,1617,4.203768902096899,5
3269,2340,3.0,2
3269,2997,4.16260096155821,4
3270,2804,3.886313749743025,4
3271,608,4.044170333481037,4
3271,1036,3.9816228057557876,5
3271,1043,3.0,4
3271,1569,4.039132019438949,4
3271,2146,4.315296170541854,4
3271,2240,4.386021796866881,3
3271,3071,4.6052718987512575,5
3271,3552,3.9836961124407027,3
3272,351,3.566864136911927,4
3272,454,3.9132496163072967,4
3272,830,3.7430034257632525,4
3272,1079,3.829416855236674,3
3272,1201,4.05114266720504,4
3272,1226,4.0,5
3272,1327,3.501257403900971,4
3272,1892,3.5870538437894455,4
3272,1997,3.7789510307176752,4
3272,2140,3.978984895955535,3
3272,2151,3.0,2
3272,2339,3.0,3
3272,2478,3.895852114557466,4
3272,2699,3.921833903863424,3
3272,2989,4.00711990469546,4
3272,3093,4.034758256150817,3
3272,3104,3.9742745253574,3
3272,3421,3.871388755147751,5
3272,3810,3.0,3
3273,904,3.0,3
3273,1617,4.314785013812965,5
3274,1205,3.025885011049213,3
3274,2094,2.925547471727813,3
3274,3156,3.0,3
3275,509,3.0,3
3275,2023,3.0,4
3275,2300,4.411764708908974,5
3275,3556,3.0,2
3277,50,4.3101956424026495,4
3277,529,4.368586515175177,5
3277,2000,4.023950094058599,4
3277,2692,4.396154999359648,5
3277,3625,3.0,4
3280,19,2.3718079969941144,3
3280,159,3.0,3
3280,191,3.0,2
3280,481,3.3742801469837636,4
3280,592,3.1623227376805763,4
3280,1344,4.0,4
3280,1345,3.3425147220193563,2
3280,1374,3.0576405439247747,2
3280,1704,3.1459071142901367,4
3280,1923,3.0424919932556866,4
3280,2124,3.048066159820524,2
3280,2581,2.9981405995595303,4
3280,2722,2.6457745834713258,2
3280,2803,2.766582880509878,1
3280,2997,3.437921549494943,5
3280,3141,3.0,2
3280,3355,3.0,1
3280,3684,2.742093990246679,2
3280,3882,3.0,2
3281,1036,4.110608586797928,5
3281,1361,3.0,4
3283,1234,4.400001374997213,5
3283,3320,3.0,4
3284,50,4.4340250786166,5
3285,434,3.406974311168097,2
3285,804,3.0,3
3285,1210,3.8323291033589664,4
3285,1997,4.204222140658016,4
3285,2391,4.172179771951652,5
3285,2581,3.7089913329240773,2
3285,2583,3.0,5
3285,2769,3.0,3
3285,3104,4.177946619851459,5
3285,3176,3.9820097303484543,4
3285,3354,3.01832716588087,1
3285,3557,3.010168188327136,2
3285,3578,3.921675896965055,4
3285,3671,4.155339435599073,4
3285,3844,4.333049362225912,3
3286,588,4.2935338556924485,4
3286,920,4.338919749138832,5
3289,3844,2.9999999999999996,4
3290,3004,3.0,1
3290,3869,2.612217426507778,3
3292,141,4.137110644002457,4
3292,442,3.892469585552689,4
3292,648,4.0586194212899915,4
3292,800,4.289406376660598,5
3292,940,3.0,5
3292,946,4.680210393084537,4
3292,955,4.692741624333541,5
3292,956,3.0,5
3292,1067,3.0,5
3292,1277,3.0,5
3292,1345,4.3741417579060915,5
3292,1923,4.174157281575428,5
3292,1929,4.0,4
3292,2011,4.102021691522807,4
3292,2081,4.164990850320295,3
3292,2110,4.350329912412342,4
3292,2133,4.101889236343636,5
3292,2168,3.0,3
3292,2470,4.108604439808873,4
3292,2639,4.11156862270219,3
3292,2847,3.0,4
3292,2916,4.167824194021655,4
3292,2967,3.0,3
3292,3093,4.473851198869327,3
3292,3163,3.0,5
3292,3197,3.981470693506058,4
3292,3219,3.6479192265388796,3
3292,3271,3.8785262447833646,4
3292,3525,4.053464623685474,4
3292,3714,3.0,3
3292,3733,4.39542696338704,5
3293,1077,3.742537384931393,3
3293,2002,3.5133521352349955,4
3294,153,4.555759792085659,3
3294,235,3.1364535243187173,3
3294,1092,4.705589674685161,4
3294,1617,4.623745927186749,5
3294,3421,3.9424547314017486,5
3295,2427,4.695318749822069,1
3295,2806,3.0,3
3295,3534,4.0,4
3296,529,4.582535308012289,4
3297,708,3.580687843666303,5
3297,2700,3.5530601079730064,1
3298,2997,4.769450152508641,5
3299,337,4.4213796892692665,4
3299,1060,4.17885156642343,5
3299,1077,4.17833443522719,5
3299,1175,3.5687197119286767,4
3299,1527,4.032038004375325,5
3299,1674,4.182304846779373,5
3299,2336,4.304093784243288,4
3299,2915,4.109575113164672,4
3300,6,3.8757112999593324,3
3300,1080,4.294743708682545,3
3300,1127,4.221240242934954,3
3300,1285,4.2328664585050495,5
3300,2866,5.0,3
3300,2921,4.3072019440944995,5
3300,3871,4.4979089589117,4
3301,34,3.770572648464328,3
3301,125,3.860876862591602,2
3301,190,4.0,5
3301,431,3.665100208910091,2
3301,2333,3.7934839608805606,2
3301,2712,3.6900139326816195,3
3301,3003,3.0,4
3301,3179,3.0,2
3301,3198,3.0,4
3301,3510,3.111991953210792,2
3302,2906,3.0,4
3303,1270,4.663026250376429,4
3304,1035,4.400223265975058,5
3304,2003,4.30261694441774,4
3304,2971,3.9810233737955047,5
3305,2692,4.436948413473982,5
3305,3255,4.220586345819919,5
3306,903,4.875226459696137,5
3307,3355,3.0,4
3308,153,3.384326340109804,3
3308,172,3.7001667557598985,4
3308,500,3.488758792542912,3
3308,596,4.440716191692818,3
3308,603,3.0,3
3308,605,3.337633095463098,4
3308,784,3.0319167587252798,2
3308,1061,3.3282039891850355,5
3308,1100,3.1121700808830055,2
3308,1476,3.334332968236401,2
3308,1923,3.597080380292043,3
3308,2018,4.322374275892065,4
3308,2328,3.2949438924040013,4
3308,2377,3.7726254935199166,2
3308,2402,2.4131045095816934,1
3308,2863,4.230423919704433,4
3308,3635,3.1407563141784087,1
3308,3675,4.101221647092165,2
3309,1393,3.687286168218744,4
3309,2111,3.545443374201372,4
3309,2527,3.5407957278010977,4
3309,2795,3.7131613211533847,4
3309,2858,3.855260019636545,4
3310,608,4.381114215966626,5
3311,198,3.418873833050264,3
3311,237,2.728778576910666,2
3311,355,2.4743735686278248,2
3311,374,2.0092495313164345,2
3311,445,3.0,3
3311,520,2.9112257568045123,4
3311,611,3.0,1
3311,1407,3.238420806143281,4
3311,1441,3.1898339425877333,3
3311,1474,1.8082886345796612,1
3311,1500,3.4271004591776006,4
3311,1550,3.0,4
3311,1587,3.375196700851617,3
3311,1665,2.0,2
3311,1673,3.469277391575073,4
3311,1975,1.9193540399334765,2
3311,1986,1.8630706698153414,1
3311,2002,3.216632624472037,4
3311,2094,3.0715163946666304,1
3311,2453,4.0,3
3311,2490,3.4115163621209534,4
3311,3146,3.0,4
3311,3300,4.192522188122308,5
3311,3700,4.0,2
3311,3704,3.316441354616386,3
3311,3809,3.368662430905769,2
3311,3825,3.0,3
3312,160,2.8610735933651528,1
3312,640,3.0,3
3312,762,2.4930275323052506,3
3312,778,3.4072998388122038,2
3312,1221,3.325841496113911,3
3312,1479,2.8106970405946536,2
3312,1590,2.8215855997736803,5
3312,1805,3.130649075062657,3
3312,1947,3.501641926310404,3
3312,2081,3.215725234107942,3
3312,2193,3.0806861941326535,3
3312,2253,2.460409018842838,3
3312,2329,3.5560182253802144,4
3312,2390,3.0,4
3312,2907,3.0,2
3312,3827,4.0,2
3313,150,3.8329583604658684,4
3313,1231,3.819114591551143,3
3313,1266,3.887441455861807,5
3313,1393,3.808856619021063,3
3313,2105,3.778710953138581,4
3313,2530,3.8293852701177817,4
3313,3190,3.0,1
3313,3703,3.869315649252428,4
3314,290,3.0,3
3314,592,3.942507463280568,4
3314,1256,4.374543075915036,5
3314,2078,4.199614907411206,5
3314,2455,4.170525269688008,4
3314,3197,4.185414611790873,4
3314,3300,4.0,4
3314,3361,4.127019212071862,5
3315,39,4.217752644143964,5
3315,597,4.090838324851955,3
3315,1339,4.074593339632777,4
3315,2628,4.26085051193086,3
3316,1196,4.09993639718615,4
3317,1240,4.291120413146975,5
3317,1965,4.661785219967559,5
3317,2396,4.6074344387217385,4
3317,2968,4.09444416174739,5
3318,527,4.5571371816007815,5
3318,904,3.958662098121256,5
3318,1945,4.418017016997831,4
3319,1186,3.3864375932699486,4
3319,1272,3.6855801420033787,4
3320,272,3.005599181657819,3
3320,339,3.7586664725097116,3
3320,1200,3.71251290632161,3
3320,2089,3.588649652802485,3
3320,2111,3.3780873035604717,4
3320,2249,3.18438315882747,3
3320,2902,1.423650775026256,3
3320,3526,3.6855474572603026,4
3321,1395,4.192206840784089,5
3321,2915,4.1737331372178765,4
3321,3363,4.1094890328574545,5
3322,1059,2.574849432468234,5
3322,1345,5.0,5
3322,1393,4.655316415013035,5
3323,1230,4.372765676353105,5
3323,3760,5.0,5
3324,1676,4.444653272380878,5
3325,3752,2.478957463520466,1
3326,912,4.658572609882364,4
3327,880,2.7653047127426813,2
3327,1799,3.6890273832656635,4
3327,2023,3.8433219026992047,5
3327,2407,3.4340628057216107,3
3327,2527,3.580091614927172,3
3327,2707,4.147403422572242,3
3327,2918,3.7113017239252755,4
3327,3702,3.7136647092019306,4
3327,3708,3.3005220648636917,1
3328,253,3.7705475956787886,1
3328,271,3.0,4
3328,356,3.7185305279391763,5
3328,1183,4.077107883030649,4
3328,1440,3.0,5
3328,1453,3.0,4
3328,2268,3.785662056484672,5
3329,921,3.7823806344523234,3
3329,928,3.3630452730060996,2
3329,969,3.514150536387927,5
3329,1296,3.169210495962266,3
3329,1957,3.6961908417068234,3
3329,2728,4.390823485823709,4
3329,2732,3.506798557366561,5
3329,3629,5.0,5
3329,3728,3.0,3
3329,3789,3.0,4
3331,608,3.933329110694144,4
3331,2890,3.9020547653816173,5
3332,2700,4.081028309744006,5
3332,2762,3.38194328655226,5
3332,3273,3.17318925770465,2
3333,73,3.0,1
3333,111,4.176336063953006,4
3333,836,1.960538501752384,3
3333,1552,3.983199421567796,5
3333,1779,3.9435168176548094,4
3333,1884,5.0,5
3333,2599,4.2506405355745205,3
3333,2700,4.253613499176134,4
3333,3535,4.882510455229285,5
3334,2700,4.036549408931112,4
3335,2002,4.5211885412849435,3
3336,196,2.802919174249643,1
3336,440,3.1992897226909407,3
3336,480,3.204324993327314,3
3336,1015,1.0,2
3336,1055,3.0,2
3336,1732,3.304574165519306,4
3336,2195,3.0,1
3336,2372,3.1235835755713204,2
3336,2420,2.994715564164661,3
3336,2700,3.4542378233412943,5
3336,2875,3.1430380790751844,2
3336,3101,3.3977281070918304,3
3336,3255,3.073220907697147,4
3337,223,3.7454272993881856,4
3338,1304,4.436479218897504,3
3338,1968,3.8899120818118136,4
3339,1394,4.344941131188564,4
3339,2908,4.781577987239256,4
3339,3499,4.685141210980471,5
3340,1179,4.194934005202148,4
3340,1210,4.236301585127262,4
3341,6,4.1449504063980545,3
3341,589,4.197049304197083,5
3341,778,4.361300735467422,4
3341,1089,4.498623885334397,5
3341,1147,3.0,4
3341,1230,4.537880939823728,4
3341,1617,4.255422863285391,5
3341,2700,4.369341076214454,5
3342,2490,3.711005689949579,3
3342,2806,3.0,2
3343,948,3.0,5
3343,2382,3.8665831875066834,3
3344,318,4.539408104030948,5
3344,1252,4.651323253923292,4
3345,969,3.5341659653083837,2
3345,1250,3.5348665255769074,4
3345,1379,3.844692158876108,4
3345,2302,3.8118107981493012,4
3345,2828,4.0,5
3346,1161,3.0,4
3346,3091,3.0,3
3346,3451,4.012135354474523,4
3346,3498,4.0069105582846065,4
3346,3683,3.9690236250875413,4
3346,3700,3.0,3
3347,381,3.0,4
3347,1784,4.516362605759907,4
3349,153,3.780250873996797,3
3349,1610,3.8530112561569787,3
3350,750,4.392487301800137,5
3350,1265,4.290916176687433,5
3350,2355,4.088588965897686,4
3350,3253,4.29925221590656,5
3352,1333,3.290939631028297,4
3352,1339,3.3696647273694684,5
3352,1345,3.306444951115518,5
3352,1971,3.696083233951894,3
3352,3017,3.219188353536263,4
3352,3550,2.6045030383116274,4
3352,3693,3.1348841331285833,5
3353,1200,4.326573733992867,5
3353,1214,3.862412812479348,5
3353,1220,3.8393975080676084,4
3353,1259,4.424538205663223,4
3353,1276,4.62106735193409,5
3353,1307,4.415338177128312,5
3353,1320,3.503156460434666,4
3353,3052,3.955251468561392,4
3353,3176,4.272858808722976,4
3356,903,4.75298692362398,5
3356,1234,4.632351199644728,5
3356,1589,4.538690486285852,4
3356,2948,4.576646557682638,5
3356,3163,3.0,4
3357,356,4.071619964672254,5
3357,2571,4.028187124834401,5
3358,69,4.0,3
3358,587,3.9722766233490585,4
3358,805,4.589572834642457,4
3358,953,4.077232277770413,3
3358,1197,3.8995426999256924,5
3359,2353,3.1343055379191447,1
3360,25,4.035694435370052,2
3361,1831,3.5784666084795713,3
3361,2628,4.078549039150724,3
3361,2643,3.695731299930112,2
3363,21,3.517211937655659,4
3363,728,3.0,4
3363,1663,3.4404705333928485,2
3363,1958,3.578466480500116,4
3363,2248,3.5872365117643086,4
3363,2291,3.493092323679539,3
3363,2424,3.6886292152584867,3
3363,3671,3.555018301154545,3
3364,590,3.442923922976052,3
3364,3006,3.155338331479568,5
3364,3787,3.0,4
3365,368,4.364795045013854,5
3365,1028,4.603847029364715,4
3365,2407,4.226271114949947,5
3365,2528,4.310178926601366,5
3365,2567,4.550714476079731,3
3365,2953,3.7731537348587825,4
3365,3076,3.0,5
3365,3120,3.0,4
3365,3178,4.331546720634159,5
3365,3501,4.6598982189386815,5
3365,3763,4.5531473865685905,5
3366,356,4.014020041449314,5
3366,592,4.113451718406294,3
3366,2737,3.0,3
3367,296,4.430837807972448,3
3367,1083,4.0,3
3367,1358,4.41036558159357,5
3367,1395,4.533588912535109,5
3367,2019,4.628405558652009,5
3367,2351,5.0,5
3367,2612,5.0,5
3367,2937,3.0,5
3367,3260,4.784420172554811,5
3368,1580,3.9712241884137733,3
3368,3578,4.0384185581388445,5
3369,260,4.033554980490681,4
3369,491,3.0,3
3369,1203,4.4292788205102935,5
3370,368,3.039744708978042,4
3370,1097,3.39328424960171,2
3370,1196,3.410708067159376,5
3370,1284,4.679204536705125,5
3370,1573,3.2295360655172853,2
3371,319,4.660987620487314,4
3371,1262,3.7174451244141093,5
3371,1357,3.4693278729048806,4
3371,1594,4.38273334778128,4
3371,1924,3.0000000000000004,4
3371,2268,3.152065945365479,3
3371,2414,2.5320001141116504,1
3371,3174,3.651430941641172,5
3371,3526,3.134082937847512,4
3372,2875,5.0,4
3373,110,3.603684912862724,5
3373,858,4.005798004578393,5
3374,1097,4.053632876904349,4
3374,2302,3.968506545251772,4
3374,3671,4.153234023538052,5
3374,3814,3.49499678782986,5
3377,836,4.0,4
3377,1036,4.166188223245779,5
3377,2353,4.262255268298332,5
3378,1266,4.111481414811156,1
3378,2571,4.019623282579518,4
3378,2716,3.812508483421018,5
3379,2546,3.0,3
3379,2599,4.429181875014146,4
3379,2763,4.818614732435637,4
3379,2959,3.5412633495652344,4
3379,3578,4.2925301187901495,2
3380,32,3.648591577727204,3
3380,50,3.7574346324084713,5
3380,357,3.6168346585141933,5
3380,586,3.4755199361166915,3
3380,1264,3.0,4
3380,2090,3.887978771821006,3
3380,2871,3.8584963016975418,4
3380,2968,3.82407239601802,3
3380,3461,3.0,4
3380,3528,2.7020002373411693,3
3380,3683,4.071766494956395,5
3381,3079,3.0,4
3381,3824,3.0,3
3383,1296,4.293629618335956,5
3383,1374,4.330175206220611,3
3384,2018,3.9523863484594637,3
3385,780,3.4911116664991932,5
3386,249,3.0,4
3386,493,3.0,5
3386,497,4.503006686267297,3
3386,1633,5.0,3
3386,2881,4.145023510420431,3
3386,3148,4.1351610989825724,4
3386,3785,3.501700631127829,2
3387,307,3.0,5
3387,858,3.6725115097244463,5
3387,1089,2.99946437995856,4
3387,1212,4.2851313800041915,3
3387,1653,3.4484711186129595,3
3387,1719,3.4269795862791748,4
3387,3160,3.195971306121293,4
3388,1961,3.7549883181050565,4
3388,2355,4.016326512456945,4
3389,15,3.0,1
3389,441,3.423344919813002,3
3389,442,2.7334692615358462,2
3389,1371,3.0007144441877633,3
3389,1376,2.8240113209063606,3
3389,1562,2.494954005118751,1
3389,1580,3.140381860806204,3
3389,1912,3.5943315042996047,3
3389,1972,2.5659996573170765,2
3389,2193,3.068213016714946,4
3389,2657,3.2918555224932864,3
3389,2995,2.401931453012408,2
3389,3439,1.9045222378805169,2
3390,745,4.769735279091549,5
3390,899,4.640806899754644,5
3390,2690,4.0,4
3390,2987,4.341692365524918,3
3390,3224,3.0,5
3390,3751,4.535106851113806,5
3390,3813,3.0,4
3391,230,4.1494375456462835,5
3391,291,2.0,2
3391,338,3.191091433964876,2
3391,413,3.657472810172661,3
3391,781,3.0,3
3391,858,4.648998752845618,5
3391,1088,4.18118957995621,5
3391,1135,4.185666020297306,4
3391,1255,5.0,3
3391,1261,4.155457680484343,4
3391,1310,3.0,4
3391,1401,3.0,3
3391,1619,4.502876540344434,5
3391,1625,4.458232034218316,5
3391,1785,5.0,4
3391,2165,3.0,4
3391,2302,4.425315634889974,5
3391,2469,4.214592444753514,4
3391,2628,4.053847910987721,3
3391,2645,3.0,3
3391,2736,4.079244052859856,4
3391,2959,4.273612104005116,5
3391,3255,4.273573229503205,4
3391,3394,3.6806079051767617,3
3391,3510,4.56503456619691,4
3391,3618,5.0,3
3391,3709,2.4648750506497334,2
3391,3791,4.366693927071582,4
3392,2858,3.694944211612888,3
3393,260,3.9202162872779556,4
3393,350,3.344545359224656,2
3393,920,3.9801531600541304,4
3393,1019,3.8776701062522156,5
3393,1028,3.6003527437186467,2
3393,1266,4.036889131554334,4
3393,1724,3.0,3
3393,3578,3.9300170839287287,5
3394,1247,4.295838366545947,5
3394,1722,3.8778859548734985,2
3394,2278,4.098041326282375,4
3394,3068,4.408751010468292,5
3395,2560,3.0,3
3395,3129,3.0,4
3395,3752,3.5307215146236084,1
3397,1225,3.6229311583596755,5
3397,1419,3.0,4
3398,1719,3.784431382808384,3
3399,368,3.534687049222358,4
3399,517,3.4393637074866534,2
3399,1917,3.5713257144927004,3
3399,2092,3.5811421491287683,2
3399,2105,3.532566321674968,5
3399,2393,3.6156598683699688,3
3399,2571,3.6795890804733866,5
3399,3408,4.625628669381012,5
3400,780,4.057165202899091,5
3400,3269,3.998182977620226,4
3400,3701,4.007639851889336,5
3401,196,3.0140895917596624,1
3401,276,2.786288806260367,1
3401,368,3.449934113954429,4
3401,542,2.627207166435062,3
3401,832,3.5856415866373443,3
3401,924,3.6967082701960496,4
3401,973,3.0,4
3401,1101,3.6105191633474294,3
3401,1225,3.70966598928483,4
3401,1234,3.8186196720310224,4
3401,1267,3.891810209205464,4
3401,1333,3.533819688503153,3
3401,1370,3.5876212437196444,4
3401,1717,1.822167065626929,1
3401,1961,3.7075092334789415,3
3401,2002,3.401616767825359,4
3401,2135,3.593504250878429,4
3401,2353,3.5852501567760333,3
3401,2371,3.604540807491339,4
3401,2375,3.0734981678525077,2
3401,2456,1.6408615964038602,1
3401,2474,3.739955859491025,3
3401,2539,3.35686330006049,4
3401,2642,3.3919947111206725,1
3401,2700,3.8002744207650365,2
3401,2815,3.308723116988668,2
3401,2828,1.0,2
3401,2872,3.713536165027466,4
3401,2997,3.79520754912639,1
3401,3071,3.137526406780081,3
3401,3418,3.641565239411735,2
3401,3615,3.0,4
3401,3937,3.0,4
3402,913,4.258062759533822,4
3402,918,4.304613439579418,5
3402,1104,4.19378483266381,4
3402,2369,3.4973610779669695,4
3402,2677,3.0,2
3402,3306,5.0,5
3402,3469,4.141579035998471,5
3403,474,4.379254631809075,4
3403,1136,4.419811053623936,5
3403,1387,4.416386858365856,5
3403,3000,4.350254546501194,3
3403,3213,4.0,5
3404,1193,3.637118348174777,3
3404,1377,2.7233442566512016,3
3404,2046,4.20591706444223,5
3406,318,4.2607575905529185,5
3406,1090,4.416224248280601,5
3406,1225,4.0574944600911715,5
3407,3492,3.0,2
3408,920,3.9117746471560113,2
3408,1639,4.191002570731714,4
3408,1907,2.9638796822545976,3
3408,3396,3.7028390644132463,3
3408,3681,4.564220194601141,4
3409,482,3.0,4
3409,521,3.0,5
3409,1089,4.264943106586237,5
3409,2803,3.7211762277517506,3
3410,70,3.0424849609779896,4
3410,110,3.1691494364073147,2
3410,345,3.4059552045366073,5
3410,514,3.484802676271784,3
3410,1213,3.3784177714943326,3
3410,1259,3.2588914168796053,2
3410,1277,3.0,2
3410,1288,3.68845598538175,4
3410,1372,3.0673305424817214,4
3410,1600,3.0,1
3410,1641,3.241038663057718,4
3410,1834,3.588056134341281,4
3410,1885,3.65751711668454,3
3410,1960,3.5316778661895945,4
3410,2028,3.2066830589992152,2
3410,2070,4.014027758165905,3
3410,2091,3.0,4
3410,2424,2.764813064273664,1
3410,2528,2.9518146325677534,4
3410,2535,3.0,3
3410,2551,3.0458288069509134,2
3410,2720,3.0,2
3410,2729,5.0,4
3410,2949,3.1688138224372846,4
3410,3160,3.7510263799205465,4
3410,3203,3.3948048554965764,4
3410,3264,3.0223487475843194,3
3410,3266,3.0,4
3411,10,2.8448440648523112,3
3411,457,3.0627667290904896,4
3411,1387,3.1732881457071755,2
3411,1986,1.0,1
3411,2291,3.203366825074683,3
3411,2699,2.8854739952885917,2
3411,3174,3.6726486497759274,4
3411,3489,2.635592581175745,2
3412,47,4.2805372505120225,5
3412,50,4.393560647630529,5
3412,316,4.269232406811581,4
3412,1517,4.247114445720159,4
3412,2541,3.909038420051392,5
3412,3146,3.0,2
3412,3525,4.333933387127679,4
3412,3825,3.0,4
3413,36,4.302262254667968,5
3413,1419,3.0,5
3413,3350,3.0,5
3413,3831,3.0,4
3414,673,4.4607844811599655,4
3414,1690,4.29790506894064,4
3414,2558,4.0,1
3414,2700,4.511176924132271,1
3414,2797,4.429823654370595,5
3415,1036,4.004812041980128,5
3415,2364,3.0,3
3415,3251,4.0,4
3416,251,3.0,3
3416,273,3.7974614692897277,4
3416,282,3.0,4
3416,413,3.42493332875094,3
3416,441,4.093120260862782,4
3416,529,4.312664335408554,5
3416,589,3.961713025431974,4
3416,748,3.7708605942393345,4
3416,1127,3.6667604931516267,4
3416,1408,4.02634064953898,4
3416,1527,3.923005228151218,5
3416,1831,3.741339232390228,2
3416,2094,3.5354287926862593,4
3416,2193,3.92569763059871,4
3416,2263,3.0,4
3416,2622,3.0,4
3416,2700,4.060772888865476,5
3417,1276,3.763331688695733,4
3418,318,3.9110894682025217,4
3418,1213,4.008091087309447,5
3418,3578,3.783503216785671,5
3419,2528,3.91298040618986,4
3419,2858,4.106602488224039,5
3419,2948,4.1980128820967995,4
3420,94,3.0,4
3420,125,3.0,5
3420,1347,4.186513221024656,5
3420,1961,4.330873274144423,4
3422,316,3.0003485213161483,3
3422,479,1.9606475310261429,1
3422,552,2.289510506198818,1
3422,555,3.4227222999931883,4
3422,1091,2.568316530029157,2
3422,1855,1.0,1
3422,1888,2.1511099895205676,1
3422,2352,3.5135545903804615,4
3422,2746,3.300569018253876,3
3422,3101,3.7397921576204434,2
3422,3591,2.9672836435145022,3
3423,196,3.7699880672555848,3
3423,1278,4.264713370645467,5
3423,1619,3.0,4
3423,2064,4.3912211704422015,4
3423,2268,4.314823578651483,5
3423,3039,4.2180990243859195,4
3423,3471,4.234753922836159,5
3423,3706,5.0,4
3424,1892,4.15237054781265,4
3425,72,3.0,4
3425,357,3.9050381314374216,3
3425,1464,3.0,4
3425,3044,3.800004607268938,3
3425,3081,3.3149382883762826,4
3426,589,3.765750753121084,4
3426,882,3.0,1
3426,1645,3.661962020560948,2
3427,1358,3.9374332972949238,4
3427,3101,4.086719335182036,5
3428,1124,3.922467399001174,4
3428,1304,4.239485175286613,5
3428,1961,4.094004771922144,5
3428,3145,3.0,3
3430,368,3.392544042472627,2
3430,952,3.5020012835405385,4
3430,1196,3.547467095437582,4
3430,1552,3.372515720030141,3
3430,1727,3.0,4
3430,2160,3.6541514299495925,3
3430,2294,3.31425179687726,3
3430,2640,3.3589259077357605,3
3430,2712,3.337886600406977,2
3430,2739,3.550527535380737,4
3430,3035,3.8546691540492817,4
3430,3194,4.0,4
3430,3506,3.0,4
3430,3536,3.574270351062373,3
3431,2067,4.258748284362384,5
3432,1394,3.4976150325949216,4
3432,2000,3.2353429070507707,5
3432,2478,3.1972769616236962,3
3433,260,3.7721898013526562,5
3433,784,3.2386046173357017,2
3434,736,3.5294307301140293,3
3434,861,3.6791353854799937,4
3434,1213,4.001219852261489,5
3434,1883,3.995701871773426,5
3435,1269,4.055561122986606,5
3435,2406,4.073919616819934,3
3435,3421,3.859022091957362,2
3436,466,4.2323175819732795,1
3436,593,4.396236312094675,4
3436,1959,3.0,4
3436,2427,4.5869813197629075,2
3436,2456,3.0,3
3436,3005,3.9337920058930904,4
3436,3578,4.391889973383829,5
3436,3753,4.311394099105552,5
3436,3755,4.460116924167465,3
3437,1278,4.528178223300542,4
3439,1196,4.255322922587444,4
3439,2081,4.355158859082534,4
3440,50,4.524295005199021,4
3441,2272,3.0,3
3441,2599,3.3385281424038498,5
3441,2812,3.0,4
3441,3453,3.0,1
3442,1373,3.3038582085996904,3
3442,1882,3.062173171463311,2
3442,3578,3.7862206275416006,4
3444,2302,3.078765164987758,4
3444,2770,3.0,4
3444,3334,4.346927695300026,5
3445,661,3.8083085790974676,4
3445,1210,3.9533648476716765,4
3445,3000,3.704084597983613,5
3447,3702,3.8284317460275052,4
3449,3576,4.0,3
3450,94,3.0,5
3450,161,3.722217973027725,5
3450,608,3.9056307766859155,5
3450,1834,4.123042310616641,4
3450,1840,3.0,3
3450,3176,3.7543739589299325,3
3451,2391,3.847968508634238,3
3452,1183,4.756763084061583,5
3453,1,3.671871851169486,4
3453,293,3.671647879673962,3
3453,380,3.5629227254133577,2
3454,2995,2.4798992432086733,1
3454,3104,3.814044152918456,4
3454,3740,3.8007719140325142,3
3455,924,4.517442500903242,2
3456,1210,4.782817410253057,5
3456,1240,4.785794902926995,5
3456,1831,4.770003685100574,5
3457,25,3.625853221930113,4
3457,246,5.0,5
3457,527,3.763692616238852,3
3457,2858,3.5053258452864005,3
3457,3180,3.0,3
3458,988,3.0,3
3458,1028,4.195915588039873,5
3458,1358,4.195128355115378,5
3458,2413,3.995771781686218,5
3458,3809,4.008708228920393,2
3459,356,4.0718265923352055,4
3459,1449,3.0,5
3460,1729,4.330522005323124,4
3460,1921,4.0,5
3460,3456,3.0,3
3461,1198,4.656044527724256,5
3462,348,3.8960822269193636,5
3462,440,3.5888165883481062,4
3462,480,3.5461133378168928,4
3462,1059,3.8611966426637574,4
3462,1193,3.926864412372741,5
3462,1197,3.6150319878497474,5
3462,1358,3.92616242339086,5
3462,1487,3.0,2
3462,1573,3.4790329775237065,1
3462,2052,3.258980409763858,3
3462,2060,2.4890595283411683,1
3462,2393,3.2721475350033358,2
3462,2421,3.343029282488433,2
3462,2700,3.726228849268152,2
3462,3608,3.7530135038466326,4
3462,3863,3.283874174874734,3
3463,1617,4.322149039031352,5
3463,2000,4.214852857593313,2
3464,1,3.974339878562694,4
3464,17,4.063720009645683,5
3464,144,3.0,5
3464,382,3.1981308149540446,4
3464,508,3.786899924147343,4
3464,1610,3.992703672128441,4
3464,1704,3.951954526900441,5
3464,2026,3.0,4
3464,2058,3.942777733391455,4
3464,2124,3.5523700056308147,3
3464,2369,3.7977419362982427,4
3464,2710,3.49209357649294,3
3464,3147,3.6029332972547308,4
3465,736,3.9625064301646296,5
3466,493,3.0,4
3466,3477,3.0,4
3467,235,4.502996568266562,3
3467,1262,4.124411753287753,5
3467,3846,3.0,4
3468,246,4.0,4
3468,1193,4.219609691544416,4
3469,32,4.010441273826841,5
3469,329,3.721893034791876,3
3469,527,4.219325531305435,5
3469,1201,4.192570946200245,5
3469,1219,4.399939139663724,5
3469,1408,4.016540829288895,4
3469,1517,3.8813508574826154,4
3469,1527,3.833784658030775,4
3469,1665,3.0,3
3469,2454,3.9058967272823506,3
3469,2641,3.8481661321827136,3
3469,2918,4.0458178353639696,4
3469,2993,3.900370395352349,4
3469,3727,4.0,4
3469,3740,3.568885984870502,4
3470,1223,4.64434501551078,5
3471,25,3.6884366623430984,4
3471,671,3.57194808114536,3
3471,1500,3.61212031389612,4
3471,1640,3.0,1
3471,1683,3.465229107339239,3
3471,2153,2.508864652420114,2
3471,2176,3.0,3
3471,2236,3.0,2
3471,2505,3.1338312324699684,2
3471,2558,3.0035376734573873,3
3471,2710,3.3853284185544017,3
3471,2718,2.5009569645837053,4
3471,2805,3.0,3
3471,3020,3.4551609137679935,3
3471,3063,3.0,1
3471,3098,3.7893986078882267,5
3471,3101,3.9157084582090746,4
3471,3702,3.6909714225806094,4
3471,3783,3.0,4
3471,3895,3.0,3
3471,3949,4.015635476153043,4
3472,527,4.334687219704447,5
3473,1295,4.245097467057516,4
3473,1704,4.128436216695035,5
3473,3591,3.9586482178873497,3
3474,1217,4.877038217141216,5
3474,1230,4.6362800670376485,5
3474,2935,4.691530572787336,5
3475,18,3.0,2
3475,377,2.80612840090988,2
3475,527,3.395559471183775,5
3475,1012,3.0974643098152077,2
3475,1041,4.016534127506054,3
3475,1210,3.0282267625850308,3
3475,1277,3.0,2
3475,1416,2.4913524891965335,4
3475,2015,2.549777568189525,2
3475,2125,3.0449104293033646,3
3475,2671,3.1005037115991265,4
3475,2918,2.986377241494317,5
3475,3087,2.6780837279844545,3
3475,3147,3.3575517146362417,4
3475,3198,3.0246846676154235,5
3475,3359,3.029686463480144,2
3475,3448,3.0592900158529415,3
3475,3638,2.440862636248748,1
3476,188,1.0,1
3476,366,1.0,1
3476,514,1.0,1
3476,1081,3.0920104847369645,3
3476,1090,3.240410839172527,5
3476,1214,2.4984001896299124,1
3476,1234,3.3142016962724328,5
3476,1302,3.1972756823964947,1
3476,1304,3.451441546843292,5
3476,1321,1.6254610532674811,1
3476,1663,3.373703926116472,4
3476,1862,1.0,1
3476,2286,3.0,1
3476,2352,3.7142116462419876,3
3476,2636,1.0,1
3476,2638,1.0,1
3476,2644,1.0,1
3476,2712,2.3034969498964104,3
3476,2716,2.7931562993899406,3
3476,3033,2.9571958290549776,3
3476,3058,1.0,1
3476,3379,3.0,2
3476,3702,3.113953304777271,1
3477,207,3.558503907913019,4
3477,539,3.6644609199781044,4
3477,918,4.505772148893025,5
3477,1029,4.531285974804986,5
3477,2316,3.357677170339104,3
3477,3420,3.0,4
3478,908,3.6750439147710368,3
3478,910,3.7493126233226555,5
3478,1207,4.0,5
3479,1617,3.4800996825468533,4
3479,2396,3.5229538045830595,3
3479,2699,3.5361499229813975,3
3479,2987,3.497588601919477,3
3480,534,3.0,5
3480,3671,3.99028891305786,3
3481,1221,4.0077641251790235,5
3481,1645,3.918390697937612,3
3481,2291,3.9911281966956476,4
3483,150,4.157411312957338,4
3483,231,3.998407301744037,3
3483,1175,3.0,4
3483,1263,4.346224099785025,4
3483,1307,4.181470348885072,4
3483,1485,3.8069782449838883,4
3483,1503,3.0,3
3483,1653,4.206329419101109,4
3483,2094,3.8828072869263504,3
3483,2273,3.9586826002099063,4
3483,2329,4.1579153899248755,5
3483,2401,4.552053260512532,4
3483,2690,3.5244037618932396,2
3483,3101,4.413383451491068,4
3483,3173,4.208820952910399,3
3483,3394,3.7163077994556515,4
3483,3409,3.997382605110711,2
3483,3527,4.191788617043162,5
3483,3784,3.0,4
3483,3791,3.906408783115713,4
3484,838,3.2920467976886423,4
3484,924,3.5769946624700903,4
3484,1591,2.866291212023653,1
3484,1968,2.9736854312389833,2
3484,2395,3.607527058758633,5
3484,2574,3.0,2
3484,3148,3.5331928213056205,4
3486,73,3.0,5
3486,1380,4.372988177086335,4
3487,441,3.5521741721554703,3
3487,750,3.7976876769535033,4
3487,1136,3.7306159304896043,4
3487,1293,3.5738475908163396,4
3487,1952,4.073986565054941,3
3487,2208,4.678490372410372,4
3487,2269,3.0,2
3487,2395,3.726489326904722,5
3487,2812,3.0,3
3487,3186,3.5118451002441664,4
3487,3253,3.5714856761480354,3
3490,17,3.946277803513178,2
3490,183,3.0,3
3490,306,3.673543662125428,5
3490,319,3.7555432482204045,4
3490,910,4.249464138473071,5
3490,919,3.9503272190825,3
3490,1183,3.801268443635924,5
3490,1284,4.4435859745021435,5
3490,3000,3.005078232063966,4
3491,441,3.9873802024639664,3
3491,543,3.856022943463784,4
3491,553,3.9567613480094272,4
3491,778,4.031574408745791,4
3491,1128,4.127448243877726,5
3491,1191,3.0,3
3491,1225,4.103266413923551,4
3491,1327,4.23135484846566,5
3491,1408,3.8104610281693003,3
3491,1995,3.969043905735357,3
3491,2033,4.715402181793205,4
3491,2159,3.9730359659518664,4
3491,2517,3.8875548157734974,3
3491,3104,3.8843909974413324,3
3491,3363,3.9784490495042317,4
3491,3848,3.0,5
3492,955,4.422198263695073,4
3493,1196,3.81938068745262,5
3493,1220,3.4830816468335315,4
3493,1391,3.498126458580236,3
3493,2000,3.8484806419009563,4
3493,2194,3.816576996549879,3
3493,2529,3.4555330627398666,3
3493,2791,3.88298146936387,3
3493,2948,3.8670417840251003,4
3494,2706,3.422595230574873,4
3497,1244,4.753208900192321,4
3497,3081,4.04369585335114,5
3497,3357,3.0,4
3498,608,4.034052620801588,4
3498,663,3.0,3
3499,50,4.120522250080242,5
3499,1240,3.8886136758308765,4
3499,1242,3.9851223319849542,5
3499,1352,3.0,4
3499,1373,3.5371531975246673,3
3499,1591,3.5334214451672654,4
3499,1918,3.496698881911364,2
3499,2375,2.9502305282595027,2
3499,2403,3.728508295181211,5
3499,2405,3.483683767779388,2
3499,2884,3.0,1
3499,3704,3.7759422553197934,3
3499,3708,2.73332211532781,1
3499,3868,3.7702831623210704,3
3500,416,3.0,2
3500,1200,4.021215251051141,3
3500,3088,4.816844959829627,4
3500,3421,3.6861810121413265,5
3501,3871,4.0,4
3503,161,4.0195784468873095,4
3503,172,3.797356081485119,3
3503,185,3.8027548976730787,4
3503,1036,4.254468759703531,4
3503,1214,4.257581156030648,5
3503,1230,4.556204190112462,5
3503,1625,4.225422343346356,5
3503,2492,3.0,2
3503,2502,4.4625404014470975,5
3503,2617,3.983358234553909,2
3503,3174,4.4076537217926965,4
3503,3671,4.460418653947974,5
3503,3698,4.127626225538436,4
3504,10,3.364368624196509,3
3504,50,3.6660458655120847,5
3504,1639,3.830264771978752,3
3504,1885,3.884983577059908,4
3504,2567,4.0,3
3504,2692,3.7564302429317897,5
3504,3526,3.7359187009874417,4
3505,648,3.3828266362657766,3
3505,2138,3.0,4
3506,2804,4.539307122456023,5
3507,319,3.6587671847797743,5
3507,337,3.9572558631432604,5
3507,514,3.2441076133527296,3
3507,539,3.366020239080848,4
3507,587,3.1506098255004513,4
3507,597,3.3787650165786616,4
3507,1042,3.40786928497215,2
3507,1204,4.362948536500698,5
3507,1214,3.5795308487269555,4
3507,1242,3.933176233190116,5
3507,1247,4.267513356125624,5
3507,1268,3.762418654725261,2
3507,1550,3.0,1
3507,1586,2.9672107918463024,1
3507,1616,2.0667781227317987,2
3507,1721,3.5868914712265325,3
3507,2078,3.6927091969266987,5
3507,2186,4.533357398359119,5
3507,2455,3.466265340954121,3
3507,2871,4.099709714848272,4
3507,2905,3.0,5
3507,2973,4.28799818940362,4
3507,3006,4.0972711015944405,4
3507,3040,3.390891766620762,4
3507,3052,3.5683868617264483,4
3507,3120,3.0,3
3507,3256,2.844186357853829,2
3507,3555,3.4673855817805412,2
3507,3809,3.459253786761778,3
3508,1210,3.9285273903192066,3
3509,175,5.0,2
3509,1206,3.5768667506200345,4
3509,1366,3.0,1
3509,1377,3.024711275340348,2
3509,1385,2.9761725601584645,2
3509,1678,3.4837279001658055,1
3509,2004,2.8641186086674892,1
3509,2006,3.4788358753024564,4
3509,2082,2.4380684899580976,2
3509,2794,2.5981799510537855,1
3509,2798,1.6471975898908697,2
3509,3398,2.40441961981182,3
3510,256,3.0,3
3510,1527,3.7079335503256163,5
3510,2628,3.4467643745854972,3
3511,434,3.9640931540560183,4
3511,800,4.554552591191369,5
3511,953,4.2231281610652465,4
3511,1527,3.96288536784812,4
3511,3639,3.9923779502847414,4
3512,1032,3.864306881547585,3
3512,1100,3.0917256168139002,4
3512,1253,3.7959135618001905,4
3512,1645,3.6378649488291135,4
3512,1686,3.0,4
3512,2052,3.0182575005565444,3
3512,2080,3.7367010712524342,4
3512,2375,3.1879653198858975,2
3512,3033,3.7428815203611765,4
3512,3481,4.004113794665123,4
3512,3552,3.862571171844068,3
3512,3868,3.731869808003366,2
3513,1200,3.7505324312531436,4
3513,1257,4.245472391474437,5
3513,1377,3.261891210017192,3
3513,1608,3.503964625588717,2
3513,1912,4.079715294181514,3
3513,2002,3.360654743417397,2
3513,2231,3.7382541305580683,2
3513,2797,3.655848254319774,5
3513,2985,3.599263441989161,3
3513,3255,3.7466937761908716,4
3513,3361,4.053665605865476,5
3513,3543,4.239660657244075,3
3513,3593,3.0,1
3514,1267,4.66363017236895,4
3514,2010,3.7179613241204983,3
3514,3355,3.0,3
3515,17,4.230558502172867,5
3515,541,3.862282350162767,5
3515,903,3.8216372789399036,4
3515,1269,4.090749864578002,2
3515,1693,3.0,5
3515,2287,5.0,3
3516,610,3.628614178326035,4
3516,1215,3.500101142372735,5
3516,1653,3.441322374023278,4
3516,1748,3.649891882616348,3
3516,3751,3.4932853033521263,5
3517,1073,4.022304457457461,4
3517,1148,3.5544718661437638,4
3517,2376,3.850500778186911,3
3517,2421,3.935483552890438,4
3517,3039,4.051060832403085,5
3517,3087,3.962725831558366,4
3518,7,3.7469282788135776,3
3518,74,3.0,2
3518,234,2.507417931569445,3
3518,945,4.999999999999999,3
3518,998,3.0,5
3518,1150,4.497494971452215,3
3518,1554,3.0,4
3518,1660,4.499579865725665,4
3518,2583,3.0,3
3518,2641,3.8953489795303975,4
3518,2846,3.0,5
3518,3426,3.0,4
3518,3528,3.9776922045419174,4
3518,3671,4.072407375175066,5
3519,175,3.6485394332438337,4
3519,265,3.7677001711084395,5
3519,266,3.264009076693665,3
3519,502,2.0,2
3519,542,2.2592581888091097,3
3519,1701,4.0,2
3519,2141,2.794291367374342,2
3519,2291,3.30919610277343,3
3519,2616,2.995381692661037,2
3519,3046,3.0,5
3519,3145,3.0,4
3519,3299,3.0,1
3519,3526,3.2796163438365875,3
3519,3538,3.0,3
3519,3554,3.0,4
3519,3791,3.0508146695918157,3
3519,3893,4.0,3
3520,434,3.7638474844272363,1
3520,1307,4.079908583020338,5
3520,1923,3.9898640447001736,4
3520,2700,4.069527411272165,4
3520,3359,4.220724692020134,4
3520,3683,4.23592330597893,4
3521,2109,3.910089070684428,4
3521,2133,3.762914160725979,4
3521,2366,3.975411158396651,3
3521,2942,3.1905145833466557,3
3521,3361,3.9728545540152926,5
3521,3451,3.5380758815155335,4
3521,3552,3.885006569138227,4
3521,3633,3.699479863504672,4
3523,858,3.8969877352456317,4
3523,1214,4.437236325466499,4
3523,2009,3.610489011104979,4
3523,3471,3.835648568694268,4
3524,17,3.975340286628872,3
3524,949,3.2806771049358745,4
3524,2599,3.870786032579625,4
3524,2993,3.867526185706993,4
3524,3203,3.6279400921887452,3
3525,185,3.5833445525161096,3
3525,648,3.6949807663163257,3
3525,3114,3.989873004782102,4
3525,3868,3.6353239242570528,2
3526,151,3.3087680522565783,2
3526,153,3.2290650070546296,3
3526,451,3.0,4
3526,457,3.4771519606293966,5
3526,521,1.0,4
3526,528,3.0,1
3526,692,3.0,1
3526,737,2.731799407467314,2
3526,861,3.6600696634076337,4
3526,891,3.0000000000000004,1
3526,1277,3.0,2
3526,1748,3.4916796713598557,4
3526,1912,3.8588570295006734,2
3526,2012,3.3841807664497163,4
3526,2060,2.317415726361945,2
3526,2355,3.525661096382803,5
3526,2565,3.379556580303175,4
3526,2699,3.391698489102039,3
3526,2707,2.534433535888664,1
3526,3671,3.883010548120052,4
3528,1327,2.906063936706997,5
3528,2517,2.8016640082378,3
3529,541,3.255856211193593,3
3529,1199,3.3681792527658976,3
3529,2194,3.28401571522381,3
3529,2369,3.320302037287493,2
3529,2393,2.9482446592870857,4
3529,2468,3.0544244201999295,3
3529,3527,3.224583319353531,3
3529,3703,3.2461559627751075,3
3530,2000,4.292877770530658,4
3531,3067,4.025567932991725,4
3531,3526,4.3790500553924785,4
3531,3952,3.0,5
3532,647,4.4049207602868865,2
3532,1835,4.183392683549641,2
3532,1892,3.8143589517744907,3
3532,2599,4.191322648490689,5
3533,2676,3.0,3
3533,2692,3.728777542606297,5
3533,3145,3.0,4
3535,1196,4.277295392701772,3
3536,520,3.858164313583541,4
3536,2096,3.9598155942147173,5
3536,2571,3.9316199048528966,5
3536,2995,3.0653772595024082,2
3536,3285,3.0,3
3537,3623,4.018102335647073,5
3537,3717,4.227084627132537,4
3537,3754,3.0,1
3538,337,4.040186736842438,4
3538,377,3.9853754159300356,1
3538,648,3.8562984520345407,3
3538,2236,3.0,4
3539,16,4.400842776823986,3
3539,148,3.4982815864919754,3
3539,314,3.0,5
3539,358,3.0,4
3539,377,4.278181641680812,4
3539,592,4.297871683602026,4
3539,611,3.0,3
3539,638,3.0,4
3539,663,4.399127310729985,4
3539,742,3.460245190347802,4
3539,881,3.0,3
3539,915,4.796827812148966,5
3539,1377,4.257604762600283,3
3539,1408,4.354528756828775,3
3539,1457,3.769757956884732,4
3539,1479,4.011988845947651,5
3539,1498,3.0,4
3539,1564,3.0,4
3539,1627,4.486777352296361,2
3539,2166,3.0,4
3539,2353,4.273235013639917,5
3539,2424,4.264663451024833,4
3539,2428,3.73027909319382,3
3539,2528,4.333169286197964,4
3539,2625,3.0,4
3539,2693,3.0,5
3539,2723,4.330917852942154,4
3539,2772,4.0,2
3539,2890,4.418610532252527,5
3539,3099,4.5108340615204465,3
3539,3285,4.0,5
3539,3627,3.0,3
3539,3770,4.048855902393739,3
3540,380,4.268249069342252,4
3540,434,4.140697146561847,2
3540,1722,4.221921884872678,4
3540,2253,3.6947158243413103,4
3543,2300,4.126861094549884,4
3543,2648,4.646677506933929,4
3544,110,4.115967972538648,5
3546,290,3.0,4
3546,306,4.5010531767949935,4
3546,464,2.503407455929221,3
3546,785,3.1899463273300492,2
3546,970,3.0,2
3546,1260,4.039155759673423,4
3546,2284,3.0,3
3546,2288,3.0769969140000253,4
3546,2371,2.8110484773497526,1
3547,190,3.0,5
3547,831,3.0,4
3547,1206,3.8549547284568932,4
3547,1258,3.599002403373791,5
3547,1391,3.4749842409922205,3
3547,1611,4.163826594689168,4
3547,2369,3.6192137060661547,4
3547,2657,3.7369573252938717,5
3547,3081,3.352768176627049,2
3547,3449,3.0,4
3547,3671,3.7268938391153106,3
3549,3869,5.0,4
3550,318,3.7230688451749177,4
3550,1080,3.8586547490312477,4
3550,1196,3.6544188569909175,4
3550,1208,3.845057122970762,4
3550,1485,3.551177668292679,3
3550,1673,3.819933449555715,4
3550,2081,3.4452198441617643,3
3550,2271,3.0,3
3550,2395,3.8376690524297037,5
3550,2643,3.2266882164419157,2
3550,3000,4.0,4
3550,3016,3.2643522085776406,4
3551,1392,3.0,4
3551,1873,3.0,4
3551,3257,3.4545315808046375,3
3552,3793,2.635004855220076,3
3555,10,3.2450040104853604,3
3555,648,3.2966295593740833,3
3555,1031,3.3035701913941953,3
3555,1552,3.216422476560611,3
3555,2013,3.1646481852759725,3
3555,2162,3.0,2
3555,2414,3.1548667882153754,3
3555,2628,3.29449064708006,3
3556,2,3.951322661066843,3
3556,592,3.598607329924582,4
3556,741,4.0,3
3556,2985,4.0047980529826175,4
3557,104,4.1083984916957945,5
3557,707,4.498611074808738,3
3557,1093,4.663072755929371,4
3557,1333,4.366207197827617,4
3557,1391,3.971373833383073,3
3557,1673,4.324826681840444,5
3557,1845,4.915396165238146,5
3557,2387,5.0,4
3557,3668,3.0,4
3557,3760,5.0,4
3558,9,3.616981565766784,3
3558,1059,4.7764244291791425,5
3558,1754,4.482710322871721,4
3558,2105,4.446903701047021,5
3558,2420,4.632349123304347,5
3558,3178,4.6613828850499655,5
3559,541,4.661046384904507,4
3559,1895,4.0,4
3559,1968,4.419939484237755,5
3559,1974,4.011013089179015,5
3559,2000,4.634879339776861,4
3560,342,4.43149209784876,5
3561,1127,4.054397590862617,4
3561,1466,4.30835945583237,4
3561,2352,4.44889756014412,5
3561,2470,4.141440392189429,4
3561,3099,4.280460633463058,5
3561,3552,4.369975409908352,5
3562,34,3.878171496548986,4
3562,140,3.0,4
3562,342,3.5810227222637017,4
3562,590,3.770335000293952,3
3562,724,3.6068834656399,4
3562,899,3.9655652046883985,4
3562,1210,3.7543649967467725,4
3562,1293,3.8957166425326517,3
3562,1381,3.777281463663439,3
3562,1409,3.7893962953843014,3
3562,1610,3.7267577536191383,3
3562,1653,3.801787186672042,5
3562,1673,3.7440989785299776,4
3562,1972,3.2564125678790865,2
3562,1997,3.8568610724756685,4
3562,2001,3.72874643047402,4
3562,2012,3.6821908092958027,3
3562,2097,3.33578055178316,4
3562,2109,3.8486870227305805,3
3562,2134,3.6126131785161033,5
3562,2249,3.3111436390770526,5
3562,2321,3.8226796577419813,4
3562,2918,3.887990332071474,5
3562,3044,3.7290200737640053,5
3562,3186,3.0,3
3562,3343,3.0,3
3562,3450,4.150698232531912,4
3562,3480,3.495812645436037,4
3562,3526,3.7811095525226044,5
3562,3826,3.74441425747586,4
3563,1394,4.1358942132429775,4
3563,1957,3.8558981935583687,4
3564,161,2.968618712355061,3
3564,590,3.5042110901985635,5
3564,724,2.827318388528851,4
3564,1993,3.0,2
3564,2881,2.8475174401862784,3
3565,15,3.0,3
3565,16,3.6721039825115924,4
3565,527,3.719490071538544,5
3565,593,3.6463664214970524,4
3565,1037,3.564521631413904,4
3565,2320,3.0,3
3565,2841,3.0810342643241815,3
3565,2858,3.080378522416726,3
3565,3839,3.0,3
3566,1259,3.975194490950082,4
3567,1234,4.074322823918407,5
3568,2890,4.230485285871023,3
3569,36,3.7107455487118175,4
3569,344,2.570326159402839,3
3569,527,3.3463095971930126,3
3569,778,3.680707173408833,4
3569,785,3.1027159270039455,3
3569,899,3.00444521198847,2
3569,1059,2.2411920073634053,3
3569,1968,2.9944164774633544,3
3569,2153,1.0,1
3569,2268,3.1770448635231276,3
3569,2366,3.4599910678121617,3
3569,2455,3.065260004672867,3
3569,2791,3.1630345319477766,3
3569,2901,3.629606287799881,3
3569,2922,3.4438973755715447,4
3569,3247,2.8091794792939773,1
3569,3499,3.2250734776467107,3
3569,3928,3.0,2
3571,1625,4.222206149365253,5
3571,2719,2.513713319541019,1
3571,2987,4.178072611153978,5
3572,265,4.442466061563873,5
3573,480,3.559193793064361,3
3574,1207,3.0,5
3574,1230,4.05058830030624,4
3574,1354,3.0,3
3574,3649,3.0,4
3575,291,3.0,2
3575,2459,3.07031804523299,2
3575,3809,2.7753550688724293,3
3576,10,3.5583011915037086,3
3576,487,3.0,2
3576,899,3.6525966498913043,3
3576,968,3.189146707445993,4
3576,1009,3.1426961952377432,3
3576,1032,3.2159842440721387,3
3576,1258,3.3979258104915258,4
3576,1333,3.7800351842274087,4
3576,1373,3.5073308899685873,4
3576,1713,3.3809698641008494,3
3576,1951,3.0000000000000004,3
3576,2083,2.9905493719823024,3
3576,2193,3.429574170189822,3
3576,2367,3.466154529080625,3
3576,2528,3.5101528615954303,3
3576,2916,3.5916277406509987,3
3576,2987,3.544357294008082,3
3576,3054,3.0,1
3576,3157,5.0,3
3578,1270,3.514778918651344,4
3578,1283,4.021495236388386,3
3578,1883,3.550757275675384,5
3578,2150,3.242380323202193,3
3579,303,3.3363380095174295,3
3579,353,3.404306630662809,4
3579,1036,3.591263111033431,4
3579,1356,3.3810921965582974,4
3579,1920,3.578000536167192,4
3579,2373,3.2501425189540942,3
3579,2468,3.265236989004554,3
3579,2662,3.4532495298144843,4
3580,2841,3.759447063801155,5
3582,153,3.822064007452466,2
3582,3672,4.0,3
3583,163,4.0171729276525605,1
3583,1722,3.992405644214723,3
3584,1711,3.385032020839697,5
3585,587,3.394058415819715,4
3585,1399,3.0,5
3585,1639,2.864660578637294,1
3585,1953,3.880959330173314,4
3585,3169,3.607501048092909,3
3585,3257,3.5232842597294742,2
3585,3414,3.0,3
3586,11,3.591249918193469,5
3586,587,3.418408074542065,2
3586,589,3.18457252128992,4
3586,1801,2.2255197328497176,1
3586,3494,5.0,4
3586,3751,3.4725848900271847,3
3588,163,3.97278009016936,3
3588,474,4.049252148635721,4
3588,589,4.021487785595533,5
3588,1196,4.020363695884728,5
3588,1262,4.3094930149751605,4
3588,1266,4.151637935565985,5
3588,1357,4.111360474592936,5
3588,2401,3.0,4
3588,2403,3.7178951340930295,4
3588,2628,3.726043758973918,3
3588,2990,3.4803126783390907,5
3588,3527,4.040337659939021,5
3589,553,3.6027306851210708,1
3589,830,2.951109124754904,1
3589,1135,3.019315748940349,2
3589,1221,3.063954414699999,4
3589,1240,2.991731224807432,4
3589,1291,3.0298733131329403,4
3589,1378,3.0921377276206177,3
3589,1626,2.9946573647457284,1
3589,2000,3.078492487541723,4
3589,2091,3.0,1
3589,2247,2.846982855438682,1
3589,2288,3.2397401769376044,2
3589,2344,3.0,2
3589,2367,2.564736085874355,1
3589,2416,3.145939642727014,4
3589,2533,3.121841831677663,1
3589,2815,3.2794976547629746,1
3589,3363,2.827884343571297,4
3589,3682,3.195205018084189,3
3590,745,5.0,5
3590,1261,4.642833629413702,4
3590,2211,3.0,3
3590,2706,4.321008893112884,5
3590,2858,4.3874692982869545,5
3590,3635,4.320239245225275,4
3591,208,3.5067841667477646,3
3591,345,2.980461648862325,5
3591,355,3.0480114698514793,3
3591,1387,3.8411952917633383,4
3591,1459,3.489576704074635,2
3592,21,4.422364155671301,5
3592,207,3.7911833743370478,5
3592,830,3.7568925769425072,3
3592,976,3.0,5
3592,2639,4.0,4
3592,3448,4.464942002283555,4
3593,587,3.3246838300910113,2
3594,1500,3.7434839307032513,5
3594,2820,3.0,2
3594,2899,3.0,2
3595,260,4.230308013212504,4
3595,2174,4.238223782394473,5
3595,2797,4.5421485581952465,4
3596,1267,4.853809760425934,5
3596,2677,5.0,4
3596,3091,3.0,4
3597,316,3.969675792421775,4
3597,594,4.432059680180482,5
3597,1271,4.497723079302329,3
3597,2059,3.0,4
3597,2245,4.112098668272121,4
3597,3476,4.479423125039589,5
3598,597,1.0,1
3599,10,3.7799951645073637,4
3599,434,3.773945152867499,5
3599,494,3.4476717257386054,3
3599,608,3.831062171070211,4
3599,1586,3.862357033311418,4
3599,1750,3.0,3
3599,2427,3.877704549779543,3
3599,2881,3.3749154942500676,4
3599,3802,3.190671730609981,4
3600,296,4.045015825484892,1
3600,357,4.0190492327890865,5
3600,1135,4.102713284752593,4
3600,1961,4.068405574321298,5
3600,2054,3.9367038047946243,4
3600,2420,3.9820482276923137,3
3600,2524,2.9999999999999996,2
3600,3251,4.002685395726875,4
3601,1200,4.265090127187939,3
3601,1569,4.190221504915225,4
3601,2312,4.537589724546182,5
3601,2941,3.9946688455161428,5
3602,350,3.5849133240185034,4
3602,541,3.9201091035520506,3
3603,18,2.4839284115889577,3
3603,92,3.0,1
3603,247,3.650186207792298,3
3603,891,1.9246145995425021,3
3603,1194,3.9193694070457745,1
3603,1479,2.880747165312789,3
3603,1616,2.9642703445845555,3
3603,1631,3.0,4
3603,1644,2.6275779322342188,2
3603,2094,2.8108421985650724,1
3603,2177,3.0,3
3603,2273,3.12143665872131,3
3603,2600,4.466549647259039,2
3605,493,5.0,5
3605,2702,4.097573085451233,3
3606,2324,4.062701063957144,5
3607,39,3.3895350210430624,1
3607,610,3.6557783589424613,4
3607,780,3.8296599568007803,5
3607,1373,3.1646520093037895,3
3607,1500,4.027734503250126,4
3607,1748,3.4185230142142737,2
3607,2021,3.691807089643148,4
3607,2094,3.215934568066855,2
3607,2287,4.146054990687284,4
3607,2302,4.007618008571678,5
3607,2669,5.0,5
3607,2858,3.4561286232738064,3
3607,3032,3.441082985641339,4
3608,1228,4.028887309922717,3
3608,1541,3.485153859079576,3
3609,3450,3.4378613789347545,4
3610,19,4.03092957796765,3
3610,413,4.101474953823642,3
3610,493,4.0,1
3610,500,3.6091438750243063,4
3610,541,3.1017319476360834,4
3610,785,3.6248547018102246,5
3610,950,1.0378933963237933,1
3610,1029,2.195697313576648,2
3610,1033,1.9295602060660546,2
3610,1248,1.1225623047467364,1
3610,1380,2.9515692356843464,1
3610,1883,3.55260848773133,3
3610,2087,2.3252775792460625,1
3610,2325,3.0,3
3610,2431,3.4750548880256047,4
3610,2567,3.2411485216749223,4
3610,2920,1.0,1
3610,2927,3.0,1
3610,3379,3.0,1
3610,3552,3.203340765329289,4
3610,3775,3.0,1
3611,838,3.9465891641035236,4
3611,1235,4.286335024839521,5
3611,2174,3.9814393817384235,4
3611,3723,3.0,5
3611,3868,3.906618758420872,5
3612,527,3.8337463680613144,4
3612,1196,3.79798848221892,4
3612,1222,3.8076811253459186,4
3612,1625,3.7426093011853054,4
3612,2599,3.9359539916282156,4
3612,3441,3.9206009423992807,4
3612,3555,3.906094408270703,3
3613,538,3.0,4
3613,2194,4.151380834463108,3
3614,163,3.3713259000298486,3
3614,1101,3.552780926425957,4
3614,1197,3.592069338106897,5
3614,1222,3.6213334633938685,4
3614,1378,3.5807669243520177,4
3614,2683,3.4527824961382696,3
3615,2143,2.1734880503033196,2
3615,2804,4.142020024834936,4
3615,3039,3.140034033836553,3
3615,3168,4.611963746779272,3
3616,1374,4.488727168323844,4
3618,260,3.17459582761094,4
3618,318,3.2930809999801167,4
3618,497,3.251089342105441,3
3618,516,3.0,3
3618,540,2.9859853241842838,2
3618,608,3.243829517712941,4
3618,934,2.0,3
3618,1101,3.1411146271520125,3
3618,1241,3.0,2
3618,1266,3.217207569713463,3
3618,1333,3.262390574079505,3
3618,1387,3.1810342849370383,4
3618,1623,3.0,3
3618,1653,3.0823827268118067,2
3618,1772,3.0,3
3618,1791,3.0,3
3618,1845,3.3695929395098174,3
3618,1942,3.0,3
3618,1957,3.4362475588748422,4
3618,2064,3.2659588286177277,4
3618,2114,3.2398908104036193,3
3618,2118,2.763346481358793,2
3618,2250,3.0,3
3618,2403,2.8563733877714568,2
3618,2457,2.801850685424801,3
3618,2616,2.97034498032217,3
3618,2622,4.0,2
3618,2699,2.982288876888082,2
3618,2706,3.058742627375611,2
3618,2710,2.9808334475760474,3
3618,2737,2.0,3
3618,2749,3.0,3
3618,2871,3.26316947027512,4
3618,2875,3.1938553652115345,5
3618,2936,3.0,2
3618,3051,3.0,3
3618,3074,3.0,4
3618,3112,3.0,3
3618,3261,3.1319976498175652,3
3618,3510,3.291353822480748,3
3618,3610,3.0,3
3619,2002,3.6705372202780935,4
3619,3219,4.131334956961166,2
3620,153,3.065455139670522,2
3620,318,3.547686666758556,5
3620,438,1.5057921837074453,2
3620,539,3.2697210072841805,3
3620,697,3.0,2
3620,1073,3.4853237174978324,4
3620,1233,3.761647034140302,3
3620,1302,3.57081345108862,4
3620,2402,3.000123962409779,2
3620,2724,2.9237799081770346,1
3620,2802,3.010396513810639,1
3620,2881,3.2571168231816774,3
3620,3298,3.005356694006475,4
3620,3409,2.8355437760384974,3
3620,3701,3.2530500100213944,3
3621,590,3.263440850609348,3
3621,671,3.459460970896944,4
3621,1018,1.0,1
3621,1125,3.035490288257196,4
3621,1178,4.501489459287407,5
3621,1288,2.7451101659092108,4
3621,2000,3.15602981840356,3
3621,2019,4.220005044262657,5
3621,2137,2.5418506369147194,4
3621,2361,1.0,1
3621,3471,3.309784209334691,2
3621,3703,3.261917723456839,2
3622,588,3.7791918284104447,4
3622,1097,3.9248020173184,4
3622,1183,3.9216995179975784,5
3622,1234,3.9670753465574977,3
3622,2949,3.937903356025618,3
3622,2968,4.353362880745796,5
3622,3671,3.9120419621439164,4
3622,3702,3.8407260698823484,3
3624,110,4.176155807736319,5
3624,160,3.7514157245422273,4
3624,370,3.8185823080720245,3
3624,1219,4.432998837052553,4
3624,1376,4.0217453625540385,4
3624,1923,4.2366793170934525,5
3624,2105,3.9852677305860515,4
3624,2291,4.252654270915243,5
3624,3053,3.0,5
3624,3174,4.6194504509989,4
3624,3510,4.6834953343011,3
3624,3639,3.9197222873792663,4
3624,3868,4.247826106111947,3
3625,356,3.7751665580564766,5
3625,370,2.7703301615944373,3
3625,520,3.0280686223266335,2
3625,802,2.7675189965464537,4
3625,1686,3.0,4
3626,21,3.8575582241936197,3
3626,260,3.8845881169418925,5
3626,325,3.0000000000000004,2
3626,329,3.7442558977969576,4
3626,368,3.841808898850563,4
3626,541,3.855184174674358,3
3626,544,3.504554761793154,4
3626,564,3.0,4
3626,606,3.3113022376371952,3
3626,610,3.6493057873499226,4
3626,912,3.973350394317107,3
3626,1204,4.029102299675892,5
3626,1206,3.851616549371819,3
3626,1277,3.0,3
3626,1690,3.7913175375956607,4
3626,2416,3.6679994403530793,4
3626,2513,3.532543257536647,4
3626,2872,3.751654029258388,3
3626,2901,3.8033531661602478,4
3626,3016,3.534805244125832,4
3626,3070,3.7707457802835678,3
3626,3298,4.284086654332857,4
3626,3461,3.0,3
3626,3638,3.8519446757591664,4
3626,3693,3.5988397472695235,3
3626,3704,3.7763016528425872,3
3627,608,3.277457675543926,5
3628,2599,3.959545559551484,2
3628,2630,3.0,4
3628,3717,4.0,4
3629,3307,4.326980423493151,3
3629,3789,3.0,4
3630,420,2.881057943127369,2
3630,1408,3.5322225286993785,4
3631,3578,4.039850695767257,5
3633,3159,3.0,3
3633,3869,3.885374947340246,3
3635,3022,5.0,5
3636,1197,4.572912574046116,3
3636,1799,3.0,4
3637,2997,3.522101892310758,5
3638,2430,3.0,2
3638,2688,3.399064538564314,3
3638,3873,3.0,4
3639,1753,3.0,4
3640,1625,4.101686962834825,5
3640,3635,4.200306300923949,4
3641,368,3.4146011541606174,3
3641,599,4.459311975958747,4
3641,1343,4.026291468984326,5
3641,1391,3.433305989412526,3
3641,1394,3.9298872179720155,4
3641,2387,4.0,3
3641,2411,3.5113717812687533,2
3641,2867,3.6181413802582494,3
3641,3016,3.401067850686837,4
3641,3174,4.209001978180746,3
3641,3180,3.0,3
3641,3252,3.907644676997312,5
3641,3468,4.457455043728216,5
3641,3686,3.895041855296826,3
3641,3793,3.2946317820608115,4
3643,457,3.693355990999986,4
3643,1580,3.6318879276183362,4
3643,2393,3.0866066928215075,3
3643,2763,3.7664645090039244,4
3644,1447,3.0,4
3645,318,4.318253093461067,3
3645,750,4.283625983972383,5
3646,541,4.351181800607925,5
3646,2657,4.1846940893632585,5
3647,2140,3.600626505361883,2
3648,5,3.0064026280503504,4
3648,23,3.0,1
3648,539,3.477983314710207,2
3648,551,3.4986178216260173,2
3648,800,3.2685422006951907,5
3648,1194,3.967808033826681,3
3648,1665,4.0,3
3648,1753,3.0,5
3648,2144,3.289940215502003,4
3648,2470,3.407250240951645,3
3648,3087,3.418803762033257,5
3648,3396,3.5072486784450003,4
3648,3398,3.2285792273921023,3
3648,3752,4.268908700997802,3
3648,3791,3.218490468030166,2
3649,1258,4.303868676666649,5
3650,48,3.648921490279782,2
3650,348,3.610826810151017,2
3650,355,3.2839370799242684,1
3650,372,3.723142329656295,4
3650,589,4.044682573021479,5
3650,708,3.9072163751498903,3
3650,1129,4.007176400915006,4
3650,1330,3.0,2
3650,1611,3.320074102521671,1
3650,2002,3.8407032283877465,3
3650,2023,4.2297618206338745,5
3650,2105,3.902843796705618,4
3650,2141,3.5377639559781713,4
3650,2248,4.1351205271326945,3
3650,2289,4.134414872328798,5
3650,2470,3.94271554302388,3
3650,2712,4.426742678218321,5
3650,2735,3.747247509354084,2
3650,3178,4.40722580408128,4
3650,3686,3.9694948320860957,4
3650,3710,3.478289829773858,1
3651,165,3.817050372574308,2
3651,733,3.9257881611000154,4
3651,903,4.812499470669477,5
3651,1358,4.469674519367951,5
3651,1499,2.825125297911217,2
3651,1732,4.23191908042675,4
3651,2504,3.0,3
3651,2551,3.0,4
3651,2699,3.758342925857959,3
3651,3104,4.495457268803908,4
3652,203,3.52462328723346,4
3652,585,3.587940829314728,3
3652,1079,3.9401138716142596,4
3652,1148,3.908415745139093,4
3652,1597,3.3521995684923653,2
3652,2622,3.0,3
3652,3114,3.8429007161644595,4
3652,3697,3.221550194912574,4
3653,903,4.3170378236923606,5
3653,904,4.45380868328181,5
3653,1246,4.385017764403202,5
3653,1961,4.359865988861098,5
3654,198,3.5256850835895053,2
3654,353,3.326230053226916,4
3654,481,3.4021135566478318,2
3654,1584,3.45826983894153,4
3654,1687,2.73617535872896,2
3654,2683,3.659025673432434,3
3654,2968,3.5813254719423058,5
3654,3638,3.5406323373276023,3
3654,3793,3.6300416421640564,5
3655,1513,5.0,3
3658,110,4.13330173989416,3
3658,329,3.861916571853468,4
3658,745,5.0,5
3658,1206,4.310829412074918,5
3658,1690,3.908979463259897,3
3658,2311,4.071611308164486,4
3658,2951,4.256385336102442,4
3658,3201,4.334634014979723,5
3658,3363,4.352646666814965,4
3658,3763,4.003485881459177,3
3658,3811,4.4993086434443725,5
3659,1617,4.709096356969625,5
3660,3572,3.0,1
3661,1256,4.1439984939632355,5
3661,1580,4.179673071840766,4
3662,496,3.0,1
3662,3114,1.0,1
3663,1377,3.654514364565995,3
3664,41,3.0,4
3664,318,3.1396343182737736,5
3664,509,2.9398422561760027,4
3664,1913,3.0,5
3665,344,3.805005135719406,4
3665,595,4.005606600267371,3
3665,596,4.023086238392725,4
3665,1288,4.062317607648626,4
3667,48,3.5750723411068437,2
3667,1777,3.7240803876380197,5
3667,2354,3.0,5
3668,1230,4.430876769246971,5
3668,3706,3.0,3
3669,1079,3.927008347203183,3
3669,1126,2.585595139680008,1
3669,1198,3.7775848285324023,5
3669,1240,3.5911314614870573,3
3669,1291,3.554076552874604,4
3669,1378,3.3077466182696047,3
3669,1393,3.6296267802083566,3
3669,1597,3.338649361819288,3
3669,1721,3.7221781612015175,1
3669,3421,3.958051985268926,4
3671,1954,4.483671337406157,5
3671,2194,4.3954602694810205,5
3672,364,3.2667163812286053,5
3672,3200,4.0,5
3672,3654,3.3736099274782094,3
3673,1225,3.9164585988204976,5
3673,2111,3.686947531992404,3
3673,2866,3.0,4
3673,3006,4.251113092497069,2
3673,3201,4.496067019246624,4
3673,3421,4.021393719608721,3
3675,5,3.1606205341668483,3
3675,239,2.7799867554645936,2
3675,303,3.0977031065287517,3
3675,411,3.0,2
3675,589,3.964807236734115,4
3675,922,4.119085521478426,5
3675,986,3.0,4
3675,1029,3.8246412428392413,4
3675,1032,3.744763243160003,4
3675,1233,4.194078099227063,5
3675,1259,3.994688568299195,4
3675,1269,4.151792089468775,5
3675,1377,3.5429600576457467,3
3675,1445,2.4905155751844146,3
3675,1608,3.833830369472943,3
3675,1702,3.0000000000000004,3
3675,2010,4.6806273126963625,4
3675,2325,3.0,3
3675,2530,3.309588962924983,4
3675,2535,3.488313068714772,3
3675,2657,3.9778688785899585,3
3675,2795,3.8856703810905717,4
3675,3174,4.36434480050108,4
3675,3476,4.044094569305666,1
3675,3545,4.143416477448571,4
3675,3566,4.0,4
3675,3741,3.996258814007409,4
3675,3809,3.8874326536109733,4
3676,1334,3.4826515663078457,5
3676,2173,3.0,2
3676,2571,3.464830113749829,4
3677,2446,3.0,5
3677,2628,4.185555290475369,3
3677,3476,4.131143943920319,4
3678,1580,3.467081771568843,4
3678,1584,3.440327365820253,4
3678,1762,2.6944710277182944,1
3678,2528,3.559145017248155,5
3678,2615,2.7472326484938026,3
3679,165,4.029721013085367,4
3679,608,4.01582533987694,4
3679,805,3.8131369071590986,5
3679,1321,4.273623577352332,4
3679,1372,3.993416570719606,4
3679,1377,4.066151352421421,2
3679,1396,4.06368876879398,5
3679,1411,3.340203661746,3
3679,1729,3.8911592916644175,4
3679,2078,4.234512419240052,4
3679,2455,4.216625131816882,4
3679,2557,3.0,1
3679,2802,3.362930471372689,4
3679,3082,3.8900850608385684,4
3679,3763,4.0724514383310835,3
3679,3809,4.194798920354283,4
3680,2329,4.46471844257605,5
3681,32,4.244197230668834,5
3681,165,4.168733049038746,4
3681,230,4.166063012039174,5
3681,549,3.0,2
3681,1089,4.180777770260752,5
3681,1179,4.417160173279068,5
3681,1234,4.415914401789663,5
3681,1266,4.362744063659531,5
3681,1690,3.95887127383427,5
3681,2072,3.164397805278216,3
3681,2174,4.206768540112287,4
3681,2450,3.7410612089370847,1
3681,2713,3.6041746580142093,3
3681,2902,3.0110122033974016,2
3681,3078,3.0,4
3681,3169,4.598365384197745,4
3681,3263,4.290096960100072,4
3681,3710,3.8387151840657103,2
3682,2100,4.391037539014758,5
3682,3096,3.0,5
3682,3359,5.0,5
3683,377,2.929454995191473,2
3683,463,3.0,1
3683,541,3.559025177713149,4
3683,548,2.0165354888622473,1
3683,869,3.0,2
3683,1237,4.30487004505206,5
3683,1265,3.380350715471471,4
3683,1321,3.2077221639259816,2
3683,1829,3.0,4
3683,1978,1.8931987256179725,1
3683,2423,2.98843653795484,3
3683,2455,3.2432103034984867,2
3683,2764,3.5063394338521134,3
3683,2779,3.3520002876502506,2
3683,2797,3.109785280230492,4
3683,3146,3.0,1
3683,3766,3.0,1
3684,223,4.355897110245633,5
3684,2490,4.687365672220912,4
3684,2600,3.0,1
3684,2881,4.329493369710907,4
3684,2959,4.352069857447298,5
3685,480,4.040141667020774,4
3685,1223,4.0897664710114805,5
3685,2076,4.394636128810952,5
3685,2109,4.089465619999899,4
3685,2455,4.3295052429260705,3
3685,2997,4.238473608461226,5
3685,3104,4.16345614027194,5
3685,3429,4.0,5
3685,3702,4.0518547492129064,4
3686,32,4.513200242110251,4
3686,480,4.586291303992069,3
3686,1230,4.673396345764485,5
3687,266,3.773313362432249,5
3687,353,3.1369669779326164,1
3687,783,4.035621698015727,4
3687,1207,4.019287727911011,5
3687,3062,3.0926250003324354,3
3688,1208,4.649301692857265,4
3688,1374,4.1625313992080715,5
3688,1673,4.54236243708267,5
3688,2947,4.660200906229378,4
3688,2976,3.7208277842451016,5
3688,3030,4.999999999999999,5
3689,356,3.2400097574859728,5
3689,428,3.335721784180877,5
3690,163,3.201748168845963,3
3690,293,3.564496578717561,4
3690,480,3.268056342603293,4
3690,990,3.0,2
3690,1183,3.386843643446856,4
3690,1409,3.3952994830363017,2
3690,1580,3.271894903835895,4
3690,1754,3.1154195984148205,3
3690,2321,3.409022495326385,4
3690,2568,3.0,2
3690,3257,2.9061982185986657,3
3691,2,3.5399589497833444,3
3691,47,4.125709229202571,5
3691,541,3.8397669613392464,4
3691,1101,3.69185048749824,4
3691,1274,3.7506580843403365,5
3691,1645,3.7194058060437913,4
3691,2791,3.9065956960550645,4
3692,1197,4.080025452345477,4
3692,2366,4.283731644352165,5
3692,2716,4.200469216693256,4
3693,21,3.7312736632185413,4
3693,1321,3.8183827236389676,3
3693,1357,3.7659906068614295,4
3693,1660,3.0,4
3693,1682,3.736591143310214,4
3693,1971,2.3654339119465435,2
3693,2331,3.0,3
3693,2571,3.6516034751338893,5
3693,2572,3.444459059746505,3
3693,2657,3.7826349193023345,3
3693,2720,1.0,2
3693,2802,3.1742989032672333,3
3693,2949,3.8538564912702165,4
3693,2993,3.6984315064457203,4
3693,3252,3.6440938563656924,3
3693,3614,3.7170686395354973,3
3695,34,4.185764912378882,5
3695,288,4.063594287296367,4
3695,597,4.091147496037627,4
3695,741,4.11827438617044,3
3695,1580,4.100568504613924,4
3695,1620,4.073044440391068,3
3695,2291,4.13169883932752,4
3695,2302,4.159261238284935,4
3695,2321,4.067609919527043,5
3695,2468,4.213978360906208,4
3695,2542,4.480309275594944,5
3695,2804,4.14837926534631,4
3695,3082,3.9720858682284335,4
3696,1704,4.107404189953171,3
3696,2692,4.256284774238073,4
3696,3114,4.2984871552788375,5
3696,3827,4.0,4
3696,3868,4.138608233328834,4
3697,367,4.460563706145981,4
3697,1214,4.187480587481557,5
3697,2490,4.716107171152055,5
3697,2571,4.586058868349286,5
3697,3168,4.584200160183072,3
3698,2706,2.561186264182549,2
3698,3016,2.656540289878201,2
3699,594,4.597925684763786,5
3699,919,4.5547778326713475,5
3699,1408,4.720472440181912,5
3700,11,3.8172166043513935,5
3700,1601,3.0,3
3701,1200,3.8516233374436784,3
3701,2059,3.0000000000000004,3
3701,2968,4.152249429093095,5
3702,2527,3.684125703275105,2
3702,2571,3.68208195889574,4
3703,370,3.191418058118443,1
3703,1732,3.8972853177083877,1
3703,3263,3.3004345773374726,3
3704,34,4.329724432936742,5
3704,480,4.508563026862959,3
3704,555,4.6997791510938605,5
3704,1387,4.581209837759721,5
3704,1921,4.02945312859633,5
3704,3785,2.964858180553787,2
3705,532,3.6783410658091045,4
3705,538,4.107839068036529,3
3705,639,3.0,3
3705,903,4.2976520892078565,4
3705,1214,3.8148931310255096,4
3705,1610,3.8591842348360865,4
3705,1614,3.6629577770104556,4
3705,1701,3.7607668071340288,4
3705,1940,4.0,4
3705,1952,4.321989319249711,5
3705,2088,3.734732027647944,3
3705,2109,3.975711141316341,3
3705,2180,4.0,4
3705,2266,4.0,3
3705,2542,4.083901841880277,4
3705,2929,4.0,4
3705,2942,3.5413629042029555,3
3705,3006,4.118989091319514,5
3705,3210,3.8588811731337844,3
3705,3247,3.553771683012168,3
3705,3249,3.684797018931162,4
3705,3361,4.0405084430796805,4
3705,3421,3.8955150025399385,5
3705,3734,3.0,4
3706,898,4.507127623350682,4
3707,3247,3.49671595593035,3
3707,3717,3.0,5
3708,1028,4.4319684351866435,3
3709,27,3.0,2
3709,1257,4.201055512839961,3
3709,1639,4.111340089997568,3
3709,1968,4.006327259479378,5
3709,1995,2.758100921356923,2
3709,2261,3.1886623525573072,1
3709,2699,3.699813684197845,2
3709,3257,3.527627740133539,2
3710,325,3.0,4
3711,316,4.284770608204119,5
3711,608,4.5772599441863555,5
3711,908,4.692930504734497,5
3711,1240,4.427317022266672,5
3712,3104,3.957109965520218,4
3713,2406,3.9579270626459007,3
3713,2795,4.006216225912351,4
3713,2797,3.9685815550579093,5
3713,3755,4.325550944047534,4
3714,3394,3.0,4
3714,3869,1.831786712700183,1
3715,829,3.0,1
3715,919,4.417007714951641,5
3715,1035,4.38619234567202,3
3715,1200,4.250024717376259,5
3715,1240,4.263147184106573,5
3715,1374,3.912104250464606,5
3715,2046,4.434067525769223,5
3715,2581,3.7085383215108303,3
3715,3114,3.7785648678641066,5
3716,231,3.6630000578156134,5
3716,356,3.937014569399511,5
3716,543,3.852953617405629,4
3716,590,4.02671396868082,4
3716,733,3.908002889405787,4
3716,1089,4.052178753247518,5
3716,1265,3.9753586454935714,5
3716,1445,3.161675962776743,4
3716,1595,1.0,1
3716,2153,3.4915747436190876,4
3716,2296,4.065701739434004,5
3716,2476,3.6838148964832778,4
3716,2828,1.0,1
3716,3157,4.0,2
3716,3254,3.588699370950676,4
3716,3753,4.1930711751445955,5
3717,1214,3.8877928659873415,4
3717,1231,4.0618283382048155,4
3717,2028,3.9460628041399874,5
3717,2640,3.9640097636065357,4
3717,2881,3.6439987340437785,4
3717,3791,4.126921939531543,5
3718,1097,3.302929523379161,2
3718,2067,3.505689274902207,3
3718,3868,2.995136229348146,2
3719,2761,5.0,5
3720,595,3.3842434830884263,4
3720,1393,3.4875715264794733,3
3720,2890,3.6228956364779,4
3720,3077,3.0,4
3720,3178,3.968027464403124,4
3721,2357,3.0,5
3721,2598,3.078531890476724,2
3722,1128,4.202679108616212,4
3722,2288,4.077818658636567,5
3723,2881,4.245518192716642,5
3724,165,4.011482613037546,3
3724,236,3.6821046544553706,3
3724,912,4.136049547358078,5
3724,1025,3.9323281234825074,3
3724,1171,3.5021257317540444,2
3724,1186,3.868364492551783,2
3724,1234,4.098491462774918,5
3724,1247,4.073109637226077,3
3724,1350,3.7461225428768143,3
3724,2078,4.145643440286005,4
3724,2133,3.878603622607859,4
3724,2174,3.910494732672571,4
3724,2355,4.153818036188692,5
3724,2478,3.809434522808023,3
3724,2558,3.562263881250762,3
3724,2757,3.0,3
3724,2863,4.170936338995175,3
3724,3071,3.992761987499537,3
3724,3313,3.0,1
3724,3427,3.0,4
3724,3481,4.111902335226895,3
3724,3499,4.080044946020905,4
3726,344,3.410241380894552,2
3726,435,3.0601964630693814,3
3726,1206,3.9530875741465827,4
3726,2353,3.6871232405020264,3
3726,2423,3.7059918222702235,4
3726,3147,3.9539782510332633,3
3726,3421,3.925895159150809,5
3726,3740,3.522557932181333,4
3727,419,3.0,1
3727,474,3.599753491543345,4
3727,1500,3.55445834083077,4
3727,1503,3.0,3
3727,2599,3.7198151475467056,4
3727,2777,3.0,1
3727,2878,1.4735421998931526,1
3727,3152,3.748801412553444,4
3727,3388,2.403045053734062,1
3727,3421,3.6730452117397236,5
3727,3442,3.0,3
3728,2987,3.96406407261736,4
3729,299,3.0,5
3729,441,4.126063725382744,3
3729,1674,4.06769993636692,4
3729,1682,4.14653490718066,4
3729,1711,4.083702059418704,5
3729,2093,3.0,3
3729,2398,3.4601188430074528,3
3729,2734,4.0,3
3729,3421,4.044981496099371,5
3729,3639,4.237233293953057,5
3730,2916,3.894095964865366,4
3730,3771,3.0,3
3731,1250,4.252293894231044,5
3731,1320,2.2012038565388723,2
3731,2571,3.606950909127813,5
3732,306,4.0,3
3732,1136,3.611624533515479,2
3732,1196,3.5679219372594395,4
3732,3424,3.845296050860997,3
3732,3730,3.71454552243287,3
3733,593,4.119733182237472,4
3733,3868,4.052092463565831,4
3734,370,2.532885206945061,2
3735,125,3.496276795046782,4
3735,380,3.597368331287014,4
3735,466,3.512480962246314,3
3735,485,3.240925912052338,2
3735,1288,4.020076236444983,5
3735,1916,3.4906472893420233,3
3735,2159,5.0,4
3735,2378,3.345609303409829,2
3735,2935,3.0,3
3735,3471,4.001563504688215,4
3736,25,4.68970450289414,5
3736,2291,4.035397352138272,3
3737,39,3.9293659317239786,4
3737,92,3.0,1
3737,1258,3.9580936556163113,3
3738,1597,5.000000000000001,4
3738,3869,4.6298442217166,5
3741,1126,2.4991317782520306,2
3741,1210,3.6788687686278845,4
3741,2985,3.676822764991228,3
3741,3623,3.7599622988369505,3
3742,420,3.4488173244979428,2
3742,2447,3.794778689324141,3
3742,3773,3.0,3
3743,237,3.66145470112537,3
3745,597,3.4738683998579543,5
3745,1593,2.9744854528182243,3
3745,1888,3.6450145846194077,3
3745,2052,2.895535534736608,1
3745,2671,3.5806406388183802,4
3745,2716,3.508008929631513,5
3745,3578,3.770393185308562,5
3746,587,3.6146115634598455,3
3746,1214,3.5223695287112586,4
3746,2194,4.143914913402613,5
3746,2406,4.039697996814511,4
3746,2858,3.6998278065886385,5
3746,3461,3.0,5
3746,3786,3.0,1
3747,3478,3.0,5
3748,3256,4.291605253201744,3
3749,457,3.867723229611278,5
3749,585,3.7270796789510605,3
3749,1188,4.646903281956076,3
3751,276,3.1222812275026346,2
3751,468,3.9127966402831196,4
3751,587,3.230552826058571,4
3751,707,3.956438788918885,3
3751,913,4.10895268450953,4
3751,929,3.5270101763519612,3
3751,1372,3.2501525316600617,4
3751,1575,3.0,1
3751,2100,3.640189190975478,4
3751,2186,4.252719461068506,4
3751,2531,2.5912857345089595,2
3753,1228,4.104706188559896,5
3753,1485,4.813460660154004,4
3754,1259,3.9764891352142335,5
3754,2401,3.753361542156223,4
3754,2405,3.7176730971589276,4
3754,3040,3.743941568330429,3
3754,3093,4.309248974516843,4
3754,3801,3.0,5
3755,1196,4.615376580001887,5
3755,3072,4.535726558607409,5
3756,204,3.895401776550958,3
3756,339,4.137637996400689,5
3756,434,4.001686623778977,3
3756,455,3.160530986526149,2
3756,1234,4.208569355816002,4
3756,1442,3.0,4
3756,1923,4.2047922439251115,5
3756,2302,4.179141829563339,3
3756,2321,4.032017593972681,5
3756,2420,3.961980567134809,4
3756,2764,3.0,5
3756,3254,3.8026292679368727,4
3756,3257,4.125148252199085,3
3756,3693,3.0,3
3757,222,4.373962598892117,4
3757,349,4.516111668117388,5
3757,466,4.4973927919600944,2
3757,1388,3.957696384598458,3
3759,2395,4.442872720466317,3
3759,2423,4.18446321195497,5
3760,707,4.478219394459442,4
3760,788,4.028904235081634,4
3760,952,4.309899491385589,4
3760,1240,3.875073591992659,5
3760,2660,3.9541825647542335,5
3760,2826,3.6725466666741133,4
3760,3062,4.107104019933895,4
3760,3441,3.9927847320837175,4
3760,3628,3.0,4
3761,720,5.0,5
3761,1077,4.437508275295544,5
3761,1288,4.424288823438311,5
3761,1653,4.42884746019603,4
3762,50,3.361525813703591,4
3762,942,4.151337887480653,5
3762,965,2.9999999999999996,3
3762,1258,2.6326645338074233,4
3762,1325,1.0,1
3762,1973,1.3580680858843557,1
3762,2058,2.9684272635961135,2
3762,2462,3.0,1
3762,2528,3.017819082419134,2
3762,2533,3.1410306347767323,2
3762,2614,1.0,1
3762,2646,3.9056576659869062,4
3763,861,3.8297308029410493,4
3763,1320,4.082682612310734,4
3763,2616,4.099331659087641,4
3763,2916,4.036530275867724,2
3763,3012,3.0,3
3763,3396,4.124405622192671,5
3763,3698,4.0386822400392575,2
3764,3728,3.0,5
3765,1259,4.112626686215408,4
3766,440,3.5380553775790347,4
3766,1405,3.5025190419785677,2
3766,2378,3.033014308512567,3
3767,2442,3.0,4
3768,170,2.7006377549769716,2
3768,835,3.0,4
3768,924,3.895239252400957,4
3768,1257,3.870212718463675,5
3768,1373,3.537376183424487,4
3768,1380,3.5934885758635238,3
3768,1584,3.7110601594303714,4
3768,1805,3.5488750402060805,4
3768,2278,3.663179388437779,3
3768,2373,2.8000345804449918,2
3768,3710,2.8283385116390147,3
3768,3791,3.2443686708762076,3
3768,3846,4.0,4
3769,1,4.435618948122555,5
3769,178,3.0,4
3769,537,5.0,4
3769,994,4.702531774119972,5
3769,1175,4.0,5
3769,1245,4.827751444738577,5
3769,1307,4.474738564407338,5
3769,1380,4.404552660760868,4
3769,1694,4.744727503723867,2
3769,1994,4.260266299547147,5
3769,2017,4.344908120998772,4
3769,2085,4.652045547218371,5
3769,2413,4.236764519953177,4
3769,3360,4.515175347797043,3
3770,1,4.149222583278442,5
3770,306,4.665937180124114,4
3770,471,4.150631794014783,4
3770,534,5.0,4
3770,553,4.003317769932256,5
3770,892,3.0,4
3770,1148,4.7912569771473414,4
3770,3256,3.9647084081172066,4
3771,914,5.0,4
3771,1323,1.5639806016628537,1
3771,2004,3.217403339506733,4
3771,2363,3.3003624870671944,5
3771,2367,3.2526774994945753,2
3771,2747,4.507188748705256,2
3772,413,3.626621233391457,4
3772,2124,4.292479275901869,4
3772,3070,4.5228607611041305,4
3773,1077,3.914086329996534,4
3773,1214,3.3576021766365636,4
3773,1307,3.7271604504531646,3
3773,1461,3.2159051806902106,3
3773,1584,3.779742929641175,5
3773,1617,3.823993883863248,5
3773,1909,3.178475057644471,3
3773,1952,3.892995885436841,1
3773,2395,3.807355092897892,2
3773,2694,3.631751808411731,3
3773,2723,3.285019887131966,2
3773,3360,3.9280101538483816,4
3773,3515,3.0,3
3773,3617,4.420464706713361,3
3773,3785,3.535989535078644,4
3774,2150,5.0,3
3774,3006,4.37107628413027,4
3775,2289,3.89559777978268,3
3775,2463,3.709640403232428,3
3775,2750,3.690862920245657,4
3776,2001,3.999267668357245,3
3777,920,4.0295193696729275,3
3777,1387,3.8346090875913816,5
3777,1953,3.9602591480463123,3
3777,3006,4.026700204698172,3
3778,293,3.4130072537658114,3
3778,336,3.0,2
3778,355,2.036263489167996,2
3778,528,3.0,3
3778,1200,3.218260415509603,3
3778,1266,3.388055594267129,5
3778,1409,2.9193693396886684,4
3778,1500,3.2508435403563167,3
3778,1869,1.0,2
3778,1883,3.2632772943442583,3
3778,1967,2.762782357628126,2
3778,2015,2.7104107647391076,4
3778,2018,2.8494087738826996,2
3778,2064,3.3829272864192723,3
3778,2089,2.582540328416863,2
3778,2249,2.6179092549443426,2
3778,2262,3.6671999762472627,3
3778,2366,3.4600586947290273,2
3778,2471,2.5630616767810075,2
3778,2699,2.9659089558086227,2
3778,2719,2.5057409596948235,3
3778,2828,3.0,1
3778,3527,3.148163448678038,3
3779,2375,3.0,2
3780,593,4.47344590879114,5
3780,595,4.476650228219257,4
3780,1128,4.108350876589746,4
3780,1257,4.781372699011481,5
3780,1405,4.715617359106422,5
3780,2123,4.2266218528858595,3
3780,2340,3.0,5
3780,2469,4.309201319354419,4
3780,3481,4.515614810376982,5
3780,3617,3.0,4
3781,1357,4.568473845464961,4
3782,1295,4.22981568892699,4
3785,3617,3.0,3
3786,2819,3.0,4
3787,1230,4.171208136809176,4
3789,928,4.2691798317647445,5
3789,1234,4.380207084684045,4
3789,1235,4.340581446015919,4
3789,3079,3.0,5
3790,1965,4.270656626789711,5
3791,43,3.0,3
3791,337,3.7420051588514385,3
3791,356,3.744381635533245,5
3792,339,3.9361495444588592,4
3792,414,3.0,3
3792,471,4.133720026371134,3
3792,508,4.1593922727645305,5
3792,1247,4.282541826621333,4
3792,1265,4.220315260402018,5
3792,1374,4.020379166553566,4
3792,1438,3.3194246304269095,4
3792,1562,3.5976227573407904,3
3792,1894,4.095986598938745,4
3792,1941,3.0,3
3792,2816,3.893187927099319,2
3792,3107,4.277203505257054,4
3792,3134,3.0,1
3792,3296,3.0,4
3792,3444,3.888615360088391,3
3792,3471,4.198351350903664,4
3792,3740,3.894041758339887,3
3792,3755,4.594869904464547,3
3793,153,3.032227511243,2
3793,368,3.1993478394193455,3
3793,1193,4.21256939655945,3
3793,1918,2.3823429246183307,4
3793,2431,3.095664507203056,3
3796,926,4.541976550446568,5
3796,1124,4.3954625581584175,5
3796,1367,3.0,4
3799,160,4.633310734082445,4
3799,196,4.361973430571439,2
3799,2011,4.03403638451316,3
3800,380,3.7570048141212404,3
3800,1345,3.359801331115958,4
3801,610,3.618682260065569,4
3801,1644,3.609473275666613,4
3801,1717,3.5625378165876156,2
3801,1771,3.962051679064412,3
3801,1998,4.10446736028484,2
3801,2119,3.87988137557612,5
3801,2787,4.024159755657787,5
3803,1456,3.0,4
3803,3649,3.0,3
3804,2360,3.0,4
3804,2867,3.676919864322203,4
3805,1953,4.011954468745306,5
3806,1994,3.290628383782665,5
3806,2428,2.858212133585411,2
3807,543,4.053115279580039,3
3807,606,2.060566109362486,3
3807,736,3.7331574220181714,3
3807,1086,3.0,3
3807,1198,3.8923535407918797,5
3807,2107,3.2909165672332974,4
3807,2462,1.533091077462619,1
3807,2652,3.235256636954053,4
3807,2789,3.3262826480395775,2
3807,3203,4.169973190848615,5
3807,3499,4.1681538582577415,5
3808,76,3.0068021568888956,2
3808,218,2.8286596836687434,2
3808,360,3.0,1
3808,419,1.8977308660189973,1
3808,586,3.336683471804529,4
3808,589,3.741029230684575,5
3808,700,3.0,4
3808,707,3.6458568138703322,2
3808,891,2.4689483022189544,1
3808,1020,3.240131057940829,3
3808,1126,3.1998407584693926,3
3808,1130,2.8043356697597193,4
3808,1136,3.855693427496468,5
3808,1268,3.7860878152667774,1
3808,1323,1.1279025322379241,1
3808,1361,2.0,5
3808,1580,3.663599776252177,5
3808,1676,3.328517450654505,5
3808,1904,3.0,3
3808,1958,3.76616521841481,4
3808,1969,2.912567041298756,1
3808,1973,2.752035174985568,1
3808,1980,1.878527062034439,1
3808,2377,3.2983285238894235,4
3808,2456,2.6285176278339124,1
3808,2542,3.894010390656515,3
3808,2683,3.9554860592923924,3
3808,3257,3.242922345430895,3
3808,3268,1.0,1
3808,3366,4.185536588079299,3
3808,3691,3.0,3
3808,3700,3.0,2
3808,3705,2.7128454196535743,1
3808,3709,2.572104710576605,4
3808,3732,3.2316793078840815,3
3808,3758,3.0,1
3810,953,4.356517422997237,5
3811,957,3.0,3
3811,1124,3.4988008407410245,3
3811,1208,3.8165670006657164,5
3811,1259,3.731193509015126,4
3811,2010,5.0,4
3811,2248,3.809266801455108,2
3812,1275,3.442143425689343,3
3812,1590,3.223747618238915,3
3812,2944,3.6277852563747714,4
3813,1230,4.745697930111421,3
3813,1945,4.787047480588722,5
3814,2000,3.579562921619095,3
3814,3640,3.0,5
3815,1288,4.546991248651641,5
3815,1732,4.461369376539609,4
3815,1954,4.6313325844138635,5
3816,1376,3.8418391067454087,3
3816,1676,3.8498462812040795,2
3816,2087,4.135371301845918,5
3816,3087,3.8467944802359115,3
3816,3507,4.166536801924462,3
3817,3082,3.3427862940625332,4
3818,2706,4.1803252521519285,5
3819,198,4.239432194876135,3
3819,1748,3.9639309130916067,3
3819,3265,4.0,4
3820,879,3.0,3
3821,668,3.0,4
3821,1147,4.0,3
3821,1235,3.7412134952175387,3
3821,1271,2.785331129280873,2
3821,1321,2.890521587667,3
3821,1672,2.5833965220623822,3
3821,1694,3.4800651442450135,4
3821,1695,3.0,3
3821,1719,3.573564361176731,5
3821,1730,3.0,4
3821,1885,3.299311880033932,2
3821,1913,3.0,3
3821,2160,3.6287356216711917,4
3821,2313,3.504121147619904,4
3821,2594,3.0,1
3821,2708,3.0,3
3821,3129,3.0,3
3821,3174,3.2038518812065755,2
3821,3272,4.0,1
3821,3618,3.0,2
3821,3773,2.0,3
3822,593,3.7645792901825432,4
3822,1244,3.8240917206051503,4
3822,2329,3.6296035559561233,5
3822,2340,3.0,4
3822,2770,3.2810998956454926,4
3822,3068,3.6293437713563725,3
3822,3169,4.236322680263237,4
3823,123,3.0,4
3823,589,4.254920987448325,4
3823,755,3.0,4
3823,1090,4.281615899657203,5
3823,1276,4.3272625216274685,4
3823,1527,4.241073362051674,4
3823,1722,4.310316876689436,4
3823,2728,3.9839788834941663,5
3823,3037,4.370320465735,4
3823,3384,3.0,4
3823,3418,4.239970098008037,4
3824,3,3.11093872330961,3
3824,48,3.438299547585559,3
3824,262,3.0,4
3824,317,3.2606270198578513,2
3824,368,3.189674827319686,3
3824,423,2.8008952896640396,3
3824,552,3.093889576191419,3
3824,1022,3.452564644621807,4
3824,1288,3.43135528949942,5
3824,1332,2.960891510795277,2
3824,1377,3.095748943571357,2
3824,1395,3.1315184580374664,1
3824,1527,3.244516310017122,4
3824,1976,1.6145763861978495,2
3824,1997,3.296400135146973,4
3824,2345,3.0,2
3824,2531,2.575900300447278,2
3824,3210,3.1236794454549606,1
3824,3253,3.204165559121782,3
3824,3474,3.0,3
3824,3766,2.0662268072840546,2
3824,3807,4.0,4
3825,111,3.715753769933747,5
3825,150,3.325644942884552,2
3825,594,3.257281311904998,3
3825,597,2.923470032371635,1
3825,901,2.0013598648313295,1
3825,912,3.575250902340836,5
3825,1028,3.0270508769686795,2
3825,2378,2.4146620115893995,1
3825,2410,2.6805035097580845,1
3825,2949,3.425664355710891,4
3826,1639,4.595031314684714,4
3827,22,4.022165935177255,4
3827,1962,4.299830056870016,4
3827,2353,4.071902544304408,5
3827,2699,3.381900533912021,2
3828,671,4.0,3
3828,1175,4.0,5
3828,2916,4.030905063349269,4
3829,411,3.0,3
3829,493,3.0550525352316114,3
3829,728,4.0,1
3829,803,3.0,5
3829,866,3.725456307123033,3
3829,1190,3.0,4
3829,1397,3.0,2
3829,1552,3.076498332621765,4
3829,1658,3.0,1
3829,1671,1.0,2
3829,1983,3.9617749372994604,3
3829,2240,3.4716418510214133,3
3829,2389,2.2958682516591558,1
3829,2447,3.2756378781945616,3
3829,2796,2.276359602812732,2
3829,2912,3.813749802856754,3
3829,3510,3.1662246663377784,4
3829,3623,3.1995326657763066,3
3829,3763,3.267000475180184,3
3830,1090,4.338142659556866,5
3831,597,3.7098889416084764,4
3831,800,3.6792043990246137,5
3831,1834,4.260444497965405,5
3832,541,4.430744369971477,4
3832,1945,4.7438769912641945,5
3832,2289,4.474360609101774,4
3832,3362,4.792268329138243,5
3832,3481,4.183185588514789,4
3833,596,3.671102027358848,3
3833,1218,3.0,4
3833,1688,3.3174374046833557,5
3833,1784,3.4652981046155764,4
3833,2301,3.332633696867682,4
3833,2324,3.730458981175674,4
3833,2953,2.617675363712866,1
3834,63,4.0,5
3834,160,4.533916800924,3
3834,165,4.581516896149181,5
3834,239,3.88316424593497,5
3834,250,3.0,3
3834,327,4.5318964153927555,5
3834,377,4.358019789300237,4
3834,519,4.176916167153728,4
3834,588,4.422114831117333,5
3834,592,4.411162226810289,5
3834,733,4.549621194865806,5
3834,998,3.0,4
3834,1377,4.357317259164688,4
3834,1380,4.376102754819583,5
3834,1393,4.460529727690874,4
3834,1500,4.566364423038106,5
3834,1805,4.677820649955039,5
3834,1884,4.7799889137982445,5
3834,2702,4.751808554010232,5
3834,3160,4.504956827957359,5
3835,36,4.661655432118341,4
3836,685,3.0,3
3836,1320,3.2729371814585493,4
3836,2162,3.0,3
3836,2403,3.714833370822126,4
3836,2722,2.882424832979074,2
3837,608,4.01875487935857,4
3837,2441,3.0,3
3838,3079,3.0,4
3839,1704,3.8928259315359783,4
3840,788,4.438187280582243,4
3840,2005,4.18188220070293,5
3841,16,3.6881240530714376,3
3841,117,3.0,3
3841,318,3.6522231395053892,4
3841,674,3.322487978654569,4
3841,692,2.9999999999999996,1
3841,1076,3.0,4
3841,1324,2.3465596536406776,1
3841,1488,2.3580860857339645,3
3841,1663,3.5550940388182997,3
3841,1754,3.1446906328524635,3
3841,1783,4.0,3
3841,1874,3.0,2
3841,1918,2.8765511980667884,3
3841,1969,2.5328414036714713,2
3841,2100,3.4852549553270613,5
3841,2132,4.137951721373718,3
3841,2174,3.474015867153867,2
3841,2194,3.6322709076759843,2
3841,2315,1.9934498719159326,3
3841,2402,3.391924409475566,4
3841,2407,3.3664076902012576,4
3841,2431,3.4428983131034543,2
3841,2524,3.666368980868196,3
3841,2663,2.7179009312979323,3
3841,2814,3.0,3
3841,2817,2.746923919955224,2
3841,2917,4.073931170896727,4
3841,2973,4.155315038808019,2
3841,3197,3.518906667249185,3
3841,3476,3.869070866885656,3
3841,3619,3.0,3
3841,3839,2.0,2
3842,6,3.5417997191325585,4
3842,551,3.737513727528169,4
3842,880,2.501046083559494,4
3842,906,5.0,4
3842,912,4.116230825978399,5
3842,1086,3.888734967637337,5
3842,1090,3.8263018441737175,2
3842,1208,3.973517361327476,1
3842,1441,3.7582414749285133,5
3842,1585,3.0,5
3842,2542,3.3999092182176116,4
3842,3095,4.575849872013049,5
3842,3546,4.1025517566711835,5
3842,3735,4.348307108050152,3
3843,174,3.0,4
3843,2321,2.95573470634207,5
3844,606,4.671475393065811,4
3844,2867,4.435848647158914,4
3844,2902,4.723010479191959,3
3844,3177,3.0,5
3846,2750,4.523515814173233,4
3847,147,3.0,3
3847,172,2.644600077893807,2
3847,555,3.1632329967214377,4
3847,788,2.9338737632144083,1
3847,1275,3.032886422176493,4
3847,1298,3.0729364630708673,4
3847,1799,3.0,4
3847,2643,2.379760780088144,1
3847,2736,2.6616905885490234,3
3847,2793,2.403271658206361,4
3847,2815,2.7848895202087864,3
3847,3253,2.8802507396089227,3
3847,3826,3.0,2
3848,1011,4.0,4
3848,3471,4.563752732230169,5
3849,1210,3.392180196815501,4
3849,1374,2.752389663645624,3
3849,2797,2.725451050169237,3
3850,440,4.158987822023145,4
3850,858,4.161250065690645,5
3850,1498,3.0,5
3850,1500,4.078417259174645,4
3850,1518,3.008895788776039,4
3850,1673,4.1813136609636095,4
3850,2124,3.9630838554772985,4
3850,2575,3.0,4
3850,2722,3.6599270063367886,3
3850,2763,3.9865675971742998,4
3851,2502,3.351562024266931,4
3851,2997,3.7532567770695344,5
3851,3113,2.6820117930392975,2
3852,1221,4.8176776759596995,5
3852,2669,3.0,4
3853,145,3.667506875577484,4
3853,379,3.7989523411607986,3
3853,527,4.579579509907988,5
3853,593,4.580028442609708,5
3853,1213,4.5910688703446185,5
3853,1221,4.600168030674018,4
3853,1438,3.9818843884016317,3
3853,1573,4.408791972740013,1
3853,1873,3.0,5
3853,2122,3.970951804329495,3
3853,2952,5.0,4
3853,3635,4.496860128858184,4
3853,3702,4.519262261814124,5
3854,1358,4.119796158514134,5
3854,1682,4.100342952487512,5
3855,1625,3.8497328109606643,4
3855,2997,3.982385184534029,4
3855,3770,3.6707605919329858,4
3856,2444,3.0,5
3857,1073,4.1588075982999735,2
3858,421,3.0,4
3858,1129,4.125947611163456,2
3858,1721,4.475750329318815,5
3859,544,3.4028974100987486,3
3859,1240,3.6170600591471587,4
3859,1396,3.590923356884646,4
3859,2231,3.4457832066496734,4
3859,2549,3.6157565855229574,3
3859,2605,3.606457825853367,4
3859,2707,3.7681882265257256,2
3860,750,4.15471739006281,4
3860,1222,4.087054925123856,3
3860,1376,3.4942682143013113,3
3860,3366,4.022921029734076,4
3860,3615,3.0,3
3861,3617,4.0,4
3862,1649,4.0,4
3862,3551,4.0,4
3863,2353,3.7817509297411744,4
3864,260,4.705815207600424,5
3864,920,4.820540859574405,5
3864,2729,3.0,5
3864,3062,4.899181506589808,3
3864,3546,5.0,4
3865,3299,3.0,1
3866,1230,3.933075204965008,4
3867,3699,4.000300303552396,4
3868,31,3.0,3
3868,34,3.758772213827732,4
3868,218,2.331222625921608,3
3868,1704,3.9369477117165763,3
3871,934,3.0,3
3871,2424,3.328562201118888,3
3871,3120,3.0,3
3873,85,3.0,4
3873,527,4.243873919817932,5
3874,1665,3.0,5
3874,2028,4.36703315660144,4
3874,2393,3.502889927331995,4
3874,3354,4.409770105340058,3
3874,3638,4.2392315022662705,5
3875,1093,2.9847304674419872,4
3875,2683,4.03264907546911,2
3875,2987,4.000296159606657,5
3876,527,4.297537354785204,5
3878,736,3.97862811411417,2
3878,1077,4.221494295472318,4
3878,1090,4.197071335758619,5
3878,1247,4.322163838405432,4
3878,1960,4.422441188912651,5
3878,2416,4.231877701345556,4
3878,2476,4.118796492790573,4
3878,2881,3.7039329531097875,4
3878,3102,4.00732835493492,4
3878,3638,3.954503151774494,4
3878,3685,4.264093569104803,4
3880,2762,3.6565410343735523,5
3881,1261,3.831858678308196,5
3881,1546,3.0,3
3882,1810,3.826825148845738,3
3882,2611,3.0,4
3882,3108,3.9525751567386105,3
3882,3685,4.407280857883206,3
3884,1278,2.9703891515343326,4
3884,1373,2.6173417490253383,1
3884,1678,2.370770821440124,3
3884,2029,2.0,4
3884,2191,3.0,2
3884,2205,3.0,4
3884,2611,3.0,4
3885,95,3.4909113669831044,4
3885,955,4.7781200768691665,5
3885,1213,3.9569138717456926,5
3885,1259,3.8020349599250327,3
3885,1306,3.0,5
3885,1483,3.0,3
3885,2003,3.4654416155350387,4
3885,2115,3.5683407775123483,3
3885,2118,3.677978069503053,4
3885,2206,4.9160889769947,5
3885,2640,3.4575037287239567,2
3885,2717,3.2602565420775806,2
3885,2997,3.931775951137404,4
3885,3342,3.6601190752505244,4
3885,3658,3.0,5
3885,3701,3.305608556806013,3
3885,3841,2.5033375898517365,3
3887,180,3.1983229061754224,2
3887,661,3.651338342471582,5
3887,949,3.0,5
3887,1212,4.158597885828794,5
3887,1608,3.201261022610697,5
3887,1735,3.0,4
3887,2641,3.3197792243391127,3
3887,3483,3.0,4
3887,3594,3.0,3
3888,377,2.856887215820916,2
3888,541,3.655583179163555,4
3888,3720,3.0,4
3888,3789,3.0,4
3889,1214,4.309146309050619,5
3889,2908,4.0,4
3890,3263,4.2157245519347475,5
3891,1022,3.4551806653045523,5
3891,1416,3.0,5
3891,2099,3.6709912224898096,4
3891,2941,3.4828179754808066,4
3892,6,3.6167992855102913,3
3892,69,2.47988747821427,4
3892,595,3.7243229592642626,5
3892,1092,3.5930316953761436,2
3892,1198,3.5298567588566816,5
3892,1240,3.6750762954047165,4
3892,1590,2.8825788941547983,2
3892,2081,3.6100812843665246,5
3892,2100,3.67302216747064,3
3892,2616,3.1898032760197164,2
3892,2709,3.0,3
3892,2917,3.531809122468541,4
3892,3030,5.0,5
3892,3446,3.0,4
3892,3635,3.582376299657688,4
3893,3751,1.9721684647886792,4
3894,3548,3.0,4
3895,866,3.3204879283393716,4
3895,1735,4.061825586609953,4
3896,1998,3.523881175841224,2
3896,2953,3.509603684893023,1
3896,2986,2.955352223607237,1
3896,2992,1.9801613555548927,1
3898,1193,3.9478441381886267,4
3899,2318,4.346920684682615,4
3900,165,4.0328468868604705,4
3900,480,4.144692252692378,4
3900,1047,4.048647343184206,4
3900,1541,3.3900731828045028,3
3900,1566,4.099418512256725,3
3900,2334,3.3388761542381746,2
3900,2471,3.524348566499309,3
3900,2490,4.083075232612328,4
3900,2558,3.5424498057594374,3
3900,2599,4.278476075430272,5
3900,2752,3.315631710541444,3
3901,2770,3.3972685814818324,2
3901,3301,3.0,3
3901,3638,3.696873030616996,4
3902,112,5.0,5
3902,380,4.9688419743592345,5
3902,1377,5.0,5
3902,2701,4.999999999999999,5
3903,356,3.5896621312146033,4
3903,434,3.538522717007623,3
3903,1288,3.365134880904509,3
3903,1955,3.5587536317948922,3
3903,2005,3.7134429217754277,4
3903,2110,3.0703868516825517,2
3903,2340,3.0,3
3903,3308,3.233925871876145,3
3903,3706,3.0196957323109257,3
3904,1517,4.221984853632615,4
3904,2325,3.0,5
3905,589,4.114515942133009,5
3905,1291,4.133236736796395,4
3905,2858,3.7012990354012683,5
3906,2529,4.112254646992622,3
3907,3614,3.233240575559169,3
3908,1408,3.5545000368886672,4
3908,3083,5.0,3
3909,1127,3.940901643988515,5
3909,1732,4.001456323998915,5
3909,2502,4.053767758880892,3
3910,151,3.48102548646677,3
3910,2716,3.400182631152143,4
3910,2991,3.476858521682692,3
3910,3836,4.209512371296213,5
3912,1282,4.564970067122132,5
3912,2951,4.558022465162686,4
3913,2572,3.782684852117975,3
3914,2118,3.8923200658881054,3
3914,2956,2.0,3
3914,3044,4.142337133724495,3
3915,1196,3.0841196760740206,1
3916,229,3.0,3
3916,333,3.1254127501195796,4
3916,1198,4.111431861310223,5
3916,1211,3.0,5
3916,1234,4.643051556103773,5
3916,1373,3.6991328453737826,2
3916,2027,2.326683983568241,4
3916,2064,4.758298843719341,5
3916,2393,3.823690363365655,3
3916,3355,3.0,2
3917,39,3.7479820748418486,4
3917,1265,3.9849186983990426,4
3917,1339,3.286676862161957,3
3917,1680,3.982837203441953,5
3919,2942,3.0,5
3919,3615,3.0,4
3919,3764,4.0,4
3920,364,4.315039732596167,4
3922,733,3.110969990794974,3
3922,2478,2.8067961889296287,2
3922,2792,2.7169221996377773,2
3923,674,3.982182009549484,3
3923,1019,3.7588945359981056,4
3923,1301,4.079834295738169,5
3923,1580,3.7741747351925437,4
3923,2529,3.897962165199051,4
3924,965,4.345480934659523,5
3924,3203,5.0,3
3924,3683,4.584172187719264,5
3925,34,4.3623537199561815,5
3925,589,4.479278592023579,5
3925,1093,4.170211905284678,3
3925,1240,4.569142735940458,5
3925,2502,4.353788542754107,4
3925,3005,3.7991182289223127,3
3926,3145,3.0,3
3926,3760,3.0,5
3927,800,3.7706990070967175,4
3927,3477,4.0,4
3929,145,3.0803018352652174,2
3929,736,3.413954864327591,4
3929,1077,3.909206522882763,3
3929,1093,3.433953123547447,3
3929,1213,3.7791177181728033,5
3929,1275,3.466306039659184,5
3929,1610,3.5897544856282866,4
3929,2167,3.4185235733274904,4
3929,2329,4.062659206143374,4
3929,2371,3.8522933809002207,5
3929,2797,3.6636380144264566,4
3929,2862,3.0,4
3929,3019,2.9639761735018406,3
3929,3447,3.0,2
3929,3478,3.254622919763676,3
3930,1208,4.406653567575021,4
3930,1951,5.0,4
3930,2467,5.0,4
3930,2863,4.589892300907704,5
3930,2917,4.682217253048636,4
3930,2941,4.500887265723662,5
3930,3545,4.575173601557283,4
3931,2094,3.363042806810212,4
3931,2640,3.60201438405236,4
3931,2734,2.969153878563979,5
3931,3801,3.0,4
3932,2921,4.344541080153429,5
3934,3,2.507700901417973,3
3934,107,3.0,2
3934,295,3.0,3
3934,338,1.9840697094158146,2
3934,362,3.0,2
3934,546,2.1578596559241254,2
3934,788,3.0142660719703205,2
3934,1032,3.199454778129242,1
3934,1391,3.0244213512840514,3
3934,1963,3.249571854264166,3
3934,2371,3.1891802451770794,4
3934,2733,3.0,2
3934,2888,3.0,3
3934,2985,2.963511288178502,3
3934,3064,2.0,2
3934,3203,2.996692715876455,2
3934,3743,2.0,2
3935,2746,3.7248515222061864,4
3935,2858,3.697355998091506,5
3935,3081,3.6289394929589225,3
3936,1194,3.0,1
3937,110,4.459751049380633,5
3937,3704,4.599610252665673,5
3938,2490,4.2607256820535575,3
3938,2959,4.151547973863845,4
3940,24,3.8282823967110104,3
3940,28,3.0,4
3940,371,3.0,3
3940,1719,4.085375022931987,4
3940,1997,4.054869399607945,5
3940,2022,3.942533637236459,5
3940,2024,3.0,3
3940,2028,3.8778194091166167,5
3940,2269,3.3862912497142115,2
3940,2321,3.8837659539652387,5
3940,2395,4.051454873103134,5
3940,3210,4.19921852556496,4
3940,3481,4.022097392783696,3
3940,3700,3.0,2
3940,3758,3.0,5
3940,3911,4.212964899316122,4
3941,2628,3.473594275668171,2
3942,112,2.60041750562985,3
3942,588,2.8198452944756487,1
3942,1210,2.924737168079733,5
3942,1370,2.7352680863708847,2
3942,1704,3.2191048987341677,2
3942,2026,1.8543883094411209,1
3942,2232,2.673727568993048,2
3942,2391,3.5886838366566756,3
3942,3698,2.677279604755116,2
3942,3709,1.7781290754440167,1
3943,500,4.19990226521815,5
3944,2463,3.4946219925113065,5
3945,105,4.001645080547936,4
3945,880,2.7402448453714587,1
3945,1081,3.7710552520927187,5
3945,1101,3.5639605096235605,3
3945,1333,4.003823778920782,4
3945,1665,3.0,1
3945,2089,3.7243827266460183,3
3945,2245,3.6787640400883106,4
3945,2320,3.0,3
3945,2497,3.0,1
3945,2522,3.0,1
3945,2531,2.3915043260496573,1
3945,2567,3.495611517848172,2
3945,2786,2.5037384964347864,1
3945,3258,3.391898376186535,5
3945,3700,2.0,3
3946,110,3.8296234477863544,4
3946,412,3.0,4
3946,492,5.0,5
3946,497,4.23871930525626,4
3946,608,3.816155348831601,5
3946,1079,3.922126927601102,4
3946,1097,3.868538684250532,4
3946,1285,3.953973977202798,3
3946,1359,3.5328036405871686,4
3946,2555,3.0,1
3946,2763,3.849595584604786,4
3947,435,3.665554281348813,4
3947,858,4.361781422232509,5
3947,1214,3.8900395014224776,5
3948,946,4.672744610565047,3
3948,2102,4.0,5
3949,920,4.244464217920145,5
3950,2195,3.0,2
3951,44,3.305386886181115,3
3951,168,3.534998040156687,3
3951,1032,4.047894194088563,3
3951,2005,3.901421887879225,4
3951,2054,3.766692293759882,4
3951,2116,3.8854435114763435,4
3951,2641,3.8378281209838994,2
3951,2985,3.8674155801777697,3
3953,1206,3.7339432188485904,5
3953,1291,3.6647192330030016,4
3953,1297,3.7723660256918348,4
3953,1997,4.143995966431373,4
3953,2716,3.7339385349766396,4
3954,442,3.7287371725708844,3
3955,376,3.844803493247995,3
3955,3072,4.002679571769155,3
3956,3081,5.0,4
3957,415,3.0,2
3957,597,4.02485372129176,5
3957,708,4.091914690462943,2
3957,733,4.15855444269665,5
3957,1293,4.677626622713102,5
3957,2688,4.0,3
3957,3060,4.215294001424288,4
3957,3074,3.536254766079228,3
3957,3623,4.257261644158137,5
3958,161,3.9293908414142305,5
3958,832,4.085380586727735,2
3958,1100,4.040510180152335,2
3958,2059,3.0,5
3958,2369,4.235162564971039,4
3958,2671,3.792787219906653,4
3958,3809,4.0279428187837905,3
3960,2716,4.589593729674968,4
3961,32,3.6028304629714127,4
3961,780,3.4103051981931816,3
3961,1917,3.094444222623689,2
3961,3340,3.3668643892229975,4
3961,3700,3.0,5
3962,1994,3.6919619513517232,5
3962,2150,4.0,3
3963,527,4.179287284480133,5
3963,648,3.918117332521967,2
3963,1278,4.188527364843825,5
3963,2132,4.455226203197692,4
3963,2174,4.084429884319805,4
3963,2739,4.337628945980041,5
3963,2761,4.0734135636588045,3
3963,3095,4.535986444515793,5
3964,902,4.00614970835713,3
3964,1918,3.7326816632583752,4
3964,2490,3.752738816206092,4
3964,3705,5.0,5
3965,22,4.151842027786703,4
3965,161,3.9763954417697516,5
3965,1036,4.146999527783247,5
3965,1263,4.404749919827493,5
3965,1863,3.0,3
3965,2012,4.099386865392332,3
3965,3753,4.348669218042705,5
3966,3270,3.0,3
3967,24,2.4728769881298196,1
3967,195,3.0,2
3967,596,3.0938633857175284,3
3967,1061,3.1111129742034773,2
3967,1593,3.516947652843052,2
3967,2724,3.083228315422936,3
3967,3398,2.8768994546652085,4
3967,3868,3.045414373631845,3
3968,208,4.22018375198228,3
3968,2540,3.0,3
3968,2699,3.4944599754176786,4
3970,904,3.9735722784642924,4
3970,1476,3.6391821245716756,2
3970,1635,2.9012469091780213,1
3971,1186,3.6081759445639703,3
3971,1704,3.654369534208426,5
3971,2014,4.491874022088151,3
3971,2580,3.723490138931376,5
3971,3147,3.625650559101374,5
3971,3361,3.6498452046265744,3
3973,2001,4.158035007236732,4
3973,2369,4.229543500206168,4
3973,3635,4.33495597822872,4
3974,805,4.0,4
3974,2846,3.0,3
3975,1036,3.823477799602598,4
3975,1465,3.0,4
3975,3418,3.8400427984333807,4
3976,233,3.0,3
3976,934,3.0,5
3976,1093,3.7984661581641768,3
3976,1635,3.978653477500249,3
3976,2243,4.298704842714768,4
3976,2321,3.7710157256058388,4
3977,50,3.8967359968923114,5
3978,628,5.0,5
3978,1196,4.477137473559294,4
3978,1266,4.528149976167143,5
3978,2640,4.287139023401824,3
3979,1234,4.011621143320106,2
3980,253,3.049813948658606,4
3981,950,3.9425035572877927,4
3981,1086,4.407265429754759,4
3981,1094,3.7401835794712577,3
3981,1221,3.7891397969471052,3
3981,2863,3.921315775203839,4
3981,3146,3.0,1
3982,914,4.0,3
3982,1066,3.0,5
3983,1408,3.4946727868860226,3
3983,2396,3.6759190306215275,5
3984,165,3.773457928784487,4
3985,41,3.0,5
3985,428,3.999647707731862,3
3985,800,3.649388428175384,5
3985,1484,3.0,4
3985,2155,3.503342400492812,4
3985,2997,4.148906770229652,4
3986,2997,3.8750914480374776,5
3988,804,3.0,2
3988,1132,3.0,5
3988,1259,4.203603880888004,5
3988,1461,3.7172889178530606,2
3988,2883,3.0,4
3989,1704,4.232848975539229,5
3989,2336,4.552458046373014,5
3989,3108,4.19543801405298,3
3990,1261,4.112425064667556,5
3990,1881,3.0,3
3990,1967,3.870889119823703,4
3990,3037,4.199496494602875,5
3991,303,3.0,3
3992,368,3.963518942587807,4
3992,405,4.155731628766915,2
3992,594,3.907019244066614,4
3992,852,3.954007474620397,4
3992,1653,3.983252591496312,4
3992,2006,4.011807779653082,4
3992,2986,3.7900885307887684,3
3992,3253,3.9344297528154373,4
3992,3274,3.9200352366665987,4
3993,231,3.2471301760507485,3
3993,288,2.9951434806996997,1
3993,455,3.0,1
3993,912,2.7881008737943183,1
3993,1339,2.9822225965153564,4
3993,1580,2.9702265745258236,4
3993,1681,4.0,3
3993,2406,2.927267517889266,3
3993,2571,3.0227471696580985,5
3993,3081,3.3278042776340833,4
3994,587,4.043732324926799,3
3994,1185,4.0242405506535555,4
3994,1391,4.096319324630949,4
3994,1573,4.169725590081517,4
3994,2174,4.122985905091119,5
3994,2324,4.310378741245248,5
3994,3037,4.348327733919317,4
3994,3070,4.21741103573665,4
3995,70,3.7760008713398823,2
3995,780,3.7086274995634296,4
3995,2278,3.7577012487354806,3
3995,2881,3.7965791973342546,3
3996,457,4.361026102372692,5
3996,1291,4.358705221452659,5
3996,1431,5.0,2
3997,88,2.71331998750386,2
3997,587,3.7290962131951506,4
3997,1474,3.278767199112529,4
3997,1610,3.881685075311019,5
3997,1626,4.712594942341854,3
3997,1687,3.5960510830139376,3
3997,2153,2.66204476848466,4
3997,2302,3.623035553721624,3
3998,426,3.763558190204592,4
3998,1129,3.650277302413983,3
3998,1346,3.385543793544769,5
3998,2107,2.4944554298592823,4
3998,2650,3.7254338448396624,3
3998,2655,2.196864160245075,3
3998,2790,3.1999247188702666,3
3998,2985,3.5754142347752014,2
3998,3033,3.435317775843582,2
3998,3638,3.531813659568884,3
3998,3692,1.0,1
3999,3,3.4548357708090505,4
3999,36,3.9995202272217325,4
3999,742,2.400062547976338,3
3999,1343,3.8896374248517005,4
3999,1358,3.9762141898769285,1
3999,1379,3.505295539681623,2
3999,1627,5.0,1
3999,2109,3.8389508574387294,5
3999,2320,3.515056139720908,3
3999,2338,2.654622965537553,1
3999,2770,3.461456760008348,2
3999,2819,3.7188673131641643,4
3999,3448,3.739064487208956,3
3999,3614,3.5626713857088905,3
4000,2,3.661476044378325,4
4001,36,3.6457076503455053,3
4001,252,3.92942638895457,4
4001,435,3.213471534791437,3
4001,446,3.669880930744323,4
4001,539,3.500812356690596,5
4001,1020,3.6184719701398533,4
4001,1259,3.6282005733787175,5
4001,1431,3.336264817329288,2
4001,1884,3.6693306471968996,2
4001,2268,3.568825161727896,2
4001,2301,3.9160646652336903,5
4001,2302,3.472356770003286,5
4001,2374,3.482857640781723,3
4001,2734,3.0,2
4001,2736,3.38063831201887,5
4001,2942,3.616612502751025,4
4001,3206,3.0,4
4001,3426,3.0,3
4001,3711,3.0,5
4002,1221,4.0857659909521455,5
4002,3408,3.6849153236757357,4
4003,3182,3.0,3
4004,459,3.0,1
4004,1356,1.853580695375316,4
4004,3274,2.2534969268019758,2
4005,265,3.656928595736018,3
4005,1393,4.041602895185917,5
4005,1961,3.9799873645098027,5
4005,2108,4.045304253598321,3
4005,2396,3.9570130281276157,4
4005,2763,4.161388789640717,4
4005,3052,4.053898907619865,4
4005,3534,4.531521521060262,4
4005,3623,3.988373013467694,3
4006,316,3.85802532617701,3
4006,356,3.9155560025754044,3
4006,435,3.4999344535868038,4
4006,913,3.7663656720591723,4
4006,1372,3.5982424594937634,4
4006,1564,3.0,1
4006,2001,3.856557974378045,4
4006,2021,3.856245960692106,3
4006,3703,3.8332622124914755,4
4007,227,2.3077449202691547,3
4007,266,3.369947722459923,3
4007,288,3.051922408403219,3
4007,353,2.7760160173079087,3
4007,377,3.004123761001408,3
4007,504,2.226142222483033,3
4007,1220,3.2561144660095147,3
4007,1711,3.284965648374026,2
4007,1923,3.344768300304575,3
4007,2476,3.3495922785303356,3
4007,2672,2.8369150771798726,1
4007,2872,3.2530908380954813,4
4007,3264,3.189091450562838,2
4007,3363,3.493277296836663,4
4007,3424,3.540542688557874,3
4007,3699,3.1955568166936956,4
4007,3793,3.0827674473352733,3
4008,3744,4.0,4
4008,3754,3.0,1
4009,1193,4.038191119428105,5
4009,1242,4.0506329567595,5
4009,1972,2.68777416873789,2
4009,2119,2.958534926947057,2
4009,3273,3.0536766379151414,1
4012,1197,4.161571590368768,5
4013,50,3.4863981071143537,4
4013,161,2.6529126732267105,4
4013,293,3.494803201743149,3
4013,480,3.3538817011096063,3
4013,648,3.2837659026865915,3
4013,858,3.483035093759774,3
4013,1037,3.1868359469181575,3
4013,1197,3.4396962854314292,3
4013,1249,3.9592974573103743,2
4013,1769,2.985947639665021,2
4013,1954,2.5165746833088565,1
4013,2822,3.004498457413787,3
4014,333,3.7752195206111363,5
4014,1128,3.6570049484443397,4
4014,1389,2.829022607054774,3
4014,1983,3.1447155326492986,4
4014,2700,4.0963925759575375,3
4015,1084,3.9117559642642594,3
4016,457,3.26121789300175,3
4016,468,3.3062150670912187,3
4016,648,3.2524773370142417,3
4016,926,3.710342045345618,3
4016,971,3.793867080043404,4
4016,1016,2.838923235298129,3
4016,1081,3.306145397495061,3
4016,1090,3.2515314478717414,5
4016,1120,3.2393473728859554,3
4016,1960,3.2923283314501144,1
4016,1997,3.0755405399900426,5
4016,2203,3.4925854681554496,3
4016,2206,3.406108022605928,3
4016,2411,2.831810139445346,1
4016,2420,3.2424762333047363,3
4016,2872,2.7856583656945193,3
4016,2915,3.2340065445480413,3
4016,3549,3.8990388233507876,2
4016,3614,2.6027094982545025,3
4018,6,3.8475979858324614,4
4018,786,3.7112520133051032,3
4018,1220,3.50188033719493,4
4018,1552,3.755604411878706,4
4018,1608,3.7850374827548823,5
4018,1954,3.3582505283107604,5
4018,2028,3.853098086191313,5
4018,3384,3.0,4
4019,593,4.181746136679628,5
4020,380,3.5682811341499656,5
4020,1587,3.487036635320648,4
4020,3438,3.377647670561647,3
4021,135,3.3588999219433653,5
4021,234,2.987157513894673,3
4021,464,3.339865017949127,3
4021,919,4.084312204369413,5
4021,1230,4.407960549576816,4
4021,1931,5.0,3
4021,1967,4.195413876436756,4
4021,2081,3.8944076341038554,4
4021,3507,4.248043903560343,5
4021,3593,3.0,1
4021,3671,4.085023493213163,5
4021,3698,3.699162015486698,3
4022,2,3.4197272386585107,4
4022,165,3.3270868074845175,5
4022,719,3.515825573376243,2
4022,919,3.568157865195065,4
4022,924,3.4654587658798306,2
4022,1307,3.5205538641921446,4
4022,1345,2.9014407649913756,4
4022,1663,3.384846968678087,2
4022,1845,3.2530150421167128,3
4022,1894,3.2494643651628126,2
4022,1945,3.5910689828967417,3
4022,2161,3.458728253346297,2
4022,2407,3.195503066478381,4
4022,2457,2.983137368848049,2
4022,2555,3.0,3
4022,2617,3.3170397738514783,3
4022,3664,1.0,1
4022,3826,3.0,4
4024,153,3.6748808770733246,3
4024,1343,3.930976734472217,4
4024,3450,3.7556053096253166,3
4024,3524,3.796295818196902,5
4026,259,3.0,3
4026,457,3.5290198969195195,4
4026,780,3.405870771193808,4
4026,852,3.171024027194039,5
4026,1310,3.0,2
4026,2108,3.5245787512064837,3
4026,2997,3.7302656796378915,5
4026,3074,3.0,4
4026,3809,3.3624488984685663,4
4027,807,3.0,2
4027,3702,4.759257366074805,5
4028,4,3.0,1
4028,34,3.9209651200249143,1
4028,588,3.8836359628346,1
4028,597,3.927104249232766,4
4028,1356,3.792472961058274,1
4028,1464,5.0,5
4028,2239,3.0,1
4028,2290,3.0,5
4028,3039,4.011690902507,4
4028,3243,3.934152578780404,2
4028,3846,3.0,5
4029,1350,4.0,3
4029,2966,3.0,5
4029,3147,4.023262383606985,4
4030,1036,3.4412258632830737,5
4030,1263,3.510789652950161,4
4030,1732,3.5783504778720747,3
4030,2973,3.429339257932413,4
4030,3394,3.289861376883328,3
4031,1258,4.223883503592992,4
4031,2118,4.091883078743536,4
4032,599,4.659864658184635,5
4032,1201,4.588661657892568,5
4032,1640,3.0,5
4032,2948,4.638326213012344,5
4032,3763,4.563033637545661,3
4032,3771,5.0,4
4033,367,4.074340955757111,5
4033,880,3.1485194130763943,3
4033,1060,4.630576723426982,5
4033,1297,4.299066669758969,4
4033,1358,4.407253907030157,5
4033,1552,4.053400713406101,5
4033,1573,4.117279614835307,4
4033,1641,4.314519051042351,4
4033,1680,4.449603145350242,4
4033,1918,3.752329389654381,4
4033,2064,4.468125240339175,5
4033,2803,4.241537313631591,4
4033,3070,4.193669195600807,4
4033,3087,4.109465754612309,5
4033,3141,3.0,4
4033,3479,4.233495878847074,5
4033,3513,3.4865834285651673,3
4033,3744,3.291678982733294,3
4034,1197,4.336209745637462,4
4034,1240,4.370264740497305,3
4036,370,3.5551593772867336,3
4036,527,4.196846445538972,5
4036,1126,4.491526434445676,2
4038,1307,4.058590483399073,3
4038,3072,4.078531971299784,4
4039,2571,4.04017547441799,5
4039,3751,4.257113859891281,4
4040,360,3.0,1
4040,2817,3.0,1
4041,157,3.0,3
4041,160,3.6319012776522026,2
4041,224,3.2305917521392047,3
4041,267,3.106491321535628,2
4041,366,2.7844533185331857,3
4041,454,3.719285449762583,3
4041,533,3.362490546856674,4
4041,671,4.0,3
4041,783,3.923431727251817,3
4041,1222,3.855845220766394,5
4041,1515,3.0045961434296986,2
4041,1517,3.8539460040756737,3
4041,1689,3.0,3
4041,1975,3.021803027216407,3
4041,1988,2.9614504125605987,3
4041,2003,3.7235562005024656,5
4041,2110,3.7071857154429093,2
4041,2409,3.454072678526113,3
4041,2648,3.713891153034661,5
4041,2668,3.8787867566213974,4
4041,2710,3.793505985152989,3
4041,2827,3.339719045449408,2
4041,3450,3.8134742087863804,4
4041,3705,3.2497471979874066,2
4042,34,3.7419572850826976,4
4042,543,3.495397776583703,4
4042,1833,3.179417071828081,2
4042,1913,3.0,3
4042,2143,2.8403035325120505,4
4042,2356,3.0,1
4043,500,3.7545245438958736,3
4043,1191,3.0,3
4043,2000,3.8217683054596314,3
4043,2294,3.6087916337014576,4
4043,2763,3.935927742918716,4
4043,3175,3.695646151733664,4
4044,2294,4.332820056155368,3
4045,3758,3.0,3
4045,3811,3.0,4
4048,2,4.008965634097927,4
4048,34,3.614738586404699,5
4048,262,4.0,3
4048,344,3.2403766195282984,3
4048,371,3.0,4
4048,709,4.112779294509762,3
4048,1033,4.086378864111132,5
4048,1363,4.0,4
4048,1551,3.0,3
4048,2312,3.741811499240074,4
4048,2531,3.5216093798518573,3
4048,2877,5.0,3
4048,3392,3.0391902061767486,2
4048,3672,4.0,4
4049,736,3.5580385991023733,3
4049,940,5.0,5
4049,1396,3.7532929410666807,4
4049,1488,3.2700396841853157,3
4049,1544,3.564396554790345,3
4049,1586,3.4674339645068404,3
4049,1603,2.7738086893908824,3
4049,3418,3.8263086486067137,3
4049,3635,3.8097925162322386,4
4049,3834,3.0,4
4050,913,4.573503788606076,4
4050,1617,4.546211972637794,4
4051,1246,2.6514719855981714,1
4051,1295,2.300701048175563,3
4051,2976,4.4862063862495685,2
4052,1603,5.0,4
4053,1029,3.7222287117093624,4
4053,1387,3.852247928405309,4
4053,2096,3.6218373382138096,4
4053,2135,3.6467157607232705,3
4053,2313,3.8632496791467648,4
4053,2422,2.6167580215562096,2
4053,2532,3.6235672689741474,4
4053,2668,3.11861363728518,2
4053,2745,4.0,3
4053,2901,3.7361472301160066,4
4053,3253,3.680043293212077,2
4053,3552,3.706773327849526,4
4053,3697,3.454433781642835,2
4054,318,4.09824978693665,5
4054,832,3.9420440157909695,3
4054,971,4.234360570838285,5
4054,1019,3.7912020122043386,4
4054,1049,3.7994416351523372,5
4054,1081,3.782973652893555,4
4054,1371,3.867608189738558,3
4054,2006,3.8698114791720175,4
4054,2076,4.248052271400505,5
4054,2125,4.007107689949073,4
4054,2132,4.118072624809226,4
4054,2362,3.0,1
4054,2455,3.751101322442152,4
4054,2918,3.9325567670545856,5
4054,3061,3.306206106576423,4
4054,3153,2.5037353663737045,3
4055,85,3.0,4
4055,276,1.842471194869584,1
4055,434,2.9839524511263824,3
4055,708,3.4349240471422626,2
4055,991,3.0,4
4055,1488,2.9895420274529796,3
4055,1681,1.3659973491112698,1
4055,1687,2.5128100052896016,2
4055,1735,4.0,2
4055,1777,3.1161041206255784,2
4055,2028,3.5674214311761605,5
4055,2329,3.9321842636410347,4
4055,2997,3.9012343341859137,5
4055,3440,1.0,1
4055,3578,3.5983098580105386,5
4055,3751,4.017457646766798,5
4056,1127,3.5154609268429615,4
4058,527,3.8864747074448913,5
4058,1282,3.783786566363945,2
4058,1356,3.313789984530088,2
4058,1616,3.025887396321022,4
4058,1721,3.8039066240865402,5
4058,1747,3.7691304598214246,4
4058,2000,3.632744366661129,4
4058,2161,3.4480578846116874,3
4058,2193,3.4439847872229548,2
4058,2571,3.5600742124722435,4
4058,3007,3.0,4
4058,3386,3.8913311156087946,4
4059,3448,2.984013678960391,4
4059,3499,3.170895189843484,4
4060,288,3.904398723347256,4
4060,750,4.012753392232768,3
4060,1259,3.96084297774701,5
4060,1991,3.9318512422878156,3
4060,2119,4.020774921255392,3
4060,2160,3.9435422679549226,4
4060,2302,3.9958406443053343,4
4060,3438,3.8485266577649364,3
4061,3795,3.0,1
4062,1136,3.8810695131187956,5
4062,1617,3.8496725140676467,5
4062,1727,3.0,2
4062,2496,2.83435727946795,3
4062,2762,3.827477786057793,5
4062,3145,3.0,3
4063,1200,4.072271646615231,2
4063,2762,3.774885589077898,4
4064,337,3.4789503641628556,3
4064,352,3.0,3
4064,364,3.2594744698580254,5
4064,485,2.590769420466582,2
4064,594,3.6589863753144707,5
4064,1024,3.2784106346577873,4
4064,1199,3.8145939835837472,4
4064,1254,4.375476046762303,4
4064,1321,2.795877786659022,4
4064,1378,2.8996401229443567,2
4064,1835,2.5888546217674793,3
4064,1912,3.349536689877412,3
4064,2043,3.9595768313535076,5
4064,2089,3.39244694881884,3
4064,2140,3.1745975508131634,2
4064,2162,2.0,2
4064,2266,3.0,3
4064,2329,3.2223088485448064,3
4064,2384,3.5144676118966056,5
4064,2393,2.553226428866929,3
4064,2642,2.7312077568570605,2
4064,2770,3.1385596666805116,3
4064,3128,3.0,3
4064,3200,4.212511989136283,4
4064,3253,3.2033901662768973,3
4064,3264,2.8350126199507257,2
4064,3390,3.0,2
4064,3477,3.0,1
4065,3793,4.469570416179915,5
4066,543,3.320407693894005,2
4066,2028,3.2756620251328448,4
4066,2916,3.235626242542778,3
4067,2485,3.4971635987675844,2
4070,924,3.901208055533463,3
4070,1276,4.211276735011546,5
4070,2657,3.766002050650925,3
4071,500,3.926555690494288,4
4071,2111,3.665017561625126,4
4071,3264,3.6832821711162604,2
4072,597,3.749418653731458,4
4072,2294,3.675250714835928,4
4072,3092,3.0,5
4072,3421,4.161671997729372,5
4072,3471,3.9355294862701986,4
4073,2028,3.8918576450949747,5
4073,2165,3.0,3
4075,1201,3.9294166976452023,4
4075,3703,3.903362388261703,4
4076,266,3.9983866324260395,5
4076,3257,4.182005583463801,4
4077,11,4.387308117238507,4
4077,196,4.072424907195099,3
4077,260,4.03594166545489,5
4077,914,4.634295506387886,5
4077,1580,4.009058147072302,5
4077,2259,3.7705827452780647,3
4078,104,3.595679208184049,4
4078,1295,3.1161533749767227,2
4078,1784,3.7689210791007093,3
4078,2100,3.5127988445894145,4
4078,2240,3.534098668846867,4
4078,2405,3.237311703942804,3
4078,2918,3.6627966471367737,5
4078,3210,3.650256791519262,3
4079,590,3.7009626563421922,5
4079,953,3.7953992791457973,5
4079,1036,3.674884008026378,3
4079,1220,3.6760165913418614,3
4079,1394,3.7285910600682994,4
4079,1584,3.473085725287633,3
4079,1982,3.7183933520403345,2
4079,2366,3.8004031051857665,4
4079,2455,3.5641737674414626,2
4079,2517,3.1221094646736174,4
4079,3141,3.0,4
4079,3450,3.1346570287200053,5
4079,3546,4.5444798499055885,4
4079,3614,3.577798096373051,3
4080,1214,3.753485981855343,4
4080,1291,4.256868833889901,4
4081,2918,4.264053655597657,5
4081,3105,4.401336631498121,4
4082,269,3.0,3
4082,1952,4.111226390559402,4
4083,39,3.0769612670696227,3
4083,1240,3.5675786635227453,5
4083,1253,3.19728835982162,5
4083,1378,3.3314287289722992,1
4083,1608,3.3739881497135444,4
4083,2194,3.6045718485018874,3
4083,2660,3.812306850001783,3
4083,2983,4.46312491178983,3
4083,3431,1.744619244776926,1
4083,3500,3.0,2
4083,3544,3.0,1
4083,3600,3.5299319660088004,3
4083,3635,3.740950931829408,3
4083,3686,2.827605165905356,1
4083,3763,3.7913374300019784,3
4083,3780,3.9466698458391267,3
4084,327,3.0,1
4084,1249,4.883600514732982,4
4084,1594,4.680664895766093,3
4084,2311,3.0,3
4084,2492,3.0,2
4084,2648,4.682895898636005,5
4084,2998,3.0,4
4084,3173,4.490731882212757,3
4084,3328,5.0,5
4085,70,3.7746168830721376,5
4085,381,4.0,4
4085,427,3.0,1
4085,480,3.8995976905416394,4
4085,968,3.6732340887335604,2
4085,1298,3.6611338286482003,5
4085,1404,3.0,3
4085,1485,3.8906614489322644,3
4085,1598,3.0,3
4085,1639,4.010621175716964,5
4085,1772,3.0,2
4085,2001,3.8918791391469485,4
4085,2118,3.332830903701832,3
4085,2232,4.0,3
4085,3511,3.0,2
4085,3525,3.7151521003998087,3
4085,3798,3.965517447692299,4
4086,185,4.450474799316127,5
4086,1562,4.466614248706148,5
4086,1614,4.654158319229395,4
4086,2083,4.893845487502839,5
4086,2087,4.834805014796916,5
4086,2617,4.593805883126239,4
4086,3176,4.771344401059586,5
4087,2599,3.4921021836216197,1
4087,2840,2.983665296809684,4
4088,52,4.0699557930115295,4
4088,315,1.612443944737847,2
4088,493,5.0,4
4088,1485,2.585740075211677,3
4088,1513,3.2580693373579517,3
4088,1633,3.618638266694495,5
4088,1912,3.7561479689657573,3
4088,2249,2.5444734352027347,3
4088,2707,4.335061238341672,3
4088,2763,3.5399757958657476,3
4088,3593,3.0,2
4089,318,4.118301793869717,5
4089,802,4.092006008803653,4
4089,1173,3.0,2
4089,1240,4.0428043585459585,5
4089,1391,3.9644550223071833,3
4089,1476,4.0993734135646855,4
4089,1627,3.0,4
4089,1674,4.0888485468118745,5
4089,2160,4.0343838395958596,4
4089,2374,3.6329300339416095,4
4089,2795,4.1261928713175084,5
4089,2826,4.207630958179226,4
4089,3857,3.0,4
4090,111,3.9987336251388648,5
4090,1213,4.0101491251284225,4
4090,1956,4.001239341313799,4
4090,1961,3.9246056190115413,4
4090,2302,4.11475108942285,5
4090,2971,4.123529080071054,4
4090,3203,5.000000000000001,2
4091,427,3.0,3
4091,2699,3.5305221513726193,3
4092,586,4.269976890887716,2
4092,2599,4.214542075095399,5
4093,1625,4.357968128396777,3
4093,2100,4.372318765362196,4
4093,2716,4.661389797114396,4
4093,2804,4.6484527233355415,5
4093,3256,4.666463141170346,5
4093,3421,4.5741955425656196,4
4093,3461,3.0,4
4093,3527,4.301978712455358,5
4094,457,4.4399567756668485,4
4094,903,4.505361826153676,5
4094,1079,4.4516066522303595,5
4094,2791,4.458773113690555,4
4094,2944,4.620586020438437,5
4094,2959,3.9764467652717346,3
4094,3362,4.666670312496362,5
4094,3879,3.0,4
4096,303,2.7253464919309707,1
4096,485,3.015744839096845,2
4096,592,3.344868895174234,2
4096,1022,3.8023263071296,4
4096,1199,3.9638412771438034,3
4096,3361,3.7753930657448205,5
4097,2858,4.209934139285854,5
4098,70,4.014161753433614,5
4098,589,4.162335766946049,5
4098,1304,4.248267259642155,4
4098,1610,4.1716605567695355,3
4098,3764,4.0,3
4098,3773,3.0,2
4099,1078,4.044596617608783,4
4099,2001,3.855636186535165,4
4100,3806,3.0,4
4101,1266,3.6903221467031426,2
4101,1327,3.0559373316444187,5
4101,2784,3.0,5
4102,332,3.0,1
4102,2148,2.6308112704435698,3
4102,2167,3.646496400995013,4
4102,2279,2.288854977938541,1
4102,3785,5.0,5
4103,337,3.580248096316189,2
4103,346,3.0,1
4103,1961,3.5151695469525115,3
4103,3730,4.1525386197558305,5
4104,592,3.658803734530636,3
4104,1222,3.61969907737734,3
4104,1258,3.7368538875158164,4
4104,3740,3.6615554477743153,4
4105,471,2.610963300983374,3
4105,3450,2.7218943918070475,3
4107,1213,4.4264028407071,4
4107,1682,4.212259002220738,5
4107,2367,3.4447961756021703,5
4107,2540,4.0,4
4107,2598,4.498741310698902,4
4107,3495,3.0,5
4109,1240,4.0291331879947485,5
4109,3082,3.9266911442472923,2
4110,969,4.625001871265608,5
4111,1210,4.056812997628859,5
4112,919,4.435651369964821,5
4112,1276,4.6638073372652755,5
4112,2054,4.080735006836621,4
4112,2094,3.866373112058255,4
4114,1084,3.8050005038359593,3
4114,1183,4.062536033568596,2
4114,1201,4.120283955199111,2
4114,1350,4.108238873011581,5
4114,1997,4.268961890211469,5
4115,62,3.9758677836353677,3
4115,351,4.515491831519557,4
4115,541,4.002689673517362,4
4115,904,3.740115846916802,4
4115,1198,4.098459057444197,5
4115,1457,4.206633842076453,4
4115,2567,4.215871335951876,4
4115,2763,4.206512533318315,4
4115,2944,4.013491824983106,4
4115,3035,4.108456008358015,5
4115,3699,3.99419310207732,4
4116,47,3.7651211033665968,4
4116,300,4.1047544663763595,4
4116,805,4.063901116045381,4
4116,1214,3.839342543113713,4
4116,1586,3.7431980203185327,4
4116,2064,4.256626778510404,3
4116,3298,4.1740095557677686,3
4116,3529,3.0,4
4117,110,4.182378919391741,5
4117,480,4.136399037372392,4
4117,1617,4.308273061799323,4
4117,1732,4.2878734988176745,5
4117,1921,4.77437367807684,5
4117,2005,4.117557965875148,5
4117,2106,3.0,4
4117,2707,4.499084228836297,3
4117,2916,4.138388463879963,4
4117,3535,4.774230890638128,4
4117,3896,3.0,4
4118,318,4.303235187129308,5
4118,551,4.193727394176675,5
4118,1333,4.530049903243097,5
4118,1956,4.4972994876014445,4
4118,2243,4.302381562978191,4
4118,3159,3.0,3
4118,3418,4.295457100409089,4
4118,3671,4.338524278226655,4
4119,2181,3.0,4
4119,3145,3.0,2
4120,1285,3.8062947598156898,2
4121,2550,3.7402894749453703,3
4121,2642,3.897877539315835,2
4121,2654,3.3856750089951113,3
4122,574,3.0,4
4122,1288,3.9884197290926706,4
4122,1405,3.659611563561681,4
4122,1449,4.231037980048465,4
4122,3062,4.503030416980711,2
4123,1219,3.4450047618480553,3
4123,1333,3.3506269181454855,3
4123,2160,3.3195847840068975,3
4123,2455,3.7439556495959545,4
4124,144,3.0,3
4124,1113,3.0,4
4124,3354,4.3837570975371145,2
4124,3578,3.8643998108213564,5
4125,1007,1.0,1
4126,252,3.5688665586626573,4
4126,1023,3.740588894696611,5
4126,1243,3.0,3
4126,2011,3.6157674544042413,5
4126,2107,3.4398272274701993,3
4126,2396,3.6340675073852102,4
4126,2804,3.621671094245852,4
4126,3107,3.659449177650137,3
4126,3481,3.610077885781198,4
4126,3717,4.219787055178787,4
4127,126,2.0,2
4130,380,3.7327042321836013,4
4130,733,3.7337253482748833,4
4130,2115,3.774414128796912,4
4131,750,4.415481210197302,5
4131,2867,4.678449889024902,5
4131,3113,5.0,5
4132,2571,4.417743408230797,5
4132,2702,4.018111909711229,1
4132,3408,4.352274008720003,4
4133,366,1.672996823322292,1
4133,1258,3.3628566473555965,5
4133,1353,2.0,3
4133,1580,3.535509458123127,5
4133,1644,2.757684158926663,1
4133,1783,3.0,4
4133,2113,1.2370723383175262,1
4133,3180,3.0,1
4133,3255,3.4862971806542036,4
4134,318,3.7846657149397123,5
4135,2000,4.486131320843181,4
4135,2722,3.873949038817703,4
4135,2723,4.490792712216325,3
4135,3081,4.513693081652628,4
4138,1748,4.135589750354183,3
4139,253,3.92944084384782,3
4139,536,3.0,4
4139,1000,3.0,4
4139,1885,4.2809348721635265,5
4139,2094,3.5957531630640376,3
4139,2692,4.365096607022259,5
4139,3060,4.28814550883045,3
4140,87,3.0,2
4140,337,3.978479411841559,3
4140,440,3.2749027276643186,3
4140,507,2.9747353439547246,3
4140,1028,3.8694007501769763,3
4140,1227,4.488667251992054,3
4140,1268,3.765057061640024,2
4140,1371,3.533734984926838,3
4140,1376,3.1871820948106113,3
4140,1587,3.5198694940616497,2
4140,1784,3.8302283462160016,4
4140,1909,3.1537453386844647,4
4140,2095,3.0,3
4140,2100,3.6711666624265695,3
4140,2145,3.582951696437747,3
4140,2297,3.797062281233288,4
4140,3210,3.391880065259207,5
4140,3248,2.814766894720761,3
4140,3253,3.681008842560191,3
4140,3370,3.0,4
4141,16,4.05546694398699,4
4141,1754,3.544557151313765,4
4143,2353,4.748442431575077,5
4144,1196,3.420896013190616,4
4144,3697,3.058325544748018,1
4145,2826,4.0,4
4147,1831,4.418185889613421,3
4148,969,4.441881063384513,5
4148,1210,4.023241124442629,4
4149,2396,3.863140075763273,5
4150,415,2.507404122194389,2
4150,1077,3.7825420998521633,3
4150,1276,3.9404725368635827,5
4150,1405,3.1943698307199693,3
4150,2772,3.0,3
4150,2990,3.8615433913820953,2
4150,2991,3.7525800582430193,4
4150,3105,3.527056241884936,3
4150,3208,2.0,3
4150,3363,3.7405655413355685,3
4150,3441,3.6265263417835043,4
4150,3494,4.2100309227108,4
4152,1945,4.401662507492603,5
4152,3365,3.8489429979679533,5
4153,486,3.0,4
4153,1485,3.155250221974283,5
4153,1580,3.981481261084206,5
4153,1713,4.6320749890610875,4
4153,2045,3.0,4
4153,2321,2.927562518706175,4
4153,2724,3.9055756511176574,3
4153,3082,3.584177222440824,4
4153,3248,5.0,4
4154,1207,3.717878689559568,4
4155,1371,3.7667637078852247,4
4156,457,4.022032788949657,4
4156,611,3.0,3
4156,736,3.9157484552520656,3
4156,1275,3.983037018115456,4
4156,1544,3.912028981403204,3
4156,1917,3.893161966408351,3
4156,2549,3.0040311982988057,2
4156,2672,3.8709552870859745,5
4156,3366,3.8907992993049727,4
4157,3802,3.0,2
4158,1848,3.0,3
4159,589,4.33634268209133,4
4160,379,2.8149532435526154,5
4160,442,3.144678979357343,3
4160,1584,3.1380529285287184,4
4161,349,2.2422816185444043,2
4161,474,2.4105435726803557,3
4161,1215,2.603009954389436,3
4161,1801,1.7684710273578677,2
4161,2413,2.2995510550833105,1
4161,3163,3.0,4
4161,3555,2.349728942560843,3
4161,3566,4.0,2
4161,3643,3.0,3
4161,3644,3.0,3
4162,110,4.215096656402819,5
4162,300,4.187578963459521,4
4162,780,4.162322996620045,4
4162,1597,4.126735871872242,4
4162,2001,4.120375567587246,4
4162,2542,4.316107187865719,5
4162,3186,3.0,4
4165,125,4.393011363357901,4
4166,593,3.779782899076934,5
4166,2799,3.0,1
4166,3604,3.526668204608722,4
4167,293,3.9573249013498693,4
4167,296,3.919677556715239,5
4167,750,4.093800251145534,5
4167,1073,3.8381460324541052,5
4167,1464,3.0,4
4167,1597,3.457650722566258,2
4167,1653,3.679431212697128,5
4167,1704,3.8519437197752673,3
4167,1729,3.970520651782695,3
4167,1954,3.633852301765761,4
4167,2150,3.6770701406294077,4
4167,2746,3.8127178030978466,3
4167,2918,3.800839045744833,4
4167,3208,2.6663873601102552,1
4167,3481,4.067259376455555,4
4167,3552,3.7069343455471127,5
4167,3671,3.9730488975023706,4
4167,3685,4.123538512047132,4
4168,537,3.0,4
4168,2333,4.7041319367929555,4
4169,124,3.0,3
4169,159,3.0,3
4169,170,3.288108093292865,4
4169,175,4.331628419073055,4
4169,186,2.9267706070706296,2
4169,273,3.1989561568279075,3
4169,360,3.0,3
4169,361,3.40300989130795,3
4169,373,4.695881732897756,4
4169,456,3.0,4
4169,490,3.4421441887047894,4
4169,491,3.451950580322366,3
4169,586,3.578254392833775,3
4169,707,4.040788296348669,3
4169,785,3.4615490786272294,3
4169,1038,3.0,5
4169,1054,3.0,4
4169,1097,4.057265945282836,5
4169,1103,4.721292802732816,5
4169,1232,4.0,4
4169,1358,4.325582438334864,5
4169,1415,3.0,3
4169,1441,3.8506701328440314,4
4169,1523,3.0,2
4169,1569,3.73054760858578,4
4169,1617,4.267579562988568,5
4169,1682,3.8415520744315947,5
4169,1820,3.0,2
4169,1913,3.0,5
4169,2010,4.354193457166038,4
4169,2013,3.263314665864374,3
4169,2029,3.357353435939282,4
4169,2070,4.208657403062857,4
4169,2093,3.476018185336323,3
4169,2148,2.7260729493837137,3
4169,2295,3.0,4
4169,2297,3.6294261667226864,2
4169,2302,3.942898894241908,4
4169,2335,3.1090831854394394,2
4169,2350,3.0,3
4169,2369,4.160969966224112,3
4169,2441,3.0,3
4169,2477,3.0,2
4169,2715,3.3159515619682485,2
4169,2786,3.0,2
4169,2827,3.0,2
4169,2866,3.3693704645238602,4
4169,2915,4.062190656782139,4
4169,2970,3.0,5
4169,3028,4.0,5
4169,3052,3.8440997940455257,4
4169,3210,3.566119527388047,3
4169,3252,4.1720917336775845,3
4169,3320,3.0,4
4169,3326,3.0,3
4169,3467,4.601271128474182,5
4169,3478,3.5795127818321104,4
4169,3492,3.0,4
4169,3497,3.0,3
4169,3508,3.7102995418155613,3
4169,3576,3.4299446911794225,4
4169,3577,3.0,2
4169,3580,3.0,3
4169,3735,4.680529804427482,5
4169,3736,3.0,5
4169,3792,3.0,4
4169,3818,3.0,3
4169,3819,3.0,4
4169,3867,3.0,2
4169,3930,4.066906528267998,2
4169,3947,3.0,4
4170,1233,4.026113917723929,5
4170,1263,3.9284697626078318,3
4172,708,4.537145503142278,3
4172,1482,3.0,4
4173,1291,4.045851927462505,4
4173,2628,3.9723395192867907,3
4173,2906,3.0,3
4174,3147,4.0,4
4174,3683,4.450106171479704,4
4175,2471,3.679110632944438,2
4175,3619,3.0,5
4177,1258,4.5991947196799146,4
4177,1350,4.251966313944927,4
4177,2289,4.559264004497672,4
4178,2390,3.0,4
4178,2424,4.138263393202216,3
4179,608,4.540904224703794,5
4179,708,4.168613238817116,4
4179,858,4.591760968839554,4
4179,1226,3.0,5
4179,1730,3.0,5
4179,2987,4.4674733084438785,5
4179,3061,5.0,4
4179,3471,4.549148077598363,5
4180,2153,2.0,2
4180,3793,3.503272166010664,2
4181,11,3.6710316381572374,4
4182,480,4.292458445495548,4
4183,260,3.3628302526176026,3
4183,471,3.0970426396673787,5
4183,736,3.103711201625125,1
4183,1027,2.788044456344206,1
4183,1089,3.1380024505568525,5
4183,1093,3.5272494723061523,3
4183,1291,3.3167043278471167,3
4183,1342,2.686291466161672,2
4183,1488,2.6377980269667027,3
4183,1873,3.0,5
4183,2406,3.2870457379910323,4
4183,2858,3.1047094216823483,5
4184,3615,3.0,4
4185,188,3.6157305042753487,3
4185,260,3.573702660942562,5
4185,2993,3.549831498177784,3
4186,329,2.77424609967501,1
4186,502,1.4090699834853966,2
4186,1136,3.2283023552660364,5
4186,1263,3.4911766157615336,3
4186,1372,2.4702099490654046,4
4186,1376,2.6316027608133687,5
4186,1380,2.986805674761271,3
4186,1425,3.0,3
4186,1663,3.0280108079311363,3
4186,2005,2.7575799111138686,2
4186,2064,3.487794075116048,3
4186,2124,2.7304413291816445,5
4186,2394,3.244495729088773,4
4186,2641,2.8799155842334927,4
4186,3145,3.0,4
4186,3453,3.0,1
4187,2919,5.0,5
4188,2311,3.0,4
4188,2628,3.743229097439353,4
4188,3753,4.107309304421397,5
4189,1945,4.823802145675714,5
4189,3728,3.0,4
4190,2716,2.6453771522034244,3
4190,3108,3.6309037616349062,4
4193,541,3.7683285772088397,5
4193,1250,3.9885150035007038,3
4193,1266,3.7808414492935785,4
4193,2406,3.7023292578493323,4
4193,2872,3.276328590595073,3
4193,3516,3.0,4
4194,1885,4.379346557322536,3
4196,2550,3.0,5
4197,590,4.567674134394277,5
4197,1704,4.508342930531076,4
4198,610,4.485713044505267,4
4200,1584,4.292969738086711,4
4200,1653,4.293170321260945,4
4200,2554,4.0,5
4200,3175,3.321309586819681,4
4201,1967,4.286081907019436,5
4201,2005,4.210376369390976,5
4202,592,3.769827889211057,3
4202,1073,4.010339265953218,2
4203,34,4.047312356479455,5
4203,1240,4.295365947869377,5
4203,1587,4.071043520966335,4
4204,1222,4.576582773462242,5
4204,1617,4.604485669527873,4
4204,2023,4.619469794674773,4
4204,2664,4.6364017385904175,4
4204,3421,4.472132108703146,4
4204,3499,4.510669599294966,4
4205,1911,2.317946648218448,3
4205,2369,3.6436500911536105,2
4206,2000,4.214781495983389,5
4207,329,4.43006465547827,4
4207,1917,4.307240685685153,5
4207,2067,4.8862446483156425,5
4207,2628,4.101335726048004,5
4207,2916,4.576824605291006,5
4207,3586,3.0,4
4209,2688,1.0,4
4210,1779,3.688498665896248,2
4210,2311,3.8545113153938533,5
4210,2643,3.286348775059544,1
4211,3768,3.0,3
4212,480,4.0510899104226645,3
4212,516,3.0,3
4212,3753,4.128721988758015,4
4213,1,4.201054886016694,4
4213,292,4.115759399635169,4
4213,479,3.9961010389271303,4
4213,543,4.195637627273941,4
4213,858,4.3063106035951275,5
4213,1266,4.289361823414353,4
4213,1288,4.312310305850042,5
4213,1343,4.08692331460965,4
4213,1372,4.151484526633218,5
4213,1391,4.084553613914017,3
4213,1687,3.996435933229826,4
4213,2028,4.25150678919223,5
4213,3623,4.29932296537411,4
4213,3654,4.440898404006619,5
4214,2262,3.0,4
4214,3081,3.25403586705441,4
4215,6,4.094359153301021,4
4215,47,3.9518251990664224,3
4215,63,3.0,3
4215,1288,4.183025446566677,5
4215,1663,4.181927948538055,4
4215,1960,4.199868912475923,4
4215,2020,4.19729908600587,3
4215,2159,4.0,4
4215,2248,4.187447543691768,4
4215,2321,4.125713812160806,4
4215,2852,3.868731765849608,4
4215,3361,4.092786756203551,5
4215,3421,4.177898633843424,5
4215,3451,4.018040816527448,5
4215,3471,4.135441580650006,4
4215,3654,4.232137777394037,4
4216,1028,4.54242018908947,4
4216,3604,3.0,4
4217,590,4.118753089453738,5
4217,1370,4.183598966203179,4
4217,2001,4.151647929250069,4
4217,3703,4.171458677522777,4
4218,426,3.0,1
4218,1135,3.9635146823702114,4
4218,2028,3.6877950085605073,5
4218,2478,3.5962631906778038,2
4219,260,4.027173069286526,5
4220,597,3.740761028050973,3
4220,1500,3.7788389007591108,4
4220,1732,3.816337728869589,4
4220,2395,3.841640548001838,2
4220,3501,3.0125789109262806,3
4221,1179,4.258655046380222,3
4221,1217,5.0,5
4222,230,4.6646960282173815,3
4222,1097,4.062823170833434,5
4222,1293,4.075827081052618,5
4222,2021,4.015760302235832,5
4222,2023,4.327022310894608,3
4223,318,3.620848662463395,4
4223,2474,3.724286054645783,3
4224,17,4.289762153614852,5
4224,258,3.0,3
4224,289,3.1512684940306106,2
4224,588,4.312364744344083,5
4224,1416,3.0,2
4224,1721,4.235218110541242,5
4224,2657,4.231335484130531,3
4225,318,3.7325534809293606,4
4225,3424,3.863385996087508,5
4227,148,1.0,2
4227,333,2.775588215742047,1
4227,362,1.0,1
4227,380,3.6035674669896816,5
4227,508,3.768516721738477,4
4227,523,3.0,3
4227,532,2.338584082379317,1
4227,585,2.648971286811278,3
4227,606,1.0,1
4227,953,4.09520587512707,5
4227,1256,4.3525624604682935,2
4227,1380,3.5169832143235635,4
4227,1396,3.7252851094135346,2
4227,1702,1.334944680154577,1
4227,1936,3.0,4
4227,1975,1.8152723276276654,1
4227,1992,1.4033433106959652,1
4227,1996,1.509799601704337,1
4227,2300,4.1543607190216605,4
4227,2368,1.0,1
4227,2505,3.281943136913529,1
4227,2517,2.399243095938284,2
4227,2526,3.0,1
4227,2571,3.750647405413991,5
4227,2622,3.0,3
4227,2656,3.0,1
4227,2683,3.4677350731092518,1
4227,2701,3.3871002446904965,1
4227,2868,1.8122094511890496,1
4227,2903,1.5766827467485223,1
4227,2916,3.739755598412895,4
4227,3169,3.9969608907992504,4
4227,3269,3.0623465244005965,4
4227,3661,1.0,1
4227,3682,4.52635959954486,4
4227,3688,3.360308973082139,5
4227,3871,3.9785698005120858,4
4228,223,3.140107290310573,1
4228,2706,3.135831672160957,3
4229,2359,4.2338620297379155,2
4230,1196,3.9797868223240993,3
4231,3421,3.4687923395264324,3
4232,223,4.045519599529482,3
4232,1059,2.0,3
4232,2763,3.99667358096295,4
4233,1234,3.8356440058293404,4
4233,1885,3.9347652592472073,4
4233,2926,3.53054184742653,4
4234,916,4.269944154991839,4
4234,1081,4.335824436598441,5
4234,1256,4.205476183469155,4
4234,1267,4.126062795333921,4
4234,1292,3.9836191998375927,3
4234,3471,4.000165134998376,5
4235,3513,3.9934153288666554,4
4235,3618,3.0,3
4236,2355,4.421905270776304,5
4237,1,4.029476584107691,4
4237,383,4.0,3
4237,733,4.1401009497167545,3
4237,1617,4.083935936547819,4
4238,61,3.50426494687797,3
4238,410,2.753244359499007,3
4238,662,3.0,3
4238,748,3.651918499322467,3
4238,782,3.2927967855591977,3
4238,1019,3.9587416587161273,4
4238,1199,4.272266628040503,4
4238,1321,3.912273393524929,5
4238,1327,3.265720294619714,4
4238,1982,3.364287673911317,4
4238,2001,3.682777143896977,4
4238,2273,3.7035900917663374,4
4238,2404,2.7060213127824055,2
4238,2665,3.23401841199318,3
4238,2808,3.3196261963073845,2
4238,3175,4.000928723580104,4
4238,3421,4.006792138760687,5
4238,3430,3.3139296079439875,3
4239,2010,4.573158048797189,4
4239,3032,4.380682883628727,3
4240,2081,4.140793817566009,5
4241,541,4.3825045339138216,3
4241,922,4.6591314690235315,5
4242,474,4.07163649603958,5
4242,587,3.8483800572877835,5
4242,1917,4.085812545170098,4
4242,2763,4.145287336428646,4
4242,3624,4.353518255908458,4
4242,3697,4.129336105607454,3
4243,1320,3.989389078365513,4
4243,1876,4.1204688993635274,4
4243,2058,4.128821883903321,3
4243,3107,4.137759000301128,4
4245,750,4.088228149185213,5
4245,1129,3.8074264817850088,3
4245,2667,5.0,5
4247,2091,3.0,1
4247,3051,3.0,4
4248,1225,3.5996879066239407,3
4248,2145,4.033511903703765,3
4249,10,3.4404439738243253,3
4249,2320,3.328064611066856,3
4250,517,4.108707717366243,4
4250,524,4.408534733060067,4
4250,802,4.2115801655734675,5
4250,1438,4.230574215930284,5
4250,1465,3.0,4
4250,1515,4.145122078113198,5
4250,2991,4.397048097961472,5
4250,3197,4.516604822951865,5
4250,3836,3.881141626635208,3
4252,47,3.652924204945529,3
4252,2858,4.049534945188419,5
4252,3810,3.0,3
4253,235,3.4489857120505927,2
4253,904,3.7032381330059394,5
4253,1200,3.9623262921947355,5
4253,1927,4.286663429638195,3
4253,2000,3.9413289118555728,3
4254,3521,3.0,3
4255,912,5.0,5
4255,2430,3.0,4
4257,912,3.7622724132049896,4
4258,3,3.850161943063719,3
4258,858,4.005078565298836,5
4258,912,4.159234208922008,5
4258,1029,3.8301749925939927,4
4258,1125,3.8725213234194933,4
4258,1196,3.8390832289082364,4
4258,1293,4.420747698115658,5
4258,1663,3.9375138919561636,5
4258,1923,3.7775336886228597,5
4258,2116,3.6124301269944157,4
4258,2628,3.872054889431812,3
4258,3072,4.003448691438663,5
4258,3196,4.355684870387452,5
4258,3408,3.901583169199003,4
4258,3639,3.7442638239164032,5
4258,3685,4.019325053182579,4
4258,3861,5.0,4
4259,3785,3.0000000000000004,3
4260,12,3.0,1
4260,110,3.414214443831476,5
4260,196,3.0034015432031262,2
4260,440,3.538804852125826,3
4260,593,3.4251928151537077,4
4260,1204,3.6539340225731842,4
4260,3361,3.428722322293832,3
4260,3908,3.0,2
4261,1101,3.4451460589580734,3
4261,1201,3.408090602888005,2
4261,1370,3.3164228765806114,3
4261,1429,3.489032000940941,3
4261,2253,2.8677322205575826,4
4263,1230,4.44220852989416,5
4263,1393,4.286823231280449,2
4263,2369,4.322133490776075,3
4265,1011,5.0,5
4265,1371,4.030975934419926,4
4265,1375,3.9794602890805653,4
4265,1587,3.9149078132962707,4
4265,1663,3.463152321354298,3
4265,2617,3.9389713498990875,5
4265,2657,4.020730704963095,3
4266,1127,3.3896226828947094,5
4266,2598,3.1373725570474447,4
4267,2490,2.7101749578088756,3
4267,2700,4.265102455740582,5
4267,3219,4.4499913492233105,1
4267,3543,4.505697435887215,4
4268,344,2.5485128485112076,1
4268,480,3.408386236020218,4
4268,1031,3.350098569783863,3
4268,1099,5.0,5
4268,1964,3.0638385596712396,4
4268,2037,3.0,3
4268,2160,3.463963799043006,3
4268,3398,3.116475300639376,3
4268,3549,4.288911278728004,5
4268,3668,5.0,4
4269,1016,3.1303914378870017,3
4269,1028,3.7585435657243376,4
4269,1136,3.9640079980830483,5
4269,1240,3.7767270495517105,3
4269,2243,3.989306373962617,3
4269,2365,2.940501605167497,5
4269,2470,3.5100250337635353,3
4269,2915,3.796758604758482,3
4269,3341,4.6604052051382885,5
4270,802,3.0,3
4271,934,3.0,4
4271,1027,2.5462916496236314,2
4271,1231,3.732258425724905,3
4271,1293,3.258163237696956,3
4271,1693,3.0,2
4271,1968,2.8418774900968518,1
4271,2134,3.0233812560770654,2
4271,2352,3.0086546738019333,3
4271,2470,3.2719500944337025,3
4271,2863,4.150982983537538,4
4271,2866,4.0,2
4271,3256,2.7596836324238287,4
4271,3360,3.4888609619004134,2
4271,3440,1.0,1
4271,3646,1.0,1
4271,3686,2.7182546744814404,2
4271,3717,2.0,1
4272,1270,3.8372314916618047,4
4272,1375,3.680080677031896,4
4272,2533,3.7391672502297597,2
4273,1125,4.661066711014081,5
4273,1963,3.6587598144701747,5
4274,1619,3.0,3
4276,588,3.8825697384392734,4
4276,1246,3.8052522304811376,4
4277,111,4.715831709636333,5
4277,269,3.0,4
4277,320,3.0,3
4277,322,4.3187035926001425,5
4277,356,4.488619601511805,5
4277,431,4.673950456261553,5
4277,504,3.749253877102721,4
4277,519,3.621086243002017,3
4277,522,3.0,4
4277,529,4.726856030618244,5
4277,551,4.469708666008784,4
4277,590,4.544628668407198,4
4277,600,2.0,4
4277,678,5.0,4
4277,714,3.0,4
4277,722,3.0,3
4277,928,4.601887525632978,5
4277,938,4.285470793798986,3
4277,1019,4.411243918526762,4
4277,1198,4.395828666710574,5
4277,1256,4.742321062744351,4
4277,1375,4.28557644417086,4
4277,1385,3.9120986291190114,5
4277,1397,3.0,4
4277,1591,4.103340886005885,4
4277,1673,4.676586562352024,5
4277,1748,4.313858692063767,5
4277,1779,4.203579826839641,3
4277,1873,3.0,4
4277,1875,4.0,4
4277,1918,3.9565633159590505,4
4277,2114,4.19783657231741,4
4277,2232,3.674763855212988,4
4277,2315,4.0,4
4277,2361,3.0,5
4277,2433,4.314342389956778,4
4277,2518,4.363056800704979,4
4277,2544,3.0,3
4277,2713,3.980315268810579,3
4277,2737,3.0,3
4277,2802,3.945866322849344,4
4277,2922,4.900718425294252,4
4277,2956,3.0,4
4277,3015,4.397474177736185,4
4277,3038,3.0,5
4277,3071,4.599439976731133,5
4277,3100,4.597117238742242,4
4277,3201,4.700284220305762,5
4277,3257,4.269806771141015,3
4277,3350,3.0,4
4277,3403,3.0,3
4277,3861,4.0,4
4279,223,3.8393806148462137,4
4279,1215,3.640422433296657,3
4279,2000,3.671478402236619,4
4279,2404,3.074147677358153,2
4279,2409,3.5000649796885246,4
4279,2428,3.239278592554802,3
4279,2571,3.6357997553409285,2
4279,2944,3.8491844438643135,5
4279,2990,3.440643806702429,2
4279,3430,3.466262312962832,4
4279,3552,3.899139373930275,5
4280,1089,3.835020172345134,4
4281,222,3.3942201516686645,3
4281,351,3.5892358405125173,3
4281,1242,3.868435997147465,3
4281,1968,3.8245314466437375,3
4281,3448,3.730826371628337,4
4281,3814,5.0,4
4284,9,1.9483430638754102,2
4284,315,2.690872370773757,2
4284,653,3.1050332412517725,3
4284,3440,1.9873721816252663,2
4284,3793,2.844683691392388,3
4285,44,3.903419772081209,3
4285,135,4.301523709277372,5
4285,1010,3.538602593183762,4
4285,1036,3.926342247900768,4
4285,1265,3.9386722993097076,5
4285,1356,4.066764657980771,5
4285,1747,4.061916226416081,3
4285,2078,3.6960914807872594,3
4285,2294,3.891856511427741,3
4285,2450,3.876052103123482,3
4285,3035,3.6899519515465125,4
4285,3501,4.23552080575334,5
4285,3508,3.75732474302219,3
4285,3715,4.0,3
4286,293,4.337649954016912,4
4286,1694,3.6950168932465486,4
4286,3435,4.37794599326057,3
4286,3749,3.0,1
4286,3800,1.0,1
4287,1214,3.8446870163345004,5
4287,1372,3.7254169515352613,4
4287,1379,3.650606303682023,5
4287,1479,3.668769324971951,5
4287,2053,2.3006379740258716,1
4287,2376,4.068421321744898,3
4287,2944,4.235430358611801,4
4289,1291,4.199386212891295,5
4289,2301,4.047966910447612,3
4289,2404,3.4648688586288787,4
4290,180,4.458819200264141,4
4290,1358,4.410535841387867,4
4291,172,3.4247851258308915,2
4291,1779,3.63901319494306,3
4291,3430,3.9818249071015885,3
4291,3745,5.0,3
4292,329,3.7399545877763813,5
4293,1197,4.4079136648384285,5
4294,107,3.0,3
4294,1438,2.6955582060273313,4
4294,1474,2.87941778527541,2
4294,1702,4.474895773033652,3
4295,2188,3.0,2
4297,1288,4.3669984415652525,5
4298,58,4.293656412227914,5
4298,101,5.0,5
4298,322,3.0,5
4298,1176,3.0,2
4298,1260,4.8411411588081,5
4298,1270,4.277759176268091,5
4298,2139,4.494772215881023,4
4298,2313,4.436501564152097,5
4298,2865,3.0,3
4298,3623,4.377569612918629,3
4299,353,4.012238847155048,5
4299,648,4.038955214917688,5
4299,1517,3.896346805893813,4
4302,432,3.7360958532879076,3
4302,991,3.0,4
4302,2408,3.801398360155621,4
4302,3260,4.061330020346668,3
4303,475,3.9939406840872174,4
4303,534,4.0,4
4303,969,4.320916247732559,3
4303,1187,4.0,3
4303,1250,4.284783092356885,5
4303,1256,4.487062672312156,4
4303,1291,3.963998722994573,4
4303,2366,4.003058313805827,3
4303,2406,3.90905856037451,4
4303,2929,4.016451731162408,4
4303,3020,3.826802653778611,1
4303,3724,4.009286093354555,4
4304,296,4.756555098028378,5
4305,36,4.319475421807432,4
4305,432,3.465921329204235,2
4305,531,3.0,4
4305,968,3.9236380493058216,4
4305,2346,4.187289686050807,5
4305,2369,3.761528737441132,3
4305,2485,3.977364031868949,4
4305,2531,3.4191417636214663,3
4305,2532,3.484600337402863,3
4305,2548,3.5967553663265934,2
4305,2555,3.0,1
4305,2735,3.684228099572127,2
4305,2803,4.255978677729816,5
4305,3683,4.383062741734043,4
4306,1407,4.0336890925572115,4
4307,1060,4.3284241578666816,4
4308,2605,2.7368926912930296,2
4308,2724,2.682424279132775,2
4308,2918,3.7108940151033636,4
4309,235,3.9584587121579804,1
4309,3753,4.607108184667082,4
4310,273,3.6858176773323117,4
4310,524,4.663352305069269,5
4310,587,3.881736157837159,5
4310,608,4.0671621727124565,4
4310,1250,4.089502207777938,5
4310,1343,4.0282717623608475,5
4310,1408,4.076434326671191,5
4310,1476,4.121420081853082,2
4310,1620,4.032367241827591,4
4310,1690,3.6040851646919974,2
4310,1876,3.966062302893805,2
4310,2965,3.0,2
4311,1270,2.9359513914921975,3
4311,3070,2.9014779150994516,1
4311,3168,2.7412226735390957,3
4312,253,3.6778353930517653,4
4312,288,3.6723473348283298,5
4312,290,3.0,3
4312,555,3.992596252446682,5
4312,858,3.9562066154208897,5
4312,1004,2.1846695289078966,2
4312,1047,3.452107278822356,3
4312,1129,3.645467306692133,2
4312,1167,3.0,3
4312,1198,3.656654629511183,5
4312,1207,4.134857240110041,4
4312,1479,3.0324453097012736,4
4312,1580,3.6602636239712796,4
4312,1833,3.132223357169403,2
4312,2034,3.4424473557422104,4
4312,2338,2.8516983986086832,3
4312,2457,3.1938502134325413,3
4312,2458,2.495229841891686,2
4312,2459,3.6513166325394253,4
4312,2476,3.1629843979467944,3
4312,2560,3.0,3
4312,2642,3.1541297049549444,2
4312,2706,3.5396813732662977,4
4312,2827,2.50232622595056,3
4312,2976,3.6557213700545197,3
4312,3160,3.8613985329543103,5
4312,3175,3.5737806261621676,1
4312,3477,3.806440342660176,3
4312,3616,3.0,2
4312,3768,2.502997817714768,2
4313,1097,4.227231120585678,3
4313,1215,4.001229786843217,2
4313,1247,4.457343167736389,4
4313,1265,4.207944265102288,4
4315,377,3.751009458373819,5
4315,435,3.6711858326299343,4
4317,3479,3.5464989243972886,4
4317,3576,5.0,2
4318,6,4.188737076885383,4
4318,191,5.0,4
4318,329,3.901471433278956,1
4318,587,3.8868337936912583,4
4318,648,4.002706456420525,4
4318,1262,4.4749370018025205,4
4318,1363,3.0,4
4318,1732,4.157826000965428,4
4318,1806,3.0,4
4318,1997,4.070589772597986,4
4318,2366,4.323755223938862,3
4318,2664,4.202918549153841,3
4318,2968,3.5177345202383266,2
4318,3704,4.022600283766905,4
4319,3107,4.374493132324602,5
4320,3275,3.0,3
4321,1276,4.579939790056336,4
4321,2396,4.403409191208577,5
4321,3752,3.0,4
4322,351,3.2313702203131194,4
4322,457,3.721951799646355,4
4322,1028,3.7608409139621717,3
4322,1343,3.55917545433008,4
4322,1428,3.0,3
4322,1517,3.2417059454771966,1
4322,1732,3.630786470066243,3
4322,1958,3.617351203470712,5
4322,3101,4.033803789488826,5
4323,2427,4.025001127249068,1
4323,2599,4.083301720838198,2
4326,34,4.224134067586734,5
4326,2858,4.207748004030431,3
4327,3700,4.0,3
4327,3770,4.060287092228937,4
4328,653,2.832538169758091,1
4328,2951,4.082963808796707,4
4329,10,3.653751470016608,5
4329,21,3.5859096850457424,4
4329,296,3.627636948764108,4
4329,733,3.6545343197916105,4
4329,1321,3.9524576255251893,1
4329,2676,3.0,2
4330,2966,3.0,3
4331,3614,3.0,4
4333,1129,4.199430013657457,3
4333,1374,4.216453507611833,3
4333,1779,4.0749216042084395,5
4333,3034,3.9063275839005116,4
4333,3438,4.089650136166414,5
4333,3638,4.163655140058268,3
4334,1278,3.7529184030605087,4
4334,1371,3.566114784714001,4
4334,2513,3.9359839402512318,4
4334,2571,3.746362716356728,4
4334,2901,4.0485354825924755,5
4334,3576,3.6530788699036365,3
4335,203,3.671107980259137,3
4335,339,3.6058495484605717,3
4335,356,3.7069950065485617,5
4335,423,3.602155151110968,3
4335,711,3.0,3
4335,1135,3.233908584318001,3
4335,2917,3.5290339836154114,3
4336,673,3.581287575758368,5
4336,2953,4.04725547103011,2
4337,891,3.186700298877306,4
4337,1210,4.477027836661745,5
4337,2163,3.716192052795053,2
4337,2328,3.5235657597582812,5
4337,2617,4.41656199674947,4
4337,2787,3.853053245237007,3
4338,2355,3.1770360965507844,5
4339,292,3.812007754171065,3
4339,1833,4.492004623690405,3
4339,1918,3.8645491274402763,5
4340,356,4.104066693915935,4
4342,648,4.355448362922637,5
4342,2116,4.500922670294245,5
4342,2119,4.520328476392264,5
4342,3524,4.373195487730119,5
4343,852,3.537641957142776,3
4343,1342,1.9413795731490466,2
4343,1459,3.1717451044660456,3
4343,1909,3.592366115795434,3
4343,3043,3.0,2
4344,152,3.0,3
4344,196,2.877176284155273,1
4344,203,2.709190618019571,2
4344,296,3.8308872059313073,5
4344,330,2.7197432784647013,3
4344,353,3.3531265893126334,4
4344,371,3.0,4
4344,671,3.0,3
4344,784,3.321449230596059,3
4344,912,4.237170712471044,5
4344,1012,3.4054654637354185,4
4344,1036,3.5430002348605107,5
4344,1190,3.0,4
4344,1305,3.0,4
4344,1336,1.0,4
4344,1379,2.9335127293185996,3
4344,1587,3.1500356584431066,3
4344,1747,3.7403473142038273,4
4344,1956,3.884061345261017,5
4344,2009,3.5775475835872403,2
4344,2012,3.1755899605822786,4
4344,2080,3.6300264189817897,3
4344,2081,3.4279030333362877,3
4344,2138,3.6544676793186763,5
4344,2203,4.65120545925555,5
4344,2528,3.4650538029267306,4
4344,2755,3.0,1
4344,2950,2.522267229574525,1
4344,2985,3.474977445818391,4
4344,3067,4.333556781501477,3
4344,3254,2.9047474068245016,2
4344,3435,4.615242761544588,5
4344,3462,5.0,5
4344,3494,4.437765896929073,3
4344,3528,4.0,1
4344,3618,3.0,3
4344,3635,3.5433917585023824,4
4344,3688,3.064106016362755,2
4344,3837,2.2668978898439125,3
4345,277,3.0,2
4345,539,3.5389826093208283,3
4345,562,4.061240324211434,3
4345,594,3.8386099771538627,4
4345,1023,3.7189865526982993,4
4345,1028,3.821832313423486,4
4345,1340,3.0,4
4345,1569,3.411209525523892,3
4345,1947,3.9888831564746265,5
4345,2302,3.6867674697933035,4
4345,2716,3.6554989015711454,4
4345,2804,3.910121493048754,4
4345,3060,4.059054387101233,3
4345,3556,3.0,4
4345,3712,3.4660619518734723,3
4346,1265,3.7732856685496277,3
4346,1342,4.0,3
4346,2959,4.021940700959413,5
4346,3782,3.0,4
4347,407,3.0,3
4347,1678,5.0,3
4347,1783,3.0,4
4347,2890,3.6774034922321075,4
4348,3091,3.0,5
4348,3147,4.311002450391274,4
4351,420,3.7332586381629502,3
4351,1527,4.097412707514334,5
4352,355,3.0773925468555237,1
4352,562,4.335463817853845,4
4352,1359,2.997942339182313,1
4352,1541,2.7699229125141582,2
4352,2558,2.8681699889943286,3
4352,3105,4.040252324626617,4
4352,3250,5.0,3
4352,3269,3.4219732318208465,3
4353,1129,3.9352975794364555,4
4353,1275,3.8488688345198048,4
4353,3527,3.9051630817011165,5
4353,3751,4.115706748562158,5
4354,356,3.7283998610468196,5
4354,849,3.4275388822300217,1
4354,921,3.9794210458399637,5
4354,1262,4.459064017696846,5
4354,1278,4.016906482800425,5
4354,1378,3.415446055288791,5
4354,1449,3.9056176577341133,5
4354,1960,4.1760141931839065,5
4354,2034,3.5030139113307226,2
4354,2140,3.5798629893646488,4
4354,2527,3.9916844995043106,5
4354,2639,2.020294286770043,4
4354,2716,3.7730634994358603,4
4354,3020,3.6770261704711986,5
4354,3072,3.7254423371377245,1
4354,3098,3.8193800761075245,5
4354,3104,3.999074533561285,5
4354,3256,3.6497169631263064,3
4354,3873,3.6918871493249332,5
4356,296,3.7891615298834096,5
4356,1208,3.8180575307233378,4
4356,1252,3.8831290273845473,3
4356,2745,4.682150831603495,2
4356,3070,3.814145174491626,4
4357,364,4.388560728563237,5
4357,648,4.15625517864187,3
4360,818,1.989925760035275,1
4360,1021,2.572267014760708,3
4360,1747,2.827495090284465,2
4360,1777,2.7498262027312,3
4360,2015,2.556088951578587,3
4360,2031,3.0,3
4360,2369,2.864987339307245,2
4360,2469,2.678919482149502,4
4360,3358,2.9081362852667842,3
4361,595,4.214088166235173,4
4361,2797,4.226713296619527,5
4362,858,3.1788375987638484,4
4362,1694,3.485620756971264,3
4362,2642,2.164720671652433,1
4362,2699,2.877857156853839,4
4362,2713,1.0,2
4362,3362,3.683216442112708,4
4362,3717,2.982454470418159,1
4363,1073,4.652018848264204,5
4363,3015,4.021433175647062,3
4363,3672,3.0,4
4364,1291,3.6633678103703455,4
4364,1376,3.764299104704883,4
4364,1967,3.7579939011205004,5
4364,2026,3.15682606933325,2
4364,2657,3.695153305716363,2
4364,3390,3.0,3
4364,3479,3.76831820507331,5
4367,344,3.3227127998212995,4
4367,2706,3.3161763345579702,3
4367,3070,3.8345291783694933,3
4367,3095,4.211735635113878,5
4367,3841,3.0,3
4368,259,3.0,4
4368,1097,3.881538848786895,4
4369,1280,3.0,3
4370,3179,3.0,2
4371,105,4.33867944772399,3
4371,2188,3.0,3
4371,2690,4.32374695931414,3
4373,950,4.530426931470222,5
4373,1199,4.242616069557902,5
4373,1203,4.3853661904213,3
4373,1272,4.288519770659215,5
4373,1380,4.0867744119361555,3
4373,1569,4.045541755444812,5
4373,2186,4.394875004703912,5
4373,2470,4.172313378662968,5
4373,3217,3.0,3
4373,3752,3.0,3
4374,47,4.779037793151213,5
4374,1623,5.0,3
4374,1982,4.772808206116048,5
4374,2107,4.030086388387917,5
4374,2355,4.481879916865893,4
4375,22,4.157955578739864,4
4375,1552,4.125878540798533,4
4375,1888,4.151931016586402,5
4375,2053,3.9718126261030786,3
4375,2355,4.16317905276638,4
4375,2533,3.9954252180830827,5
4375,2976,3.2697030264434126,1
4377,1869,3.0,3
4377,1917,4.1253543007195175,5
4377,2628,3.3629992609356085,4
4377,2916,4.102317539503827,5
4377,3052,3.141542903737231,3
4377,3301,5.0,5
4378,593,3.3632940693188704,5
4378,2385,3.0,1
4378,2762,3.276928775426898,5
4378,2890,3.3535885923468642,5
4379,553,3.658711917365363,4
4379,924,3.673822407614367,2
4379,1036,3.532901391037278,5
4379,1179,3.592307955754151,2
4379,1679,3.0,2
4379,2329,3.8085542801616024,5
4379,2385,3.0,2
4379,3361,3.6218757131217942,4
4379,3623,3.635988113468358,1
4379,3703,3.691170303248632,4
4380,527,3.949532665013485,3
4380,3159,3.0,3
4381,21,3.660049936442992,4
4381,180,3.4636741463911562,3
4381,222,4.0,5
4381,653,3.075132935779948,2
4381,1352,3.0,2
4381,2140,3.11584081828903,3
4381,2692,3.981152991263789,4
4382,288,3.3381813206480904,5
4382,1747,3.1078221952269938,3
4382,3108,3.3823271685296112,3
4383,3301,3.0,4
4384,23,3.0,4
4384,224,3.1927665454104064,4
4384,481,4.187247696307138,4
4384,1321,4.280974660459107,4
4384,1517,4.062601103040243,4
4386,276,2.732858487719811,1
4386,382,3.458431466902291,3
4386,457,4.0301311175238315,5
4386,1022,4.143713440557534,3
4386,1261,4.234703712839729,4
4386,1263,4.450006659254645,4
4386,1701,4.130530630689048,4
4386,2011,3.8997182102677916,4
4386,2100,3.916145067765137,5
4386,2105,4.087706625365291,4
4386,2109,4.120527610195669,5
4386,2117,4.654580792279924,2
4386,2297,3.046462716984157,4
4386,2375,3.3210816430300536,2
4386,2451,3.3525485570063416,2
4386,2734,3.5142367201328106,3
4386,2792,3.6409943619822793,4
4386,2793,2.9983252191650367,3
4386,2951,4.532317087892231,4
4386,2976,3.9819553418939218,3
4386,3198,4.0195700500556875,5
4386,3478,3.431336726849892,3
4386,3554,3.0,4
4386,3635,4.289408839658712,4
4387,36,3.5248765174349064,5
4387,65,2.5258934859400073,2
4387,113,3.0,3
4387,372,3.303215040429958,3
4387,899,3.6624729025377065,4
4387,1012,3.8584381959095824,5
4387,1013,4.035100328569373,3
4387,1366,3.0,2
4387,1441,3.56558626434717,4
4387,1920,2.960972709286029,2
4387,1941,3.0,3
4387,1962,3.4249877938103173,2
4387,2011,3.235907815249241,4
4387,2100,3.3107549335499216,2
4387,2720,3.0,1
4387,2996,3.0,1
4387,3044,3.863305321424589,3
4387,3072,3.3547901035877277,4
4387,3105,3.4767830506370716,4
4387,3213,3.0,3
4387,3526,3.355568817743467,1
4388,296,4.062297484525538,4
4388,780,4.006980796129034,4
4388,1382,4.046264518807622,3
4388,1391,3.5881539106751594,3
4388,1673,4.037043046024722,3
4388,1918,3.6658125445996554,5
4388,2003,4.002945232188089,3
4388,2312,3.9421236864657403,4
4388,2734,2.5178632600552606,4
4388,3578,4.103951945579974,4
4389,223,3.7956560426108545,4
4389,1228,3.947455577220671,5
4390,160,3.524800974158407,2
4390,235,3.00401193874353,3
4390,597,3.5941390926102033,4
4390,719,2.8091702466309996,3
4390,765,2.534048570706824,3
4390,2249,2.9309032697796256,4
4390,2700,3.841249166513754,3
4390,3114,3.272922500435095,5
4391,588,3.9231225735891826,3
4394,2710,4.169401577054783,1
4395,19,3.0,3
4395,2355,3.6725406230111273,2
4397,2598,3.3895552603512322,1
4397,2759,2.5911228926003558,2
4397,3578,3.839308864331958,5
4400,1408,4.226678773980524,5
4401,457,3.7686286505548647,4
4401,1198,4.064545539668793,5
4401,2160,4.5546613472088024,4
4401,2527,3.886522036004133,3
4401,2937,4.430334724077543,5
4401,3470,3.0,4
4402,1089,4.127567129163852,2
4403,608,4.051294084941682,4
4403,3101,4.069749603520916,3
4404,141,3.6228719487805985,3
4404,333,2.9571757225286377,4
4404,378,4.0,2
4404,500,3.266605299100403,3
4404,1479,2.178576398147124,1
4404,1777,3.3031425598426924,4
4404,2271,3.0,4
4404,2713,2.454718550317895,2
4404,2889,3.0,4
4404,3835,2.5032950482736958,2
4405,1193,4.8396332458497975,5
4406,1206,4.574164351928492,5
4406,1247,4.718933849756278,4
4406,1281,5.0,4
4406,1690,4.083983238325086,4
4406,1957,4.799941999698887,2
4406,2300,4.780781046728759,3
4406,2526,3.0,3
4406,3354,4.817284921676619,4
4406,3551,4.699765079375184,4
4406,3700,4.0,3
4407,765,2.3325469150005698,2
4407,1438,2.465421090712133,1
4407,2334,3.0,2
4407,3499,3.473426435658039,4
4408,50,4.008356266281668,4
4408,1018,2.6694446897675146,2
4408,1295,4.442335785032064,4
4408,1304,4.017715756780042,5
4408,1307,3.9437292479992747,3
4408,1394,3.696925518436376,3
4408,2940,4.309734403606294,4
4408,3167,4.680890468323055,4
4408,3653,3.0,5
4409,2699,4.21352454097601,5
4410,1916,3.0,4
4411,36,4.228110841092153,3
4411,356,4.036724023550523,2
4411,457,4.042341917880731,5
4411,475,4.534629574448179,4
4411,720,4.58200032087635,5
4411,1419,3.0,5
4411,2002,3.6077470063307646,2
4411,2174,4.106710262174702,2
4411,2385,3.0,2
4411,2641,3.9372851263268465,3
4411,2709,4.0,2
4411,2724,3.202623839023347,4
4411,2949,4.32553150892321,4
4411,3175,3.7706897331867046,4
4411,3362,4.603415554960196,5
4411,3476,4.236927501349448,4
4411,3927,3.0,4
4412,2169,3.0,2
4412,2539,3.830433563648536,5
4412,3113,4.005563681540121,4
4412,3147,3.5663510475886406,4
4412,3386,3.4553411081887164,3
4414,2491,3.0,4
4414,2987,3.789168107923554,4
4414,3113,3.767403772627899,1
4415,160,3.5204243365191816,1
4415,266,4.377559841325644,4
4415,541,4.038831872418548,3
4415,2450,3.4656022976096437,1
4415,3698,3.7965532236331736,5
4415,3802,3.3842943935752325,2
4416,39,4.06022691218436,4
4416,608,4.540228656964539,5
4416,858,4.6187733175374115,5
4416,2329,4.4365103266166654,5
4416,2581,2.2549559306687,2
4416,2718,3.5028708937511164,3
4416,2763,4.2408699909621115,4
4416,3210,4.313097829902437,5
4416,3499,4.5306762765341215,4
4417,3104,4.2109013300523745,5
4418,923,4.059271501780085,5
4418,1171,2.571126091755462,4
4418,1639,3.5407514532808197,4
4420,904,4.509796404130237,5
4422,440,3.8881234502101196,3
4422,710,3.0,3
4422,724,3.4603773228253942,3
4422,1702,3.6630056980133485,3
4422,2016,2.9999999999999996,3
4422,2153,3.4915747436190876,2
4422,2243,3.9758309986455043,3
4422,2372,4.020753502596129,2
4422,2516,3.0,3
4422,2736,4.0,4
4422,2787,3.222320005769743,3
4422,3759,4.0,4
4422,3843,4.0,3
4424,1201,4.431070182771444,4
4424,1214,4.251644820850297,5
4425,36,3.7479739584098684,4
4425,171,3.0,3
4425,342,3.460209037317842,4
4425,419,2.528378066522362,2
4425,436,2.814505626935638,2
4425,586,3.3964804387192675,4
4425,608,3.6715546076132775,4
4425,781,3.0,3
4425,852,3.413813733674464,3
4425,903,4.000474435801353,4
4425,1010,3.305713140769245,3
4425,1043,3.0,2
4425,1190,3.0,3
4425,1391,3.3040344874674403,3
4425,1544,3.56756564212282,3
4425,1612,4.0,4
4425,1918,3.248867350734324,4
4425,2469,3.3732855617394226,3
4425,2985,3.529990076845883,3
4425,3671,3.6999284463239697,4
4425,3798,5.0,4
4426,2301,3.2961754429352244,4
4428,1340,4.0,4
4428,2683,3.7752238247364143,5
4429,1252,4.406938191641478,5
4430,17,3.32440171047177,3
4430,27,3.0,1
4430,305,3.0,1
4430,380,2.670767198047423,2
4430,788,2.46137642097921,4
4430,1517,2.748913735408396,4
4430,2124,2.4375500813015902,1
4430,2908,3.685669641371962,4
4430,3272,3.0,4
4430,3480,3.0,3
4431,296,3.7853383150379347,4
4431,1203,3.3977159179025405,5
4432,11,3.7163299628967184,4
4433,608,3.7993288953378848,2
4433,1206,3.80433719249467,5
4433,1289,3.0,3
4433,1584,3.712185001598982,3
4433,2401,3.0,3
4433,3682,4.2642464894976575,4
4433,3704,3.724391958407873,4
4434,3608,3.6222614604808383,4
4435,454,4.280861642326774,4
4435,3160,3.6989103432948185,3
4435,3179,3.0,4
4436,2188,3.0,3
4436,2541,3.2267499948679266,3
4436,2571,3.884121930982411,4
4436,2572,3.6373584784105084,4
4436,3616,3.0,3
4437,356,3.1549359559405055,3
4437,367,3.0352397571146503,1
4437,589,3.1118012401653794,3
4437,2133,3.1205405652166838,5
4437,2513,4.0,2
4437,3144,3.0,4
4438,589,3.966648488726867,4
4438,940,3.0,5
4438,1231,3.8047805098363283,3
4438,1307,3.7985060073144155,3
4438,1939,2.9982703947870273,3
4438,2080,3.834914472791505,3
4439,2622,3.0,3
4440,1193,4.127086290777178,4
4440,1278,4.069079558718453,4
4443,516,3.0,1
4443,1641,3.183643169670426,3
4444,1393,4.033877371124017,5
4444,2580,3.956463388055855,5
4444,2581,3.8094395641966154,3
4446,93,3.0,2
4446,253,3.6501993851792616,5
4446,260,3.6177621884212794,5
4446,471,3.987534242208151,5
4446,555,3.9073200366873135,4
4446,1073,3.512488227159312,4
4446,1258,3.541952529664127,3
4446,1610,3.591967027068003,3
4446,1689,4.0,2
4446,1909,3.446547834409374,4
4446,1921,3.5778245160073836,4
4446,2109,3.3706200179941286,2
4446,2395,3.8786859968698493,4
4446,2413,2.9158197355617568,3
4446,2470,3.3386691605327408,2
4446,2863,3.730620722495583,4
4446,3254,2.886484190059318,2
4446,3477,3.7601923690647543,4
4447,208,2.6923717514691448,1
4447,224,3.296666004049414,4
4447,235,3.443145711897089,4
4447,436,2.0,1
4447,464,2.368179095691648,2
4447,551,3.2650302283853017,4
4447,907,4.0,3
4447,954,4.03888505893546,4
4447,965,3.345480934659523,4
4447,1010,2.5609424256863136,3
4447,1162,3.0,4
4447,1234,3.594956812657226,3
4447,1253,3.2475047586197303,4
4447,1407,2.984452678191948,3
4447,1552,2.8395964533210556,2
4447,1975,2.6462355281232974,1
4447,1995,2.259453840059655,1
4447,2005,2.911272882726675,3
4447,2019,3.9584212015992595,4
4447,2182,4.003436665910776,3
4447,2322,2.6420309331723844,2
4447,2414,2.9154707677286194,2
4447,2642,2.616838140141075,2
4447,2789,2.883924512361302,2
4447,2819,3.739414495229345,3
4447,3102,2.591017754641579,2
4447,3134,4.413598808798975,4
4447,3257,2.6292093199911797,1
4447,3412,3.0,4
4447,3572,3.0,2
4447,3699,3.1774250312225885,4
4447,3703,3.3263315278793755,4
4447,3807,3.0000000000000004,3
4448,300,4.480197651872705,5
4448,494,3.9103789988138566,4
4448,507,4.0,5
4448,750,4.60339584780917,5
4448,930,4.866495415922936,5
4448,933,4.693355883629356,5
4448,1088,4.123912587900239,3
4448,1179,4.634706810957722,5
4448,1375,4.252541812919619,4
4448,1419,3.0,5
4448,1674,4.472287104984156,5
4448,1744,3.6497052120177313,2
4448,1920,3.930675538479604,2
4448,2006,4.20521059244586,5
4448,2067,4.6521795022337535,5
4448,2085,4.238233514334432,5
4448,2193,4.1799098722528525,5
4448,2407,4.162823774541289,4
4448,2470,4.209951403085596,5
4448,3070,4.284733827350717,4
4448,3190,4.0,3
4448,3578,4.40658791677385,5
4448,3705,4.105874096244013,4
4448,3826,3.227040062083658,2
4448,3917,3.4732113549033876,4
4448,3927,5.0,5
4449,1571,3.0,4
4449,2012,4.301237153704404,4
4449,2054,4.2822975507462955,4
4450,2009,3.1861275972847984,4
4450,3421,2.3506211654516393,3
4451,73,3.0,3
4451,344,2.3385287654506777,3
4451,353,2.6566434865410082,3
4451,1297,2.921963193758683,2
4451,1391,2.7564464348286295,3
4451,1393,3.1144191582489174,2
4451,1440,3.0,3
4451,1594,3.8119831026363986,4
4451,1619,3.0,3
4451,2108,3.181759317771589,2
4451,2145,2.8507257050945305,3
4451,2174,3.09026137183156,2
4451,2375,2.2944172544959964,3
4452,1621,3.0,3
4452,2058,4.125102144849202,1
4452,3081,3.7266074142978662,2
4453,247,3.0,3
4453,2949,3.531973132355513,3
4454,70,2.7636684251976487,3
4454,464,1.546923992224792,3
4454,1627,3.5132226477036386,2
4454,2549,1.0,1
4455,3384,3.0,3
4455,3793,3.8853467455166437,4
4456,313,3.0,1
4456,1641,4.114044036687485,4
4456,3246,4.485506408077932,5
4457,162,4.792948524224249,5
4457,592,4.079740289446989,3
4457,608,4.466987089227693,5
4457,913,4.6499429393845775,3
4457,1206,4.474917303434892,5
4457,1252,4.530254737975339,5
4457,1264,3.0,4
4457,1358,4.443813733251063,4
4457,1953,4.572291713786033,5
4458,50,3.4478892514665276,4
4458,535,3.451735611274464,4
4458,564,3.0,2
4458,1257,3.79180150806662,4
4458,1610,3.4316601943761778,4
4458,2431,2.98541759722577,4
4458,2439,3.500923043770839,3
4458,2700,3.6476969707520945,2
4458,2713,2.6437876793727937,3
4458,2867,2.843694816499413,3
4458,3638,3.3103274726337486,4
4459,920,4.1940566873553635,2
4459,1285,4.040448989244052,5
4459,1473,3.0,2
4459,1517,3.8034719342387744,4
4459,1639,3.9960870813443106,4
4459,1968,3.8944942971796808,4
4459,2908,3.564074073910397,5
4459,3176,3.7057972174103413,4
4459,3556,4.0,4
4460,886,3.0,3
4460,2028,3.6586690162184654,4
4460,2628,3.3441362427503463,4
4460,3178,4.000971857771829,4
4461,32,4.419714413707712,3
4461,750,4.546226109235606,4
4461,1129,4.427793236885128,5
4461,1214,4.726030009817101,5
4461,1566,4.204518088267379,4
4461,3070,4.743526298775943,5
4464,3253,3.41869969164447,1
4466,3155,3.0,2
4467,265,4.001289539939098,3
4467,924,3.522596473025657,4
4467,1080,3.5946822462679506,4
4468,905,4.262223895771614,5
4468,912,4.073626693451811,5
4468,928,4.377883577261678,5
4469,2015,2.504734285548319,3
4469,3471,3.891174208401349,5
4469,3702,3.899598587023816,3
4470,368,4.37697646768099,5
4470,377,4.359606110114865,4
4470,1214,4.336788373506315,5
4470,2762,4.310839215102024,5
4470,2947,4.448467357110474,4
4470,2989,4.375177947077246,5
4471,1968,3.5768281364593664,4
4471,2406,3.6065506897210873,3
4471,3198,4.0,4
4472,253,3.6764918034083123,4
4472,780,3.693717000275438,5
4472,1049,3.920652699353171,4
4472,1954,3.4391590952787405,3
4472,2023,3.915648346120586,4
4472,2334,3.796629710704822,3
4472,2348,4.0,2
4472,2741,3.0,4
4472,2763,3.887667213430019,5
4472,2915,3.4434194748515927,3
4472,2949,3.7501610949343416,4
4472,3244,3.2360396245799885,3
4473,349,3.5670110572469,4
4473,720,4.0,5
4473,1077,3.415479527269694,5
4473,1264,3.0,5
4473,2006,3.649926569765194,2
4473,2110,3.1469091421696684,3
4473,2410,3.4338034294497377,4
4473,2735,3.090235706571152,2
4473,2746,3.499753477759383,3
4473,2915,3.5566531361438423,4
4473,3068,3.6106667456245676,3
4473,3634,3.0,4
4474,1953,4.491132586645603,5
4476,527,3.652922589001337,3
4476,908,3.892584049987886,4
4476,1278,3.5704673271725156,2
4476,1334,2.733256049561503,1
4476,1921,3.113050428971397,3
4476,2455,2.84485030228691,3
4476,3175,2.74432012904643,3
4477,1927,5.0,5
4478,892,3.0,4
4478,1036,3.4716324314616385,3
4478,1094,3.6431289219758987,3
4478,1136,3.6227458764052183,4
4478,1275,3.4458472541479175,2
4478,1722,3.3738342380786195,4
4478,2163,3.0,1
4478,2989,3.4159271982934243,3
4478,3253,3.3877352887670797,3
4478,3635,3.5549014307544806,4
4479,3639,4.032423077768608,4
4480,255,3.0,1
4480,535,3.8607189039185252,5
4480,1077,4.022077392809533,4
4480,1097,3.37643023274901,3
4480,1649,3.0,5
4480,2318,3.7595283317942116,5
4480,3016,2.18975258656468,2
4480,3072,3.6117150148917974,4
4480,3703,3.674391627317997,4
4481,736,3.303989438321033,4
4482,110,3.9080588829015186,4
4482,113,3.0,3
4482,224,3.738478454023843,4
4482,368,3.7364200416161286,4
4482,415,2.0,3
4482,456,3.0,5
4482,590,3.891627889072398,4
4482,906,4.441361821512839,4
4482,969,4.245569346656795,5
4482,1036,3.8951478619418243,5
4482,1390,3.0,3
4482,1459,3.6231119324817302,4
4482,1947,4.153799396730516,5
4482,2114,3.8065560295507197,5
4482,2389,3.030951994318256,2
4482,2407,3.5378368184620936,5
4482,2639,3.791271132933939,1
4482,2640,3.5996245849107296,4
4482,2710,3.457127176151759,4
4482,2718,4.0,4
4482,3019,3.989196231982858,5
4482,3342,4.0,5
4482,3363,4.182608618301167,4
4482,3604,4.0,4
4482,3712,3.947987516930061,3
4483,21,3.3260753646188492,3
4483,1231,3.2991171444016096,4
4483,1286,2.6063238536650584,4
4483,1290,2.637006155140284,4
4483,1351,3.0,3
4483,2262,3.4245823816467214,3
4484,594,4.677314818573798,5
4484,900,4.8332606905637245,5
4484,1081,4.749269530596129,5
4484,1288,4.578407773629883,4
4484,1678,5.0,5
4484,1983,1.0,1
4484,1986,1.0,1
4484,2668,1.3826767527322912,1
4484,2797,4.370494138977963,5
4484,2872,4.425672275439512,4
4484,2966,3.0,4
4484,3044,4.725415663822103,4
4484,3101,4.404189317716733,3
4485,1120,3.68968908901627,3
4485,3259,3.234385595654899,3
4488,474,3.0451930521971593,3
4488,589,3.050334122989978,4
4488,590,3.174114084534546,5
4488,931,3.5128220398737473,3
4488,1321,2.951322941823746,4
4488,1617,3.3308197870785765,3
4488,1909,2.8801174527593685,3
4488,2149,2.1318741202460023,1
4488,2288,3.325959761637659,4
4488,2633,3.5337707797122304,2
4488,2781,3.212164428558498,2
4488,2872,3.208052507806958,3
4488,3016,3.08214332336397,3
4488,3643,2.633435529958978,3
4489,1,4.3608359648181905,5
4489,160,3.802891441209231,3
4489,466,4.140485513307518,3
4489,512,3.0,3
4489,741,4.097465097510294,5
4489,1196,4.264038849203612,5
4489,1217,4.5242068789927306,5
4489,1762,3.1297623291821313,3
4489,1862,3.600757478068889,2
4489,2117,3.8062372097202597,3
4489,2374,3.6119873905063935,4
4489,2772,4.4978221629486095,4
4489,3053,3.0,3
4489,3597,3.0,4
4490,593,3.9359039120347776,5
4490,918,3.688789422830061,3
4490,1088,3.7400444637600874,4
4490,1610,3.811482382525467,4
4490,2105,3.6198891500500783,3
4490,2311,3.285516283360122,3
4490,2568,5.0,3
4490,2720,1.0,1
4491,1393,3.7078991234522176,3
4491,1752,4.012113853598276,4
4491,2315,3.0,2
4491,2597,3.0,4
4491,2916,3.8324226690458985,5
4492,1127,3.802721860028263,3
4493,3755,1.4074083116331015,1
4494,1080,4.292363212134315,3
4494,1233,4.313658226873029,5
4496,1044,3.0,4
4496,1089,3.885407009773156,5
4496,1347,4.028277103443949,4
4496,1631,3.0,3
4496,2793,3.2547477663602167,4
4496,2858,3.8763453856740977,5
4496,3788,3.0,4
4497,1346,3.0764055496664247,3
4497,1653,4.229140710651563,4
4497,1805,4.138701160778421,4
4497,2003,3.6808362996163013,4
4497,2054,3.823072455747095,4
4497,2313,4.550704824286858,5
4497,2333,4.249707200848926,5
4497,2364,2.0,4
4497,2403,3.600539418301394,2
4497,2475,4.0,4
4497,2532,3.6799032319870144,3
4497,2622,5.0,3
4497,3037,4.532395699596104,5
4497,3086,3.0,3
4497,3633,3.9621015190383315,4
4497,3837,2.17516887665081,2
4498,163,3.0708765889234604,3
4498,2761,3.743059609197187,3
4499,1036,4.226273937415106,5
4499,1298,5.0,3
4499,3156,3.0,3
4500,3081,3.246706792995346,3
4501,750,4.131529979771682,3
4501,1374,3.994772352622907,5
4501,3471,4.054258922839385,5
4501,3703,4.011650636594452,2
4502,36,4.177574887003113,4
4502,39,3.834234301014483,4
4502,832,4.1163020295416315,3
4502,1222,4.106205130518086,4
4502,1270,4.070859841147488,4
4502,1304,4.144160548979002,5
4502,2121,3.581759400480844,3
4502,2370,3.0,3
4502,2908,4.33728838703935,4
4502,3359,3.8024181215989787,5
4502,3527,4.02304425061768,3
4503,3606,4.0,5
4505,1097,4.342406947228797,5
4505,2701,4.1634268853514955,4
4505,3528,4.517147579404877,5
4506,858,4.307865289802289,5
4506,1079,3.9862129347920336,5
4506,1256,4.588557969509834,4
4506,1284,4.3988345700525455,4
4506,2067,4.534706973348322,5
4506,2264,3.0,3
4506,2929,3.998970473662386,4
4506,3296,4.0,4
4506,3366,4.189824826546184,3
4506,3653,3.0,4
4506,3793,3.9619253980305067,4
4507,1090,4.438891453433612,4
4507,1282,4.5456721827774675,5
4507,1573,4.282739961853679,5
4507,1793,3.0,4
4507,2640,4.28443519112723,4
4507,2959,4.225693305946165,5
4507,3052,4.287054867195346,5
4507,3062,5.000000000000001,4
4507,3386,4.321250498129276,5
4508,29,3.7110324325081323,5
4508,172,2.9682994422534685,1
4508,260,3.5395061623545825,4
4508,355,1.7063736044593647,2
4508,366,2.5565012915213723,4
4508,393,2.7162271681359056,1
4508,407,2.7844524097791465,3
4508,469,3.0,2
4508,479,3.005240682513975,2
4508,590,3.408685138678104,3
4508,919,3.6353845558754005,4
4508,1031,3.2877423306972418,3
4508,1248,4.357219453664814,5
4508,1265,3.431672059143444,4
4508,1275,3.3948050982149223,4
4508,1627,4.0,4
4508,1693,3.0,4
4508,1713,1.811265200603166,3
4508,1904,3.0,5
4508,1965,4.00153337647258,4
4508,1970,2.6455301813503485,2
4508,2117,4.1099774422495265,4
4508,2145,3.0347601866798017,1
4508,2367,3.153117063174189,2
4508,2457,2.7034804208673004,3
4508,2474,3.0753698272459262,3
4508,2699,3.225103112609123,4
4508,2747,3.0,2
4508,2917,3.9363758578674166,4
4508,3040,3.2050951392349747,4
4508,3208,2.4225128674071423,1
4508,3268,1.5067036505454585,1
4508,3275,3.0,5
4508,3404,3.0,2
4508,3494,4.255724994134003,3
4508,3805,3.0,2
4509,1196,4.039620048080925,5
4509,2321,3.9973290174345006,3
4509,2716,4.02385531646626,3
4509,3176,3.9989305628981353,3
4510,376,2.70928902563579,3
4510,494,2.312080535992889,4
4510,1078,3.2404513095719656,3
4510,1104,3.7641585520303718,3
4510,1130,2.328940233430212,2
4510,1247,3.5217208170639887,3
4510,1263,3.5477010282146066,2
4510,1292,3.7547773705438585,2
4510,1304,3.545752156020763,5
4510,1372,2.6222561726449727,2
4510,1374,2.849478199534794,4
4510,1375,2.985231969861566,3
4510,1376,2.845169841670081,4
4510,1515,2.411378409309929,2
4510,1945,3.759521137063056,4
4510,1974,2.221672439728106,2
4510,2183,3.1823616690103256,3
4510,2338,2.335141245751456,2
4510,2787,2.5200687433858824,3
4510,2840,2.211442343797462,1
4510,3016,2.708772968653763,1
4510,3025,3.0,3
4510,3156,3.0,3
4510,3296,3.0150900279322914,3
4510,3359,3.7777287827455885,3
4510,3433,2.1011039327133902,1
4510,3506,2.787372346802033,3
4510,3610,2.0,2
4510,3769,3.495256314696889,3
4510,3788,3.78485528203683,3
4510,3836,3.590338051053363,3
4511,1129,4.44480708603619,3
4511,2990,4.5876872930041825,4
4512,1234,3.902671189051436,4
4512,3066,4.351156237558865,4
4512,3479,3.6745661874219233,5
4513,2396,3.644745309844891,2
4514,1213,3.9230437415212136,5
4514,2338,2.7832155656681805,1
4514,2580,4.088201205289201,4
4516,16,4.538314727067208,5
4516,370,3.0,3
4517,36,3.8222658489269326,3
4517,453,3.0,3
4517,486,3.0,2
4517,785,3.683314532753266,4
4517,1037,2.8634977295971673,2
4517,1222,3.4089735791752434,4
4517,1517,3.5317832787035353,5
4517,1888,3.31525238575301,4
4517,2004,2.545640599633547,4
4517,2383,2.2537571282703275,1
4517,3614,3.736215336430397,3
4517,3797,3.0,1
4520,733,4.0661161013479905,4
4520,968,3.9786265483535463,4
4520,998,3.0,4
4520,1376,3.8358979392700068,3
4520,1385,3.6856995383111175,3
4520,1408,4.10858771558013,4
4520,1717,3.6488198918155894,3
4520,2366,4.278671538123615,4
4520,2580,4.461837868569511,5
4521,17,4.3715960313112205,4
4521,196,3.4659724414420174,3
4521,780,3.8954294514913435,5
4521,940,5.0,4
4521,1231,4.331164992364807,4
4521,1387,4.168260511758727,5
4521,1393,4.1360872626859,4
4521,2346,3.8112109512951777,3
4521,2599,4.300891897424684,5
4521,2908,4.670165141566652,5
4521,2968,3.9782792790661885,3
4521,3081,3.910978171698737,4
4521,3125,3.0,4
4522,34,3.8010345122519733,3
4522,858,3.7727606275200607,5
4522,1276,3.9130940390907663,5
4522,3062,3.4993653905856927,4
4522,3174,3.9222852927723553,2
4522,3180,3.0,3
4522,3299,3.0,2
4522,3633,3.4779764242410405,3
4523,10,3.7295779587834517,4
4523,32,3.830569057385684,4
4523,266,3.9808088561128914,2
4523,688,3.0,4
4523,1012,3.7690026172571405,4
4523,1136,4.020958983192631,5
4523,1253,4.255235377399735,5
4523,1792,3.291467293472786,4
4523,1797,3.0,5
4523,1882,3.304167533600363,2
4523,1907,3.2563271097026485,1
4523,1967,3.813863550372176,4
4523,2635,3.0,1
4523,2728,5.0,4
4523,3441,3.708114582335954,5
4524,5,3.240808661550079,4
4524,2690,3.0,1
4524,2722,2.7606362199144976,2
4524,2770,3.3745150481955486,2
4524,2858,3.5239005923233284,1
4524,3254,3.6488487384134602,2
4525,3146,3.0,2
4526,1960,4.1171964704064985,3
4526,3167,4.078394960516496,4
4528,2759,4.3459854446199575,2
4528,2906,3.0,2
4528,3160,3.5919078352380556,4
4529,2747,4.0,3
4530,898,3.714601635481216,4
4531,1394,3.647758823293054,4
4531,2303,4.0,4
4531,2406,3.597292094547799,2
4532,1036,4.08231363180536,4
4532,1263,4.255515219339377,4
4532,1408,4.138906313926923,3
4532,1876,4.104499985059412,3
4535,47,4.1876242371172845,5
4535,344,3.9616809075217323,4
4535,1729,4.129435569625367,4
4535,2081,4.100265867036459,3
4535,2375,3.8248712853899063,4
4535,2379,3.5386140535999786,4
4535,2396,4.161397874959378,4
4535,3256,4.106028920310925,4
4535,3525,4.010578637936511,4
4535,3526,4.138012072611732,4
4536,296,4.329708489404766,5
4537,708,3.835407608989233,3
4537,1721,3.9403361789826294,4
4540,1079,3.8385709410555786,4
4541,260,3.1440444192348074,5
4541,2052,2.2522244763032138,1
4541,2092,2.377241311773328,1
4541,2253,3.238207617890073,3
4541,3608,3.300135336704639,4
4542,1244,4.215675974983533,5
4543,273,2.665872305986928,2
4543,435,3.039307744529889,2
4543,482,3.0,2
4543,898,4.37690539673611,4
4543,1172,4.482100417478124,5
4543,1173,3.0,3
4543,1304,4.130000220127733,5
4543,1344,4.487192704835808,4
4543,1653,3.7382296487398854,3
4543,1968,3.6710492137952064,4
4543,2003,3.377260455226417,3
4543,2236,3.0,2
4543,2264,1.0,3
4543,2335,2.678722412152137,4
4543,2356,3.0,4
4543,2375,2.892176883267982,3
4543,2397,3.0,3
4543,2423,3.301198811937902,3
4543,2617,3.295509846588292,4
4543,2672,2.9922133109967,4
4543,2746,3.659495159187451,4
4543,2750,4.382465577955654,4
4543,3104,4.020617021518599,5
4543,3259,3.1418164002323463,2
4543,3296,4.502354139569384,4
4543,3551,4.305481914990626,4
4543,3590,3.0,2
4543,3608,3.876047838526547,4
4543,3668,4.0,4
4543,3708,2.7442642462650277,2
4543,3753,3.596039836863802,2
4543,3819,3.0,4
4543,3863,3.8130472543497866,4
4544,1095,2.0,5
4544,2920,4.0,4
4545,1663,3.4815542081662767,4
4545,2706,3.5367752943875974,4
4546,2871,4.292339389665367,5
4547,2858,2.277618489285198,4
4549,1027,2.0,3
4550,2858,3.693315005133623,4
4551,1227,5.0,4
4552,202,3.0,4
4552,1580,3.9003328794932695,3
4553,2519,3.0,1
4555,784,3.684825533092643,4
4555,1320,3.0439920884986025,1
4555,1777,3.6848252712760994,4
4555,2385,3.0,3
4556,366,1.1405143118204952,1
4556,724,1.4512199732183302,1
4556,1083,5.0,5
4556,1302,4.221696552601212,4
4556,1375,4.132997967166644,4
4557,187,3.0,2
4557,441,3.028358019418543,3
4557,1358,3.4086191281192555,5
4558,1513,4.0,4
4559,2064,4.257196944116339,5
4560,513,3.0,2
4560,934,4.0,3
4560,1193,4.117521558519987,4
4560,1302,4.001984714565877,5
4560,1674,3.9830207448154495,3
4560,1784,3.9313145102736606,2
4560,3098,4.1122513351609316,4
4561,500,3.799849315359172,3
4561,3255,3.847318016711978,4
4562,745,4.203740971122938,4
4562,1957,3.8330951475365107,5
4562,1958,3.8624639198883526,3
4562,1961,3.765105120122166,4
4562,3072,3.7528509938906622,3
4562,3088,3.480191077422325,3
4562,3174,3.8614471597136744,4
4562,3176,3.653143001816425,3
4563,2028,4.317942935561927,5
4565,3006,3.7324786648080313,5
4566,1663,3.433200172587292,3
4566,2123,3.601215523219485,2
4566,2469,3.73680925824133,4
4566,3175,3.565074551231383,4
4567,653,3.231615142041393,4
4567,3265,4.0,5
4568,299,3.0,4
4568,316,3.9500467188823056,4
4568,497,4.332320064043063,4
4568,1291,4.096175829967108,5
4568,1307,4.203439627842568,5
4568,1625,4.005617633796555,4
4568,1719,4.285121541312115,5
4568,1777,3.9619444277124676,2
4568,2842,3.0,4
4568,3159,3.0,3
4568,3163,3.0,4
4569,145,3.885607134018914,3
4569,198,3.9758075159499735,4
4569,494,3.639125065818271,4
4569,1586,3.9453387946331606,4
4571,628,3.767400656983041,4
4571,1923,4.029322092313253,3
4571,2617,4.055782233314853,5
4572,2321,3.5866264070519263,1
4573,922,4.243914448212569,5
4573,1208,4.008345191011459,2
4573,3811,4.422243779453099,4
4575,2898,3.0,1
4575,3349,3.0,5
4575,3550,1.0,1
4577,258,3.0,3
4577,1947,3.484007041197845,3
4577,1955,3.326992751265623,3
4577,2716,3.4455779959110036,3
4577,2951,3.498278476038867,4
4578,21,4.080904805104771,4
4578,225,3.951909944228798,3
4578,353,3.9845534795668596,2
4578,367,4.019236701779053,4
4578,537,3.0,1
4578,1193,4.210668382447493,4
4578,1222,4.165425310686243,5
4578,1320,3.7981622937776147,4
4578,1378,4.123178805790075,5
4578,1391,3.8888486729552763,2
4578,1597,4.009141768338379,4
4578,1894,3.882989138090606,3
4578,2245,3.9709879696624393,3
4578,2420,4.141683451801272,4
4578,2641,3.999625857072686,4
4578,2692,4.1925907334019294,5
4578,2840,3.621914989887989,2
4578,2841,3.026680330358337,4
4578,3267,4.385252290932553,4
4578,3362,4.395121786003317,4
4578,3911,4.363447656606912,4
4579,648,3.7984605763485755,4
4579,1073,3.862677355005079,3
4579,1077,3.908995908590132,3
4579,1097,3.9707013523405803,5
4579,1204,4.260006907904671,5
4579,1644,3.214181723413451,3
4579,1722,3.816892400867232,3
4579,2010,4.101707496278286,3
4579,2020,4.134232044813516,4
4579,2109,3.79888816071847,2
4579,2193,3.789460727093674,3
4579,2546,3.0,2
4579,2935,4.4335817616344535,5
4579,2940,4.285198005577725,3
4579,3145,3.0,5
4579,3186,4.0,4
4580,357,3.408605491674485,3
4580,412,4.0,4
4580,2289,4.107394770208221,5
4580,3730,4.0837373657705935,5
4581,2020,4.019377230982644,5
4581,3421,3.758878485877475,5
4582,4,4.0,4
4582,1220,4.5175242522230645,4
4582,2194,4.204740149479798,5
4584,904,3.991021809135141,5
4584,1248,4.777167549221469,4
4585,382,3.693940508046715,5
4585,1779,3.9898314631601033,3
4585,1834,3.924725562972727,5
4585,2161,3.98110304952015,3
4585,2540,4.333481518075315,3
4586,2395,4.438217356413866,5
4587,3179,3.0,3
4588,1672,4.661047255354764,4
4589,2321,4.491526475212495,5
4591,317,3.867268820141769,3
4591,367,3.7309510891602318,3
4591,912,3.9042004011128646,3
4591,1088,3.633714107032966,3
4591,1544,3.6298130901237307,2
4591,2116,3.7287242691635973,5
4591,2373,3.2875632658904372,2
4591,2394,3.6816663918806523,4
4591,3355,3.0,2
4591,3536,3.4012579179844615,5
4591,3654,3.8535877026634906,3
4591,3698,3.690326196548727,3
4591,3764,4.0,3
4591,3863,2.8894116731003616,2
4592,223,3.8105532185125646,4
4592,1210,3.482232919841039,5
4592,1297,3.6191260803113305,5
4592,2412,2.677328560902914,2
4592,2532,2.1609907654309928,1
4592,2539,3.4563055624463566,4
4592,2986,2.4401828132490353,3
4592,3448,3.4484494027838357,4
4593,1730,3.0,5
4593,2022,3.0,1
4593,3259,3.0984279795402405,3
4594,260,4.07342465430996,4
4595,32,4.608837616478118,4
4595,1199,4.7232328846424,5
4595,2355,4.583574185527339,5
4595,2804,4.687433541994933,5
4596,2145,3.6095611410818536,4
4596,3556,3.0,1
4598,453,3.0,2
4598,899,3.7746829121846743,4
4598,1954,3.705411142170563,4
4598,3061,4.07798207225438,5
4600,260,3.9973437964756853,5
4600,337,4.159856660396788,4
4600,1799,3.0,4
4600,2105,3.9237550818072795,2
4600,2722,3.203241286978106,2
4600,3471,4.018801149934269,5
4600,3552,3.8880602488530878,5
4601,173,3.3173786715128086,2
4601,1918,3.2590347200378647,3
4602,296,3.5264930824023564,5
4602,1966,3.0,4
4604,69,3.0,3
4604,2918,3.293957987416689,4
4605,290,3.0,4
4605,608,3.816055459933886,4
4605,1094,3.7854668330313377,3
4605,1680,3.151317535402909,1
4605,2440,3.0,2
4605,3100,3.7131547048971307,4
4606,36,3.4196573955366287,4
4606,296,3.330520677244685,3
4606,356,3.4181951567900715,3
4606,2012,3.4516956654105373,3
4606,2442,3.0,4
4606,2858,3.6651203844132745,5
4607,32,4.042605661790132,4
4607,34,4.308041007334639,5
4607,247,4.61115885345286,5
4607,1221,4.256415035661854,5
4607,1231,4.332769009817049,4
4607,1237,4.436810658371628,3
4607,1358,4.24886665135775,3
4607,1885,4.446082447841236,4
4607,2628,3.812050548900457,3
4607,2664,4.043676566678588,4
4607,2722,3.5208510269514646,2
4607,3175,3.8693919789715947,4
4607,3617,3.587443852313197,4
4607,3770,3.6497027109324045,3
4607,3836,4.007108975863455,5
4608,161,3.482324083609389,3
4609,1073,3.234733788729136,3
4609,2248,3.2702742099366295,2
4609,2413,2.6259649599688792,2
4609,3039,3.20973794794889,3
4610,208,3.054292949174136,3
4610,1196,3.2833973684339637,3
4610,3113,3.0,3
4610,3809,3.3615730819687166,2
4611,357,3.46015295691168,4
4611,515,3.7588038221904756,4
4611,901,4.0,4
4611,1050,3.0,4
4611,1066,3.0,4
4611,1097,3.4899085096351614,4
4611,2324,3.8218755519812424,5
4612,2996,3.0,2
4613,3461,3.0,3
4615,293,3.722811477668347,5
4615,1249,3.8992569093719887,4
4615,1722,3.362549188396467,3
4615,1729,3.864187033445299,5
4615,2551,4.02658638016436,5
4616,3614,3.0,3
4618,1921,3.1678954388259717,4
4618,2012,3.925934033181153,3
4618,3576,3.692488784530635,3
4618,3703,3.8882434144941866,4
4619,446,4.665059534627839,3
4619,593,3.7272884827537753,5
4619,1307,3.740883492393162,5
4619,1947,3.8461806552426787,3
4619,2858,3.815615465768878,5
4619,3004,3.0,1
4620,493,3.0,3
4620,2581,4.449997518933074,4
4620,2875,4.0,3
4620,3623,3.9296147311134697,2
4621,592,3.412847071789926,4
4621,1216,3.0,5
4621,1589,3.9657910681278863,3
4622,3635,3.5862627440429318,4
4624,2858,3.9090452103794306,5
4624,3578,4.203349545098333,5
4625,1037,3.6891705240559727,3
4625,2248,3.9541938142655697,2
4626,265,3.649969576712633,3
4626,586,3.423672157271525,3
4626,832,3.8881039675519133,4
4626,1270,3.856014120745827,4
4626,1285,3.859140006268329,1
4626,1639,3.670796867779377,3
4626,1923,3.8666051136715707,2
4626,2002,3.778567561922935,4
4626,2108,3.8331231739776452,5
4626,2370,3.0,4
4626,3254,3.288631914135498,3
4627,909,4.634341665441691,4
4627,910,4.342072120605171,5
4627,2136,3.0,5
4627,3035,4.64377128290922,4
4627,3501,3.655362061462724,4
4627,3524,3.963813498262213,5
4629,2690,4.0,4
4631,1732,3.7436810090096264,5
4631,2018,3.1324560282263607,4
4631,2253,2.9722092239468245,1
4631,2924,3.0,5
4631,3811,5.0,4
4632,1376,3.7771905963853576,3
4632,3527,4.077060817586486,3
4633,3751,4.082488042987578,2
4634,1304,4.918115228991559,5
4634,1885,4.796302442865428,5
4634,1931,5.0,5
4634,2490,4.7935900939311225,4
4635,639,3.0,4
4635,912,4.171273183522553,4
4635,1097,4.039803889348951,4
4635,2413,4.130517793845457,4
4635,2798,3.0,3
4635,3391,4.0,4
4636,780,1.7705676113931372,2
4637,104,3.8977343144837726,3
4637,552,2.9127622207457895,4
4637,691,3.0,5
4637,1014,4.35643318602244,4
4637,1089,3.6761459795574614,3
4637,1721,4.127891862589703,4
4637,2052,3.0501293924490627,4
4637,2883,3.0,5
4638,1,2.9528695008246344,4
4638,364,3.0066252722770885,2
4639,3481,4.600504722104089,5
4640,2089,2.648285897030709,1
4643,1,2.983927569864945,4
4643,535,2.8074861720693813,3
4643,3535,3.0,1
4644,2478,3.4820514032620395,3
4644,2571,3.4617954300233915,3
4644,2959,3.2488600073698595,2
4644,2973,3.9581964809686054,2
4644,2997,3.5734268726359124,2
4644,3147,3.113031701385782,1
4645,903,3.946871447684995,4
4645,992,3.0,5
4645,3101,3.9545197531027303,5
4646,3147,3.345440901092008,4
4646,3285,3.0,2
4647,47,3.3077330994465997,5
4647,215,3.0,3
4647,296,3.535766899211643,5
4647,305,3.0,3
4647,425,3.0,5
4647,1302,3.397171127220241,4
4647,1305,3.0,5
4647,1357,3.604450252565612,3
4647,1392,3.0,5
4647,1413,3.0,3
4647,1472,3.0,2
4647,1517,3.132745739845419,2
4647,2247,3.1655257660580465,4
4647,2442,5.0,4
4647,2472,3.0,3
4647,2973,4.122972411538418,5
4647,3018,4.198399194453697,2
4650,590,3.265612239132409,4
4650,1307,3.2306424021268167,3
4650,2159,3.0,4
4650,2453,3.0,3
4650,2739,3.4159024648971217,2
4650,3101,3.6173596007050213,4
4650,3299,3.0,3
4651,1039,3.0,3
4651,2129,3.0,5
4652,1244,4.8574256858378915,4
4653,199,3.0,3
4653,364,3.6399845030497224,3
4653,371,3.0,3
4653,903,3.8864725737026355,5
4653,1183,3.636010681633927,4
4653,1196,3.588789575291692,4
4653,1238,3.7552723090176263,4
4653,1270,3.6250944860635657,5
4653,1537,4.0,4
4653,1945,3.918782913196683,5
4653,2112,3.787011455847188,3
4653,2890,3.5204324525562525,4
4653,3091,3.0,4
4653,3174,3.4908719056811477,3
4653,3269,3.164344885475012,4
4653,3468,3.921497383545884,3
4654,1333,4.171504266252166,3
4654,1408,4.284870595963927,2
4654,2125,5.0,3
4654,2324,4.169956460051519,3
4655,237,3.482351615034761,1
4655,951,4.437162803755211,4
4655,1284,4.400469538691801,5
4655,2125,3.643702415525434,4
4655,3004,3.0,3
4655,3334,4.216000813582449,4
4656,1049,3.735895141087699,4
4656,1136,4.342299179256123,5
4656,1270,4.152138361605001,3
4656,2118,3.8501616318870044,3
4656,2761,4.402824832080851,4
4656,3213,5.0,3
4656,3793,3.9442742497534393,3
4658,327,1.9208589857378349,3
4658,720,5.0,5
4658,1274,2.6795646954587853,2
4658,1374,2.4616020044662057,4
4658,1405,2.671660884613095,4
4658,1429,2.4187163752037137,1
4658,2787,1.895146748443867,2
4658,3431,1.3881430107127706,1
4659,46,3.0,4
4659,1266,4.411166656626102,3
4659,1587,4.385259559799304,1
4659,2291,4.318688806475636,4
4660,1961,4.312814805564468,4
4660,2000,4.3560242866367265,4
4660,3707,5.0,3
4661,1408,4.168653115687554,4
4661,2401,4.0,4
4661,2662,3.934823793647424,4
4662,31,3.490091334843387,3
4662,58,3.1194913730704097,3
4662,191,3.0,2
4662,219,3.0,2
4662,1353,3.576976230645075,3
4662,1393,3.3341284252144345,3
4662,1588,2.4727380215817036,2
4662,1644,4.0,5
4663,85,3.0,5
4663,110,3.271382656712585,3
4663,194,3.5180076380498955,4
4663,750,3.4172391034073484,4
4663,908,3.5471451066082,4
4663,1179,3.5836286165403153,3
4663,1281,3.0,4
4663,1374,3.215470787499277,3
4663,1589,3.313118755832369,3
4663,2100,3.2591010305213657,4
4663,2291,3.360546222553555,4
4665,3074,3.0,4
4666,2,3.378724035713985,3
4666,337,3.928320562817893,4
4666,737,2.4527640590487647,1
4666,1269,3.73932046197824,4
4666,1388,2.1429830982208338,3
4666,1391,3.228852220698095,2
4666,1731,3.0,2
4666,2987,3.6987189432400234,3
4666,3040,3.4489892470081913,2
4666,3448,3.5846193908610338,4
4667,858,4.398280136716849,5
4669,1196,3.9226495061414837,3
4670,1019,3.431083590098584,4
4670,1088,3.2801724115012743,3
4670,2396,4.02031879867253,5
4670,2851,2.7349897550815823,1
4670,2872,3.1909515278589455,3
4671,1375,4.1486922672552415,3
4671,2581,3.717055446890429,3
4671,2617,4.089351613329838,4
4671,3629,3.0,3
4673,541,4.110280157126777,5
4673,674,3.244202684730751,1
4673,858,4.227572212795845,5
4673,1090,4.198977686212991,5
4673,1213,4.3050251800637325,5
4673,1272,4.129896915693388,3
4673,2403,3.054669681590753,3
4673,2700,4.291065945184402,3
4673,2762,3.646661092281977,5
4673,3526,4.280765328110997,4
4673,3608,4.277344919357209,4
4673,3643,3.0,4
4673,3671,4.173081052107507,4
4673,3699,3.9732096903787912,4
4673,3751,4.274045329251959,4
4673,3793,3.4571347105686336,2
4673,3841,3.0,4
4674,1036,4.338095746544376,5
4674,1097,4.209055941900445,5
4674,1135,4.148104165204289,5
4674,2145,4.203643302215096,3
4675,39,3.992594393578948,3
4675,329,3.5372278279550624,3
4675,509,3.828721631432504,5
4675,785,4.026046416727543,3
4675,1186,4.137716786556521,5
4675,1394,4.130661881503289,3
4675,1501,3.0,3
4675,2001,3.6683451480744758,4
4675,2331,3.0,4
4675,2421,3.35440565814607,3
4675,2478,3.6284832628105708,4
4675,3526,3.863526672510373,3
4676,2683,2.473625392524074,2
4678,2605,3.5940576780556777,3
4679,2369,3.989957024500074,2
4680,235,3.7477158096868037,3
4680,969,3.847377754402187,2
4680,1060,3.7989122283439776,5
4681,3361,3.846974379629604,4
4681,3751,3.9665386846094077,4
4682,95,2.9311089651110254,3
4682,100,3.0,3
4682,205,3.0,4
4682,299,3.0,5
4682,329,3.0753854105804668,4
4682,442,2.8459332838378795,3
4682,1188,4.339938079813108,5
4682,1224,4.488995434291675,5
4682,1372,3.0441571397650304,4
4682,1653,3.354826243481577,4
4682,1884,3.5872598854866844,2
4682,2117,3.0891477165474392,5
4682,2153,1.0,3
4682,2312,3.5114148096416007,5
4682,2378,2.6686546819759833,1
4682,2622,3.0,2
4682,2702,5.0,4
4682,3020,3.0868297064446524,4
4682,3262,3.0,2
4682,3396,3.6052188328040744,5
4682,3471,3.5922447893642606,4
4682,3702,3.3621598158785915,4
4682,3811,4.07926937378901,5
4683,592,2.4376163408659672,2
4685,111,3.1577687333062205,3
4685,923,3.2762475692893633,4
4685,971,3.600727709846123,3
4685,1267,3.3973877118820917,2
4685,1514,3.0,2
4685,1885,3.1695795305083605,4
4685,1945,3.688913307040833,4
4685,2970,3.0,3
4685,3521,3.949896328190898,3
4685,3742,4.311213763201278,4
4686,920,4.575805957242763,5
4686,950,4.4897634195373595,4
4687,517,4.0,3
4687,1196,4.286641955967305,5
4688,1263,4.11610937231107,4
4688,1270,3.9649607422284436,5
4688,1294,4.042228753463564,4
4688,2262,3.8190692837031626,2
4688,2997,3.957661796464439,4
4689,2683,4.019868864095642,3
4690,788,3.241423199940124,4
4690,1461,4.0,3
4690,2093,3.0,3
4694,589,4.106784098603512,4
4694,858,4.291185757342894,4
4694,2186,4.539025809230651,5
4697,1028,4.153954857700839,3
4697,1126,3.836641366522832,3
4697,1583,3.0,4
4698,3145,3.0,1
4699,153,3.419208915486788,3
4699,2126,3.4362993326225335,2
4699,2353,3.5145322562761323,4
4700,1148,4.0,5
4700,1217,4.51160203489884,5
4700,1949,3.0,5
4700,3471,3.2643538872589404,4
4700,3704,2.8795404893274434,2
4703,2712,5.0,4
4704,350,2.7734732470890675,3
4704,423,2.493613294178859,3
4704,594,2.8909940502826195,2
4704,688,3.0,1
4704,899,2.9048465535438477,3
4704,1163,3.0,1
4704,1200,2.699337046671758,2
4704,2139,2.7007095111747454,3
4704,2149,3.0,1
4704,2657,2.726514206720683,1
4704,3804,3.0,1
4705,1,4.03398145823637,4
4705,592,3.499845881472766,4
4705,720,3.0,4
4705,1291,4.006565799735135,4
4705,1907,4.06162964455329,3
4705,2671,4.085971342730528,5
4705,3088,4.479506061181814,4
4706,1073,3.5632821721779644,5
4706,2166,3.0,3
4707,339,3.0035058208866854,5
4707,3753,2.955076114187227,1
4708,26,3.0,4
4708,69,3.0,4
4708,151,3.6535191083291743,3
4708,288,3.8048040521403363,5
4708,541,4.167983909802517,5
4708,1028,4.011739785887311,4
4708,1061,4.046733002851561,3
4708,1095,4.339621287809383,5
4708,1101,3.8129634627113975,3
4708,1580,4.003078719690409,4
4708,1617,4.190683433961605,5
4708,1719,4.499584360149506,5
4708,2108,4.0998334082756545,4
4708,2212,4.0,5
4708,2642,3.5599031754547434,2
4708,3019,4.758315988942125,5
4708,3040,3.8929106811247456,4
4708,3253,3.9997373453737097,4
4708,3498,4.358677409161498,5
4709,1968,3.478589298098921,2
4710,1230,3.8851577443654155,4
4710,1397,3.0,5
4710,3543,4.130219548670466,5
4710,3801,3.0,4
4711,316,4.069707946197378,2
4711,383,4.143558432369133,5
4711,1094,4.0753633669935905,1
4711,2948,4.44786658295419,5
4714,2023,3.224753660654088,3
4714,2858,3.7885466653096103,1
4714,3730,3.7782660392560623,4
4715,110,3.971377750147322,4
4715,376,3.5319644326794597,3
4715,517,3.4910796055885034,4
4715,1245,4.141676375731602,3
4715,1274,3.835880054254591,3
4715,1291,3.9235260138861996,3
4715,1297,4.08102040657071,4
4715,1389,3.0258377402356396,2
4715,1432,3.0,4
4715,2001,3.8113839285846556,4
4715,2133,3.71506529230639,3
4715,2380,3.00861175213499,3
4715,2723,3.761174699334711,4
4715,3043,3.0,1
4715,3048,3.0,2
4715,3401,3.0,3
4717,111,4.266332878574149,4
4718,1022,4.165265948834132,4
4718,1580,4.2633761464537105,4
4718,2088,4.181680612175905,3
4718,3396,4.265065952059796,5
4719,552,3.7770171368988743,5
4719,2916,4.377136671056286,4
4720,2390,3.0,4
4721,2396,3.9658755115696778,4
4721,2841,4.4648990932821055,4
4721,2976,4.5032225621455835,4
4723,2762,3.5364559143384593,5
4724,2359,4.431583141682934,5
4725,20,2.8913987034237216,3
4725,105,3.2140999016689062,3
4725,426,3.1948587811059896,3
4725,450,2.9999999999999996,3
4725,494,3.0477486102434637,3
4725,673,3.341494585688555,3
4725,700,3.0,3
4725,708,3.313685411887074,3
4725,741,3.909657576505088,3
4725,1438,2.8719776729002975,3
4725,1499,3.121501016405386,3
4725,1562,3.043510200096141,3
4725,1631,3.0,3
4725,1825,3.0,3
4725,2018,3.593227323423581,3
4725,2051,3.276872447044061,3
4725,2447,2.8595600898686544,3
4725,2473,3.0796948684688346,3
4725,2735,3.2059038146448393,3
4725,2959,3.262797010240369,2
4725,3103,3.0,3
4725,3180,3.0,3
4725,3366,3.465494380883962,3
4725,3391,3.2314023159773324,3
4725,3471,3.409201263013888,5
4725,3807,4.0,3
4726,588,4.09488158290413,4
4726,589,4.067174108883116,4
4726,593,4.053933980973458,4
4726,988,3.0,2
4726,1050,3.0,4
4726,1183,4.128000427183337,3
4726,2190,3.0,3
4726,2252,3.0,4
4726,2324,4.215188129354556,5
4727,2996,3.0,5
4727,3753,4.327050652192097,4
4728,160,3.4610008663815086,3
4728,208,3.4543422743760566,3
4728,229,3.0,4
4728,231,3.558667608153275,3
4728,471,3.784917774746614,2
4728,501,3.0,4
4728,585,3.5998830021269907,4
4728,785,3.7846494921079263,3
4728,1073,3.7064334745268925,4
4728,1077,3.888258751878593,3
4728,1179,3.707711680027405,2
4728,1279,3.0,3
4728,1298,4.054715408594744,4
4728,1615,2.9889039275279443,3
4728,1769,3.409620426035248,3
4728,1968,3.88247378117211,4
4728,2134,3.668660697066304,4
4728,2283,3.0,3
4728,2393,3.5857411153487253,3
4728,3176,3.7095283331858746,3
4728,3555,3.400240782083073,2
4728,3614,3.850256945763716,3
4728,3686,3.6544177491963707,3
4728,3826,4.0,3
4729,350,3.951625279054881,4
4729,412,5.0,5
4729,1416,3.0,4
4729,1500,3.834320484511877,4
4729,2236,3.0,4
4730,260,4.018244520415184,3
4731,1259,4.055343424004075,3
4731,2028,4.028560177384529,4
4731,2915,4.082356856152847,4
4732,349,3.8743150070709125,3
4732,1009,3.959444647242611,4
4732,1036,4.083970517521734,5
4732,1080,4.446799623739199,4
4732,1358,4.338313234848319,5
4732,1371,4.014236544049943,2
4732,1537,3.0,4
4732,1655,2.7330581413762003,4
4732,2355,4.116064355479034,4
4732,2387,3.0,3
4732,2478,4.0322482168969485,4
4732,2615,3.350814304356649,3
4732,2740,2.935844962590332,2
4732,2810,3.0,3
4733,1221,4.3512790396479595,5
4733,1376,4.23026426052461,4
4733,2450,3.968550102915176,3
4734,1827,3.0,4
4734,2628,3.7629744216508665,4
4735,931,4.0,4
4735,3435,4.124828703450891,5
4735,3476,4.3904106025122935,3
4736,266,3.562322610881467,4
4736,882,3.0,1
4736,1214,3.044579751625157,3
4736,1921,3.33407502170605,5
4736,2082,2.571429829632998,1
4736,2542,3.6537662500838466,4
4736,3006,3.9754431091490217,5
4736,3260,4.04967818015014,4
4736,3386,3.6164067121018455,4
4737,1199,4.438399083527827,5
4737,1994,4.482573265967861,5
4737,2290,3.0,5
4737,3019,4.638411580810539,5
4738,356,3.505147774935808,4
4738,1084,3.327022628064092,2
4738,3494,3.3689901382938285,2
4739,260,3.911173958242038,5
4739,2353,3.957298410343856,3
4739,2502,4.004558210258546,4
4739,2571,3.903744772478211,5
4739,3450,3.9883718223574323,4
4742,6,3.5968838086086965,4
4742,377,3.3817172864245038,3
4742,733,3.423970354593812,4
4742,1214,3.579722487418459,4
4742,1258,3.4995125368730995,5
4742,1377,3.3901796187718096,3
4742,1994,3.3771100909442366,4
4742,2001,3.37779444675177,2
4742,2202,4.999999999999999,5
4742,3176,3.5107016470380747,4
4742,3273,3.7189613011968006,2
4743,899,4.816353969406907,4
4743,1254,4.792384762299659,5
4744,594,4.203416459760895,4
4744,2154,3.0,3
4744,2794,4.26811054726732,3
4745,1089,3.6405076730757613,1
4745,1247,4.420710843113209,5
4745,3755,4.099521420276436,3
4746,1197,3.5487319072492114,3
4746,1994,3.251124389031358,5
4746,2791,3.5374382486850195,2
4747,1127,3.3363287075503525,4
4747,1214,3.4014344466491786,4
4747,2291,4.09013711937799,3
4747,3176,3.9163446404974884,3
4748,11,4.469980168557561,5
4748,351,4.384087906466873,5
4748,902,4.656715502952275,3
4748,1253,4.375231513026656,5
4748,1259,4.429800873094069,5
4748,1617,4.436399555729345,5
4748,1663,4.395352010879751,4
4748,1701,5.0,3
4748,1729,4.265760971520994,5
4750,47,4.446476346731379,5
4750,593,4.346694698764467,5
4750,2003,4.195103264642252,4
4750,2565,4.185621898901333,4
4750,2615,3.0,3
4750,2987,4.213798341635865,4
4750,3208,3.0,3
4752,2057,3.0,3
4754,588,4.141202063868904,4
4754,1127,4.216631793175047,4
4754,1259,4.093031868251579,5
4754,1894,3.2277093925480433,3
4754,2111,3.6577335231685812,3
4754,2348,4.336200026173487,4
4754,2374,3.431253003947539,3
4754,2710,4.4588141711169005,4
4754,3101,4.103335057317474,5
4754,3388,3.3265420728550477,3
4755,3723,3.0,5
4757,2501,4.437184256758383,5
4759,532,3.0,4
4762,1957,4.206531123466243,4
4762,2762,3.953709081590929,5
4763,157,3.0,4
4763,2858,3.943252555824211,5
4763,3363,3.963371967706893,2
4764,3082,4.349941021625492,4
4764,3114,4.429515392092815,5
4765,1,4.143932371388591,3
4765,608,4.411291225872048,4
4765,1299,4.5211813416520785,5
4765,1848,3.0,4
4765,3654,4.631748809919741,4
4767,2612,3.0,4
4768,233,3.0,3
4768,2028,4.2188436738489825,4
4769,940,3.0,5
4769,3707,4.0,2
4770,2355,3.532839496131517,5
4771,249,3.0,4
4771,481,3.727405887601833,4
4771,707,4.0,5
4771,1092,3.758150489555261,4
4771,1392,3.0,4
4771,2137,3.8542195716499528,5
4771,2138,3.985297870847606,5
4771,2160,3.899652711138422,5
4771,2313,4.100994264435287,5
4771,2609,3.0,4
4771,3528,2.9747245937802,4
4771,3552,3.81488685845496,3
4772,541,4.338874723666071,4
4772,919,4.337406867806689,5
4773,454,4.2540192935551495,4
4773,2431,3.986557812623958,4
4774,1527,4.480383538263395,1
4774,1645,4.408739709201915,4
4774,3079,3.0,4
4775,2628,4.660349869973,3
4776,457,4.818536210893046,5
4776,480,4.815341869214647,4
4776,2302,4.829896044212194,3
4777,480,4.194570958917988,5
4779,898,4.429491134859678,5
4779,1193,4.310666502216104,4
4779,1639,4.217260181652047,5
4779,2366,4.131575977932602,4
4779,2863,4.401281377212206,5
4779,3363,4.285331306903633,5
4779,3404,3.0,4
4780,50,4.112247238686475,5
4780,2618,3.0,1
4780,3203,3.0,2
4781,2303,3.0,4
4782,36,3.731365428461956,5
4782,141,3.5053923226389094,2
4782,235,3.002936847836662,5
4782,903,3.8191614142096437,5
4782,1136,3.5469117248070825,3
4782,2010,4.264076644335352,5
4782,2483,3.0,1
4783,349,3.7686912347296397,2
4783,2320,4.0,2
4784,497,4.417401153567179,4
4784,594,4.255056514469854,4
4784,674,3.9922025532568726,3
4784,858,4.288337345847762,5
4784,1022,4.1411750159438,4
4784,1307,4.297957205486234,5
4784,1542,3.0,4
4784,1939,4.827297467799802,4
4784,2085,4.244803247652817,5
4784,2133,4.015997571138774,5
4784,2671,3.984586876968574,3
4784,2683,4.030798853248345,3
4784,2908,4.45509007942176,3
4784,3253,4.153533921744577,3
4785,46,3.0,4
4785,150,3.9745755411826726,4
4785,555,3.754062440682678,4
4785,1343,4.1357969354729995,4
4785,2141,3.3473495183255153,4
4785,2145,3.970435038973389,3
4785,2406,3.987031947273835,4
4785,2987,4.058984279534802,4
4786,292,3.8811716558262854,3
4786,480,4.026979455653546,5
4786,1234,4.343795579516079,4
4786,1265,4.098501060374271,4
4786,1711,4.048281749098927,4
4786,2329,3.9265384056457338,5
4786,2392,3.0,3
4786,2745,4.616208067658374,4
4786,3125,3.0,5
4786,3157,5.0,4
4787,2067,4.481224650445486,5
4788,420,3.3691981505545807,3
4788,1009,3.145157123059091,2
4788,2053,2.807170635758538,2
4788,2060,4.0,3
4788,2266,4.0,3
4788,2683,3.8099482747621813,5
4788,3396,3.6225391783893826,3
4788,3695,3.0,3
4788,3766,3.0,2
4788,3768,3.0,2
4789,480,3.655902976831279,5
4789,1049,3.220117551540073,4
4789,1120,3.92417512374654,4
4789,1792,2.9389083307281645,3
4789,2024,3.0,3
4790,288,3.4165179375061165,3
4790,353,3.3314057104845998,4
4790,1545,3.0,1
4790,2166,3.0,2
4790,2329,3.810353332998017,4
4790,3269,3.253496283126187,3
4790,3556,4.0,3
4791,144,1.0,3
4791,480,3.3466578515449017,3
4791,612,3.0,3
4791,1631,3.0,1
4791,2011,3.493294690419557,4
4791,2617,3.286641984642356,2
4792,926,4.1963671180666875,5
4793,1188,3.806951989216251,3
4793,1480,3.0,1
4793,2006,3.3464553615470223,3
4793,2617,3.3277226400675266,2
4795,77,3.0,4
4795,912,4.01853691121339,4
4795,1653,4.100999761884627,4
4795,2010,4.540177271824039,5
4795,2067,3.93161159454125,5
4795,2628,4.258257458563728,3
4795,2859,2.9919131915543447,2
4795,3471,4.018806183951616,4
4796,85,3.0,3
4796,86,3.0,3
4796,272,4.367469514997918,4
4796,1171,4.0,4
4796,1375,3.378313040050692,3
4796,2616,3.1498353075800787,3
4796,3457,3.0,1
4797,719,3.505698571945572,4
4798,750,3.6045029946520897,4
4798,2001,3.1893034527215645,4
4798,3082,3.6689499537770573,2
4798,3113,4.017391988465727,3
4799,1148,4.014304421957963,4
4800,16,3.651116237347078,3
4800,1242,3.7683362558672933,4
4800,1676,3.6591578737229042,1
4801,160,4.793188576526033,5
4801,379,4.664008663480398,5
4801,1370,4.820381061130239,5
4801,3247,4.910503453018398,5
4802,296,4.222520505186876,5
4802,597,3.9372517264188063,3
4802,1084,4.538376968615948,5
4802,1179,4.488967673528426,4
4802,1200,4.149839510463822,4
4802,1220,4.226622739243536,4
4802,1304,4.397147880474103,5
4802,1340,4.605270874462972,5
4802,1674,4.2883747419843825,5
4802,1784,4.100627447247419,5
4802,1960,4.517995144406013,5
4802,2064,4.540917441326663,5
4802,2302,4.080481035690725,5
4802,3052,4.355324046075961,3
4803,2700,4.480476788509691,3
4803,3408,4.047135929721562,4
4806,260,4.305809586532442,5
4806,605,3.0,4
4806,1456,3.0,3
4806,2028,4.310877722232122,4
4806,3527,4.24223494734886,4
4807,204,3.0,4
4807,1947,3.6888870610161066,5
4807,2186,3.3285748036875957,3
4807,2728,4.0,5
4807,3421,4.313102323207622,3
4808,122,3.0,3
4808,258,4.0,3
4808,379,3.2350975238667683,2
4808,548,2.942305513377293,3
4808,919,3.619670507388017,3
4808,1037,3.634262439324905,3
4808,1084,3.5725494536514018,3
4808,1088,3.502662127349822,3
4808,1321,3.5945461776088465,4
4808,1429,4.246558458397898,3
4808,1580,3.5765553874668403,5
4808,1605,3.0,3
4808,1750,3.0,3
4808,2012,3.5404679270910364,3
4808,2107,2.8165744282942833,3
4808,2328,3.150958932133115,3
4808,2615,3.0,4
4808,2797,3.518814126792887,3
4808,2799,2.1009252776393046,1
4808,2840,3.3676809041777673,3
4808,2876,3.0,4
4808,3270,3.0,3
4808,3498,3.0,3
4808,3675,3.7932424484453744,4
4809,858,4.134427981905739,5
4809,1271,3.7386712497807886,4
4809,3062,4.0885984462213685,4
4809,3418,3.975814738192665,4
4809,3528,2.850994327100149,4
4809,3549,4.588262352656473,5
4810,316,3.183174990276454,3
4810,547,3.0,3
4810,1073,3.581879696093686,1
4810,2699,3.181103938641448,2
4810,3053,3.0,3
4812,1662,3.0,1
4813,2822,4.657045151977629,4
4813,2942,4.349126136595121,5
4813,3072,4.1932069434689945,5
4813,3253,4.213058101371822,5
4813,3608,4.074425252810033,5
4813,3685,4.388844307721353,3
4814,1372,3.4549464715689884,3
4814,1416,3.0,1
4814,2134,3.377331516965364,5
4814,2699,3.5990517526972527,4
4815,898,4.858750764680995,5
4815,910,4.645933514458156,5
4815,2054,4.284488195395639,4
4815,2657,4.438848411282247,5
4815,2971,4.460890329108774,5
4815,3105,4.511726548908783,5
4816,781,3.0,4
4816,1183,4.329798856529901,4
4816,1249,4.055296345706646,5
4816,1584,4.259438489157495,5
4816,1678,4.237577017691952,5
4816,1704,4.251323119942342,5
4816,2028,4.275713037148814,5
4816,2952,3.0,5
4816,3441,4.0019888099529375,4
4816,3536,4.195042775262034,5
4817,1356,3.7934713157902475,3
4819,11,4.30755562775078,4
4819,57,3.0,3
4819,428,3.4995533721744176,3
4819,704,3.0,4
4819,1370,4.190933646430098,5
4819,1625,4.236191649627775,5
4819,1967,3.904160329934858,4
4819,2054,4.003516310049053,4
4819,2124,3.90822622495725,3
4819,2149,4.297202904425438,3
4819,2826,4.335613761878142,1
4819,2867,3.822565009382053,4
4819,2942,4.084174451356178,5
4819,3247,4.126791370370437,5
4819,3591,3.997999264303242,4
4819,3707,4.5179410204865755,3
4821,95,3.508994987577012,3
4821,1027,3.6805855020510685,4
4821,1674,3.6783747981987216,4
4821,2249,2.802205117637604,3
4821,2716,3.5219506424214706,3
4821,3704,3.388307320485143,1
4823,459,3.0,3
4823,1240,3.357984117436536,3
4823,1247,3.7407827199827914,5
4823,1753,3.0,3
4823,1854,3.0,3
4823,2470,3.113376502246133,2
4823,2858,3.6024471436352985,5
4823,2942,2.933063241774626,2
4823,3007,3.0,4
4823,3412,3.0,3
4823,3707,2.506935457461093,3
4824,2,3.393727262199525,3
4824,50,3.8913065561994884,4
4824,104,3.548521611310032,2
4824,194,3.0,4
4824,236,3.157234252618311,2
4824,357,3.5556626019110196,3
4824,509,3.861374225832894,4
4824,1197,3.8519217677868767,4
4824,1953,4.0292029044606466,3
4825,551,3.88280354680957,4
4826,923,4.1627123149097,4
4826,1028,4.2542509492582985,3
4826,1097,4.047867371529646,4
4826,2947,4.0775873804288585,3
4827,2355,3.890995348730776,4
4828,353,3.645074693807368,3
4828,2485,5.0,4
4829,296,4.141280759606001,5
4829,497,4.148523582086746,4
4829,1111,3.0,4
4829,1204,4.391067037770813,5
4829,1307,4.142745445191789,4
4829,1876,3.8220606995313795,4
4829,2126,3.744898290181362,3
4830,2135,2.4903976764319626,3
4830,2706,4.4326305604286755,5
4830,2723,4.515037288774961,4
4831,986,3.0,4
4831,1296,4.268207597166269,5
4831,1299,4.3370915473180265,4
4831,2366,3.910361296694596,4
4831,2390,3.0,2
4831,2501,4.520776905736653,5
4832,2470,3.9352587507049623,3
4832,3408,4.265313662861123,4
4832,3543,4.189845556727168,4
4833,1394,3.8215448439646824,4
4833,2355,4.505287801358221,5
4833,2716,3.8919582071857666,4
4834,1513,3.4173009168875725,3
4834,1754,3.600102804318552,4
4834,2713,2.639131533199618,3
4834,3785,1.9923659960045632,4
4834,3826,3.0,2
4835,150,4.102449758479032,4
4836,318,3.693463516668298,5
4837,1297,3.4119451679774637,3
4837,1380,3.6189618344374765,4
4837,1689,3.0,1
4837,2121,3.9466653128157665,4
4837,2124,3.355505536056363,3
4837,3476,4.044449259967996,4
4838,673,3.7463996531261907,2
4838,3255,3.9852211034986733,3
4838,3259,4.279001325426957,5
4838,3754,3.0,4
4839,3175,3.6030432988531684,3
4840,1393,3.97503364226158,5
4840,2070,3.0,5
4841,2005,3.750523375799254,3
4842,260,4.780878234373748,4
4842,2995,3.0,2
4842,3702,4.755155988011221,4
4842,3748,3.0,4
4843,1233,4.305922249780977,4
4843,1244,4.207781469251793,5
4845,85,3.0,4
4845,207,4.7933049842841156,3
4845,621,3.0,5
4845,3044,4.336604394044273,4
4846,3081,4.322357378125085,1
4848,1544,4.078150478366604,4
4849,1975,4.0,3
4849,2141,4.466391261725161,4
4849,2485,3.991725947058676,4
4849,2706,3.862462876126264,4
4849,2736,4.0,4
4850,3501,3.0,5
4851,1911,3.546666663086091,3
4852,541,4.166725504628803,3
4852,553,3.9277354297620395,3
4852,1221,4.269901266581552,3
4852,2010,3.498268618031239,4
4852,2648,4.153607588774813,3
4852,2654,3.0,3
4852,3038,3.0,4
4853,1294,4.272208979984649,4
4854,933,4.0,5
4854,936,3.0,4
4854,1088,4.047028365174099,4
4854,1837,3.0,4
4854,3134,4.412273362227471,4
4855,2,2.9335483329845102,3
4855,3416,3.0,1
4856,1211,3.0,4
4856,3338,3.0,4
4857,454,3.463533484191015,3
4857,593,3.5758628173652407,4
4857,1805,3.4746662168990685,2
4857,2028,3.5322285559987745,4
4858,307,3.0,4
4858,3359,4.740956256364501,4
4859,1197,4.368956991082289,5
4859,2918,4.456614662133977,5
4860,593,4.094021427643481,5
4860,2247,3.0,3
4860,3552,3.368074539701717,4
4861,1653,3.8516955710178213,5
4861,2422,4.0,2
4861,2686,3.0,5
4862,1214,3.5870917962042177,4
4862,1953,3.6949177500076895,3
4862,2028,3.5881114616552514,4
4862,2571,3.570563261348404,5
4863,468,2.4178946603068265,4
4863,838,2.7837619136283624,5
4863,1777,3.4476327968003693,2
4864,2375,3.867183595805351,3
4865,978,3.0,3
4865,1238,3.372114893084908,2
4865,2414,2.793971375738219,2
4865,3780,3.0,1
4866,1380,4.321581238605078,4
4866,3451,4.3305005308114985,4
4867,1,4.07802905267313,4
4867,371,3.0,3
4867,1254,4.177227567075057,2
4867,1285,4.07798871000114,4
4867,1348,3.8056680567906125,5
4867,1554,3.0,5
4867,1603,3.423155479965786,4
4867,2080,4.018035783831272,4
4867,2125,4.006685455865594,4
4867,2641,3.857480981949985,4
4867,2822,3.4129629275121216,3
4867,3105,4.122373761900917,2
4867,3107,3.8720140240521856,4
4868,457,3.9685976942196337,4
4868,1407,3.6191666227815054,3
4868,2011,4.00037288795034,3
4868,2396,3.8808603410583946,3
4869,25,3.371849498960638,4
4869,1172,3.5158964147984437,5
4869,1293,3.493335274806027,5
4869,2140,3.4090549541317228,1
4869,3108,3.4564003803688776,3
4869,3388,2.3921509714429186,1
4870,1208,3.912069478610796,4
4870,3531,3.0,4
4872,3263,3.744974944773997,4
4875,1041,4.2819670539787404,5
4875,1914,3.0,5
4875,3185,3.0,2
4876,150,3.935966250330368,4
4877,69,3.0,4
4877,1566,3.951179895612083,3
4878,2396,3.9895310320960595,5
4879,329,2.9764180352571783,3
4879,926,4.338239120531001,4
4879,931,4.612602757783752,4
4879,949,4.3291502046194985,4
4879,1276,3.73628360249572,4
4879,2029,4.0,3
4879,2115,3.182600300721882,4
4879,2802,2.63783456421077,2
4880,3462,3.0,5
4881,3185,3.0,5
4882,924,4.195256184628447,5
4882,1387,4.109414891718583,4
4882,3200,4.187755652978416,4
4883,1032,3.0865889898319114,3
4884,610,3.9445155165394064,4
4884,913,4.344377426052885,5
4884,1047,3.836966271815194,4
4884,1215,3.943825239363286,4
4884,1240,4.008440705371196,5
4884,1262,4.3495847566793895,5
4884,1997,4.111879031873371,5
4884,2359,4.0632715842013925,3
4884,2872,3.969226638470062,3
4884,3176,4.2748381532751045,3
4884,3210,4.378701794462918,5
4884,3267,4.072087448404998,5
4885,1254,4.796219079907308,5
4886,260,4.0299082270633155,5
4886,924,3.930847070560539,5
4886,1653,3.9811186221704262,4
4886,1676,4.053271765203255,3
4886,3623,4.338715775747222,4
4887,151,3.842536412852037,3
4887,205,3.0,3
4887,529,4.160748936525206,4
4887,999,4.527805525426011,2
4887,1198,3.7514726147761985,4
4887,1199,3.7471979563061857,3
4887,1242,3.7297023183483526,3
4887,1268,4.084980213946337,4
4887,1620,3.643551646574771,2
4887,2396,3.8690546827787693,4
4887,2858,3.7932766073603754,4
4887,3265,4.504381271632877,4
4888,260,4.340674934477455,4
4888,897,3.0,5
4888,918,4.772888659263122,4
4888,1150,5.0,4
4888,1206,4.4854181344380715,4
4888,1674,4.422485210695335,4
4888,2100,4.298595046131391,4
4888,2288,3.6767520623051304,2
4888,2351,5.0,5
4888,3152,4.628771472813079,5
4889,590,4.418864568665426,5
4889,858,4.504031437948167,5
4889,1127,4.200204173073295,5
4889,2302,4.464827491710129,4
4889,2951,4.723976354769536,5
4890,58,4.201767734606253,3
4890,82,3.0,5
4891,1924,3.0,1
4892,849,2.955553915566825,4
4892,1097,3.44718298834728,3
4892,1954,3.642882169183145,4
4892,2528,3.263998105493545,2
4893,2549,2.964106265746654,4
4894,527,3.979447809962964,4
4894,593,3.990890390865546,5
4896,3364,3.0,5
4896,3457,3.0,4
4896,3624,3.6134368056998722,5
4897,1201,3.8378717388251333,4
4897,2550,3.367370556364688,3
4897,2615,2.8383955705568895,3
4897,2663,2.0,3
4898,162,4.505421440916989,4
4898,302,3.0,4
4898,722,3.0,4
4898,905,4.359254402165399,4
4898,1050,3.0,5
4898,1125,4.315584343722293,4
4898,1208,4.3650552781455385,5
4898,2208,4.0,4
4898,3538,3.0,4
4898,3676,3.0,4
4899,300,3.792983778855244,3
4899,1036,3.6527056156136277,4
4899,1206,3.842961020933682,5
4899,1223,3.7660638897362686,5
4899,1267,3.9370568665990935,2
4900,1210,4.535681186872847,4
4901,2858,4.079378976884355,5
4901,3018,3.626093612066597,3
4902,126,3.0,2
4902,1010,2.9585595618510543,2
4902,1200,3.642323385847771,1
4902,2944,3.652663728186372,4
4902,3114,4.0506018736980876,4
4904,546,4.299609637477982,4
4904,1730,3.0,4
4904,1997,4.5384836681040355,5
4904,2068,3.0,4
4904,3461,3.0,5
4904,3633,4.746822803548619,5
4904,3638,4.733275088224514,4
4905,50,3.4848403557956527,3
4906,165,3.73451646892565,4
4906,225,4.019420367343651,4
4906,1193,4.22325475252455,5
4906,2427,3.9628721850846116,4
4906,2762,3.6673301142729042,4
4906,2819,4.359841705670958,4
4906,3730,4.416722112066214,4
4907,965,3.0,3
4907,1254,3.4386040230746113,5
4907,1957,3.472896833503261,5
4907,2020,3.4725323412554197,2
4907,3035,3.4390708557161234,3
4908,1259,4.335644398134766,4
4908,1294,4.305894583167128,4
4909,162,4.726814332330614,5
4909,2020,3.790822857074843,3
4909,2919,3.255023333403705,2
4909,3494,3.0,2
4911,427,3.0,2
4911,539,3.593255571117225,4
4911,1409,3.537346534877592,4
4911,2359,4.546517132104219,4
4912,1663,5.0,4
4913,162,4.173131935646569,5
4913,581,3.0,5
4913,2318,4.516422444291973,5
4913,2628,3.1301873293213993,1
4914,1641,3.8642576502472834,5
4915,296,3.929759420616974,5
4916,11,1.7101506395614197,4
4916,107,3.0,2
4916,2155,2.0149513952990246,1
4916,2699,1.8430238733496473,2
4916,3020,1.9182495906965447,2
4916,3129,3.0,4
4916,3623,2.129399590526481,1
4917,1150,4.0,4
4917,1208,3.662393794354744,3
4917,1220,3.560749350764146,3
4917,1292,3.954862193219795,2
4917,1883,3.7407121718068876,5
4917,2409,3.281262789997999,2
4917,2463,3.6310584274134117,4
4917,3545,4.017831330527588,5
4918,112,3.52082529604143,3
4918,785,3.556975357027997,2
4918,1127,3.4735120469787084,4
4918,1247,3.686607786485371,4
4918,1917,3.494708573221524,3
4918,1968,3.5703704186584413,2
4918,2628,3.4676533132803007,5
4918,3081,3.269572585585941,4
4918,3358,3.1580620971773286,3
4919,1193,4.168913633039246,4
4920,3545,3.995267497492904,4
4921,45,4.443760833415707,4
4921,800,4.509252136552362,5
4921,1136,4.429304672699543,5
4921,1196,4.3031859075016445,5
4921,1265,4.345150577779953,4
4921,1304,4.480820906657024,4
4921,1517,4.50683892728787,4
4921,1711,4.216288364299729,4
4921,1748,4.673517924089028,4
4921,2952,3.0,4
4922,454,3.8154308438171416,4
4922,588,3.8085503493167496,4
4922,1961,3.912957322113108,5
4922,2001,3.5948785303425974,4
4922,2003,3.591634836687435,4
4922,2458,3.4979099324833993,3
4926,1569,3.5948638332711855,4
4926,2406,3.715611504675571,4
4928,80,3.0,4
4928,705,3.0,3
4928,1221,3.5140447393981415,4
4928,1923,3.3126334254924834,3
4928,3526,3.262936091356355,4
4929,1248,4.8702291151927275,4
4931,926,4.6531115781029255,5
4932,52,4.463640123381917,4
4932,1172,4.322654118506908,3
4932,1187,4.523069585043478,2
4932,3259,3.8799766203677906,3
4933,632,3.0,4
4933,903,4.306719275570984,5
4933,1203,5.0,5
4933,1485,3.290755827313556,5
4933,1580,3.6794680852605053,2
4933,2303,3.0,4
4933,3375,3.0,2
4934,661,2.6054926077158047,1
4934,1537,3.0,3
4934,2431,2.996942871369795,1
4934,2683,3.3784393640540085,2
4934,2804,3.9290480597253072,1
4936,1276,4.263833828869762,2
4937,1673,4.132901993370213,5
4937,1704,4.126232528382561,5
4937,2071,3.0,5
4937,2883,3.0,4
4939,39,3.781450446935738,3
4939,1036,3.919487281312166,3
4939,1962,4.036056090635568,4
4939,2891,3.0,4
4939,3052,3.8057913087457114,3
4939,3147,3.830366112336956,5
4939,3526,4.022573042598479,3
4940,956,3.0,3
4940,1219,4.469165528977427,5
4940,1374,3.895405633983678,5
4940,1952,4.591631233962012,4
4940,2347,3.0,3
4940,2361,5.0,4
4940,2940,3.3617171383422897,3
4940,3167,4.140455425415772,4
4940,3469,4.677247251806082,5
4940,3930,5.0,4
4941,2858,3.2469625428911555,5
4942,1225,4.042537353973168,4
4942,1265,3.770018167621604,4
4942,1358,3.9025345845076598,4
4942,1882,3.2184999967716794,1
4942,3671,3.727762908822308,4
4942,3697,3.4278428289664884,1
4945,1374,3.891365606727797,3
4946,50,3.85376713416238,3
4946,1077,4.112578415189603,4
4946,1247,3.963523638029853,5
4946,1643,4.607926689145876,3
4946,1711,3.7127149059781237,3
4946,2396,3.919541609771398,4
4946,3037,4.1352562180558055,3
4946,3739,3.0,4
4947,2289,4.264947728020753,5
4947,3467,4.388262027604683,5
4948,265,2.959565336820216,1
4948,337,3.0562816611619916,3
4948,899,3.66919640869742,3
4948,933,3.8658898902575682,3
4948,1276,3.539681067215322,5
4948,1375,3.1363397741536816,2
4948,1968,2.9757935350954225,3
4948,2553,3.278984283087744,4
4948,2863,3.649218908535733,1
4948,2872,2.8935940269123797,4
4948,3203,2.6061089952480487,4
4949,50,4.501007880844571,5
4949,428,4.660099278161331,5
4950,180,3.595272251754149,3
4950,246,4.173023461759027,4
4950,457,3.7943948553386284,4
4950,1086,4.305316455276232,5
4950,1090,4.008918589225688,5
4950,1294,4.2377082820922505,4
4950,1461,1.7123590083749258,3
4950,2243,4.11849643362514,4
4950,2505,4.0,3
4950,3104,4.097927960645276,4
4951,921,3.528141395298818,4
4951,971,3.8436980592689447,5
4951,1199,3.9583519080796883,5
4951,1288,3.7694164561546306,4
4951,1954,3.6964752765707827,2
4951,2997,3.7225522753646088,5
4951,3578,3.709424154873188,4
4951,3594,3.0,3
4951,3751,3.9792983220919713,4
4952,2302,3.6240732610741015,5
4952,3083,3.0,5
4953,373,4.262281746936797,4
4953,1372,3.5600865789017955,4
4953,1645,3.937750192986869,4
4953,1806,3.0,2
4954,471,3.2263802855921258,3
4954,1234,3.8008558622376727,5
4954,1473,3.0,4
4954,1784,3.5274462858481996,5
4954,2248,3.30745797016893,3
4954,2349,3.0,4
4954,3734,3.0,2
4955,900,4.336004367969893,5
4956,266,3.818140153884165,3
4956,1136,4.083866192690057,5
4956,1327,3.4841840742742907,2
4956,2108,3.859612714197091,4
4956,2259,2.5328687460291226,3
4956,2269,2.5095817096815676,3
4956,2474,3.4977383703321343,3
4957,5,2.723129615223894,2
4957,44,2.7366310432923076,2
4957,237,2.8616524410171706,3
4957,239,2.762227197423596,2
4957,784,3.087470707735606,3
4957,842,2.1787404700814967,2
4957,1059,3.6579867945933335,4
4957,1256,4.3482063276864285,4
4957,1354,4.0,3
4957,1372,3.3066970591262645,4
4957,1602,2.0,2
4957,1663,3.3964763688020208,3
4957,1917,3.1703140957691445,2
4957,2060,2.654451423472809,3
4957,2413,3.2284414206118894,4
4957,2580,3.63917738607333,3
4957,2633,3.0,3
4957,2991,3.298606431049136,3
4957,3545,4.313216578902267,5
4957,3698,3.294147704973456,3
4957,3699,3.4765668923184387,3
4957,3764,2.6812081795002483,3
4958,1183,3.7286363148597808,3
4958,1253,3.0519648465042777,5
4958,1911,3.0,1
4958,2232,4.0,5
4958,2526,3.0,2
4958,3159,3.0,5
4958,3375,5.0,2
4959,25,4.562231149375971,3
4959,480,4.28411240580546,4
4959,529,4.532638178678777,5
4959,1653,4.320011775637838,4
4959,1693,3.0,5
4959,3598,3.0,5
4960,363,4.0,5
4961,858,3.4137499404724156,3
4961,1610,3.4226386998432883,5
4961,1994,3.3304904501000494,3
4961,2115,3.324972997909394,3
4961,2571,3.3395860589068316,2
4961,2819,3.3818110532490033,5
4962,296,4.021438105137606,5
4962,1193,4.116308614788053,5
4962,3528,3.616578723591542,3
4963,1694,4.4932386143999485,4
4964,45,3.798736760522309,4
4964,376,2.3344277146755394,2
4964,948,5.0,3
4964,1231,3.852104746665492,3
4964,1264,3.0,3
4964,1274,2.9161704729279916,5
4964,1283,4.115308283090417,4
4964,1291,3.456665995236781,1
4964,1358,3.83787624535998,5
4964,1542,3.0,3
4964,1965,3.784797721542314,4
4964,2908,4.2886311284660374,4
4964,3257,2.6721635182522214,2
4965,2,3.405987463958071,4
4965,9,3.0,4
4965,44,3.1021396406913975,3
4965,3697,3.4045345423254854,2
4965,3744,4.0,4
4966,589,3.7402349326724167,5
4966,952,4.014802206641243,4
4966,3702,3.760314256008978,4
4967,593,4.168121238899934,4
4967,1198,3.7350802275845987,3
4967,1584,3.9981189312180443,5
4967,3702,3.848159643485479,1
4969,920,3.5429552713585863,4
4969,1927,4.0,2
4972,260,3.846182746515863,5
4972,1997,3.860443215680567,5
4972,2034,3.5074005098239724,2
4972,2667,3.3682532284117106,3
4972,3032,3.8697434148038607,3
4973,3071,3.974831209279454,3
4973,3147,4.111997175659017,5
4973,3713,3.0,4
4975,1079,4.168152294111754,4
4975,1263,4.1254385145775885,4
4975,2294,3.9946401590242058,4
4975,2384,3.0,4
4975,2532,3.495327321469566,2
4975,3702,3.875101321115332,4
4976,1639,4.391248950473113,3
4976,3578,3.378661289111,5
4977,2105,3.290906032673991,4
4977,2528,3.397724766092513,5
4977,2657,3.553844595050814,4
4977,3175,2.9780104411675934,4
4977,3176,3.9107127357399163,2
4978,2028,3.864278656812952,5
4978,2495,3.0,4
4979,52,4.036706243034918,2
4979,594,3.5195550164740683,4
4979,1035,3.543879165795311,3
4979,1197,3.700007709717265,4
4979,1250,4.20256294351634,4
4979,1307,3.7215387322821196,3
4979,1416,2.4740574675896014,1
4979,1499,2.9414656311971217,1
4979,2038,3.0,3
4979,2065,3.638609069701983,4
4979,2087,3.354104141209274,3
4979,2134,3.04403257190794,2
4979,2278,3.8887272358135094,4
4979,2363,3.112167678800016,3
4979,2634,1.3205012924962394,1
4979,2645,1.2494903603366532,1
4979,2802,3.004303969899981,4
4979,2921,4.513340197721642,4
4979,3052,3.777557898844227,5
4979,3061,2.6792224522034656,3
4979,3339,3.0,5
4979,3361,3.726327837927603,5
4979,3763,3.9454892301673223,4
4980,1732,3.7283203996017034,4
4980,2875,2.754458392406783,2
4980,3386,3.6093242947050013,3
4980,3396,3.690031237239315,4
4981,348,4.08185140510182,4
4981,3030,3.0,5
4981,3088,4.39052675629712,4
4982,1222,4.826427423906253,5
4982,1258,4.407975635044142,4
4983,594,3.961883407689739,4
4983,1172,4.0346784516632335,5
4983,1953,4.028265729574252,5
4983,2716,3.8788050969422474,5
4984,913,3.5048649486311456,5
4984,919,3.417964667318068,4
4984,930,3.588410266853715,2
4984,1366,3.0,3
4984,2912,3.4691786593812295,4
4985,1304,4.013104931832806,4
4985,1682,3.9760377208699604,3
4985,2115,3.9439958092280447,4
4985,2278,3.9422733807835466,3
4985,2288,3.931571560950037,5
4985,2365,4.0,4
4985,2409,3.584064535917092,4
4985,2948,3.964256461183882,4
4988,1267,3.723873147539629,5
4990,1210,4.66321354899582,3
4994,674,4.057363861265156,3
4994,910,4.900119628981769,5
4995,994,3.369046632108568,3
4995,1321,3.305298850950594,3
4995,1810,3.5339376721146794,3
4995,2150,3.5419781332292306,4
4995,2427,3.380491347855667,3
4995,2872,3.273963334657381,3
4996,969,3.8098790027917837,3
4996,2278,4.0971243917932325,4
4997,39,3.722115029749919,3
4998,741,5.0,5
4998,858,4.187804603624804,5
4998,3529,3.0,4
4999,1278,4.225225010504505,5
5000,524,3.173309243239536,5
5000,527,4.500788931768978,5
5000,608,4.487862910397959,4
5000,1088,4.559158299430314,4
5000,1389,3.0000000000000004,1
5000,1580,4.438859635059279,4
5000,2000,4.454956385162765,4
5000,2105,4.554031819217922,5
5000,2670,3.0,5
5000,2803,4.412828371339323,5
5000,3489,4.453687843895181,4
5000,3702,4.622502926134604,5
5001,543,4.117555100184576,4
5001,551,4.161143196753125,5
5001,1380,4.262578959328785,5
5001,2087,4.30111615629213,5
5001,2273,3.831679615129989,4
5001,2739,3.996662011841236,5
5001,2941,4.650001519247119,3
5002,485,3.2610113383772843,2
5002,541,3.604072265277073,5
5002,1271,3.5456292717449713,3
5002,1275,3.4846539473260427,3
5002,1376,3.379999192631711,2
5002,2046,3.2532509924783235,3
5002,2751,3.0,3
5002,3398,3.5034997297355095,3
5002,3624,4.008925354905199,4
5003,2012,4.660222620631168,4
5004,2554,3.0,1
5005,299,3.0,3
5005,418,3.0,3
5005,608,3.792243766883018,4
5005,1022,3.3011916773016785,3
5005,1270,3.6675658765545274,4
5005,2312,3.833679530179712,4
5005,2346,3.3185668971632336,2
5005,2641,3.5138704685906355,3
5006,1617,4.2862165221052075,4
5006,2203,4.351256078042969,4
5007,1097,4.999999999999999,4
5008,162,4.352584129266921,5
5008,306,5.0,3
5008,1259,4.355692155246294,4
5008,1267,4.650408162232722,5
5008,2664,4.195750894279204,4
5008,2726,5.0,4
5009,1953,4.072888057706382,5
5011,3,3.4976970786294386,3
5011,173,3.828837013810812,4
5011,356,3.9428239916615597,3
5011,434,3.875196140881852,4
5011,475,3.569894362980763,4
5011,674,3.8199963399551113,3
5011,924,3.981159639026631,4
5011,1073,3.9390960262484462,4
5011,1270,3.947120332488456,4
5011,1276,4.126794016571428,4
5011,1387,3.978073164057867,2
5011,1407,3.9491714346198896,4
5011,1639,4.055820292347044,4
5011,2140,3.9637942627477374,5
5011,2279,3.7073194998709367,4
5011,2402,3.696802295194097,4
5011,2431,3.2797143705350873,4
5011,2815,3.920911667532945,4
5011,3450,4.036082015621419,3
5011,3483,3.0,4
5013,1212,4.51145968420472,4
5014,898,4.168066885977285,4
5014,1375,3.1946167989680796,2
5014,2532,2.7428973317874883,1
5014,3095,4.123857100033204,5
5015,357,4.209552245023348,5
5015,921,4.286505429332535,5
5015,1125,3.793160092026598,4
5015,1222,4.099415612055952,4
5015,1228,4.2960388176258855,5
5015,1293,4.387369348186698,5
5015,1827,3.0,3
5015,2015,3.7850210681220813,4
5015,2035,2.0,3
5015,2278,4.147879975148703,4
5015,2313,4.229753301821221,4
5015,2390,3.0,4
5015,2398,4.21773575527236,5
5015,2605,4.081965371807484,4
5015,2640,4.012653640259463,4
5015,2971,3.572915882528629,2
5015,3102,3.736041812243694,3
5015,3210,4.072514702490329,5
5015,3244,4.282728647359524,5
5015,3264,4.086685945059738,5
5015,3671,4.199809292260448,3
5015,3791,3.9218639264753454,3
5016,293,3.5529111860135285,1
5016,2762,3.058443339350728,4
5018,265,4.33036658835888,3
5018,858,4.234812454342443,4
5018,940,4.0,3
5018,1252,4.249639305794251,5
5018,1259,4.190258653797731,4
5018,1939,4.222696927001353,4
5018,1958,4.180477903518271,4
5018,3361,4.205511377658657,4
5018,3654,4.188955723873789,4
5019,1036,3.434804889937228,3
5019,3082,2.2694774351963902,2
5019,3317,3.0,4
5020,1073,3.8011540690390206,4
5020,1350,4.439842307265804,5
5021,1210,3.6591484707055577,3
5021,2012,3.231553769460755,1
5021,2986,2.6329575208869143,3
5022,1233,4.734678255716253,5
5023,901,4.56940435018553,5
5023,918,3.9723602261568995,5
5024,903,4.2223601658700405,4
5024,950,4.4430774660575745,4
5024,2863,4.174077829994679,3
5025,1256,4.4762204874587495,4
5025,2732,3.0,1
5025,3421,4.334374128672707,4
5025,3765,3.0,2
5026,277,3.0,3
5026,350,3.4162571974490312,3
5026,542,2.1572669299422698,1
5026,765,2.215182029834153,2
5026,1210,3.3796023231109964,4
5026,1291,3.401582458431243,4
5026,1373,2.8293583494243357,2
5026,1385,2.6863888151004187,3
5026,1388,2.8284091450325,3
5026,1569,3.1915295182947725,2
5026,2089,3.2703046402831255,3
5026,2090,3.315983666652197,3
5026,2372,3.375025153463065,1
5026,2393,2.8523782459912708,3
5026,2404,2.6227926464860998,3
5026,2433,2.45366941482997,2
5026,2606,3.0,1
5026,3082,2.8228111888887653,3
5026,3250,3.0,4
5026,3421,3.288541038866523,4
5026,3498,3.4585491060017843,4
5028,2081,3.3809287999913127,3
5029,1488,4.0,5
5029,3147,3.642951347891064,4
5029,3476,3.875306493382211,5
5030,2502,4.102212129553545,4
5031,294,3.0,4
5031,1059,5.0,4
5031,1288,4.432500629627801,5
5031,2918,4.424723009607835,4
5032,2716,4.247321420032767,4
5032,3186,4.0,2
5033,2918,3.0,5
5033,3097,3.0,5
5034,1097,4.015793362963965,5
5034,1240,3.9466580857567464,5
5034,1296,4.216431852447925,5
5035,1198,4.102796014594354,5
5035,1373,3.9862435958786264,3
5035,2088,3.9464783844860305,4
5035,2657,3.876960198122948,2
5035,2683,3.92579163085231,2
5035,3082,4.253715802443816,3
5037,296,4.168413211477848,5
5037,357,4.003041604113511,4
5038,904,4.158857739794983,5
5038,3109,3.0,2
5038,3324,3.0,1
5039,89,1.0,3
5039,165,1.9720955936355746,1
5039,1370,2.143048746745414,1
5039,1479,1.3427453899146788,1
5039,2576,3.0,3
5039,3256,1.8481415095705032,3
5039,3661,3.0,1
5039,3746,3.0,3
5040,1924,3.682821805066482,3
5041,593,4.334861950408649,5
5042,356,3.6220648482096944,3
5042,373,4.0,3
5042,866,4.029018711009147,4
5042,1014,3.0,3
5042,1099,3.4758495194016708,3
5042,1285,3.906182118177815,5
5042,1721,3.678627823144312,2
5042,1758,3.0,3
5042,2028,3.705311806784069,4
5042,2134,3.464575539793919,4
5042,2395,3.9140830169938874,5
5042,2450,3.622714322378949,2
5042,3105,4.013061869191986,4
5042,3223,3.0,3
5042,3266,3.0,4
5044,2132,4.608462516840428,5
5044,2657,4.009989827605952,3
5045,1230,3.51045250113194,5
5046,165,3.5640744521156136,3
5046,180,3.7347854785869297,4
5046,235,3.8245380481396087,5
5046,349,3.628491935135307,5
5046,377,3.4848838056761795,5
5046,382,3.6010683550607125,4
5046,1218,3.0,5
5046,1228,4.258791515117178,5
5046,1682,3.73006693631739,2
5046,1690,3.1527341063465157,2
5046,1944,4.653941899377901,5
5046,1945,4.604306306605049,5
5046,1991,3.491612031069012,2
5046,2002,3.4969545135985998,3
5046,2374,3.5245176674982064,4
5046,2447,4.00667997272024,4
5046,2989,3.60396349577514,4
5046,3160,3.879183710840836,4
5046,3527,3.713893879205898,5
5046,3683,4.323293085931705,5
5047,348,4.426432279795867,3
5047,380,3.4762057057088236,3
5047,471,3.8994771454636266,4
5047,1234,3.999288582937537,4
5047,1573,3.5584520567615536,3
5047,2431,2.47489355228188,1
5047,2571,3.70165142464833,5
5047,2694,2.8092425191262618,1
5047,2890,3.8546382857245587,5
5047,3529,3.0,3
5048,11,3.995854532837599,5
5048,918,3.9737894730992243,5
5049,1302,4.076078795701582,3
5049,2700,4.192824272942473,3
5049,3007,3.0,4
5049,3359,3.8081784210383227,4
5050,608,4.049761635785403,5
5050,1721,4.113879414456806,4
5050,2340,4.507101455138836,3
5050,2599,4.010349046778741,4
5052,3753,3.0,5
5053,745,4.999999999999999,5
5053,1200,3.9777866621575626,5
5053,1214,4.22265646280717,5
5053,1391,4.109016622868622,4
5053,2054,4.153218034382243,4
5053,2105,3.8217096811803084,5
5053,3301,3.8260072665079408,4
5053,3764,3.0,2
5054,50,3.512404060913275,4
5054,588,3.4360229952705272,4
5054,597,3.4253630863934106,3
5054,1080,3.586260569121347,2
5054,1130,2.7211924385775674,3
5054,1527,3.432180786458179,2
5054,2065,3.5981977321701413,3
5054,2289,3.531749795860595,3
5054,2395,3.444544229512214,2
5054,2524,3.282355463923929,5
5054,2870,3.6591413522637195,3
5054,3386,3.476447744493237,3
5054,3736,3.0,4
5056,235,4.4673864465789705,5
5056,1544,4.3747369700047205,4
5056,2012,4.430737931219861,4
5056,2080,4.549028440010768,4
5056,3703,4.408772871205264,3
5057,41,3.0,4
5057,1221,3.663618867667922,4
5057,1704,3.4557039852093623,4
5057,2596,3.0,3
5059,95,3.6934962184399245,3
5059,1092,3.9220465016263852,3
5059,1320,3.684374950592816,4
5059,1358,4.279753470343613,5
5060,1148,3.61252711648789,5
5061,317,3.7764166536542847,2
5061,357,3.6714764598487246,4
5061,709,3.9331693532295064,2
5061,898,4.73950093266355,2
5061,1234,4.271638233152897,5
5061,1425,3.0,4
5061,1517,3.5390830122409045,4
5062,1127,4.776709346477148,3
5063,511,3.0,1
5063,934,4.0,5
5063,1513,2.995692549167434,2
5063,1959,4.383773689673334,4
5064,919,4.32973635526081,5
5064,3089,4.6460447284223925,4
5065,48,3.8817566695340426,4
5065,235,3.595981369808658,4
5065,587,3.6827293817480498,5
5065,907,4.459185239751081,3
5065,1610,3.7406619961132206,5
5065,2097,3.4789110711193043,4
5065,2124,3.651404940711012,4
5065,3421,3.5630571318141238,3
5070,52,3.9875485421811017,3
5070,206,4.0,5
5070,370,2.267333966100372,3
5070,434,3.1689434748665177,3
5070,581,4.0,4
5070,858,3.843789348220285,3
5070,919,3.7663626538710098,4
5070,1197,3.713336984101052,5
5070,1198,3.63424909090305,5
5070,1222,3.7713256864155076,4
5070,1719,4.411894080974275,4
5070,3100,4.027488527169693,4
5070,3263,3.532683860731739,4
5070,3425,3.0,5
5070,3700,4.0,4
5071,2457,3.0,4
5072,1210,4.414562240838519,5
5074,111,3.8990475742290234,3
5074,223,3.827993141592735,4
5074,307,3.0,3
5074,1673,3.7695179613535355,5
5074,1748,3.446247815311348,3
5074,2134,3.41742309117947,4
5074,2140,3.482063148246934,3
5074,2338,2.4613394560594974,2
5074,2396,3.7819912592426412,3
5074,2672,3.3121523570746962,4
5074,2726,3.9773180461461313,5
5074,3189,3.0,5
5074,3741,3.7231147684866146,3
5074,3794,4.524044732853201,5
5075,1253,3.9899174153218504,5
5075,1785,3.0,4
5075,2529,3.8607009044917815,5
5076,1238,3.5764742802769414,4
5076,2997,3.6697481046276628,5
5077,194,3.0,3
5077,296,3.6781073336910275,5
5077,448,3.0,3
5077,994,3.868295250995301,3
5077,1345,3.9578811308992035,2
5077,2245,3.64412026674841,4
5077,2762,3.574037902444924,4
5080,2861,3.0,4
5080,2889,3.0,4
5080,3654,4.032599899419145,3
5081,1537,3.0,4
5081,2820,3.0,4
5081,2891,3.0,4
5082,307,2.0,4
5082,541,3.596288233623379,4
5082,909,4.185897321750282,5
5082,1927,4.804723504030888,4
5082,2019,4.2057720324879355,5
5082,2918,3.8026750539645287,4
5083,36,4.317169719444074,5
5083,207,3.745023195006705,2
5083,457,4.02486936814183,4
5083,491,4.234820212350094,4
5083,662,2.504837161915773,4
5083,2194,4.087751390398654,5
5083,2716,3.611479702860981,2
5083,3020,3.8342529637085208,3
5084,250,3.0,2
5084,1713,2.8435960535261655,3
5084,2321,3.175057380025038,3
5084,2671,3.2634928589374996,4
5084,2804,3.305906724554229,3
5084,3398,2.1745502187379184,3
5085,1302,4.57971429600308,5
5085,1944,4.81394573938908,5
5086,235,3.693345190342508,3
5086,953,4.200167620440604,4
5086,2571,4.128725456475175,2
5086,3253,4.172016123727478,3
5086,3361,4.113582405013631,5
5087,586,3.548486975025648,3
5087,780,3.6409807017453217,4
5087,954,4.323393175104286,5
5087,1587,3.6569825059939736,1
5087,2003,3.6259697927796393,3
5087,2628,3.3398944502018386,4
5087,2916,3.676135304418759,4
5087,3148,3.9499895941255083,4
5087,3299,3.0,3
5087,3538,3.0,3
5087,3861,4.0,3
5088,1206,4.3622734275115045,5
5089,2692,4.3057251515114,5
5089,2859,3.0,5
5090,590,4.374982024775536,5
5090,1095,4.307078639459409,5
5090,1220,4.239005080534932,4
5090,1292,4.633459794242929,5
5090,1580,4.353281944394004,5
5090,1729,4.358961354315054,3
5090,2020,4.3401541234256,5
5090,2108,4.420064990635484,3
5090,2245,4.147488760644896,5
5090,2359,4.102999687127625,3
5090,2761,4.5688311614858454,4
5090,2915,4.279339990978543,5
5090,3114,4.356985586774715,5
5090,3266,3.0,4
5090,3471,4.360892529219797,3
5091,34,4.181017371418389,4
5091,434,3.6938557695404035,3
5091,903,4.374084013121589,4
5091,1371,3.7703764108431086,2
5091,1663,3.9024140021021334,5
5091,2001,3.8669592260200147,4
5091,2005,3.867682766776363,2
5091,2106,3.0,3
5091,3176,4.338079812905528,4
5092,110,4.0183773896173784,4
5092,899,4.2745287058605115,5
5092,1028,4.181075979251208,5
5093,851,3.0,2
5093,1393,4.241590078734685,3
5094,1127,4.366876237686679,5
5094,1214,4.449104219931508,4
5094,2916,4.584690586928364,4
5095,3096,3.0,4
5096,50,4.040937035173819,5
5096,296,4.004231191879147,5
5096,318,4.0394880217198885,5
5096,924,4.049407632413603,4
5096,1580,3.717071703176265,4
5096,2034,2.66265628713262,3
5096,2372,3.54865495519959,2
5096,2694,3.518946558267329,2
5096,2720,3.0,1
5096,2788,4.417167122851247,4
5096,2858,4.089277602436463,5
5097,1095,4.761926302970816,3
5097,1214,4.107007018237596,4
5097,1914,3.0,4
5097,2575,3.0,4
5097,2700,4.483952093744266,3
5097,2762,3.8456233215204785,4
5097,3852,4.0,5
5098,1008,3.0,3
5098,1947,3.480516139726966,3
5098,2762,3.3235877570654164,4
5098,3740,2.490897855990317,3
5098,3788,2.992650667382568,4
5099,1036,3.6180960062419523,4
5099,1347,4.1742049188367005,5
5099,1537,3.0,4
5099,2355,3.681110708101309,4
5099,2683,4.003998964961365,5
5099,2700,3.948393272608151,5
5100,541,4.531013953567016,3
5100,551,4.285134448446378,5
5100,949,4.937691928246782,5
5100,1095,4.627284156643245,5
5100,1185,4.759378432875066,5
5100,2020,4.729355825286847,5
5100,2069,5.0,4
5100,2105,4.114576194247223,5
5100,2160,4.773697169272099,5
5100,2312,4.554212834123858,5
5100,2366,4.682651213932705,5
5100,2469,4.140019332208066,5
5100,2730,5.0,3
5100,2762,3.9882004163901446,5
5100,2779,4.405752184325235,4
5100,2791,4.411325962838671,5
5100,2946,4.477966149476654,3
5100,3057,3.0,4
5100,3107,4.2169014398874385,3
5100,3334,4.961561740185544,4
5100,3543,4.790289097812351,5
5100,3812,5.0,4
5100,3850,3.0,2
5101,3697,2.741592286843287,2
5101,3708,3.0,3
5101,3730,2.6572806075258795,3
5101,3732,3.0,2
5102,454,4.607950531903408,4
5102,953,4.773053193690159,5
5102,1101,4.616112992663793,5
5102,1678,5.0,4
5102,1704,4.6419811290832875,5
5102,2571,4.630710697258536,4
5102,3100,4.723870054460449,5
5103,586,4.399875326204415,3
5103,798,3.9978432378354687,4
5103,1762,4.1405721772395125,4
5103,1917,4.489824874259145,5
5104,3763,4.7356814369847395,4
5105,1287,3.462885725243249,4
5106,609,3.0,3
5106,2875,4.035043886666435,3
5107,165,2.740330926333302,1
5107,247,3.9164718714250597,4
5107,261,4.0,4
5107,349,2.8824245213335224,2
5107,971,3.7251688327269137,4
5107,1396,3.151619043902801,3
5107,1405,2.8244260951434006,3
5107,1584,3.222079511218405,3
5107,1610,3.077245306457042,3
5107,1882,2.4718221679618986,1
5107,1956,3.7164817410767106,3
5107,2171,3.0,3
5107,2284,3.0,3
5107,2355,3.252838999056443,3
5107,2393,2.7962607922163327,4
5107,2600,5.0,4
5107,2610,3.0,4
5107,2683,3.10368310374291,4
5107,2919,3.626681487983361,4
5107,2993,2.6272788738374007,1
5107,3068,3.5340168587906775,3
5107,3078,3.0,5
5107,3448,3.1573132093642924,3
5108,1093,3.725365790729003,4
5108,1306,3.0,5
5108,1376,3.1058466344972535,3
5108,1641,3.510152836142415,3
5108,1994,3.113045319360231,2
5108,2054,2.8454431744299438,3
5108,2253,2.0030288280934734,1
5108,2355,3.3963317349312874,4
5108,2779,3.0948073693631586,2
5108,3451,3.152860774653672,3
5108,3524,3.1275554558866667,3
5108,3668,4.0,3
5109,1307,3.8055131917643634,4
5111,30,3.0,4
5111,224,3.8323782327741798,4
5111,389,3.0,4
5111,500,3.6604468724196533,5
5111,663,4.0246604942233235,4
5111,764,3.0,3
5111,913,4.064003270375034,3
5111,915,3.9369787442032065,5
5111,955,4.176775191335271,4
5111,971,4.298316813371113,4
5111,1125,3.827837982986094,4
5111,1217,4.167307746167461,3
5111,1293,3.9319261859561574,4
5111,1387,3.8203381907554315,5
5111,1446,3.0,1
5111,1885,4.1207996096598745,4
5111,1958,3.831521286583141,5
5111,1964,4.425181758958166,5
5111,2163,2.500676515600819,2
5111,2396,3.7827376828954953,4
5111,2728,4.62695624953685,2
5111,3244,3.777855636820522,3
5111,3251,4.229107973880528,3
5112,1086,3.603301943492576,3
5112,1198,2.987619159606646,2
5112,1644,3.1715201439953185,3
5112,1924,3.303803393680708,1
5113,916,3.796428023535795,3
5113,1082,3.245303833280653,3
5113,1178,3.8187321326512076,4
5113,1186,3.1287202361204165,4
5113,1247,3.240279785652854,3
5113,1299,3.3531107062689105,4
5113,1479,1.3782797987268038,1
5113,1611,3.0906501545726535,3
5113,1704,2.619968957736683,1
5113,2126,1.7033952653691173,1
5113,2146,2.1033181030443764,1
5113,3365,3.255272337109698,4
5113,3529,3.0,3
5113,3614,1.4117748024383499,1
5113,3809,2.240798760029579,1
5114,1848,3.0,3
5116,1265,4.440003757695386,5
5116,2858,4.371456143670784,5
5116,3157,3.0,2
5118,266,3.5155207458631037,2
5118,648,3.2805460128090016,3
5119,1380,3.6584977655125526,4
5120,912,4.054980504211293,3
5120,2005,3.7304862827220036,3
5120,2407,3.7202622724664454,3
5120,3204,4.0,4
5121,1917,3.4566143487694863,3
5121,2253,3.4216496803959724,1
5122,2139,3.0,5
5123,434,3.2966466977017483,4
5123,3770,3.5061755299425275,4
5124,34,3.735237835800054,5
5124,281,3.0,3
5124,296,3.5983086643227793,4
5124,348,3.6170654138059573,3
5124,1192,5.0,3
5124,2351,3.0,3
5125,920,4.5614495884941855,5
5126,337,3.978516980478137,3
5126,1213,4.0119079515714,4
5126,1270,3.9683682799835633,4
5126,2918,4.3490766178578815,4
5127,2021,3.5099401292013392,1
5128,1625,3.991251840983762,4
5128,2716,3.7622935707770173,2
5129,750,4.018151044782398,5
5129,1592,3.0,4
5129,2683,3.782781613219995,4
5129,3524,4.2182428892212664,3
5130,912,4.592866389923201,5
5130,1283,4.751115764989728,4
5131,349,3.5350557855840843,3
5131,555,3.509713777932754,5
5131,608,3.7024409058093974,4
5131,1100,3.1928678832127297,3
5131,1409,3.363938770375281,3
5131,2474,4.452587763740285,3
5131,3102,4.333534483820023,4
5134,1210,3.68222682622734,3
5134,1225,3.8178097958070807,5
5134,2015,3.0000000000000004,2
5134,2501,3.8728352163233772,5
5134,3020,3.3135795545070064,5
5135,1394,3.592584012987338,4
5136,265,3.7945150823269724,3
5136,588,3.9044729698122267,5
5136,671,3.0,4
5136,1268,4.0076349482210265,4
5136,1396,4.018866395910954,4
5136,1476,3.904362891512431,4
5136,1845,3.684745659622223,4
5136,2278,3.9981095423478163,4
5136,2321,3.8402073225214797,4
5136,2890,3.9596270045671274,3
5136,3764,3.0,4
5137,3740,5.0,5
5138,380,3.4010046602619526,4
5138,945,3.0,2
5138,1376,3.4716457796291724,4
5138,1947,3.3100663846952676,3
5138,1950,3.098996573535407,3
5138,2020,3.1768708259226304,1
5138,2124,3.1040140780384577,2
5138,2194,3.3355181273422003,4
5138,3175,3.4037087886137978,4
5139,296,3.9896961122934225,2
5139,590,4.073688657319753,3
5139,1230,4.014072358044557,1
5139,2028,4.048020932885603,3
5139,2405,3.4028293595419274,2
5139,3317,2.5208645617025205,3
5139,3730,4.068635148413761,4
5140,1610,3.6402360786971637,4
5140,1956,3.7929133882580484,3
5140,2302,3.6839836913846384,4
5140,2735,3.453781823096721,3
5140,3206,3.0,4
5142,48,3.708218676136144,2
5142,1135,4.104346746125946,3
5142,1184,3.0,5
5142,1499,3.0817222288422705,1
5142,1525,3.0,1
5142,2370,3.0,5
5142,2382,2.79928346971685,2
5142,2429,3.0,1
5142,2723,4.488963879656014,5
5142,2877,3.0,2
5142,3094,3.0,5
5142,3285,5.0,3
5142,3489,3.619938722346006,5
5142,3494,4.388980902556623,4
5143,441,4.591406925939399,5
5143,733,4.160955969647434,5
5143,3174,4.5520158063915,4
5144,3513,5.0,5
5146,3006,5.0,4
5147,1047,3.289933099237243,2
5147,1573,3.7272457390345175,3
5147,2916,3.7356933360293345,3
5147,3256,3.343070204829168,4
5148,292,3.7757430416056783,3
5148,500,4.092536937200252,3
5148,1485,3.893485614527414,4
5148,2268,4.086748336354019,5
5150,1210,4.202449020425244,4
5151,2762,3.782689639626859,5
5151,2995,2.654620919996245,1
5151,3175,3.8901861011310954,4
5152,3061,3.0,3
5153,743,3.0,2
5153,788,3.023440320845979,3
5153,933,3.0,3
5153,1265,3.572065761724159,4
5153,1674,3.6063871117195547,4
5153,2379,2.680765374564261,2
5153,3552,3.3658432275398056,3
5153,3691,3.0,2
5154,3155,3.0,3
5155,2427,3.190818935310103,2
5155,3773,1.0,1
5156,21,4.357090089518395,4
5156,322,3.468220554684878,3
5156,940,5.0,5
5156,1250,4.708170173686124,5
5156,1641,4.395085781960574,3
5156,2716,4.346063504176587,4
5156,2762,4.308157877353393,1
5156,2770,3.9091779125200548,3
5156,3586,3.0,5
5157,908,4.189144176889924,5
5157,930,4.40216245272747,5
5157,1247,4.129626384133464,4
5158,121,3.0,5
5158,364,4.24668927455455,5
5158,590,4.3843935403518435,4
5158,2605,3.7870453810752966,3
5158,2995,3.3143946637629145,2
5158,3662,3.0,1
5160,34,4.0,3
5160,1136,4.27078131199108,5
5160,1247,4.13536688580277,5
5161,10,2.8784742154658858,2
5161,527,3.4266784984333367,5
5161,593,3.397195119552192,3
5161,762,2.2182400520046364,1
5161,919,3.3868569514149165,4
5161,1097,3.276558196220736,2
5161,1729,3.724793555524885,3
5161,2150,2.9154253006920534,4
5161,2762,2.990334212540128,5
5161,3448,3.189122962506797,3
5161,3733,4.662238785703048,2
5163,231,3.9127072615418714,4
5163,296,3.9626335323985415,4
5163,440,4.357002044108383,5
5163,534,3.0,5
5163,648,4.159490731032965,4
5163,866,3.9590821453108824,4
5163,1080,3.9431433764607315,5
5163,1090,3.9295235027964996,3
5163,1669,3.0,2
5163,1747,3.9725449746396104,2
5163,2118,4.2911657597289645,4
5163,2287,3.4899399473068224,3
5163,2496,3.7680721882126655,4
5163,2915,3.8958405276669854,4
5163,3070,3.9473798912673503,4
5163,3086,3.0,3
5163,3422,3.0,2
5163,3671,3.927671060220432,4
5164,2289,4.430536146934918,3
5165,2396,4.7845417711609555,5
5165,2700,4.80702239501086,5
5166,1183,4.160808460794519,5
5166,2019,4.447988526047139,5
5167,198,4.320487609166788,5
5167,1372,3.505987561783965,3
5167,2186,4.894869619132736,4
5169,1645,3.8161137731997865,2
5169,2313,3.7483613697197913,4
5170,101,5.0,5
5172,1124,3.733425559227129,4
5172,1537,4.0,4
5172,1648,3.0,4
5172,2085,3.5224694342818643,4
5172,2300,4.110972174988333,5
5172,3072,3.76879876722155,5
5172,3129,4.0,4
5172,3897,3.704592810606803,4
5173,551,3.8847167416831723,3
5173,1438,3.313928681337502,3
5173,1801,4.241406372810104,1
5173,1876,4.051577244850961,3
5173,2993,4.4388384715423,4
5176,588,3.6817382861907983,3
5176,3745,5.0,4
5177,2036,3.0,3
5178,911,4.0,4
5178,1517,3.684124031025363,4
5178,2706,3.341513492893978,3
5178,2867,3.7642055972492474,4
5178,3683,4.391957252096079,5
5179,3000,3.0,5
5180,3095,4.5289379937067356,4
5181,527,4.402245382758536,5
5181,2336,3.455712273920857,5
5182,427,3.0,3
5182,1049,4.339244580326221,5
5182,1592,3.0,4
5182,1917,4.196585331970242,4
5182,2012,4.096334595586243,3
5182,2046,4.10579066398297,5
5182,2122,4.005496894288731,3
5182,3361,4.208336296706984,3
5182,3412,3.0,4
5184,21,4.2968644289229925,5
5184,168,2.9593827938191253,2
5184,1235,4.698093304361487,5
5184,2336,4.626412455743551,3
5184,2355,4.22901293692659,4
5184,2700,4.397815676584392,4
5184,3082,4.4204901712539115,1
5184,3512,2.4970968695500586,3
5184,3751,4.374966875955288,4
5185,54,3.0,3
5185,1113,3.0,4
5185,2728,4.060136796272622,4
5185,3394,3.3282856472344613,3
5185,3471,3.602797808387121,3
5186,1375,3.9764619718202727,3
5186,2501,5.0,5
5186,2528,4.114746018057274,4
5186,2712,4.6766761315860785,2
5187,858,4.114947454309102,5
5188,420,4.205630511970374,5
5188,2886,3.0,2
5188,3271,4.0,5
5189,2908,3.0,5
5189,3671,3.6143161032094246,3
5191,1641,4.0175852499976115,3
5193,28,3.0,4
5193,2300,4.100100961201977,4
5193,2310,3.0,4
5193,3685,3.7350109523565056,3
5194,2997,3.56499438533991,4
5194,3578,3.4591786644973963,3
5195,334,3.0,4
5196,1409,2.5575768234637537,3
5196,1516,3.0,4
5197,599,3.5514740064309755,1
5197,1201,3.4509956985677,1
5197,2082,3.360804814713926,4
5197,2921,3.474675983839749,1
5197,2940,4.164779011420557,3
5197,3033,4.382851726470866,4
5198,589,3.215628810467595,1
5198,1097,3.2746022900378704,3
5198,2491,3.0,2
5198,2618,3.0,3
5198,2797,3.361863802546769,3
5200,457,4.112382256325748,5
5200,1240,4.120260353724866,5
5200,3435,5.0,5
5201,910,3.6853875023404337,4
5201,1299,3.740708136435178,3
5201,1997,3.588368427416748,2
5201,3168,3.3633752352097237,3
5201,3363,3.69830885071595,4
5201,3405,3.0,3
5202,1080,4.541338602784342,5
5203,1266,4.176610178921791,5
5205,229,3.0,2
5205,253,3.7412204572964014,4
5205,364,3.680548937679036,4
5205,1299,3.9124581990827263,5
5205,2490,3.6900450166261822,4
5205,2657,3.58482638833122,3
5205,2683,3.533754259468326,4
5205,3753,4.0387964620140355,4
5205,3917,4.678983461201208,5
5209,1036,4.11698241643914,4
5210,1104,3.969747276916174,4
5210,1225,4.0,5
5210,3513,3.0,4
5210,3578,3.9166649010464725,4
5210,3699,3.7594635828915077,4
5211,1127,3.8305755831921653,3
5211,1297,3.934384959825139,4
5212,39,5.0,3
5212,899,4.794609184814995,5
5213,3552,3.6216244700134053,4
5217,1089,3.5129460228213345,4
5217,2013,3.616227487407226,4
5217,3409,4.0,2
5218,2005,4.4104741109193455,5
5218,2021,4.338947656052725,4
5218,2628,4.268624316628814,5
5218,2968,4.1573919859598645,5
5219,208,3.954417982448714,2
5219,480,4.099512830498118,3
5219,836,3.6440166746965463,1
5219,1200,4.174994038448633,4
5220,885,3.0,2
5220,1011,3.1965437887311947,3
5220,1186,3.962868295743852,4
5220,1197,3.6811936351008763,3
5220,1265,3.745515501289393,4
5220,1267,4.1023835037068235,3
5220,1330,2.7102695699130663,3
5220,1414,3.0,4
5220,1625,3.9183674046888712,3
5220,2069,3.5152238453825433,3
5220,2710,3.851069159196022,4
5220,2762,3.749769938263102,5
5220,2779,3.8447078815043843,3
5220,2961,3.0,2
5220,3078,3.0,3
5220,3271,3.9270686514792645,3
5220,3308,3.5575412900713723,3
5220,3420,3.0000000000000004,3
5222,969,3.6704498909576926,4
5222,1517,3.3694368504451524,2
5222,2936,3.6926399441524076,1
5222,3210,3.3546538818087477,2
5223,327,3.0252838802073314,4
5223,535,4.001675977128716,4
5223,912,3.61626964709945,4
5223,1449,3.5267161630555313,5
5223,1690,2.814730703551546,3
5224,2720,1.9873554368181994,2
5225,32,3.7366727511059277,4
5225,574,3.0,3
5225,610,3.613524141367573,3
5225,741,3.824448948275852,5
5225,892,3.0,5
5225,2712,3.965365329145109,4
5225,2889,3.0,4
5227,338,2.4994958385650836,3
5227,1210,3.5142667961417833,2
5227,1722,3.5839216141992374,2
5227,2628,2.808639857304804,3
5229,2706,4.3754260128694495,5
5230,1220,3.4960131042761744,4
5230,1291,3.8265927328494413,4
5230,1307,3.8637159327092188,5
5230,3703,3.8793235644574877,4
5231,458,3.0,5
5232,356,3.5691660617093555,3
5233,949,4.243563445231758,4
5233,1206,4.254950675500357,4
5233,2282,3.0,3
5233,3424,4.196686486026778,3
5234,1663,3.7440971375052436,4
5234,2858,3.6148790364467396,3
5236,457,3.8447544253153385,4
5236,647,3.9054896656664826,3
5236,1059,4.0,4
5236,2028,3.8830413542710955,5
5236,2959,3.402583307085059,4
5237,592,3.756946587646615,4
5237,1136,3.4492459632715216,3
5239,2020,4.051726180610743,4
5239,2194,3.926162755087666,4
5239,2294,3.8747792587988674,3
5239,2417,3.0,4
5239,2802,3.2573348305507084,3
5239,2858,4.179567439898105,5
5239,3686,3.549062470597007,3
5241,497,4.082838882121691,5
5241,1357,3.9927271695603634,1
5241,3565,3.5142036431894934,3
5242,293,3.147773756573119,4
5242,2761,3.1053508700496404,5
5242,3156,3.0,3
5243,1,3.455670578311509,1
5244,480,3.7303390770476645,5
5245,3129,3.0,5
5246,36,4.339897584400053,5
5246,1641,4.135627110713343,5
5246,1747,4.124886694930507,3
5247,1387,2.780661981549421,4
5247,1513,3.083746966359131,3
5248,3004,3.0,5
5249,50,3.376990537859516,5
5249,185,3.3408858642824115,3
5249,457,3.3678983086500933,4
5249,516,3.4958763919878453,3
5249,1196,3.3309020992068086,5
5249,1356,3.411583602591764,3
5249,1562,3.284332924383791,1
5249,2688,3.3844244050109182,3
5250,2,3.087667150108921,3
5250,613,3.0,4
5250,804,3.0,3
5250,2974,3.020039127915899,2
5250,3676,5.0,1
5251,608,3.7525314007010486,2
5251,1060,3.6358594132164277,4
5251,2710,3.22520246107823,3
5251,3067,4.0,5
5253,920,4.083986015521934,3
5253,1094,3.9419649509252697,2
5253,1589,4.041836824326675,4
5253,2431,4.0,3
5253,3035,3.939641973633805,5
5254,1249,3.8520713524565853,4
5255,709,4.606501180102922,5
5255,2791,4.630398517421357,5
5255,2997,4.689822233821464,4
5256,185,3.1032724978908344,2
5256,265,3.8172970514093727,4
5256,520,2.8545228500897553,2
5256,743,3.0,2
5256,1201,4.060369377926392,4
5256,1225,3.8041825315159437,5
5256,1408,3.990435102179974,4
5256,1608,3.7415545110183146,5
5256,1752,2.926925726452359,2
5256,1927,4.63679693083805,4
5256,2072,2.63282945959346,2
5256,2085,3.632662892934737,4
5256,2115,3.7219867042310137,3
5256,2354,3.0,2
5256,2377,3.259368252400355,3
5256,2404,2.817803430106816,2
5256,2533,3.6810969007588965,3
5256,2581,3.5572946323938544,4
5256,2598,3.1005613069835882,3
5256,3176,3.6372370052013063,4
5256,3256,3.385767377104087,4
5256,3362,3.954838704573333,4
5256,3468,4.421392370525728,4
5256,3590,3.0,3
5256,3633,3.8705984352200367,5
5257,1885,3.9659936889018543,4
5257,3068,4.37915815771575,5
5257,3421,3.5545443345368737,3
5258,589,4.717918099719474,4
5260,1186,3.809398958606239,4
5260,1983,2.2883598552207634,1
5260,2130,3.8138651451316297,4
5260,2313,3.6248414037274386,3
5260,3194,4.0,1
5260,3363,3.7871445550445437,4
5261,1608,2.976471481157763,4
5261,3703,3.385837218262479,4
5262,2762,2.8495687118794994,5
5262,3614,2.596447634895367,3
5262,3635,3.5493805461305747,2
5262,3638,3.192315714109632,1
5263,1224,5.0,5
5263,2571,3.976822046934073,5
5263,2948,4.038503557422992,3
5263,3104,3.984162751923029,4
5263,3578,3.9934048410885605,4
5263,3654,4.009912325874905,4
5264,1994,3.7172449256399913,4
5264,2352,3.8424327949479467,5
5264,2683,3.644841292292304,3
5265,97,3.0,4
5265,912,3.9408548659755747,3
5265,928,4.2257565805209705,4
5265,940,3.0,3
5265,1211,4.478518080112115,5
5265,2391,3.857886297600665,5
5265,3298,4.002797878377507,5
5265,3499,3.7833080380091166,4
5267,3176,3.7668178899405858,5
5267,3301,3.99846807442064,3
5267,3409,3.0,4
5267,3615,3.0,2
5268,7,3.1439685122135734,1
5268,11,3.1812689787834376,4
5268,60,2.0,3
5268,653,3.314135486051844,4
5268,1833,2.5503972227171596,1
5268,2378,3.5138286452158347,4
5268,2405,3.204262285674467,3
5268,2496,3.0485439971664787,4
5268,2628,3.1947491708422264,1
5268,2748,3.0,1
5268,3114,3.8419656920593903,5
5268,3391,2.9458803011324304,2
5268,3476,3.9260130400714477,5
5269,281,3.0,4
5269,594,3.4894707129061535,2
5269,858,3.7521498660038635,4
5269,994,4.0,5
5269,1077,3.8568953209122774,4
5269,1836,3.0,4
5269,2166,3.0,4
5269,2411,2.2982104182566894,1
5269,3091,3.0,3
5269,3528,2.0,1
5269,3671,3.6680811908550224,3
5270,1059,3.0,5
5270,1093,2.747727698207053,2
5270,1346,3.4904099119651315,3
5270,1348,5.0,3
5270,2628,4.160665221321752,5
5270,3053,3.0,5
5271,39,3.7073234431426445,4
5271,1259,3.8356929609895047,4
5271,1266,3.8937483484690136,4
5271,2243,3.952657364556414,4
5271,2336,3.7507029458810073,4
5271,2949,3.8702460519714053,4
5271,2969,3.0,4
5272,1197,2.779359227909321,5
5272,2369,2.537463617679145,2
5272,2791,2.673946793454832,1
5272,2989,2.406544921980584,3
5273,36,4.034224677382023,4
5273,590,3.921793901016033,5
5273,976,3.0,2
5273,1104,4.505973346889925,5
5273,1178,4.7091521494018345,5
5273,1256,4.608977095177325,5
5273,1269,4.519100957550906,5
5273,1278,4.1101688378192565,4
5273,1941,3.0,5
5273,1968,3.8214316252567486,2
5273,2049,3.0,1
5273,2065,4.075502231542988,4
5273,2081,3.6886858548228534,3
5273,2202,4.783245518829503,4
5273,2243,4.042028111551757,5
5273,2285,3.0,4
5273,2422,3.6840590621159364,1
5273,3028,3.0,4
5273,3030,5.0,5
5273,3467,4.684385152106223,4
5273,3671,4.093603444666459,2
5273,3699,3.869811764455314,4
5273,3724,4.244210095591774,5
5274,3471,3.863582684144303,1
5275,11,3.989595361473725,4
5275,277,3.0,2
5275,490,2.0,4
5275,1734,3.0,5
5275,2702,5.0,4
5276,921,5.0,3
5276,3481,3.6760253119615602,3
5277,517,2.036909120618655,3
5277,783,3.120130826747778,3
5277,921,4.0599097552485786,4
5277,1077,3.8456424982390987,4
5277,1294,3.6917664016131413,4
5277,1304,3.7023470238777283,5
5277,1721,3.4748114870183655,4
5277,1927,4.1561347108813855,3
5277,2028,3.549876330169425,5
5277,2324,3.6459831546357173,3
5277,2617,3.2035190282554247,3
5277,3006,3.539401182330384,4
5277,3386,3.5506236049069346,5
5278,1129,3.956350989970188,5
5278,1301,4.300738407468714,5
5278,1909,3.2789733933525023,4
5278,2763,4.000292313596211,5
5278,3175,3.327927674440785,2
5278,3763,3.951120877105254,5
5279,1183,3.959761592593275,4
5279,3723,3.0,4
5280,661,3.0,3
5281,1127,4.181982522487258,4
5281,1193,4.225805915893622,5
5281,1222,4.084538999922612,5
5281,1954,4.07543580400261,5
5281,2370,3.0,4
5281,2407,4.199954176141189,4
5281,2641,3.8985801451659614,3
5281,3359,4.0,5
5282,1,3.666865111406856,5
5282,289,2.5644865135209014,3
5282,784,2.518004547316166,1
5282,901,4.189623618041432,4
5282,1148,4.761308725747203,4
5282,1223,4.5105711926442575,4
5282,1457,2.704532241826521,3
5282,1906,3.0,3
5282,2085,3.7675988189507597,3
5282,2581,3.6158840426720813,2
5282,2628,3.377530136772388,1
5283,1210,3.7336800106133787,5
5283,1242,3.999467365476694,4
5283,1748,3.8364124998342515,5
5283,2003,3.686405858311147,3
5283,2140,3.7148673415500535,4
5283,2808,3.3345485683231924,2
5284,1197,4.061740700663133,5
5284,2021,3.883241763007792,2
5285,2628,3.923454013368011,4
5286,440,4.041664416766515,4
5286,1276,4.477463619415544,5
5286,2542,4.033455010632226,4
5286,2997,4.436669634762588,5
5286,3462,2.898541048291661,4
5287,1346,3.5818361947542323,4
5287,2378,3.6960861718861793,4
5287,3527,3.834044110349267,4
5287,3552,4.076224892676257,4
5287,3608,3.878355883263192,4
5289,446,5.0,5
5289,480,3.801545379229636,4
5289,913,4.32793772020883,4
5289,922,4.37948274057782,5
5289,969,4.170224323826013,5
5289,1135,3.4859485433681248,1
5289,1148,4.438101244225916,5
5289,1172,4.23895977625818,4
5289,1200,3.86480268659988,4
5289,1375,3.5844750713778373,2
5289,1608,3.615357445450821,3
5289,1639,3.4828097785336363,4
5289,1965,4.034513586763246,5
5289,2132,4.129601377570362,4
5289,2165,3.0,4
5289,2352,3.7656261368364747,5
5289,2939,3.0,4
5289,2940,3.6371187625383827,5
5289,3546,5.0,4
5289,3871,5.0,4
5290,2248,4.694473040945116,5
5290,3499,4.008223707714969,4
5291,1094,4.390982803526735,3
5291,2858,3.9468010859261327,5
5294,52,4.539906766318549,4
5294,588,3.9393720340559577,5
5294,1527,3.8319667576531655,4
5294,2291,4.125327600481217,4
5296,1090,4.182903511136081,1
5296,2067,4.34550328043363,5
5296,2971,4.502464361430979,2
5296,3255,4.3785500302364575,5
5298,1965,3.5888188156410155,3
5299,29,3.4775957432189375,3
5300,1278,4.255149037970479,4
5300,2356,5.0,4
5300,2598,3.7131458279175438,3
5301,25,3.8814436165957957,1
5301,1221,3.833046218539169,3
5302,7,3.7646486827106633,5
5302,261,3.0,5
5302,653,4.070176614806331,4
5302,1302,3.7885661883442943,5
5302,1363,4.0,3
5302,2006,3.8697440248507067,3
5302,3549,3.994078775308385,3
5302,3916,3.3161462360061353,5
5304,1617,3.8572322632186355,3
5304,3243,3.0,1
5305,296,3.9204034111133734,5
5305,708,3.760531927729349,4
5305,902,3.8088973343398065,5
5305,1644,3.1889086490089524,2
5305,1805,3.638380020299507,4
5305,2891,3.0,5
5305,3264,3.5814264626650116,4
5306,360,3.0,3
5306,541,3.577544047282158,4
5306,661,3.956916935207973,1
5306,802,3.6298509104204886,3
5306,919,3.7578648668396704,5
5306,933,4.345448198201598,4
5306,1515,2.7700912793351273,1
5306,1635,3.5553968909622378,3
5306,1821,3.2823244814446437,4
5306,1883,3.614331452900359,4
5306,1920,3.314238045726788,3
5306,2105,3.3235004632260505,3
5306,3082,3.3290599850060536,4
5306,3263,3.4284501585842455,4
5306,3525,2.968815280805213,1
5306,3545,4.073202245429851,5
5307,1372,3.712170912811019,4
5307,1584,3.644408063667045,2
5308,2571,3.6604767009786747,4
5309,2605,3.7647420090081476,2
5310,915,4.150195620143201,4
5310,3475,4.525888477208977,3
5311,3710,3.0,1
5312,7,3.765153013570955,1
5312,93,3.0,2
5312,196,4.055836167019834,3
5312,296,4.244316438219275,5
5312,432,3.9760377774439997,1
5312,500,4.141247996317386,4
5312,785,4.230051596833605,2
5312,818,4.14382328431221,4
5312,849,3.9553935244167264,4
5312,1081,3.9919628644983147,4
5312,1172,4.376448571716899,5
5312,1591,3.9637732730305997,3
5312,1924,4.0,4
5312,1973,3.7743123632009343,3
5312,2183,4.471975231702963,4
5312,2416,4.302312492265258,5
5312,2455,4.133826983168017,5
5312,2539,4.149689984523347,4
5312,3688,4.101236578641601,2
5312,3791,3.605566354394434,3
5312,3911,4.506735126867182,5
5313,1019,3.603924796254151,4
5313,3408,4.213015894870071,3
5313,3567,3.0,2
5313,3684,3.772405807955697,5
5313,3703,3.7998054720233676,3
5315,908,4.60509499761138,5
5316,3033,4.108791470818178,4
5317,39,4.095678204510283,5
5317,708,3.950487257477119,4
5317,832,3.9689622231150805,2
5317,1061,4.059362516468574,4
5317,1186,4.278901051131386,4
5317,1208,4.346764470408397,3
5317,1249,4.346346759410399,5
5317,1358,4.255376771685076,5
5317,1961,4.238049081279401,5
5317,2405,4.113039797073161,4
5317,2804,4.286187146290984,5
5317,3019,4.183337186496383,5
5317,3063,3.7600712436065313,4
5317,3251,4.1674929741095195,5
5317,3381,3.0,3
5318,316,3.737684629746802,4
5318,516,3.0,2
5318,2692,4.228610179569731,4
5319,29,4.775908287610876,5
5319,32,3.9821742371012636,5
5319,1198,4.017732193030036,4
5319,1552,3.7524418432859847,4
5319,2000,3.8682434421853014,4
5319,2105,3.9136965864163797,4
5319,2288,4.1645109050901485,5
5319,2504,3.0,4
5319,2668,3.4406342075576224,4
5319,3000,5.0,4
5319,3208,3.613746809112456,4
5319,3545,3.574184502351487,2
5320,48,2.3331236312690944,3
5320,364,2.6914841432208845,5
5321,361,3.0,2
5321,1258,2.861564631541066,5
5321,1945,3.8885836731466883,4
5321,2111,3.075701284410863,3
5321,2987,3.299140301930951,1
5322,1073,3.839818213299947,5
5322,1148,4.587688229068244,4
5322,2797,3.548113743776111,4
5323,29,4.4218122361938255,5
5323,198,4.083189594762941,4
5323,2581,2.911865773705151,2
5323,2598,2.9431705675070057,2
5323,2900,3.0,3
5323,3070,4.224186199264478,3
5323,3629,4.999999999999999,5
5324,32,4.049043497181996,5
5324,2359,4.175804033861758,4
5324,3210,4.079934669513229,4
5324,3316,3.0,3
5325,1610,2.6689840527700706,2
5326,2918,2.309135773585861,2
5327,1222,4.429549192330419,4
5327,1307,4.427548640284813,5
5327,2750,4.16203369822284,4
5327,3703,4.496532334713237,4
5329,260,4.515501243191971,5
5329,1084,4.762824752640799,5
5329,1482,3.0,4
5329,1641,4.473599132169294,5
5329,1913,3.0,5
5329,2268,4.37935680060984,4
5329,2416,4.06543416947642,4
5329,3330,3.0,5
5330,1104,3.627244789622797,2
5330,1719,3.840289519169943,3
5332,2490,4.385307320819484,5
5333,22,3.6594169586360006,1
5333,224,4.255553150679593,4
5333,364,3.8100046396142004,4
5333,434,3.6658118158344997,3
5333,469,3.0,4
5333,848,3.0,4
5333,1036,3.7104011767778533,4
5333,1183,3.9297361405310682,5
5333,1212,3.8223728038774483,3
5333,1296,3.8559322819087023,5
5333,1591,3.622999508288717,1
5333,1680,4.258762534621711,4
5333,2172,3.0,3
5333,2396,3.9674018340701953,5
5333,3125,3.0,4
5335,457,4.185972091079028,4
5335,1086,4.261494159416923,5
5335,1186,4.059077143486193,4
5335,1200,4.24624572148536,5
5335,1247,4.145591948812589,5
5336,2991,4.590370446790031,5
5337,916,4.849816206892487,5
5337,1077,4.482488667886712,5
5337,1291,4.291588404796698,5
5337,1654,3.0,5
5337,2405,4.284828913636728,4
5337,2615,4.5124925487909335,4
5337,3168,4.621198471589888,3
5338,172,3.9413697790221915,3
5338,541,3.9415451247098354,5
5338,1917,3.931360578564377,3
5339,329,3.936274931174511,3
5340,272,3.6539003908489764,4
5340,866,3.8720541925069525,3
5340,1392,3.0,3
5340,1719,4.12225053067217,5
5340,1968,3.526171606781921,2
5340,2324,3.837270094819924,2
5340,2875,3.1676411977949863,3
5340,2891,3.0,2
5341,2795,3.558714101058362,2
5341,3308,3.78652072707741,5
5343,2762,5.000000000000001,5
5344,195,3.0,4
5344,339,3.298242086920353,3
5344,2857,4.0,4
5344,3671,3.6421335741866363,4
5345,327,3.3208352867363216,4
5345,380,3.7423368315542973,4
5345,589,3.9480304285085994,4
5345,784,3.4537412844318016,1
5345,1036,3.9395436931593824,4
5345,1285,4.094237222291772,5
5345,1792,2.867146888860757,2
5345,1884,4.252931173376624,4
5345,2867,3.6171045316349737,2
5345,3267,4.282321601023906,4
5346,912,4.565409550724654,4
5346,1221,4.34391039966602,4
5346,3724,3.0,4
5347,292,3.5633996085701707,4
5347,329,3.4828449733730347,2
5347,356,3.7156518798173708,5
5347,500,3.558341442290263,4
5347,880,2.914186745363641,1
5347,2394,3.3950695915855604,2
5347,2396,3.8491217165741696,4
5347,2485,3.3479499096904477,1
5347,2581,3.0721791734771333,1
5347,3176,3.95645991710412,5
5347,3623,3.791570184855285,3
5349,50,4.2030572657930545,4
5349,357,4.074463685955988,5
5349,372,4.167309650046103,3
5349,800,3.998527221315256,5
5349,1094,4.354641514551795,5
5349,1280,4.62785080149248,4
5349,1304,4.320250053505212,5
5349,2312,4.101735061071914,3
5349,3260,4.64746103217262,5
5349,3618,3.0,5
5350,21,3.1647732154034305,3
5350,648,2.964442181964188,3
5350,741,3.722756368448822,4
5350,1240,3.074874775831086,4
5350,1377,2.909335852599724,2
5350,2403,2.610462252488787,1
5351,733,4.19281813060497,4
5352,910,4.200721529959153,5
5352,1073,3.899293286344572,3
5352,1394,3.659899567345231,5
5352,1784,4.090012366946189,5
5352,2761,4.3750133060133445,4
5352,2779,4.086905503160121,3
5352,3108,3.910576068913061,5
5353,111,4.060558077318977,4
5354,383,4.0,2
5355,1210,3.67205980126223,4
5355,1247,3.6341123116833414,4
5355,3203,3.3156793821928594,4
5357,2485,4.49858748751277,4
5359,481,4.498620509789571,3
5359,541,4.043611806336154,5
5359,1479,3.1216651830067272,5
5359,1527,3.849110260202714,5
5359,1537,4.0,3
5359,1608,3.9443027020078287,3
5359,2005,3.837846171246194,4
5359,2012,3.9035696985896835,3
5359,3034,3.4915059341116734,3
5359,3698,3.755065629978552,4
5361,2082,3.630094264628209,5
5362,1941,3.0,3
5362,2940,3.674830985277063,3
5364,317,4.225385786687625,3
5364,1687,3.2833964171692274,3
5364,1792,3.5509004014777843,3
5364,2054,4.076346650339978,3
5364,2174,4.103678768364882,3
5364,2410,4.1957609710578065,4
5364,2716,4.1489820523534915,4
5364,3107,4.1215513330880365,3
5364,3438,4.032612974634207,2
5365,1059,4.1777895011730015,5
5365,1603,3.9539382801366605,3
5365,1912,4.422023363066746,4
5365,2002,3.8879473955465906,5
5365,2169,3.858937842337262,4
5365,2598,4.523948125002803,4
5365,3114,4.435868848544573,4
5365,3477,4.165740266067942,5
5366,377,3.3956069683273062,2
5366,1197,3.590922374685457,4
5366,1213,3.6990230550718386,4
5367,34,3.4718922139022634,4
5367,228,3.0,1
5367,405,1.8939088200494878,2
5367,429,1.274560060162186,2
5367,497,3.099896263105952,4
5367,509,3.1979880642267453,2
5367,542,1.765689937195834,2
5367,586,2.4975664795436843,2
5367,700,3.0,3
5367,1031,2.6010966471968153,3
5367,1100,2.411044657594771,2
5367,1103,4.118493825066701,4
5367,1320,2.623118374612577,3
5367,1347,2.47483765486919,3
5367,1483,3.0,1
5367,1953,3.9832954382145136,5
5367,1958,3.165177365056836,3
5367,2059,2.08221792161487,1
5367,2100,3.0491898659252374,3
5367,2105,2.878645851587885,3
5367,2126,2.548138984644583,1
5367,2161,2.800004451021563,3
5367,2263,3.0,2
5367,2302,3.1171526731246537,3
5367,2422,2.174807583742561,1
5367,2477,3.0,1
5367,2664,3.81073558943498,3
5367,2761,3.490992858413628,4
5367,3300,3.1614743617828895,2
5367,3397,2.686572508005076,3
5367,3481,3.776903646165707,5
5367,3668,4.0,2
5367,3740,2.7520962461901064,4
5368,1396,3.457123113928008,3
5368,2273,2.5394739510932918,3
5369,265,3.815049466029683,3
5369,1089,3.7504519593893835,4
5369,1095,3.771123977385629,4
5369,1179,3.888629461466165,4
5369,1213,3.815869704241781,5
5369,1277,3.0,5
5369,1411,3.0,5
5369,1965,3.79107397988516,3
5369,2318,3.0,4
5369,2693,3.0,4
5370,2841,2.341948190669339,4
5371,280,4.0,2
5371,388,3.0,5
5371,428,4.392702668163368,5
5371,562,4.540001285977639,5
5371,1288,4.154094695479908,5
5371,1914,3.0,4
5371,1963,4.527072119242565,5
5371,2268,4.077058498527707,3
5376,296,3.880369778549115,5
5376,1250,4.127270757490984,5
5376,2289,3.9483338592598356,3
5376,2334,3.3281505226517725,3
5376,3481,3.965735440032598,4
5377,1213,3.77195585959113,5
5378,2336,3.9656212809319586,5
5378,2605,3.4109143460097395,3
5378,3711,3.0,4
5380,3535,5.0,5
5381,1265,4.085489545888692,3
5381,1845,3.0,3
5381,3263,4.095747646122185,3
5382,3438,4.014337819690343,2
5382,3617,3.0,3
5383,2400,3.0,2
5384,588,4.67055462556357,4
5385,1221,4.367026263972208,3
5385,1291,4.407583822371064,3
5386,1356,3.8047593778107616,3
5386,2555,3.0,3
5387,587,3.4803835543636077,3
5387,1018,3.0,4
5387,1625,3.882017408340666,4
5387,2124,3.3533567289489548,4
5387,2363,4.228070639558057,3
5387,2467,4.489099688242581,4
5387,2497,3.0,1
5387,2693,3.0,4
5387,2950,2.900807202444736,1
5387,3097,5.0,1
5387,3550,3.79530761622034,2
5387,3699,3.7436311691756323,2
5389,1206,3.7883713242500434,3
5389,2232,3.2399116187144226,3
5389,2526,3.0,2
5389,2553,4.0,3
5389,3033,3.587687896821972,3
5390,327,2.0705589981797026,2
5390,1275,3.983823301497564,4
5390,1466,4.115514664594323,4
5390,2167,3.5842715269278966,1
5390,2577,3.0,3
5391,3157,3.0,1
5393,527,3.855253686953338,4
5393,2145,3.5805315573516565,3
5393,3107,3.639970250444295,2
5393,3145,3.0,2
5393,3261,3.634604676212966,3
5394,104,3.5606921866014587,4
5394,117,3.0,2
5394,186,3.1280923830914382,2
5394,223,3.7534553426621167,5
5394,364,3.5356148085824697,4
5394,1010,2.876297565822219,3
5394,1173,4.0,4
5394,1339,3.3630552481664533,4
5394,1844,3.0,3
5394,2051,3.0,3
5394,2078,3.314013239811324,4
5394,2203,4.206967654808035,3
5394,2410,3.0859244072454137,2
5394,2473,2.850627102138686,2
5394,2616,3.1904955675817055,3
5394,2791,3.659073905368432,4
5394,2890,3.81748586027945,4
5394,3624,3.9325736967095044,3
5394,3697,3.227399386244921,2
5394,3764,3.0,3
5395,904,4.540765080197979,5
5395,2080,3.7958387350230103,5
5395,2433,3.9141102761529867,4
5396,3702,4.288504115560628,3
5397,172,2.5591862885199554,3
5397,1197,3.6024025843353358,5
5397,1270,3.5490955004570806,4
5397,1272,4.188223920345775,4
5397,1620,3.0705451590135633,4
5397,2088,3.331048011011679,2
5397,2389,1.8196393789009515,2
5397,2791,3.6713836474849346,3
5397,3006,4.0580744779485896,5
5397,3174,4.066009325503829,5
5397,3396,3.6545481781080174,2
5398,2976,4.629700663165875,5
5399,2959,3.9343291751130005,4
5400,3578,3.797906730241244,5
5401,1566,4.068792484769805,3
5401,2248,4.461510991444876,5
5402,1372,3.804591028999917,3
5402,3270,3.0,4
5403,541,3.7109150255403063,4
5403,595,3.154009469379605,2
5403,965,2.9999999999999996,3
5403,1219,3.4923863630070135,3
5403,1376,3.6048834487937307,3
5403,1704,3.8324625116752085,4
5403,2324,3.581846125371719,3
5403,3354,4.068404154008909,4
5404,34,4.215663759949255,3
5404,377,4.062266183710081,3
5404,678,3.0,5
5404,733,4.0499878534465905,3
5404,1693,3.0,4
5404,2906,3.0,2
5404,2973,4.118815165813648,5
5404,3469,5.0,3
5404,3510,3.9743850240241536,4
5405,1183,3.8115743565184204,5
5405,1387,3.8223607476593284,3
5405,3783,3.0,4
5405,3798,3.0,3
5406,2324,3.655452838670565,4
5406,2405,3.25233407819139,3
5406,3396,3.582774948764564,5
5408,2946,4.783844939156302,5
5410,2555,3.0,1
5410,2676,3.0,3
5410,3703,3.873494901297066,4
5410,3724,4.001922042953277,4
5411,1125,4.0,3
5411,3723,3.0,5
5412,539,4.092621182935772,3
5412,908,4.503092053233212,5
5412,913,4.601121316118984,5
5412,1282,4.386647622328,5
5412,1866,3.526631845033525,3
5412,1973,1.0,1
5412,2021,4.091934869648429,4
5412,2076,4.510396598375825,4
5412,2161,4.145744769675202,4
5412,2529,3.676841280883574,5
5412,2763,4.11712682099734,3
5412,3755,4.363047379912765,1
5413,290,3.0,5
5413,922,4.576231837004402,5
5413,1200,4.250661471634334,5
5413,2893,3.0,4
5413,3007,3.0,4
5414,364,3.9618596185599833,1
5414,1278,3.8825559091336705,4
5414,2028,3.895354987919799,4
5415,1307,3.6225560929532117,5
5416,3714,3.0,4
5417,2663,2.648851607050976,3
5418,1183,3.820072180527561,5
5418,1222,3.578893160601991,3
5418,1234,3.7377296857298514,4
5418,1291,3.6058468578931673,4
5418,1912,3.8000897428705596,5
5418,1954,3.786327687781427,4
5418,2366,3.7731187362937626,4
5418,2987,3.698405412624977,4
5418,3104,3.636231420423587,4
5418,3108,3.7493308369613376,4
5419,1732,3.725792340278232,4
5419,3072,3.62281339668413,3
5419,3217,3.0,2
5420,48,3.448761411983088,3
5420,888,3.0,1
5420,1005,2.299177670218172,1
5420,2090,3.336027675496185,2
5420,2876,3.0,4
5421,318,4.116239678384666,5
5421,1131,4.0,5
5421,1296,3.844468821441035,3
5421,1394,4.021540264211355,2
5421,1968,4.063350986759737,3
5421,2028,4.136595194332734,5
5421,2791,3.9009297197160473,3
5421,3360,3.940227782708618,4
5422,7,3.567521002946869,4
5422,2779,4.0103540469775805,3
5422,3543,4.1368440808121365,4
5423,1267,4.435846009014846,5
5424,1201,4.015407840002426,3
5424,1221,3.9867705076700473,4
5424,2571,3.8300716361342393,3
5424,2724,3.426897194104616,3
5424,2770,3.965002709305193,3
5424,3578,3.7275502695274554,4
5424,3798,5.0,4
5425,1027,3.0,3
5426,266,3.853710789307339,2
5426,1390,3.0,3
5426,1552,3.7901033171203755,4
5426,1617,3.7027337496772317,3
5426,3510,4.259015040406018,5
5428,62,4.322756412207227,5
5428,280,4.231701923508298,4
5428,453,3.0,4
5428,1271,4.16917566872718,5
5428,1816,3.0,4
5428,2558,4.184031004400341,3
5428,2567,3.9214289362149826,3
5428,2916,4.276014629857676,5
5428,3259,4.29143060541598,5
5429,2501,3.8155663102261763,5
5430,892,3.0,5
5430,1035,4.2166718511423,4
5431,539,4.110233100026704,5
5431,1728,3.0,3
5431,1777,3.976759643031705,4
5432,1242,4.082777555433825,4
5432,1834,3.954263898287894,4
5432,2025,3.0,2
5432,2349,3.339063569257634,3
5432,2759,3.0,3
5432,2948,4.104704850483533,2
5432,3481,4.023750257736437,4
5433,11,3.38766553165227,4
5433,327,2.978244935770616,2
5433,1004,2.8453822786003093,4
5433,1059,4.159800470043167,3
5433,1334,2.546236337046872,1
5433,1374,2.9872180874510095,3
5433,1518,3.3872940515732846,3
5433,1641,3.467022777030519,4
5433,1754,3.0480195740548015,5
5433,1805,3.4284209109118455,4
5433,1839,3.0,2
5433,1911,3.1611176815886264,3
5433,1923,3.4087685912252526,5
5433,1968,3.320430608525218,4
5433,1985,1.121561789635214,1
5433,2019,3.3899461456954403,4
5433,2151,3.0,2
5433,2160,3.0192889248909123,5
5433,2463,3.2334123569794957,4
5433,3087,3.0999681872802975,2
5434,162,4.728109735367763,5
5434,785,4.400575018714947,5
5434,906,4.999999999999999,5
5434,913,4.698785685067098,5
5434,926,5.0,5
5434,1284,5.0,5
5434,1417,3.0,5
5434,1446,3.0,3
5434,1480,3.0,3
5434,1653,4.045945380588473,5
5434,2271,3.0,3
5434,3361,4.103468276414443,5
5435,150,4.148530389248061,5
5435,2858,4.248177486023689,5
5436,165,3.4864527098225806,3
5437,919,3.7554743692540504,4
5437,923,3.921687330342108,3
5437,1172,3.8868163898288293,3
5437,1500,3.7098972966227124,4
5437,2997,3.8358858143947008,4
5437,3424,3.952502016164495,4
5438,457,3.7231921348353194,4
5438,3253,3.5510663113632743,2
5439,3174,4.0,3
5441,1292,3.491772915923711,4
5441,2134,3.932602735071584,4
5441,2429,3.0,2
5442,296,4.13467354983881,5
5442,1500,4.173148817885152,4
5442,2918,3.944887199322753,4
5443,1265,4.334755472751421,4
5443,1805,4.356890962561165,4
5443,2193,4.249466156958341,4
5443,2316,4.238083696213057,4
5443,2641,4.261500844755562,5
5443,2986,4.006876118297023,3
5445,50,3.81959966822344,5
5445,1267,4.046837313562937,4
5446,541,4.778948841425565,5
5446,2019,4.764231634637608,4
5446,2920,5.0,2
5446,3095,4.687976588518848,3
5447,919,4.359766060150726,5
5447,1136,4.360876372699976,4
5448,111,3.7067230153093074,4
5448,586,3.220682216530319,3
5448,1663,3.56471541262984,3
5448,2469,3.3957577571671305,3
5448,2706,3.6122085857168345,1
5448,3095,4.0810025012796505,4
5448,3508,3.09456786875221,2
5448,3908,3.0,2
5449,160,4.238912374581987,5
5449,223,4.414294299988944,3
5449,2997,4.127475294452243,5
5450,318,3.2840131529825656,3
5450,1256,4.053695815362784,3
5450,1340,3.726665132745437,4
5450,1371,3.11099068426501,2
5450,1580,3.187231056240825,4
5450,1684,3.0,4
5450,2132,4.399752420797311,5
5450,2642,3.098084574533204,2
5450,2858,3.0346380416070624,2
5450,3471,3.3931490621625096,3
5451,6,3.9344005411430962,4
5451,1247,4.3948263100826175,5
5452,380,3.0601058096461333,5
5452,922,4.162338956926827,3
5452,1089,3.105136202838061,5
5452,1267,4.1643925506598265,4
5452,1299,4.122932603028716,5
5452,1405,3.2046260500575485,3
5452,1673,3.666432006324551,5
5452,1721,3.156204515685698,2
5452,2022,3.0,3
5452,2174,3.296964812128478,3
5452,3424,3.8554372643429846,4
5453,16,3.944613682565185,3
5453,1197,3.9493665137697835,5
5453,1396,3.846084545780632,3
5453,2628,3.93375924801156,3
5454,913,4.563558237240016,4
5454,3580,3.0,3
5455,1196,3.8411608786754994,5
5455,2396,3.9700075732142945,5
5455,2572,4.0,5
5455,3354,3.8031989083640427,2
5455,3593,3.0,2
5456,2300,3.7102443449304547,3
5457,104,3.681681423535066,3
5457,780,3.5414738322717767,4
5457,1291,3.6351775737392606,4
5457,2173,3.0,2
5457,2275,3.0,5
5457,3081,3.536719462252408,4
5458,390,3.0,3
5458,590,3.865340760469197,3
5458,1210,3.922660512823815,4
5458,1614,3.3763753312581537,2
5458,2333,4.056899544739121,5
5458,2628,3.7440321640176633,4
5458,2702,4.507638159961347,4
5458,3359,4.495460620343613,4
5459,3,4.253323431444637,3
5459,2042,2.643983154369459,4
5459,2881,4.274389090721406,5
5460,1198,4.411523362570331,5
5462,2826,4.208640930664045,5
5462,3452,3.0,5
5462,3565,3.0,4
5463,924,4.206408403055605,4
5463,1227,4.237427888976807,3
5463,1684,3.0,4
5463,3435,4.357243478886283,5
5463,3504,4.190712291306958,3
5463,3556,3.0,4
5464,1299,4.421238441055134,4
5466,39,4.135385328605726,3
5466,969,4.322425969588693,4
5468,515,3.8451959768295243,4
5468,608,3.7924354842675685,5
5468,1125,3.3361806633028834,3
5468,1196,3.5601068277522967,5
5468,1372,3.4146738574413913,4
5468,1405,3.526903265590474,3
5468,1572,5.0,5
5468,1921,3.952360641402611,3
5468,2571,3.5065070209642273,4
5468,2617,3.1175174205244813,2
5468,2919,4.075621352243216,4
5468,3079,3.0,4
5468,3221,3.0,4
5469,1683,5.0,4
5469,2571,4.12651638820529,4
5470,592,3.9524806442040967,4
5470,3035,4.355689831629407,4
5470,3168,3.4938279702562163,3
5472,502,2.514062333006995,1
5472,948,2.0,1
5472,1291,3.012734266259952,4
5472,1422,3.0,2
5472,1690,2.9178975957657403,2
5472,1954,2.875752962827063,2
5472,2145,2.6666970695379146,1
5472,2167,2.905895966125254,2
5472,3427,5.0,2
5472,3555,3.1545092965700565,4
5473,50,4.16355285453014,5
5473,1089,4.272285943680401,1
5473,1210,4.033166564786652,5
5473,1674,4.168647689694509,5
5473,1690,4.276577649738768,1
5475,318,4.252210499997045,5
5475,353,3.6338625954261947,3
5475,454,4.017401020597305,3
5475,2268,4.137082574486926,3
5475,2369,4.229679971198248,3
5475,2542,4.496129897875313,5
5475,3101,4.177132236750151,3
5475,3173,4.316903407477167,2
5475,3308,4.122651360268978,3
5475,3452,3.0,3
5475,3699,4.182886754406572,5
5476,527,4.565548995420851,5
5476,1857,3.0,5
5477,1097,3.670722934528821,3
5477,1376,3.6899505464762137,3
5478,1356,3.5333172551439094,4
5479,593,3.4758356176560374,4
5479,2150,3.5627401868854354,4
5480,1100,3.262050334175938,2
5480,2405,3.715608823371849,3
5480,2633,3.0,3
5480,3039,3.563773780575408,4
5480,3712,3.104992828593266,3
5481,3147,3.9375999794023815,5
5482,208,3.9452545691415395,2
5482,296,4.179655236756508,5
5482,367,4.107727481225058,4
5482,908,4.3061858483573205,5
5482,1407,3.8405247159994804,4
5482,1573,4.124321400450266,5
5482,1730,3.0,4
5482,1884,3.991118438613284,4
5482,2959,4.028939766220623,4
5482,3081,3.8787598598159865,4
5482,3257,3.926243135991732,3
5483,492,4.2953153468401375,3
5483,590,4.3498830639377335,5
5483,1190,3.0,4
5484,3871,4.0,5
5485,1028,3.8185712228629294,5
5485,1301,3.8003126997008203,4
5485,1584,3.735050121627844,5
5485,2495,3.0,5
5485,3699,3.7349680745488048,3
5486,910,4.886641831423967,3
5487,1240,4.523473722606005,4
5488,1060,3.109192602991877,2
5488,1258,3.2484272565728545,5
5488,1566,3.093314880329879,2
5488,1682,3.369045153142885,4
5489,648,4.233308303196176,4
5489,1198,4.140295358028326,5
5489,1288,4.672375461058074,3
5489,1909,4.368964727829829,3
5490,1198,3.1867160441444313,5
5490,2328,3.503921361179675,3
5491,209,3.0,2
5491,543,3.8167050823802118,4
5491,1060,3.9229945492277034,5
5491,1196,3.9405204685715036,4
5491,2150,4.046276307747108,3
5491,2763,3.773874496339778,3
5491,3246,4.120121965901022,4
5491,3686,3.7051284834114204,4
5492,1,3.5893358215985316,4
5492,185,2.3536397395456476,4
5492,329,3.3014096127276193,1
5492,1240,3.495432145926572,2
5492,2059,4.4753198584347045,5
5492,2502,3.3112331588770614,2
5492,2509,3.0,1
5492,2540,4.0,2
5492,3263,3.7408889426957495,2
5493,216,2.56657145936622,1
5493,1653,3.8006527145102056,2
5493,1694,3.994266048489982,3
5493,2883,3.0,3
5493,3160,3.66083267316934,5
5493,3253,3.653209118974638,3
5493,3258,2.3734894286306814,2
5493,3263,3.386990315131292,2
5494,899,4.109288581396943,4
5494,2019,3.9492109501338617,4
5494,3735,4.115671658104026,4
5495,1185,3.0,3
5496,296,3.6282903026189577,4
5496,2762,4.013557025276169,3
5497,497,4.170052602986735,4
5497,1049,3.886342010307745,4
5497,2115,4.15406303307509,4
5498,527,3.884120939323741,5
5498,2424,3.2528357200498133,2
5499,1580,4.674993825776349,4
5499,1777,4.6886280098813,5
5499,3101,4.927101217890453,5
5500,1224,2.0,3
5500,1734,3.0,4
5500,1938,3.0,4
5501,29,3.7722364165729174,4
5501,41,5.0,4
5501,671,2.73116902797483,4
5501,1263,4.239469578362952,5
5501,1285,3.796655611279685,4
5501,1356,3.138334921079025,4
5501,2002,3.0012718797122617,3
5501,2034,2.8874880429067376,2
5501,2336,3.684151021714232,5
5501,2643,2.3369644545230153,1
5501,2879,1.0,1
5501,3033,3.1916374816307935,2
5501,3088,4.207232539404849,3
5501,3361,3.7957511360405296,4
5502,555,4.157131114655652,4
5502,1683,5.0,3
5502,3081,3.9587817342023657,3
5502,3113,5.0,3
5502,3518,3.0,4
5503,17,4.240684139083038,5
5504,95,3.975301208080893,5
5504,314,3.0,5
5504,474,4.263056518958216,5
5504,480,4.29583871153309,5
5504,519,3.147001939926272,2
5504,592,3.9422561546898853,5
5504,912,4.657054696662753,5
5504,1198,4.022325489751216,5
5504,1702,3.5001670072250968,4
5504,2033,4.999999999999999,5
5504,2097,4.0497737604485575,4
5504,2105,4.302088866482619,5
5504,2365,3.0,3
5504,2425,3.0,5
5504,2527,4.392591138752064,4
5504,3372,5.0,4
5505,913,4.06577507515541,4
5505,1032,4.341599223691885,3
5506,653,4.09167547176614,3
5506,1961,4.483025113459868,3
5506,3270,3.0,4
5508,367,4.056518308363069,5
5509,2333,3.1796554790200515,5
5510,34,3.7156808673381803,2
5510,1196,4.099028207321903,4
5510,1210,4.095192753343999,5
5510,1222,4.095938249588539,4
5510,2001,4.057868452105317,4
5510,2058,4.0086277165499,5
5510,2944,4.203951884991315,4
5511,52,3.892250437018672,5
5511,105,4.670545052620403,3
5511,225,4.284028183712291,4
5511,296,4.453860085654649,5
5511,539,4.230158164813358,4
5511,913,4.706342517855657,5
5511,916,4.472298720827659,4
5511,920,4.6827501646335765,4
5511,1016,4.012115875886435,4
5511,1017,4.251445407759183,4
5511,1135,4.164997400538051,3
5511,1183,4.433261620702728,5
5511,1273,3.0,4
5511,1303,4.833649085486371,5
5511,1304,4.578576564967321,5
5511,1711,4.318802854718168,3
5511,1721,4.327169550089245,4
5511,1750,3.0,4
5511,1882,3.866444202881654,4
5511,1968,4.182950588778653,4
5511,2472,3.0,4
5511,2640,4.014576697250217,5
5511,2664,4.483545586301262,5
5511,2762,4.169741368816115,5
5511,2797,4.163415166758443,5
5511,3015,4.381699424339078,4
5511,3107,4.191964262597932,4
5511,3175,4.016974328676441,5
5511,3308,4.424220542622011,4
5511,3649,3.0,4
5512,1201,4.376901084659895,4
5512,1259,4.257388912274995,4
5512,2316,4.486055546362168,3
5512,2858,3.9349285051097938,5
5512,2953,4.02268600164103,3
5516,25,4.0517800842883425,1
5516,2918,4.265352459244019,5
5516,3257,4.06789914068572,5
5516,3418,4.346782424540018,4
5517,898,4.579313134836526,4
5517,904,3.989984711703191,5
5517,960,3.0,3
5517,967,3.484396262770514,3
5517,1132,3.0,5
5517,1234,4.510483107160361,4
5517,1248,4.784307173905504,5
5517,1252,4.560800576039124,5
5517,2677,3.0,4
5517,3467,4.488651992828705,4
5518,780,4.010370581672824,3
5518,1375,4.071875600752126,4
5518,2448,4.0,3
5519,260,3.4785135813927925,4
5519,518,3.0,3
5519,1079,3.55910209744249,4
5519,1090,3.48514020972286,5
5519,1296,3.5646666470191724,4
5519,1917,3.2649167453493124,3
5519,1947,3.556338361224452,3
5519,1954,3.5831819673502725,3
5519,1967,3.296830351040994,4
5519,2161,3.2272758273092266,3
5519,2551,3.0,2
5519,2662,3.331780561100061,3
5519,2686,5.0,4
5520,480,4.096227936303726,4
5520,1304,4.408720084367304,4
5521,3104,4.079565097465779,5
5522,541,4.103912628090305,4
5522,543,3.8770239178948005,4
5522,590,3.970886793534171,5
5522,1031,3.9415452843209424,4
5522,1073,4.003363589813995,5
5522,1092,3.945393984671292,4
5522,1220,3.7696304916886354,3
5522,1300,4.4956250182276305,5
5522,1580,3.914804646349254,4
5522,1729,4.259818351865166,5
5522,1827,3.0,5
5522,2157,3.0,5
5522,2245,3.8451729191783395,3
5522,2269,3.758099668018727,2
5522,2302,4.0060613882935785,4
5522,2396,4.135929767869125,3
5522,2694,3.7108953572871197,1
5522,2987,4.038576195869651,5
5522,3098,4.159352946699381,3
5522,3396,4.12983663434524,5
5522,3897,4.508863889756609,5
5523,1021,4.338154328559834,4
5523,1372,3.939956852920449,4
5523,1408,3.9528271494019593,4
5523,1954,3.934814706941026,5
5523,1955,3.8950332550704734,4
5523,2011,3.862678573229408,5
5523,2294,4.099512288177682,4
5523,2404,4.022082211640542,4
5523,2407,3.9291756646938283,4
5523,2915,3.9465243897416062,3
5523,2986,3.792654332378228,3
5523,3061,4.157679775322113,5
5524,1103,3.924097810331905,5
5526,308,3.0,3
5526,412,4.0,4
5526,1097,3.918720273886768,4
5526,1131,3.5208957950877218,4
5526,1217,4.318326639235521,5
5526,1296,4.129138086007836,4
5526,1597,3.362629470166554,4
5526,1686,3.0,3
5526,1945,4.32723236163964,4
5527,428,2.999106744348835,3
5528,3053,3.0,3
5529,934,3.0,3
5530,92,3.0,1
5530,555,3.4685406821787708,4
5530,587,3.27938136303464,2
5530,597,3.0048794656485622,4
5530,724,2.11027763736399,2
5530,912,3.8868286982891385,3
5530,953,3.7015575742293034,4
5530,1248,4.511474602348014,4
5530,1270,3.3989358300748473,4
5530,1875,3.0,5
5530,3087,3.093145340019671,3
5530,3095,4.338868195643161,3
5530,3105,3.6258290638195687,4
5530,3181,3.0,5
5530,3271,3.677549782349742,3
5530,3461,3.0,2
5530,3699,3.3785299849190933,3
5531,552,3.775499499004582,3
5532,356,3.451653747499672,5
5532,1191,3.0,2
5532,2100,3.309623511017316,3
5532,2335,3.6254104450413003,5
5532,2468,3.619886546027168,2
5532,2710,3.3319643663656495,2
5534,434,4.773551707524998,5
5534,1197,4.5736799108503865,5
5534,1373,4.431013579216822,4
5534,2712,3.3905635755116443,2
5534,2871,4.35896164839846,3
5534,3408,4.4444942920943005,4
5535,32,3.726689217851647,3
5535,1090,3.855210710052739,5
5535,1197,3.6355062628239314,4
5535,1261,4.09410951138569,1
5535,2019,4.322850700802799,5
5535,2291,3.6473978777126645,4
5535,3424,4.005019306879123,4
5536,10,2.8727600170847625,2
5536,249,3.0,3
5536,481,3.557688967620581,3
5536,996,2.3794821249526388,2
5536,1216,3.0,3
5536,1617,3.366669167084122,4
5536,1635,3.5559041045738122,3
5536,1831,2.6381784744234626,3
5536,1918,2.7245685430268987,3
5536,2064,3.5244939262391335,4
5536,2406,3.0633161640058493,4
5536,2469,3.091947656947793,2
5536,2950,2.8230890201266416,1
5536,3477,2.5128946054864802,2
5536,3500,3.0,2
5536,3555,3.0513895751207123,4
5537,246,3.417174260292511,5
5538,908,4.160424228318713,5
5538,3061,4.300081255525536,4
5538,3524,3.7200632206287705,4
5539,193,3.0,1
5539,608,3.779348888475762,5
5539,1089,3.479236257561514,4
5539,1171,4.649866277992102,4
5539,1220,3.4500146337844058,4
5539,1449,3.793833458474039,4
5539,3739,3.0,4
5540,940,4.0,5
5540,1201,3.9233023736987893,4
5540,1230,4.200424998813999,4
5540,2366,4.051092888471363,5
5540,2527,3.7067098605167725,3
5542,2969,3.0,5
5542,3545,5.0,3
5543,173,3.5961047909195805,3
5543,589,3.858153779943259,5
5543,720,3.0,4
5543,920,3.700179726567451,2
5543,1200,3.872056433075224,4
5543,1584,3.8766216976947208,5
5543,2028,3.959969743207816,3
5543,2116,3.9200884313073505,4
5543,2641,3.7566678121329256,2
5543,3701,4.0241395066642776,4
5545,223,4.796560259604153,4
5545,1372,4.372058045413621,4
5545,1457,3.0,4
5545,1584,4.479970729783296,5
5545,1949,4.348680137255138,5
5545,2518,5.0,5
5546,2664,4.003856109355278,3
5547,4,3.0,3
5547,1639,4.1436297435412,4
5547,2108,3.8934013931659224,3
5547,2539,3.802794184365551,3
5547,2567,3.8447015519891443,4
5547,2836,3.0,3
5548,122,3.0,1
5548,920,3.8478842252087926,3
5548,1466,3.410311099626789,4
5548,1611,3.4519706426154264,5
5548,1923,3.5134764476759424,2
5549,3643,3.0,4
5550,36,4.119828903275371,3
5550,316,3.676231301111565,4
5550,594,3.965447039055525,4
5550,1242,4.081492267740248,5
5550,1305,3.0,3
5550,1625,3.9613204963052477,3
5550,2012,3.75658397724249,4
5550,2294,3.876192899603099,4
5550,2529,3.714636538372522,4
5550,2701,3.4938124830233948,1
5550,2795,4.005411204799305,2
5550,2901,4.006927120589682,2
5551,1341,3.0,2
5553,260,3.7116062460229906,3
5553,1689,3.0,4
5553,2987,3.7337118646423746,3
5554,1127,3.4909335052986608,4
5554,1396,3.8016093695985216,4
5554,1527,3.8348905624394596,2
5554,1997,3.8123061130149964,5
5554,3033,3.3746414749143554,3
5554,3082,3.1642949575698083,3
5554,3638,3.816684541637142,3
5555,1,3.6307285303295607,4
5555,480,3.5326774196390494,4
5555,991,3.0,3
5555,1136,3.7207706971560714,5
5555,1214,3.4324724091967993,5
5555,1240,3.558941988979233,4
5555,1358,3.9118365257091074,3
5555,1385,2.86877220717019,4
5555,1619,5.0,4
5555,1681,3.1539916805486854,3
5555,1792,2.940330617317016,2
5555,1977,3.5651502069017975,2
5555,2455,3.474297248312986,4
5555,2716,3.446273554211384,5
5555,2797,3.453060287586219,4
5555,3034,2.9705538605783826,4
5555,3165,3.0,2
5555,3418,3.682099760857999,2
5556,362,3.0,3
5556,380,3.2443311470653913,3
5556,558,3.0,2
5556,780,3.2657739045758536,2
5556,852,2.7914856495917673,1
5556,1193,3.549213632481849,4
5556,2080,3.376363111551279,5
5556,2137,3.4760588155159056,4
5556,3704,3.252629526693663,3
5557,592,4.220450768123729,4
5557,1292,4.650899216319915,5
5557,1957,4.628036003849147,5
5557,2355,4.12404892501722,4
5557,3676,3.0,5
5557,3811,4.834130447430627,5
5558,318,3.4752960607725862,4
5558,1204,3.7083847247258714,2
5558,1474,1.9804328244926412,1
5558,1920,3.00318159767739,3
5558,2687,2.020777270983767,2
5558,2857,3.0,2
5558,3452,3.0,4
5558,3481,3.6165330929388024,3
5558,3638,3.581879292938522,4
5559,2858,3.992478968131721,5
5560,678,5.0,5
5560,3471,4.207564444300365,5
5561,60,3.0,1
5561,62,3.4783342531857926,3
5561,222,3.77803802774239,3
5561,507,3.478372551163869,4
5561,556,3.0,1
5561,1094,3.540044344552473,2
5561,1120,3.035220355593538,3
5561,1356,3.7034422727825516,4
5561,1476,3.079076859150473,2
5561,2058,3.4940261942823736,5
5561,2103,3.0,2
5561,2268,3.4281542180749223,3
5561,2330,3.0,1
5561,2353,3.549398825069111,3
5561,3686,3.415472060467239,1
5562,1307,3.643828322776511,4
5565,232,3.0,4
5565,329,4.217630347208126,4
5565,552,3.9719661762075598,3
5565,912,4.363508732314449,4
5565,1921,4.138591048503862,3
5565,2872,4.127620506316086,3
5566,1950,4.4600460341090065,5
5566,3448,3.69284329461728,2
5567,55,3.0,3
5567,905,4.219554335384605,3
5567,1008,3.671037667938104,4
5567,1224,3.469625031230174,4
5567,1367,3.0,3
5567,1660,3.0,4
5567,3011,4.200702936957991,3
5567,3524,3.2288816671518648,4
5568,76,4.480867349373204,5
5568,968,4.315639096702095,5
5568,1556,3.6032146333224504,3
5568,1681,3.964716657998437,4
5568,2405,4.047400694521734,4
5568,2710,4.528683722168865,1
5568,3439,4.120797938952612,5
5568,3705,4.1004071804514375,4
5569,222,4.001377143641064,4
5569,246,3.497368355291934,4
5569,1028,3.5427284894243454,4
5569,2059,3.4534059957410705,5
5569,3252,3.812360729697895,4
5570,292,3.750470600681682,4
5570,912,4.164031754065777,5
5570,1225,4.37279721362763,3
5570,1370,3.8223986041382414,4
5570,2014,4.274136171864197,4
5570,2095,3.0,4
5570,2186,4.278604047637068,5
5570,2367,3.658924306630994,4
5570,3698,3.759294251427692,1
5571,1,3.5731366891676726,3
5571,1282,3.6304652207953665,3
5571,1387,3.5734989847674377,3
5572,164,3.0,1
5572,1196,3.9943662385339382,4
5573,1247,3.8556970710025196,5
5573,1265,3.6698663008468664,1
5573,3106,3.0,5
5574,595,4.147698703983725,5
5574,1270,4.296406240822422,3
5574,2122,3.5109767340835853,4
5575,260,3.3107933048854212,5
5575,867,3.0,1
5575,1011,1.6834437729580334,2
5575,1911,2.8645714275748393,2
5575,2124,3.1641821891476583,2
5575,2301,3.7438053105264477,2
5575,2762,3.316156571747171,5
5575,3061,2.0,3
5575,3219,3.2001602461100758,3
5576,110,4.110149476539802,5
5576,329,4.0366491958006065,5
5576,546,3.8050574994797737,2
5576,1033,4.105220657551468,4
5576,1064,3.0,4
5576,2083,4.116932610766256,3
5576,2324,4.224348276291443,5
5576,2529,3.6774493542523365,2
5576,2746,3.86738406026214,1
5576,3584,3.0,4
5578,2371,4.123619769780336,5
5578,2762,3.7116484371058664,4
5578,2797,3.9288086312106745,3
5580,1090,4.221414748077095,4
5580,1307,4.140016126285152,5
5580,1569,3.8709765028556284,3
5580,2629,3.0,2
5580,2829,3.0,2
5580,3064,3.0,4
5580,3421,3.8466080991594276,4
5580,3501,3.6434576753279075,3
5580,3552,3.7602357314712327,4
5580,3811,4.853436456551975,5
5582,1046,3.0,5
5582,1224,5.0,5
5582,1269,4.595220777068485,5
5582,2648,4.769683378494567,5
5582,2863,4.723611585047969,3
5584,1413,3.0,4
5584,2171,3.0,3
5584,2553,3.79188259561168,3
5584,2651,4.172624097711401,4
5584,2784,3.0000000000000004,1
5585,1094,4.05053021510649,4
5585,1573,3.3994743229724897,4
5585,3649,3.0,4
5591,1206,4.72845779983681,5
5591,2194,4.4535087714685035,5
5592,590,4.256955526049605,4
5592,2791,4.253654640509764,5
5592,3701,4.097738293631954,4
5593,196,4.463939036498376,1
5594,17,4.133212540985586,3
5594,1234,4.206696233589021,5
5594,2067,4.253092682129505,5
5595,1580,3.3157570722347596,4
5595,2328,2.860083184065804,2
5595,2600,3.3127558134114445,1
5595,2989,3.2485452294150963,3
5596,32,4.251852555774207,4
5596,610,4.013658860832563,5
5596,968,3.7460743997362056,4
5596,1953,4.583839151884796,5
5596,3070,3.6601490623302166,1
5596,3527,4.197822309590161,5
5597,968,2.9593040478327772,5
5597,1988,3.358597082260381,4
5597,1999,3.5492851804224808,3
5597,2004,3.7021091073601338,2
5597,2648,2.1105409882995128,2
5598,708,4.104009223984913,4
5598,3285,3.0,4
5599,123,3.0,2
5599,208,3.678532587515157,2
5599,861,2.533756834441157,2
5599,1676,3.3036636641465833,1
5599,3578,4.065749054022435,4
5600,125,2.5947182354879734,5
5600,500,4.093169981498649,5
5600,909,4.321001532868891,4
5600,2443,3.0,5
5600,2724,4.705064282174676,5
5600,2804,3.926898982023229,5
5600,3705,5.0,5
5601,999,3.0,5
5603,1178,2.016941571059476,1
5603,1304,2.1241649723334297,3
5603,2312,3.826012233630151,4
5603,2551,4.0,1
5603,3508,1.1509252587907997,1
5604,356,3.372893999542238,3
5604,2324,3.5129455028301586,5
5604,2629,3.0,3
5604,2716,3.036562903163004,2
5604,2805,3.0,3
5604,3703,3.3318677713799434,2
5605,180,2.968151443734874,3
5605,344,3.0432430560840165,2
5605,491,3.0833642859588424,4
5605,835,3.0,2
5605,924,3.421267587416844,3
5605,1024,2.8262694818386978,3
5605,1032,3.3790940954760305,5
5605,1219,3.573772910648502,4
5605,1411,3.0,2
5605,1454,3.0,2
5605,1527,3.131255579069893,4
5605,2012,2.9418050577818198,2
5605,2065,3.57286697161538,5
5605,2541,3.3859336324737006,1
5605,2560,3.0,4
5605,2739,3.3083229355750063,3
5605,3552,3.422272503070476,1
5605,3591,2.99787490002186,3
5605,3608,3.30890423183748,4
5605,3629,3.0000000000000004,1
5605,3660,3.3185020681897415,4
5605,3672,1.0,1
5605,3686,3.487411611774201,4
5605,3844,2.3304290804829937,3
5605,3871,3.0,2
5606,1393,3.8616365922783653,5
5606,3014,3.0,3
5606,3711,3.0,5
5607,368,3.8227847348747406,4
5607,946,3.0,5
5607,1307,3.7089317043393373,5
5607,1569,3.7413793489372105,3
5607,2352,3.701053002433972,5
5608,908,3.616611710935778,3
5608,1097,3.6009786224398916,3
5610,296,4.3428096771018545,5
5611,2459,2.9999999999999996,4
5612,2433,2.814488790523293,4
5612,2485,2.0,2
5613,1394,4.13231261394648,4
5613,1965,3.595415943813538,3
5614,196,3.855906594816876,4
5614,300,4.1520444321529695,4
5614,427,3.0,2
5614,1031,3.4364044770329163,4
5614,1060,4.311708591402499,3
5614,1407,3.9551844956765057,3
5614,1552,3.9958414326009164,5
5614,1584,4.096438475170621,5
5614,1610,4.017119249716455,4
5614,1625,4.211851885994048,4
5614,1719,4.4268083574278325,5
5614,1966,4.495631640229539,4
5614,2137,3.741366735091272,3
5614,2420,3.817322025049888,3
5614,2496,3.6618606484945477,4
5614,2699,3.929934765188715,2
5614,2789,3.1192101189010857,4
5614,2791,4.034393218665776,5
5614,2804,4.184543943208005,5
5614,2989,3.922188023962076,3
5614,3016,3.4016005778065916,3
5614,3256,3.9562626750524013,3
5614,3259,3.9312660070368475,4
5614,3347,4.0,3
5614,3527,3.9823717988659224,2
5615,350,3.19670173177273,3
5615,514,3.146592318324585,4
5615,1042,3.5916136065283815,3
5615,1288,3.6553466631334746,5
5615,1566,3.5085725673249035,4
5615,2761,3.7381779935785833,4
5615,2891,3.0,4
5615,3424,3.9858053112442295,3
5616,424,3.0,3
5616,1221,4.207789666023769,5
5616,1256,4.233355135200243,4
5618,1,4.06953122094313,5
5618,1148,4.866098554141797,5
5618,1580,4.029737219795648,4
5618,2321,4.08526883771037,5
5618,2324,4.143727133202329,4
5618,2542,4.256345231427836,5
5618,3160,4.386701380187821,3
5619,2,3.6557904287920566,4
5619,222,4.017078247434022,5
5619,2025,3.0,4
5619,2396,3.8701109559856905,5
5619,3614,4.009077511573396,1
5620,260,3.6837195545461743,5
5620,380,3.622524675035538,3
5620,1387,3.769614898417504,5
5620,1954,3.897366033562911,5
5620,3593,2.0,2
5620,3793,3.4126466382540404,4
5621,913,4.169371184662479,3
5621,1090,3.321280504024416,4
5621,1265,3.188119921463674,2
5621,1923,2.953798289998755,4
5621,2468,2.448722999962454,1
5621,3066,3.524281449039219,2
5622,1966,5.0,5
5622,3683,4.239821959302369,4
5623,47,4.342915811758254,4
5623,493,5.0,5
5623,1228,4.366981931104115,4
5623,1231,4.312082016907357,5
5623,1257,4.194389545411699,5
5623,1619,3.0,4
5623,2034,3.3049780418236256,4
5623,2095,3.0,4
5623,2455,4.092117752707607,4
5623,3039,4.091261976749555,5
5624,364,3.7444568137767518,3
5624,913,4.181223947978517,5
5624,1089,3.6332916377842626,4
5624,1097,3.860605407459846,4
5624,1289,3.0,1
5624,2987,3.8605097726569793,4
5624,3266,3.0,1
5625,345,4.0,3
5625,493,3.0,4
5625,838,3.0,4
5625,954,4.359397364878647,4
5625,1265,3.9545217242501565,4
5625,1276,4.168311787884209,4
5625,3104,3.9619364309076803,4
5626,150,4.303884121738322,5
5626,897,5.0,5
5626,2013,4.511156732837174,4
5627,85,3.0,3
5627,353,2.8889145326217296,2
5627,830,2.638898619174634,3
5627,1084,3.69737215110425,3
5627,1225,3.4287727629409335,5
5627,1243,3.0,2
5627,1352,3.0,1
5627,2105,3.181609985915451,2
5627,2194,3.3286830526675186,4
5627,2948,3.494079968562382,4
5627,2985,3.2290509183775984,3
5627,3033,3.0125678846421686,2
5627,3081,3.0931884234753366,2
5627,3508,3.423118546751083,3
5627,3525,2.9108384700238847,3
5629,1073,4.4146543480015525,5
5629,3361,4.450361704399138,4
5629,3788,4.329261393780685,5
5630,1201,4.544806661175768,5
5630,2384,3.6451939580996684,2
5630,3676,3.0,3
5630,3712,4.306316722616477,5
5632,780,3.581688133787975,2
5632,2571,3.509414424251828,5
5634,1494,3.0,2
5634,2694,3.963783307971728,5
5636,34,3.553327819106638,4
5636,538,3.4758115972037387,4
5636,850,3.0,4
5636,1079,3.3982065891921533,4
5636,1257,3.2939114205765647,3
5636,1277,3.0,4
5636,1449,3.376660298884115,3
5636,1542,3.0,3
5636,2019,4.451351461623624,5
5636,2110,3.210663572249122,2
5636,2253,2.3596841752801367,1
5636,2433,3.2012314970460083,3
5636,2611,3.0,4
5636,2956,3.0,3
5636,3010,3.0,3
5636,3033,2.99192192822,2
5636,3418,3.3814145319836335,5
5636,3468,4.447983949768201,5
5636,3633,3.4503687913926884,3
5637,1028,3.9840755512294233,3
5638,912,3.9216201479405615,4
5638,1639,4.077425945615379,4
5638,2443,3.0,4
5639,2976,4.629700663165875,3
5640,2827,3.0,3
5641,36,3.646131708651866,4
5641,105,3.743803690224142,2
5641,1888,3.5914192840810246,3
5641,2706,3.16508915378527,3
5641,2770,3.3190908252410116,2
5641,3408,3.9686183085333435,5
5642,1015,4.0,4
5642,2083,2.4146682990458523,1
5642,2137,2.985616386580646,4
5643,47,3.1918121798618193,4
5643,150,3.6288333538564577,4
5643,153,3.174959915617123,2
5643,363,3.0,4
5643,938,3.6754574152027026,4
5643,1194,3.0250759424623603,1
5643,1293,4.063165711287285,3
5643,1485,2.9053337458977606,2
5643,1713,1.9915589960996443,3
5643,1801,2.9070334763613928,4
5643,2109,3.55819429762131,2
5643,2524,2.733413565700043,3
5643,2793,2.499283027948559,2
5643,2961,3.0,1
5643,3007,3.0,3
5643,3072,3.8780800224080543,4
5643,3088,3.9700848428314344,3
5643,3125,3.0,4
5643,3251,3.986890663407061,4
5643,3551,3.6692633786399034,3
5643,3591,3.394670092296899,3
5643,3655,3.0,4
5643,3675,3.3031362333004153,2
5643,3793,3.2271713825603934,4
5643,3824,3.0,2
5644,3034,3.609971475935664,3
5645,24,4.400215480394665,3
5645,524,4.020707204004401,2
5645,1895,5.0,5
5645,2161,4.348272791516818,3
5645,2414,4.66362106635298,4
5646,1205,3.0,5
5646,2116,4.156115039944309,2
5647,50,3.884130102214377,5
5647,110,3.9020894318708073,4
5647,1083,3.0,4
5647,1089,3.5377819094051386,3
5647,1645,3.9152350732438794,4
5647,1923,3.825361348967673,2
5647,2797,3.632878811120245,2
5647,3175,3.8189276275557367,1
5647,3252,3.8260070186068695,5
5648,2353,4.199031091822769,3
5648,2746,4.037598869870176,3
5649,50,3.9857995478773,5
5649,916,4.273223633424293,5
5649,1183,4.0544064901827195,2
5649,2324,4.044023868493252,5
5649,2571,3.842796563086652,5
5649,3176,3.69289963356981,3
5650,1196,3.25472137974293,3
5650,1234,3.4039798728976334,4
5650,1894,2.9147041796976993,2
5650,1970,1.0,1
5650,2012,3.217099497707182,4
5650,2033,2.8519580697301388,3
5650,2085,3.518143688554941,5
5650,2150,3.0510510449974033,2
5650,2321,2.7620920245367224,4
5650,2338,1.0,1
5652,111,4.233268671457103,3
5652,2125,3.291876234965472,3
5653,11,4.0048583933465505,4
5653,342,4.268405379882846,4
5653,922,4.254624135201167,4
5653,1243,3.0,5
5653,1633,4.0,4
5653,2763,3.888847361258635,4
5653,2961,3.0,3
5653,3505,3.9910671943797356,4
5654,357,4.137297794796354,4
5654,367,3.8443904310113357,4
5654,541,3.9307636593380457,5
5654,593,3.9599916748173483,5
5654,908,4.0594374602656424,3
5654,1513,3.859346242186079,4
5654,1653,3.92217112879129,4
5654,2155,3.878754171606261,3
5654,2628,3.9870318025439664,3
5654,3576,4.0,3
5655,457,3.737800828822439,3
5657,1183,4.405122449619463,3
5657,2442,3.0,3
5658,762,3.7850016209482025,2
5658,1617,4.169929887167864,4
5658,3364,5.0,4
5659,648,3.6736816771346614,5
5659,1320,3.469957529314679,4
5659,2076,3.2297623477429447,2
5659,2321,3.812349587520075,3
5659,3145,3.0,3
5659,3552,3.707799942886565,1
5660,1200,4.1746835790664285,3
5661,1,3.8635016830691136,5
5661,969,4.1440060661371465,4
5661,2243,4.046750138276173,3
5661,3471,3.969419065120796,3
5662,216,5.000000000000001,5
5662,2502,3.6589666235130314,5
5663,366,2.9094431387206203,3
5663,588,4.030378190166638,4
5663,1358,4.073278667540566,5
5663,2012,3.9317397140590207,4
5663,2793,3.134912462600417,4
5663,3108,4.032651213426795,4
5663,3157,3.0,3
5664,480,4.288406716994604,4
5664,1371,4.132837834302957,3
5664,1690,3.9850325813212604,4
5664,1777,4.296079807138034,4
5664,1997,4.588654575158826,5
5664,2364,3.0,4
5664,2791,4.433784449747882,5
5664,3354,3.9923923890569823,2
5664,3479,4.178794452689838,3
5664,3535,5.0,5
5665,924,4.345571172909466,5
5665,3052,5.0,5
5666,1968,4.291977013100047,4
5667,1272,4.3018356590953575,5
5667,1732,4.028832776424495,4
5667,1965,4.117685457357472,4
5667,2857,3.496986543678297,3
5667,3210,3.847521141251719,3
5668,110,4.3090710075408385,5
5668,914,5.0,4
5668,1088,4.452513316401879,5
5668,1947,4.188519498612853,5
5668,2406,4.30488727882104,5
5669,2918,3.1259726523165465,2
5670,1210,4.585648298125934,5
5670,1214,4.768477643597534,5
5671,919,4.597535424116464,5
5671,1036,4.536953732408708,5
5671,1962,4.709122593253684,4
5673,838,3.731172704291882,4
5674,608,3.9848641474234516,5
5674,2289,4.134622929403459,5
5675,170,3.72061383939978,4
5675,282,3.0,3
5675,479,3.0519035071017333,3
5675,1136,4.281598983699373,4
5675,1214,4.063153141459315,5
5675,1346,4.0,4
5675,1387,4.24643323849745,5
5675,1459,4.109377544666286,4
5675,1641,4.163627368913362,4
5675,1792,3.4199505223324076,4
5675,2000,4.169906658276546,5
5675,3044,4.105847599178127,4
5675,3360,4.34582690993366,4
5675,3386,4.152184451047537,4
5676,144,3.524936590438593,4
5676,413,2.8086298575281066,1
5676,708,2.838344155832613,2
5676,2302,3.1012281860991915,3
5677,141,3.277753129587724,5
5677,597,3.4155613921804924,5
5677,750,3.696355181397301,4
5677,1101,3.3855517095316374,4
5677,1242,3.574246696638888,4
5677,1394,3.3127878053167277,5
5678,32,3.986099511669598,4
5678,1370,3.8965453229349403,3
5678,1429,3.0,3
5678,3253,3.7762442941903296,4
5679,145,3.704198392636825,5
5679,2414,4.5424124113633955,5
5679,2985,4.556018681192798,4
5679,2991,4.580025554993199,5
5680,897,5.0,5
5680,2186,4.57532110491269,5
5680,3176,3.6752846378664894,5
5681,1234,3.7924690140649093,5
5681,2844,3.0,2
5682,42,3.484384074473938,4
5682,1196,4.202986556408585,5
5682,1265,4.251524352889355,4
5682,1385,3.616456989800253,4
5682,1580,4.148412066773758,4
5682,1619,4.497123459655566,5
5682,1721,4.409526157555958,5
5682,1892,4.276519671632053,4
5682,1894,3.753247175843057,4
5682,2389,2.8455924990379353,4
5682,2572,4.208410231105593,4
5682,2812,3.0,2
5682,3168,4.346924602248096,4
5682,3698,4.09661019761096,4
5682,3717,4.105269185949042,4
5682,3785,3.8435370107809192,5
5683,1499,3.513699246463135,3
5683,1644,3.8494863471165366,3
5684,296,3.737929861317044,5
5684,1216,3.0,2
5684,2174,3.6346922372031347,3
5684,2409,3.3732101566572177,3
5684,2641,3.454607016143782,4
5684,2772,3.0,1
5684,2948,4.033986532020612,3
5684,3213,3.0,2
5685,2337,3.0,4
5685,2908,3.832690689406082,4
5686,457,2.4269994787110023,2
5686,500,2.0751843251018665,1
5686,1206,2.7074382290354535,2
5686,1214,2.21182765665646,3
5686,1307,2.38710112400252,2
5686,1321,1.9492784967991803,2
5686,1408,2.4988204700733445,1
5686,2006,2.3565182117604855,2
5686,2206,2.235184780991806,1
5686,2371,1.7376440337667598,2
5686,2637,3.0,1
5686,2641,2.343893237095462,1
5686,2646,1.0,1
5686,3108,2.5241664698457886,2
5686,3243,1.647955376830828,1
5686,3354,2.93791615725469,1
5687,1196,3.7817743927325687,5
5688,912,3.654907013707188,5
5688,1073,3.314555021818097,3
5688,1333,3.5378355274023634,3
5688,1641,3.473663698423001,4
5689,7,3.625530868158076,4
5689,24,3.762891501976903,4
5689,289,3.1491779977460785,3
5689,480,3.8764848611300815,5
5689,1619,4.0,3
5689,2423,3.8033045913714187,4
5689,2572,3.5545541206014217,4
5689,3060,3.806225841930272,3
5689,3271,3.8129580100435914,3
5691,440,3.7955797298638716,5
5691,1958,3.7973597964313663,3
5691,2706,4.219826143772532,4
5692,1623,3.0,2
5692,1653,4.6196062396271875,5
5692,2881,2.8675130349426436,4
5692,3101,4.4175070562769445,3
5692,3253,4.486348655092516,3
5693,3418,3.5091469893767893,3
5694,910,4.3322364827093285,4
5695,2664,3.4672653793519634,3
5698,1220,3.753738973314027,3
5698,1256,4.043057178889365,4
5698,2105,3.708648544506702,3
5698,3024,2.94197147437687,2
5699,541,3.405868823952341,5
5699,587,3.134725980144138,2
5699,589,3.284014306574198,4
5699,910,4.0627327873302,3
5699,1334,3.031462883236597,3
5699,1573,3.1250500331625655,3
5699,2028,3.481277983421964,4
5699,2915,3.3845226987265384,4
5699,3421,3.4777394331525917,2
5700,2396,3.8678722797119756,3
5700,3060,3.6859032727419794,3
5701,1242,4.023969960186471,5
5701,1356,3.813076505340863,3
5701,2028,3.9980129052714393,5
5701,2078,4.1848348588821835,4
5702,2762,3.819035613303513,4
5702,3470,3.0,4
5703,1267,4.585158301904145,5
5703,1320,3.2923561194565005,1
5704,900,4.718720226144152,5
5704,911,5.0,5
5705,673,3.876770190481224,2
5705,1022,3.5723593968923173,3
5705,1059,4.528830065868285,4
5705,1994,3.820974327567728,3
5706,539,4.151465842809775,4
5706,543,4.135992412815562,3
5706,608,4.149320748290269,2
5706,1060,3.8420226127239214,2
5706,1641,4.205518500959896,3
5706,1909,4.106576489356094,3
5706,2858,3.989762008611628,5
5707,342,4.141377492122972,4
5707,474,4.291154879189572,3
5707,780,4.327067828698178,3
5708,1127,2.650596237652,2
5708,2311,2.474851092856834,2
5709,1198,3.5350466067661457,5
5709,1376,3.4194899433742134,4
5709,2872,3.55139465038582,5
5710,296,3.664455500941231,4
5711,2122,3.0,4
5712,1047,3.7564511792876765,4
5714,809,3.0,2
5714,2712,4.469000227436832,3
5714,3685,4.157058900537875,4
5715,1210,3.8225255276427843,4
5715,1215,3.7867838212916776,4
5715,1275,3.642542611896284,4
5715,1291,3.819303825521936,4
5716,2021,4.2445841122875105,4
5716,3175,3.9488779120374167,4
5717,260,3.8891918255352493,5
5717,266,3.891552225953643,4
5717,293,3.8740230325964085,4
5717,908,3.9026720805110076,4
5717,996,4.046329422631416,3
5717,1136,3.9006181893434637,4
5717,1252,3.910356606067977,5
5717,1617,3.9063531793288804,5
5717,2012,3.8496158589734795,2
5717,2504,3.0,4
5717,2571,3.878112636432601,5
5717,3498,3.7640916606664128,2
5718,150,4.4034551506030555,5
5718,356,4.3258469626007265,5
5718,1089,4.022097434228396,4
5718,1266,4.386930878106156,4
5718,3044,4.302907871061055,5
5718,3125,3.0,3
5718,3260,4.5610093107162255,5
5720,589,3.137589409808616,4
5720,1089,2.9992388361223346,4
5720,1513,2.8029282068420773,1
5720,1606,3.0,2
5720,1608,3.023739954795653,4
5720,1676,2.894297697538708,4
5720,2302,2.9670999764018577,2
5720,3153,3.0047051548048196,3
5722,162,4.6995920272509295,5
5722,951,4.878075458315961,5
5722,1213,4.146552991275783,5
5722,3446,3.0,2
5723,260,3.654925543762509,5
5723,527,3.7224771748229113,4
5723,608,3.748197696027078,4
5723,1660,3.0,1
5723,2300,3.709798412138842,3
5723,2712,4.251270023624668,3
5724,1214,3.9931677304002586,4
5725,3300,3.0,4
5726,1270,3.873101212725193,3
5726,1586,3.88353444263704,4
5726,2817,2.0,3
5727,2688,4.258407828820033,4
5728,1,3.7853999138483805,4
5728,1030,3.401209840594736,3
5728,1461,3.1298647064193235,3
5728,1848,3.0,4
5728,1923,3.6962349906776226,3
5728,2302,3.740037515506958,3
5728,2382,2.7199944216961423,2
5728,2558,3.5821093214126334,2
5728,3039,3.5975130715184456,4
5728,3361,3.750945780965849,3
5729,3264,4.223014463933617,4
5730,2605,3.160563641290936,3
5731,2006,4.374617020849959,3
5731,3104,4.377210733900182,5
5732,919,4.003166182300669,2
5732,1259,3.829050180124368,3
5733,1197,4.239014965262513,5
5733,1198,4.102440675463217,3
5733,1653,4.078560036916309,5
5733,2474,4.674101616733258,5
5733,2532,3.041606680088947,2
5734,898,4.338285781378744,5
5735,260,4.589867400685341,5
5736,1219,4.448463743396151,5
5737,750,4.2386998577981085,5
5737,1172,3.8578553840146714,4
5738,112,2.679986331205804,4
5738,253,3.3450097414341364,3
5738,459,2.045853358293417,4
5738,493,3.5931840499152705,5
5738,1917,3.159575419164728,1
5738,1918,2.4768865303189314,1
5738,1977,2.480815862676209,1
5738,2311,2.97858903906457,4
5738,2348,5.0,3
5738,2528,3.384819947573982,4
5738,3429,3.0,5
5738,3433,1.8865782035552943,1
5740,380,2.60937717344276,1
5742,1028,4.153380409251871,4
5743,265,4.834384732721579,5
5744,337,4.248842395440913,4
5744,451,3.0,2
5744,580,3.0,4
5744,946,4.583751167207526,4
5744,954,4.49793512048943,5
5744,1013,4.101382497056413,5
5744,1269,4.477630377584172,3
5744,1393,4.104745786745867,5
5744,1441,3.884258247866535,3
5744,1946,5.0,4
5744,2088,3.808359601267605,3
5744,2333,4.10155791214781,5
5744,2530,3.330581279753779,3
5744,2791,4.070585405763174,5
5744,2987,4.017070008951142,3
5744,3604,4.0,4
5745,2836,3.0,2
5746,1206,3.7766567267309776,4
5746,1673,3.80734070090648,3
5747,293,3.8791296277587266,4
5747,318,3.9638760205391486,5
5747,457,3.710601206494075,4
5747,539,3.771267324284331,4
5747,1147,4.0,4
5747,1206,4.009506346249778,4
5747,1274,3.496661093597157,4
5747,1554,3.0,4
5747,1981,1.0,1
5747,2872,3.507269239620105,4
5747,3471,3.88224787467771,4
5747,3499,3.8847801414689505,3
5747,3572,3.0,1
5747,3573,1.0,1
5748,1265,4.4861169722503,4
5749,280,3.2838183152765663,4
5749,300,3.7717192889908726,4
5749,306,3.8680395758595925,5
5749,994,3.902987429088736,5
5749,1036,3.6194516511394648,3
5749,1332,3.0,1
5749,1358,3.8721894649426183,3
5749,1411,3.4836488823409653,4
5749,1569,2.917915539626313,3
5749,1722,3.1154562470661364,3
5749,2121,4.0,1
5749,2349,3.0,5
5749,3077,3.0,5
5749,3196,4.728781600098311,5
5749,3507,4.494730082510681,3
5749,3556,4.0,5
5750,919,3.6193041796512118,4
5750,3362,3.2591968695766895,4
5751,2,3.3416208562085625,3
5751,2720,3.0,3
5751,2881,3.4257350213757367,4
5752,169,3.0,2
5752,903,3.9336817581642114,4
5752,922,3.8073987008463694,3
5752,1256,4.097501367270871,4
5752,1704,3.8300435733460185,5
5753,110,4.426723596445578,5
5753,1912,4.3543910133121395,3
5754,246,4.013969690955297,4
5754,466,2.883166107705258,2
5754,574,4.0,4
5754,593,3.358284356676917,4
5754,833,3.0,1
5754,1079,3.365460053436867,4
5754,1234,3.432592423145542,4
5754,1379,3.1342112087692837,3
5754,1589,3.6680461768248,1
5754,1730,3.0,3
5754,3255,3.0598770623744143,3
5754,3262,3.0,3
5754,3388,2.1830364178804387,2
5754,3481,3.595701435157719,5
5755,6,3.720140314318802,4
5755,14,5.0,3
5755,26,3.0,4
5755,238,3.0,1
5755,280,3.38249184306606,3
5755,408,3.0,3
5755,553,3.4631752904019626,2
5755,596,3.419139645977282,4
5755,978,3.0,4
5755,1237,4.456610471453788,4
5755,1332,3.338390643060855,4
5755,1339,4.129623081518435,3
5755,1846,3.0,4
5755,2789,3.7613813535355676,1
5755,2795,3.5382491908484246,5
5755,3424,4.053856303392913,5
5756,720,3.0,5
5757,1,4.086307136637988,3
5757,1321,3.97695877680027,4
5757,2160,4.722407055179354,4
5758,339,3.8122657252531824,5
5758,903,4.305137275846039,5
5758,2000,3.8722017866202245,5
5758,2616,3.16917407304275,1
5758,2944,4.089071094213593,4
5759,92,3.0,1
5759,151,3.4129134752601997,4
5759,595,3.754007507357466,4
5759,1660,4.0,3
5759,1704,3.893745541055056,4
5759,2124,3.743709271837134,4
5759,2231,4.027954858621539,4
5759,2485,2.9432377084999732,2
5759,3707,3.5010017373496445,3
5760,562,3.5517323118996353,5
5761,1777,3.6545727700600223,2
5761,1885,4.1577202521981524,3
5761,2088,3.1715197848780123,2
5761,2124,3.4590854758135228,4
5761,2791,3.9152124808018227,5
5761,3868,3.975174601166227,5
5762,1265,4.210448337177247,3
5762,2013,2.76095593131726,5
5762,2137,4.126857243602328,3
5762,3414,3.0,3
5762,3448,4.1892929759769455,5
5763,281,3.0,5
5763,337,3.8981340758948826,3
5763,345,3.6801220345372805,3
5763,371,3.0,3
5763,954,4.184821397073701,3
5763,1238,4.238657804530564,2
5763,1392,3.0,4
5763,1648,1.0,3
5763,2020,4.1775416298881805,4
5763,2384,4.510748791665052,1
5763,2882,3.0,1
5763,3168,3.653062081793616,1
5763,3334,4.284248126059344,3
5763,3448,3.559553046499471,3
5763,3591,3.4136123818141835,3
5764,916,4.483378175947144,5
5764,2943,3.0,3
5765,541,3.5157242663476085,4
5765,1282,3.486033838272807,4
5765,2322,2.7913200446406856,3
5766,2324,3.657476833507525,4
5766,3285,3.0,4
5766,3452,3.0,3
5767,198,3.9999219034589055,3
5767,457,4.057502570255654,5
5767,866,4.106784878971139,4
5767,1620,4.08427822585628,5
5767,2054,3.8210207308188195,3
5767,2072,3.515211144901695,4
5767,2119,3.5534269010370494,4
5767,2232,3.0,1
5767,2490,4.062982921169459,3
5767,3257,4.022972243859096,4
5767,3708,3.508107068187361,3
5768,1172,4.606274507772193,4
5768,1674,4.592374084425611,5
5768,3475,3.0,5
5769,198,3.9530867935284584,4
5769,1213,4.31297980837849,5
5769,2976,3.6032577220523256,4
5769,3566,4.0,4
5769,3578,4.073822683244728,4
5770,948,3.0,3
5770,1358,4.35693224019193,5
5770,2194,4.342911430943635,4
5770,2289,4.360376521345203,5
5770,3007,3.0,5
5771,588,3.507360385757503,4
5771,1022,3.7556518728424377,4
5771,1073,3.4939989655971675,3
5771,1093,4.031099309552058,4
5771,1129,3.302221545984069,3
5771,1976,2.186181158463513,1
5771,2034,2.906246083953178,2
5771,2729,3.0,5
5771,3135,2.739018273096654,2
5773,593,4.014376891107593,5
5773,2889,3.0,2
5774,924,4.0902007150083275,4
5774,2005,3.915721375819954,2
5775,36,4.100459225554307,4
5775,540,3.0,3
5775,608,4.008912082562374,5
5775,1125,4.103801016806071,4
5775,1230,4.36371623836346,4
5775,1245,4.321556762846053,4
5775,1252,4.322439125902198,5
5775,1923,3.7650881976016883,4
5775,2291,3.819474483314516,3
5775,3361,4.007865863295417,5
5775,3608,4.0579080732162724,3
5776,185,3.4748613703637736,3
5776,296,3.921352507548531,4
5776,870,3.0,1
5776,2985,3.794625822733002,3
5776,3104,3.991656331136727,4
5777,293,3.9487503842877136,4
5777,1193,4.347424553627005,5
5777,2366,4.237443302204644,5
5777,3350,3.0,4
5777,3362,4.373848536161787,4
5779,293,3.7413984300192413,4
5779,380,3.5723495295620555,3
5779,1179,3.819966688203979,3
5779,1252,3.840818786028991,4
5779,1635,3.88084173517371,3
5779,2206,4.5190142373199205,4
5779,2490,3.6280029430366016,5
5779,2501,3.396029761091396,5
5779,3082,3.1884685122290755,2
5779,3386,3.742356425795998,3
5780,110,3.9539110990541246,5
5780,122,3.0,4
5780,377,3.820203080880755,4
5780,520,3.4278161126202598,3
5780,550,3.0,3
5780,858,3.9410831436496707,5
5780,1094,3.7725860803552447,3
5780,2306,3.0,3
5782,1124,4.076739434093817,5
5783,7,4.297505842584808,5
5786,432,2.4688145711648213,2
5786,1028,3.5113723132247316,3
5786,1222,3.7986368995339808,5
5786,1359,2.1806848286060303,1
5786,3108,3.7393790949461394,5
5786,3317,3.863929336608001,4
5786,3526,3.482091600141868,4
5787,1270,3.8505518320938585,4
5787,1562,3.032571418656792,2
5787,2028,3.862242903427771,3
5787,2615,2.9673716203678637,3
5787,2916,3.7316860848174893,4
5788,11,3.4080960501254562,3
5788,472,3.0,4
5788,505,3.0,2
5788,518,3.0,3
5788,539,3.3777905896533387,2
5788,1036,3.556418751576293,3
5788,1517,3.4992533214514077,5
5788,1867,3.0,1
5788,1954,3.397936662758583,4
5788,1979,1.7064623418371379,1
5788,1980,1.813695930290886,1
5788,2026,2.6166682622762787,1
5788,2195,3.5434947039444826,2
5788,2356,3.0,4
5788,2409,2.85443756964033,3
5788,2668,2.6500847634679383,3
5788,2712,4.541211376609714,5
5788,3274,2.630726422385395,2
5789,3379,3.0,4
5790,1259,3.9664327050035197,4
5790,2396,3.9021753099604393,4
5791,1729,4.434508767992585,4
5791,2492,3.0,4
5792,235,3.515632184073872,3
5792,253,3.7819402092900707,3
5792,2394,3.548512490008043,3
5792,2908,4.142400467953634,5
5794,276,3.5125404557480073,4
5794,1136,4.306276978047969,4
5794,2463,3.7492543386099535,4
5794,2518,3.9735432158575366,3
5794,3440,1.9889438763854466,2
5794,3524,3.6752674961257457,4
5795,5,2.004248216314443,3
5795,172,2.3508564369514,1
5795,243,3.0,1
5795,253,3.3938980341491924,4
5795,260,3.8772278962048343,5
5795,357,3.982302189175646,4
5795,534,4.379470913623879,5
5795,592,3.336286923645547,5
5795,804,3.0,3
5795,912,4.592782399839602,5
5795,1019,3.9868483557358045,3
5795,1043,3.0,1
5795,1135,3.752087040299755,4
5795,1288,4.313270984382933,4
5795,1590,2.3174822898265606,1
5795,1663,3.8193756694529886,4
5795,1704,4.006110795320946,5
5795,2000,3.64894545332493,4
5795,2012,3.2776141983482345,3
5795,2283,3.0,1
5795,2416,3.4573067728089963,3
5795,2552,3.0,1
5795,2581,2.851575543859538,1
5795,2712,4.375076478775171,5
5795,2719,1.9052300006679916,1
5795,2761,4.1846160859960255,5
5795,2860,3.0,1
5795,2876,3.0,3
5795,2953,1.7743749732741145,2
5795,3102,4.17433653493098,3
5795,3529,3.387792456556509,4
5795,3717,1.9981978619680292,1
5796,2171,3.0,4
5797,1200,3.7904231602364873,5
5798,95,3.2630222217146905,2
5798,480,3.7551292945538495,3
5798,1101,3.7033664470829275,4
5798,1196,3.832495870065383,3
5798,1230,4.1519466163328325,5
5798,1784,3.86255902886166,2
5798,2321,3.7698270830302545,4
5798,3362,4.49028684589429,4
5798,3543,4.270711472070543,4
5800,2013,3.3188610477521325,2
5801,788,3.766197594954858,4
5801,1089,4.034970257345262,4
5801,1617,4.310203253588368,5
5802,1348,4.485579323778588,3
5803,1188,2.92155465038385,1
5805,1944,4.819476104276375,5
5805,2746,3.804796908842962,4
5806,164,3.0,2
5806,541,4.020387778531901,5
5806,1131,4.005925860021991,5
5806,1273,5.0,5
5806,2276,3.0,4
5807,1148,4.0,4
5807,3005,5.0,4
5808,110,4.394517295974153,4
5808,527,4.389562292759768,5
5808,978,3.0,4
5808,2949,4.384563491841924,3
5809,923,4.067267674471784,5
5809,1994,3.701506361090136,3
5809,2021,3.4550464752614367,1
5809,2406,3.657886998356536,3
5809,2761,3.851066371817113,5
5809,3060,3.902872694778295,4
5810,508,3.0,5
5811,538,4.0,4
5811,640,3.0,4
5811,1097,3.2700067029308526,3
5811,1215,3.096664704030889,4
5811,1276,3.6208752272257847,3
5811,1873,3.0,1
5811,2018,3.4856541677202206,4
5811,3176,3.673380785228639,5
5812,80,3.0,3
5812,241,3.0,2
5812,281,3.0,3
5812,344,3.686311095135272,2
5812,515,4.131875477467896,4
5812,588,4.059916289052114,4
5812,648,3.9525201215559087,4
5812,650,3.0,3
5812,1101,3.9601311735973876,5
5812,1183,4.293998432600282,5
5812,1391,3.481924873964664,2
5812,2114,3.83349359741951,5
5812,2144,4.109706461710875,5
5812,2146,3.812548746731629,3
5812,2311,3.4719930604860476,3
5812,2473,3.1988058409319104,2
5812,2611,3.0,5
5812,2704,3.0,3
5812,2883,3.0,4
5812,2967,3.0,4
5812,3125,3.0,4
5812,3135,4.8639089041576025,4
5812,3176,4.146488648993467,3
5812,3210,4.1529736899393965,4
5812,3244,4.31749336621775,5
5812,3360,4.410167741093028,4
5812,3528,3.7851539900753917,4
5812,3557,3.0,3
5812,3579,3.0,3
5812,3819,3.0,4
5812,3911,4.183155974874377,3
5813,223,3.4960252445089304,5
5813,3104,3.9710358699084045,4
5813,3525,4.16320336520176,4
5815,589,3.6872185679162524,3
5815,924,4.054014775264832,5
5815,1248,4.543625679294395,5
5815,3263,2.985931959828444,4
5816,2961,3.0,5
5818,3113,2.507840783910768,1
5822,1104,4.133563733123002,4
5823,1223,4.519734984208459,5
5823,3175,3.7596105730108396,5
5824,23,3.0,2
5824,209,3.0,2
5824,350,3.7704404143076378,3
5824,361,3.6654758655755155,3
5824,595,3.780093549177081,5
5824,1167,3.0,3
5824,1199,3.9410786148620263,4
5824,2081,3.6191007675755644,4
5824,2525,2.0,2
5824,2531,3.8021989276077504,4
5824,2916,3.6959298997259573,3
5824,3082,3.6307875009612176,4
5825,1537,3.0,4
5825,3755,4.087569415334963,3
5825,3858,3.0,3
5826,89,3.0,3
5826,104,3.648132143344817,3
5826,778,3.9495800342064604,4
5826,2858,3.7301762343829608,5
5826,2975,3.0,3
5827,733,3.9363520913218846,4
5829,858,3.7774778935700626,5
5829,1136,3.731576823419536,4
5829,2248,3.875546351451486,3
5829,3552,3.8684946038873753,4
5831,80,3.0,3
5831,196,3.4869842793929102,3
5831,365,3.0,4
5831,532,2.6692920411896583,3
5831,541,4.077133172919999,4
5831,585,3.530699590552468,3
5831,653,3.662716322775131,4
5831,836,3.1796243420527426,3
5831,1129,3.82130946543333,3
5831,1136,4.137829089809895,5
5831,1247,4.2587865131779035,4
5831,1321,3.530130458444932,4
5831,1373,3.5109872524112333,3
5831,1617,4.14714317797511,5
5831,1882,3.3830530483382106,3
5831,1917,3.7220037621912985,3
5831,1995,2.8119835282215346,4
5831,2005,3.8075601091962783,3
5831,2010,4.352550669722925,4
5831,2247,4.183040138750759,4
5831,2294,3.9629444235574165,4
5831,2341,3.0,4
5831,2349,4.0,4
5831,2371,3.8996556879204824,4
5831,2558,3.883265762302232,4
5831,2671,4.029937713624787,4
5831,2686,4.670631973393457,4
5831,2926,4.326253379707583,4
5831,2949,4.05778192789411,4
5831,3022,4.0,5
5831,3198,4.219024694839328,4
5831,3448,3.9664427544264806,4
5831,3671,4.154459110178354,4
5831,3810,3.0,3
5832,318,4.3150646831469,5
5832,3361,4.306923495442121,3
5833,589,4.199158141712885,3
5833,1127,3.5357218757759683,4
5833,1911,3.4298215272241177,2
5833,2688,4.179845840215039,4
5834,105,3.0,2
5834,1617,4.114922857698308,4
5834,2858,3.04483673059761,4
5835,3101,4.225364700664751,3
5836,1258,3.667205770324695,4
5836,1307,4.15545372537268,5
5837,39,4.076100933161554,4
5837,288,3.9971185679584598,2
5837,432,3.8324973152009516,4
5837,1100,4.198391540857202,3
5837,1126,3.312383760395878,2
5837,1240,4.163861104495276,5
5837,1573,4.1105228013956205,4
5837,1676,3.8431640507207634,4
5837,1760,3.0,2
5837,1777,4.107643540427761,4
5837,2190,3.0,3
5837,2373,3.5206886150605077,3
5837,2409,3.894513512024181,4
5837,2420,4.058328898479948,4
5837,2802,4.129493374263023,4
5837,3175,3.9790279127030113,3
5838,932,4.0,4
5838,1201,3.7775041990031304,2
5838,1357,4.35940403762133,4
5838,1374,3.627542804036091,4
5838,1393,3.861143494172996,4
5838,1873,3.0,5
5838,2671,3.7983457405442103,3
5838,3516,3.0,4
5839,1250,4.7752743978735985,4
5840,708,3.7387176437004377,4
5840,1380,3.8422574407905667,5
5840,2396,3.9022262219982684,5
5840,3363,3.9164104202482086,4
5840,3512,4.005806260899883,5
5841,1028,4.508074448157035,5
5841,2087,4.4760362639772975,4
5841,2858,4.14929112701028,3
5841,3551,4.3542289404283645,5
5841,3751,4.525892969008866,5
5842,780,4.372776815289972,4
5843,17,3.2119938062813893,4
5843,588,2.65617008845712,3
5843,923,2.851637629224558,3
5843,1081,2.8344740213537336,2
5843,1199,2.5168380672194828,3
5843,1377,2.5417568324517408,1
5843,2021,2.3076601517017825,1
5843,2664,2.277081856663633,2
5843,3070,2.816683810164809,2
5843,3105,2.7000459815770443,4
5844,1097,4.0666819949396205,3
5844,2078,4.116944639020248,3
5844,2395,4.183695355659641,5
5844,2672,4.67463811925816,4
5844,2770,3.6916028072291205,4
5845,899,4.511341948057069,5
5845,1203,4.27124120597399,4
5845,1251,4.516662937040418,4
5845,1428,3.0,5
5845,1896,3.0,5
5845,2041,3.0,1
5845,2863,4.430534094998006,4
5845,2961,3.0,2
5845,3018,4.6555324719321955,5
5845,3160,4.597593224401119,2
5845,3340,3.0,4
5846,1193,4.485171210440466,5
5847,318,4.209647654813957,5
5847,1356,4.019465184399406,4
5847,2153,3.0,2
5847,2161,4.0848118237758175,4
5847,2243,4.311372195587006,3
5847,3259,3.8659321402295013,3
5847,3397,4.176579859031148,4
5847,3450,3.9223595276587395,2
5848,588,3.5420383005375453,3
5848,903,4.059131839601477,4
5848,1017,2.4846282226271086,4
5848,1204,4.061504572941321,5
5848,1266,3.6966826104765795,5
5848,1913,3.0,4
5848,2130,4.160526873350564,3
5848,2161,3.156811565539358,4
5848,3405,3.0,4
5849,541,3.9092593540991145,5
5849,1198,4.125934235588911,5
5850,1085,3.0,2
5851,1073,4.267759572750593,2
5851,2081,4.276021855627147,4
5851,3520,3.0,4
5852,515,3.0747781080042955,2
5852,899,3.913725350403006,3
5852,1250,3.8937491066357026,4
5852,1962,3.6000653535826532,4
5852,2182,5.0,3
5852,2570,3.0,2
5853,39,3.338023067634753,2
5853,2940,5.0,5
5853,3622,3.0,5
5854,24,3.8588315975095817,4
5854,60,3.0,4
5854,70,3.827760454283531,5
5854,185,3.782889151416717,5
5854,382,3.4060259313970733,4
5854,543,3.8295621693106643,3
5854,587,3.612803428957743,4
5854,780,3.82663463327615,5
5854,1258,4.099958222436829,4
5854,1278,3.885434135156066,4
5854,1327,3.794528289947274,3
5854,1339,3.869309983508192,3
5854,2672,4.244228357274195,4
5855,515,4.700220424488963,5
5856,1101,3.8232731126531228,5
5856,1353,4.50294049627058,4
5856,2115,3.892261872291733,5
5856,3451,1.0,2
5857,262,3.0,4
5857,1265,3.618000334124017,5
5857,1967,3.5093461133958885,3
5857,2138,3.0,3
5857,2150,3.460116426974864,5
5857,3450,3.6031892375770127,3
5858,1527,4.219902860522791,4
5858,2268,4.183074402425882,3
5858,3405,3.0,3
5859,1358,4.225241179867306,5
5860,203,5.0,3
5860,317,4.406001532703408,3
5860,1073,4.028601239522061,5
5860,2000,4.038268095860726,3
5861,246,4.680777738546308,4
5861,494,3.1467183214001713,4
5861,1197,3.826514218788251,5
5861,2184,4.498223782667969,3
5861,2248,4.046091720334097,4
5861,2550,4.0,3
5862,196,4.662930381636248,4
5862,252,4.298459886713721,5
5862,1200,4.683478168756701,3
5862,1372,4.695731125560655,5
5862,2815,4.685026614922304,4
5864,1624,3.0,4
5866,593,4.2675929396454935,5
5868,1278,4.050268761517596,5
5868,1300,4.043521379118576,5
5868,1446,3.0,4
5868,2533,2.3678671602747507,3
5869,110,3.707546665855911,5
5869,786,3.680190303975532,4
5869,924,3.6937726411033447,2
5870,3052,4.2271744281801436,4
5871,1172,4.629932838141036,5
5872,504,2.503598071039872,3
5872,919,3.817602406108824,4
5872,2805,2.9848113364935793,3
5872,2807,2.0,2
5872,3174,3.8640742524087197,4
5872,3510,3.621180276432295,3
5874,161,3.273569685150702,3
5874,480,3.5749346559347006,3
5874,1653,3.6332077343755733,5
5874,2193,3.3874661741933214,3
5875,1608,3.8585043555687513,3
5875,2302,4.146467348628284,3
5875,2605,3.268281451878454,4
5875,3148,4.908864734391223,4
5878,34,3.4354505884026274,4
5878,222,2.8430726305169824,2
5878,292,3.632736193405623,2
5878,339,3.413359343118063,5
5878,782,2.565593984659464,1
5878,901,4.138412409590052,5
5878,1006,3.0,4
5878,1042,3.4340104602271007,5
5878,1277,3.0,5
5878,1812,3.0,5
5878,1897,3.0,1
5878,1921,3.479517565044152,5
5878,2115,3.734805659495219,5
5878,2193,3.761446805488447,5
5878,2302,3.669758898291573,5
5878,2346,3.0,4
5878,3072,3.6792554887880433,5
5878,3949,5.0,1
5879,733,3.8998595257532225,4
5880,32,3.6267164108169476,4
5880,364,3.5051105906933846,4
5880,553,3.649243142363944,4
5880,912,3.6313530454525553,4
5880,922,3.087987783917848,3
5880,1371,3.2748618781643617,3
5880,1414,3.0,4
5880,2100,3.4905836696891916,3
5880,2396,3.7438665417529444,5
5880,2917,3.0610242540204458,2
5880,3101,3.7800920545982066,3
5880,3394,2.93044911969095,2
5880,3459,3.0,1
5880,3527,3.455504972672279,3
5880,3572,3.0,1
5881,57,3.0,4
5881,351,4.313158568804233,4
5881,1892,3.0189872935004125,3
5881,1923,3.769351302410584,4
5884,1248,4.999999999999999,5
5884,3527,3.76709467215023,3
5885,1784,4.4705035154026955,4
5885,2997,4.635023589336284,5
5886,258,3.0,1
5886,318,3.6926411673878556,4
5886,356,3.5286603219800106,4
5886,1029,3.3596391912977945,4
5886,2053,2.1679609661084633,1
5886,2116,3.275521133347653,3
5886,2858,3.4507516172395096,5
5886,3614,3.277144128426142,2
5887,910,3.903821920617644,2
5887,919,3.7339806391354107,4
5887,1197,3.767479129073568,3
5887,1784,3.7334581215006652,4
5887,2289,3.927907723672341,2
5887,2384,4.0,4
5888,12,3.0,1
5888,529,4.243326223325264,5
5888,707,4.0,2
5888,907,4.382354235025676,4
5888,913,4.625552464294869,5
5888,1171,4.58013231936058,3
5888,1225,4.085487409319903,5
5888,1358,4.167537358775764,5
5888,1359,1.8100536204073676,2
5888,1376,3.3913260682578694,3
5888,1646,3.0,1
5888,1954,3.756472789769944,5
5888,2044,3.0,2
5888,2082,2.507849333293504,1
5888,2111,2.5787797678055404,2
5888,2747,3.0,2
5888,2950,2.7101107991009594,1
5888,3396,3.766939290236572,4
5888,3524,3.2657224139056154,5
5889,955,4.2965789144045266,5
5889,1097,4.074313206678857,4
5889,1266,4.117990147563425,3
5889,3175,3.637905726321293,4
5890,1082,4.0,5
5890,1201,4.11492522561861,5
5890,2478,3.820505528509298,4
5890,2529,4.016036324603921,2
5890,2689,3.0,3
5890,2852,3.9956793690942347,3
5890,3097,3.0,3
5891,24,3.7039731022493507,1
5891,1127,3.9862926313746914,4
5891,2485,4.246963060169231,2
5891,2976,3.0347661040206333,3
5892,541,4.378798206278584,4
5892,1580,4.234429146077974,5
5892,3196,4.534693879314844,4
5893,838,3.1610024617291943,5
5893,1175,3.0,3
5893,1230,3.5976229117025182,5
5893,2791,3.08426299523074,2
5894,762,3.668824202676615,3
5894,1882,3.778534727557345,3
5894,2268,4.00161013151409,5
5894,2896,5.0,4
5895,858,3.6627289415831554,5
5895,3535,5.0,5
5896,785,2.9431140822156197,4
5896,1440,3.0,2
5896,1494,3.0,1
5896,1513,3.097650743532278,1
5896,1711,3.1525970664487812,3
5896,1885,3.0959983684028827,4
5896,2012,2.7663852424336346,4
5896,2027,1.9866313226728205,1
5896,2770,3.066358514612904,5
5896,3325,3.0,2
5897,1916,3.0,3
5897,2959,3.635950044788422,5
5897,3604,4.0,5
5898,1513,3.626176850655006,4
5901,457,3.2657012474580513,5
5902,1183,3.7418591268834365,3
5902,1200,3.7227012172558407,2
5902,1247,3.9882644146843136,4
5903,1917,3.9008651218621964,1
5903,2761,4.646931026263348,5
5905,541,3.6661500253535855,5
5905,2163,3.0110071440444703,5
5905,2315,3.0,1
5905,2633,4.999999999999999,5
5905,2646,4.8199049023378855,5
5906,1080,4.35269554724153,5
5906,1282,4.2440346202100026,3
5906,1291,4.264434787292337,5
5906,2918,4.106310421159043,5
5908,608,4.288907687435395,5
5908,780,4.190968456804522,5
5910,389,3.0,4
5910,580,3.0,4
5910,2248,4.046034856830444,5
5910,2474,3.5004726503929007,4
5910,2942,3.3488779127122354,3
5910,2968,3.8766813344469715,2
5911,1527,3.6598141653828926,3
5912,1206,3.663945724354953,5
5912,1834,2.807371171482011,2
5912,1923,3.4963610844507738,5
5912,2371,3.6158296495376665,3
5912,2706,3.654075965592656,3
5912,2951,3.96452934153554,4
5913,1653,4.0191354896018705,3
5914,1213,4.208130337664584,4
5915,193,3.0,2
5915,553,4.064198211294309,5
5915,1377,3.4743714394323697,2
5915,1584,3.9919348761404225,5
5915,1608,3.7683149289553235,3
5915,1721,4.082422197887356,5
5915,2144,3.8350796376179175,5
5915,3019,4.743344509051309,4
5915,3408,4.429481073534592,5
5916,11,3.4376280428359736,4
5916,34,3.364136197290311,3
5916,273,2.756280897085854,2
5916,596,3.1989088760288427,3
5916,724,2.8452052500222087,3
5916,1199,3.271947825665482,3
5916,1748,3.1517214241097378,3
5916,2791,3.3464911876058556,4
5916,3018,3.1629730690166986,3
5916,3037,3.5962003974929244,4
5917,380,4.1486849775007695,4
5917,593,4.259389645154523,4
5917,1265,4.220614518515558,5
5917,2453,5.0,3
5917,2553,4.037310896899607,2
5917,2948,4.339717416006967,4
5917,3516,3.0,2
5917,3593,3.0,3
5919,3081,3.144275531403677,1
5920,590,4.0003625905745634,5
5920,733,3.991872043426925,4
5920,1270,3.976966033538792,4
5920,2804,4.264319273904606,3
5920,3103,3.0,2
5921,2571,3.482385976700508,5
5922,83,3.0,3
5922,164,5.0,4
5922,594,3.61456886860923,4
5922,1950,3.5825578019956605,3
5922,2174,3.8007691527199303,3
5922,2253,4.0,2
5922,3334,3.8486070129042065,4
5924,480,3.8081511082353163,4
5924,1136,3.993569943930697,5
5924,1193,4.323914798774863,5
5925,594,3.955364544398782,3
5925,862,3.0,4
5925,2203,5.0,5
5925,2716,3.8293584325828114,4
5925,3247,3.845173998945063,3
5925,3361,4.0320130480858944,2
5925,3471,3.9367573258261777,4
5926,969,3.8006527851107617,5
5926,2001,3.776480203661749,4
5927,574,3.0,3
5927,1057,2.895852736306452,2
5927,1188,4.4015438344399795,3
5927,1353,3.660456794455762,1
5927,2721,4.028905993978084,4
5927,3358,3.8621507766954997,2
5929,1771,2.0,1
5929,2790,3.4622012204825032,3
5930,928,4.790599965353739,5
5930,2353,4.368425650198108,4
5931,1,3.7538973556499626,4
5931,126,3.0,4
5931,1240,3.722067073645206,4
5931,1291,3.7045414340497578,5
5932,589,3.746391627925503,4
5932,733,3.416864828227393,1
5936,608,4.698391535523852,5
5936,1196,4.660994938203885,4
5937,593,3.4741564597172316,3
5938,1198,3.8094251753957207,5
5938,1370,3.885263366834092,3
5938,2324,4.187868797871978,5
5938,2599,4.194245947155178,5
5939,904,3.7070002091467713,4
5939,912,4.252205093608921,3
5941,1212,3.8425399057204688,5
5941,1674,3.7231875898454065,4
5942,908,4.48324972526701,5
5942,1256,4.6186313066630085,5
5942,2058,3.8256208388941024,4
5942,2141,2.94661033147567,2
5942,3095,4.509938024770881,5
5943,593,4.108080317651277,5
5943,3552,3.1756702008365063,2
5945,101,3.0,2
5945,1983,3.0,1
5946,534,3.0,5
5946,858,4.110462196376794,2
5946,1353,3.586838451253342,3
5946,2321,3.8596069731198113,5
5946,2433,4.350824883941408,4
5946,3255,3.767378567717191,5
5947,849,2.4780210517482675,2
5947,968,3.3590107409358883,4
5947,1340,3.3292316835151894,5
5947,2367,3.081662111931196,1
5947,2985,3.0587584482511483,3
5948,898,4.536641900422898,5
5948,908,4.543826424137304,5
5948,943,5.0,5
5948,948,5.0,5
5948,965,5.0,5
5948,1526,3.0,4
5948,2724,2.989039893787816,1
5948,2915,3.9810518720193833,5
5948,3035,4.594116611510688,5
5949,835,3.0,4
5949,1193,4.087248964518909,5
5950,196,2.8253044858875813,2
5950,507,2.389364434799048,3
5950,1036,3.1263467243139407,2
5950,1228,3.628725516511666,4
5950,1653,3.2096880064052966,4
5950,2247,2.8061341899826906,1
5950,2329,3.1329127066127547,5
5950,2406,3.0083570135404885,2
5950,2518,2.8343291956400507,3
5950,2836,3.0,3
5950,3361,3.1810342535521277,1
5951,1387,3.9212858552017886,5
5951,2797,4.3029968883301875,5
5952,2987,4.390798116407419,5
5952,3093,5.0,4
5953,260,4.059754843682903,5
5953,589,4.042186835249251,4
5953,2599,4.410082239081846,3
5953,2628,3.9330383632136034,4
5954,65,1.4064138851597334,1
5954,258,3.0,1
5954,316,3.4117098033685247,5
5954,332,3.2870336669992692,3
5954,750,4.132596216346695,4
5954,910,4.272700241803662,5
5954,952,4.0581094163047196,5
5954,1022,3.737893796319009,5
5954,1183,3.897033282871713,4
5954,1372,3.3321667561995203,3
5954,1655,2.5491821354495685,4
5954,1983,2.608042997320831,1
5954,2004,2.3539463656492767,3
5954,2113,2.8468240623267986,3
5954,2142,2.900364365688979,1
5954,2159,4.746363223818909,1
5954,2162,2.8661371610689073,2
5954,2205,3.0,4
5954,2359,3.993936211229386,4
5954,2527,3.797675362543637,4
5954,2648,4.411966158741701,3
5954,2788,4.284425618691647,3
5954,2815,2.5648711944756135,1
5954,2868,2.3655075604150793,4
5954,2899,3.0,2
5954,2944,3.922472859487801,5
5954,3060,4.1621477001465985,5
5954,3101,3.849908264707795,1
5954,3360,3.883693439859003,3
5955,173,3.1768975643523256,3
5955,461,3.0,4
5955,933,4.019446969426502,4
5955,1081,3.7187188002840377,3
5955,2060,3.0,4
5955,2105,3.6917393382162276,4
5955,2133,3.5984289112450107,4
5955,2405,3.409345678864622,4
5955,2478,3.562375992583224,4
5955,2872,3.593420976259884,3
5955,3243,3.3417352530867674,3
5956,362,3.0,4
5956,998,3.0,4
5956,2504,3.0,3
5956,2791,3.4118959356960787,4
5956,3466,3.0,3
5957,741,4.2653450126912205,5
5957,1060,4.078368109263518,3
5957,2706,3.6705965724902856,1
5958,2344,3.0,3
5960,1269,4.2100483145155625,4
5960,2791,4.018384651322784,4
5960,2975,3.0,3
5960,3608,4.016720101530538,1
5961,517,2.7986743752427254,3
5961,1556,2.735283475234664,2
5961,2326,3.0,2
5961,2391,3.5404002266857124,4
5962,1394,4.081485296842124,3
5963,50,3.901431336585716,5
5963,485,3.4089103622630805,2
5963,593,3.9233307873305026,4
5963,1217,5.0,4
5963,2076,4.31678260488599,5
5963,2336,3.205977194080334,4
5963,2985,3.7574205805865373,3
5964,231,3.4513296901262844,2
5964,377,3.775408824792473,4
5964,904,4.779852577531004,5
5964,1298,4.303592855335258,4
5964,1644,3.164088833099677,2
5964,1769,2.9104364049928417,4
5964,1961,4.020652934276265,5
5964,2000,3.7952030383626916,3
5964,2403,3.357863423052526,3
5964,2791,4.051644290167716,4
5964,3157,5.0,5
5964,3480,3.327337868626532,4
5968,1287,4.416526571266081,5
5968,3406,3.0,5
5969,2795,3.6297918320065965,3
5969,3536,4.5026985432714035,4
5970,1253,3.7841124635665033,5
5970,1876,3.82885748183259,4
5970,3256,3.812304549010583,4
5971,282,4.0,4
5971,902,3.805632090995413,5
5971,2355,3.7451399430686347,4
5971,2716,3.4715680282491657,2
5972,356,3.9696305464621786,3
5972,454,3.9745548337952834,4
5972,586,3.816156300866521,4
5972,661,3.902968553564076,3
5972,785,3.8914821425675736,4
5972,969,4.204259094692425,4
5972,1060,4.247379391833028,3
5972,1097,4.020791089821627,4
5972,2324,4.20756730738135,3
5972,2352,4.1357877323132906,4
5972,2478,3.891227327725121,4
5972,2816,3.0,2
5972,2918,4.0700755760524014,5
5972,3753,4.282397124139728,3
5973,32,4.7538461414879585,5
5974,41,3.0,3
5974,293,3.669896199954342,4
5974,318,3.6481665956100566,4
5974,1586,2.7629395528928065,2
5974,1617,3.8465124883920954,5
5974,1643,4.35798339968961,4
5974,3118,3.0,4
5976,1747,3.0626115862091514,5
5978,362,2.0,5
5978,2105,3.164750911033467,1
5978,2394,4.047879941223597,4
5978,3188,3.0,4
5978,3362,3.292514150568129,5
5978,3489,3.221274218469726,2
5978,3498,3.4423087750521453,5
5978,3706,1.683570588319133,5
5980,1270,3.777148694113156,5
5980,1304,3.873212691191743,4
5980,2009,3.8815139873973856,1
5980,2080,3.8571342725097564,4
5980,2139,3.6860376054079667,4
5980,2633,3.437043603135995,4
5980,3037,3.801376144364249,5
5981,34,2.938413584058248,5
5981,161,2.6035729667926417,3
5981,904,3.1883736450330917,4
5981,930,4.667603737186834,5
5981,1185,3.6120408614249744,3
5981,1260,4.692826515160073,5
5981,2124,2.5902127032679454,1
5981,2160,3.968352386107342,1
5981,2529,2.539766895947834,1
5981,2951,3.743269848635616,3
5981,3168,3.0018427517212984,3
5982,296,4.2195053180365845,4
5982,1374,3.7180904405513844,3
5982,1917,4.147854799417516,5
5983,1374,4.604314055189294,4
5983,1968,4.020046264693807,5
5984,1374,5.0,5
5986,973,3.0,4
5986,1187,5.0,3
5986,1393,4.459796641844658,5
5986,1953,4.39933660509327,4
5987,1537,3.0,4
5988,1611,3.458366047862935,2
5988,2699,2.789023960441406,3
5988,3108,3.363869445220468,4
5989,1,3.9635006689980696,5
5989,3354,5.0,4
5989,3489,3.806404095713014,5
5990,1196,3.555033016158284,3
5990,1394,3.5799646622952763,2
5990,2949,3.643353461036472,5
5990,2971,4.5855773101880954,5
5990,3067,3.3707017019241134,4
5990,3102,2.998888535793921,3
5990,3397,3.138766288603661,4
5991,1197,3.322587236474315,4
5991,1702,4.0,4
5991,3097,4.0,5
5992,2694,3.3198392563732178,4
5992,3555,4.181215437654813,3
5993,594,4.011121589424303,4
5993,2752,3.0,4
5994,260,4.350307291559158,5
5994,292,4.3722831588408395,4
5994,1101,4.294045875865846,4
5995,25,4.331686083149209,4
5995,110,4.284527041818039,4
5995,2490,4.466146386588668,3
5995,2657,4.204217842840028,5
5995,3285,3.0,3
5996,542,3.7155353079994793,3
5996,589,3.905048295634616,3
5996,616,4.298443056638445,5
5996,781,3.0,5
5996,788,3.7857696734808237,3
5996,1020,3.741900710807989,5
5996,1220,3.8586402591054605,3
5996,1246,3.855050985412621,4
5996,1276,4.27925691168045,4
5996,1339,3.7681260489528605,5
5996,1754,3.905946136120741,4
5996,1821,4.0986250662672985,3
5996,1882,3.6164818328325814,3
5996,2160,4.175916794577314,5
5996,2393,3.617178903473324,3
5996,3499,3.904859395074434,4
5997,1301,4.575545115500293,5
5998,3118,3.0,3
5998,3125,3.0,3
6000,150,3.73052398876528,5
6000,272,3.245047157706029,3
6000,1094,3.778981325201854,3
6000,1689,3.0,3
6000,1945,4.092206247597945,4
6000,2003,3.4873543080954676,2
6000,2456,2.470578727588349,1
6000,2518,3.434331875049954,2
6000,2953,2.5080374137518255,3
6000,2961,3.0,3
6001,1892,3.4355248915393135,4
6001,2571,3.712403339864411,4
6001,2672,3.493014693742711,3
6001,2802,3.0,2
6001,3317,4.240985618594603,4
6001,3498,5.0,4
6002,1188,4.618524161505962,4
6002,1284,4.661303284937655,4
6002,1913,3.0,4
6002,3099,4.648002053215465,4
6002,3372,4.457010449068178,4
6002,3489,3.8836860317396367,1
6002,3735,4.613530140156426,5
6003,1542,3.0,3
6003,2100,4.3027237169525305,3
6003,2762,4.042090079187794,4
6003,2959,4.105258043366297,4
6003,3519,4.357465787134937,4
6004,1126,3.3336421128527625,2
6004,2628,3.296593803849388,4
6005,426,3.9688890073590337,3
6005,1130,3.528038530164869,4
6006,48,3.0945283454832473,4
6006,351,3.63872688225537,4
6006,1033,3.4071693236389016,3
6006,1265,3.3149536071605774,2
6007,1043,3.0,4
6007,1100,3.5746076584907964,1
6007,1735,3.0,3
6007,2451,2.9128355344303984,3
6007,2529,3.1070739781853516,3
6009,1892,4.0,3
6009,2269,3.40703654883937,4
6010,88,3.8513049364709824,4
6010,315,3.7059902258050283,4
6010,946,3.0,4
6010,1042,4.031301307633537,3
6010,1263,4.454106638946376,4
6010,1888,3.290059244929078,4
6010,1954,4.075075735401988,5
6010,2081,4.199481097423481,4
6010,2371,4.2541267830787755,5
6010,2403,4.136720582615625,5
6010,2641,4.135995459559558,3
6010,3066,4.7187623325939265,5
6010,3113,4.260955220912161,3
6011,1393,4.312123115267791,4
6013,661,4.777523426240418,5
6013,2087,4.578239795256127,5
6013,2704,3.0,5
6013,2721,3.0,4
6013,3578,3.697899893203901,2
6014,1610,4.0348197370430965,4
6014,2087,3.757928257459609,4
6014,2762,3.7385422248167,4
6016,35,3.0,3
6016,339,3.04144684727748,4
6016,501,5.0,5
6016,750,3.5593523235054896,5
6016,762,2.2003324328203844,2
6016,832,3.115929506747296,2
6016,916,3.442079737555948,4
6016,1042,2.9088888056007076,3
6016,1077,3.5966145656897788,4
6016,1177,3.320216818399931,4
6016,1185,3.6462581827501412,4
6016,1204,3.659892389869674,5
6016,1365,3.0,4
6016,1376,2.9208528399364626,3
6016,1606,3.0,3
6016,1835,2.8861799639271664,2
6016,1844,3.0,5
6016,1874,3.0,4
6016,1955,3.5595704912619532,4
6016,2396,3.4428611137380134,4
6016,2511,5.0,5
6016,2730,4.0,3
6016,2750,3.6704117110970413,4
6016,2752,3.026951245762126,2
6016,2871,3.4803933646675427,3
6016,3114,3.442904431869715,5
6016,3155,3.0,4
6016,3256,3.04821380980157,2
6016,3419,3.0,4
6016,3618,3.0,3
6017,589,4.108991708857187,2
6017,932,3.0,5
6018,1101,3.6983536011005027,1
6018,1210,3.815199751777546,4
6018,2455,3.252991600115184,4
6018,2716,3.475438375495165,3
6019,3005,4.258723806840444,3
6020,1260,4.883040709122993,5
6021,969,3.857906501558567,3
6021,2324,3.924159237119822,5
6023,1552,3.9551689291774634,4
6023,2617,3.8594556738462704,4
6023,2762,3.51392326080333,5
6023,2841,4.0,3
6024,316,4.258842687049424,5
6024,1201,4.271578090509774,4
6024,2490,4.3130643265135475,5
6025,25,4.510676774330895,4
6025,104,3.6753543006572866,1
6025,141,3.746899319551378,3
6025,168,3.539586138348809,1
6025,2671,3.782307604800724,4
6025,2692,4.215107919814941,5
6025,2774,3.0,3
6025,3018,3.8400403234559306,4
6026,329,3.6051254079237998,2
6026,2105,3.6257352218446766,3
6027,378,3.0,3
6027,1517,4.192924645834476,5
6027,3255,4.337581872850457,4
6028,1291,3.5806747232532556,3
6028,2692,3.656176626365803,3
6029,1961,3.694494334657662,4
6030,2450,3.9575553669618024,3
6030,3070,4.0352010399618905,5
6030,3471,4.237226903407085,5
6031,364,3.9418714818578455,4
6031,457,3.9521708003375213,4
6031,3270,3.0,5
6032,1162,3.0,5
6032,2096,4.216374649774969,5
6032,2648,4.318389523239154,3
6033,380,4.053823730456137,5
6033,1375,4.061231160762912,4
6033,1954,3.6896870164411384,4
6033,3197,3.851218362751076,4
6034,320,3.0,3
6035,1006,3.0,1
6035,1735,3.0,1
6035,2291,3.400958441039709,5
6035,2393,3.0098396097533566,4
6035,2642,3.0037212944967404,3
6036,25,3.7371332483317925,4
6036,319,3.9986395593846713,2
6036,446,3.4212574211201807,4
6036,695,3.0,4
6036,1019,3.5266074498331808,3
6036,1029,3.7081622916956087,4
6036,1201,3.7060412705154353,4
6036,1233,4.00970295003344,5
6036,1268,3.225965839310842,3
6036,1286,3.396195053962936,3
6036,1399,3.0,2
6036,1633,3.658552240169372,4
6036,1872,2.9408393781768596,3
6036,2124,3.0762108953904814,3
6036,2318,4.198793170076886,5
6036,2333,4.067342333882661,4
6036,2337,3.0,2
6036,2772,2.4978221629486095,2
6036,3094,3.0,4
6037,319,3.6793344943574966,5
6037,910,3.910795097388976,5
6037,1089,3.483493833805865,3
6037,1210,3.957260247366603,4
6037,1267,3.9855474890972493,5
6037,2571,3.904354810197121,2
6038,2700,3.468434965360419,1
6039,783,3.6672029746454484,2
6039,2791,3.982982563358417,4
6040,162,4.205816383382853,4
6040,446,3.8104713508249164,4
6040,592,2.9589973597460415,2
6040,899,4.184842713813382,4
6040,910,4.151822701754845,4
6040,919,3.8252279105706015,5
6040,1219,3.933052064753484,5
6040,1253,3.016198113034114,4
6040,1952,4.196631799159251,5
6040,2289,3.9090636212275776,5
6040,3361,3.54871046585042,2
6040,3521,3.7182759032895136,5
