userId,movieId,pred_rating,actual_rating
8,1722,3.6256885839917374,3.5
13,4207,3.0,4.0
34,25,2.940791161775302,2.0
34,1653,3.106855112907695,3.0
34,3664,1.401594921055505,1.0
38,7154,4.373748550462956,4.5
64,1393,3.561327096241787,3.0
65,1580,3.2881915448383356,4.0
70,5747,3.0,4.0
73,1208,4.110359332829807,4.0
82,54999,5.0,3.5
91,466,3.8091116994068592,2.0
91,2863,3.0,4.0
96,111,3.8652197666593757,3.0
101,380,3.675851548264207,5.0
112,431,3.1350210873017406,3.0
112,508,3.212202278686038,3.0
113,1513,3.9929809575334243,3.0
122,1380,4.145366149822208,4.0
122,4478,3.0,4.0
125,1779,3.2546131476595166,2.5
128,150,4.1300126023427035,4.0
138,1438,3.0,2.0
144,2827,3.0,2.5
144,3633,3.3206207433251587,3.5
144,4034,3.9248827443438192,4.0
148,2012,4.153003783954977,3.0
166,1610,3.7193586232879654,5.0
173,70,4.2719085665389995,4.0
175,6339,3.0,5.0
212,427,3.0,2.0
214,2629,3.0,3.0
215,7162,4.056762376420159,3.5
215,8865,3.72287659913075,3.5
221,2989,4.0,2.0
227,44555,4.0,2.0
232,420,3.013743009908015,2.0
253,1408,3.4318132119736173,5.0
260,305,3.0,3.0
266,5349,4.367106169083528,3.0
267,1831,2.8217324830091726,1.0
267,6539,2.9022849879539305,2.5
276,2710,3.3498825133144794,1.5
276,7004,1.7782227899152532,2.0
277,3052,3.6134609437412295,2.0
289,1340,3.0,3.0
289,7389,3.0,2.0
307,3919,4.654748672918284,3.0
310,1407,3.77944635230119,4.0
310,2948,4.001551295735357,3.0
315,377,3.5201543092216663,5.0
318,1136,3.7885421169588165,5.0
341,2406,4.315585312948345,4.0
345,552,3.180206004485162,4.0
346,1219,4.010286363186642,1.0
349,208,3.8069105811502926,3.0
351,2333,4.25976732898906,3.0
351,3501,3.0,3.0
359,1921,3.2453419805939974,3.5
362,1258,3.6071292458575708,4.5
372,3,1.9353083442668155,0.5
381,500,4.4245519035654475,4.0
385,17,3.8300793916763203,4.0
394,1598,3.0,5.0
422,25,3.2641018223043976,3.0
424,2366,3.8539242813740984,4.0
426,6358,2.5,3.0
434,6539,3.782335726719548,5.0
435,2600,4.017199304131268,5.0
440,17,3.581119323440781,5.0
450,647,3.1405336812290856,3.0
450,1982,3.7439947804108775,4.0
459,4896,3.2560671343736605,2.0
465,33171,3.0,4.0
479,3068,4.2604630821769085,5.0
480,4493,1.0,1.0
482,3882,2.349536732527956,2.0
482,38038,3.0,3.5
491,786,3.297750312175133,3.5
510,595,3.793042691145621,4.0
513,2997,3.9612508332920338,5.0
516,1265,4.133675174803305,3.5
533,3704,3.7279658757834424,3.5
543,539,3.872531752925733,3.5
545,5952,3.972457500974673,4.5
554,597,2.1762774982946613,2.5
572,3168,3.5000000000000004,4.0
572,4713,3.0,3.0
577,1258,3.4894869982641867,4.0
582,159,3.0,4.0
585,648,3.262152423974659,2.0
590,3113,3.0,4.0
601,252,3.68921144903745,4.0
603,1394,2.8288619062802445,4.0
603,1876,2.011983215370804,3.0
627,595,3.832413200110064,3.0
627,1396,3.9056938473683043,4.0
628,185,3.943788678268762,3.0
633,3301,1.9359919195600883,3.0
641,237,2.956612988005948,3.0
657,3176,3.837070275122034,4.0
672,733,2.871947542990625,3.0
683,4022,3.5369669048491477,2.5
686,2324,3.7524511863799828,4.0
688,3793,3.4023595702136706,4.0
719,299,3.0,3.0
719,807,3.0,1.0
723,1968,3.791370898292609,4.5
742,1097,3.8675343919955343,4.0
742,2641,3.6947367595809557,3.0
745,1127,4.0654345097400055,4.0
746,2728,4.0,5.0
749,709,3.0,4.0
754,5527,3.0,2.5
764,2622,3.0,2.0
776,2890,4.18423208651949,4.0
798,53322,3.3356922147351304,3.5
803,1028,3.4591220090221335,4.0
812,376,3.534047961127791,4.0
824,1333,3.910186578848763,4.0
826,356,3.7523557451530545,4.0
828,457,4.21318034888107,5.0
830,1821,3.0,4.0
831,1569,4.642653099200524,5.0
867,1014,5.0,4.0
867,1923,3.817110402857307,5.0
873,3702,3.9506225923772185,4.0
874,261,3.7315066803122465,4.0
874,317,3.552123365188444,3.5
874,1196,3.7652461703926168,4.0
878,318,3.2809222249758494,3.0
887,2805,3.0,3.0
902,292,4.341463451004476,4.0
914,1040,3.0,3.0
917,685,3.0,3.0
928,1266,3.463700271424314,2.5
932,836,4.0,3.0
941,1617,2.0,5.0
950,904,4.437693608556003,5.0
972,2195,3.0,2.0
977,1136,3.2301214615474265,3.0
983,480,2.8151499398920934,3.0
986,20,3.6809573697556854,3.0
988,3729,3.0,3.0
1021,2639,3.0,2.0
1025,2971,3.0,4.0
1050,500,3.3218510872848133,3.0
1053,4002,4.361921928530272,4.0
1057,454,3.500585392850838,3.0
1063,3897,3.59789612937533,3.0
1077,3081,3.2566894067944316,2.0
1079,454,3.8125200122045415,5.0
1126,942,4.533179400696493,5.0
1129,153,3.144103367245096,2.0
1174,42015,3.0,3.0
1177,595,4.154292700959939,5.0
1177,3911,4.3168746982415955,4.0
1178,1371,3.7726689548918064,4.0
1186,3006,4.154006896407156,4.0
1211,25,3.667121912693452,4.0
1223,594,3.0034154531906636,3.0
1224,1203,4.232304977883265,5.0
1224,2302,3.8330819729450236,3.5
1242,332,3.0,4.0
1265,804,3.0,3.0
1270,2990,4.126997410494892,4.0
1288,5047,3.0,0.5
1305,2115,3.7364168962442466,4.0
1326,4142,3.0,3.5
1326,7057,3.0,4.5
1327,2184,3.0,3.0
1329,1035,4.3905170295720675,4.5
1331,3044,4.325092088939659,4.0
1333,113,3.0,4.0
1333,3720,3.0,4.0
1335,193,3.0,1.0
1345,151,3.0,4.0
1352,2337,3.0,5.0
1360,1210,3.8047038994840947,3.0
1374,50,3.8882849757965277,5.0
1377,1611,3.0,4.0
1392,2361,3.0,5.0
1407,2791,3.5823845087997173,5.0
1408,26349,3.0,4.0
1424,2355,3.5745672633685777,4.0
1427,1270,2.958701600376382,1.0
1436,8836,3.0,2.0
1437,919,3.9303728443294443,5.0
1445,1921,2.8093202721611075,1.0
1445,8623,3.0,4.0
1454,4804,3.0,4.0
1466,1125,3.0,4.0
1466,5791,3.7318834312987996,4.0
1485,1225,3.83161507505279,4.0
1525,733,3.860854639096826,5.0
1541,1357,3.8084303087708147,3.5
1550,1591,3.12345254392658,3.0
1550,1909,4.003468943982118,5.0
1560,165,2.6652559981707147,3.0
1567,1285,4.56610934380258,5.0
1567,2872,4.358548893051875,4.0
1590,231,2.2752914490097655,2.5
1590,40955,3.0,4.5
1603,296,3.5814601386231084,1.0
1611,8833,3.0,3.5
1621,4007,3.0,4.5
1624,281,4.0,3.0
1634,5292,3.0,4.0
1654,3044,4.0,4.0
1663,2710,3.7840431958283687,2.0
1678,736,3.6200294632583105,3.0
1689,1391,3.8050656151889783,3.0
1694,457,3.5453325927855155,4.0
1702,800,4.0079267501665665,3.0
1709,161,3.213576174773079,4.0
1754,2006,4.00668489978737,5.0
1755,1136,3.564021578562472,4.0
1770,5991,3.9391744093230656,4.5
1786,4710,2.751154409311055,4.0
1795,160,3.410160685983124,3.0
1800,1681,3.0,1.0
1800,2028,3.602597905953761,5.0
1805,293,3.574786542953165,5.0
1807,551,3.438773859506206,5.0
1837,1005,3.0,2.0
1839,2278,3.417282132077445,3.5
1844,280,3.2395322463266796,2.0
1854,2410,3.0198939700570286,3.0
1854,4148,3.1366160475062825,4.0
1860,2474,2.975455852014431,4.0
1860,3298,3.0,3.5
1860,4158,3.0,3.0
1860,6690,3.0,3.5
1861,2571,2.9828989644892503,3.5
1861,4846,3.0,4.0
1861,5893,3.0,3.5
1861,7706,3.5,4.0
1864,14,3.493956911655754,5.0
1874,1556,1.690087333201362,1.0
1877,434,3.9001883407779263,4.0
1897,39,3.3916587132931126,1.0
1903,1639,4.267960756877966,4.5
1905,19,3.4657657475201775,1.0
1908,3787,3.0,3.5
1910,3911,3.201260965676074,4.0
1913,1648,3.0,4.0
1915,33138,3.0,4.5
1917,719,4.1951814460035575,3.0
1924,2959,3.842363305961502,1.0
1940,2599,3.8158092894723636,4.0
1942,1036,4.36393414181072,4.0
1945,53972,3.8998717195745183,4.0
1953,1079,3.9094782543980506,4.0
1960,3617,3.166082295489392,3.0
1973,2687,3.0557239559836953,2.0
1977,29,3.0,1.0
1981,1552,3.604274364897303,3.5
1988,1088,3.455311799866239,3.0
1988,8665,3.5404523590757413,4.0
1993,485,4.058494510648133,3.0
2004,1204,3.9408249490312413,3.0
2021,1256,3.4481166746035594,3.0
2026,160,4.437635622985597,1.0
2034,3198,3.0,4.0
2034,6709,2.7573587607479566,1.5
2053,996,3.0,2.5
2057,1673,4.035028259772481,5.0
2057,3468,3.4827986960634023,3.0
2066,269,3.0,4.0
2077,380,4.017552227209548,4.0
2090,1036,3.8393124210916927,3.0
2117,52722,4.791548415795673,4.5
2134,95,3.0146904183415573,1.5
2134,5685,3.0,3.0
2142,330,3.0,3.0
2161,1282,3.56786749249268,5.0
2162,1580,2.7720176864422212,1.5
2191,1172,3.748340212998944,4.0
2191,2795,3.7940135519798948,3.0
2192,1238,4.0,4.0
2192,1343,3.925131385862169,4.0
2205,5630,4.2545010382643635,5.0
2237,2126,3.5660127058781037,2.0
2237,3903,3.0,1.0
2237,4296,3.0,2.5
2238,4022,3.238792333828938,4.0
2238,7438,3.778047467930183,5.0
2246,348,3.9612201219936334,5.0
2247,595,3.705833343886259,3.0
2253,1968,5.0,5.0
2258,3499,3.820197597688894,3.0
2266,426,3.0,5.0
2270,4335,3.0,3.5
2282,1997,2.6579505663453524,2.5
2290,3207,3.0,3.0
2314,4027,3.315797159932274,4.0
2318,2427,3.3673979604099618,4.0
2330,1211,5.0,5.0
2331,4963,3.068289196482078,3.5
2336,6539,4.010481708077035,5.0
2393,339,4.3438858904547,3.0
2414,1036,4.053578665344876,4.5
2418,2541,2.5250285672064963,2.0
2424,3328,3.0,4.5
2425,461,3.0,1.0
2433,1094,3.6079751934099886,4.0
2448,1220,4.010360507736267,3.0
2457,62,3.500662571544887,3.0
2466,1923,3.8899896653585295,5.0
2471,1721,3.4787226320254736,2.0
2498,246,4.0,3.0
2508,5,5.0,3.0
2515,3981,2.7274805093281476,4.0
2517,2231,3.9244398248928962,4.5
2522,1704,3.698011067784108,4.0
2526,1304,4.11102733714946,4.0
2534,1184,3.0,3.0
2534,1220,3.9266419575688265,4.0
2534,1259,3.942412061566195,4.0
2541,648,3.2001575461260248,1.0
2543,112,3.0,4.0
2548,1562,3.210616266232125,1.0
2566,1240,3.946762809375975,3.0
2570,2324,3.0993961415735374,3.5
2571,5816,3.3217030927897095,3.0
2601,2329,4.641806437802641,5.0
2604,4993,3.138989580711536,3.0
2611,926,4.7410335939547075,5.0
2619,586,3.3469289695970663,4.0
2637,1,3.8625284041411,4.0
2665,1721,4.0691628586986655,2.5
2685,3147,4.299702880556265,5.0
2692,54004,3.0,3.5
2698,6774,3.0,3.0
2708,2174,4.24020499417522,5.0
2714,203,3.0,3.0
2714,8622,3.2388191708171385,3.5
2714,40959,3.0,2.5
2729,2641,3.646009029338838,4.0
2739,954,4.208237248130372,4.0
2765,1028,4.184143439520011,5.0
2765,1222,4.146974293105432,5.0
2765,1644,3.6142443130000945,3.0
2787,9,4.296726100875393,5.0
2793,51255,4.024096171807119,4.5
2810,352,3.0,3.0
2810,2318,2.971540439832541,3.0
2813,1059,3.0,4.5
2817,477,3.0,3.0
2821,1080,3.53439839384063,4.0
2821,2751,3.0,5.0
2822,3285,3.0,2.0
2823,317,3.3405133422892708,3.0
2827,494,4.3186054590205085,3.0
2842,2505,3.0,2.5
2853,2203,4.0,4.5
2874,1203,4.5,4.0
2879,1270,2.3984129770924603,2.0
2879,2338,2.3951207357825317,2.0
2887,2985,3.3868304130610754,3.0
2891,3978,3.2474095542952353,3.0
2891,6565,3.7627771160731,4.5
2892,5294,3.627624309729207,3.5
2905,356,4.161096477374764,3.0
2912,2108,3.4873715966456023,1.0
2920,6333,3.730707270436152,3.5
2931,661,3.995220251251517,5.0
2941,296,4.289060079030238,4.0
2942,1845,3.0,2.0
2942,2245,3.4473250568682863,4.0
2948,3101,2.0,1.0
2949,1172,4.841927058863776,5.0
2955,2802,3.0,3.0
2958,266,1.859603773029536,1.0
2963,2346,3.0,2.0
2969,3408,4.042528758833799,4.0
2983,170,3.0,5.0
2983,2081,4.517396114588464,5.0
2995,653,4.734279247225389,4.0
3001,180,4.0,3.0
3001,1954,3.9256903404543526,4.0
3010,2579,3.0,5.0
3010,4226,3.986315703316238,5.0
3012,349,4.11874725363282,3.0
3019,2734,3.0,5.0
3022,2779,4.243511117513113,4.0
3025,1645,3.9499674800887536,3.0
3030,2571,3.729939562409043,5.0
3032,1617,2.2902924099828326,4.0
3041,5617,4.063923295103066,4.0
3052,362,3.0,4.0
3053,3176,3.951893500097919,2.0
3070,1784,3.581208500431855,3.0
3072,1784,3.7468726353631827,3.5
3072,2302,3.6848095666173326,3.0
3076,837,3.0,4.0
3086,34405,3.6582272625256302,3.5
3106,6753,3.0,4.0
3106,8369,3.0,3.5
3106,8914,3.0,2.5
3109,1189,5.0,5.0
3116,1620,2.917037897300668,3.5
3119,1960,3.0,3.0
3144,1242,4.0623668430088955,4.0
3144,2644,3.0,4.0
3154,2763,4.083929600902849,4.0
3161,2268,3.7542488096335913,4.0
3163,3274,4.0,4.0
3170,531,3.0,3.0
3171,6909,4.251656360927117,3.5
3174,58803,3.0,3.5
3197,2762,3.3576230693403732,5.0
3200,1392,3.0,4.0
3200,2379,1.906020363642579,2.0
3202,54286,3.4982834987544327,3.0
3219,2115,2.8471769069409896,3.0
3221,5991,4.244711296143646,4.0
3222,736,3.488290846809589,3.0
3225,100,3.0,5.0
3228,946,4.0,3.0
3228,2300,4.530339855311686,5.0
3254,1581,3.0,3.0
3256,1251,3.0,1.0
3277,2572,3.6326411546246513,2.0
3284,1036,3.429051066155094,3.0
3285,1014,4.050252908516182,4.0
3297,3858,3.0,3.0
3298,1589,3.0137946729292993,1.0
3309,1393,3.556895410251516,4.0
3313,3717,3.757770258396042,3.5
3319,50,4.81681791749509,4.5
3325,594,3.574612092311247,3.0
3333,112,3.4905666059373006,3.0
3336,370,3.4851264159862336,3.0
3336,3081,3.9616946643304547,3.0
3337,5650,3.0,4.0
3347,3706,3.0,4.0
3368,1127,3.181035915995753,3.0
3369,260,3.71032425957382,4.0
3373,34,4.070724306435425,5.0
3379,7,3.9873501427991545,5.0
3400,1287,3.4937800265241377,5.0
3409,533,3.604428734536925,2.0
3416,1866,3.0,4.0
3417,593,3.2885259963179143,4.5
3420,471,4.644564720711485,3.0
3459,45186,4.5,4.0
3462,1552,3.4745263590041264,4.0
3470,2028,3.689889304221157,4.5
3477,2793,3.0,3.5
3484,3977,3.5528384865339673,3.0
3493,593,3.30364469427323,4.0
3494,2542,3.8283321106440726,4.5
3503,4720,4.049956420559734,3.0
3513,480,3.7214331903868585,5.0
3533,912,4.738124719200844,5.0
3538,4141,3.0,4.0
3546,919,4.364492787850613,4.0
3546,1587,4.495329416934729,2.0
3549,356,3.2566367343526834,4.5
3556,195,3.0,2.0
3556,1594,3.649069414367209,3.0
3562,1129,3.9198010682700857,3.0
3579,4954,3.0,4.0
3599,4816,4.147041147263704,4.0
3605,216,3.7144445332393716,5.0
3612,494,2.9928172044598615,3.0
3616,3273,1.0,1.0
3628,1610,3.5342000055258693,4.0
3632,626,3.0,3.0
3634,3255,4.028567162082211,3.0
3634,4658,3.0,3.0
3643,5,3.0,4.0
3645,4018,3.0401296223580094,4.0
3646,592,3.752782885811796,4.0
3646,34536,3.0,4.0
3647,1271,3.7519025545080047,3.5
3654,5349,3.9638373580447337,4.0
3658,788,4.244348843505653,3.0
3659,5152,3.4766601532031753,4.0
3664,1580,3.91787476117148,4.0
3681,1385,3.2776121610776823,3.0
3684,318,4.068571324210978,4.0
3691,1292,4.46917771394324,4.0
3698,2872,4.24255806370434,3.0
3722,574,3.0,1.0
3727,1022,3.755055949271107,4.0
3734,2100,3.832970771195822,4.0
3761,185,2.6822583633181485,2.5
3777,3545,4.0,4.0
3781,589,3.4652346720269596,4.0
3784,852,1.8869485085638622,3.0
3784,1461,3.5,2.5
3784,5673,3.693634782111483,3.0
3784,6331,3.0,4.0
3793,35836,2.8479465459081275,3.0
3793,55176,3.0,3.5
3795,1276,4.52273233205583,5.0
3795,3015,3.0,2.0
3806,1392,3.0,4.0
3809,920,3.6061676133331573,2.0
3810,4638,2.392661806622049,3.0
3816,4262,3.0464041063599576,3.0
3817,356,3.4448627568375003,3.5
3817,1801,2.918082398306384,3.5
3817,8491,3.5205573998763855,3.5
3840,4280,3.0,2.0
3843,216,4.446918732128665,4.0
3845,353,3.671883248321624,5.0
3860,3362,2.263125016970763,2.5
3860,4022,3.1193094407371493,3.5
3867,4270,3.0531985331702103,2.0
3883,858,3.4875454406767954,5.0
3893,59725,3.0,3.5
3902,1262,3.9820590711005113,4.0
3909,2762,3.6606849693698087,5.0
3922,1185,4.5,4.0
3934,3977,3.7634646942406356,4.0
4001,1304,3.9441564556098467,4.0
4005,4963,4.378097018871116,4.0
4005,6881,4.5,4.0
4021,4701,3.7747611891951633,4.0
4022,3000,4.478301311873972,5.0
4022,27831,4.0,4.0
4030,2324,4.082677618044931,5.0
4032,260,4.0,3.0
4035,588,2.3423808050757753,2.0
4043,1639,1.543177966142319,1.0
4047,2040,3.0,3.0
4078,5152,3.5,4.0
4080,1210,4.166742023785148,4.0
4092,4681,3.0,2.5
4125,852,2.956256963118316,3.0
4128,2706,4.243527020332554,3.0
4129,590,3.6737107036136933,3.5
4129,25938,3.0,3.0
4135,1080,2.523907404859287,2.5
4135,1097,1.9370632386837994,2.0
4169,1101,3.9622038814846334,4.0
4185,380,3.9964419437667025,4.0
4191,1641,3.9446172052345774,3.0
4206,577,3.0,4.0
4214,1270,3.2737555715766775,3.0
4217,1909,3.7479299148420244,4.0
4217,2808,3.3048460915653326,2.0
4219,1228,3.7762136503812247,4.0
4223,8040,3.0,4.5
4225,595,4.047348558422655,3.0
4229,590,3.3991502130326388,3.0
4229,2329,3.378228146776322,5.0
4229,3365,2.0,2.0
4286,135,3.0,0.5
4329,2858,4.038204534389705,5.0
4333,1136,4.1314151205143546,4.5
4334,2278,4.0038187492948865,3.5
4342,3755,3.0996762003319707,3.5
4348,748,3.0,5.0
4359,2683,4.23943289617582,3.5
4368,5506,3.0,3.0
4371,2926,3.0,4.0
4382,300,3.9622213381627156,4.0
4386,2115,3.0764119990982755,3.0
4391,1136,3.835108199823873,3.0
4396,1479,3.092506076324732,1.0
4399,731,3.0,2.0
4436,4889,3.0,4.0
4447,196,3.955737254985749,5.0
4464,249,3.0,5.0
4464,608,4.016150920190906,5.0
4469,1092,4.0414775017487745,2.0
4487,1961,3.574475181699548,3.5
4488,2371,4.048895848181674,4.0
4513,272,3.2926385242235825,4.0
4513,435,3.136976590709201,2.0
4513,4779,3.0,4.0
4514,4370,3.4940907869755398,4.0
4517,4619,3.0,2.0
4519,95,3.164305801045846,3.0
4520,3897,3.979471735900316,3.5
4525,2593,3.0,5.0
4525,2921,3.4682491860776685,4.0
4538,1635,3.5198634753746303,4.0
4547,1291,3.409388552921657,3.0
4557,1391,3.5564899278583284,1.0
4565,1405,3.0,2.0
4568,501,3.0,3.0
4568,1187,3.0,3.0
4568,1428,3.0,5.0
4578,1376,4.253698303236511,3.0
4582,555,3.800411395871683,4.0
4589,2858,4.094286696563627,5.0
4590,593,3.5990078908851086,5.0
4602,2336,5.0,5.0
4606,5481,4.159278941359907,3.0
4612,6298,3.0,3.0
4612,8221,3.0,4.5
4620,1835,3.476123458028328,4.0
4623,950,4.0,4.5
4649,1266,3.6718046185303637,4.5
4657,1580,3.972173820513464,4.0
4664,1476,3.0,2.0
4665,1835,3.0,4.0
4667,2329,2.988925520935079,3.5
4669,370,3.4623388773061574,1.0
4675,2567,4.0,3.0
4688,3704,3.4261002672238177,4.0
4702,3033,4.785727368418787,5.0
4715,5502,3.35204743846812,2.5
4724,1198,3.802673777879026,4.0
4728,2871,3.818485376263693,3.0
4742,110,4.506119197453715,5.0
4748,32,3.4406524055189145,5.0
4766,1035,4.492189511795414,5.0
4772,2159,3.0,5.0
4778,1979,3.5605320859940166,3.0
4783,1220,3.5368493845904103,3.0
4783,3639,2.603097108160761,2.0
4804,527,4.083536514860882,2.0
4806,2017,3.0,2.0
4816,2174,3.8883010391047903,2.0
4817,2572,3.320952097631481,1.5
4822,1283,3.7645853252135586,4.5
4829,1347,3.4637596041580423,2.0
4834,1485,3.7957547699054888,3.0
4856,2571,3.3683194975509685,4.5
4865,733,3.8435958514538844,3.0
4866,1991,5.0,4.0
4867,3868,3.5966228043782755,3.5
4867,3932,3.1622742971081403,3.5
4867,5463,3.738157098491016,3.5
4868,2081,3.7707267569872256,3.5
4871,260,3.5982015523304756,3.0
4903,1610,3.683936630518835,4.0
4924,1408,3.3551235781394633,3.0
4928,1090,3.8129606675997865,3.0
4945,1658,3.0,2.0
4961,1059,3.0,4.0
4978,2728,4.999999999999999,4.5
4989,633,3.0,4.0
4993,308,5.0,3.0
4993,1885,5.0,4.0
4999,589,3.2566356011780533,2.0
5003,2908,3.0,2.0
5009,1031,5.0,3.0
5039,1262,4.151391353477544,4.0
5052,1641,3.676206420156055,3.0
5062,33162,3.340511368667916,3.0
5083,1641,3.8156761792262714,3.0
5100,2762,3.626014318901936,4.0
5112,2726,3.527656580033323,5.0
5117,1721,4.183320160956427,3.0
5128,2966,3.0,5.0
5129,3107,4.265782495912716,4.0
5129,4310,3.5963226116621816,2.5
5134,357,4.02440542838557,4.0
5134,2133,3.8136870465672437,4.0
5134,3594,3.0,3.0
5134,5785,3.0,4.0
5134,6628,3.0,2.0
5142,2916,3.689292373101816,3.0
5142,3831,3.0,4.0
5160,1610,3.516555616204767,4.0
5168,1258,3.734990604256367,4.0
5175,832,3.7658410116125403,5.0
5187,1721,3.413417146369996,4.5
5191,223,4.096797643950823,5.0
5191,358,3.0,4.0
5202,1200,4.039006607468128,3.0
5208,786,2.8109023171963816,2.0
5217,1688,2.6262874330157513,3.0
5219,2628,4.3372199008634595,4.0
5226,1172,4.757376223458714,4.0
5226,1287,4.6476249281119975,4.0
5231,58154,3.0,4.5
5232,6323,3.6971961579740853,4.0
5251,2085,3.0,3.0
5255,2112,4.0,3.0
5257,110,3.4795635747418348,5.0
5262,2810,3.0,4.0
5262,4254,3.0,0.5
5273,205,3.0,4.0
5275,1210,4.241141790012237,4.0
5276,1722,3.591019150828882,3.0
5279,19,3.1371807459717114,2.0
5285,1603,4.0,2.0
5301,1653,3.985860428027573,2.0
5328,92,3.0,3.0
5328,300,2.4062372393354323,3.5
5328,48142,3.0,2.0
5333,253,3.518176042933039,3.0
5365,1641,4.066984021732991,4.0
5373,597,3.4860059411864732,3.5
5378,708,3.2343701814960446,2.0
5390,1090,4.233854007043614,5.0
5396,2717,3.5538412157966213,2.5
5405,858,3.9941443932486744,5.0
5408,7,3.9211386676842657,4.0
5430,8368,4.017722865069928,3.5
5436,2410,3.8509112497678046,3.0
5441,153,3.585180571594949,2.0
5451,2407,3.400081045808309,3.5
5451,4090,3.0,4.0
5453,1073,4.007628648021526,4.0
5459,235,3.8936627376093664,3.5
5473,1228,4.1224005067419105,1.0
5474,527,3.808275581283599,4.0
5479,2470,4.153152359137044,4.0
5507,5992,3.7572602386845517,4.0
5510,466,2.545898886195864,2.5
5510,8366,3.397737989140419,4.0
5511,316,3.4538251126848496,4.0
5511,3826,2.999186937671287,3.0
5519,1907,2.325680097277448,2.0
5552,714,3.0,5.0
5578,541,3.857102084048132,5.0
5580,364,2.256932064995577,3.0
5583,903,4.260605860781915,4.0
5589,762,3.0016471656701222,3.0
5596,3098,3.502634010174051,5.0
5605,2539,4.141236592023087,2.0
5607,2161,3.606976344929064,4.0
5628,1262,4.500000000000001,4.0
5641,920,4.5306798501277825,4.0
5654,6777,4.0,4.5
5669,457,4.066020390439206,4.0
5669,1580,4.098202079517582,3.0
5675,1035,3.6957331331572854,3.5
5678,1527,3.797659460764712,5.0
5679,1286,3.0,3.0
5703,2712,4.3408515701667065,4.5
5703,33166,4.220354263661958,4.5
5706,5679,3.37957189969174,3.5
5711,3681,2.8553171074981787,2.0
5714,2409,3.126848350412858,4.0
5714,2706,3.453342010898241,4.0
5717,720,3.0,4.0
5728,44694,4.0,4.0
5732,185,2.8359451564760363,1.0
5742,1199,3.0,4.0
5747,2355,3.654303908639633,4.0
5763,318,5.0,5.0
5763,1953,4.969209418690742,5.0
5770,710,3.0,3.0
5776,1291,3.8797912156288246,4.0
5798,1614,3.0,3.0
5800,272,4.475201566265045,5.0
5801,3249,3.0,3.0
5802,356,3.856629016244911,4.5
5829,1304,3.328471763239461,4.0
5836,32291,3.0,4.5
5837,288,3.759843633918888,1.0
5840,2529,3.812815135112854,4.0
5849,2160,3.7601151673106474,5.0
5857,3100,4.0,5.0
5873,2159,3.0,3.0
5873,3111,3.0,3.0
5891,3897,3.683536303245149,3.5
5894,2427,4.003671077591532,5.0
5894,5060,4.313894772269535,5.0
5900,593,4.134642354926531,3.0
5904,694,3.0,1.0
5908,377,3.310283112308701,3.0
5913,1941,3.0,4.0
5913,3093,4.5,3.5
5913,4007,3.0,4.0
5913,7205,3.0,4.0
5917,3794,3.0,2.5
5917,5927,3.0,2.5
5918,2355,3.4292874767153037,5.0
5921,4963,2.9100823305807486,3.5
5931,3499,4.015464637329314,3.0
5933,2432,3.0,3.5
5933,4378,4.38140947121268,4.0
5937,15,3.0,3.0
5939,708,3.006263023371334,4.0
5947,3654,4.0,3.0
5955,2459,3.8987911112146483,5.0
5955,5010,3.829571773707263,3.0
5955,36529,3.86815876375149,4.0
5958,3360,5.0,4.0
5966,2,3.4895765427944414,2.0
5968,2340,3.0,4.0
5972,4621,1.9760363253135942,3.5
5973,215,3.0,3.0
5974,1272,4.646953364816364,5.0
5983,34150,3.7561064765384646,3.0
5998,2154,3.0,1.0
6018,535,3.135079200687971,3.0
6018,5768,3.0,0.5
6018,8917,2.757791441285716,3.5
6019,265,3.3415094100034426,4.0
6019,548,2.7794103235664074,3.0
6024,59501,3.0,4.0
6027,2407,3.4638912948638088,3.0
6028,2369,3.0,4.0
6041,4270,3.0,3.0
6043,553,3.557121169074436,4.0
6057,4306,2.996150663115566,4.0
6062,2918,4.491342643432333,4.0
6066,1050,3.0,5.0
6069,36,4.0694174467270825,4.0
6104,2018,4.363705314845528,4.5
6121,292,3.2242764067753047,3.0
6121,1193,3.560119832194222,2.0
6124,1653,3.51438302587085,3.5
6131,2706,3.3160957662709145,4.0
6142,4226,4.182879279595745,4.0
6152,434,3.80141933950943,3.0
6159,1197,2.088852897309284,3.0
6159,7619,3.0,2.5
6161,762,3.011856367540102,1.0
6172,3977,3.5981948705065654,3.5
6188,507,3.0,4.0
6208,110,4.025076379081886,4.0
6211,589,4.086097798705454,5.0
6218,599,3.983212803689782,3.0
6232,44191,3.534892311586691,4.0
6244,3814,3.0,4.0
6273,1748,3.223384644414092,2.0
6277,1090,3.8325045185411657,4.0
6291,332,4.0,2.0
6291,2699,3.479521478969279,3.0
6309,1196,4.295458100290494,4.0
6314,1994,4.491497412615708,4.0
6320,3317,4.40766787566231,5.0
6323,2194,3.6550449470861346,4.5
6336,720,5.0,4.0
6338,6565,3.968867754281713,4.0
6359,273,3.0,1.5
6363,4896,3.6977438246275796,4.0
6383,1230,4.020414136869468,5.0
6387,1500,3.658056889026885,5.0
6390,1213,4.661465224261068,4.0
6393,688,3.0,2.0
6393,2779,2.359784278032445,3.5
6393,26704,3.0,4.5
6403,318,3.978276847166715,5.0
6416,1552,3.54709598832997,4.0
6419,1358,3.9605572846897488,4.0
6426,3007,3.0,3.0
6426,3478,4.0,4.0
6426,52722,3.7830813272104975,2.5
6442,3868,3.1604771505728126,1.0
6443,104,3.4223508982150763,3.5
6443,5459,3.075926136769974,2.5
6443,8132,3.0,4.0
6455,590,3.2194913655297985,4.0
6457,1393,3.6536619255393172,3.5
6459,2313,0.7503959419141542,0.5
6461,2692,3.432269560421184,4.0
6477,55805,3.9997184819695013,3.0
6478,1043,3.0,3.0
6481,2318,4.496419659336526,4.5
6495,3267,3.0,5.0
6505,203,3.0,4.0
6512,442,3.726128962324573,1.0
6514,999,3.0,3.0
6525,2421,3.0,4.0
6550,89,3.0,3.0
6550,1394,3.1439519700769596,3.0
6551,553,3.1531434394308135,4.0
6559,17,3.6502688606547435,5.0
6567,648,3.954034466384586,4.0
6569,1019,3.990547538603201,3.0
6580,2301,2.4840818312874755,2.0
6582,145,4.087344449676828,5.0
6584,8784,4.197590270401948,4.5
6610,915,3.745928537219561,4.0
6611,595,3.820715207980388,4.0
6625,1729,4.201088213558704,4.0
6628,1358,4.06906599422724,4.0
6635,370,2.258417828381663,3.0
6636,168,3.165833378185805,2.0
6645,2278,3.8397493231851656,4.0
6671,3260,4.0,3.0
6672,150,4.152192621818055,3.0
6676,1345,3.42676093768318,4.0
6684,2243,2.5104984819273883,3.0
6684,4781,3.0,1.0
6687,173,3.817574652397558,3.0
6709,2000,3.9069283499863934,5.0
6716,4963,4.550699308643224,4.0
6725,4014,3.836340716548378,4.0
6743,778,3.791528463696315,4.0
6743,1876,3.8447969154996757,3.0
6756,3033,3.990624443421685,2.0
6757,351,3.0,3.0
6757,4917,3.0,3.5
6757,36517,3.2534372397124183,4.0
6761,1042,3.0,4.0
6761,2355,4.293635236729873,5.0
6765,2028,3.7190701813454865,4.0
6769,1320,2.5,2.5
6776,4011,4.0699632156937975,4.0
6806,733,4.007150129761598,4.0
6809,908,3.5120680365118235,4.0
6819,1307,3.997073034190481,3.0
6823,466,3.1015551679074074,4.0
6829,318,4.8689316729931615,5.0
6829,832,4.4807139384193615,4.0
6840,2093,3.0,4.0
6841,3740,2.893507263044568,4.5
6845,2761,4.5,3.5
6849,595,3.5666563974381233,4.5
6849,4447,3.683048678009478,4.0
6851,1376,3.822444047850926,5.0
6851,1610,3.6318991397738176,4.0
6854,1089,4.088658049382456,4.5
6858,260,4.344104638502794,4.5
6858,2231,4.495177610185414,5.0
6860,933,4.074595865714575,4.5
6860,4914,4.740749721458313,2.5
6862,780,4.548357408811994,4.0
6862,1079,4.610783392262518,5.0
6862,2333,4.0,3.5
6879,3396,3.8390285718325736,5.0
6882,39,3.9187824966845697,4.0
6882,151,3.5691168856194095,3.0
6893,4066,3.0,4.0
6894,3578,3.6150072949073317,3.0
6896,450,3.0,3.0
6941,2054,3.217559234272243,1.5
6941,53996,3.5425563765951464,4.0
6949,3174,4.3726817046532815,3.0
6953,196,3.0888154055870145,2.0
6957,909,4.587181233054753,5.0
6974,2529,4.145081672465933,4.0
6992,1036,3.6857383795201253,3.5
7003,1246,3.879848433867994,5.0
7011,595,3.448554359573165,2.0
7015,231,2.700537664076708,3.0
7023,3783,3.0,5.0
7028,253,4.657643278051698,4.0
7036,4571,3.6968153832286337,4.0
7045,141,3.9583477188383265,3.0
7048,2424,4.217829958416273,3.0
7048,3616,3.0,3.0
7061,1278,3.919869714400582,4.5
7081,110,3.3028061137496634,3.0
7081,2099,3.0,3.0
7088,4975,4.152699718147163,3.5
7090,1035,3.754499375852721,5.0
7090,2612,3.0,3.0
7092,4873,3.0,4.5
7108,2393,3.363207287408558,3.0
7145,6204,3.0,3.0
7160,515,4.272092614962056,5.0
7161,1644,3.448811241087008,2.0
7173,57,3.0,5.0
7196,597,3.3308120089712405,3.0
7196,1214,3.4756029079265165,3.0
7198,1176,3.0,4.0
7217,7018,3.0,4.0
7218,613,3.0,2.5
7225,208,2.6668661910856954,3.0
7226,1250,5.0,4.0
7229,224,4.246167986319002,5.0
7238,6378,2.7448801368634768,3.0
7251,3755,3.761169325272313,3.0
7253,168,3.199843556554344,3.0
7253,719,3.2436824976504335,2.0
7279,2161,4.48395488338738,4.0
7282,1097,3.7036736347514934,3.5
7283,3578,4.798721616905836,4.0
7287,500,3.6287847905100024,4.0
7302,1100,3.3103667326900963,3.0
7302,1246,3.8385742435280874,5.0
7302,2802,3.0,3.0
7304,72,3.0,3.5
7304,3134,4.0,4.0
7304,5033,3.0,3.0
7313,1221,4.415540762643365,4.0
7313,1240,3.905433602446545,3.0
7319,329,3.6276376850442,4.0
7329,2542,4.166053667522301,4.5
7339,1083,3.0,5.0
7341,1031,3.0,4.0
7350,1845,3.0,5.0
7350,2325,3.0,2.0
7350,2580,4.474292277066093,5.0
7356,260,4.204234000419351,4.5
7356,8937,3.0,4.5
7368,50,4.0979532198755555,4.0
7368,318,4.178013745709401,4.0
7379,750,4.266830399664871,5.0
7384,1573,3.593220025530249,3.0
7421,7458,4.755803039406334,4.0
7426,3181,3.0,4.5
7427,4995,4.41443195332187,3.0
7429,88,3.491257084069062,3.0
7437,509,4.369092121059895,3.0
7446,1270,4.055502292081999,3.0
7459,1210,4.058343286472221,5.0
7461,380,3.97840920376107,4.0
7461,2611,3.0,4.0
7461,3928,3.0,3.0
7471,46,1.5,2.0
7471,1061,3.087829811106152,4.0
7483,7361,4.018075065515063,4.5
7508,6910,3.0,3.5
7518,858,4.0,5.0
7525,489,3.0,3.0
7529,4447,3.152393935555429,3.5
7529,8373,3.0,3.0
7534,3421,3.498505412766946,4.0
7534,4121,2.796260489213398,2.5
7534,5970,3.0,3.0
7566,5060,3.8505537763976596,4.0
7572,319,3.0,4.0
7577,1831,3.43167661002612,2.5
7582,3525,3.9104056247323005,2.5
7592,257,4.0,3.0
7602,1593,4.0,3.0
7603,2513,3.0,3.5
7615,1136,3.896449253938502,5.0
7618,1978,3.0,3.0
7618,3556,3.8201968528100894,4.0
7635,48032,3.0,3.0
7641,2,3.674476190058048,3.0
7652,36,3.714260046570166,5.0
7655,3698,3.0739052526884785,3.0
7657,140,3.409022415321929,4.0
7663,656,3.0,3.0
7667,206,3.0,4.0
7669,3740,1.6985467805479082,1.5
7678,6378,4.185211571974495,4.0
7681,4027,3.541962908633209,4.0
7684,2959,3.780746528851647,4.5
7691,3,3.361411464149647,3.0
7694,5457,3.0,0.5
7698,367,3.6771503439382873,3.0
7704,3481,3.0197903695427173,3.0
7704,3698,3.3475476262285904,4.5
7711,4973,3.8539040511570404,4.5
7716,6870,4.338292114073719,4.0
7722,3155,3.0,4.0
7724,541,4.012198582018959,5.0
7730,609,4.0,3.0
7774,2722,4.0,3.5
7777,3698,3.200070674736154,4.0
7778,150,3.791324495684365,4.0
7778,4896,3.7347516901175033,3.5
7785,3000,3.324002857787876,3.5
7793,2372,2.0,1.0
7794,2791,4.266137869958017,4.0
7795,225,3.6492843333727327,3.0
7795,2160,4.128106080577007,4.0
7795,4521,3.0,3.0
7804,4447,3.428632714794451,4.0
7811,239,3.0,4.0
7816,1,3.6130663490923887,2.0
7820,1625,3.5038614022854357,3.5
7820,8972,3.477460495772302,2.0
7830,36,3.6124577184124655,4.0
7834,4229,3.0,2.0
7838,5899,3.0,4.0
7840,1213,3.8601142518212854,4.5
7847,1330,3.0,4.0
7860,48385,4.151951906838207,4.0
7879,1214,4.198175187484157,4.0
7888,4306,4.214485551738781,4.0
7890,3730,3.9401095819382377,2.0
7891,7227,3.0,4.5
7899,145,4.726678137574985,5.0
7902,1777,3.2856502007471615,2.0
7902,2791,3.655130942695358,5.0
7909,1,3.74703290954853,4.0
7909,569,3.0,3.0
7914,1625,4.4023321274047635,5.0
7919,314,3.0,4.5
7926,3210,3.380551854574568,3.0
7936,3039,4.038575654306106,5.0
7936,3105,4.287270531932477,3.0
7949,619,3.0,1.0
7949,2248,3.604217999994935,4.0
7967,296,3.7435275609312826,3.0
7968,11,3.4457745593092572,4.0
7970,3060,3.0,4.0
7970,3745,3.6859828219430923,3.0
7974,3142,3.0,4.0
7986,5791,4.2466413280825765,4.0
7986,7161,3.0,2.5
7986,45517,4.061399352093324,4.0
8017,1,3.35274799188841,3.0
8021,1950,4.8314391924936215,4.0
8021,2288,4.155620152382247,5.0
8021,5618,2.931990723892992,3.5
8024,750,3.489871097016136,4.0
8031,1139,3.0,3.0
8032,1347,4.002031035058387,4.0
8046,1721,3.707568316954156,5.0
8048,880,3.0,3.0
8048,2712,3.914220136284996,5.0
8050,162,3.6292243799840134,3.0
8055,367,3.4876651235879086,2.0
8067,1187,3.0,3.0
8076,6365,4.351200974288098,2.0
8078,1900,3.0,4.0
8099,2795,3.6847554250447545,3.0
8109,778,4.047018296385088,4.0
8111,1222,3.884041600858242,4.0
8114,195,2.0,3.0
8114,8361,3.504495027395452,2.0
8114,39234,3.0,2.0
8120,535,3.991259792988749,5.0
8127,1391,3.543717226571267,3.0
8152,113,3.0,3.0
8152,2054,3.229371628934328,3.0
8155,141,3.8212276902008466,5.0
8155,260,3.5895433214245154,4.0
8162,899,3.726964145583921,5.0
8172,4564,3.0,5.0
8173,1942,3.0,5.0
8184,707,3.0,4.0
8188,205,3.0,5.0
8188,2181,3.5046969954554443,2.0
8189,1223,4.747282926883145,4.0
8210,273,3.9964131294157155,3.0
8213,2804,4.248329884592717,4.0
8215,223,4.4232939437036585,4.0
8215,1297,4.763061412171528,4.0
8232,92,3.0,4.0
8232,1647,3.0,3.0
8238,4014,3.2921488619916106,3.0
8250,150,4.001175151265175,4.0
8250,1034,3.0,4.0
8257,380,3.9710126048438896,5.0
8264,585,2.691720115078089,3.0
8265,3064,3.0,2.0
8274,3717,3.633575390408628,2.0
8275,1207,4.4552572983516345,4.5
8317,316,2.587929701438241,4.0
8326,457,3.3382837156737457,3.0
8338,2352,3.407641888406393,2.0
8338,4351,3.0,3.0
8338,5341,3.0,3.0
8344,196,3.79420980561971,3.0
8344,528,3.0,3.0
8352,2285,3.0,3.0
8354,4121,2.5075452368064357,1.5
8394,231,3.686206771802442,3.0
8395,3717,3.414051022144333,1.0
8407,410,4.2266498433668245,4.0
8412,1998,3.0,1.0
8418,3481,3.3097027899137332,5.0
8426,2477,3.0,3.0
8430,225,3.5039542213476986,3.0
8441,314,3.0,4.0
8447,8950,4.268048714490255,4.0
8459,49822,4.0,3.5
8467,165,3.481674938121648,4.5
8474,2126,3.5930672741020304,3.0
8474,2470,3.8602971723670882,3.0
8476,1028,3.993866455390519,4.0
8476,5955,3.0,3.0
8481,55253,3.0,3.0
8482,2657,3.7719707996235132,4.0
8504,216,3.6296276202321147,4.0
8507,186,4.079485162360745,3.0
8508,3259,4.0,3.0
8521,441,4.1656463048157555,4.5
8526,1198,2.699634361682322,5.0
8532,1293,3.9835855573714993,4.0
8577,6,4.260265841208264,3.0
8586,2599,3.91514741647476,3.0
8606,36,4.018468349486508,3.0
8618,1237,4.276120453522804,5.0
8642,592,3.510481930094276,3.0
8651,300,4.007501806557169,4.0
8653,5903,4.137772207009801,4.0
8661,3994,3.7013429019039585,3.5
8664,3616,3.0,1.0
8677,466,3.5,3.0
8683,1204,4.436560595564842,4.0
8683,8531,3.0,1.5
8696,5060,3.970655817163129,4.0
8712,3396,3.152237221456031,3.0
8716,4022,3.645292950808112,4.0
8723,1466,3.0,5.0
8726,4963,3.235251374586877,5.0
8732,2710,4.155205326782424,4.0
8734,505,3.0,2.0
8734,2888,4.0,3.0
8740,40815,4.047503675784826,4.5
8769,588,4.208402324273226,4.5
8769,1302,4.398846488554323,5.0
8788,2300,4.5,4.0
8792,2759,3.0,4.0
8805,319,4.6438332232432815,3.0
8811,246,3.7490453198192646,4.0
8811,1214,3.2337772128362356,4.0
8811,1620,2.82230359304061,2.0
8811,2755,3.0,2.0
8811,7404,2.722514202235015,2.5
8811,7438,3.435516479622206,3.5
8813,1246,2.7668308757839117,3.0
8820,999,3.0,3.0
8822,919,4.4100316961578585,5.0
8826,608,3.635124687972825,3.0
8834,150,3.524848528097296,3.0
8843,168,4.00768189691547,4.0
8846,912,4.387726818272595,3.0
8866,2722,3.0,2.0
8875,8950,3.606995081744141,2.0
8879,1425,3.0,5.0
8890,331,3.0,4.0
8892,2266,3.0,2.5
8897,1230,3.165955055486949,2.0
8927,780,3.7991907759013985,3.0
8930,31658,5.0,5.0
8931,480,3.288642750464911,4.0
8959,1285,4.176316842324735,3.0
8959,2140,3.6524618667751114,3.0
8961,1220,3.6964487566582855,5.0
8962,2046,3.4988020824106814,2.5
8962,2596,3.0,4.0
8965,3269,4.0,4.0
8965,4124,3.0,2.0
8965,5302,3.0,4.0
8971,1339,4.0427826539710505,5.0
8973,33615,3.2934422393298313,3.5
8976,1914,3.0,5.0
8980,95,2.2867545352315477,3.0
8980,112,1.961891223548919,3.0
8989,1248,4.611890525477384,5.0
8993,1981,2.930194614367699,3.0
8993,6264,3.0,2.0
9018,440,3.675464479635504,3.0
9020,1997,3.7076588303800397,3.0
9033,1246,3.2984611509489135,4.0
9034,34162,4.113069555427818,3.5
9043,292,3.3669913388943105,4.0
9050,2019,4.353691058379689,3.0
9060,34,4.08393147050622,5.0
9060,1212,3.829878691273587,5.0
9060,26242,3.0,3.0
9064,124,3.0,2.0
9071,47,4.048735900059275,5.0
9079,3763,3.2941301158652645,4.0
9090,1592,3.0,1.0
9100,5025,3.0,3.0
9117,5378,3.7626665607705143,4.0
9137,2046,3.0,4.0
9139,2915,3.657210124801463,3.0
9139,4066,3.0,3.0
9139,5304,3.0,4.0
9140,2858,2.9350349579144805,2.0
9140,6166,3.0,2.0
9145,1179,4.347753397448626,4.0
9149,4816,3.337832922325177,1.0
9161,4361,3.8119820619280005,4.0
9177,59315,2.9999999999999996,3.5
9180,2028,3.5254430092774722,4.0
9180,3020,3.3542141474916183,3.0
9181,2922,3.724203943266812,3.0
9181,3577,3.0,3.0
9199,1201,4.430546245194241,4.0
9199,1394,4.156162447620152,4.0
9212,1995,3.0,3.5
9212,55555,3.0,4.5
9213,1350,3.1815436428695825,2.0
9238,1580,3.525706113541197,4.0
9238,6764,3.0,3.0
9241,1204,4.714095143930043,5.0
9248,4973,3.6999372145463107,5.0
9252,1387,3.4541908660822274,4.0
9270,3052,4.073819442256362,2.0
9276,1059,3.0,4.0
9294,2076,4.480407841083424,5.0
9310,153,3.181138136593534,1.5
9352,2289,4.151681584412497,4.0
9355,3104,4.671244101276879,3.0
9375,1711,3.0,3.5
9375,2915,3.3124541219566854,3.5
9375,3489,2.971639159975721,2.0
9388,3490,3.0,4.0
9396,1375,4.072453043756746,3.0
9408,3040,4.0,4.0
9420,1409,3.0,2.0
9423,1784,3.4469707765004975,3.0
9428,2302,4.084554872698524,4.0
9429,1183,3.184464872120648,2.0
9434,318,4.208101368688004,4.5
9439,5367,3.0,3.5
9442,650,3.0,3.0
9443,1204,4.952111923210144,5.0
9448,1234,4.345067194077978,3.0
9456,1527,2.9165565910409303,3.0
9462,1028,3.9745149611924226,3.5
9462,1527,4.024956208706121,4.0
9475,852,4.0,3.5
9476,7153,4.231634412818511,4.0
9519,2699,4.457583430263974,3.5
9522,5225,4.384670857962689,5.0
9522,7164,3.0,4.0
9549,5481,2.9274037454057322,1.5
9552,70,3.048628340119698,2.0
9552,1277,3.0,3.0
9554,48783,4.08979422709344,4.0
9573,1080,3.631963205979052,4.0
9574,3967,3.7833592976361907,3.5
9574,3969,3.0,4.0
9591,3527,4.254699163587356,5.0
9595,1635,3.5026797273982786,3.5
9595,1772,3.0,3.0
9595,2318,4.5,3.5
9601,4351,3.0,3.5
9611,419,3.0,3.0
9614,377,3.534513351250452,3.0
9618,3275,3.848344207666741,4.5
9618,53000,4.047214139899715,4.5
9629,7387,3.0,2.0
9629,41997,3.0249788607300507,2.5
9634,3436,3.0,3.0
9641,5418,4.0140306898151845,3.0
9641,58803,3.0,4.0
9665,3082,3.0,2.0
9670,1393,4.002449365834251,3.5
9679,355,3.0,4.5
9691,480,4.195632329964006,4.0
9696,2028,3.9964018307028875,5.0
9702,3600,3.0,3.0
9707,500,3.5964439155276917,3.0
9714,362,3.3428653065380822,3.0
9731,3598,3.0,3.0
9744,141,4.191169273343013,4.0
9748,6711,4.686594048338023,5.0
9771,1678,3.0,5.0
9774,4370,3.877081071420375,2.0
9787,1923,3.375513358543759,3.5
9806,3978,3.7679850917952953,4.0
9809,5555,3.0,3.0
9809,6874,4.057645531243538,4.5
9817,3797,3.0,3.0
9819,51884,3.0,4.0
9840,380,3.890284042371006,3.0
9864,2006,4.495713592284057,3.0
9883,1292,4.1998310963866885,5.0
9893,4571,4.505323205944606,5.0
9903,1604,3.0,3.0
9916,4914,3.0,4.0
9922,2471,3.4323880353467118,3.0
9939,2454,4.0,3.0
9952,2,2.9252824363248644,3.5
9953,904,3.853538564838975,5.0
9962,207,3.0,3.0
9967,62,3.5564605781157383,3.0
9972,4231,3.0,3.0
9973,1635,4.0,4.0
9977,800,3.0,4.0
9979,76,3.0,1.0
9979,1722,3.218663518050516,4.0
9979,4006,3.0,2.0
9988,3019,4.0,2.0
9988,5285,3.0,1.0
10006,1968,4.789242649517883,5.0
10025,4451,3.0,4.0
10051,2706,3.3895700953095336,1.5
10056,3438,2.8974590028986418,3.0
10056,3836,4.0,4.0
10067,58,3.0,4.0
10076,1476,3.0,3.0
10088,808,3.0,5.0
10097,527,4.715455096637167,5.0
10098,123,3.0,3.5
10109,593,4.1145253716477175,5.0
10115,3453,3.0,4.0
10127,2413,3.200569498615726,2.0
10132,2716,3.4926469392100574,3.5
10132,7570,3.5,3.5
10136,231,3.506139067455784,3.0
10144,3925,3.0,4.0
10157,736,3.5169009939061606,2.0
10162,7846,2.5,3.5
10176,3147,4.2410846174670045,4.0
10181,8983,3.6191930478521903,4.5
10192,308,4.485749301717583,4.0
10201,376,4.348089809446877,3.0
10208,3751,3.662784123575751,3.0
10208,5064,3.8087401198592956,3.0
10212,1882,4.4678348854224765,5.0
10253,788,3.2046200991045635,4.0
10270,648,4.1951127277521,3.0
10273,1093,3.0,3.0
10282,485,2.9097709620837233,3.0
10297,1446,3.0,4.0
10318,3499,3.78789139164823,4.0
10318,46335,3.0,1.0
10324,7153,3.5403435968969683,4.5
10331,1372,3.861147727577678,4.0
10342,1441,5.0,4.0
10355,6620,3.0,5.0
10367,2366,4.403858362075398,5.0
10367,2435,3.0,5.0
10368,1918,2.8587033874609684,2.5
10384,1250,3.8589605199693935,3.5
10384,2020,3.6660636142793357,3.0
10402,3408,3.6787325511604685,4.5
10418,3108,3.4181713757443557,4.0
10442,440,3.9506273547721924,4.0
10444,7107,3.0,4.5
10444,48780,3.8752608646394235,4.0
10454,2160,3.8802235892233132,3.0
10463,3578,4.570249218108264,5.0
10469,1179,3.5391212404348242,3.0
10470,596,3.5459629062719094,3.5
10470,2794,3.3454308158702384,3.5
10493,356,3.6354154472197484,4.0
10495,2094,3.5084001023445053,4.0
10517,3468,5.0,5.0
10518,71,3.0,3.0
10535,936,3.0,3.0
10556,150,4.32579416651593,4.0
10566,500,3.8584220896624046,4.0
10570,18,3.0,4.0
10570,4487,3.0,3.0
10596,595,3.916208464541909,4.0
10597,593,4.185259641268557,4.0
10602,3986,3.676248516699582,2.0
10609,1682,3.75773121920768,3.5
10620,2150,4.065045165634231,4.5
10620,3256,3.8469709496840196,4.0
10623,2968,4.105727633941512,3.0
10628,4280,3.0,5.0
10636,587,3.241637218805424,3.0
10636,1085,3.0,4.0
10636,3396,3.1638289773118315,1.0
10637,593,3.810827522488763,1.0
10652,38499,3.0,3.0
10652,47610,3.319726811320526,3.0
10662,51540,2.4229826025735486,2.0
10671,3120,3.0,3.0
10672,668,4.999999999999999,5.0
10672,3363,4.248451335570292,4.5
10679,4206,3.0,3.5
10679,4246,3.658476994820152,3.0
10680,7396,1.4508678234425632,1.0
10695,1371,3.0,4.0
10715,1179,4.110281672554474,3.5
10720,913,4.781754230447066,5.0
10734,34,3.2904077841507986,1.0
10738,1244,3.7308207921070893,5.0
10746,1641,4.349966983769089,5.0
10759,1586,3.674449516317436,4.0
10759,4132,3.0,3.0
10759,7149,3.8259690891917137,2.5
10759,30825,3.2526236673097033,3.0
10769,5060,4.719594383668316,5.0
10775,3072,3.580078115307626,3.0
10799,45517,3.9640360327692608,4.0
10802,1276,4.949113415001343,5.0
10803,365,3.0,2.0
10803,3254,1.7428999745318283,0.5
10820,1213,3.670260257150864,3.0
10821,2816,2.0,1.0
10839,177,3.0,1.0
10839,527,3.810678959653093,5.0
10840,296,3.4315175477974673,5.0
10846,73,3.0,1.0
10846,2795,3.4978323801202724,1.0
10858,4681,3.0,3.0
10858,32149,3.0,3.0
10870,377,3.8089355261886295,5.0
10871,1704,4.109732096164011,2.0
10881,3977,3.879433185290583,2.0
10905,1961,3.7157854154168852,3.0
10920,1073,3.4809041095241353,3.0
10920,7147,4.044570974262593,4.5
10927,435,3.0356919094817103,3.0
10954,1269,4.612166929555923,5.0
10961,2324,4.279265502127174,5.0
10967,6668,3.0,5.0
10975,440,3.8233211659245847,3.0
10984,1020,3.0,4.0
10984,3081,3.9997928008859134,3.0
10986,1,3.279780454559554,4.0
11003,5459,3.9293252501271554,4.0
11005,899,4.453914303867405,5.0
11032,3724,3.0,5.0
11040,1358,4.539693809702701,4.0
11042,296,3.6597787091138145,3.5
11052,5816,3.6768812198979424,4.0
11060,1278,3.6963657245385257,3.0
11070,2797,3.229664747870606,3.5
11090,57669,3.8732379725086283,3.0
11113,4022,3.3698863456456807,3.0
11117,2096,3.7368500094699733,4.0
11151,34,3.3620251816356856,5.0
11156,1498,3.0,3.0
11156,1777,4.172880332176514,3.0
11157,1639,3.784224243343326,3.0
11157,3986,3.275073677032653,3.0
11157,6183,3.0,4.0
11158,3359,4.0,4.0
11158,4252,3.0,4.0
11168,34,3.6585005262418524,4.0
11170,5,3.0,2.5
11170,2858,3.7420804510689325,4.5
11173,1247,4.038698330054859,3.0
11183,364,3.374057190498801,3.0
11186,1132,4.0,2.0
11186,3469,3.0,4.5
11195,370,3.553580121373844,3.0
11196,832,3.714754680040389,3.0
11209,2905,3.0,5.0
11215,5899,3.0,4.5
11220,5445,3.6573528845613033,4.0
11221,1371,3.331641738139024,2.5
11221,5872,3.632286638799615,3.0
11224,708,3.820913906167919,4.0
11224,844,3.0,5.0
11240,1097,3.831853708191375,4.0
11251,3720,3.0,4.0
11263,454,4.0,4.0
11270,1591,2.6571160710691633,2.0
11285,21,3.726031829424715,3.0
11297,858,4.649759421762736,5.0
11300,1956,4.0,4.0
11312,1224,3.0,5.0
11314,5970,3.0,3.0
11318,1196,3.188430476214675,4.0
11338,3238,3.0,3.0
11342,2009,3.5446931178736016,4.0
11345,329,3.833038608659444,2.0
11352,2716,3.47408125099128,4.5
11358,113,3.0,3.0
11378,1694,3.0,4.0
11381,1079,3.6012477240566607,4.0
11383,480,3.387092573862877,2.5
11408,588,3.5203756929036367,3.0
11418,2502,3.5064782469535825,4.0
11434,4251,3.0,5.0
11443,3477,3.0,4.0
11448,46970,3.0856110652911863,1.0
11450,5872,3.763297112771092,3.5
11461,1022,2.634805255278299,3.0
11482,1242,4.5985300232156545,5.0
11482,2396,4.027286551598228,4.0
11485,2122,1.5,1.5
11509,2858,2.749539101852662,3.5
11510,1923,3.5560100315013714,3.0
11514,102,3.0,1.5
11514,1126,3.0,1.0
11514,2133,2.8834966612661046,2.5
11514,5843,3.0,2.5
11517,529,4.092682008764163,3.0
11523,2028,4.076500944606939,4.0
11524,4132,3.0,5.0
11528,2002,3.7602015412449044,3.0
11529,3260,2.4985457013536205,3.0
11530,3996,3.382415874203771,4.0
11533,3751,4.206782072365479,4.0
11543,2427,4.905717304652125,1.0
11553,16,3.7735322812614593,3.0
11554,912,3.871777940258068,5.0
11559,2791,3.41234338559854,1.0
11583,736,3.5199656163936393,2.5
11586,912,4.084720096220051,5.0
11590,3255,4.072365895461774,5.0
11595,5464,3.854507439110296,4.0
11606,648,3.624488126982839,4.0
11606,3088,4.0,4.0
11609,420,2.784064163513728,2.0
11613,4589,3.0,4.0
11631,2020,4.567136932116937,3.5
11638,7147,4.029469361519441,4.5
11651,1676,4.003266475796602,4.0
11658,23,2.987122606050627,3.0
11660,2408,3.0,2.0
11680,923,3.5193112308436274,3.5
11680,8368,3.0902743385565197,3.5
11685,135,2.7464353819869407,3.0
11686,2259,3.0,3.5
11695,144,3.0,4.0
11719,780,2.678159579680506,2.0
11719,4993,3.2748950344779657,5.0
11728,2081,3.5562018271303537,3.5
11733,1210,4.877074668614035,4.0
11736,3646,3.0,4.0
11736,5010,4.5214529517348545,4.0
11753,151,2.3427332238021523,1.0
11757,1609,3.0,3.0
11759,1193,3.49779693621783,4.5
11763,2950,2.0,1.0
11769,4312,3.0,4.0
11777,457,4.31007100059872,5.0
11780,1204,4.492614523960006,4.0
11780,1359,3.0,3.0
11790,231,4.364106250441609,4.0
11800,733,4.173303807992375,5.0
11803,3996,3.1739625071365305,2.0
11809,32,4.06042885182388,4.5
11812,2194,4.2309157886906155,4.0
11824,2329,3.8348548837745047,4.0
11843,4878,2.4547717238966036,5.0
11845,276,3.403942803827264,3.0
11847,446,3.0,4.0
11847,1278,3.7427560079299442,4.0
11860,1129,4.325791353625174,3.0
11862,541,4.235156874742136,5.0
11874,1994,3.6487844645692173,4.0
11881,48516,4.380155746155736,4.0
11889,595,3.599767933845688,3.5
11894,4873,3.0,4.0
11898,33164,3.0,2.0
11915,477,3.0,4.0
11930,4447,3.0479528358331422,4.5
11937,34437,3.96171283981384,4.5
11951,1214,4.3510622215509756,3.0
11958,4226,3.5900013598325744,3.0
11968,440,3.3534939312960272,3.0
11969,153,3.287668382184172,2.0
11969,231,3.305995311527918,1.0
11980,306,4.595440326546107,5.0
12000,2140,3.1593437589239484,2.0
12006,2717,3.550615568629708,2.5
12012,2985,4.092598381963599,3.0
12012,5956,4.2306530832401235,3.0
12013,593,3.5391468365932415,3.5
12013,4678,3.0,3.5
12015,593,3.321550404044634,4.0
12030,540,5.0,3.0
12047,17,3.2417535236436583,5.0
12051,4754,4.0,4.0
12055,5693,3.5,3.0
12063,2454,3.0,4.0
12064,2542,3.8124382153178873,4.0
12078,216,4.725587950149082,3.0
12080,55363,3.0,1.5
12089,532,3.0,2.0
12089,2552,3.0,1.0
12089,4321,3.291076292479698,3.0
12098,8874,3.4289868550926075,4.0
12104,260,3.9025506515979065,5.0
12109,25,4.263777692286337,4.0
12119,1952,4.017623024715622,5.0
12120,913,4.624687412842643,4.0
12125,1125,4.017488595490305,3.0
12125,1355,3.0,2.0
12125,1722,3.5308779635242633,4.0
12135,589,4.18600566003176,5.0
12138,2617,2.6914966765144293,1.0
12138,6656,3.0,0.5
12138,8198,3.0,0.5
12139,647,4.0,4.0
12139,1027,3.0,4.0
12140,47,3.48873802382255,3.0
12141,435,4.329617972640581,3.0
12148,2289,3.993817651805695,4.0
12149,1895,3.0,3.0
12159,349,3.5110595937353524,4.5
12169,1296,4.1490813584699024,4.0
12169,3967,4.048522908437016,4.0
12169,7361,3.9921815399993856,4.0
12173,1127,3.8125804135069896,4.0
12184,168,4.056514281216821,4.0
12190,1264,5.0,3.0
12194,6,3.869629278997729,3.0
12200,2268,2.4379924255405894,3.0
12201,30707,4.540123278088798,4.5
12229,111,4.103773564572111,3.0
12232,3114,3.977980231332254,5.0
12236,1217,4.24077806504112,5.0
12239,2959,3.776660774424935,5.0
12248,2736,3.0,3.0
12248,6593,4.0,4.0
12283,293,3.99091142141728,3.0
12283,4881,4.495769835622276,4.0
12293,4090,3.0,4.0
12296,2721,3.4855000737819672,3.0
12296,6377,3.7191578099750924,4.0
12298,2162,3.0,2.0
12298,2513,2.6668329740458847,4.0
12302,778,3.3724729768548585,3.5
12304,3717,3.4031371989598145,4.0
12312,95,4.072270186917285,3.0
12314,274,3.0,3.0
12317,446,5.0,5.0
12331,593,4.531582105987508,5.0
12337,1373,3.387380610077877,3.0
12360,4188,3.0,4.0
12367,357,2.8069061856159627,3.0
12377,160,3.1368026104244953,4.0
12399,592,3.124008995899042,3.0
12400,50,3.350412738774394,4.5
12401,1252,4.564222852074892,4.0
12407,592,3.4229947948429555,2.5
12420,2001,3.384588576699885,1.5
12440,265,3.536529339281557,1.0
12458,32587,3.9477333735068947,4.0
12460,596,3.5417655678944584,3.0
12470,915,4.557458455213623,5.0
12480,110,3.442705431938012,3.0
12490,43396,3.0,4.5
12497,162,3.0,0.5
12501,3083,3.0,3.0
12505,296,3.961206222876273,3.0
12523,111,3.1440998923730823,3.0
12538,7162,2.998892785291471,4.5
12558,3435,4.472868089282104,4.0
12560,4878,3.5811175391321037,1.0
12561,1352,3.0,2.0
12577,1222,3.968334542443557,4.0
12592,2712,3.650260682471409,4.0
12593,5308,2.7213809084874128,2.5
12613,50,4.255185113838178,4.0
12619,1805,3.6992244983962017,4.0
12620,4446,3.336773721728886,4.0
12621,2100,3.7739340996987836,3.5
12638,581,3.0,5.0
12644,428,3.0,3.0
12648,3255,3.236283838229375,1.0
12656,5066,3.0,2.0
12660,3480,3.0,2.5
12660,3766,3.0,1.5
12664,1375,3.4328199132469717,3.0
12672,539,3.964462404778127,5.0
12684,34,3.287148887712162,3.0
12690,3745,2.3663598597901077,3.0
12703,737,3.0,3.0
12705,1356,3.0,3.0
12708,1409,3.0,3.0
12734,965,4.731522836896908,4.0
12734,7451,3.6192739616932226,3.0
12742,1827,3.0,4.5
12745,28,3.0,5.0
12752,3141,3.0,3.5
12752,3403,3.0,3.0
12759,861,3.0,3.0
12759,1080,3.510356655861532,5.0
12760,337,3.6839875829327453,3.0
12760,7451,3.8344609072256604,4.0
12771,3158,3.0,4.0
12771,5613,3.0,3.0
12778,716,3.0,4.0
12786,590,4.63388213993445,4.0
12788,1391,3.992902639023099,4.0
12790,4993,3.8737811598837304,4.0
12791,3753,3.492564018715497,3.0
12792,316,3.404912459073208,4.0
12797,5669,4.040066898679913,3.5
12801,58047,3.0,3.5
12810,973,3.0,4.0
12824,1961,3.1695501592827533,3.5
12824,3275,3.9279240991950646,4.0
12829,5012,3.0,3.0
12844,1129,3.9855776870181354,5.0
12882,348,2.5,3.0
12894,1479,4.0,4.0
12916,497,4.440057555117233,5.0
12921,4995,4.539286310036158,5.0
12925,1722,3.792269200719346,4.0
12926,6301,3.0,4.0
12932,364,3.488832150232318,4.0
12932,5502,3.558711243636485,3.0
12936,2289,3.9084493925565087,5.0
12944,2396,3.857855482663373,3.0
12949,2791,3.2947365396530905,3.5
12949,4369,3.012104413668727,2.5
12969,150,3.0149830959845305,4.0
12978,719,3.168654757293292,3.0
12988,648,3.6691234012984193,3.0
12991,1230,4.8039962789340995,5.0
12993,539,4.034919436668529,3.0
12998,460,3.0,2.0
12999,2959,4.093395112653531,4.0
13022,1020,3.0,3.0
13031,410,3.735064374598725,3.0
13041,196,2.71363924263698,1.0
13045,736,3.436619889732532,4.0
13060,1270,3.1977199713193336,4.0
13078,3913,3.0,3.0
13086,2664,4.0,4.0
13114,6711,3.850917367022556,3.0
13131,1382,4.0,4.0
13148,608,3.531522416513643,4.0
13156,2801,3.0,3.5
13173,2714,3.0,3.0
13188,1207,4.4608479883463295,5.0
13204,161,3.6369760962104003,4.0
13214,4447,4.247475273839372,5.0
13219,648,4.1080911864035015,4.5
13222,3552,4.507930992391493,4.5
13233,45672,3.0,4.0
13235,500,3.6428991133036304,3.0
13271,1610,3.6239258817455267,3.0
13271,26561,3.0,2.5
13274,3362,4.234692351315988,3.0
13275,608,3.8446339097784406,5.0
13278,110,3.9151852468659873,5.0
13281,272,3.0,4.0
13283,2321,3.4107551442350106,3.5
13290,5971,3.0,5.0
13290,6593,3.0,3.0
13294,2147,3.0,4.0
13300,4231,3.0,3.0
13302,5802,3.0,4.0
13304,45499,3.9765471216391544,4.5
13313,2916,3.850889990338801,3.0
13318,2567,3.0,3.5
13329,2403,4.218556384655503,3.0
13330,6283,3.0,5.0
13342,905,3.879203077397756,4.0
13352,593,3.6560017589425526,3.5
13352,1215,3.780190682700454,4.0
13352,1221,3.6690882736457904,4.0
13356,1645,3.1285906380314628,3.5
13359,2268,3.2926448572774643,3.0
13372,6663,3.620740119808049,4.0
13378,532,3.0,5.0
13383,1293,4.621766334725145,4.0
13386,2915,3.754873990253278,3.0
13396,593,3.688682446636172,4.0
13396,1094,3.5723032723298807,4.0
13418,344,4.2272717469810095,4.5
13423,4995,3.9550500579084464,4.0
13427,168,3.323419872160878,3.0
13439,1982,4.297402046448781,4.0
13447,3261,3.0,4.5
13451,62,4.278657618281633,2.0
13458,25,3.760658278738481,4.0
13467,2240,3.0,2.0
13476,2268,2.7614495460882744,2.5
13478,33004,3.434962893681439,3.5
13485,1515,3.0,3.0
13497,50,4.231792759737158,4.5
13519,4056,3.0,4.0
13523,1023,3.879144130331879,4.0
13541,33493,3.939266968760065,4.0
13549,2105,3.1587647441978746,3.5
13560,3949,3.9231339238334826,4.0
13560,8370,3.0,3.5
13560,45447,3.56859321951565,4.0
13566,852,3.6712053608345023,3.5
13574,589,3.8495425816077997,3.0
13577,230,4.221283287673978,4.0
13577,349,3.209291575878594,3.0
13577,1777,3.652574242551488,4.0
13577,3527,3.671661724950011,5.0
13578,3499,3.898547643815273,4.0
13578,5349,4.032507363850509,4.0
13587,353,3.3335073255448235,3.0
13603,520,3.4043495986239742,4.0
13605,6143,3.0,4.0
13605,46965,3.5,4.5
13611,3869,2.0,3.0
13613,2396,3.65421557022661,3.5
13614,2391,3.5657974709460154,2.5
13614,48738,3.3286966607832635,3.0
13619,904,3.9329775690620155,5.0
13621,497,3.9475301420227242,3.0
13621,1015,3.0,3.0
13630,5254,3.019567318496418,3.5
13636,141,4.25454362621892,4.0
13664,1438,3.3454026219803072,3.0
13669,34155,3.0,4.0
13670,1396,3.408283293741194,5.0
13678,514,3.0,3.0
13679,158,3.7288177386704446,3.0
13681,93,3.0,3.0
13681,1372,4.104001797515247,3.0
13694,8796,3.0,4.0
13700,5349,3.5796657610474165,2.5
13701,5902,3.6336070477936753,3.5
13715,568,3.0,4.0
13716,8387,3.0,2.0
13734,1298,4.0,2.0
13746,1831,3.0497852130946472,3.0
13746,3994,3.5593793185727036,2.5
13746,4135,3.0,3.0
13763,2959,3.7148529446135954,5.0
13775,6099,3.0,2.0
13815,40,3.0,2.5
13815,549,3.0,4.0
13816,14,2.0,3.0
13816,1198,3.1939333214619006,4.0
13818,2710,3.5891124263243444,4.0
13820,5989,3.8378989812025472,4.0
13823,733,3.621797614199911,4.0
13827,592,3.673718135721936,3.5
13829,471,5.0,5.0
13841,4497,3.0,4.0
13841,5316,3.0,0.5
13843,195,4.0,4.0
13858,6323,3.9705884798953632,3.0
13865,2699,4.507115748713996,3.0
13867,2611,3.0,3.0
13886,1917,3.8147942507003356,3.5
13900,4598,3.0,2.0
13912,1204,4.369041451132292,5.0
13912,1597,3.6174632960512434,4.0
13912,2528,3.9899118299165783,4.0
13917,420,3.752475088723621,4.0
13921,535,3.8328471104468833,2.0
13924,552,3.524017096843271,3.0
13927,3039,4.572255625959314,5.0
13958,32,3.9113989738951735,5.0
13976,112,3.5738745768460207,4.0
13977,2115,3.6372968374579595,4.0
13978,25,4.192667859241877,1.0
13990,608,3.0222157658218576,3.5
13994,595,4.329341480602299,3.0
13994,1012,4.0,3.0
14000,19,4.001456188517044,4.0
14000,3189,3.0,4.0
14009,2683,3.9823914035492716,4.0
14052,110,4.266771782889098,5.0
14059,440,2.805728537896781,2.5
14059,5225,3.3996260219793824,4.0
14068,1060,3.8640608153496707,4.0
14068,1777,3.57804870840968,2.0
14068,2819,4.0,4.0
14079,150,3.4418837452358617,4.0
14094,68,3.0,5.0
14094,1769,3.0,3.0
14105,562,4.160556340829237,4.0
14110,905,4.6855016911895895,4.0
14114,2772,3.0,3.0
14114,5013,3.5138936569640795,2.5
14134,320,3.0,3.0
14145,266,2.9705138360382057,3.0
14145,1377,3.0403802378373976,2.0
14153,48516,4.076256690557769,4.0
14155,1198,3.511422896881727,4.0
14168,1441,4.0,3.0
14170,3107,3.3485577761107015,3.0
14174,2005,4.0280098872850845,4.0
14180,4901,3.1915004026249965,4.0
14198,236,2.724968825194795,2.0
14199,2398,3.0,3.0
14199,6383,4.0,2.0
14204,2471,3.110552902394775,2.0
14215,353,3.55371471668535,5.0
14222,2321,3.1802303054584455,1.5
14263,1998,3.0,1.0
14267,1270,3.555598657073194,4.0
14268,509,5.0,4.0
14276,1682,4.249150174402039,3.0
14284,3785,2.8837905105121635,1.0
14285,48738,4.595512846600934,5.0
14286,597,3.5037100945493664,4.0
14289,3070,3.9785560528833175,3.0
14291,111,3.625774518107588,4.5
14296,2908,3.0,4.0
14303,426,3.0,3.0
14309,1233,3.9515101535644046,5.0
14320,1704,4.057152680073316,4.0
14334,2712,3.3997859546115294,3.5
14334,7046,3.0,2.5
14371,288,3.2134676176938304,3.0
14375,1196,3.604601188580346,4.0
14382,2126,3.906989441455857,3.0
14385,2085,3.0,3.5
14398,4367,3.236739633359406,2.0
14411,2463,4.217968548410998,1.0
14413,1485,4.289992227553109,4.5
14418,373,3.0,3.0
14420,1020,3.332350456096711,3.0
14427,1692,3.0,1.0
14433,1409,3.0,4.0
14463,169,3.0,2.0
14463,362,2.7968814098586714,3.0
14463,423,3.5012268857509414,3.0
14463,1116,2.0,2.0
14463,1864,3.0,2.0
14463,1939,3.2426200402600185,2.0
14463,2171,3.0,3.0
14463,2349,2.505305297348571,3.0
14463,5014,3.0,2.0
14473,1136,4.036972272385873,4.0
14474,46578,3.9840687502398215,4.5
14490,1290,2.0,2.5
14490,3692,3.0,1.5
14498,48774,3.75590288455658,3.5
14508,1907,3.121473696790787,4.0
14523,527,4.085133894242033,5.0
14525,1597,3.3997470615556007,2.0
14529,110,3.8873361717049253,4.0
14531,5225,4.432683225721424,4.0
14533,1212,4.045742691881489,5.0
14541,345,2.0,3.5
14544,1958,3.3097066721461843,4.0
14544,2375,2.8707594649468198,3.0
14550,380,3.434566397183394,3.0
14555,2968,3.664488773721712,5.0
14565,25,3.6901975274004175,4.0
14577,595,3.8947422826991587,4.0
14578,1208,4.331833926452954,4.0
14578,6936,3.6467889025157536,4.0
14578,8917,3.9780811731191643,4.0
14583,1732,3.7658965474786084,4.0
14586,299,3.0,4.0
14595,318,4.175187748428758,5.0
14596,7338,3.0,4.0
14597,5767,3.0,3.5
14619,955,4.999999999999999,4.0
14623,159,3.0,3.0
14633,2699,3.6947812814708816,2.0
14644,1287,4.296892324526458,5.0
14644,1374,4.10754322945515,4.0
14646,345,3.0,3.5
14653,592,3.1086225784044355,3.5
14653,39414,3.0,3.0
14665,491,4.274468597378344,4.0
14674,198,3.8479505195288946,5.0
14675,508,3.3869666020442466,5.0
14685,1372,3.0523380160068063,3.0
14685,3005,3.651044417283847,3.5
14690,7840,3.0,4.5
14700,535,3.7521998415138,3.0
14716,6475,3.0,3.5
14721,2872,3.1639276607941533,1.5
14733,39183,3.9460249976557074,0.5
14734,2003,3.9072217065094077,3.5
14741,1270,3.6560577175076223,3.0
14749,1129,3.790631127053242,3.0
14749,7281,3.0,0.5
14752,1500,3.586385833728647,2.5
14752,6595,3.2154592016536268,4.0
14758,423,3.0,2.0
14772,3114,3.4440624471293426,5.0
14786,3608,4.404605025203973,4.0
14790,292,3.233133313036358,3.5
14795,3948,3.8506599654046894,3.0
14797,296,3.6097932319899884,3.0
14799,355,3.2657268706433555,3.0
14803,1233,2.6187752614615363,3.5
14803,45186,2.7518073209761926,3.0
14815,1089,3.556412451791563,3.5
14818,1193,3.4567702691091196,5.0
14834,3566,3.0,4.0
14834,5135,4.331531577193951,4.0
14837,1608,3.136321425638281,2.0
14865,1999,2.0,3.0
14895,1374,2.516969244537056,3.0
14895,1967,2.0260962940304004,3.5
14921,497,3.4159339217388083,5.0
14921,4903,3.726097650473496,2.0
14928,2150,3.891334890159472,4.5
14932,1097,3.0,3.0
14934,500,2.9341774217206433,0.5
14962,5284,3.0,5.0
14983,3225,3.0,3.0
14994,266,3.272438495328975,3.0
15007,1210,4.104368293093863,4.0
15012,336,3.0,3.0
15022,1271,3.850183492244952,4.0
15040,1019,3.736096373071525,3.0
15046,356,4.23078932151366,5.0
15048,1499,1.4677807167473507,0.5
15051,208,3.899652001593393,4.0
15051,2657,3.0,2.0
15055,945,3.758316502173246,3.0
15056,6,3.9494696439415033,3.0
15061,6305,3.0,4.0
15061,6870,3.609979435064814,4.0
15065,1215,4.234998466336853,4.5
15066,1721,3.656647219263944,3.0
15066,5989,3.765213481661574,3.5
15079,4321,4.0,3.0
15109,3060,3.4826995304983455,4.0
15120,5107,5.0,4.0
15127,1221,2.697092909066121,4.0
15144,1210,4.353822021420743,4.0
15149,893,3.0,2.0
15156,3897,4.0840792120623455,4.0
15172,1959,3.0,3.0
15176,480,3.9326257183931164,4.0
15216,1089,3.5048139827876583,4.0
15224,594,4.489560310761037,4.5
15224,2707,4.333133155629432,5.0
15224,2745,3.0,4.0
15224,2992,3.0,3.0
15224,6482,3.0,4.0
15247,1503,3.0,3.0
15248,2713,3.0,2.0
15253,589,4.514062567804033,5.0
15257,4027,3.8182495699732786,5.0
15259,3703,4.332407472639631,5.0
15263,1306,3.0,4.0
15263,4890,4.32829441288925,4.0
15264,3476,4.234668105627633,4.0
15264,30749,3.637816485946471,4.0
15267,1693,3.0,5.0
15273,1238,5.0,5.0
15279,608,4.16898862290839,4.5
15279,2527,4.18950136719773,3.5
15283,249,3.0,3.0
15283,2249,3.0,4.0
15289,1517,3.6302913844444546,1.0
15310,5991,3.0510215859474172,3.0
15311,3717,2.3772640205241884,1.0
15311,40819,3.3511388699174605,4.0
15312,2269,3.0,3.0
15318,103,3.0,4.0
15318,1196,3.9399200929485008,5.0
15318,2628,4.171900388245141,3.0
15342,2000,3.9454385547784123,4.0
15356,593,3.8109185124520057,4.5
15356,2194,3.9458712515640513,3.5
15370,818,3.0,3.0
15374,4973,4.465858456285871,4.0
15381,1956,3.7862599143300937,5.0
15382,2002,3.5621893003762497,4.0
15387,2722,3.0,2.0
15403,3763,3.7222795510260593,4.0
15419,1221,3.727234609743749,5.0
15423,208,3.2598372796336506,2.0
15423,6774,4.084172271402351,4.0
15425,1285,3.87854378242247,4.0
15434,2997,3.862485732730694,4.0
15464,933,4.30333776371634,4.0
15465,2858,4.2716492621444955,5.0
15470,780,2.7735077925823903,3.0
15471,6979,3.103964850967408,3.0
15472,1544,3.084462423828109,2.0
15528,2394,3.7877147739378367,3.5
15534,6,4.239375290967785,4.5
15540,3481,4.267809844888953,5.0
15564,110,3.499349026173197,3.0
15569,339,3.2192043960567416,3.5
15573,1096,3.7962221409489407,4.5
15596,266,3.190630411814469,3.0
15609,552,3.9204782273516607,4.0
15609,1686,3.0,4.0
15619,3491,3.0,3.0
15620,1262,3.4678855546110623,4.0
15625,1080,3.901969054591737,5.0
15626,2707,3.0,2.5
15637,163,3.8071475666754777,4.0
15654,1387,3.145479345596986,3.0
15656,5,3.0,3.0
15667,6377,4.059799975034029,3.5
15674,165,3.926606475347307,3.0
15677,342,4.311727928307059,4.0
15678,2006,3.871222807599023,4.0
15685,440,3.0018072485509943,5.0
15693,58803,3.0,3.5
15700,1356,3.9704397614210283,3.0
15701,3274,3.0,3.5
15710,480,3.487304884009903,4.0
15722,1562,3.6221189283073465,1.5
15723,1391,3.8036474370102975,3.5
15733,5952,3.4348015732534956,0.5
15739,39400,3.0,1.0
15750,4306,2.8370681743509474,1.5
15758,595,4.054619600628142,4.0
15781,410,4.074196510556429,3.0
15783,4700,3.0000000000000004,0.5
15788,6,3.5162259472741297,5.0
15816,353,3.7117408548109863,3.5
15816,4963,3.671608625039815,2.5
15832,2355,3.223211005310949,4.0
15849,2012,3.8595845802459308,4.0
15852,296,3.3738176335923185,2.0
15882,4443,3.0,2.5
15883,2763,3.210650065699009,4.0
15900,2195,3.0,5.0
15903,3007,3.0,4.5
15908,7000,3.0,1.5
15927,5989,4.349196769587871,4.0
15941,555,3.6924124991620415,4.0
15943,3175,3.0993315018601417,3.0
15951,1080,3.5588229113994285,2.5
15951,1835,3.0,3.0
15963,3175,3.9811628480486854,3.0
15967,805,2.9074814594612843,3.0
15968,1128,2.644353876527712,2.0
15968,1544,3.4466382645741396,3.0
15969,3623,3.9731985429813252,2.0
15971,588,3.240282531597834,3.0
15990,1372,2.27376791431545,4.0
15991,6993,4.434702055308494,4.5
15999,1252,4.276928435679459,5.0
16003,1429,3.0,4.0
16003,4562,3.0,4.0
16003,4987,3.0,2.0
16003,5023,3.0,5.0
16004,3452,2.5,3.0
16007,593,3.6339682925209247,3.0
16009,1248,4.5951798665392065,4.0
16012,610,3.0,3.0
16013,1917,3.7791357736570013,3.0
16013,5785,3.0,3.0
16018,132,3.0,4.0
16020,1396,3.2903647836858685,3.5
16027,1266,3.963332645568626,3.0
16043,2997,4.434288055584135,4.5
16054,1732,4.607999543792879,5.0
16058,37857,3.0,3.5
16073,232,3.0,2.0
16075,368,3.6355878077507486,3.0
16077,4641,3.8764219658148025,4.0
16087,4306,3.3112379892529167,4.0
16089,150,3.8459900864665606,4.0
16105,640,5.0,5.0
16109,7,3.413276291401781,3.0
16118,1732,3.0085773849074036,3.0
16122,318,3.6193796066976347,5.0
16122,1197,3.579972066474114,3.0
16133,1219,4.063801182315419,5.0
16160,457,3.29441523740209,4.0
16163,1704,3.4227595777817896,3.5
16164,434,3.445071504117386,3.0
16168,1213,3.971820094275409,4.5
16171,1719,3.0,5.0
16181,8132,3.0,4.0
16191,158,3.260525355914918,3.0
16203,4235,4.534940793384898,5.0
16216,1387,4.0319476474679465,4.5
16219,3468,3.0000000000000004,3.0
16227,1055,3.0,3.0
16227,5991,3.2360452344738118,2.0
16230,21,3.5417314619089417,4.0
16242,1958,2.616157157577347,3.0
16244,5060,3.449461910136817,4.0
16245,1222,3.8001420242560067,5.0
16245,8376,3.7800703850426642,4.0
16246,1682,4.276764937179847,4.5
16258,195,3.0,3.0
16267,70,4.365513667914228,5.0
16267,1673,4.581140924599571,2.0
16276,1037,2.995801459458825,2.0
16277,5312,3.0,3.5
16277,6166,3.0,2.5
16284,485,3.573492341879284,3.0
16291,471,4.447667815585322,3.0
16307,32,3.0464448677048988,3.0
16312,349,3.6113192994704324,3.0
16320,427,3.0,3.0
16329,4022,4.017178542368398,4.0
16330,318,3.841197774380586,4.0
16330,1200,3.7806864646970864,4.0
16333,1784,3.8614675544286783,4.0
16334,3535,4.232753725280229,5.0
16338,1500,3.4528369391450244,5.0
16344,1407,3.572760854748549,2.0
16351,290,3.0,4.0
16361,318,3.5716178823243583,5.0
16367,1,3.306007330228472,3.0
16384,3618,3.0,1.0
16389,48394,3.514456744898871,4.5
16392,952,5.0,4.0
16405,1453,3.0,3.0
16405,1957,4.509871280632544,3.0
16405,3694,1.0,1.0
16409,49530,4.5,4.0
16449,720,3.7130924410619404,4.0
16453,52967,3.0,3.5
16458,7333,3.0,3.5
16460,1119,3.0,3.0
16468,2454,3.0,3.0
16477,1213,4.206469723714354,4.0
16480,1201,4.690568247460569,4.0
16484,1047,2.748489146758859,5.0
16487,3104,4.505127373356675,5.0
16487,4557,3.0,3.0
16488,3798,3.876031944588574,3.5
16497,5942,3.0,3.0
16508,1894,3.0,4.0
16519,1721,4.032642651912716,2.0
16524,27721,3.0,4.0
16526,170,3.0,4.0
16529,1416,3.0,5.0
16552,1777,3.8431440341765617,3.5
16564,2023,3.664634979282181,3.0
16568,47,3.8474434433713913,0.5
16579,1240,3.304419790543699,3.5
16579,1396,3.342451471104354,3.5
16589,1196,4.138456007668903,3.0
16597,356,3.7057711487821177,4.5
16597,6539,3.8013102171876203,3.0
16610,153,3.4139581002536983,3.0
16615,1747,4.021575948769886,4.0
16623,66,3.0,1.0
16639,953,4.007414081883964,5.0
16640,1148,4.2329781429364575,5.0
16653,1230,4.334746490137186,3.0
16653,1844,3.0,5.0
16661,194,3.2398961451346833,4.0
16669,3917,3.346791900561145,0.5
16669,4640,3.0,2.0
16672,1210,3.619693745210668,4.0
16672,6979,3.43089467250289,4.0
16681,2132,3.0,3.5
16681,6380,4.0,4.5
16681,6888,2.5000000000000004,3.0
16681,7840,3.0,3.0
16681,8295,3.0,4.0
16681,53435,3.0,4.0
16688,1917,2.874306899787998,3.0
16688,2100,2.973653686214594,2.0
16691,333,3.351728977650967,3.0
16693,1215,3.9457367770999436,3.0
16710,7153,4.601822798615264,4.5
16727,3105,3.3806204466817027,4.0
16727,4871,3.0,3.5
16736,1017,3.443848070263163,3.0
16755,736,3.9166981148366884,5.0
16756,1214,4.247060309524722,5.0
16756,2417,3.0,4.0
16759,150,3.687120809690637,4.0
16793,55267,4.0,4.0
16797,105,5.0,5.0
16813,778,3.4194767526353202,5.0
16817,541,4.146847914511904,4.0
16817,1240,4.2927821127318815,4.0
16820,1586,3.0,4.0
16828,509,3.0734149788458356,5.0
16833,2606,3.0,1.0
16866,3448,3.735153966427202,3.0
16871,2716,4.335866253134504,5.0
16872,1235,4.160846855418786,3.0
16882,111,3.3966010358922345,4.5
16894,1377,3.899060634254013,3.0
16897,1784,4.220071806444021,5.0
16905,589,3.7163320640249378,5.0
16905,2716,3.797472291749819,5.0
16928,6662,4.540789433088206,4.0
16935,1864,3.0,1.0
16935,5100,3.0,2.0
16937,553,4.207480870218792,5.0
16937,1625,4.0028751139378524,5.0
16953,1466,4.548150449151567,4.0
16958,2181,3.0,4.0
16963,4637,3.0,3.0
16988,1235,3.0,4.5
16992,478,3.0,3.5
17002,592,3.630199659912948,4.0
17005,2599,4.314644302124724,4.0
17014,6156,3.1599401868445214,2.0
17016,2112,3.0,4.0
17030,55118,3.384270954343685,3.0
17032,858,4.551305627041264,5.0
17054,1376,4.232464890773085,4.0
17073,1500,3.3557306712686117,1.5
17074,2672,3.0,3.0
17074,3702,3.738189847934802,3.0
17092,6539,3.1892376713725286,3.5
17099,1073,4.12323114061356,4.0
17123,2134,3.279812569045589,3.0
17136,4183,3.0,4.0
17144,1213,4.4047503453753905,5.0
17153,116,3.0,5.0
17156,1036,4.00716370928335,4.0
17157,1060,4.246428611217703,4.5
17169,4370,3.9503357191613686,4.0
17190,1173,4.0,5.0
17193,3882,3.675570989800978,3.0
17196,292,2.164285060774252,3.0
17232,4973,4.120506530471294,3.5
17235,1080,4.106068795293464,4.0
17243,589,3.4943788738044064,4.0
17246,1633,3.0,4.0
17246,4776,3.2563849913529266,4.0
17260,5152,2.0,5.0
17260,8641,3.4644829894392073,5.0
17263,2136,3.0,5.0
17267,648,3.6558062913820697,3.0
17282,8360,3.8086239512451487,4.5
17294,50,3.6243445914030805,5.0
17296,8781,3.5,3.0
17311,900,3.6826693459269393,3.5
17311,1732,3.1824174098063853,3.5
17311,30818,3.0,3.0
17312,352,3.0,4.0
17312,7769,3.0,3.0
17333,2139,4.403522621225416,3.5
17345,3114,3.6557706140125212,5.0
17346,4555,3.0,4.5
17359,5060,4.133125599065752,5.0
17405,1089,4.228954798139525,4.0
17405,2291,4.151451448048834,5.0
17419,3363,3.98524049589256,3.0
17431,2360,3.0,5.0
17436,1260,4.5795337630580955,5.0
17438,904,3.5540236428873917,4.0
17438,5785,3.0,4.5
17438,6743,3.0,4.0
17450,1240,4.17623507130481,5.0
17451,2628,3.700940914409136,5.0
17457,527,4.408625660187435,4.5
17494,5902,4.147883138965593,2.0
17501,2067,4.0,5.0
17511,480,2.9963344734207107,3.0
17519,103,3.0,3.0
17534,1204,4.324864320262965,4.0
17538,231,3.8913575268006344,2.0
17538,1831,3.714712153035243,3.0
17538,2248,4.203903235437767,2.0
17538,2451,3.0,4.0
17538,4234,3.0,4.0
17556,2959,3.77119557216797,4.5
17556,52604,3.0,4.5
17557,454,4.38827389850332,3.0
17567,2908,2.617891351226034,4.0
17570,2490,3.6197426351820448,3.0
17599,745,4.588727262427147,4.0
17600,4019,3.662907140189104,4.0
17613,44974,3.0,3.0
17613,53550,3.5,2.5
17618,3809,3.788157266564272,4.0
17631,2808,3.819229661233686,3.5
17631,4966,3.0,1.5
17633,377,3.312234387958034,3.0
17641,541,3.6348017003023494,2.0
17653,8984,3.3779783236891427,2.5
17659,281,3.0,4.0
17660,898,4.622382592341551,5.0
17670,2804,3.4898779792597074,4.0
17670,4326,3.0,4.0
17670,6305,3.0,3.0
17676,1051,3.0,5.0
17684,1006,3.0,3.0
17684,1747,3.526176063988854,4.5
17690,2174,3.419691432282242,3.0
17701,3988,3.0,3.0
17716,1240,4.715512430480214,4.0
17737,1,4.606447504772332,5.0
17741,592,4.221877413852903,4.0
17755,747,3.0,3.0
17755,1408,3.531254225543417,4.0
17755,2470,3.2731937048257165,4.0
17759,2959,3.4821527837501414,4.5
17770,47,3.9049659414398716,5.0
17776,1580,3.719965290751892,4.0
17786,3178,3.0,5.0
17797,2186,4.016658800932892,4.0
17814,7,3.302212916251475,3.0
17818,420,4.322231085286116,5.0
17821,555,3.913349332095604,3.0
17828,6213,0.5,0.5
17832,329,3.795491297632741,3.0
17835,105,3.70262373457035,4.0
17838,748,4.1965865131884135,4.0
17841,6016,4.171489036933832,4.0
17852,592,3.2382759951707363,4.0
17869,1124,3.844440996390714,4.0
17869,5349,3.9400230616272296,4.0
17878,46578,4.0959704159536825,4.0
17888,19,3.5613156663782983,2.0
17897,1210,3.3220004603489115,3.0
17905,3108,3.937873056451607,3.5
17919,8362,3.0,3.0
17921,1343,4.235493887389361,4.0
17921,1687,3.1067514241516525,3.0
17930,3409,3.0,4.0
17965,3053,3.0,5.0
17965,35836,4.166549535614717,4.5
17986,4428,3.0,3.0
17993,3825,2.929262316450102,1.5
17999,1089,3.5172927087184416,5.0
18000,2078,3.847745822025546,4.0
18002,5377,3.7466553665753386,3.0
18015,2134,3.533466763078736,2.5
18016,1676,3.8332447795403546,3.0
18040,4896,3.076713536538783,3.5
18052,3255,3.910975765268798,4.5
18059,1480,3.0,4.0
18067,2617,3.9145005973883324,3.5
18069,678,3.0,5.0
18082,5254,3.832814328950577,3.5
18089,2822,3.0,3.0
18098,784,4.28559408359734,3.0
18099,480,3.875309808475772,4.0
18109,1357,3.8908044190952538,3.5
18111,780,3.23351384465874,3.0
18114,377,3.0380521353617542,3.0
18141,47,4.127072837911944,4.5
18153,678,3.0,5.0
18156,805,3.3903310855108817,4.0
18162,158,3.8957464011069547,2.5
18169,2092,3.0,1.0
18175,316,2.1644286990036536,2.0
18182,1097,3.689906166514273,3.0
18192,1246,4.078368722805444,5.0
18201,1704,3.6903264555707835,4.0
18204,1379,3.0,2.0
18204,1804,3.0,4.0
18206,3948,3.6098962686148015,3.0
18218,741,4.5,3.5
18218,2858,3.955801086291355,3.5
18224,1214,3.651462611087801,3.5
18224,50068,4.0,4.0
18237,215,5.0,5.0
18245,1061,4.0,2.0
18254,265,4.746603761803007,5.0
18254,1234,4.396463900831345,4.0
18254,2997,4.3260297172020445,5.0
18258,2683,4.458332506993591,3.0
18277,527,4.565610651875622,5.0
18278,1386,3.0,4.0
18278,2312,4.110905840581308,5.0
18278,2359,5.0,5.0
18278,3475,3.0,3.0
18278,4886,4.4002796858217526,5.0
18295,6333,3.1315481469822193,2.0
18317,1407,3.8344660188811197,4.0
18322,1210,4.1390238750369015,3.0
18332,5,3.0,3.0
18343,5049,3.0,3.0
18346,3462,4.0,4.0
18352,6255,3.0,4.0
18353,36519,3.0,2.0
18367,3752,2.620948268345678,3.0
18367,7153,3.6881218244543215,4.5
18369,1654,3.0,3.0
18371,4290,3.0,4.0
18375,366,3.260222411074893,3.5
18375,4508,3.0,4.0
18379,3831,3.0,2.0
18379,4656,3.0,2.5
18380,590,3.815594316871108,3.0
18398,745,5.0,5.0
18399,1231,4.050253135203009,5.0
18401,339,3.0851319520025924,3.0
18409,4033,3.023180881354395,3.0
18409,33794,3.705983090535354,5.0
18418,160,2.562844416097307,1.0
18425,858,4.0028385610491695,3.5
18428,370,3.0,3.0
18443,2692,3.492084848626079,4.0
18454,6951,3.0,1.5
18459,435,3.9996064981540815,2.0
18459,1020,4.0,4.0
18460,2137,3.144718440106927,3.0
18484,1527,4.115804209062823,3.5
18494,207,3.0,3.0
18498,1136,3.625942220561775,5.0
18498,1277,3.0,3.0
18503,1288,4.787996879724045,4.0
18509,349,4.077874542843289,5.0
18513,367,4.236403146714098,5.0
18521,1962,4.189981063971308,4.0
18527,519,3.6789777958554857,3.0
18535,2918,3.3147167620768503,5.0
18544,1204,4.52852366443839,5.0
18570,919,4.0829656935722385,4.5
18578,141,3.409722202875869,4.0
18593,858,4.096590676254374,5.0
18594,2291,4.109594045150296,3.5
18601,8376,3.977903800833682,5.0
18633,4886,3.746176933880151,3.5
18635,2700,3.7288406056274543,5.0
18643,3175,4.646403032918835,4.0
18644,5147,3.0,4.0
18646,6502,3.69644807931992,4.0
18646,6686,3.0,2.0
18647,1136,3.4233034626558365,4.0
18653,95,3.7596736531766317,3.0
18663,474,3.564459025122047,3.0
18666,1183,3.4031925999601453,3.5
18666,2183,3.9874272604054024,4.0
18673,7445,3.161425676317607,2.0
18674,45,3.882891467545047,3.0
18683,1320,2.664403324974409,5.0
18683,2094,2.077221237581083,1.0
18691,260,4.3066686168665615,5.0
18691,852,3.920887226813105,3.0
18692,3753,3.7939878668295077,5.0
18692,3921,3.0,4.0
18693,6874,4.294497391543686,3.0
18696,3751,3.591787605202984,2.0
18717,293,4.033075995160823,5.0
18726,216,3.7829445035029146,4.0
18727,2167,3.770440677675934,3.5
18727,4007,3.0,4.0
18733,1073,3.43211105669749,5.0
18761,736,3.8018716995797424,3.0
18771,2334,2.9911475624965163,3.0
18785,3000,4.228355783202187,4.5
18796,1405,3.0,1.0
18804,648,3.6071906412474495,4.0
18810,942,4.349214427158793,3.0
18810,3044,3.3254464956150405,4.0
18823,852,3.779358054289829,3.0
18829,2100,4.155809905215604,4.5
18830,903,4.0462698370776815,5.0
18833,173,2.6153171658164753,0.5
18844,153,3.3683404469547624,3.0
18845,3410,3.0,4.0
18853,21,3.3087811226046004,3.5
18855,1193,3.8549772711624763,4.0
18861,778,3.435284665850597,4.5
18885,2135,3.0,4.5
18893,805,4.0,3.0
18900,1222,4.447914371449278,4.5
18904,3701,2.9989156951696154,2.5
18929,1173,2.0,3.0
18930,3176,3.8383415653068966,4.0
18953,3,4.083747363759828,3.0
18967,1566,4.22183871451068,4.5
18972,3744,2.0,4.0
18983,2712,3.494750896999607,3.5
18985,353,3.3389457480480953,3.0
18987,942,3.6999320841178345,4.0
18987,2367,3.3911833409231633,4.0
18987,3809,3.7492441029965575,4.0
18990,1307,3.600874725653287,3.5
18993,4995,3.741159989932604,4.0
19001,3174,3.9517036964456778,3.5
19001,6116,3.0,3.0
19018,2501,3.0,5.0
19032,4128,4.148757792694722,4.0
19035,2959,3.5298724334735283,4.0
19039,6870,3.943260338324389,4.0
19053,1304,3.6371808124488987,2.0
19067,477,3.0,3.0
19078,4308,4.46374456277669,4.5
19091,85,3.0,2.0
19093,1962,3.78829287935105,4.5
19096,2482,3.0,3.0
19097,1693,3.0,4.0
19132,1213,4.191515931185491,4.5
19138,1219,3.956173007071426,4.5
19139,3543,4.31445850215022,4.0
19152,2692,4.056889438693127,3.5
19153,339,3.824834249209004,3.0
19155,714,3.0,5.0
19155,1597,3.1509758740125875,2.0
19191,2524,2.6905307825051814,3.0
19191,4306,4.040663697997405,5.0
19199,317,2.97950781132312,2.5
19199,2353,3.4904880817473676,3.5
19201,150,3.507187163928952,4.0
19227,3354,3.0,2.0
19230,292,2.8942692737256706,3.0
19234,7926,3.0,4.5
19259,2137,4.51926431137017,4.5
19274,1092,3.134891466264449,1.5
19276,158,3.6145885247419276,4.0
19280,1061,3.2641429175742434,4.0
19280,6188,2.7422444109337736,3.5
19283,818,4.0,3.0
19284,165,3.3270311030264295,3.0
19284,457,3.6684529918648323,4.5
19291,1173,3.0,3.5
19294,587,3.750178669648984,5.0
19296,785,5.0,4.0
19300,153,4.038053807187423,3.5
19305,3127,3.0,3.0
19306,7254,3.2906096303416574,3.0
19312,708,4.079078461353892,4.0
19357,2080,3.021633662668174,3.0
19364,2687,2.0,4.0
19374,231,3.0415965211522193,0.5
19379,628,3.5413149569023084,4.0
19379,1458,3.0,3.0
19379,49347,3.0,4.0
19390,2683,4.31939441353691,5.0
19394,2114,4.0,4.0
19404,5418,3.4185730064415205,4.0
19404,5995,2.963450346369457,4.5
19415,6428,3.0,2.0
19431,590,4.362949280072901,5.0
19435,5669,3.1226420789438736,1.0
19435,45722,2.752771107739851,2.0
19448,923,4.465668057688034,5.0
19448,2006,3.337254334080074,1.0
19450,3452,3.0,2.0
19451,2763,3.7867257729256005,2.0
19452,3408,2.4802173134510834,2.5
19459,3994,2.8798923373720964,1.5
19466,1377,3.3779722951339193,4.0
19483,1247,3.79457657386855,5.0
19509,1665,3.0,3.0
19519,33836,3.0,2.5
19532,19,3.187285629225628,1.0
19545,1007,2.9999999999999996,2.0
19545,2683,3.6935525867930252,4.0
19546,2355,3.2881930582835843,2.5
19554,648,3.8798323322821813,4.0
19564,17,3.993468418235572,5.0
19564,2724,4.49206344811421,3.5
19564,3755,3.581983148276192,3.0
19565,3751,4.281220732561803,4.0
19574,4340,3.0,0.5
19574,4700,2.5,3.0
19574,5816,2.625200149382458,0.5
19587,951,4.287812341909359,4.5
19598,924,4.291398916939399,4.0
19598,3671,4.3856412959633095,4.5
19622,2375,3.456366755826457,3.0
19622,2890,3.9036307806959405,3.0
19631,4886,3.637053716269065,3.0
19635,1278,4.27713510824262,5.0
19635,3229,3.0,4.0
19640,5521,3.0,2.5
19661,608,3.6578495306375554,4.5
19668,344,3.1757157717383673,2.0
19668,1148,4.040590590539485,4.0
19672,608,3.527021167308484,4.0
19675,3421,4.095342026336177,4.0
19712,372,3.0,4.0
19722,11,4.10715879968419,5.0
19724,39,3.830181395124589,4.0
19726,2144,3.8749032868320534,2.5
19742,141,4.233659803740997,4.0
19752,235,3.756295110398796,4.0
19752,253,3.5568562042608654,4.0
19761,3453,3.0,3.0
19761,3897,3.5631259924939584,3.5
19766,4214,3.404871311160476,4.0
19785,2496,3.0,4.0
19792,3244,3.0,4.0
19804,1,4.146895706897283,4.5
19819,2527,4.346060031279478,4.5
19825,2688,4.5,3.5
19825,3549,3.5,3.0
19825,6349,0.5,0.5
19829,571,3.0,3.0
19832,8810,0.5,1.0
19838,1653,3.9686602490450453,4.0
19841,969,4.355352108993478,5.0
19847,1645,3.4582232100675623,2.0
19854,551,3.2421011496842835,4.0
19858,1476,4.0,3.0
19868,7137,4.0,3.5
19875,1951,4.0,5.0
19878,1225,3.970122470449416,4.5
19878,6541,4.20175476135791,5.0
19892,910,4.236281014739424,5.0
19892,5464,4.04261698613608,4.0
19905,1089,4.348920999680457,4.5
19912,1047,3.0234922264877073,4.0
19914,37729,3.0,3.5
19918,173,3.196236774292087,3.0
19923,431,3.900118642256618,4.0
19925,1947,3.7125912172094035,3.0
19928,5995,4.2577357582366355,4.5
19939,350,2.95408213775725,3.0
19942,1960,3.9986409928358873,4.0
19948,2072,2.3844554357783507,2.0
19948,2078,3.9908883276273435,5.0
19948,3948,3.4039777173344805,3.0
19982,1962,3.964352625195605,5.0
19982,32469,3.0,4.5
19983,527,3.2544160520488217,4.0
19983,593,3.242662345440071,4.0
19992,736,3.537073263150965,2.5
20002,2571,4.4043520683640995,5.0
20012,5026,3.01860233766892,3.0
20012,46948,3.0,3.5
20021,3362,3.0,3.0
20025,2447,4.0,3.0
20044,195,3.0,3.0
20051,6863,3.4016194233314163,2.5
20055,6441,3.0,2.5
20059,8665,3.787066218180562,3.0
20073,1183,3.6425206756879454,3.0
20073,3793,3.572545398068579,3.0
20080,2701,3.5962231022142315,2.5
20085,111,3.6952972298050106,5.0
20090,5418,3.9498275944174073,4.0
20093,2329,3.6373147340603733,5.0
20097,3911,3.8460288947541414,3.0
20115,485,3.1204411780657813,2.5
20121,22,4.172224207049719,4.0
20150,53953,2.776232991988185,2.5
20157,1416,3.0,5.0
20157,4002,4.239978002751893,4.5
20160,552,3.6223388318256435,3.0
20169,1876,3.462325244413825,3.0
20173,17,4.207938313140619,2.5
20189,110,2.5355740349939877,3.5
20196,743,1.3019031232849554,1.0
20206,1704,4.20354524991017,3.0
20207,4784,3.0,3.0
20219,380,3.63621532768972,4.0
20222,1777,4.413846388415893,5.0
20244,4979,3.684207651985472,5.0
20263,1918,3.165342013292382,2.5
20284,2071,3.0,5.0
20287,266,3.3710153294291376,2.0
20289,474,1.3634431558858353,2.0
20290,150,3.7425635815214444,4.0
20294,8364,3.0,4.5
20298,782,3.0,4.0
20298,3578,4.16740082064809,4.5
20299,292,2.99562957825055,3.0
20310,1393,4.003021999013469,4.0
20312,1252,4.178899719465818,4.0
20312,46970,3.1999369231055574,3.5
20316,2316,3.0,1.0
20316,3967,4.280736733120534,4.0
20333,8949,4.272082063915907,4.0
20348,1175,4.644085039980445,3.5
20353,6365,3.2717009025671273,2.0
20380,538,3.0,3.0
20391,2699,4.208674199005238,4.0
20396,273,3.0,3.0
20399,2571,3.5104079447348093,4.0
20405,1210,3.929819053384758,4.0
20438,589,3.240985479220931,4.0
20438,4876,0.999880474017544,1.5
20438,6245,3.0,0.5
20438,7163,1.5873487679230562,2.0
20441,288,3.892212848947015,4.0
20447,778,3.3987824281624666,3.0
20454,6552,3.0,3.5
20468,3160,3.4791358553996696,5.0
20472,592,3.205594048069053,3.0
20492,1198,3.887350428939961,3.5
20495,455,3.0,2.0
20501,1425,3.0,4.0
20509,3005,3.0,3.0
20512,1148,3.7290545728199223,4.5
20512,4021,3.0,4.5
20514,866,3.0,3.0
20514,2919,4.15054967845036,5.0
20518,247,5.0,3.0
20528,1682,2.9155527543468427,2.0
20530,2699,3.458103413289603,2.5
20541,1272,4.151994768096289,5.0
20541,1377,4.1420334791187905,4.0
20541,3623,4.14352118209522,4.0
20559,454,2.7520861188894976,3.0
20559,1674,3.3553340228905144,3.0
20567,416,3.0,0.5
20584,3578,3.7684942146949676,4.0
20591,316,3.390748859482849,3.0
20597,2986,3.2006162899805948,3.0
20597,37380,3.361885978906387,3.5
20602,1303,4.0,5.0
20602,1533,3.0,3.0
20625,832,2.9690816401590894,3.0
20630,6807,4.078863317710009,5.0
20633,2393,2.6000628366648746,4.0
20635,2018,3.7526413184928042,3.5
20635,8492,3.0,4.5
20637,920,3.0,4.0
20658,253,3.3205423928555424,2.0
20692,608,3.4502916633095166,5.0
20692,1049,3.0,3.0
20693,8700,3.0,3.0
20693,30812,3.494381956989439,2.5
20698,2640,3.388865214112111,3.0
20699,1225,2.825780624343173,5.0
20706,218,3.0,3.0
20709,165,3.8529740531901195,4.0
20718,2961,3.0,2.0
20727,1,4.046425241677932,4.5
20740,491,3.4852647160109904,3.0
20753,1188,3.0,4.5
20754,2381,1.5,1.5
20765,2770,3.003957078582931,2.0
20770,2628,3.876409968811158,3.0
20789,47610,4.127112037334736,4.5
20797,4066,3.0,2.0
20811,838,4.0,1.0
20814,380,2.653900394228208,3.0
20818,3727,3.0,5.0
20825,2367,3.0,3.0
20829,292,3.6729664250623335,3.0
20829,48520,3.0,3.0
20846,185,3.749275160874324,3.0
20887,3095,4.023890511486656,4.0
20887,6294,3.154303214749227,3.0
20887,8969,3.491684236432871,1.0
20887,30749,3.7925654313495625,4.0
20902,153,2.8078789906594546,3.0
20915,2858,3.830313940202462,5.0
20918,2123,4.2500970351992295,3.0
20918,2394,2.681171971671899,5.0
20920,318,3.8860916267796157,5.0
20962,266,3.3444873865554188,3.5
20989,7143,3.5556255398809853,4.0
20992,5420,3.0,3.5
21021,508,4.437894256379889,5.0
21031,3623,3.62987087870535,4.0
21040,299,3.0,2.5
21055,2959,3.94249755598711,5.0
21060,1591,3.405785531961856,2.0
21063,1259,4.053579017991652,5.0
21063,3911,4.2524587299272,5.0
21068,1193,4.068568407584645,4.0
21069,2048,3.971262380790345,3.5
21073,355,3.1041504430797153,2.0
21077,2053,3.0,1.0
21081,2193,3.820824784429778,5.0
21081,2396,3.7413339246025186,3.0
21081,2571,4.2542620761327985,5.0
21089,2841,2.9143106921233524,3.0
21089,2890,3.631500148475554,4.0
21089,3044,4.0,3.0
21105,1748,4.094578153026762,5.0
21107,34162,3.9588017803790896,3.5
21112,357,3.7136162670400643,5.0
21112,1674,4.109732288965998,5.0
21129,2808,3.1933892693377004,2.0
21149,45517,3.669774698732678,3.5
21154,5448,3.0,2.0
21164,1020,3.7548952531589483,3.0
21171,440,3.6137339296703357,3.0
21175,440,3.5450365932071666,4.0
21175,1946,3.0,4.0
21181,50,3.7995009883616366,5.0
21192,1173,3.0,4.0
21198,1892,2.2474907964454602,1.5
21214,168,3.3728870227188,3.5
21230,1198,4.089833774729638,5.0
21244,1911,3.72515419577335,3.0
21245,1183,4.4268849630514415,0.5
21256,8636,4.246123917797003,4.5
21256,56174,4.0608804427954945,4.0
21269,8949,4.30221604944318,4.5
21272,2203,3.0,4.0
21272,5380,3.0,4.0
21273,2516,3.0,1.0
21274,750,3.92145398775126,3.0
21280,4886,3.8468887531505005,3.5
21284,356,3.4335932573343304,2.0
21297,1779,3.166210366272289,1.0
21315,910,3.786867419762389,3.0
21324,1387,3.027764865876997,2.0
21324,3915,3.0,3.0
21333,163,3.8467151668237882,3.0
21341,2022,3.0,3.0
21352,500,3.33945549255667,5.0
21358,357,2.260086547902364,1.0
21381,316,4.087720393395188,3.5
21384,2340,3.0,2.5
21421,982,4.0,3.0
21459,538,3.0,4.0
21460,538,3.0,4.0
21461,6365,4.478704550991455,5.0
21464,778,3.821192223326194,4.0
21475,58,3.0,4.0
21487,339,3.153262817124865,3.0
21487,3683,4.1879212228998615,3.5
21500,368,2.656859029923673,2.5
21506,1259,3.577369980398084,3.0
21522,5401,3.0,2.5
21522,5679,3.63609343545491,4.0
21535,3386,3.0545288400438406,3.0
21535,4467,2.5,4.0
21548,1688,3.0,4.0
21557,4973,3.4639682375434875,3.5
21559,1267,3.860872889902927,4.0
21559,3362,4.073988075911462,3.0
21578,22,1.9422038607203427,3.0
21586,45668,3.0,3.0
21589,923,4.017715692426579,5.0
21602,1377,3.597715328975989,3.0
21620,1214,4.1243817628253305,4.5
21627,2282,3.0,5.0
21645,4993,3.4009732240574135,5.0
21645,7394,3.0,3.5
21669,266,3.4543210436957046,4.0
21671,3996,4.386054805026226,5.0
21683,1682,3.7982898679140527,5.0
21684,508,3.5444340842433526,3.0
21688,6242,3.0,3.0
21693,850,3.0,3.0
21701,11,3.4807206771209263,5.0
21702,299,3.0,5.0
21708,5418,3.1719283759411594,4.5
21709,940,4.0,4.0
21709,1376,3.7505325211877145,4.0
21712,1079,3.7894128584263074,4.0
21739,3396,3.6106158588715123,4.0
21757,2153,3.0,2.0
21759,59908,3.0,3.0
21767,5336,3.0,2.0
21771,6016,4.062250360633994,4.0
21775,231,4.0470981901659995,4.0
21779,2683,3.1033304711436394,0.5
21779,2997,3.218803324508127,2.0
21782,150,3.3482635066260307,4.0
21783,608,4.14051935932974,5.0
21799,1201,3.81780101620745,3.0
21803,381,3.0,3.0
21828,51255,3.736149768566292,4.0
21835,1676,3.9961742760778125,4.0
21835,3249,3.0,3.0
21838,2359,3.0,4.5
21841,3911,3.4581223241958123,4.0
21855,358,3.0,2.0
21888,4995,3.777410674927075,3.0
21896,3355,4.0,2.0
21906,3910,3.0,2.5
21909,1276,4.542023822381205,4.5
21912,3948,4.359942730455522,3.0
21913,1197,3.4917382367539287,3.5
21913,7149,3.828634870615745,2.0
21919,1088,3.7539018315205164,3.0
21921,3499,3.5581031804104692,4.0
21937,60069,3.5,4.5
21939,49272,4.009906093943625,3.0
21944,533,3.312709837982854,3.0
21950,4571,3.9609126886530137,3.0
21955,3504,3.839701401437648,4.5
21963,765,3.0,3.0
21965,227,4.0,1.0
21970,3751,3.582521393913937,5.0
21978,1914,3.0,5.0
21987,2610,3.0,5.0
21989,541,4.044032848495501,4.0
21994,3476,5.0,4.0
22001,2762,4.117526444485764,5.0
22002,616,3.0,4.0
22004,2471,4.442183366475687,2.0
22018,968,2.9765839480985865,2.0
22022,4381,3.0,4.0
22024,1617,4.5566402852736685,4.0
22037,234,3.0,3.0
22037,2599,3.974912628217217,3.0
22037,3276,3.0,5.0
22038,3871,2.94129238988338,3.0
22042,553,3.638441022246606,4.0
22047,1258,3.5021739435573385,3.0
22054,1198,3.971241970809629,5.0
22060,2918,3.7142196790940685,3.5
22068,527,3.7155953882638797,5.0
22070,4797,3.0,4.0
22091,2291,3.6296294441993693,4.0
22096,141,3.6957951947811556,5.0
22110,1393,3.9439909184374438,3.0
22110,2859,3.0,1.0
22125,1923,3.940159364703291,4.0
22133,6874,3.6917608566609177,4.0
22134,260,3.714835702723604,3.5
22134,2724,3.5895329735265187,2.0
22176,333,2.9342956234713857,3.0
22183,243,3.0,3.0
22194,277,5.0,4.0
22195,1616,3.6809357687466813,4.0
22198,2085,2.4750447856201077,2.0
22198,3968,2.430215080020606,3.0
22234,5679,3.029064232638541,2.0
22235,531,3.0,3.0
22242,34153,3.0,4.5
22247,540,5.0,3.0
22247,588,4.2000213267237,5.0
22277,2791,3.372598569863445,2.0
22280,1233,4.084603880273676,4.0
22286,904,4.740294068458714,5.0
22287,924,2.5758742900269502,3.5
22287,1258,2.664272484264951,2.5
22287,2028,2.661609327362046,4.5
22287,5154,3.0,1.0
22287,7133,3.0,3.0
22290,2,4.07795639313915,3.0
22290,1721,4.218162386738496,4.0
22295,588,3.240034820127918,4.0
22303,805,3.399533961908171,3.0
22305,1754,4.0,4.0
22315,2959,3.7103770187854024,1.0
22323,2116,3.0,4.0
22333,2792,4.0,2.5
22357,1148,4.506743414574834,5.0
22360,3734,3.0,4.0
22362,4306,3.4054032631445197,3.0
22369,1266,3.591722575475126,3.5
22369,2710,3.484768212830056,2.0
22369,3033,3.669517553207952,4.0
22374,3203,3.0,3.5
22374,7151,3.0,4.0
22374,8984,3.5287212031399524,3.0
22376,534,3.0,5.0
22382,1377,3.6276953686719104,3.0
22385,2797,3.692395467007322,3.0
22418,47,3.6185870085301564,3.5
22422,508,4.068347477578888,4.5
22427,5349,3.9732910449804053,5.0
22428,5103,3.0,5.0
22430,1610,3.536931835671266,3.5
22438,2571,3.5563078680607028,2.0
22447,2739,3.0,4.0
22455,2565,3.702756547576948,4.0
22464,455,3.4861176038682604,3.0
22479,3519,3.5,3.0
22485,736,3.2076623513456646,5.0
22486,1,4.140948451078942,5.0
22486,181,3.0,1.0
22512,2028,3.4177150301946324,3.0
22515,262,3.0,4.0
22528,2300,4.742859435752206,4.0
22543,5960,3.0,2.0
22551,5508,3.0,2.0
22586,1909,3.5998093911523736,2.0
22608,5954,3.7945958955181194,3.5
22614,62,3.4713071036926673,4.5
22622,379,3.1094959732086553,3.0
22628,2840,2.0,3.0
22631,994,5.0,5.0
22632,7256,3.0,4.0
22644,3016,3.0,3.0
22647,175,3.0,2.0
22647,539,3.6032645504191314,4.0
22647,880,3.0,3.0
22648,1792,2.9127778050306365,3.0
22648,3826,3.2201991999053683,3.0
22658,153,3.980410905641162,3.0
22664,6365,3.1943892361022685,3.0
22681,246,3.4993635465461757,2.0
22689,52722,4.050780220932419,3.5
22699,3317,3.471843951597951,4.0
22699,5265,3.0,2.5
22699,8937,3.0,3.5
22700,6218,3.54367812116365,2.0
22712,1333,3.943365032804869,3.5
22721,2501,3.0,4.0
22735,46976,4.341135479321947,4.0
22736,350,2.7585042570979437,3.0
22740,4995,3.3838300676885407,3.5
22754,364,3.555031639954237,4.5
22756,1971,2.317221112900916,2.0
22756,4565,1.0,1.0
22757,911,3.7709909160912853,3.0
22765,2707,3.4999999999999996,4.0
22768,31435,3.0,3.5
22779,74,3.0,3.5
22782,2126,2.7850206087180074,3.0
22796,923,3.684845246361519,5.0
22802,47099,3.8329387984901557,2.0
22803,2080,4.0475035008696,3.5
22810,555,3.726515634822938,1.0
22817,1256,3.837270388251026,5.0
22826,4306,4.129616814878528,5.0
22837,647,4.0,4.0
22842,1517,3.6299032636855655,3.0
22842,5243,3.0,3.0
22872,2511,3.0,2.5
22872,8371,2.6268043691265426,2.5
22873,1210,4.2842265246024995,5.0
22873,1393,4.257178110852444,3.0
22873,2385,3.0,4.0
22874,1249,4.287199985984542,5.0
22878,1676,4.251669280032763,5.0
22899,1210,3.673944673010123,4.0
22899,38038,3.0,3.5
22899,51255,3.7386223156253098,4.5
22907,5952,4.140571133468155,4.0
22908,5400,3.6666145962662626,4.0
22909,904,3.901373460894084,5.0
22912,266,3.72205390449602,3.0
22915,3359,3.0,4.0
22929,156,3.0,3.0
22929,1387,3.5386496575600987,2.0
22929,2076,4.072706242960054,5.0
22929,4865,3.0979988686792366,3.0
22933,1012,3.0,3.0
22935,300,3.147922733075445,3.0
22953,1954,3.9484832536694237,5.0
22991,5445,4.167024345998383,4.0
23008,2167,2.9536859348847644,0.5
23032,3418,3.5264747422463185,4.0
23032,7116,4.500000000000001,4.0
23038,11,3.873083278725226,5.0
23038,780,3.726517066111201,3.0
23057,5418,3.829081520474869,4.5
23084,193,3.0,1.5
23086,1680,3.0,3.0
23087,48516,3.659686839761899,3.5
23089,628,3.6789941176334793,4.0
23094,7454,3.4696072864228658,3.5
23106,588,3.056425112247229,2.5
23108,3683,3.985077743604293,5.0
23109,5788,3.0,3.5
23116,2352,4.726312940869895,5.0
23124,46578,4.336801081730646,4.5
23126,357,3.692164691759391,4.0
23138,3489,4.8481883667620025,5.0
23139,611,3.0,3.5
23141,2206,4.20991499185534,3.5
23167,832,3.242952102343424,4.0
23167,1073,3.6548969054465354,4.0
23172,7354,3.0,2.0
23174,3871,3.0,4.0
23176,2872,3.692018628839949,1.5
23176,4487,3.0,3.0
23176,4492,2.0,3.5
23182,317,3.4062698563696827,3.0
23183,3105,3.869261469248516,3.0
23191,1028,3.8157785430008144,3.0
23202,3263,3.0,3.5
23213,293,4.033876403285081,3.0
23228,3201,3.871682342048804,4.0
23228,8400,3.0,4.0
23246,111,4.370072965714408,4.0
23250,802,2.4861761408738325,4.0
23257,480,2.7183798629067124,4.0
23258,2858,3.6679715138716014,4.0
23269,1974,2.7603931875036554,3.0
23269,3978,3.458852333080357,3.0
23274,61132,3.740645016191452,3.5
23291,316,3.3002721316808312,1.0
23291,3438,2.2318025782781903,2.0
23308,919,4.508515624183775,5.0
23313,1214,3.7043525024885406,3.0
23322,4034,3.8432389393524846,4.0
23327,1945,4.094207537621008,4.0
23338,2018,2.2052749919202035,2.0
23344,1210,4.011101544128288,5.0
23344,2394,2.556489988049608,5.0
23352,2353,4.092861727717294,4.0
23355,1193,3.7671999653007995,4.0
23360,56333,4.0,3.5
23370,154,3.0,5.0
23388,2376,2.372614459234611,2.0
23388,3681,5.0,3.0
23415,44199,3.707071468520655,4.5
23437,6586,2.2407694688416293,1.5
23440,43,3.0,4.0
23460,799,5.0,5.0
23463,4015,3.0,1.0
23476,1291,4.027550940979744,5.0
23481,3147,2.1648067865758156,4.0
23483,356,3.748223167538647,5.0
23496,1676,3.6500367273170995,4.0
23496,1732,3.8814286426086313,5.0
23530,2396,3.835814550909543,5.0
23532,4718,3.242532984893938,4.0
23540,1,2.882407389055397,3.0
23542,1219,3.038792132541443,3.0
23546,32,4.5325617235550295,4.5
23546,1050,3.0,3.0
23555,8371,3.329783571880722,1.5
23557,1287,4.103705266756785,4.0
23560,145,3.0,2.5
23566,6365,3.071551906222288,2.5
23568,593,3.8420689117842755,5.0
23574,2683,3.5824500938232253,3.0
23580,2916,3.5391539325440875,4.5
23581,6539,3.557111852806102,3.5
23581,6827,3.0,1.5
23582,2409,3.723040035604806,4.5
23582,2490,3.960256258145981,3.5
23587,5010,4.496720772884737,4.5
23597,2791,3.2312930995529223,3.0
23621,3418,4.172774948254637,3.0
23624,1732,4.22111105238474,4.0
23631,1198,3.3654762626153873,3.0
23633,1186,4.612426271225587,3.0
23634,8575,3.0,2.5
23652,380,2.680318279600965,2.0
23652,3114,3.4093010550510576,3.5
23655,1275,3.152163915556686,1.0
23662,2987,4.062166497879338,3.0
23687,7757,3.0,3.5
23695,1954,4.111936458615404,3.0
23711,151,3.495469917600447,4.5
23716,1275,3.206416105837874,1.0
23718,7254,3.2414597236576257,2.5
23722,1320,4.388155224002157,2.0
23742,10,3.7128899441737313,4.0
23742,172,4.5315044571943774,5.0
23749,1396,4.5821086658471,5.0
23751,441,4.155706290028512,3.5
23759,1227,3.0,4.0
23760,750,4.384429274719484,5.0
23771,1095,1.234886013238024,5.0
23772,95,2.9431257301531595,2.0
23789,780,3.504617188373677,2.0
23807,253,3.5310935622751676,3.5
23807,6646,3.0,3.0
23822,32,3.3901068973742055,3.0
23831,1950,4.0,4.0
23836,3052,3.722318865319851,4.0
23843,2134,2.914291230279869,3.0
23844,56757,3.0,4.0
23846,2616,3.482200227104315,2.0
23850,2495,3.0,2.0
23852,2490,2.7088106271706724,3.0
23852,2610,3.0,2.0
23853,1127,3.4289565231669945,2.5
23854,8362,3.0,3.5
23858,2336,4.021822157215216,5.0
23858,2520,2.336550130495252,3.0
23858,5360,3.0,1.0
23872,593,3.453993998206245,4.5
23887,595,3.756439594938632,4.0
23888,225,3.6375079141809366,3.0
23892,10,3.37043865765425,2.0
23892,2140,3.438967317809971,4.0
23897,4777,3.0,1.0
23898,671,3.0,4.0
23899,3793,3.7338628987321156,4.0
23905,1810,3.0,4.0
23914,2289,4.422213269061396,3.5
23917,8372,3.0,1.0
23920,3263,3.0,2.5
23924,1002,3.0,4.0
23938,1097,3.5162043853970046,3.0
23951,1580,3.488907957718975,4.0
23974,170,4.019300666789454,4.0
23974,1089,3.908435459247919,5.0
23984,3145,3.0,4.0
23988,3624,3.508220337356944,3.5
23988,8493,3.0,4.0
23993,434,3.8028207931253317,3.0
23999,1104,4.127179245705684,3.0
23999,5696,3.0,2.5
24011,1200,3.7134367690730867,4.0
24016,165,2.122466437356359,3.0
24030,4246,3.457493347929607,3.0
24048,7438,4.346633620942284,5.0
24057,4993,3.8268489319467838,5.0
24063,585,2.6775093397621483,2.0
24066,1635,3.0,4.0
24075,30707,3.252951772742759,2.5
24084,1954,3.2614563816998454,3.0
24098,32587,3.211780975386647,4.0
24106,2166,3.0,2.0
24125,2194,4.830696653794982,3.5
24128,175,3.0,4.0
24130,1125,3.5087442977451526,4.0
24132,3977,3.3892283793309135,2.0
24135,1438,3.3578473651109286,3.0
24136,1049,2.0,3.0
24146,1982,3.104978105855849,5.0
24146,3072,3.431083164014651,4.0
24147,1219,4.150641467911938,4.0
24152,6548,3.2489235541092385,2.5
24156,1256,5.0,5.0
24159,647,3.5189392552588568,4.0
24172,539,2.197771732552179,4.0
24175,434,4.060669218502824,3.0
24180,2243,3.519048726637866,2.0
24192,587,3.8186586091142813,4.0
24207,3950,3.0,4.0
24207,5646,3.0,3.0
24215,5377,4.00222135732213,4.0
24220,296,4.157981323702146,5.0
24221,1474,1.5,2.5
24221,40339,3.0,0.5
24222,500,2.703349473326668,2.0
24227,2000,3.481574175748152,3.5
24238,1084,4.209539137770011,1.0
24240,56782,3.3147553548365813,3.5
24254,5989,3.606615351850103,3.0
24262,1376,2.7255177794981122,3.0
24273,52,2.5743736238983503,2.0
24310,3019,3.0,2.0
24311,5055,3.0,5.0
24313,145,2.854234152829735,2.0
24318,3618,3.0,4.0
24338,1204,4.1806998094551275,3.0
24340,356,2.9381673202210843,0.5
24340,357,2.8936125210468666,1.0
24340,455,2.805045462945083,2.0
24340,3942,3.0,0.5
24340,6724,3.0,3.5
24350,1382,4.0,3.0
24354,535,3.0,3.0
24355,2081,3.404925556035882,4.0
24371,2108,4.0416616383084225,5.0
24372,1244,4.565785825047996,5.0
24374,377,3.688763247810552,4.0
24378,95,3.3407993241434717,3.0
24394,3256,4.099983031938246,4.0
24395,3210,3.861581081080189,3.5
24397,2,3.34280919065307,5.0
24404,4214,3.8422054196662736,4.0
24428,1387,3.645750364109337,3.0
24441,586,3.3146828619679787,3.5
24441,3436,3.0,3.0
24441,5995,3.7828483539131286,5.0
24450,5349,4.315466694251941,1.5
24454,16,4.562199073250803,5.0
24471,1734,3.0,4.0
24476,1,3.50161813951792,4.5
24481,1207,3.996390137431414,5.0
24483,1485,4.146293968689451,4.0
24494,32,4.28541213434119,4.0
24495,208,3.6922766756936753,1.0
24495,246,5.0,5.0
24499,316,3.557517014550098,4.0
24502,2433,3.0,4.0
24517,2340,3.5,1.0
24517,2504,3.0,3.0
24517,3751,3.7394414618267606,3.5
24537,3094,3.0,4.0
24541,3114,4.653287684238482,4.0
24546,631,3.0,3.0
24551,2,3.4431386272986875,4.0
24555,2628,3.5815503316780313,2.0
24560,7311,3.0,3.5
24592,7361,3.6123294477691767,3.5
24599,193,3.0,2.0
24605,2208,3.932565439359522,3.5
24605,4628,3.0,4.0
24607,293,3.6434114020618225,3.5
24618,2001,4.472738593336472,5.0
24625,1586,3.0,3.0
24627,3104,4.51295418773156,4.5
24630,1263,3.885216907722143,3.0
24652,1029,3.559478704952214,3.0
24656,5349,3.753410265693691,4.0
24661,552,3.1279535370576594,4.0
24661,1131,4.766196746176631,5.0
24661,2331,3.0,3.0
24665,1347,2.9416191293039033,4.0
24666,50,3.714757336321706,5.0
24670,1032,3.9030530087828708,5.0
24691,3471,3.8350023346488946,4.5
24692,253,3.2053431881762817,3.5
24692,4262,4.190356123519232,4.0
24695,2496,5.0,4.0
24695,4557,3.0,4.5
24695,7137,4.5,4.5
24695,43928,3.8414974457903437,3.0
24706,1693,3.0,3.0
24708,45447,3.5140641127335983,2.0
24708,60074,3.658936226048752,3.5
24711,253,3.692658659211818,3.0
24712,2054,3.4730534524005945,2.0
24715,288,3.1176164065410013,3.0
24715,1129,2.941411488038146,4.0
24722,2404,4.5,4.0
24732,345,3.9439284673063533,3.0
24743,1945,3.9795815650235253,3.5
24746,3452,3.0,4.0
24770,1500,3.7335777187491335,3.5
24770,2763,3.3623215324775138,4.0
24774,2124,3.021361819921134,3.0
24774,7104,3.0,2.5
24775,733,3.5719232697513,3.5
24781,8376,3.40023853760241,2.0
24786,5881,3.0,4.5
24786,6350,4.129560234524727,3.5
24801,6001,2.5,4.0
24812,356,4.084976960268487,4.0
24812,3614,3.0,4.0
24813,208,2.4858916980607955,2.0
24820,608,3.632245661346151,3.0
24824,3793,2.8679522958543795,3.0
24825,4889,3.0,4.0
24834,616,3.0,3.0
24836,3159,3.0,3.0
24844,1343,3.9840561955606697,3.0
24854,2622,3.0,3.0
24858,1213,3.54492347013976,5.0
24871,208,4.3318045736259725,3.0
24897,590,3.117618905529472,4.0
24899,1289,3.0,5.0
24912,2616,3.2492670631824807,3.0
24915,2470,3.5584034203654977,3.0
24921,5218,3.135234887440196,4.0
24924,457,3.664537634826078,4.0
24937,2491,3.0,3.0
24957,32,3.5372809233606026,3.5
24962,3723,3.0,3.5
24979,7375,3.0,3.5
24983,585,2.0679433050835967,1.0
24994,2797,4.195859952860022,4.0
24995,5515,3.0,4.0
25005,670,4.5,5.0
25005,2455,2.901849045813724,3.0
25008,110,4.278628767631436,5.0
25008,1221,4.3593801668655905,4.5
25029,231,3.8822815913245066,0.5
25036,778,3.9267706015606483,4.0
25036,1179,4.17761307250367,4.0
25036,1288,4.073777273688133,4.0
25036,3104,4.395921728580346,3.0
25039,736,3.4425772996705377,3.0
25057,17,3.7070811823595142,5.0
25063,903,4.869788914180612,5.0
25068,1283,4.999999999999999,4.0
25080,714,3.0,4.5
25089,5618,3.5934001194771312,5.0
25092,3263,4.0,3.0
25092,4709,3.0,3.0
25097,2468,3.0,3.0
25097,2797,3.7557752633124926,5.0
25100,153,2.9423375054768712,3.0
25108,2828,3.0,3.0
25113,10,3.640389706853552,2.0
25113,3006,4.589571811515231,4.0
25119,2767,3.0,3.0
25125,2789,5.0,3.0
25132,8784,3.848473853378137,3.5
25185,4448,3.9985792807874785,3.0
25190,3617,3.3291273884401202,3.0
25190,4326,3.0,4.0
25190,45880,3.0,3.0
25202,1283,4.0,4.0
25207,3404,3.0,4.5
25215,3646,3.0,1.0
25218,953,3.788237116318999,4.5
25221,292,3.4956666949197546,3.0
25221,474,3.556423913869332,3.0
25222,707,3.0,3.0
25238,185,4.146077585707973,3.0
25239,1639,2.86963034041854,3.0
25239,1994,2.4619000720889184,2.5
25239,2245,2.4338100153950144,2.0
25239,3361,2.0851193125146263,2.5
25239,6009,3.0,3.0
25241,3527,4.2913509583065155,5.0
25244,1682,2.8501929782669464,4.5
25246,6539,3.642562709302617,2.0
25252,1729,4.392800645789215,4.0
25254,44189,3.0,3.5
25255,1213,3.3863404624119653,4.0
25256,3564,3.0,3.0
25264,36,3.80881893611899,3.0
25267,5673,3.509238056171805,4.0
25286,466,3.6353811183880236,1.5
25300,661,3.6624209923902162,3.0
25306,340,3.0,5.0
25306,1589,5.0,4.0
25311,153,3.763573312905102,3.0
25311,4367,3.5745610764559497,2.0
25314,1278,3.431004340769304,3.5
25334,2485,4.0,3.0
25335,2683,4.299245366588449,3.0
25335,3565,3.0,5.0
25336,1961,4.011393191201903,4.5
25354,39183,4.3157115755782,4.5
25371,1923,4.017709720179604,4.0
25377,17,2.457370995952506,4.0
25380,1127,3.894153166591533,4.0
25387,1997,3.665979496308369,3.0
25408,2617,3.4768485375729643,3.5
25408,8781,3.5208160626320346,4.0
25408,52885,3.0,4.5
25415,588,5.0,4.0
25441,2000,3.584254702311598,2.0
25443,153,2.865015992094164,2.0
25443,1059,3.0,3.5
25444,364,4.3350602641496625,5.0
25445,800,4.250458182531956,3.0
25447,377,4.447248295934474,4.0
25453,1249,3.696127136062229,5.0
25466,1352,3.0,4.0
25467,1367,5.0,4.0
25470,561,3.0,2.0
25478,1036,3.636070365959433,4.0
25492,4776,3.906038520713123,4.5
25497,30749,3.9889091003761195,4.5
25501,1234,4.038191050632408,5.0
25502,2084,3.0,4.0
25509,1198,4.0108192576473565,5.0
25531,8636,3.8637499293204427,3.5
25532,673,3.0,4.0
25545,3527,3.5704548347907132,5.0
25546,3897,3.242324347047565,4.5
25551,2006,2.9593855050296267,2.0
25566,153,3.5416506610912526,3.5
25586,1707,3.5,1.0
25593,339,4.233496768188628,3.5
25594,4226,3.0782010317608868,4.0
25596,5060,3.823231458335122,2.0
25597,4495,3.0,4.5
25597,32116,3.0,3.5
25599,457,3.5792091700359037,4.0
25600,589,3.466824912679271,5.0
25611,3753,4.076031890080943,3.0
25622,1215,3.9154062305840616,5.0
25625,223,3.648443399442718,5.0
25629,2763,4.327069036350238,5.0
25674,3448,0.9239735307600416,1.5
25675,216,3.0,3.0
25680,7254,4.475121316160848,4.5
25682,2324,3.9161883307613006,4.0
25710,2144,3.9526717272574605,4.0
25712,3994,3.1239829399935832,0.5
25715,933,4.726292813396418,4.0
25723,49347,3.0,4.0
25756,2600,3.656755511237633,2.5
25758,788,3.4193093815913214,4.0
25761,3510,4.5,4.5
25769,3082,2.898926021992629,4.0
25771,1185,3.7624374325018457,4.0
25809,553,3.5232374316217614,4.0
25825,1409,3.0,4.0
25833,1447,3.0,3.0
25841,1033,3.720808219200954,3.5
25845,356,4.6889147699827936,5.0
25852,349,3.746657073014583,4.0
25856,2858,3.760090864257817,4.5
25856,4326,3.0,4.0
25856,5902,4.082717341295023,4.0
25864,5541,3.0,3.0
25866,165,3.6549695766561245,3.5
25879,589,3.811548285740795,4.0
25882,7458,3.2398336509256924,4.0
25893,5388,3.9337040098918323,5.0
25909,3362,3.643771873868671,3.0
25917,442,4.038736661611601,3.0
25926,1307,3.705809783184188,4.0
25938,339,3.591837242071403,5.0
25954,1,4.014487571133562,4.0
25954,296,4.058802279198318,4.0
25956,903,4.112731944162665,3.0
25956,1881,3.0,3.0
25956,1959,4.498051279831283,4.0
25956,3028,3.0,5.0
25961,1485,3.665416968947767,4.0
25967,1234,3.2662908828643875,4.0
25967,4102,3.0,3.0
25974,381,3.0,4.0
25975,3977,3.4781834621794796,0.5
25976,914,4.5,3.0
25978,255,3.0,3.0
25978,539,2.8031280725057135,1.0
26001,2369,3.0762989782133503,2.0
26005,44,3.277582211170717,3.0
26007,1831,3.4776934777309947,3.0
26007,8832,3.0,4.5
26010,457,3.6786489765811172,3.0
26027,931,3.771336424967429,4.0
26033,1517,3.064493862980049,4.0
26033,2042,1.0,0.5
26046,886,3.0,3.0
26046,4750,2.5,2.0
26055,318,3.0125035624723866,4.5
26055,1503,3.0,2.0
26060,1246,3.3729790285554517,3.0
26067,296,4.061933887466034,4.0
26067,330,3.0,4.0
26081,5378,4.098779805055878,4.5
26082,5678,3.0,3.0
26099,2617,3.764599971411319,1.5
26099,4881,4.312294151787337,3.5
26103,2442,3.0,1.0
26104,1923,3.585372998014552,3.5
26109,2145,4.516397284331817,4.0
26110,1382,5.0,5.0
26116,116,3.0,4.5
26127,6503,2.0644024064815243,2.0
26130,708,3.2499799282006907,4.0
26135,1011,3.0,3.0
26138,3996,3.265829196178086,3.0
26138,4380,3.0,3.0
26139,1370,3.764445089273528,4.0
26143,380,3.752947370328151,4.0
26147,2023,4.0,5.0
26152,4085,3.7540786588109314,5.0
26186,1683,3.0,5.0
26199,457,2.9419010096534586,3.0
26224,480,3.1201484646279094,3.0
26228,599,3.998862687327921,2.5
26231,1211,4.002928205396134,4.0
26242,1552,3.5603193535515194,4.0
26242,5254,3.2467369951264216,3.5
26242,6294,3.77222371939041,5.0
26254,6807,2.8254245676784593,3.0
26256,3479,3.0,3.0
26287,2716,3.517569483003884,4.0
26296,1704,4.285839658402165,4.0
26303,2655,3.0,1.0
26305,1089,3.6078277125148115,5.0
26306,6807,3.765513262575087,2.5
26306,59900,3.0,1.5
26324,2123,3.3095026579029767,3.0
26324,2841,3.0,3.0
26335,637,2.760726839020142,3.0
26337,111,4.195960981642544,4.0
26337,913,4.623518184026779,4.5
26338,3418,3.676834182140709,2.0
26348,44,3.263458481267064,2.0
26348,340,3.0,3.0
26349,2268,3.971001864161453,3.0
26372,2871,4.274288080412751,4.0
26387,784,3.3878489801066456,5.0
26392,455,1.991498242222773,2.0
26392,4265,3.0,1.0
26399,4041,3.0,3.0
26407,337,3.6340918279397214,4.0
26409,5995,2.6750642715572264,3.5
26413,2278,3.8661962124578078,5.0
26416,544,3.0,3.0
26422,248,2.0009957331155315,3.0
26432,22,4.999999999999999,5.0
26434,158,3.5989125327266596,3.0
26440,2448,3.0,2.0
26452,2770,3.4851190055165846,3.0
26452,5072,3.0,1.5
26474,1923,2.459788225595858,1.5
26499,3108,3.662374183037458,3.0
26499,3249,3.0,3.0
26523,5060,4.7221975696728,4.5
26528,1343,3.9303246981026585,3.5
26528,3317,3.940203397302378,4.0
26528,5377,3.868066848468123,4.0
26535,1,3.3811695366343986,3.0
26539,1028,4.240145730217725,3.0
26540,21,3.41100566888502,4.0
26541,586,3.22727634420651,2.5
26561,930,4.583928012582256,4.0
26561,2894,3.0,5.0
26569,838,3.5094673807811136,4.0
26570,4191,3.0,3.5
26578,289,2.72872466717738,4.5
26578,1204,4.108302869271388,4.0
26578,2383,2.2718159048315023,1.5
26589,1218,4.5,4.5
26594,2313,2.8271125591468054,3.0
26598,1513,4.0,1.0
26599,1196,3.9216265093320124,5.0
26603,1092,3.6808959704855875,3.0
26603,1243,3.0,4.5
26603,8623,3.0,3.5
26619,7,4.201910231127896,5.0
26619,1271,4.655496239142554,4.0
26623,535,3.5686448599179834,5.0
26623,1295,4.205482444391676,2.0
26623,1834,4.0886486528193124,4.0
26623,3100,4.332031856592967,3.0
26628,2819,4.0,3.0
26639,110,2.891585853020803,3.5
26644,674,3.0,1.0
26646,4993,3.3892024278967225,4.0
26648,342,3.7992603876126334,3.0
26658,204,4.165403877242029,5.0
26665,1235,3.5,5.0
26679,1210,4.030329728994326,5.0
26710,1721,2.7036609028595424,1.0
26713,185,3.9737168276191754,3.0
26715,5060,4.010067976903551,5.0
26736,595,4.0361011173613095,3.0
26742,1244,4.336915068442986,5.0
26742,2567,4.0,2.0
26745,2700,3.9739730608989965,4.0
26747,5374,3.0,3.0
26760,3433,4.0,4.0
26775,1259,3.8355790174460784,4.5
26779,6873,3.0,3.5
26790,68,3.0,3.0
26796,3421,3.506872799209403,3.0
26805,1268,2.5,3.5
26831,262,4.0,4.0
26840,5556,3.0,1.0
26841,590,3.8075519238809297,3.0
26842,1517,2.8636651900620107,1.0
26845,1340,4.5,4.5
26861,555,4.129866591118787,5.0
26883,902,4.540059457401294,4.0
26897,648,3.859638354615156,3.5
26920,919,4.072829185270592,5.0
26925,8529,3.784355054988516,4.0
26932,44,3.75660843395044,5.0
26945,1136,4.098510854052351,5.0
26952,1693,3.0,5.0
26959,4367,3.023962207981738,2.5
26985,6618,3.0,4.0
27001,19,3.23669688000768,1.0
27001,3535,4.570586882997676,4.0
27003,537,3.0,4.0
27003,2041,3.0,3.0
27003,3152,4.588779022341227,5.0
27015,153,3.8739181129562468,4.0
27026,1552,3.810883980422139,4.0
27027,110,3.987033713321872,4.0
27033,47,4.0610157949197845,3.0
27042,273,3.9899360327749243,3.0
27072,541,3.8224735959569287,4.0
27088,2011,3.4421612355147184,3.0
27088,2390,5.0,5.0
27097,1266,4.0,5.0
27103,367,3.838633233987555,4.0
27108,1641,4.286240489379105,4.0
27108,2611,3.0,3.0
27115,8961,3.8548930398306833,3.5
27120,1197,3.6241388954406726,4.0
27138,1537,3.0,5.0
27146,2012,3.940065778314164,4.0
27148,674,3.0,1.0
27152,31617,3.0,3.5
27153,924,4.111710512274434,5.0
27153,8984,3.448411431229493,3.0
27162,2355,4.291870002971864,4.0
27164,2746,3.532873711455406,3.5
27173,1035,3.9691249288562434,5.0
27180,2391,4.005209535162586,4.0
27180,2706,3.812709631604979,4.0
27186,3360,3.7547872606492905,5.0
27191,3361,3.629206941457354,3.0
27202,223,3.106939027896349,5.0
27221,1721,3.1952485205330756,5.0
27223,3578,4.258403776638738,5.0
27235,1644,3.384976728978964,3.0
27239,25850,3.0,3.0
27245,861,3.0,3.0
27250,2806,3.0,2.0
27254,6287,4.263877880219654,4.0
27258,2527,3.509211289187984,3.0
27261,292,3.7276508468808864,2.0
27261,3090,3.0,4.0
27269,2396,4.045645761208377,4.0
27271,2976,3.0,3.0
27276,1035,4.073172541021883,5.0
27280,460,3.0,3.0
27287,1835,3.5238765419716724,4.0
27302,60161,3.0,4.5
27304,14,5.0,4.0
27313,1839,3.0,1.0
27318,300,3.436048236700763,3.0
27328,43936,4.494446910671554,3.5
27341,1968,4.428970659757946,4.0
27347,59315,2.9999999999999996,4.0
27363,2959,3.987680194989263,5.0
27367,1234,3.57140444368136,4.0
27374,14,2.5299989602688293,1.0
27374,1246,3.5991209088067033,3.0
27411,4214,3.138233350549089,3.0
27411,8961,3.6565889351044607,4.5
27421,1252,3.4251680278885055,2.0
27426,1198,3.450277481269635,4.0
27447,2987,2.6878753662768116,4.0
27450,2291,2.899329694903394,4.0
27459,8360,3.993477337938955,3.5
27462,913,4.406977820407059,5.0
27468,100,4.337188777585944,5.0
27468,280,4.185793110731115,4.0
27468,621,3.0,5.0
27468,1187,3.0,4.0
27468,2921,5.000000000000001,5.0
27468,7200,3.739805180846812,3.5
27468,7445,4.0820989677704835,4.5
27468,44840,3.0,2.0
27468,50912,3.0,4.0
27468,55729,3.0,4.0
27471,292,3.673483605215623,3.0
27475,2410,3.5194216637629823,4.0
27478,500,3.3735458135503635,4.0
27494,30883,3.0,1.0
27497,236,3.4941004342201696,3.0
27499,4878,4.127873853289127,4.0
27500,348,3.64704304768398,3.0
27507,2287,4.0,4.0
27516,1518,4.0,3.0
27520,2628,3.7766910113956644,2.0
27539,6796,3.0,5.0
27550,3703,4.0,3.5
27553,318,3.884694588511293,3.0
27579,6987,3.0,4.5
27580,3504,4.22667040707106,4.0
27581,1091,3.0,3.5
27583,1347,3.6021053731767245,4.0
27597,593,4.05884699705639,5.0
27600,1879,3.0,4.0
27603,597,3.512181184752778,4.0
27610,2058,3.0519047979990357,3.0
27613,2359,3.4732073981274425,3.5
27617,314,3.0,4.0
27619,2302,2.7949790298812878,5.0
27620,2959,4.128775698136313,5.0
27628,1097,3.5329794505608914,4.0
27631,111,3.3676470505047975,3.0
27636,653,3.0,3.0
27637,1975,0.5,0.5
27639,5458,3.0,3.0
27652,31,3.0,4.0
27662,1672,3.0,4.0
27662,2232,3.431008696892111,4.0
27662,3757,3.0,3.5
27669,3451,3.0,2.0
27677,253,3.8945021409918703,4.0
27679,110,4.470487008330051,5.0
27681,5620,3.573967979225628,3.5
27681,6708,3.819690451349445,3.5
27681,7321,3.0,3.0
27685,1921,4.026300029406812,3.0
27687,101,3.8087768451634143,4.0
27687,2140,3.6883815444259658,3.0
27694,1544,3.0,2.0
27706,380,4.064331963423895,3.0
27717,2321,3.8123272053828328,4.0
27725,3421,3.502368511849153,4.0
27727,266,3.5011356190755984,3.0
27737,373,4.0,4.0
27741,3450,4.526830302934143,3.0
27751,2402,3.0955516774978036,2.0
27757,2065,4.14538781538026,5.0
27770,1394,3.34044319226128,5.0
27774,161,3.4044912252455397,3.0
27775,2160,4.645407115179593,5.0
27778,5459,2.6600714754990387,1.0
27793,6810,3.0,3.0
27799,2202,3.0,4.0
27802,1389,2.0,1.0
27803,2152,2.0,2.0
27811,2011,3.7176971697431673,3.0
27816,54001,3.9592112888592377,4.5
27818,3602,2.0,2.0
27825,1103,4.678479225867854,5.0
27825,3481,3.74660504186748,3.0
27825,3513,2.0,2.0
27825,4523,3.0,4.0
27825,6846,3.0,2.0
27830,1380,3.662069275418135,4.0
27837,5971,0.5,0.5
27845,5415,3.0,3.0
27847,58162,3.0,4.0
27849,350,3.9125796044188816,4.0
27854,367,3.3039896793701233,3.0
27856,5015,2.6716548532353364,1.0
27864,2454,3.0,4.0
27864,5010,4.1114281928079635,4.0
27869,482,3.0,3.0
27869,2769,3.0,3.0
27869,3318,3.0,3.0
27869,3836,3.840092875941121,4.0
27888,344,2.7959276552063086,1.0
27909,2907,3.0,2.0
27926,1193,3.417887012386697,4.0
27927,5869,3.0,3.5
27932,104,3.752294478667226,3.0
27944,3543,3.018319051780922,4.0
27945,3,1.8470009407614194,0.5
27945,2160,3.224983403754931,2.0
27945,3668,3.0,1.0
27951,2710,3.8308386341304166,3.0
27960,475,3.9967622673074823,4.0
27964,4448,4.251298915658633,4.5
27964,8665,4.1979786236934835,4.0
27967,50,4.383086981843841,5.0
27969,736,3.6090513858267466,3.0
27978,415,3.0,2.0
28000,1343,4.66196900490916,2.0
28006,595,3.87492456391989,5.0
28008,1994,3.6686102745062246,4.0
28011,31658,3.0,3.5
28019,2583,3.0,3.0
28021,329,2.9726814072538548,3.0
28024,5198,3.0,4.0
28059,161,3.858765221065542,4.0
28070,527,4.11566511338681,4.0
28078,592,3.873615221414865,4.0
28082,1273,4.0,3.0
28082,1639,3.09871664479099,4.0
28082,5158,3.0,3.0
28095,50,3.771028189002978,4.0
28096,45,3.3659182967944696,0.5
28104,2922,4.277570240093265,4.0
28105,293,3.601448703738104,4.5
28105,8907,3.0,2.5
28108,104,3.0,3.0
28111,4243,3.0,4.0
28115,247,4.0,3.0
28124,275,3.0,3.0
28125,3052,3.9697261540898534,4.0
28132,1644,4.591397253716875,5.0
28137,161,3.433309376023201,3.0
28139,2353,3.5761623589882117,3.0
28146,4270,3.8310478892552746,4.0
28148,5010,3.6638767563467414,4.0
28152,1178,4.0,4.5
28162,4211,3.0,4.0
28165,165,3.1848433439748303,3.5
28165,910,4.1086876516304285,4.0
28165,2628,3.530326928693809,2.5
28173,356,3.146762933630219,3.0
28174,172,3.0,3.0
28174,25901,3.0,4.0
28177,761,3.0,4.0
28187,187,3.0,3.0
28199,48997,3.0,4.5
28203,4367,3.0286648088695944,2.5
28209,231,3.5528605923226713,3.0
28211,3225,3.0,4.0
28231,3176,3.4034697552950814,2.0
28232,45,3.931535756592435,2.0
28232,1345,3.7577982171411346,3.0
28232,2082,2.7969356793305056,3.0
28232,2150,3.7527249029678993,4.0
28232,2728,3.676261650257602,4.0
28232,4310,3.0299092720641347,1.0
28232,6337,3.0,2.5
28236,509,4.261659530824285,5.0
28240,933,4.595147707765504,4.0
28266,43,3.0,3.0
28269,1013,3.0,3.0
28270,593,3.621449407126212,5.0
28279,1320,2.9919416492109234,3.5
28288,46,3.0,2.5
28303,1911,4.0,4.0
28309,593,3.6430717983157517,5.0
28310,2000,4.281674367234445,5.0
28313,648,3.647339660467531,4.0
28323,455,3.256016085697493,3.0
28325,165,4.323498331611201,5.0
28334,356,3.651340278140654,4.0
28345,3094,3.0,2.0
28346,555,3.86550199371281,3.5
28346,3751,3.539065671774878,3.0
28348,2058,2.7415968287576615,3.0
28352,21,3.347150353491254,3.0
28352,318,3.5820014142914482,4.0
28352,4340,3.0,3.0
28369,3744,4.0,3.0
28369,3790,3.0,3.0
28369,5135,4.360892832788246,4.5
28378,276,3.5141833470958592,3.0
28387,434,3.8393714077268974,3.0
28389,595,3.7035411415787274,2.5
28395,1285,4.529267058613738,5.0
28405,540,3.0,4.0
28412,590,3.278327586192402,2.0
28417,57669,4.499999999999999,4.0
28427,3471,4.35370818845719,4.0
28437,50872,3.7608247340326204,4.0
28446,34162,3.6971121869666987,4.0
28448,350,3.7753810699375228,5.0
28449,2791,3.715455639050795,5.0
28452,4367,3.041126665732878,2.0
28452,55282,3.0,4.0
28460,1172,3.7525747150337447,3.0
28463,3494,4.0,4.0
28468,1097,3.107472526850764,2.0
28480,2058,3.9625803332425793,4.5
28483,4487,3.0,3.0
28492,21,4.155471382387598,5.0
28496,5679,4.151333864227866,4.5
28496,6242,3.669426358910161,4.0
28525,3543,3.0,4.0
28528,1449,4.806350661516069,5.0
28532,6323,5.0,5.0
28535,1196,4.101972091827955,4.5
28537,1271,4.86306313270899,5.0
28561,364,2.5864449484368377,3.5
28561,43936,2.327194058702791,3.0
28565,2022,3.0,5.0
28568,160,2.508772564676688,2.0
28577,954,4.430286839545641,4.0
28587,919,3.94310315844893,3.0
28604,32,3.9448230974478586,4.0
28604,2470,3.873580018813765,3.0
28609,1347,3.6062414523162807,4.0
28621,2719,4.0,2.0
28625,1148,3.2047957638531273,5.0
28640,1233,3.0,4.0
28644,7139,4.093325559106332,4.0
28647,2325,3.0,3.0
28648,3104,4.213559112870374,3.0
28652,2028,3.85415167549444,4.5
28665,934,3.0,5.0
28665,33154,3.0,3.5
28667,105,3.004797844132061,3.0
28673,1213,3.8296494296304395,3.5
28676,1101,4.0348170439236215,4.0
28677,1252,3.9639808353294588,3.0
28684,5364,3.0,4.0
28685,899,4.121018891742289,4.0
28728,339,3.73262137700239,5.0
28740,1277,3.0,4.0
28742,1130,4.0,4.0
28742,3988,3.0,4.0
28753,737,3.0,2.0
28769,2,4.17943448157861,4.0
28769,2571,4.322280938870838,5.0
28774,1275,3.479428687335714,4.0
28785,3481,3.282728138325936,4.0
28788,1445,3.0,3.0
28792,480,3.34806970618171,2.0
28792,1256,4.501727670311196,4.0
28793,1682,3.014399528681429,5.0
28793,1911,2.2251541957733494,2.0
28797,3698,3.7050389610276313,2.0
28800,377,4.367290584099956,5.0
28804,61240,3.0,4.0
28813,5053,3.0,2.0
28823,337,3.8340649868079675,4.0
28830,2706,4.5219585615216005,4.0
28862,594,3.8223018438248952,5.0
28862,1542,3.0,1.0
28873,110,3.1703641451063604,5.0
28875,1288,3.897325125417233,3.5
28886,27397,3.0,4.0
28891,5673,3.921528248474882,4.5
28893,236,3.890452743775861,3.0
28903,2353,3.6997042928699417,3.0
28929,2167,3.8280652765399115,4.0
28938,4018,3.051043259848429,4.0
28939,1964,5.0,5.0
28940,2077,3.0,2.5
28940,2324,3.45569587445605,4.5
28944,1246,3.7995052866347607,4.0
28962,337,3.2305631339576406,3.5
28962,2858,3.484870768023509,4.5
28976,1587,3.4581921102511353,4.0
28982,2174,4.121174869658239,4.5
28994,1944,5.0,5.0
28996,266,3.2623004605142136,3.5
29028,370,3.460663106138634,3.0
29031,296,3.2601610241584615,5.0
29037,527,3.6498833786511575,5.0
29042,4239,3.828045871597886,4.5
29051,380,4.295848617591884,4.0
29053,551,3.892997237885257,3.0
29066,2771,3.0,4.0
29070,34405,3.3406202506368508,3.5
29071,1445,3.0,1.0
29080,4638,3.344830219382136,1.5
29088,5669,3.6465664109453266,4.0
29105,273,4.0,2.0
29105,1792,2.9116749597432445,3.0
29109,780,3.5002636578989432,3.0
29131,308,4.485749301717583,4.0
29135,1215,4.155681688392392,3.0
29140,1029,2.2263810042889474,2.0
29148,1732,3.808884031863564,4.5
29152,1089,3.1328522401461147,4.0
29164,1210,4.218378401870788,4.0
29198,132,3.0,4.0
29200,519,2.0,2.0
29202,5181,3.0,2.0
29218,1663,4.126971862855078,4.0
29224,1967,3.29272224411944,4.5
29238,733,3.3664157328074973,3.0
29242,4246,3.981691757347479,4.0
29244,500,3.71870677967096,3.5
29244,2502,4.130483055432066,3.5
29254,2712,4.380761159034553,4.0
29268,1590,3.330319773299805,4.0
29268,3996,3.5457474461242158,4.0
29289,1230,3.536872385213803,3.0
29294,4478,3.0,4.0
29308,1779,3.3516052678261157,3.0
29308,3249,3.0,3.5
29308,4262,3.7717075441517895,4.0
29318,4226,4.186696199288668,5.0
29323,1213,4.287872769573525,5.0
29329,593,4.285870769088139,4.0
29330,2728,3.1702030549016316,3.0
29332,1173,3.0,1.0
29340,1097,3.845841417673161,2.0
29341,3683,4.0,5.0
29343,7386,3.0,4.0
29346,405,2.0,3.0
29346,4571,3.6654579430091503,4.0
29361,161,3.7491534392388486,3.0
29362,1639,3.8111015364157215,2.0
29369,1617,3.9320958067074234,4.5
29370,4886,4.195715077381091,4.5
29376,6808,3.0,3.0
29386,1270,3.3838136745091307,3.5
29386,5630,3.4037957012186206,3.0
29387,296,4.26269569213969,5.0
29387,1136,4.051242734505384,4.0
29388,4718,3.0,3.0
29394,457,3.690459369650419,4.0
29399,648,3.9802159999949955,3.0
29408,928,4.74065749201069,5.0
29413,3452,3.0,4.0
29434,480,3.915324587206261,4.0
29434,527,4.161901949470258,5.0
29434,5669,4.074086633213486,4.5
29435,2840,3.0,4.0
29445,36,3.421455669390019,5.0
29446,969,3.9524131918626333,3.0
29446,7311,3.0,4.0
29452,5313,2.1836160958718556,0.5
29457,2406,3.3130889974037956,4.0
29466,497,3.6897088858419482,3.0
29482,8371,3.2929480034598737,3.0
29500,920,3.2630939678997026,4.0
29501,3173,3.0,4.5
29501,7438,3.9752930290485167,4.0
29501,45440,3.0,1.5
29530,3704,3.2597084217310486,2.0
29537,4009,3.0,4.0
29548,6373,4.165971258095584,4.5
29553,3174,3.6455532368292762,3.0
29555,288,3.3817075499565155,5.0
29562,170,3.7451748333026367,3.5
29563,3977,3.1152471878086656,1.5
29572,111,3.820833825133302,4.0
29577,1374,3.557425822447043,5.0
29579,368,3.3261930542891998,3.0
29583,2160,4.049601439317443,5.0
29607,588,3.6459992941611397,5.0
29621,1298,2.88292584705347,1.0
29641,2262,4.0,2.0
29643,5899,3.0,4.0
29648,3724,3.0,2.5
29648,6978,3.0,3.0
29659,168,3.3999322134367262,3.0
29659,627,3.0,4.0
29676,596,3.999007240197042,5.0
29677,3439,3.0,2.0
29678,11,4.087420067292595,4.0
29680,4958,4.0,4.0
29690,2759,5.0,4.0
29693,450,3.0,2.0
29698,1307,3.4001054928043604,3.0
29707,1456,3.0,2.0
29707,3994,4.2648718408113115,3.0
29707,4549,3.0,3.0
29711,3793,2.9275906693251255,4.0
29714,3793,3.6762293889915956,1.5
29719,805,3.1241963449604553,4.0
29725,163,4.052142734035895,4.0
29732,208,4.052280887534212,3.0
29741,203,3.0,2.0
29755,3363,4.351752144081247,4.0
29774,180,3.340204558511934,3.5
29791,343,3.0,1.0
29801,2719,3.469920111404519,4.0
29801,5255,3.0,3.0
29803,2710,4.036875511826255,2.0
29814,3438,3.372059680533543,3.5
29820,1200,3.729914246739406,4.5
29820,2600,4.005763535354487,1.5
29843,973,3.0,4.5
29843,25923,3.0,4.0
29859,1247,3.796512040956456,4.0
29861,2263,3.0,2.0
29861,4121,4.0,2.0
29865,612,3.0,3.0
29871,380,3.2798355967015533,4.0
29877,347,3.0,4.0
29886,527,3.655048501160524,4.0
29886,55820,4.0,4.5
29891,3801,3.0,4.0
29913,4239,3.1012923852101664,3.5
29919,1281,5.0,3.0
29922,349,2.9303903021081577,2.0
29926,2338,3.0,4.0
29928,1948,3.0,5.0
29941,5135,3.364575168330453,3.0
29942,2435,3.0,3.5
29953,1080,4.040157032777707,3.5
29960,3255,3.2957745845772317,3.5
29979,2976,3.0,4.0
29982,1095,3.3316702542056005,3.5
29983,2390,3.0,3.5
29988,1970,3.0,3.5
29991,349,3.765380924501826,4.0
29993,110,3.135884739465133,3.5
30007,2683,3.8352420706046675,4.0
30008,784,2.554588934504787,3.0
30013,2426,3.0,3.5
30018,442,3.531377413085665,2.0
30023,1073,2.542560844079951,5.0
30027,3481,4.080701004599355,4.5
30028,110,3.0793949179547973,2.0
30028,3535,3.2951817556667744,2.5
30039,595,3.47842824561428,3.0
30061,10,3.956705801717937,3.0
30072,300,3.538682079544401,5.0
30075,342,3.906414858635134,3.0
30075,4102,3.0,4.0
30075,4295,3.0,2.0
30085,292,4.442800533084751,2.0
30103,6708,4.049170072851787,4.5
30113,110,3.200806034242457,4.0
30126,306,3.500560482472705,3.0
30128,880,3.0,2.0
30158,2087,3.0177362810319255,3.5
30158,7161,3.0,1.0
30158,8923,3.0,2.5
30158,45175,3.0,3.0
30167,679,3.0,2.5
30167,848,3.0,3.5
30167,1079,3.2948987308740745,3.5
30167,1354,3.0,4.5
30167,2106,3.0,2.5
30170,2699,4.0,3.0
30174,5218,3.5019554240202826,4.0
30181,1527,3.78612872120001,4.0
30187,2005,3.8601267109774446,4.5
30198,539,2.451289496049717,2.0
30198,1275,2.5062979971887427,1.0
30203,912,4.009019348600339,5.0
30206,1395,4.325477802261302,4.0
30239,1356,4.496602960898977,5.0
30243,5989,4.494431922941305,5.0
30249,1198,3.267016313534234,5.0
30262,186,4.688519462365273,4.0
30272,2402,1.9953518982324383,2.0
30275,185,3.941306475354451,4.0
30280,2012,2.6790720505181693,2.5
30283,2700,3.9927667636649584,3.0
30285,6157,3.427320909619977,3.0
30285,54997,3.7886019043630683,4.0
30297,260,3.335721936003789,5.0
30316,586,3.8353484427713673,3.0
30320,998,3.0,3.0
30329,339,3.3435925477953696,4.0
30334,2692,3.7221461940434515,4.0
30338,316,3.390370187941823,4.0
30344,653,3.547707667916555,2.0
30344,788,3.738979902630121,4.0
30344,1079,4.118870151067845,5.0
30347,4306,3.9368806999526185,4.0
30349,185,3.1788860599445585,3.0
30353,364,3.7256442300440686,4.0
30384,2716,3.1828042346275014,2.0
30403,1101,3.882788639211836,5.0
30407,1394,3.7632963364360292,2.0
30417,1265,4.419934146052807,5.0
30420,539,3.2375410634081883,3.0
30428,1262,4.389270040035977,3.0
30437,784,3.1636630006136386,3.0
30455,553,3.903471982594014,5.0
30462,2000,3.540382368451857,3.0
30463,500,3.3582155407134504,3.0
30465,454,3.001233799641229,4.5
30472,102,3.0,2.0
30476,1057,3.0,3.0
30485,4571,4.007978179045479,2.0
30485,7570,3.0,4.5
30488,315,2.6146487183858134,5.0
30500,8831,3.0,1.5
30500,56949,3.0,3.0
30504,589,4.225091343148121,5.0
30505,5105,3.5,4.0
30505,58299,3.0,4.0
30523,590,3.6708882228389026,3.0
30532,1972,1.0,1.0
30539,1258,3.2739371129354633,4.0
30561,377,3.7124880139701486,4.0
30569,46,4.0,3.0
30577,3996,3.640279525556173,2.0
30579,1955,4.5,4.0
30580,147,3.0,4.0
30592,246,1.0,1.0
30614,4341,3.0,4.0
30618,613,3.0,3.0
30619,2906,3.0,1.0
30626,79,3.0,3.0
30637,7361,3.4650927503670226,4.5
30670,58293,3.0,3.5
30687,2019,4.3844213041690665,4.5
30687,3500,3.0,3.0
30687,4751,3.0,2.0
30696,4477,3.0,1.0
30705,4280,2.0,4.0
30708,6874,4.121462968595696,4.0
30712,1036,3.568517109058353,5.0
30719,5989,3.8078407671835146,3.0
30745,836,2.0,3.0
30764,509,4.185186439009214,3.0
30779,765,3.0,3.5
30780,610,3.0,3.0
30803,1411,3.0,4.0
30804,1288,3.696360505977534,4.0
30814,3421,4.1666381758475,4.5
30821,1031,4.299045681397109,4.0
30826,3614,3.0,2.0
30840,58306,3.0,3.0
30842,6365,3.8949318637441968,4.0
30852,1372,4.004126799772396,3.0
30855,1374,4.389385215569252,4.5
30859,2641,3.3972963407953283,3.0
30863,2146,4.0,2.0
30864,953,4.008173383907287,4.5
30866,70,3.76532948744634,3.0
30877,2355,4.082556172750089,4.0
30880,662,3.0,3.0
30886,5989,3.881033806000347,4.5
30907,372,3.0,3.0
30918,454,3.163548923586554,3.5
30922,2287,5.0,5.0
30922,2288,4.532966652398402,5.0
30923,318,2.496267749100693,5.0
30932,590,3.4649974150103224,4.0
30932,6232,3.0,2.5
30938,42734,3.0,3.5
30941,6874,4.135819394712888,4.0
30950,357,3.3480118083445842,4.0
30950,508,3.2656907373598565,3.5
30951,3342,3.0,5.0
30952,1097,3.951941476969626,4.0
30956,1466,3.250269244807198,2.0
30972,1136,3.772193160374616,4.0
30977,2540,3.0,3.0
30978,1784,3.552447945410755,3.0
30978,4855,3.3789377841838935,4.0
30988,31658,4.0,4.0
30993,6323,3.7919205197248553,4.0
31001,1513,3.0,3.0
31008,1077,3.3913663193013,5.0
31008,2858,3.530890683674619,3.0
31013,1089,3.384843206626087,4.5
31018,3053,3.0,4.0
31018,8132,3.0,5.0
31046,1226,3.0,4.0
31060,1374,4.090403946400006,4.0
31063,533,3.0,1.0
31099,161,3.379525676503552,4.0
31104,7048,3.0,2.5
31138,1917,3.6786047723286197,3.5
31147,673,3.0,4.0
31148,1104,4.325140005691574,4.0
31151,2133,3.49005606370193,1.0
31184,783,5.0,5.0
31192,6595,3.235896480866859,2.0
31209,1914,3.0,3.5
31212,705,3.0,4.0
31215,2617,3.8237547567977703,3.0
31215,2985,3.77404868925512,4.5
31226,858,4.346716512617113,4.0
31233,3624,3.4592247340872766,5.0
31234,308,2.0,2.0
31238,2100,3.471808610253,2.5
31249,1968,3.240919994058421,3.5
31254,4132,2.0,3.0
31259,1680,4.0,5.0
31261,382,1.0,3.0
31263,1721,4.2122838464734045,4.0
31276,7,3.8651408781749623,3.0
31276,318,4.10072859745865,5.0
31282,2427,3.517031542109104,1.0
31296,293,3.719122889416536,4.0
31301,3793,4.177830550751636,4.0
31301,4874,3.758074784755086,4.0
31305,724,5.0,2.0
31306,2664,4.5,4.5
31327,193,3.0,1.0
31327,220,3.0,1.5
31327,1379,3.0840402864632317,1.5
31327,4725,3.0,3.5
31327,4956,3.0,3.0
31338,589,3.857305065873711,2.0
31352,3671,3.6885872276322424,4.0
31354,1848,3.0,3.0
31362,1206,3.9425783963701737,4.0
31366,906,3.4999999999999996,4.0
31375,1702,4.5,3.5
31375,4248,3.0,4.0
31381,1277,3.0,3.5
31386,31,3.7431967206402392,4.0
31399,1028,4.293779218240028,5.0
31410,2000,3.732664001301912,2.5
31413,43,3.0,4.0
31418,1760,3.0,2.0
31425,3108,3.8452049054171487,3.0
31429,3104,4.000209701135103,5.0
31432,3354,4.0,4.0
31432,6947,3.9002495694329933,4.0
31433,5349,3.3615326471633513,3.5
31437,104,1.5,2.5
31438,158,3.4127133314818194,5.0
31440,3408,4.239247978142035,4.0
31441,1210,3.3663221543780906,3.0
31457,296,4.060406282488922,4.5
31468,457,3.57429027206948,4.0
31486,434,3.5648009534151814,3.0
31494,1682,3.712118050842281,4.0
31499,2424,4.054506492526037,4.0
31501,589,4.57613345774456,5.0
31502,1544,3.708385230297544,2.0
31522,39,4.274326961539865,3.0
31523,8949,3.1705830617831845,3.5
31529,7153,4.658503029810794,5.0
31534,160,2.7803534952327587,3.0
31538,104,4.132050058025233,4.0
31541,8665,3.9579979963164496,3.5
31566,1208,4.129724348101073,4.5
31567,287,3.0,3.0
31570,3467,3.0,3.5
31570,3897,3.9228446733486035,3.5
31579,362,3.449349723856347,3.0
31579,5478,3.0,3.0
31595,1441,5.0,4.0
31596,364,3.516462493179736,4.0
31596,2762,3.7572349378575525,3.5
31597,938,5.0,5.0
31608,296,3.948243261863821,4.5
31617,253,4.441841176746062,1.0
31624,4226,4.214682269498097,5.0
31637,353,3.9811459820794752,5.0
31641,2712,3.7087746810731677,3.5
31663,786,3.9895904415751073,3.0
31664,2565,4.0,4.0
31677,1201,3.8760092500025762,4.0
31689,1976,3.2279103261083115,3.0
31701,1954,4.307468442896182,5.0
31701,3868,4.198884205253123,4.0
31740,1956,4.381655861441677,5.0
31741,5049,3.5,4.0
31761,31,2.6340533717211385,3.5
31761,2294,2.0840016663757432,1.5
31767,1291,4.030789036187205,5.0
31777,3028,3.0,3.0
31784,500,3.6682566967226515,3.0
31793,2078,3.3585796879553294,3.0
31799,556,3.0,3.5
31807,2529,3.8320772691021054,4.0
31807,2617,3.5325099606275265,3.0
31808,259,3.0,3.0
31813,2918,3.755396578310344,4.0
31815,4310,3.6870513200639836,4.0
31820,7321,3.0,3.0
31829,410,3.6985680296933143,4.0
31832,5459,4.059214587338495,3.0
31837,1993,3.0,2.0
31847,2174,3.446307023372477,3.0
31847,2973,4.0,3.0
31849,1101,3.932740613644286,3.5
31849,30707,3.5553774444582857,5.0
31854,4519,3.5076404487772455,3.0
31854,27721,3.0,4.0
31860,5027,3.0,3.0
31863,1086,4.503447269712592,4.0
31871,196,3.7179219328238142,2.5
31895,55805,4.179243225476977,3.5
31910,4848,2.980559316452006,1.0
31923,266,3.6033251469560947,3.0
31925,1295,3.471750812909821,3.0
31925,1393,3.187597504015899,3.0
31933,5952,2.6826890205166443,0.5
31935,34,3.9535656237281884,4.0
31937,435,3.836282993391666,3.5
31941,56367,4.244588124684532,3.5
31981,2791,4.30970576355996,4.0
31982,1211,4.501464102698066,5.0
31987,3499,4.406812959496432,3.0
31988,2549,3.0,2.0
31988,3253,3.9387381817087026,5.0
32001,2279,1.7133682911142416,3.0
32001,6036,3.0,2.5
32011,2676,4.0,4.0
32012,7263,3.0,4.0
32021,6,3.9695794731441305,4.5
32029,3471,4.0548920029348015,5.0
32035,783,4.0,2.0
32035,1210,3.726658792682036,4.0
32036,2640,3.215704880627712,5.0
32046,4031,3.0,3.0
32068,260,4.302230578815734,3.0
32078,4011,4.341499589450817,3.5
32088,6016,3.6659622033299692,4.0
32097,1610,3.5071155581110074,3.0
32103,1372,4.683045157408184,3.0
32104,1292,3.7674538404780695,4.0
32111,3948,3.696784085120849,4.0
32112,2291,3.691409156666576,3.0
32112,4027,3.7309251648182786,5.0
32117,222,5.0,5.0
32125,2594,3.0,4.0
32152,293,3.330111326813499,3.0
32152,780,3.200462414003987,4.0
32158,4011,3.736840860635341,3.5
32161,541,4.01544210167531,5.0
32161,726,3.0,3.0
32161,802,3.2038486747298105,3.0
32172,252,3.259332321346795,3.0
32176,1682,3.8844950247838663,4.0
32189,780,3.2591417097640303,3.5
32194,1380,3.404259130322706,4.0
32204,953,3.499847029271496,5.0
32204,3551,3.7573375665883866,4.0
32221,48304,3.0439011967606415,3.0
32228,2517,3.0,4.0
32233,2993,3.0,5.0
32243,3254,3.7485028803893585,4.0
32245,780,3.657558881449004,4.0
32293,1198,4.022741811593496,5.0
32293,5120,3.0,4.5
32297,2410,4.0,4.0
32298,344,3.405377496336055,2.5
32301,597,3.8577533100779684,4.0
32304,362,3.0,4.0
32308,260,2.4197615849834744,4.0
32308,586,2.0120013346442036,3.0
32330,337,3.7366831812434667,2.0
32335,266,2.8817921448622963,3.0
32340,1445,3.0,3.0
32343,4941,3.0,3.0
32352,296,4.680969926934458,4.5
32362,2531,3.0,4.0
32363,246,3.4993635465461757,4.0
32370,828,3.0,4.0
32375,413,4.0,3.0
32380,1932,3.0,4.0
32384,1036,3.860161504774059,3.0
32384,3098,3.7693116022877486,3.0
32389,2105,3.4453347017493883,3.0
32391,736,3.772249060207267,3.0
32400,288,4.57406608818828,3.0
32401,6874,4.1078378351129095,4.0
32411,2202,3.0,3.0
32412,8369,3.0,4.0
32421,24,3.0,5.0
32427,593,3.390931760346988,4.0
32437,282,3.9638408737261797,5.0
32439,318,4.853126540656211,5.0
32444,858,4.092379727402132,5.0
32453,593,2.0555826565759747,0.5
32472,616,4.4951252462377616,2.0
32496,2329,3.7003629787372905,5.0
32501,3007,3.0,5.0
32501,4816,3.438390367758533,3.0
32502,216,1.9787303625365986,1.0
32506,1411,3.0,5.0
32534,344,3.9604307513860224,4.0
32537,1748,4.142096999855184,5.0
32545,6,3.243390106921193,3.0
32546,1527,3.190146827116589,2.5
32546,37386,2.184030643918357,1.5
32549,858,3.746492112980599,5.0
32549,3698,2.9033368145610186,1.0
32558,1019,4.604205735430509,4.0
32559,316,3.265422841011227,3.0
32560,1272,4.257295160245651,4.0
32577,3763,2.680515401584555,3.0
32578,858,4.3010180935755224,5.0
32587,7756,3.0,4.0
32604,1246,3.8937107106922015,5.0
32610,1270,3.8881183369533874,3.5
32619,1722,3.6634841376696516,3.0
32634,1080,3.6309797020793964,4.0
32660,104,3.2894142519592333,3.0
32660,590,3.5563095774122404,3.5
32671,608,4.146429390397433,3.0
32680,5421,3.0,4.0
32689,8665,3.1814481536171466,3.0
32715,518,3.0,3.0
32737,8368,3.8156515737214205,4.0
32748,48516,3.7629927100028917,4.0
32755,364,3.881880400951109,4.5
32764,3004,3.0,2.0
32766,1380,2.6022934648411438,2.5
32771,527,3.572727848524297,4.5
32774,2654,4.0,5.0
32786,588,3.5064594295941265,4.0
32791,63113,4.5,3.0
32797,1964,4.47820952321044,5.0
32806,2333,2.999562495625674,2.0
32814,3020,4.086392862478651,4.0
32826,225,2.291055527300639,1.0
32826,4144,3.0,4.0
32826,4925,2.6592969827445603,3.0
32826,8670,3.0,3.0
32838,595,2.772160703520925,3.0
32839,1619,3.0,4.0
32851,2001,3.694442911012579,4.0
32860,906,5.0,5.0
32866,2716,4.341359289849794,4.5
32903,3871,3.0,3.5
32904,21,3.644743812970888,4.0
32905,34,3.2069044531671462,3.5
32905,1394,3.5508732314850286,3.0
32910,5014,3.0,2.0
32913,520,3.654916060882872,3.0
32934,19,3.400060195917234,2.0
32934,2011,3.745465393795639,4.5
32938,1937,3.0,2.0
32977,1265,3.874159551573614,3.5
32977,3401,3.0,2.0
32977,8528,3.866376004208346,3.0
32985,1104,4.88140914315922,5.0
32987,39414,3.0,4.5
32997,8969,3.0,3.0
33006,1721,3.8384245957805763,5.0
33010,1466,3.612538751851977,4.0
33027,2502,4.243063176179925,5.0
33036,1387,3.6438892569930066,3.5
33038,736,3.77541707974384,4.0
33056,19,3.78615978560339,4.5
33056,6333,3.6277372402525967,3.0
33058,1953,4.574459498607629,5.0
33071,2763,4.420772812184481,4.0
33102,4973,4.119788901091897,5.0
33103,7361,4.084156039859164,4.0
33116,70,3.5259433251021703,1.0
33126,541,3.864935950627296,4.5
33136,169,3.0,2.0
33136,292,3.345664496238888,3.5
33136,6863,3.833118065793365,4.5
33217,1479,4.213334458754284,4.5
33217,3624,4.331031397023829,5.0
33217,7451,3.908351020235441,4.0
33220,1625,4.339973153546003,5.0
33224,2140,4.500264008575644,5.0
33242,3570,3.0,4.0
33242,4428,3.0,3.0
33246,1201,4.812103529170134,5.0
33265,50,4.209576368497776,4.5
33285,3108,4.338818420349791,4.0
33287,296,4.243566480077203,3.0
33291,322,3.0,4.0
33311,1357,5.0,5.0
33323,590,2.519591927403804,2.0
33349,736,3.475022711818187,2.0
33349,1415,3.0,3.0
33349,7487,3.0,3.5
33350,293,3.8414225878547623,4.0
33358,4037,3.0,4.0
33370,593,3.8853847543430833,5.0
33372,334,3.0,3.0
33374,527,4.0,5.0
33376,485,3.540308143898498,3.0
33384,3751,3.2080361801465678,4.0
33384,7569,3.392980921364407,3.5
33389,3783,3.0,4.0
33393,1356,3.687937384468503,4.0
33399,553,2.3399114819445392,3.5
33399,1049,1.1726070721922515,2.0
33406,1673,3.909972298186583,3.0
33407,292,3.9202587592819507,2.5
33426,357,3.589262893329214,3.0
33430,2762,4.15059465040486,4.5
33444,4865,3.1670198818464255,3.0
33447,135,3.3242338301303116,3.0
33458,2947,4.462574978124238,4.0
33459,2353,3.858830482472572,3.5
33465,6711,3.6288814892260284,5.0
33473,11,3.3200823356418323,4.0
33476,46,3.0,2.5
33477,4929,3.0,2.0
33477,5454,3.0,2.5
33486,48780,4.428517918456872,4.0
33491,1233,3.601338479473449,4.0
33497,2806,3.0,3.0
33498,3527,3.2841435913974677,4.5
33502,4327,3.0,4.0
33517,2369,3.906666956269328,3.5
33521,2396,4.034016194516359,4.0
33543,441,4.015842040344031,4.0
33549,2858,3.1754756351968996,4.5
33549,4975,2.8740835535378455,1.0
33551,1027,2.0,1.5
33551,1347,2.5104535723280645,2.5
33551,3825,2.3640336354438567,1.0
33551,27821,3.0,3.0
33557,4327,3.0,4.5
33564,731,3.0,2.0
33566,595,3.4098099391557093,2.0
33568,724,3.0,3.0
33570,1863,3.0,2.0
33576,1221,4.251834862574796,5.0
33576,3508,4.2740049124173325,4.0
33577,44204,3.0,4.5
33587,99,3.0,3.0
33590,457,3.939075887576905,5.0
33598,1211,3.0,3.0
33600,357,3.3093453675826034,4.0
33607,37733,3.1503523145120838,2.5
33620,3108,3.303509852113308,3.0
33646,1569,3.7092883642735957,2.0
33649,448,3.0,3.0
33669,296,4.323758184167451,5.0
33690,3624,3.4586340769329826,4.0
33690,4974,4.0,5.0
33698,2724,3.0,2.0
33720,2393,4.266944017658208,4.5
33766,2774,3.0,3.0
33766,4029,5.0,3.0
33774,785,4.0,2.0
33780,3752,3.5544043393337947,3.5
33783,2722,2.9468875120618128,4.0
33796,1204,5.0,3.0
33796,3882,3.691123015737423,3.0
33798,5903,3.6930383476779762,4.0
33805,508,3.611880495953938,3.5
33805,1288,3.785697463391487,4.0
33831,1673,2.8690172293361504,3.0
33837,951,4.072524484480523,4.0
33842,6170,3.0,3.5
33857,1078,4.614750083882758,4.5
33857,4878,3.7716964286464014,4.5
33857,5612,3.0,1.0
33859,1256,4.368296370445797,4.0
33874,7649,3.0,3.5
33880,6558,3.0,2.0
33880,7228,3.0,3.0
33893,25,3.4596470392053833,5.0
33894,1196,3.8189050352691845,3.5
33896,329,3.4222785897821186,4.0
33903,2836,3.0,4.0
33922,595,3.3491647453571396,4.0
33925,1291,4.238317680177335,4.0
33928,1671,3.0,4.0
33931,3785,3.075067162412111,4.0
33935,553,3.2133875289725315,3.0
33942,1396,3.6975894837665875,3.0
33943,111,4.27673697347771,5.0
33957,215,3.0,2.5
33957,1217,4.0,4.0
33979,435,3.046140336775542,2.0
33980,929,3.7732391049714207,4.0
33980,2094,3.4953264672968043,2.0
33988,2301,3.0,4.0
34004,3210,3.612684211337615,4.0
34011,3623,3.3672643279543166,2.0
34043,1235,4.004650107821824,4.0
34043,3897,3.171597662743858,3.5
34052,1061,4.0,3.0
34062,1882,3.2879197662856203,1.0
34069,349,3.4559486134118176,3.0
34075,902,3.784767575023696,4.0
34082,3510,3.5,4.5
34087,1,3.690787588336778,5.0
34096,778,3.819684331890239,4.0
34112,318,4.231256924430132,4.5
34139,333,3.080178228255514,3.0
34140,366,4.0,4.0
34140,3105,4.206598409823022,4.0
34156,6754,3.7403614286003055,3.5
34157,7983,3.0,4.0
34164,141,4.3935934769577685,5.0
34189,8784,4.530694672017076,4.5
34197,6517,3.0,1.5
34197,7618,3.0,2.5
34204,329,3.7218650463769323,3.0
34207,5666,3.0,3.0
34226,924,3.4798952402686916,4.0
34226,3949,3.5579830226237137,3.0
34226,7254,2.8993537206888917,1.0
34227,272,3.0,3.0
34240,376,3.5877858216381995,3.0
34242,2456,3.0,3.0
34244,2174,3.394358366739571,4.0
34252,300,3.303412617622647,4.0
34266,3108,3.4164915923879895,3.0
34276,2716,2.979296089980044,4.0
34285,267,3.0,3.0
34287,3511,3.0,3.0
34289,5092,3.0,4.0
34314,541,3.401926151147643,4.0
34314,3238,3.0,1.0
34320,135,2.1973139470206853,3.0
34324,2671,2.837506888259288,3.0
34329,6367,2.8318348799353945,3.5
34341,1252,4.521793837307282,4.0
34345,8254,3.0,3.5
34348,5956,3.6747930321063134,3.0
34350,53322,3.7444383128679357,4.0
34361,6898,3.0,2.5
34381,3088,3.0,2.0
34382,586,4.462058393828173,2.0
34393,1215,3.6976186704478993,5.0
34393,2019,4.367079948056396,5.0
34419,1199,4.5,4.5
34420,1213,4.210173600741112,4.0
34438,434,3.671910908704003,2.0
34438,588,3.726350443702539,5.0
34442,457,4.346822310087062,4.5
34470,2366,3.7894445386259106,2.0
34481,3156,3.0,3.0
34495,4734,3.6309144999626604,3.0
34499,353,3.8616671740000204,3.0
34506,2138,3.0,3.0
34513,2186,4.121413367541758,3.0
34526,1094,4.657218109893831,5.0
34531,527,4.729903099753994,5.0
34532,1487,3.0,4.0
34551,2135,3.0,4.0
34568,5673,4.620956233080457,4.0
34570,34,3.0148642500451177,4.0
34575,249,3.0,3.0
34580,432,3.0784067548126575,3.0
34582,587,4.253714563248835,4.0
34583,74,3.0,3.0
34598,7143,4.18543958723055,4.5
34615,2137,3.0,3.0
34630,2959,4.046344574353384,4.5
34636,410,3.1079610043631067,4.0
34671,778,3.650632985827358,3.0
34680,733,3.357476294008724,2.5
34683,954,4.507573009508338,5.0
34687,1129,3.4474920264222746,3.0
34696,193,3.0,1.0
34696,1136,3.9189845382979587,3.0
34698,2622,3.0,3.0
34703,2770,4.226189562652299,4.0
34718,329,2.7400584196506714,2.0
34718,1438,1.2995265666127198,1.5
34718,5377,3.163203903032056,2.5
34735,208,3.8668682576050193,4.0
34738,1084,3.713268044459358,5.0
34742,485,3.5004699388733944,4.0
34759,44,2.8423456962464186,1.0
34769,1747,4.073744570333461,5.0
34769,2034,4.022391294604646,2.0
34769,2613,3.0,3.0
34777,8798,3.5613508407890344,4.5
34782,2826,3.0,1.0
34788,6287,3.0263393171174746,4.0
34796,4865,4.172337541807041,4.0
34848,587,3.557823122761687,3.0
34851,899,4.5417692704874355,3.0
34854,7153,3.8714548251113357,5.0
34862,2046,3.8232060926215157,3.5
34865,244,3.0,3.0
34868,260,4.0,4.0
34873,4022,4.290679870621087,3.0
34877,1270,3.409865572419654,1.0
34880,50,4.058228120297942,3.0
34881,1515,3.5,3.5
34881,32298,3.0,4.0
34892,21,4.155407522079129,5.0
34892,380,4.098142231839005,4.0
34894,596,4.014514244476753,3.0
34901,349,3.5212536353655093,4.0
34909,2284,3.0,2.5
34910,1449,4.314896526982862,5.0
34915,296,3.437136305692461,5.0
34918,4378,3.0,4.0
34920,1911,3.0,2.0
34923,1097,3.6724885516337076,4.0
34926,3946,3.0,2.0
34931,1,2.8699274459592363,3.0
34947,5989,3.7752917160240536,4.5
34961,3735,4.5,4.0
34964,1265,3.090512509290964,2.0
34971,3752,2.7338048540441067,2.0
34971,4989,3.0,1.0
34978,2706,3.5514911494141095,3.0
34990,31,2.508682922512742,1.0
35007,1639,4.103439642304356,2.5
35012,1956,3.0,5.0
35015,2001,3.119088566520771,2.5
35015,2427,3.197146871869149,1.0
35028,235,2.9275063176444256,4.0
35046,2232,3.8958924315738273,3.5
35068,1748,4.155691137152573,4.0
35072,5878,3.339463388898225,5.0
35073,2109,3.619877202669443,3.0
35076,1304,4.067061478197581,4.0
35077,1644,1.873392644096421,1.5
35077,6619,3.0,2.5
35105,1690,4.198528641123784,5.0
35105,2688,3.455489884302726,4.0
35113,1687,3.249126899797588,4.0
35113,2248,4.0353511842843135,3.0
35113,2861,3.0,4.0
35117,497,4.6693106481004305,5.0
35117,1950,5.000000000000002,5.0
35121,24,3.0,2.5
35127,288,3.6418892517232817,3.0
35142,4975,4.586026217687536,4.0
35166,172,3.027186740078,2.0
35166,380,3.869760816848296,3.0
35168,5218,3.117632768623662,3.0
35169,1483,3.0,3.0
35171,442,3.5476159533745624,3.0
35173,2764,3.0,3.5
35173,8977,3.7491657465103563,2.0
35178,2002,3.3028334026678587,3.0
35187,965,4.186272817739214,3.0
35190,1061,3.025452245208739,4.0
35196,2002,3.8414907247318544,4.0
35199,899,4.4712000148762,4.5
35214,1171,5.0,4.0
35215,2789,3.0,2.0
35219,1320,2.9816810259448223,2.0
35223,2889,3.0,1.0
35223,50872,3.984939180523121,5.0
35228,788,3.855107973179722,4.0
35228,5418,4.591759578208126,4.5
35238,2076,4.143183108695688,3.5
35246,6218,3.851816488745819,3.5
35254,318,2.944503300938276,3.0
35272,1197,3.861455422878494,4.5
35274,4270,4.068011388061955,4.0
35284,51662,3.3685358462758703,4.0
35303,1370,3.104605493165622,2.0
35305,3554,3.0,1.0
35312,2067,3.3596705718319195,4.0
35319,3147,3.6847242230979123,3.5
35321,2138,3.0,4.0
35330,237,3.3478360895243933,4.0
35340,44191,3.6496911184823118,3.5
35348,1207,4.069270559817493,4.5
35356,223,2.8856974676008194,2.0
35356,357,2.86989302498709,2.0
35368,5418,3.705222919781382,3.0
35373,2762,3.458151024595643,3.5
35375,249,3.0,4.0
35376,3617,2.7199580620203307,3.0
35392,3421,3.666181157883847,3.5
35394,2057,3.0,4.0
35396,6564,3.3965773968886332,3.0
35396,8644,3.8248003895268368,4.5
35403,1004,3.0,3.5
35405,2353,3.4705632277063123,4.0
35408,1258,3.037883935409455,3.5
35411,2289,3.5499859956168347,4.0
35425,435,2.6468720706580164,3.0
35440,1302,3.967895301153411,1.0
35442,2716,2.8950815329747748,2.0
35442,2924,4.0,4.0
35442,4994,3.0,1.0
35448,34,3.8950083593547387,4.0
35451,1081,3.0,1.0
35460,2327,3.0,4.0
35461,6155,2.7978966479883236,3.0
35461,27846,3.0,4.0
35466,3196,4.319082478833597,4.0
35476,2677,3.0,2.0
35518,34338,3.0,4.0
35532,8972,3.8785820156204966,4.0
35537,3479,3.4511363901118584,4.0
35538,786,3.0271230751810316,2.0
35544,165,4.159434806219635,4.0
35548,185,3.934824461055129,4.0
35569,337,4.655329390363055,4.0
35576,555,3.0,4.0
35624,31,4.004920681598511,3.0
35627,586,2.899193242703957,3.0
35634,4011,3.5646358690173403,5.0
35640,541,3.4373973533280724,4.0
35642,353,3.870854965754663,5.0
35645,1240,3.3777824149182147,5.0
35645,1346,4.627019229316954,4.0
35645,2794,3.0,3.0
35646,2108,3.8124214002243915,5.0
35646,3072,3.9410467792134276,5.0
35647,2005,3.991024308287248,4.0
35671,4226,3.334350144792136,5.0
35678,1101,3.47990693819845,3.0
35680,590,3.681817711043407,5.0
35685,337,3.0,3.0
35696,2985,3.883667673509752,3.0
35696,3000,4.661341806529079,4.0
35702,104,4.16142047675682,3.0
35714,8907,3.0,2.5
35757,253,4.02545832294019,4.0
35761,3301,3.103982550746691,2.0
35764,2706,3.9758775337311607,3.5
35774,630,2.0,2.0
35776,186,3.938294693430283,3.0
35776,362,3.695965231659481,5.0
35779,4642,3.0,4.5
35794,159,3.0,3.0
35810,1923,3.9175628699385685,3.5
35816,4345,3.0,3.0
35826,1073,4.157383883358956,5.0
35826,2700,4.157177199273619,1.0
35828,544,2.0,3.0
35828,4767,3.0,2.5
35831,2702,3.0,3.0
35835,968,3.282638898015225,3.0
35835,1917,3.6341232499298464,3.0
35846,2918,3.5700510187788415,4.0
35846,4306,3.1147485434677944,3.5
35849,1237,4.6653882531876905,5.0
35861,349,3.585611317108433,4.0
35883,5008,3.0,4.0
35888,3300,3.419329360563408,1.0
35899,5477,3.0,4.0
35904,252,3.1676826449643523,3.0
35905,1218,5.0,5.0
35911,292,4.0,4.0
35929,800,3.4861777320967944,4.0
35929,3552,2.5830824593142214,2.0
35930,1517,4.02167569028896,4.0
35936,441,3.0,4.0
35937,1387,4.328174312619487,5.0
35950,1243,3.0,4.0
35956,2529,3.704025281169025,3.0
35960,539,3.8973249645894095,4.0
35960,1499,2.336241921520495,2.0
35960,2522,3.0,1.0
35977,36,3.1597681205347183,3.0
35979,163,3.0002534235453613,3.0
35985,2028,3.796954920908538,5.0
36011,3408,3.171390085179102,3.0
36020,265,4.615172500450557,4.0
36032,778,4.493741255883028,5.0
36034,4102,3.0,5.0
36052,282,3.586454819775208,4.0
36067,1584,4.670732055392234,5.0
36071,5418,3.713702763534842,4.5
36074,1614,3.0,4.0
36080,160,2.240787805475367,1.0
36080,350,2.364970973012859,1.0
36080,2273,2.5894377180926194,3.0
36083,20,3.2394924116489094,3.0
36097,3984,4.1000572333001255,3.0
36106,19,3.0008915988200373,3.0
36119,2398,4.699408113331955,3.0
36127,1097,4.740739819964977,1.5
36127,7458,4.709258171777948,4.0
36148,2987,4.310654307994981,5.0
36162,1707,3.0,3.0
36168,2628,3.0530200682376116,1.0
36169,2657,3.500000000000001,3.0
36176,2410,3.1542585626928337,4.5
36205,2109,2.813663816366742,4.5
36207,8948,3.0,2.5
36207,30848,3.0,4.0
36208,724,3.0,4.0
36208,5459,3.735831152716391,4.0
36217,7143,4.132065603112413,4.0
36227,7360,4.314857733051969,3.5
36231,164,5.0,5.0
36231,1248,4.711623625068143,5.0
36268,6780,3.0,3.0
36272,141,3.2351424478549853,3.0
36285,832,3.273355993313013,2.5
36304,34,4.764668824448252,1.0
36323,2948,3.85093340477622,5.0
36334,1831,3.8438944041439806,3.5
36349,95,3.4281384656755907,2.0
36367,6884,3.0,4.5
36367,6944,3.0,3.0
36372,344,4.187559882900665,4.0
36382,4498,3.0,2.0
36387,367,3.2813301410742315,3.0
36418,47,3.841942109452779,3.0
36438,2249,3.0,1.0
36490,707,3.0,1.0
36492,2826,3.031500732106055,3.0
36493,6539,3.8053684527937723,4.5
36493,27801,3.0,3.5
36495,5991,3.9476583125400926,5.0
36496,4339,3.0,3.0
36512,589,3.621752715337661,5.0
36518,1245,4.524121260782064,4.0
36533,2398,4.5,3.0
36541,5810,1.9980551529492605,3.0
36549,380,3.5852693533890254,4.0
36566,520,3.4941410832908266,5.0
36574,246,4.0,4.0
36584,4036,3.0,1.0
36586,5254,3.776180118186257,4.0
36599,1211,3.5,5.0
36605,21,4.0656243896584074,3.0
36608,953,3.569718891735805,3.0
36611,1265,4.104367721293798,5.0
36615,6,3.054291851394903,3.0
36619,55729,3.0,3.0
36623,1230,4.559305921669507,4.5
36635,32,3.331154383882018,3.0
36645,260,4.2772988219585715,5.0
36646,2054,4.080611432158335,3.0
36646,2888,3.0,4.0
36646,2979,3.0,3.0
36647,1200,3.412538827905963,3.0
36647,5502,3.19976077186216,2.5
36657,256,4.342115538315425,4.0
36659,54997,4.2825921047213145,4.0
36662,424,3.0,3.0
36663,2085,3.0,2.5
36665,1172,4.618499736742641,3.0
36665,1175,4.410843211432081,4.0
36665,1365,3.0,4.0
36674,1242,3.885084936558332,3.5
36674,6874,3.7165898208268198,3.0
36680,509,3.4983081882170803,4.0
36680,563,3.0,3.0
36690,34,3.7595891395198087,5.0
36693,589,3.9984177009887496,5.0
36696,34,3.592937920843866,5.0
36699,8961,3.9085594666326067,3.5
36703,2046,3.5698154981369785,3.0
36706,870,3.0,2.0
36706,1438,2.4003465568900753,1.0
36708,3173,3.0,3.0
36709,648,4.23360773366573,4.5
36735,6953,4.243620840679995,4.0
36740,168,2.8355098656509266,3.0
36740,5872,3.2215589732067396,3.0
36743,3360,3.0,4.5
36754,1869,3.0,0.5
36771,2262,3.4779202454093965,3.0
36771,2423,3.858964580470743,5.0
36773,2973,4.222421552507075,4.0
36774,541,3.3755216820884213,3.5
36774,2959,3.3234240173011593,4.0
36801,719,3.423828706923845,3.0
36811,1291,4.1443566127661935,5.0
36812,2060,3.0,4.0
36812,2194,3.7527526633019144,3.5
36812,3524,4.119376982393171,4.0
36812,5337,3.0,4.0
36821,3033,4.150212054574332,4.0
36826,4344,3.604422908702719,5.0
36827,2273,3.379458117123429,2.0
36830,23,3.6539784982761088,5.0
36832,1391,4.040756155430987,3.0
36840,204,3.3904356501214963,5.0
36847,132,3.0,3.0
36864,186,4.256619681606474,3.5
36868,802,3.0343472410491676,3.0
36868,1840,3.0,4.0
36873,2616,3.3113000467043916,3.5
36873,3386,4.29977761053764,3.5
36873,3671,4.162620224448922,4.0
36876,497,4.393769265778181,5.0
36889,1784,3.8429597916269658,5.0
36902,10,3.7605906505472833,4.0
36907,6936,3.176055282377303,3.0
36923,5254,3.624661406588888,4.0
36927,22,3.740660527589514,4.0
36939,1914,3.0,4.0
36947,1,4.106790661449106,4.0
36957,4285,3.0,2.0
36966,2991,2.51874857871939,1.5
36968,48,3.573253651799982,2.5
36968,2144,3.7802579016456255,4.0
36993,3114,3.300351611750664,2.0
36999,1210,3.964225359328557,5.0
36999,1777,3.684086070984294,3.0
37015,6016,2.8851032255188707,3.0
37024,1485,3.729212199221504,4.0
37035,1183,3.882390382580312,3.0
37037,913,4.05209658924157,3.5
37043,8937,3.0,2.0
37053,4848,3.2360395114674985,4.0
37055,1097,3.538652214540483,2.5
37055,1597,2.897346637345182,2.0
37055,5507,2.8280596807959935,1.0
37058,1104,4.363892472184157,5.0
37059,3534,4.0,3.0
37068,783,3.015910750219548,4.0
37074,1954,3.548304065933484,4.0
37075,34,3.728580167772661,5.0
37077,2053,2.5,2.0
37087,1301,4.591698117648077,5.0
37087,2901,3.0,4.0
37088,4447,3.1220443569523075,3.0
37089,273,4.0,3.0
37095,356,3.9507918869470364,5.0
37124,316,3.421867651277749,3.5
37140,25,3.278683959520273,4.0
37142,3676,3.0,4.0
37143,344,4.384595128733422,4.5
37147,2997,3.6595892817205025,3.5
37155,3030,3.0,3.0
37175,1810,3.0,4.0
37181,1982,4.237658210284562,5.0
37185,173,3.9671120764388106,4.0
37188,50,3.725133523804493,5.0
37214,595,3.6780313836942335,3.0
37216,2024,3.0,3.5
37236,1196,4.286170970769474,4.0
37237,1503,3.0,4.5
37237,2236,3.0,4.0
37245,7153,3.9005499869868814,3.0
37247,1208,3.6584974924990328,4.0
37254,6620,3.483360392263797,3.5
37256,1396,3.8026256165338332,3.0
37264,1370,3.650199513753877,5.0
37275,786,4.328956451468427,5.0
37278,3793,4.163608195366488,4.0
37294,3147,3.8777486150015115,4.5
37318,95,3.445850770988459,2.0
37329,3675,3.0,3.0
37330,2125,3.0,3.0
37332,48,3.0,3.0
37333,110,3.8184792855822423,5.0
37341,780,3.218371317681206,3.0
37348,4736,3.0,1.0
37352,586,4.130109707052724,3.0
37362,593,3.79481208706057,3.0
37364,3702,3.592174180691676,3.0
37365,1079,3.9718216393207872,4.0
37366,282,3.522002705850348,2.0
37368,1264,3.0,4.0
37369,7158,3.0,4.5
37394,5952,4.28522332219316,4.5
37411,913,4.5089822616921555,4.5
37412,477,3.0,2.0
37412,1327,2.894345768252766,4.0
37412,2421,2.917068532252099,2.0
37412,3471,4.0486783508516435,5.0
37419,225,3.2459954895929086,3.0
37423,587,3.865697660608519,4.0
37430,10,3.865701014705994,4.0
37430,1198,4.306298885436083,5.0
37441,316,3.6501976268567753,4.0
37450,2025,3.0,5.0
37450,3102,5.0,5.0
37453,61262,3.0,4.5
37459,5218,4.059065269430828,3.5
37461,47,4.108024778461497,5.0
37463,8641,3.0,2.5
37472,590,3.5907431683551483,3.0
37493,1835,3.0,3.0
37497,4306,4.035661002070618,3.0
37517,7454,2.7777097487935754,2.0
37525,1291,3.903481091913617,5.0
37527,151,3.745526247625544,3.0
37530,1387,3.769713204704994,3.0
37538,281,3.0,4.0
37587,593,3.348655154167427,4.0
37602,539,4.275290624522056,3.0
37628,4291,3.0,3.0
37629,368,3.853167270376743,4.0
37631,3789,3.0,5.0
37640,344,3.0231314407862673,1.0
37643,1488,3.0,4.0
37648,54286,3.8242195567300006,4.5
37672,2580,3.9493510154647145,3.0
37677,1977,2.2089122245241777,1.0
37677,2997,3.708033110513646,4.0
37680,3124,3.0,5.0
37687,2664,4.699443668982236,5.0
37688,3814,4.5267669982704595,5.0
37689,1259,4.004233015580077,4.5
37689,1923,3.820934774663224,4.5
37689,2701,3.1339384221220357,0.5
37692,1206,4.196303466232666,3.0
37704,590,4.069872558814486,4.0
37712,3157,3.0,3.0
37713,1399,3.0,3.5
37722,1061,3.673525357126168,3.0
37739,31878,3.0,3.5
37741,2470,3.7812460468727553,1.5
37750,1251,3.0,5.0
37760,1704,3.841100334366545,5.0
37767,1264,5.0,4.0
37769,2502,4.131043851461763,4.0
37772,1456,3.0,1.0
37782,6373,3.4847498864062523,2.5
37793,435,3.9963373808755236,3.0
37801,477,3.0,4.0
37803,1185,4.273213573626647,4.0
37803,1358,4.112646679208324,4.0
37819,2858,4.137792527027807,4.0
37819,27808,3.0,3.5
37827,299,3.0,5.0
37832,36,4.557390132486318,5.0
37837,372,4.0,4.0
37856,825,3.0,4.0
37856,6333,3.9144703756660575,3.0
37857,37727,3.0,2.0
37859,2054,3.574233947942815,2.0
37874,4677,3.581333247705671,4.0
37875,2081,3.9741553478784204,3.0
37903,3247,2.6388151848796446,3.0
37929,2919,4.310751175847161,3.5
37934,898,4.1313776770119315,4.0
37937,2352,2.6651485119387246,3.5
37939,288,3.258900366472175,4.0
37947,1097,4.205389124567858,3.0
37975,4767,3.0,2.0
37976,593,3.7305040007391472,3.0
37979,940,3.0,3.0
38011,1921,4.487411937494745,5.0
38011,3802,3.0,1.0
38011,4734,4.0363825190577645,3.0
38036,1395,4.0,3.0
38037,527,3.7038017639237384,5.0
38047,2324,4.05270170355561,4.5
38048,292,4.567956780556424,5.0
38057,480,3.9000566376530106,3.0
38061,454,4.300911688002554,4.0
38068,2360,3.0,5.0
38073,1244,4.6603498592906725,4.0
38089,2424,4.267027342052985,3.0
38092,6,4.487909539085653,4.0
38093,2553,3.0,4.0
38093,6863,4.0328911606289095,4.0
38095,3034,3.2176584986783974,4.0
38101,5617,4.1765593406138475,3.5
38104,153,3.194952972893234,3.0
38104,534,3.0,3.0
38110,2888,4.0,4.0
38129,1580,3.133829275784026,1.0
38130,551,3.645911755189951,4.0
38137,4027,3.6135662943175557,3.0
38139,3175,3.443337077350129,3.0
38154,1377,3.611501827313001,4.0
38154,4531,3.0,3.0
38171,6021,3.0,3.0
38172,208,3.4938369753447907,4.0
38174,2109,3.7078599932491283,2.0
38174,2384,3.0,2.0
38179,194,4.0,4.0
38188,231,4.227185432397554,3.0
38188,586,4.2120890563192,5.0
38190,1240,3.8199607452520374,4.0
38194,783,4.196966427391055,4.0
38208,5679,3.4639639269848828,4.0
38214,32,3.2648337612781444,5.0
38225,1927,3.0,3.0
38230,34336,3.0,2.5
38246,474,4.131186981398951,5.0
38246,1356,4.457455564638554,5.0
38268,2539,5.0,3.5
38273,786,3.0941584314768917,3.0
38281,339,3.1762516521304613,3.0
38301,194,4.346581510279922,4.0
38306,492,4.999999999999999,4.0
38306,908,4.059655804537228,5.0
38306,1208,3.8555357970501443,4.0
38340,748,2.4939284270994575,1.5
38340,1267,3.913548898226671,3.0
38340,2005,3.3183055276361895,4.0
38340,5013,3.2340662267710303,3.0
38347,4848,3.348896481261551,2.0
38348,4022,4.030078321059497,4.0
38371,2815,3.0,4.0
38373,2571,4.00105711939883,5.0
38388,1762,3.0,2.0
38388,3251,3.0,2.0
38389,480,3.544242362004497,3.0
38398,3114,4.076982781174475,4.0
38409,2302,3.8783532632736173,3.0
38410,6665,3.0,2.5
38413,357,3.79912078864078,4.0
38413,1359,3.0,3.0
38413,3173,3.0,3.0
38413,3697,4.113321325625473,4.0
38413,6534,4.241907587505949,3.5
38414,589,4.19087186767019,4.0
38420,10,4.236210158888618,5.0
38435,4995,3.6082259050089,3.5
38437,2707,1.2652966577177631,2.0
38437,3006,3.0232527343004856,3.0
38437,4686,3.0,0.5
38437,44195,3.3164866529941257,3.0
38453,4321,3.3834550391585494,2.0
38472,11,3.573594467504197,4.0
38473,2081,3.5790621077126064,3.5
38477,2918,4.533197725520514,5.0
38478,29,4.51931604384591,3.0
38482,364,3.7045828934504126,3.0
38511,1282,2.806408481724676,4.0
38517,168,3.2657867261918363,3.0
38517,1500,3.2815603988491833,3.0
38527,2167,3.438228206068341,2.5
38527,5828,3.0,0.5
38534,2013,5.0,5.0
38544,62,3.9881290353469003,4.0
38569,3178,3.0,4.0
38575,802,3.4996268863259927,3.0
38576,420,3.5864514313500044,4.0
38577,1127,3.6486618840012675,4.0
38578,1997,3.841527390323432,1.0
38578,2065,3.9581499731106873,4.0
38611,2944,3.8844592068029775,3.5
38616,7228,3.0,3.5
38618,986,3.0,4.0
38638,653,3.804614741075991,2.0
38646,342,3.2901031930947533,3.5
38652,58559,3.0,5.0
38657,348,3.9054926341180516,4.0
38657,1701,3.4904939874332888,4.0
38662,3755,3.073026515408679,1.5
38667,3113,1.5119093317848147,1.0
38671,597,3.588907709705313,2.5
38672,216,4.015949802897085,4.0
38684,362,3.373802925037579,4.0
38685,25,3.8784307312967643,3.0
38690,454,3.470423442047608,3.5
38699,2045,3.0,3.0
38700,5574,3.5028154204930275,3.0
38731,161,3.9069276953930157,5.0
38738,7177,3.0,4.5
38739,2692,4.077915550793228,4.5
38740,5349,3.222644798359169,3.5
38740,30707,3.342805866402601,4.0
38745,42723,2.956248146389129,2.0
38752,3396,2.4700588040439375,3.0
38765,48560,3.0,4.0
38766,293,3.8306823470332136,4.5
38776,2826,3.99077621122475,3.0
38779,903,4.431514997471015,4.0
38795,912,3.54297787351035,3.5
38799,110,3.6751478963948734,4.0
38809,494,3.3880455307152104,3.0
38835,555,3.7497354914743606,4.0
38838,5378,3.822634639670428,3.0
38843,3271,3.0,4.0
38853,1047,3.0,4.0
38853,2517,3.0,5.0
38862,858,4.038361741241981,5.0
38862,1252,4.24591798332226,5.0
38870,153,3.8882689007069016,3.0
38870,2382,2.732925539650145,2.5
38875,3677,3.0,4.0
38884,1373,4.041083967655573,3.5
38908,377,3.2729043731868095,3.0
38928,3508,4.18191990227606,5.0
38928,4508,3.0,3.5
38928,6564,3.813828090759492,3.5
38928,7387,4.628656815020319,5.0
38939,353,3.1823435456416016,1.0
38943,780,3.352390735190729,4.0
38959,1204,4.590505516045066,5.0
38959,1569,4.29308399469337,4.0
38961,1129,4.0,4.0
38964,4446,2.580635161311894,1.0
38968,2371,3.8173701715832524,4.0
38979,586,3.1924051819985935,2.0
38986,881,3.0,3.0
39006,4643,3.47570176582662,1.5
39012,1393,3.911911407328823,5.0
39033,3967,3.607645841473127,4.5
39039,1028,4.287029123865855,4.0
39063,1250,3.865374562839671,3.0
39067,74,3.0,5.0
39095,50,3.9474819175931937,5.0
39166,2232,2.6217235079852537,4.0
39166,3294,2.401445118801544,4.5
39170,802,3.4626336777079945,3.0
39172,4306,4.405026767105322,4.5
39184,55820,2.935016367695035,4.5
39186,1732,3.964624621866365,5.0
39191,1909,3.8970845284395805,3.0
39195,290,3.0,4.0
39214,2872,4.506244558597315,5.0
39214,26101,3.0,4.0
39223,1372,3.358273797163928,3.0
39227,2394,2.0,1.0
39232,592,3.57433582616084,4.0
39235,1484,3.0,5.0
39258,1405,5.0,4.0
39268,3468,4.299794200979182,4.0
39272,832,3.9521520223882827,4.5
39272,62434,3.0,4.5
39277,1617,4.11138886784186,4.0
39282,592,2.903900467308424,3.5
39282,2594,3.0,4.0
39286,4040,3.0,3.0
39290,1272,3.881348261161069,4.0
39293,1784,3.7577851728022473,4.0
39294,6223,3.0,2.0
39294,6378,2.7781706722451576,4.0
39294,46970,2.335808135486215,2.5
39301,1371,3.4510654442497066,2.5
39322,1711,3.0,4.0
39330,52,3.687254866948246,4.0
39336,253,3.336157015049359,4.0
39339,95,2.677356930399391,1.0
39346,1732,4.280458576710105,5.0
39357,3360,4.165341529833553,4.0
39358,4886,4.5875189379279355,5.0
39359,2036,3.5,4.0
39359,4563,3.0,3.5
39359,5655,3.0,2.0
39408,2973,5.0,5.0
39415,51662,4.758529253667086,5.0
39416,2355,3.975859570931979,5.0
39432,204,4.414992189835137,4.0
39439,280,3.9717479126002573,4.0
39441,1445,3.0,3.0
39443,1208,3.470063725255327,1.5
39448,318,3.3283564395056193,5.0
39448,782,3.0,1.0
39448,2974,3.0,1.0
39457,599,4.0,4.0
39462,7325,4.4334815836099155,5.0
39488,1961,3.4372823265157764,4.0
39495,2890,3.7104006118306256,4.0
39502,543,3.598392276094953,5.0
39505,1949,3.0,3.5
39505,2762,3.4333043383304123,3.5
39505,3037,3.145375823676052,3.5
39510,2985,3.7354548907278073,3.0
39512,2060,3.0,5.0
39527,954,3.719114653309842,4.0
39533,3479,2.9999999999999996,3.0
39545,466,4.290218900011591,3.0
39584,1388,4.556121931223327,3.0
39585,2528,3.413557539648473,3.0
39593,1597,4.341842630204873,4.0
39593,2321,4.184244912725829,5.0
39608,3869,3.634319182890641,4.0
39617,858,3.9868176879847104,5.0
39619,1372,2.988379990049104,3.0
39619,2427,3.9842765227631705,3.0
39620,3997,3.0,2.5
39621,5995,3.6465202947060207,3.5
39627,356,2.952704555015866,3.5
39628,673,3.0,3.5
39631,46,3.0,3.0
39637,1690,3.0,0.5
39638,2028,4.1264526979347,4.0
39641,1343,3.914845593902694,3.0
39652,2881,3.5039667248891138,3.0
39658,36,3.6907497604924004,5.0
39667,4993,4.602992829787249,4.0
39679,3513,3.0,4.0
39689,175,3.0,5.0
39705,835,3.0,3.0
39726,1690,3.0,3.0
39750,165,3.126603547068202,3.0
39753,627,3.0,3.0
39755,2,3.1533527199598685,3.0
39785,260,4.175098056739606,5.0
39797,3793,3.5785665229555828,3.0
39798,2,3.4342320872885774,3.5
39804,3489,3.131839897358977,1.5
39813,708,3.4832416560228348,4.0
39816,961,3.0,2.5
39827,3168,4.661650668632252,4.0
39830,1092,3.0229363886156455,3.5
39836,2770,4.2849700507271775,5.0
39861,3246,3.0,2.5
39864,317,3.668838445323238,4.0
39872,1641,3.9084711031162165,2.5
39874,1810,3.0,4.0
39875,344,3.5982019484562304,3.0
39876,4306,3.8176230026909725,4.5
39879,253,4.0543144824555215,4.0
39880,300,3.351994976277959,3.0
39887,16,3.752117892749295,4.0
39887,714,3.0,2.0
39887,766,3.0,4.0
39889,3421,4.128666535924925,4.0
39893,50,3.1698772561955053,2.0
39896,232,3.0,3.0
39896,2605,2.002671542176517,1.0
39900,1050,3.0,3.5
39900,5890,3.0,3.5
39912,293,3.1243148097699223,4.0
39912,1721,3.1187251079850604,1.0
39927,500,3.670277300707725,3.0
39929,1882,2.534510323363305,1.0
39930,593,4.206730558894548,4.5
39935,2989,4.500000000000001,4.5
39955,1291,3.3175572341975488,3.0
39959,1344,4.0,4.0
39964,5843,3.0,4.0
39965,1246,4.025370176750053,4.5
39977,480,3.3048939565170827,3.0
39979,10,4.160548066208436,3.0
39985,1732,3.699049463841568,5.0
40003,5463,2.496808621176972,3.0
40006,2986,2.964966976671066,2.0
40018,708,3.6504561983091923,3.0
40024,277,3.0,3.0
40034,948,3.0,4.0
40041,4310,3.699077004179308,4.0
40042,1094,4.0,4.0
40046,2318,3.0,4.0
40047,2961,3.0,3.0
40060,475,4.489302011830027,4.0
40066,2571,2.9835247718211524,5.0
40078,1347,3.471863402773055,4.0
40085,2571,3.5700784677531785,5.0
40086,3082,3.9083274038509828,4.0
40094,524,3.0,4.0
40101,49286,3.0,4.5
40108,969,4.652521879801447,5.0
40136,2344,3.0,5.0
40137,1682,4.121002165740111,4.0
40137,6954,3.0,4.5
40146,299,3.0,4.0
40149,170,3.0,3.5
40154,1272,4.196037385591333,3.5
40165,1297,3.801270688200857,3.0
40166,6764,3.0,4.0
40167,1275,3.259865578579833,3.0
40172,5810,2.993543829482299,1.5
40176,1390,3.0,3.0
40191,1262,4.304671738626136,3.5
40200,2657,4.173689293838635,5.0
40207,2064,3.0,4.0
40211,1476,3.0,2.0
40218,340,3.0,4.0
40225,7438,4.237849934132353,4.0
40225,8949,3.9901010105349766,2.5
40229,54001,3.266111800815862,4.0
40259,2797,4.030181901928124,4.0
40260,37830,3.0,3.5
40263,1340,3.0,3.0
40272,164,3.0,4.0
40274,5952,4.56697161395074,5.0
40276,520,3.592260541864984,3.0
40278,6,3.807341567739342,5.0
40289,539,3.664639681674533,4.0
40290,6270,3.0,2.5
40290,8958,3.4306993654715745,3.5
40297,1784,3.5892855576898763,1.0
40299,2174,4.220779444476847,5.0
40300,5989,3.6084480344080783,3.5
40319,5,3.0,2.0
40319,44195,3.9295827439588153,4.0
40327,3481,3.5446251191616995,5.0
40337,1250,4.104716952248158,5.0
40341,16,3.354677487284622,4.0
40350,59784,3.0,4.0
40360,1101,3.534294091961958,2.0
40373,587,4.507694057383124,4.0
40380,1465,3.0,3.5
40402,429,3.0,1.0
40411,589,3.9824940844980183,3.0
40424,4128,3.0,3.0
40456,1835,3.0,4.0
40456,8585,3.0,3.5
40463,745,4.285898016146252,5.0
40473,76,3.0,1.0
40496,3740,3.9521525504290387,5.0
40514,380,3.3547461952693367,3.5
40517,412,3.5130856362816356,3.0
40517,2915,3.7639586379869816,3.0
40519,661,0.5,3.0
40521,1674,3.8122030095574595,4.0
40521,1907,4.1309876063830275,4.0
40524,1894,3.655959023177006,3.0
40524,7324,3.0,2.5
40535,4270,3.88596938881359,3.0
40543,2324,3.533460564533085,5.0
40546,126,3.0,3.0
40555,3623,3.36292909203269,2.0
40570,5349,3.0807964575655666,1.0
40570,52435,3.0,0.5
40573,413,3.9972297486090183,4.0
40574,539,3.4121413387182797,2.5
40592,1221,3.6757405809298294,3.0
40607,5667,3.0,4.0
40611,2387,3.0,3.0
40612,160,2.628485084325768,0.5
40630,216,3.0,3.0
40633,1257,3.498702274768838,3.0
40634,1036,3.396066329201438,3.0
40638,364,3.1206109421420583,2.0
40661,3526,4.549580331291507,5.0
40676,2694,3.473118280630246,3.0
40676,4370,3.7030298448043375,3.0
40681,1682,3.777369341356551,5.0
40681,2599,3.756851691613406,5.0
40685,333,4.270041260231507,2.0
40732,5377,4.281762288998394,4.0
40751,489,3.0,2.0
40751,4814,4.5,2.0
40751,8845,3.0,4.5
40754,4019,3.999875441501404,4.0
40755,477,3.0,3.0
40755,1366,3.0,2.0
40758,314,3.0,5.0
40772,762,4.0,2.0
40799,4102,3.0,4.5
40800,2294,3.3664746135574726,3.0
40820,1845,5.0,5.0
40822,357,3.8810369600526102,4.0
40826,7005,3.0,3.0
40838,480,4.343193851192169,5.0
40842,7445,4.156872838802057,3.5
40846,1917,3.6432922397836767,2.0
40847,2324,4.370305642366416,5.0
40867,1466,4.005953743821094,4.0
40867,3404,3.0,4.0
40872,45,2.08649025076074,1.0
40872,2412,4.465781187351575,3.0
40872,4896,3.879843443764348,4.0
40872,5265,3.0,2.0
40888,1610,4.163211766050428,4.0
40890,588,3.235052204356946,4.0
40897,46965,3.0,3.5
40899,172,2.9999999999999996,3.0
40908,417,5.0,4.0
40908,1732,4.251249881610848,4.0
40920,2076,3.2179082121939353,1.0
40928,44195,3.608391938657136,5.0
40929,553,4.0061508786999935,2.5
40936,1907,4.313538949421393,4.5
40937,3326,3.0,4.0
40942,2642,4.046418931812631,5.0
40943,2447,3.0,3.0
40952,585,3.4697063809800577,1.5
40968,1198,4.225200795217408,4.0
40969,7147,3.7212532418129842,3.5
40975,235,3.371007454692272,4.0
40985,608,4.523365259646851,5.0
41000,8529,4.0820235211719025,4.0
41017,353,3.5161275777041796,3.0
41027,1095,3.941841862697446,3.0
41038,1405,2.0,2.0
41074,2804,3.7388273277711987,3.5
41074,2997,3.779521173837316,3.5
41074,5292,3.0,4.0
41084,3361,3.73321105781946,3.0
41084,4896,3.6445990273843454,3.5
41101,647,3.282455216070739,3.0
41101,1090,4.350146592466493,5.0
41101,1805,4.063523508527643,3.0
41103,903,3.089649116862853,2.5
41109,33166,3.5208778095485593,3.0
41114,4973,3.6403612498071203,4.5
41122,4014,2.986141763095683,5.0
41124,5464,3.4809698184124893,3.5
41130,4509,3.0,4.0
41139,4002,3.5638393891112172,3.5
41154,4701,4.179387605875554,4.0
41158,1030,4.051557621394687,3.5
41158,2354,3.0,3.5
41178,59784,4.5183554609935515,5.0
41187,12,3.0,2.0
41201,380,3.4213283748379624,2.0
41237,2324,4.676020139266426,4.5
41244,1917,3.4464555537204244,3.0
41248,6482,3.0,3.5
41252,1580,3.912152632459495,4.0
41253,2295,3.0,4.0
41253,3051,3.0,5.0
41253,48593,3.0,3.0
41253,53550,3.0,3.0
41255,2565,4.5,4.0
41256,596,3.23861566855079,3.0
41276,2932,3.961370161050833,3.0
41288,8861,3.5087905435619997,4.0
41289,60756,3.0,1.0
41300,2716,4.744820597252017,5.0
41305,1148,4.0,4.0
41313,339,3.5631224609104484,3.5
41316,4641,3.6967010221764283,3.0
41317,1566,3.434059520822511,3.0
41319,1719,3.0,4.0
41323,2396,4.295044496673116,5.0
41336,627,3.0,2.0
41351,4148,2.798126833630499,3.5
41351,8784,3.06002279392782,1.0
41357,4246,4.619665538272757,4.5
41363,25,4.295742263513646,4.0
41363,541,4.291000502158231,4.0
41363,4361,3.9327536854431506,3.0
41364,377,3.6087433962325135,2.5
41365,509,4.134771249669147,4.0
41391,7001,3.0,5.0
41396,2269,3.0,1.5
41396,4623,3.437366438073266,3.5
41396,8376,3.7418023465848727,3.5
41399,1210,4.3416815878170585,4.5
41405,319,5.0,4.0
41406,1344,5.0,5.0
41406,1648,3.0,3.0
41407,2369,3.247507389260369,3.0
41412,2028,3.669367333738972,3.0
41415,2502,3.995835385845253,5.0
41416,2291,3.8496826264603676,3.0
41447,1726,3.0,5.0
41460,648,4.50329330984559,4.0
41461,2580,4.523713421388163,5.0
41464,3618,3.0,4.5
41476,593,4.507064523475327,4.0
41477,316,3.4387645068788903,2.0
41477,1320,3.172539196808055,4.0
41483,208,3.911783584648466,3.0
41494,2539,4.204231059819422,4.0
41502,1126,3.0,3.0
41503,1527,3.520870230017335,3.0
41527,34,4.31865173612457,5.0
41534,3916,4.195228597647302,4.0
41536,356,4.55204589308736,4.0
41538,1876,2.923542386629381,3.0
41538,3461,3.0,1.0
41540,799,3.0,3.0
41541,8969,4.237526354649305,2.5
41548,5816,3.4819723522419586,4.0
41561,529,3.8167817825474497,4.0
41567,2291,3.665520418774,4.0
41568,1517,3.9258152673278044,5.0
41569,5459,3.6421779672861985,3.0
41574,592,3.7665807131407347,2.5
41578,2167,4.08744911893187,4.0
41584,3317,4.229849174257606,5.0
41597,1079,3.5675363865054592,4.0
41619,1019,3.3188793448253735,2.0
41621,6794,3.0,2.0
41637,2105,4.150677745986916,2.0
41647,3948,3.6544496749162696,2.5
41648,653,2.7891570890133504,2.5
41648,7265,3.0,2.0
41657,628,4.281524282968084,5.0
41658,1544,3.991193680441215,4.0
41677,1270,4.010136195138241,3.0
41681,1760,3.0,3.0
41685,223,3.5519749495129562,5.0
41695,2598,3.0,2.0
41697,5952,4.537627376638926,5.0
41705,1197,3.3626572716023713,3.5
41709,2797,3.354456129854604,3.0
41715,778,3.967827138463985,3.5
41720,5618,3.9617566748764452,3.5
41723,252,3.4213846934870054,3.0
41726,1084,4.000318931319678,4.0
41727,4370,3.559529215960909,4.0
41732,110,3.053108344325792,3.0
41746,2700,3.8211100279550663,4.5
41749,36535,3.0,5.0
41754,2314,3.0,2.0
41757,3175,3.827062039072327,3.5
41762,1292,4.58139298869057,5.0
41762,4636,3.0,1.5
41762,5669,3.92498740614601,4.0
41784,3301,3.4416802119370127,3.0
41784,3623,3.7641202308574493,4.0
41788,4220,3.0,4.0
41789,8784,3.9846732978395893,3.5
41796,1527,3.849776906752352,5.0
41817,1214,4.224113581800903,5.0
41818,2872,4.504542236295745,4.0
41820,7438,4.352072750497225,4.5
41827,1320,3.4998062557034917,1.0
41837,2318,4.494545283175792,5.0
41838,1219,3.753401708898002,4.5
41844,1255,4.493183903177217,5.0
41854,7366,3.0,3.0
41866,3994,3.650761642862554,3.0
41875,6157,2.1218695004461967,1.5
41877,457,3.7128478630086716,4.0
41888,349,3.1769882747185076,4.0
41888,1377,2.893056668546181,1.0
41888,4069,2.24930221217518,2.5
41892,3360,2.9634345847225787,2.0
41906,367,3.916796865245687,2.5
41920,1358,3.2217282091196964,5.0
41939,1589,3.1041056573012527,3.0
41939,1792,3.008071963255505,2.5
41941,1372,4.276258012005838,4.0
41949,1111,3.0,2.0
41956,3753,3.5978962527526943,4.0
41959,1356,3.6600402205705005,4.0
41967,3006,3.562224603859021,4.0
41976,4639,3.509850656761585,4.5
41981,2020,4.590869472227163,5.0
41987,6280,3.0,3.5
41990,1265,3.705084482282859,4.0
42004,1272,4.999999999999999,5.0
42018,3033,4.285453406248842,3.0
42023,3087,3.3769536743249966,3.0
42026,374,3.0,3.0
42029,1088,3.484274501076891,3.0
42031,208,4.363378316571447,2.0
42053,54272,4.274960817448851,4.5
42067,163,2.7032531066131638,3.0
42074,589,3.6745310633602717,3.0
42075,2718,3.0,3.0
42079,1242,3.9478112861754013,5.0
42081,5299,3.953885557180526,3.0
42089,5782,3.0,3.5
42093,417,3.0,4.0
42104,1287,4.182749600281473,5.0
42108,2,3.9033609804578897,4.0
42112,4246,3.3417560727431406,3.5
42112,5349,3.363396076273002,3.5
42126,912,4.236494161816702,4.0
42126,4448,2.8625162968610165,3.0
42127,2860,3.0,4.0
42129,2321,4.011437367794415,5.0
42136,4874,3.3886711835973298,4.0
42137,4641,3.0298864197977453,2.5
42146,2917,4.348087276566169,4.0
42154,2143,2.7859680416367625,4.0
42166,354,3.0,1.0
42182,1729,4.403892517164704,4.5
42210,383,3.0,3.0
42212,1035,2.452876189446387,3.0
42219,2001,2.5454553338381745,1.5
42242,2541,3.273265401046316,3.0
42252,4487,3.0,3.0
42268,647,3.3757011756432624,3.0
42279,805,4.266632328138206,4.0
42290,3877,3.0,3.0
42305,2329,3.316499018131323,4.5
42311,4361,3.7037286023900555,3.0
42321,29,4.512766199755604,4.5
42321,150,3.8396745458439656,4.0
42340,176,3.0,5.0
42346,2722,3.0,3.0
42353,266,3.77889863903323,5.0
42362,2858,3.7722179729657705,5.0
42366,150,3.703962813577681,4.0
42366,4241,1.3185027265139078,1.5
42368,339,3.8337002596576637,3.0
42372,921,4.0,4.0
42378,4313,3.0,1.5
42395,4993,4.505085592191948,5.0
42407,1500,4.338914876257727,4.0
42407,1610,4.256518115231883,5.0
42409,367,3.261560133808727,1.5
42409,1513,3.0,2.5
42411,969,4.633303782676105,5.0
42417,2959,3.102397992350394,4.5
42425,2194,3.7920797035977962,4.5
42438,2571,3.7286625342774076,4.5
42438,2918,3.714203314489364,5.0
42442,4993,4.365450857638057,4.5
42450,1446,3.0,3.0
42468,73,5.0,3.0
42473,3549,4.0,5.0
42480,56775,4.5,3.5
42484,2791,4.034402415529362,4.0
42505,3744,3.0,3.0
42531,5377,4.062562400214281,4.0
42531,40278,4.273926714638272,3.5
42537,438,3.0,3.0
42548,1682,3.669043029046088,2.0
42558,362,4.0,3.0
42558,2139,3.542615606433063,4.0
42573,2290,3.0,3.0
42573,2420,3.149142298684969,4.0
42573,2944,3.117527030859656,3.0
42586,253,3.5240022995555442,2.0
42616,6957,3.993546329656355,0.5
42619,31696,3.692868244923697,4.0
42621,29,4.490144472809388,1.0
42628,26616,3.0,4.0
42633,24,3.0,3.0
42637,920,3.510219463647785,3.0
42639,3462,4.0,4.0
42650,3185,3.0,3.0
42669,852,2.853900107755177,3.0
42669,2542,4.037849096147404,5.0
42675,111,3.2047760147171083,2.0
42687,4317,3.0,3.0
42688,1172,3.851736190671591,4.5
42688,2366,3.471449584737607,3.0
42688,5334,3.0,3.0
42696,2072,3.4887627135350052,3.0
42696,2100,3.280023593568067,3.0
42710,818,3.0,3.0
42719,4874,3.7015006006158817,4.0
42722,3114,4.196681899784097,5.0
42729,4718,2.3569597036712717,2.5
42732,8665,3.8084104296334216,4.0
42746,1921,3.503902819415517,1.0
42762,457,2.643364109729008,3.0
42788,5323,3.0,0.5
42791,5852,3.0,2.0
42793,780,4.2119831472599705,4.0
42802,2959,4.26387837512757,5.0
42806,227,3.159211732889171,3.0
42812,8784,3.9408453092599025,4.5
42812,56174,3.678560944316988,3.0
42816,3272,3.0,2.0
42816,4210,3.0,4.0
42845,1376,3.8253566882428323,5.0
42871,953,4.082979230220703,3.0
42874,551,3.524204429671593,4.0
42875,2231,4.337479388652139,4.0
42883,177,5.0,3.0
42889,736,2.8808988696412148,3.0
42891,194,3.0102267329991275,4.0
42893,5377,3.03110231616168,3.0
42898,7438,4.391404076766808,4.0
42900,2908,3.691054324386983,4.0
42902,50,3.1929477261622603,5.0
42904,1196,4.237130101712107,3.5
42924,2010,4.831740832423142,5.0
42924,3681,4.0,3.5
42928,2096,4.727610708702646,5.0
42935,2987,4.382803767847937,3.0
42961,158,3.6675956723214207,3.0
42962,110,3.5150655409293132,4.0
42964,4103,3.0,4.0
43015,349,4.032394109382975,4.5
43015,1422,3.0,4.0
43015,27768,3.5,4.0
43020,4993,3.5,4.0
43038,5147,3.4999999999999996,4.5
43080,247,3.5088393778031763,4.0
43083,225,3.551192435167602,4.0
43102,2351,3.0,5.0
43102,4973,4.359106482112969,5.0
43102,8917,3.856362119325903,5.0
43107,1721,4.1369989375937575,4.0
43109,3471,3.9362241640816853,3.5
43112,5738,1.0,1.0
43132,266,4.298098834969728,4.0
43148,1805,3.479185702468421,4.0
43154,1089,3.89288330104557,3.5
43166,1358,4.533781178092662,4.0
43166,1785,3.0,2.0
43178,5927,3.0,3.0
43193,942,4.112096411679518,3.0
43194,2986,2.597199802910272,3.5
43196,234,3.0,3.0
43196,276,4.185232925409198,3.0
43212,1120,4.458065861927501,5.0
43223,280,3.0,3.0
43225,2425,3.0,3.0
43229,434,3.5508689422503346,4.0
43230,3052,4.155095771573393,5.0
43230,5048,3.0,1.0
43243,361,4.316378391554488,4.0
43267,225,3.4773088637464267,3.0
43281,1199,3.9316111804434795,4.5
43281,3186,3.0,3.0
43283,6539,3.5076878140686474,4.5
43317,5952,4.209872005906206,4.5
43332,349,3.7938333863890685,5.0
43341,26555,3.0,2.0
43342,2194,3.4723601718773045,4.0
43353,1676,3.703972723022046,4.0
43364,6754,3.29395776539441,3.0
43370,923,4.135209478583078,5.0
43374,3824,3.0,1.0
43377,231,4.558494918136134,5.0
43407,4720,3.172568469470965,2.0
43413,2355,2.4706666021980532,2.0
43414,7461,3.0,4.0
43423,733,3.626980125954138,3.0
43454,2947,4.352458068855539,4.0
43462,216,3.0,1.0
43477,1215,3.0,4.0
43486,4333,3.0,4.0
43504,392,3.0,4.0
43505,45,4.082855721839628,4.0
43509,46530,2.9135500147321314,3.0
43530,914,4.299838857537932,4.0
43545,2826,2.509877129500559,5.0
43547,4105,3.673111488246442,2.5
43547,8807,4.0,3.5
43569,1272,4.429454174086102,5.0
43573,2418,3.0,3.5
43573,3108,3.8891017814734017,5.0
43581,356,3.8354376059525803,5.0
43589,628,4.150266623091688,4.0
43591,832,2.889432224899693,2.0
43604,3555,4.434496415445972,3.5
43610,434,4.032085118224758,4.0
43612,173,3.6323219665401654,3.0
43622,442,3.5341537758027166,3.5
43632,1183,4.480075982221929,5.0
43634,2028,3.5294143339292128,4.0
43642,110,3.4806372727133947,5.0
43642,1275,3.376222420356842,4.0
43646,161,4.277644876696713,4.0
43651,1296,3.680220541024051,4.0
43652,7000,3.0,3.0
43673,5400,3.4450820738771046,3.0
43675,1949,3.0,5.0
43676,2918,3.481557208339842,4.0
43677,253,3.6426986616955044,3.5
43678,788,3.9877458259459337,4.0
43684,2683,4.084921600241881,5.0
43699,1376,3.792061921362379,4.0
43699,3948,3.8339329126720028,3.5
43706,2420,3.809641677303487,4.5
43711,3091,3.0,4.0
43726,2320,3.0,3.5
43732,432,3.7765889787908544,3.0
43741,2987,4.517710343268234,4.0
43743,4995,3.6493171059833904,4.0
43745,1377,4.387290253426518,4.0
43749,3147,4.592693848727528,5.0
43762,3753,3.0499249850728356,4.0
43770,784,4.031906457674975,4.0
43770,5009,3.0,4.0
43770,6944,3.0,4.5
43775,5066,3.0,3.5
43779,1213,3.7932716109972637,5.0
43779,2336,3.3210582255979486,3.5
43779,2795,4.145963010144607,4.5
43779,30707,3.7054343715788667,4.5
43794,17,2.9999999999999996,3.0
43801,1,3.524019146133439,4.0
43802,2734,3.0,4.0
43817,2329,4.482076682907885,5.0
43838,37240,3.0,3.5
43866,8464,3.0,4.5
43896,1282,3.8602592468645245,5.0
43914,4848,3.7999986361510576,2.0
43917,1584,3.0,4.0
43923,1962,3.8298920985346796,4.0
43926,1721,4.50379359636897,4.0
43945,26101,3.8549069452023668,4.0
43948,3969,3.2715302038972567,4.0
43951,597,3.300683393579502,3.0
43953,2005,2.7239977101595865,2.5
43954,256,3.3948509974395136,3.0
43954,508,3.845434723367169,5.0
43980,110,3.6263393022312265,5.0
43983,1073,3.6377374303828156,4.0
43991,2875,3.0,3.0
43991,4678,3.0,3.5
43992,1357,5.000000000000001,3.0
44001,318,3.962383455768597,5.0
44006,1179,3.7923752007085447,4.0
44023,32369,3.0,3.0
44038,3300,2.8728208633780934,5.0
44038,5816,2.9379380831221438,3.0
44041,3152,3.4036837848119803,3.0
44041,6821,3.0,3.5
44055,36,3.9928646410476225,5.0
44068,663,3.0,4.0
44068,1449,3.8383590966645813,5.0
44068,5650,3.0,3.0
44074,105,3.634071291901245,3.0
44099,4874,3.9616108189142123,4.0
44111,1663,3.4002776217073847,3.5
44117,1619,3.0,4.0
44120,1487,3.0,3.0
44121,2987,3.7283206883440765,4.0
44133,95,3.7185704350604567,2.0
44140,1120,4.388834048268631,5.0
44150,1101,4.358496313363188,4.5
44152,527,3.519327293901416,5.0
44153,2088,4.330873081938235,3.0
44153,3638,4.231383592182543,4.0
44191,1036,3.6023284718293125,4.0
44202,912,4.253906630165618,5.0
44208,733,3.964614503527155,4.5
44208,3639,3.6496378619853607,3.5
44216,241,3.0,3.0
44217,662,3.0,3.0
44224,1225,4.219281461805711,5.0
44226,282,3.800903477101708,3.0
44266,338,3.228307830602345,3.0
44272,223,4.361447613100823,4.0
44274,589,3.684813412159274,3.0
44275,1879,3.0,4.0
44275,1885,3.0,4.0
44275,3285,3.0,2.0
44291,1965,3.679353485819616,4.0
44291,2985,3.5903055835346023,4.0
44293,562,3.0,5.0
44298,5349,3.574059880156862,3.5
44298,44022,3.0,3.5
44308,1210,3.7840275838915636,4.0
44316,3763,3.7929957338209315,4.0
44334,1093,3.0,4.0
44339,1198,4.281701016905889,4.0
44340,1261,3.705040057430257,3.0
44340,2011,3.4914942826466158,2.0
44347,1196,3.704401823955334,4.0
44355,1267,4.286914700726394,4.0
44359,4016,5.0,5.0
44361,1282,4.501023073692823,4.0
44363,296,3.7863087279887773,4.0
44364,1172,4.058138745374414,4.0
44364,4973,3.488412068231196,4.0
44367,3536,3.0,3.0
44370,1093,3.0,3.0
44371,605,3.0,3.0
44371,2081,3.899710700577167,5.0
44371,3483,3.0,3.0
44375,485,3.2655164089813913,5.0
44377,1136,4.196851557307421,5.0
44378,1198,4.194461892423885,5.0
44387,1200,4.110614519604684,3.5
44401,1307,4.087735186899364,3.0
44412,44665,4.171811373659491,3.0
44430,6539,3.3343178331156853,4.0
44431,2278,4.3922769470174385,4.0
44435,4783,3.0,5.0
44445,1219,4.028184169042551,4.0
44449,1721,3.7853956844097008,2.0
44455,1013,3.0,5.0
44456,181,3.0,4.0
44461,1084,4.347187251565481,3.0
44484,2617,2.978332731845885,4.0
44486,25,4.210071738430042,4.0
44503,1278,4.206857919681185,5.0
44505,5971,5.0,5.0
44507,292,4.122826919972256,4.0
44517,1208,3.9890807225811367,5.0
44536,2671,3.9732017049434627,4.0
44555,3258,3.74488876256439,3.5
44557,724,3.0,3.0
44558,555,3.6055790232152374,3.0
44558,3744,0.5,3.5
44560,1197,3.8988862777086832,4.0
44567,1246,3.7009144497003454,4.0
44567,54999,3.1479929129941215,3.0
44579,2064,4.194284488430922,5.0
44579,2408,3.0,3.0
44585,62511,3.0,4.5
44586,19,3.697363174985488,2.5
44591,529,3.8156125264772442,4.0
44591,1721,3.676553107193788,3.0
44593,2,3.3563340624510025,3.0
44613,420,3.535203505907454,1.0
44614,1240,3.9891637862009715,4.0
44614,1518,1.0,1.0
44616,1210,4.160265767693651,4.5
44617,5349,3.7757610308499907,4.0
44622,292,2.9417457462555197,3.0
44628,2654,4.0,3.0
44636,720,3.0,5.0
44643,2730,3.0,3.5
44644,1206,3.9937193720296476,5.0
44647,367,3.5032705026240567,3.0
44653,733,4.3357202828884365,5.0
44653,1974,4.011208972632224,5.0
44653,4022,4.210059209746231,3.0
44666,1265,4.095757732517793,4.0
44671,145,3.603136663708814,4.0
44671,165,3.891560843055738,4.0
44677,6333,4.250628021330155,3.5
44681,165,3.8576172516987595,4.0
44696,3160,3.8462004153597564,3.5
44705,1035,3.906100587424162,3.5
44705,1233,4.629748051466032,5.0
44705,2391,4.381691178121943,4.0
44705,4865,3.2114566628708343,3.0
44706,6539,3.6121510037118107,3.0
44712,1726,3.0,2.0
44719,349,3.5573797793996476,4.0
44721,1247,4.249440602641905,5.0
44727,2439,3.0,4.0
44736,4308,2.991470864546872,2.0
44739,2470,3.2364832851127168,5.0
44746,830,3.0,3.0
44775,4678,3.0,4.0
44792,1037,3.6146715152154845,2.5
44792,3275,3.742230598490066,4.5
44795,4700,4.533851854044267,4.5
44803,1225,4.458770848168789,4.0
44837,616,4.4951252462377616,3.0
44838,333,3.490635101752733,3.0
44839,2105,3.6187088640201663,5.0
44843,1253,3.629136514925125,3.0
44844,3408,3.6374529081680103,3.0
44863,329,3.3642923920100762,3.0
44864,5617,4.100539898414464,4.0
44873,509,3.561480108964821,2.0
44904,1210,3.9064725067802737,5.0
44914,2109,3.666159625301126,3.5
44914,2407,3.6684567237730694,2.5
44919,1264,5.0,4.0
44929,1196,3.9674122308855435,4.0
44945,1060,4.023282857148001,5.0
44948,23,3.953148763702175,4.0
44953,1320,3.3719494720504963,2.0
44953,2072,3.0,1.0
44956,147,3.0,4.0
44956,2997,3.257567425213749,2.5
44959,356,4.144994728817963,5.0
44966,2791,3.963704881654928,5.0
44967,2997,3.8437742579260648,5.0
44977,150,4.05278373254666,4.0
44977,2626,3.0,4.0
44978,2924,3.0,4.0
44983,1721,3.6852728394248624,3.0
44989,2949,4.6041871373225085,5.0
44993,3362,4.069147844274151,3.0
44993,6879,2.6575164977445764,3.0
44994,292,2.853217820808307,3.5
45009,276,3.214995423403695,3.0
45010,2139,4.360175786192644,5.0
45021,589,3.69066612199402,4.0
45025,3785,3.08025844659977,3.5
45031,2375,2.497049216195494,3.0
45031,2395,4.145536267990568,3.0
45039,3535,3.7503735333264645,2.0
45039,4995,3.531945697788816,5.0
45045,940,4.5,3.0
45045,1772,3.0,1.0
45045,2410,2.639966505119269,2.0
45045,2412,2.3538359332872982,1.0
45045,7162,3.772468380368884,4.0
45049,4884,3.0,3.5
45071,3130,3.0,0.5
45075,1077,3.9126327953101363,4.0
45084,541,2.8421310077536934,4.0
45094,748,3.4948970497170624,4.0
45107,3316,3.0,4.0
45109,1391,3.3971801952832714,3.0
45125,1220,4.096274460268588,4.5
45142,380,4.530288914810075,3.5
45154,3471,3.6312137251888514,4.0
45172,628,2.8681576083974445,4.0
45172,1682,3.714076559611328,1.5
45172,3006,3.9379341345103978,4.0
45195,2003,4.263234644361416,5.0
45200,553,3.394575806263704,3.0
45207,172,3.965776426677511,3.0
45213,3717,3.0739410273966556,2.5
45215,1841,3.0,4.0
45220,4526,3.0,3.0
45225,748,1.0,4.0
45225,2336,4.185235792833626,5.0
45232,1357,4.5,4.5
45235,908,5.0,4.0
45236,1845,3.0,5.0
45260,709,3.0,3.0
45261,150,3.8979902955576726,5.0
45270,1227,3.0,4.0
45275,2529,3.2253153301032857,4.0
45293,653,4.155529049616825,4.0
45300,1704,4.0965556748567975,5.0
45303,40148,3.0,4.0
45308,940,4.5,5.0
45308,54997,4.412924296696121,5.0
45322,2023,4.028070144869313,4.0
45325,1199,3.520343165573534,4.0
45344,2324,3.72211886618322,5.0
45347,1584,4.122416892480813,4.5
45357,380,3.5472157529918937,3.0
45380,292,3.2013941152080942,3.0
45389,540,3.0,2.0
45430,357,3.6981215988487066,4.0
45436,1620,2.4874665950769748,1.0
45443,3654,3.3546327004787178,3.5
45443,8370,3.0,3.5
45461,2013,4.0,2.0
45473,2542,4.011010761676668,4.0
45474,1345,3.633724884127285,2.5
45478,2427,4.232958869175819,4.0
45478,4533,4.0,3.5
45534,316,3.910233478436687,4.5
45546,5952,4.64897785261481,4.0
45547,1231,4.460032907497389,5.0
45550,55052,3.0,4.0
45557,532,3.0,1.0
45566,413,1.5067114948788143,3.0
45579,1523,3.0,4.0
45580,207,4.744919954455661,4.0
45581,5380,3.0,3.0
45583,908,4.368180213514937,4.0
45584,44,5.0,1.0
45595,2986,3.0,2.5
45599,466,4.120565809878058,2.0
45599,4005,4.144274225123496,2.0
45614,3897,3.997010327995614,5.0
45634,508,3.602699259479227,3.0
45634,41566,3.4248916522085993,3.0
45638,4993,4.233907744221446,4.0
45638,5481,3.599953417053633,3.0
45645,231,3.6346201669853015,3.0
45672,1219,3.378629758691563,4.0
45690,1997,4.221505463255683,5.0
45701,1029,2.3908587430333617,3.5
45708,1589,2.7824866736053058,3.0
45736,671,3.0,4.0
45736,1073,3.9452087706816994,3.0
45741,1431,3.0,3.0
45753,3871,3.5000000000000004,3.5
45768,432,3.6189958889911527,3.0
45772,1029,3.1519382831914973,3.0
45774,912,3.82534516694152,4.0
45785,920,3.744600308601684,3.0
45785,1184,3.0,4.0
45796,161,3.9933658085628734,4.5
45809,3654,4.055374055385151,3.5
45812,1377,3.8528768323493083,3.0
45821,2683,4.760567105818924,2.0
45823,145,2.6940135207840954,3.0
45825,2470,3.384461450217546,2.0
45829,3551,3.0,4.0
45837,4014,3.5831275303610246,5.0
45846,8529,3.700739824522931,4.5
45852,2997,4.038714894158056,4.5
45883,1876,3.53124896433252,5.0
45892,1125,4.0,3.0
45909,44555,4.0,4.0
45918,4265,3.0,0.5
45920,719,3.2634360578404085,3.0
45937,3408,2.906568235710402,3.5
45937,30898,3.5,2.0
45955,7376,3.0,4.0
45958,196,3.4051990907417475,5.0
45959,595,4.644115915693411,4.0
45975,1334,3.3490087604658605,2.0
45994,1831,3.9849031050601007,4.0
46001,1247,3.7685431682631583,4.0
46005,296,3.541691317956562,5.0
46006,1126,3.0,3.0
46024,5620,1.88689612890108,2.5
46027,292,3.4979560730150774,3.0
46030,485,3.6837220218649667,2.0
46033,1441,4.0,3.5
46033,2694,2.990026091447164,2.0
46033,7164,3.0,3.0
46043,26150,5.0,5.0
46043,46865,3.0,0.5
46044,350,3.1940776335217023,3.0
46051,1391,4.354540463779117,3.0
46051,2605,4.538136738115572,5.0
46058,2076,4.812226073808913,5.0
46068,5147,2.9999999999999996,2.5
46069,32,4.259317705812502,4.0
46071,3114,2.619501595658069,4.0
46071,5014,3.0,1.0
46071,8949,2.5155778935693776,2.5
46077,4306,3.2431515500642227,2.5
46098,4226,3.897455520499557,4.0
46101,4442,3.0,3.0
46106,2262,3.0,3.0
46110,508,3.7426214409420018,2.5
46113,1717,4.013163742469246,5.0
46118,2759,2.0,3.0
46123,10,3.733059468904364,4.0
46154,266,3.5462746149233944,1.0
46160,2686,4.0,3.5
46161,3617,3.556335753556618,3.0
46166,319,3.678026448099941,2.0
46166,372,2.5,3.0
46166,1288,3.617325903683374,4.5
46168,32,3.6600603770313254,4.0
46190,353,3.6591996431434355,1.0
46205,586,3.9110106242521496,3.0
46207,1617,2.941865605794862,3.0
46217,968,4.594844680494213,5.0
46240,4880,3.0,4.0
46242,16,4.07264525193963,3.0
46257,4741,3.0,4.5
46286,260,4.111744571423519,5.0
46287,1954,3.520313236009361,2.0
46290,434,3.8611453903396598,4.0
46295,1221,3.675699067353031,5.0
46299,3,3.5138674148329616,4.0
46309,153,3.120773472533915,2.5
46309,4585,3.0,3.5
46310,160,3.0301294108950794,3.0
46310,282,3.2691293455261388,3.0
46326,39,2.9548394575617363,2.5
46340,8633,5.0,4.0
46361,3977,3.8032521937928756,3.0
46374,1676,3.71439211338474,3.5
46376,377,3.7812826994940107,3.0
46413,3949,3.986548398130954,2.5
46425,35836,3.618378289107179,3.0
46430,2046,3.3502145099547636,3.0
46430,2291,3.7913713536972646,4.0
46438,4973,3.440091660808757,5.0
46447,4985,3.0,2.0
46454,2174,3.573603778575006,3.0
46457,357,4.347844429179154,3.0
46461,236,4.563111212608405,5.0
46467,172,2.7863339057671968,3.0
46478,527,3.6910140858523808,4.0
46493,2093,3.0,4.0
46497,2378,2.351054400789282,2.5
46504,3044,4.0,5.0
46505,6124,3.0,3.5
46527,454,3.724225811962881,4.0
46540,1210,3.8946127199972502,3.0
46549,2605,1.9852366428914265,3.0
46549,4690,3.0,4.0
46556,417,3.0,4.0
46558,2009,3.9909385448659687,4.0
46562,3489,3.304669253503912,3.5
46572,8368,3.230816456619742,3.0
46575,780,3.6332122314596775,3.0
46585,315,2.6084432081194797,2.5
46600,1290,4.0,5.0
46600,1653,4.388987222954158,4.0
46617,2905,3.0,5.0
46623,1285,2.951592071198365,2.5
46625,5541,3.6031676369162713,3.5
46630,1272,3.9699967034982477,5.0
46646,1959,4.0,3.5
46658,7123,3.0,3.5
46658,7701,0.5,0.5
46667,8585,3.0,3.0
46696,1193,4.077640071470958,4.0
46716,2694,3.240494015403086,2.5
46716,3079,3.0,2.0
46729,7,3.309854144178595,3.0
46729,26,3.0,3.0
46729,2035,3.0,3.0
46732,2011,3.851412112906856,3.0
46733,1701,3.5,3.5
46735,1061,4.198301397782564,3.0
46748,4308,4.295124574603687,4.0
46754,1438,2.6790931164033194,4.0
46754,3990,3.0,3.0
46763,2803,3.0,2.5
46775,1211,3.0,4.5
46775,8784,3.77430529331739,4.5
46786,555,3.3954677658976746,4.5
46803,121,3.0,3.0
46810,1627,3.0,3.0
46829,541,4.306835778351665,4.5
46829,1213,4.185404458673891,5.0
46829,7001,3.0,4.5
46848,260,3.781343765685851,4.0
46849,1112,3.0,2.0
46856,3710,3.0,2.0
46856,3996,3.4439658402987425,4.0
46856,7051,3.0,1.5
46866,589,4.266698378365011,5.0
46866,3256,3.66556856073234,4.0
46874,1721,3.488187285023867,1.0
46886,1454,3.0,3.0
46902,46,3.0,3.0
46902,1835,4.0,5.0
46930,8368,3.594775495690861,4.0
46931,353,4.1112455629048394,5.0
46936,802,3.8545990558351098,4.0
46939,4203,3.0,3.0
46943,36,3.8664236136838253,3.0
46945,58,5.0,5.0
46946,2762,3.3017315751564875,4.5
46954,198,3.507243380095224,3.5
46956,6734,3.0,2.5
46978,1989,2.0,1.0
46986,160,3.483099597312266,3.0
46992,140,4.238887951039783,3.0
47003,357,3.7479559184803355,5.0
47007,1094,3.30007465393811,4.0
47008,3273,3.0,1.0
47018,367,3.4156270632095036,1.5
47023,1097,3.7960099674755496,3.0
47030,1394,3.704744126612108,5.0
47030,2474,3.0,4.0
47037,912,4.053504923682384,5.0
47039,2125,4.0001777020238,3.0
47040,465,3.0,4.0
47041,338,2.0,2.0
47041,1300,3.348755760062536,3.0
47046,2188,3.0,0.5
47046,3584,3.0,3.0
47046,4744,1.6797288681834042,3.0
47046,6591,3.0,4.0
47046,6820,3.0,3.5
47053,474,4.090185880829943,4.0
47053,786,3.5472704720350587,3.0
47063,969,4.56261959879475,4.0
47065,4641,3.2576719242551855,3.0
47067,3863,2.8018039653777773,4.0
47068,3555,2.7341653678019346,3.0
47071,4835,3.0,3.5
47109,1240,4.229261661540891,4.0
47118,6157,2.990274847409289,3.0
47122,1610,3.8342437806845964,3.5
47134,356,3.3038983998015174,3.0
47138,2490,3.257912798114765,1.5
47143,6283,4.5,2.0
47153,223,3.745775469315051,3.0
47161,6303,3.0,4.0
47162,316,2.837206693601537,0.5
47177,6016,3.232137423610715,4.5
47179,2985,4.298774053035046,4.0
47180,2012,3.905559124058731,2.0
47180,4027,3.892463934317357,0.5
47194,831,3.0,5.0
47213,3948,3.00291987735983,3.0
47214,1959,3.0,3.5
47225,2393,3.1032787240334034,4.0
47226,8464,4.366808622390517,5.0
47228,3113,4.0,3.0
47234,7207,3.0,3.0
47238,1805,2.9282412771380164,2.0
47266,44694,4.095900435728411,4.0
47267,4226,4.016005851092417,4.0
47277,3075,3.0,4.0
47278,665,3.0,3.0
47281,1230,3.246717639469031,3.0
47286,3556,3.0622923331566683,2.5
47289,104,3.0,5.0
47300,161,3.5595216002593077,5.0
47316,205,3.0,5.0
47323,357,4.047909096134907,5.0
47324,2427,4.999999999999999,1.0
47324,3897,4.1418951629223155,5.0
47334,36708,3.0,1.5
47338,4643,3.415657062529577,2.5
47345,2005,3.7746957039768043,4.0
47347,1200,3.6855466598140114,3.0
47350,1792,3.032532454383195,3.0
47353,593,3.4154594597115175,5.0
47360,2001,3.6318371192767493,3.5
47384,40815,4.534385698324161,5.0
47405,475,4.175557661794581,3.0
47405,2528,3.7413990775881545,4.0
47407,356,4.269966598037194,5.0
47408,8368,3.41237307693779,4.0
47416,5378,3.6756374874265925,2.5
47420,6281,3.954246222142785,3.5
47420,7059,3.0,4.0
47423,4128,3.5086786520480318,3.0
47424,2791,4.57297871791622,4.5
47432,349,3.4329286669797123,3.5
47434,247,2.4961054039134725,2.0
47438,256,3.07632901151535,2.5
47442,3176,3.886158677765035,4.0
47443,5613,3.0,3.0
47445,10,4.389886219806976,4.0
47448,3877,3.0,2.0
47448,5331,3.0,2.5
47448,27109,4.0,3.5
47451,1918,3.992489338245635,4.0
47453,4023,5.0,3.0
47455,2003,2.4018737761285864,3.0
47459,58,3.8890616587444042,3.0
47465,1587,3.8355428685331834,3.0
47488,44191,3.28875197747676,5.0
47491,318,3.5046035538260174,3.0
47503,2918,3.6195472061080287,3.5
47513,7162,3.9024270155767704,4.0
47513,40815,4.148774829708635,5.0
47515,2762,3.270876372549519,4.0
47516,911,4.013925990690069,3.5
47520,4054,3.0,3.0
47546,208,3.830547031196839,3.0
47566,3107,4.0164847025686985,4.0
47568,2411,3.5652623129143275,3.5
47576,281,3.0,4.0
47577,54004,3.0,4.0
47587,367,4.076204280176756,3.0
47592,5956,3.6858198550710486,4.0
47613,1888,4.5,3.0
47613,2100,4.028864448125426,4.0
47613,58025,3.440673917169427,2.0
47619,1296,4.058912625489125,4.0
47619,5294,3.189959842836606,3.5
47630,3298,3.0,3.0
47634,344,3.674531873236042,4.0
47634,1225,4.353848655596798,4.5
47685,3182,3.0,5.0
47685,6380,4.5,4.0
47692,150,3.372846565054234,3.0
47694,48774,3.9373713415851976,3.5
47700,4157,3.0,3.0
47703,555,4.069785882213532,4.0
47703,3252,4.481694619406801,5.0
47725,173,3.6900832906140177,3.0
47786,1682,3.65194772677855,3.0
47789,307,4.225782308340998,3.0
47793,294,3.0,4.0
47793,953,4.643740775102422,5.0
47797,1394,3.7778176066304914,4.0
47800,597,3.662661310730306,2.5
47805,1089,4.103390226112286,3.0
47816,497,3.7258974511934477,2.0
47816,1292,4.124509428547576,3.0
47818,3459,3.0,3.0
47819,2409,3.177689106637803,3.5
47823,10,3.9990741905055494,3.0
47823,272,3.5059075308057284,3.0
47825,1278,3.938684754380229,5.0
47830,1552,3.6125906684489486,5.0
47833,5481,3.6811247745617046,3.5
47842,315,2.6889927894424455,2.0
47842,1894,3.0,2.5
47842,5734,0.5,0.5
47842,6850,2.5,2.0
47843,49822,3.0,4.5
47848,1784,4.061613465748765,4.0
47864,2871,4.373953890885101,4.0
47866,216,3.0,4.0
47871,9010,3.0,3.0
47876,2130,3.0,3.0
47891,508,4.0367855817324285,5.0
47898,3471,4.193065660234747,2.0
47907,3535,3.893506030172829,4.0
47910,5954,4.310501933043311,4.5
47913,165,3.4170291364565863,5.0
47918,198,3.8532658444311716,4.0
47921,1393,4.043095756616511,4.0
47921,7560,3.0,3.0
47929,1,3.3987567208880103,4.0
47941,1214,4.240484889340419,3.0
47942,1608,4.359622597002487,4.0
47942,3755,3.9348099185238645,4.0
47947,527,4.731574893044007,4.0
47972,185,3.0210146291916544,3.0
47988,3168,4.008262092633306,4.0
47990,3082,3.135643712536177,2.0
47998,3524,4.124619526385229,4.0
47998,51080,3.742819636575277,4.0
48009,1580,3.6889902551916145,4.0
48011,53519,4.5,4.0
48015,590,3.3346855546602368,5.0
48022,3623,4.1185564577697615,5.0
48031,708,3.3353833110942444,3.0
48055,185,3.3538433242565615,3.0
48061,122,3.0,3.0
48065,1196,4.349446718393193,3.0
48085,1721,3.3977097740019424,3.0
48089,6263,3.0,3.5
48093,3908,3.0,5.0
48102,2005,3.7441295093619025,4.0
48107,647,2.5738606361168888,2.0
48108,5152,3.023339846796825,3.5
48134,953,4.051387106070379,4.0
48134,3104,4.0962716109562685,4.0
48142,230,5.0,5.0
48144,38,3.0,3.0
48158,1611,3.0,4.0
48158,2504,3.0,2.0
48159,1206,3.603110436046831,4.0
48159,2686,4.0,5.0
48166,21,3.7837145663077543,5.0
48167,4723,3.0,4.0
48183,2699,4.583850330323612,5.0
48191,3608,3.4893080068907825,4.0
48191,3896,3.0,4.5
48201,4446,4.068332460240494,5.0
48205,1694,3.0,4.0
48210,5244,3.0,4.0
48211,1225,4.30245119295148,5.0
48211,1464,4.5,3.0
48211,1499,2.5681487709600224,3.0
48244,348,4.319912792604986,4.5
48248,1288,3.9846571908647843,5.0
48258,45722,3.438352378519158,4.0
48265,2877,3.0,2.0
48274,327,2.0,3.0
48294,2167,3.493546088882792,2.0
48316,1340,3.0,3.0
48334,910,3.6527567450973804,3.0
48335,1541,3.0,4.0
48352,1263,3.455527777604572,4.0
48352,5095,3.0,2.5
48362,6888,3.0,4.0
48363,3481,3.385404603537965,3.5
48364,1136,3.539603938856407,4.0
48371,1272,4.301538545943185,3.5
48380,123,3.0,3.5
48385,1358,4.062613477446089,1.0
48388,6731,3.743765692634619,3.5
48396,223,3.509931384477813,2.0
48412,6,3.239063650467182,2.0
48420,708,4.269322463465432,4.0
48420,6266,3.0,3.0
48447,1210,3.489091855350342,4.0
48452,750,3.708574403903287,4.0
48452,1262,3.660295883748922,4.5
48467,8984,4.098390061302686,3.0
48490,2028,3.9759353543988007,5.0
48493,1250,3.3391150374867093,3.5
48508,380,4.286571749030505,4.0
48510,1201,4.127861174210697,3.0
48512,260,4.390677656010729,5.0
48513,590,3.4999423384548525,3.5
48513,3623,3.6328096536815155,3.0
48562,3100,4.499973896725778,3.5
48567,431,3.632238321775601,3.0
48570,4149,3.0,3.0
48577,62,3.5971069039390984,5.0
48577,2883,3.0,5.0
48590,5876,3.0,3.5
48611,314,3.0,3.0
48618,235,4.009465044118979,4.0
48618,7222,3.0,5.0
48635,1005,3.0,2.5
48648,593,3.3653820248807804,5.0
48657,2141,4.006407160146987,4.0
48657,8640,2.914759858025565,2.0
48662,5637,3.0,3.5
48663,4476,3.0,2.0
48663,5970,3.0,3.0
48670,10,3.223167233959649,1.5
48672,3115,3.0,3.0
48672,3255,3.2955881926845843,2.5
48672,6537,3.1754856407221475,2.5
48698,351,3.0,1.0
48711,500,3.3836133258736467,3.0
48724,5066,3.0,4.0
48739,1120,3.3103913932258378,3.5
48743,2420,3.4668574350899655,3.5
48743,35836,3.607742712891014,4.0
48746,474,3.2729772286534105,3.0
48767,1584,4.18571387707265,4.5
48773,380,3.392094211271618,3.0
48774,260,5.0,3.0
48781,918,4.00748416298325,5.0
48781,1929,5.0,4.0
48784,5107,2.5,3.0
48786,509,3.9436719595473613,3.0
48793,2006,2.9742977897587513,3.0
48805,273,3.3291886725015725,3.0
48811,500,3.80744591387791,4.5
48815,2301,2.810283435107113,2.5
48834,898,5.0,5.0
48836,902,4.532698138731033,3.0
48836,3471,4.13611876204427,5.0
48842,356,3.6079687330865555,5.0
48843,7263,3.0,4.5
48843,35957,3.5,4.0
48853,405,3.0,3.0
48858,356,3.8666324496338103,5.0
48867,3160,4.444884426774038,5.0
48875,2320,3.0,2.0
48908,1275,2.435632698981489,3.0
48914,1089,3.8855925755982903,4.0
48915,3527,3.500190000338787,4.0
48920,4085,3.984934421636485,5.0
48933,1270,3.669947839149584,4.5
48933,1391,3.6915013763217694,3.5
48933,4613,3.0,2.5
48933,7254,3.75615233158218,4.0
48939,35,3.0,5.0
48955,1562,3.0,2.0
48977,954,4.0569710006781845,4.0
48977,1245,4.151756270063851,3.5
48990,2405,3.20783948701969,3.0
48990,6502,4.097841449969303,4.5
48996,5564,3.0,2.0
48996,8425,3.0,2.5
49009,361,3.2010315970257555,3.0
49009,8371,3.0610227067057454,3.0
49010,95,3.328375034182115,3.5
49018,104,4.125442174053039,4.0
49028,1293,3.4721021918847743,3.0
49049,47,4.526173828370309,5.0
49049,50,4.562786778423586,5.0
49064,2788,4.6769843723292555,5.0
49064,3361,4.136294912513794,5.0
49076,440,3.8766417765898624,5.0
49081,232,3.0,3.5
49093,2393,3.256351662763876,3.0
49093,5621,3.0,2.5
49109,8492,3.0,4.0
49110,2406,3.9797911973990425,4.0
49112,4367,4.270267841084062,4.0
49119,1198,4.602271701038708,3.0
49122,236,3.82638523300086,4.0
49125,1378,4.0,4.0
49126,586,3.5259152511438376,4.0
49127,1265,3.554545071194169,4.0
49127,2915,3.584718095852738,4.0
49132,1265,3.537110354436105,5.0
49132,3452,3.0,4.0
49137,805,3.5055766131728583,5.0
49137,3155,3.0,3.0
49138,2357,3.0,4.5
49141,223,4.184115702770242,4.0
49154,52,4.484980562412258,3.5
49155,378,3.0,2.0
49163,2321,3.9938739627534154,4.0
49170,344,4.113757626315639,4.0
49186,8961,3.887301068038599,4.0
49191,628,3.838130221178636,4.0
49192,1747,3.728907179276298,4.0
49198,2797,1.9594913040836237,2.0
49212,1961,3.9001166199688684,3.5
49216,7041,3.0,2.5
49232,1393,3.2378996063122396,1.5
49232,2826,3.5841332116934814,1.0
49234,1794,3.0,4.0
49236,2739,3.5539706196011034,3.0
49247,1580,3.6947553396194976,3.0
49249,2174,3.4423547010447897,3.0
49257,1376,3.9018908609288756,3.0
49261,4217,3.0,5.0
49267,805,3.0,2.0
49269,2118,4.999999999999999,4.0
49273,448,3.0,4.0
49285,30820,3.0,3.5
49303,62,3.2575902302772173,3.0
49306,2734,3.0,3.0
49306,6864,3.0,3.5
49310,2450,3.5721414219368244,3.0
49318,2762,4.1828120718767625,5.0
49320,4973,4.176215421105171,4.5
49337,2321,3.8348576016141314,3.0
49343,100,3.0,4.0
49345,3159,3.0,4.0
49361,3100,3.0,5.0
49363,2706,3.0,1.0
49371,4439,3.0,3.0
49373,8645,3.0,3.5
49388,1231,4.290284654877393,4.0
49390,5400,3.197447195570861,3.0
49404,1220,4.3966734505260385,4.5
49412,185,3.7469479907947387,4.0
49435,786,3.6640687745635536,2.0
49447,5673,3.9144974614399817,4.5
49450,608,4.119769305348226,5.0
49462,6774,4.2158472105256495,3.0
49483,1240,4.427011580641288,4.0
49483,1272,4.562537626152001,5.0
49496,292,3.8776025318077227,2.5
49510,4262,4.642768451743734,4.0
49511,1197,4.003818316599023,4.5
49512,8368,3.561405096977694,4.0
49518,349,3.763467001585493,3.0
49527,33679,3.4834000277913866,3.0
49531,231,3.6076210907129775,2.0
49531,1285,3.907314363834591,4.0
49531,1616,2.645608703302955,2.0
49531,4207,3.0,1.0
49531,4684,3.0,2.0
49531,4815,3.0,4.0
49550,1975,2.495664003149961,2.0
49551,420,4.129032470348252,3.0
49554,2791,4.36715369831363,4.0
49563,1977,1.3471874951387948,0.5
49564,7143,3.5216533348200247,4.5
49590,5843,3.0,4.0
49612,1387,3.077002756284055,3.5
49620,1226,3.0,4.0
49636,485,4.183884934659539,3.5
49642,410,3.499087813061899,3.0
49650,296,3.514035874732353,5.0
49652,29,5.0,5.0
49656,746,3.0,4.0
49656,2951,3.842495187228264,5.0
49658,913,4.26050468240201,5.0
49679,3481,3.619118076184436,4.0
49698,442,2.9672852203050133,3.0
49705,3450,2.9999999999999996,4.0
49727,4295,3.0,2.0
49729,3955,3.0,3.5
49732,2947,2.3667629698717247,1.0
49735,29,5.0,5.0
49746,288,3.365257069543191,1.0
49756,150,3.5722648793060627,3.0
49756,1580,3.7819738842045356,3.5
49759,543,3.2752268338151564,3.0
49759,1147,3.0,4.0
49759,1209,3.5,3.5
49759,5508,3.0,4.0
49763,6032,3.0,4.5
49770,1175,4.435690960329817,4.0
49801,494,3.3504189163088784,2.0
49816,2324,4.050421919636482,3.0
49828,412,4.286919825260604,4.0
49828,1214,3.8530734012242105,3.0
49829,30707,3.7434125911117104,2.5
49847,449,3.0,5.0
49865,673,3.0,0.5
49865,2085,2.151368398612495,0.5
49869,6378,4.010184494360044,4.0
49871,329,2.8968972355551403,1.0
49875,1035,3.99691221386389,3.0
49913,25,4.351273087101443,3.5
49920,1587,2.7605164032862435,3.0
49929,3399,3.0,4.0
49934,4388,3.0,4.0
49942,2174,3.5389645130522056,2.0
49952,2048,3.0,3.0
49952,2718,3.0,1.0
49955,8781,3.0,2.5
49961,1625,3.845545029805432,4.0
49990,2328,5.0,4.0
49990,3917,4.7713341519203505,5.0
49991,265,3.4190688855076488,4.0
50008,2468,3.0,2.0
50008,2485,3.0000000000000004,3.0
50010,1080,4.219073392398959,5.0
50021,1960,3.5913070962432343,4.0
50029,2917,3.187319239407186,3.0
50030,5502,4.1238353117002555,4.0
50039,541,4.391066566372434,4.0
50041,3983,3.5082349446653827,3.5
50045,3839,1.0,1.0
50047,216,2.5368470317899523,3.0
50056,2118,3.472497976389788,4.0
50056,2353,3.459850510116929,3.0
50059,8622,4.253622443264545,5.0
50074,778,4.743259443054523,5.0
50075,32,3.904953631259288,5.0
50094,260,3.491865342918114,3.0
50101,12,3.0,2.0
50102,1347,3.3130371625992368,0.5
50102,4639,3.566006977436928,2.5
50109,41527,3.0,2.0
50117,2928,3.0,4.0
50119,2699,3.7040114437579197,3.0
50124,2406,4.210622275654375,4.0
50126,59615,4.294726379769466,1.5
50138,2092,3.0,2.0
50147,3316,2.0,2.0
50154,4084,4.110518061613609,4.0
50155,3105,4.40808722691301,5.0
50159,11,3.4008104054013386,3.0
50160,7043,3.892598272961901,4.0
50161,417,2.560046441697352,4.0
50167,1248,4.148166325199277,5.0
50180,3717,4.073245453256955,4.0
50187,1212,4.296129505753103,3.0
50205,8360,3.873780212287479,3.0
50212,222,4.000573427959156,4.0
50212,953,4.0542904088877325,3.0
50214,750,4.138883083255023,4.0
50216,2657,3.8922695095185103,4.0
50216,5959,3.0,4.0
50222,1416,3.0,3.0
50227,1213,4.536284859030994,5.0
50234,231,3.1381093852970188,3.0
50234,362,2.832267453074695,2.0
50234,2916,2.9687200584460505,3.0
50243,596,3.3740251610538152,3.5
50262,161,3.633338293769338,4.0
50262,736,3.7529957895834745,3.0
50265,368,3.3697113671934122,4.0
50265,2443,3.0,5.0
50265,3515,3.0,4.0
50265,7012,3.0,4.0
50273,4351,4.0,4.0
50283,253,3.862511520888999,4.5
50283,1380,4.230001372304721,3.0
50283,56174,4.398970913802317,4.0
50291,1197,3.671762555274768,3.0
50292,110,3.7211077502282426,3.0
50293,4034,3.306081837681485,3.0
50295,2194,3.8190937180798192,4.5
50303,944,3.0,3.5
50303,1095,3.5171220938556225,2.5
50304,589,3.4094417035662468,4.5
50341,2580,4.114313762979174,4.0
50350,830,3.0,3.5
50358,2567,4.0,4.0
50360,150,3.7547571856843738,4.0
50364,900,4.218494831003441,4.0
50370,140,3.5302824671480297,4.0
50383,2194,4.107062379650159,3.0
50383,4262,4.156962293460602,4.0
50383,7299,3.0,5.0
50389,407,2.0,3.0
50389,2100,3.367931016409491,3.0
50391,1210,3.877600503691842,3.0
50397,1225,4.616475071152934,4.0
50406,969,4.674507129718762,5.0
50409,4006,3.0,5.0
50417,543,4.488649127558361,4.0
50435,5669,3.7340047423561646,5.0
50437,4571,4.394350149422455,4.0
50452,27317,3.0,4.5
50457,589,4.344940745311068,5.0
50469,2105,3.82232117662493,5.0
50477,483,3.0,4.0
50481,592,4.1396767599841615,3.0
50509,3461,3.0,4.0
50509,4223,3.5339839045456958,4.0
50509,6457,3.0,5.0
50510,1641,2.9015268530280403,0.5
50530,2402,3.0,3.0
50535,5553,3.0,2.0
50535,6035,3.0,4.0
50535,8950,2.7991350610619428,2.0
50538,555,3.7400944809938053,5.0
50568,590,4.190844311867932,4.0
50572,553,3.926770991091628,5.0
50576,608,4.14897671007363,4.5
50576,2959,4.153616528942835,4.5
50583,1221,3.3473649981922353,5.0
50590,5445,4.234317407177541,4.5
50599,45062,3.0,4.0
50623,2401,3.795856146178817,4.0
50628,6987,3.0,4.0
50637,1073,3.664118366040293,4.0
50639,4105,3.5287037837990316,3.0
50644,253,3.442083457809815,5.0
50648,1259,4.380975373284781,5.0
50657,2953,3.0,2.0
50661,6367,3.0,3.5
50665,2421,1.0,1.0
50670,1694,3.0,5.0
50690,434,3.0619137306102977,4.0
50698,2209,3.0,3.0
50713,377,3.9750883961053,3.0
50720,355,2.378315530661701,1.0
50732,1080,3.988439268030292,4.5
50737,903,4.271378868907115,4.0
50737,1204,4.177843859367798,4.0
50743,1266,3.0852540233855703,3.0
50760,1687,3.84129164901042,3.5
50778,736,3.223250198587485,4.0
50781,11,3.8543195548246207,4.0
50793,1407,4.495279910954571,4.0
50802,5444,4.910437655542356,4.0
50804,1747,3.5206217055044315,3.0
50811,12,3.0,3.0
50811,102,3.0,3.0
50813,2288,3.2997653965052067,4.0
50814,329,3.3274547026700727,4.0
50821,8958,4.25988480778567,4.0
50825,1405,4.003215065294076,3.0
50825,2137,4.490417068692643,4.0
50827,3504,5.0,4.0
50828,3035,3.0,4.0
50840,955,4.359776518478767,4.0
50845,44199,3.125205830795298,4.5
50857,1748,3.6865622930789326,3.5
50860,36,4.086677299699347,4.0
50860,899,3.887759810087835,4.0
50860,1196,3.6256511307205983,4.0
50868,2987,4.055273223255281,4.0
50871,914,3.8575079108181125,4.0
50885,784,3.316876937305852,3.0
50889,185,4.097272400703259,3.5
50892,2867,3.0,4.0
50893,2989,3.485103247196319,3.0
50906,1954,3.754989540997223,4.5
50906,2107,2.4438107656328416,2.0
50921,785,4.7489429573677375,3.5
50949,5816,4.104761905876225,4.5
50958,2516,1.0,1.0
50963,1380,3.632066340771713,5.0
50967,1197,4.172745454332847,5.0
50971,2539,3.4941582697757942,3.0
50972,2420,3.491015570428216,4.0
50989,1230,4.321322834856234,3.0
50992,6377,3.776155123332346,4.0
50996,2087,3.2212997595137627,4.0
51016,500,3.718248298920402,2.0
51021,741,3.0,3.5
51025,50005,3.0,3.0
51032,5418,4.102258236162505,4.0
51033,180,3.8960210072857504,3.5
51033,2272,3.0,4.0
51033,32954,3.593027685266953,5.0
51039,2628,3.7293096747962364,2.0
51041,150,3.6841819380405703,4.0
51043,2072,4.0,4.0
51053,316,3.0812707211187393,3.0
51057,1271,3.2768630963790666,4.5
51057,4146,3.0,4.0
51063,1246,4.228424442069324,4.5
51063,2409,3.8748608751341784,4.0
51063,3793,4.158839385687113,4.0
51063,5026,4.0,4.0
51092,1285,2.8181625612755714,1.0
51098,2109,4.211441694499502,3.0
51116,1639,3.9537815383499537,5.0
51120,2694,3.016835014213898,3.0
51133,3004,3.0,2.0
51136,2597,3.0,2.5
51161,913,2.948441311761663,4.0
51161,1912,2.6174819410475685,3.0
51174,1997,3.6471364806824966,3.5
51188,3844,3.0,3.0
51193,548,3.2967564096478887,5.0
51200,3949,4.066350653406862,4.5
51206,5291,2.2643843579095484,2.0
51229,1895,3.0,4.0
51230,593,2.929135836735831,4.5
51230,2162,3.0,1.5
51237,4027,3.739680638339553,4.5
51256,318,3.9066643551302813,5.0
51261,34,3.344965468034819,3.0
51261,588,3.3170214014209405,3.0
51276,357,4.118087190936879,3.0
51282,1676,3.502148764763584,3.0
51282,4142,3.0,4.0
51286,587,3.1792896234583945,2.5
51296,1924,3.0,3.0
51296,2097,3.0,2.5
51296,2840,2.0,3.0
51296,7389,3.0,3.0
51303,1284,4.47138892147443,4.5
51304,2986,1.9796740930892207,2.5
51304,6863,3.9712612170394648,3.5
51322,3700,3.0,4.0
51326,1198,4.223314073636425,4.0
51327,480,3.0660358102884553,5.0
51328,10,3.6627181265414768,2.5
51328,356,3.8159091423275164,4.0
51336,3919,2.4432803618592565,2.0
51387,2683,3.346135818818081,4.0
51389,216,4.0,4.0
51392,3911,3.893930945240206,4.5
51411,2580,3.6878933555101447,4.0
51413,1034,3.0,3.0
51423,50,3.437759554988285,3.0
51424,1476,3.0,1.0
51424,1580,3.63421309132191,2.0
51424,2396,3.806928223749276,4.0
51459,300,3.4488569228213826,4.0
51460,3684,4.0,4.0
51465,852,3.2600440058750184,3.0
51485,31804,3.0,0.5
51497,339,4.1201249903701616,4.0
51499,353,4.153554879878078,5.0
51499,500,4.047445445826333,3.5
51510,1377,4.201773834905486,4.5
51533,1917,4.078338749795911,5.0
51557,315,4.1850482372595605,3.0
51571,551,2.1885349778067917,5.0
51587,592,3.2998602641520423,3.5
51593,1049,5.0,5.0
51596,1974,3.36223524289643,4.0
51599,4034,4.473771057206152,4.0
51603,3264,3.0,2.5
51610,2571,4.043505367748284,4.5
51621,161,3.5914677981600485,4.0
51641,608,2.4936504271572892,3.5
51673,1941,3.0,3.0
51673,2369,2.9997746820093387,3.0
51673,3219,2.490884828447417,2.0
51673,4067,3.0,2.0
51677,1380,3.455111812433213,4.5
51682,43,3.0,2.0
51687,34,3.4848392867991875,4.0
51687,608,3.7397711065921153,4.0
51692,8984,4.145811441826966,3.5
51707,3275,3.7309506868789586,4.5
51710,260,3.612081826959732,4.0
51741,597,3.7263580647541015,4.0
51753,318,3.8247807662819873,5.0
51753,1499,3.0,2.0
51771,1088,2.148338832581629,2.0
51771,2328,3.0,3.0
51771,4699,3.0,3.0
51775,8874,3.221590495828689,3.5
51778,1192,3.0,1.0
51778,2174,3.745217435919802,3.0
51801,592,4.054338721257159,0.5
51801,30707,3.135499506179431,4.0
51804,5952,3.7835410977879826,5.0
51827,3975,3.0,4.0
51835,4963,3.3107072271392517,4.5
51862,266,4.537537923900513,3.0
51864,1196,3.8839304011856126,5.0
51867,25,3.678645631136729,4.0
51873,1,3.679102815473634,4.0
51876,4979,4.257295469773838,4.0
51885,434,3.867805579949815,3.0
51889,34332,3.0,4.0
51897,288,3.3264707273938354,3.0
51905,1213,4.173788299822266,4.0
51909,1438,2.266659955762839,3.0
51912,1721,3.551024024535685,1.5
51930,648,3.570463998321871,3.0
51937,3910,3.0,3.0
51938,7139,3.5,4.0
51941,574,3.0,5.0
51941,2730,3.0,5.0
51948,4121,3.006686232021466,3.0
51954,1645,3.4037511584949525,2.5
51954,2411,3.214041879725789,3.0
51954,3261,3.0,3.0
51955,3178,3.0,4.0
51955,3470,3.0,4.5
51959,2144,3.5534400296029562,3.5
51959,3386,3.6209530016967797,4.0
51959,6887,3.0,2.5
51959,47610,3.3781892415008534,3.5
51961,1207,4.042331118178443,4.0
51969,140,3.0,4.0
51984,1405,5.0,5.0
52012,3328,4.0,4.5
52012,4344,3.1363438000884774,2.0
52012,6174,3.0,3.0
52020,316,3.1647392740575397,3.0
52035,1196,4.300306260774017,4.0
52036,1457,3.0,2.0
52045,1320,3.8284658257103716,3.0
52048,6290,3.0,4.0
52054,434,3.8210291752725127,3.0
52072,4149,3.0,3.0
52072,44199,4.151230692828313,4.0
52089,539,3.6236361674833004,2.0
52091,1265,4.237293876252606,4.0
52091,1589,5.0,4.0
52113,27808,3.0,4.5
52117,435,1.4996015609827116,1.0
52124,2021,3.3607829887289946,2.0
52129,8528,3.1092606065580903,3.0
52129,54116,3.0,2.5
52165,3783,3.4939154285929237,3.5
52165,4034,3.607713952154543,4.0
52171,1290,5.0,4.0
52177,586,3.47337324368941,2.0
52177,1370,3.588822848456322,1.0
52181,616,3.0,5.0
52184,457,3.638868030547562,4.0
52190,194,3.9970812509013927,4.0
52195,377,3.54897829925346,4.0
52226,3107,3.636675921467996,3.0
52229,1179,4.4070231527039665,2.0
52241,2352,3.3576266796823124,3.0
52241,5110,4.0,3.0
52242,2628,4.128148957769609,4.0
52245,908,4.134796805326102,4.5
52245,1554,3.0,4.5
52257,29,3.9935916605612665,4.0
52270,1387,3.483867163125978,4.0
52272,4305,3.0,3.0
52297,2959,4.747019021906661,5.0
52298,8532,3.0,4.5
52299,367,3.279187411593949,3.0
52301,112,4.297709544313709,4.0
52302,527,4.418510906492755,5.0
52305,4795,3.0,4.0
52328,3556,4.361227746325404,4.5
52334,3823,3.0,3.5
52341,1405,4.498392467352962,4.0
52359,3082,3.17718446576385,3.0
52371,1997,4.296482405976277,1.0
52386,49530,4.104600919565237,3.0
52392,50068,5.0,4.0
52402,454,4.019984368734844,3.0
52409,150,3.186029922554664,3.0
52409,4034,3.223522835000193,4.0
52409,4111,3.0,1.0
52429,50,4.1159001338117776,5.0
52429,173,3.259630992748613,2.0
52438,2542,3.5655681267320047,5.0
52445,555,3.7764231869361367,5.0
52450,280,3.0,2.0
52463,19,3.983164849945857,3.0
52466,367,3.4224468992686488,3.0
52493,44,3.447087009821371,3.0
52511,762,3.746271889020254,2.0
52519,858,4.38185619609586,5.0
52520,1221,3.9746161462511207,5.0
52525,662,3.0,2.0
52529,508,4.084129738648008,4.5
52532,40583,2.9469166098566584,2.0
52536,661,3.5151475397613003,3.0
52551,296,3.8827925657923696,1.0
52552,2278,3.353444584084016,3.0
52572,2329,4.186042741366969,3.5
52575,3639,3.266021435376785,3.0
52577,2372,3.6222417336306205,4.0
52589,2693,3.0,4.0
52592,4228,3.0,4.0
52592,6185,3.0,2.0
52592,7445,3.609311818199403,3.0
52606,590,3.7642229333839983,4.0
52628,3036,3.0,4.0
52630,586,4.060440897791748,4.0
52631,3259,3.0,5.0
52644,28,3.0,3.0
52644,2346,3.0,4.0
52644,2519,3.0,4.0
52650,288,3.9314519188271135,3.0
52653,1759,3.0,3.0
52653,6884,3.0,3.0
52664,3793,4.390617860836605,4.0
52693,8784,3.22791399623064,2.0
52694,3543,3.0,4.0
52706,2378,2.7438123601382847,2.0
52706,4488,3.0,3.0
52715,150,3.0607755232687253,3.0
52719,33794,3.8442019000604106,3.0
52722,2011,2.9041128647382126,2.0
52722,5040,3.0,1.0
52734,454,4.2270975406480105,4.0
52743,2002,4.098293111301577,5.0
52752,539,3.448700953605586,3.5
52765,2278,4.087054579613802,3.0
52766,1097,3.9166801340537716,4.5
52766,4499,4.0,5.0
52790,736,3.6536674350750524,3.0
52800,1246,3.728300985633755,0.5
52807,32,3.0,3.0
52810,3113,3.0,4.0
52811,364,4.03665731954088,4.0
52816,319,3.0,5.0
52816,367,3.8710261516424076,3.0
52828,2418,3.0,4.0
52830,1704,3.851159557243132,4.0
52844,2186,3.8588105275188735,4.0
52852,710,3.0,2.0
52871,1201,3.117048327632776,4.0
52878,50,3.6248223716968044,5.0
52888,204,2.581269031459794,3.0
52888,2710,3.3626566882236504,3.0
52897,4327,3.0,4.0
52919,3247,3.651544396230774,3.0
52920,1617,3.2055899742424403,4.0
52923,508,4.24597314026613,3.0
52928,434,4.118853207589034,4.0
52961,7143,3.5876192055893874,3.5
52966,2123,3.0562007673315565,3.0
52966,6863,3.185958773817518,3.5
52981,26729,3.0,4.0
52983,5171,3.5211299597244383,3.0
52991,2889,3.0,1.0
52995,541,3.924560658617861,4.5
52996,480,3.3159812901212353,4.0
53001,6281,3.8847844913953002,4.0
53014,165,3.683011409659879,5.0
53026,2710,4.029513340471934,3.5
53045,588,4.460755794225409,4.0
53053,2006,4.037209959889733,3.0
53055,4896,3.470647517290783,4.0
53057,206,3.0,4.0
53061,3030,4.75417157902513,4.5
53084,2762,3.67154289930588,4.0
53087,2176,5.0,4.0
53094,3793,3.3037411440952384,4.0
53094,30810,4.031108420595296,4.5
53096,3296,4.0,3.0
53100,585,3.0,3.0
53100,733,3.7448116333831774,4.0
53142,253,3.3927432386667102,3.0
53149,3893,3.776586956099461,5.0
53152,377,3.736463131753013,3.0
53154,457,3.572867820903601,4.0
53165,5952,3.292451444358874,1.5
53197,2019,4.071274893498338,4.0
53198,7438,4.0868131423520415,4.5
53206,3684,3.0,3.5
53206,4776,3.8930202809447523,3.5
53206,8784,4.10522595350729,3.0
53222,494,3.92519011850149,3.0
53227,1627,3.0,2.0
53230,1376,3.0,2.0
53231,5379,3.0,4.5
53236,2324,3.658167318448165,5.0
53241,1970,3.3634841647913563,3.0
53258,592,2.9001979990240683,3.0
53268,508,3.6858403707821425,1.0
53285,1201,2.848462696567126,3.0
53296,454,2.919553398032215,2.5
53301,2013,3.0,4.0
53304,3169,3.0,4.0
53314,110,3.5518043847162684,4.0
53315,2396,3.2217239060589957,4.5
53315,3350,3.0,4.0
53315,4555,3.0,3.5
53316,3578,4.159552547768127,5.0
53321,6564,3.5,2.5
53354,216,2.9043626606233066,1.5
53354,1246,3.4465640670639854,3.0
53354,3893,3.218090401374827,3.5
53354,8094,3.0,5.0
53358,50068,4.0,4.0
53365,2376,4.129193435924734,4.5
53375,1371,3.4820038708713708,4.0
53378,2,3.0420341157673225,2.0
53389,1985,1.9791967042940555,0.5
53389,4504,3.0,2.0
53401,374,2.5,2.5
53401,1752,3.2465529456756212,3.0
53401,2174,3.6618506073533257,2.5
53406,7361,2.4049074430380935,1.0
53406,9005,3.0,4.0
53410,1198,3.7003328514099603,5.0
53416,454,3.4756262756881453,4.0
53416,802,3.338028073322541,3.0
53422,3157,3.0,4.0
53425,942,3.5857152067230014,4.0
53436,3408,4.006471381289591,3.0
53439,339,3.4905550161547794,3.5
53439,1777,3.7407691279395694,4.0
53439,8464,3.923662292863241,4.0
53458,953,4.2375849150556,5.0
53480,5816,3.6398796712249286,3.0
53488,2902,3.817694815680053,4.0
53489,553,3.5063246769217695,5.0
53499,2166,3.0,4.0
53519,2126,2.402067059638252,2.0
53523,2000,2.818507726697736,1.5
53524,1221,3.6279313855745774,5.0
53527,5502,4.270669719049715,4.5
53536,3654,3.70900606898979,3.0
53548,1080,3.884560087946526,2.0
53548,2054,2.277560356850345,3.0
53552,41,3.0,5.0
53556,344,3.950148909826846,4.0
53556,454,4.0465228220837295,3.0
53565,1259,2.916400221009783,3.5
53575,379,5.0,3.0
53584,3489,4.5,3.5
53586,1197,3.4967028464633203,3.0
53588,1258,3.6722159224185873,5.0
53607,4995,4.1287841547125765,4.0
53617,1,3.7053471365251105,4.0
53617,553,3.3452897368295025,5.0
53624,380,3.2019297845881924,4.0
53625,2116,3.0,5.0
53649,3475,3.0,4.0
53654,62,4.649207617161127,4.0
53664,1610,3.9248077741024305,4.0
53664,6188,3.54504918848274,4.0
53664,6333,4.033485181683839,3.5
53671,2949,4.623521900503961,3.0
53683,51931,3.0,4.5
53684,1784,3.9772741792172823,5.0
53687,2028,3.7470600436322843,5.0
53687,2558,3.0,3.0
53694,2297,3.0,5.0
53720,1918,3.216155377143836,3.0
53723,805,3.296105392514077,4.0
53726,4327,3.0,3.5
53731,891,1.0,1.0
53731,955,2.935713611770358,4.0
53736,53207,3.0,2.0
53746,906,3.0,5.0
53748,6874,4.234028126936559,5.0
53749,2987,3.8485652919963056,2.5
53753,260,4.388099808447175,5.0
53764,1199,4.810491062429583,2.0
53766,8861,3.813285925932779,3.5
53768,339,3.1399698939593654,3.5
53768,2922,3.5000000000000004,3.5
53769,6339,3.0,3.0
53772,1834,3.5076605805935244,4.0
53772,3247,3.0762403279326946,2.5
53772,3521,3.0,4.5
53787,662,3.0,4.0
53796,377,3.64617993421754,3.0
53796,879,3.0,3.0
53808,2028,4.124387978518206,4.5
53810,552,3.215731319763183,3.0
53810,3175,3.639499216728152,4.0
53811,1179,4.11627423716706,3.0
53828,5952,4.331273140522666,5.0
53829,457,3.1268428364930614,4.0
53829,946,3.0,3.0
53829,4117,3.0,3.0
53843,315,3.5741648094291656,3.0
53843,353,3.7561731654174504,1.0
53845,7147,4.323004458197076,4.0
53847,1999,1.0,1.0
53852,633,3.0,3.0
53864,745,4.0,5.0
53866,3744,2.0,3.0
53899,1270,4.350680997973398,4.0
53911,1285,4.239405765816449,3.0
53927,1961,4.0304723451934485,4.0
53929,1747,3.372574607837007,1.0
53935,261,4.017858648832219,4.0
53935,4992,4.231589456774847,4.0
53938,605,3.0,3.0
53944,1378,3.456348897436574,4.0
53944,3987,3.0,3.0
53949,1356,3.0,5.0
53951,2599,4.603920185478009,4.0
53961,4452,3.0,4.0
53961,4517,3.0,4.0
53966,1704,4.4472308714304125,4.0
53969,457,3.1040030552033038,4.0
53970,587,4.903481451151259,5.0
53971,261,3.5335034542327572,3.0
53974,5464,3.7707583738587687,4.0
53992,5620,3.5272125409408277,3.5
53994,6708,3.0,3.5
54003,2041,3.0,4.0
54017,47,3.902611490581743,4.0
54023,440,1.4893224734619144,3.0
54040,3552,4.14016446294357,5.0
54044,28,3.0,3.0
54045,356,2.9785518209827355,4.0
54055,1136,3.910784300528568,3.0
54087,5120,3.0,4.0
54089,1085,3.0,4.0
54089,3508,3.887277524354884,3.0
54113,4121,3.6661671226582757,4.0
54120,1,3.706679277383738,3.5
54121,858,3.838474399376286,5.0
54123,173,3.9224437343189513,4.0
54123,288,3.973375742100961,3.0
54126,1907,2.9309745833762046,5.0
54126,4367,3.039205684504637,3.0
54131,612,3.0,3.0
54146,367,3.49563616911056,4.0
54147,597,4.3203809498935755,3.5
54171,2648,3.364359892909777,4.0
54180,2023,4.485718472122723,3.0
54187,8197,3.0,4.0
54189,4427,3.0,2.0
54196,1300,4.481898782547003,5.0
54198,2085,3.0,4.0
54200,6618,3.0,4.5
54205,280,3.0,3.0
54228,1,3.8039283332862888,5.0
54228,750,3.8711086769927596,4.5
54229,1274,4.214525486197482,5.0
54230,2355,3.8153764283606777,3.0
54246,353,3.9363007946601627,5.0
54249,288,3.987325266787151,5.0
54253,1376,4.26888648098772,4.0
54281,800,4.2475357177573905,4.0
54282,597,3.0954580997464634,2.0
54284,1527,3.751937674055215,4.5
54299,62,3.563024656961788,3.0
54300,350,2.838444232360395,2.0
54302,4367,3.9867545760901377,2.0
54315,4166,3.0,4.0
54319,383,3.0,3.0
54319,442,3.5927408784036143,3.0
54320,4034,3.7369654215865284,4.0
54323,12,3.0,3.0
54334,2571,3.934683262486623,5.0
54338,37739,3.0,3.5
54343,260,4.612693719293508,5.0
54363,3578,4.5474626199664305,4.5
54364,4367,3.06116687476487,2.0
54364,6378,3.594971335804871,1.5
54369,2951,3.527268550452645,3.0
54374,339,4.534376605011954,5.0
54386,8665,4.395271557282537,4.5
54399,4886,2.916061177587146,1.0
54399,6764,3.0,1.0
54409,912,3.693767006630887,4.0
54426,968,3.996141403014146,4.0
54426,2987,4.383101202543646,4.0
54436,420,3.6052781708678996,3.0
54444,432,3.6192717595569195,3.0
54467,2081,2.95491176447657,2.0
54468,47,3.4161646742786984,1.0
54484,595,3.701772871280969,3.0
54486,5378,3.9348362441869638,4.0
54489,2648,3.5,3.5
54504,260,3.5677231034979835,4.0
54506,2762,3.793642236241597,4.0
54520,4084,2.3430559353782225,3.0
54532,19,3.76947134534252,2.0
54535,1198,4.228630485571008,3.0
54544,48780,4.101464084130539,3.5
54560,678,4.0,3.0
54560,2925,3.0,5.0
54561,1959,5.0,3.0
54562,2987,4.175960687883194,3.5
54603,836,4.482751229774061,2.0
54614,288,3.997927365360943,4.0
54615,276,3.5,3.5
54620,1276,4.181682570713928,5.0
54628,4144,3.0,4.0
54630,292,3.0391577647056356,3.0
54642,1230,3.420383452678148,4.0
54646,2085,3.3445236495721153,2.0
54654,37729,3.2205440711304663,2.5
54657,185,4.102004826537281,3.0
54661,2490,3.2472574627086437,3.0
54686,1222,4.550340795990401,5.0
54691,900,2.9925293097925003,5.0
54695,5812,4.0,2.0
54730,31878,3.8285721687949974,4.0
54731,32,3.9920141148169175,5.0
54731,8576,3.0,4.0
54742,316,3.9055324310784747,4.0
54742,1036,4.023890625626515,5.0
54747,4011,3.1819356484524324,4.5
54767,27664,3.0,0.5
54790,1357,3.2555857288116603,3.0
54798,6934,3.779043572449472,5.0
54840,595,3.6527868713684266,4.0
54845,1196,4.67994573061766,4.0
54859,6323,3.794124263162572,3.5
54861,608,3.992005367492857,5.0
54869,3255,4.625662358520668,5.0
54885,4011,3.896445856544889,3.5
54891,1779,3.0,4.0
54895,32,4.17391806039999,3.0
54903,3,3.9821098642756856,4.0
54903,247,4.739587510375236,5.0
54903,1245,4.92214488396071,5.0
54903,3253,4.37748580579991,5.0
54906,494,3.748129546215589,3.0
54922,1544,3.8875283031557464,3.0
54922,2949,3.881180950212991,4.5
54922,3666,1.0,2.0
54922,4228,3.0,4.0
54927,2012,3.4696759221339346,3.0
54953,116,3.0,4.0
54958,370,4.663659740621051,3.0
54962,589,3.551769181699505,5.0
54970,2628,4.66243143471558,4.5
54972,548,2.504233184685768,3.0
54990,2605,3.2342242157441228,2.5
55003,648,4.001576997675961,3.0
55005,1093,3.0,4.0
55005,2276,3.0,5.0
55022,3175,4.109858820232362,1.0
55025,692,3.0,4.0
55033,3948,3.1456627523475507,2.5
55035,1954,3.766962056753671,5.0
55036,2583,3.0,5.0
55040,4034,3.0796345886706424,3.5
55046,6006,2.0,1.0
55046,51931,3.0,2.0
55046,57528,2.6999504545224053,1.5
55050,410,3.646604305745258,3.0
55055,1092,3.8958672992590175,3.5
55055,5309,3.0,3.5
55057,3639,3.81919005415841,4.0
55071,1923,2.880999734523733,3.0
55083,1617,3.4593908091264955,3.0
55097,4246,2.9847154361944406,1.5
55097,4890,2.7665948109850813,1.5
55114,104,3.0,3.5
55115,193,3.0,1.0
55123,2686,3.0,4.5
55126,586,3.327445945852826,4.0
55134,1377,3.8482276778833056,3.0
55134,2788,4.493409373096938,4.0
55137,1396,4.530952545587309,5.0
55157,4226,4.259713776330723,4.0
55159,215,3.0,2.0
55161,2088,4.0,2.0
55161,3534,3.0,4.0
55189,7,3.0877482016743776,3.0
55192,2136,3.0,4.0
55196,8370,3.0,4.0
55200,1296,3.8073823191242666,4.0
55201,3256,4.092923219172226,5.0
55213,4018,3.798873078255971,4.0
55223,4310,2.7169291307593153,2.0
55228,2797,4.084129403649706,3.5
55228,5481,4.038441745656953,4.0
55236,8961,3.8043403666678888,3.0
55244,172,3.1283462616418616,2.0
55246,208,3.869958852685816,2.0
55246,1614,3.0,2.0
55248,908,3.8300613909516232,5.0
55251,1498,3.0,3.0
55251,2043,3.0,3.0
55268,1186,4.1019986835217175,3.5
55277,4146,3.0,3.5
55280,1321,3.2545220879254937,4.0
55280,2407,2.889206158594147,3.0
55288,377,4.45933598188119,4.0
55288,940,3.0,5.0
55292,2699,2.99929261940727,1.0
55296,5952,2.9350422054757446,4.0
55308,317,3.577301971179475,3.0
55310,1907,3.0,1.0
55315,1739,3.0,1.0
55318,10,3.766535220433992,5.0
55318,2001,4.069507133524193,5.0
55319,44199,4.243271467489993,4.5
55328,272,3.484713808357928,4.0
55346,1377,3.6626560430761814,4.0
55376,1356,3.597854082372773,4.0
55379,1242,3.9891410538336323,4.0
55379,1917,3.6234017695283387,3.0
55393,3952,3.0,4.0
55414,508,3.8167360006707995,4.0
55425,1250,4.296580352151641,4.5
55427,1485,4.248240059743716,4.5
55427,5952,3.9982486649916664,2.5
55427,8961,4.119109054933729,4.5
55428,1252,4.172529724827285,5.0
55433,6485,3.0,4.0
55433,8266,3.0,3.0
55436,6188,4.028696196217051,5.0
55458,671,3.0,5.0
55458,1079,3.3937907085591736,4.0
55458,1381,1.0,1.0
55461,5219,1.8754984461859512,2.0
55465,6936,1.0920105007278482,3.5
55468,1201,4.646627641952498,4.5
55470,6333,4.007885599112026,4.5
55484,54,3.0,4.0
55484,548,3.5358593685581425,5.0
55487,48997,3.0,1.0
55492,7114,3.0,3.0
55509,1061,3.9896868744815657,4.0
55517,1218,3.0,4.0
55519,3317,3.8206356928670755,2.0
55559,1291,3.4844900286483136,5.0
55569,3006,4.255596507864672,5.0
55577,923,4.647868355504808,4.0
55577,1924,3.0,4.0
55577,2009,4.200869246166252,5.0
55587,914,4.02282096576004,3.0
55587,965,4.399554344616618,4.0
55587,2871,4.2282638283043825,4.0
55591,248,4.331949294594252,4.0
55593,39,3.6926000802580674,3.0
55593,3551,4.000814997648744,3.0
55623,25,4.014361771152887,5.0
55626,471,3.3705553947123845,3.0
55647,527,3.3333301167015126,4.0
55651,610,3.0,4.0
55656,4018,2.370159221191067,3.0
55658,1028,3.690208998545904,4.0
55665,355,3.7995969582199187,3.0
55668,1954,3.323639044774957,3.5
55683,1265,4.377348465275028,5.0
55690,750,3.777754006943839,4.0
55692,836,4.0,3.0
55696,1210,3.747324643969878,3.0
55703,780,3.377219010952699,4.0
55716,3328,3.0,4.0
55743,2989,3.0,4.0
55753,162,3.0,4.0
55758,568,3.0,5.0
55759,2541,5.0,4.0
55771,7323,4.181110121048904,3.0
55777,2640,3.756170943710997,3.0
55784,6709,3.0,2.5
55788,1257,3.739678881406015,4.0
55788,2027,3.0,1.0
55788,3175,3.4662114380065634,2.0
55811,204,3.5265450337383424,3.0
55812,1953,3.324271871073963,3.0
55817,1693,3.0,4.0
55823,899,3.946034340803976,3.0
55827,3267,3.0,4.0
55844,50,4.015665664359596,5.0
55856,2109,4.423871664816023,5.0
55856,3247,4.304874170776766,5.0
55867,410,3.7825658894178726,4.0
55873,1221,4.360979901142974,5.0
55877,2291,3.5259355965527073,4.0
55877,6333,3.522502199978047,4.5
55882,588,3.9506455213831053,4.0
55883,1320,3.6537821233813674,3.5
55883,1408,4.012771741521734,4.5
55885,1947,3.9504915432636283,4.0
55886,318,3.0,4.0
55901,6,4.364771148463529,5.0
55908,380,3.9859469506793777,3.0
55921,1292,3.727643529498831,4.0
55923,2012,4.303024917647416,1.0
55939,44759,3.0,2.5
55952,1258,3.3197164596269646,2.5
55969,1967,4.199578206162572,4.0
55981,2542,4.164579872821928,4.5
55989,329,3.2052581317063766,3.0
55993,2002,4.000219167661934,3.0
55993,3301,3.357240638471354,4.0
56009,2000,3.7222096759724215,3.5
56015,928,3.5890249330820168,3.5
56015,3257,3.5,3.0
56020,3967,3.959437887991857,4.0
56038,969,4.758785899052806,5.0
56043,3255,4.257407667474711,4.0
56047,1704,3.3338869324003726,1.5
56071,585,3.449672506838727,4.0
56079,2808,3.5269484548593484,3.0
56082,40815,2.9558614305697724,3.0
56087,1361,3.0,5.0
56088,903,4.346833589096261,5.0
56092,741,3.5259187211719545,4.0
56106,2076,3.2506649668651075,3.0
56115,339,3.7280974412280976,5.0
56122,2355,3.391456770746971,3.0
56122,5009,3.0,4.0
56125,1994,3.6829159695739304,4.0
56127,1247,4.429535669713071,5.0
56128,2791,4.1180362928877825,3.0
56156,899,4.499549265729448,5.0
56158,1897,3.0,3.0
56158,2563,3.0,4.0
56158,3052,3.410079255824799,4.0
56180,2081,4.033502393157675,3.0
56198,4037,3.0,3.0
56205,181,3.0,0.5
56205,1101,3.209729250206112,3.5
56256,1186,4.738029840321812,4.5
56259,2403,3.6277840726885073,4.0
56271,2712,4.2149912259299,4.5
56292,440,4.318627346530408,4.0
56299,7147,3.1715841710917845,3.5
56302,2188,3.0,4.0
56305,1093,3.0,3.0
56306,187,3.0,3.0
56311,1611,3.0,3.5
56319,95,3.9724809769350546,4.5
56320,3834,3.0,4.0
56325,2080,3.896899700958887,3.0
56342,733,3.5876223097023052,4.0
56342,1193,3.8863005891120768,5.0
56342,2671,3.708793503091186,4.0
56345,288,3.5431643858388355,3.0
56347,4291,3.6121289935378735,3.0
56350,2903,3.0,4.0
56354,41997,4.0733967869012,3.0
56361,1213,4.492123821004543,4.0
56361,8665,4.481165698520971,4.0
56386,3139,3.0,3.0
56386,4124,3.0,1.0
56406,1907,3.8186196391525007,4.5
56410,2863,2.9010875615888545,3.0
56415,4306,3.286889900788693,4.0
56416,2034,3.987493993383726,3.0
56420,1732,3.684187020227047,2.5
56433,48,4.258890835487078,4.0
56463,680,3.0,4.5
56463,2378,3.043030632206306,3.5
56475,1964,3.0,4.0
56488,2676,3.0,4.0
56489,223,3.674216967020757,3.0
56490,6377,2.236123849501058,2.0
56504,3179,3.0,4.0
56513,916,3.954030380636607,3.0
56524,8950,4.608401981072432,4.5
56525,44191,3.3684018508659395,4.0
56533,68,3.0,4.0
56543,3996,3.373776760935374,4.0
56550,4975,4.030015805660279,4.0
56554,1291,4.35536835428878,4.0
56557,6820,3.0,4.0
56610,2706,4.001960976249992,3.0
56611,3396,3.0,3.0
56620,5219,3.947293149663748,4.0
56620,50445,3.0,3.5
56627,1920,3.0,3.0
56637,1694,3.0,3.0
56637,2413,3.6118674923906244,2.0
56637,2739,4.154885356994358,5.0
56650,173,2.4007594240928274,2.0
56658,2301,4.194187322885311,4.0
56662,1391,3.2726176294001776,2.5
56662,8147,3.0,3.5
56665,1137,3.0,3.0
56678,355,3.917879350656123,3.0
56686,3361,4.486580386054052,4.5
56690,1295,3.0,4.0
56698,3101,2.974866256622322,3.0
56702,2470,3.2454432643631432,3.0
56702,4833,3.0,0.5
56707,2473,2.0,3.0
56714,2542,3.817161689832712,4.0
56733,5,3.0,4.0
56734,8528,3.8761034810380703,5.0
56736,2706,3.8714605150263313,4.0
56737,4816,3.312159716700997,4.5
56740,5459,3.442424296453528,3.5
56743,1754,3.0,4.5
56744,1296,4.343570496425447,4.0
56748,3174,4.0,4.0
56759,597,4.928117046355718,5.0
56765,1198,4.223663548893567,5.0
56788,6888,3.0,3.5
56794,2599,4.1975223319158905,4.0
56794,3916,3.3179979503068724,3.0
56803,145,3.4179836541127577,3.0
56817,780,3.3838284012823254,4.0
56819,4776,3.878236838350572,3.0
56819,40826,3.0,4.0
56825,485,2.515411770572998,1.0
56834,329,3.322956212674464,2.0
56834,440,3.2754138014062613,2.0
56840,1230,4.9569131439516845,5.0
56854,588,3.0977618589249483,3.0
56858,1347,3.2780197254046755,3.0
56859,1093,3.0,3.0
56861,832,3.64932386422271,4.0
56862,442,3.6481882402283934,3.0
56867,2,4.074858679026568,3.0
56871,8984,3.4455820224782965,4.0
56887,8623,3.0,3.0
56892,225,3.1462531848582826,3.0
56896,1544,3.3507885959770896,4.0
56901,3863,3.421973664289689,3.5
56906,2918,3.4449268096591754,3.0
56908,1476,4.0,4.0
56908,1975,3.297011892504865,3.0
56913,105,3.74296427621529,2.0
56915,27700,3.0,4.0
56916,838,4.575926186591106,3.0
56918,5349,3.4183166238792593,2.0
56918,7153,3.695253902249556,4.5
56919,2717,2.918507288260388,2.5
56924,3,4.02009253368587,5.0
56933,562,5.0,4.0
56939,203,3.0,3.0
56958,50,3.676475034210271,4.0
56961,497,4.268644143440698,5.0
56962,608,3.9157148306316407,5.0
56986,527,3.6871430006612878,4.5
56990,2628,3.747215706700633,4.0
56990,45722,3.914581497670492,4.0
56992,2161,3.7651870836633314,4.0
57021,1917,3.190843567364613,3.0
57024,8961,4.257652505443008,5.0
57024,55261,3.0,3.0
57030,951,4.114037566432505,5.0
57031,3980,3.0,4.0
57035,2585,3.0,4.5
57044,1246,3.249867814957665,5.0
57046,541,3.6606539508616702,4.0
57050,32,3.7652019221556796,3.5
57058,2140,3.4983183422445925,1.0
57061,3959,4.0,4.0
57064,8665,3.601618650107182,3.5
57081,2533,1.8108622405799708,1.0
57082,1258,3.0944057432588497,3.5
57090,344,3.489418123482824,2.0
57120,1176,3.0,4.0
57120,2115,3.599286462574194,3.0
57120,8917,4.262481513589001,4.0
57122,1466,4.293908179630499,3.0
57126,592,3.094305582894692,2.0
57126,6338,3.0,1.0
57126,6558,3.0,3.0
57131,342,5.0,4.0
57137,2390,5.0,3.0
57150,511,3.0,5.0
57150,589,4.019592252241893,5.0
57163,653,3.1137814665744865,3.0
57174,714,3.0,3.0
57193,3745,2.959707471379194,3.0
57197,2989,3.0,3.0
57201,1438,3.375474839579412,2.0
57213,3698,3.8013234259773228,2.5
57219,2804,4.078751483178209,5.0
57221,253,4.177694015415297,3.0
57233,11,4.352031394519792,5.0
57237,1949,3.0,5.0
57249,1873,3.0,3.5
57266,4901,4.241871490613707,4.0
57274,6807,4.014291435281611,5.0
57274,58559,3.603943141184608,4.0
57276,2719,3.0,2.0
57278,1408,3.941179022240505,4.0
57298,42738,3.0,5.0
57299,1387,3.644673756530519,4.0
57299,6885,3.0,3.0
57304,5378,4.414489878808653,4.0
57305,2011,4.203851424422228,3.0
57309,8636,3.7084211349213527,3.5
57312,1320,3.394256222334872,2.0
57312,4005,3.0,3.0
57313,4085,3.3169798936010855,3.5
57315,6281,3.6504909656801607,3.5
57315,33903,3.0,4.0
57333,5952,4.083825980829624,4.0
57343,8154,3.0,4.5
57350,38061,4.370169747933415,3.5
57358,2985,3.4478337256121083,3.5
57358,4848,3.553619427852467,3.5
57367,3148,3.998598619595962,3.5
57395,1580,4.239643782751853,4.0
57400,2662,4.503843675172147,4.0
57402,3360,4.00698361268726,4.0
57406,3967,3.883165342506021,5.0
57411,303,3.801444589094419,4.0
57414,14,3.0000000000000004,3.0
57420,37729,3.350796297276526,3.5
57430,308,4.485749301717583,4.0
57433,8811,3.0,3.0
57437,6283,3.0,3.0
57444,832,3.0,3.5
57475,2715,3.0,2.5
57477,25,3.2545680454497403,4.0
57481,2432,3.0,2.0
57484,551,3.6412152841640433,3.0
57500,3173,3.0,4.0
57501,1179,3.8828029420246843,3.5
57526,266,3.5362970448519677,3.5
57535,17,3.1284331474520832,4.0
57548,2571,3.8902273611790252,4.5
57558,5878,3.8611076576337267,4.5
57558,6953,3.6810649503996506,4.0
57564,1304,4.777941731933775,5.0
57566,2949,3.0239826049045426,2.0
57566,4466,3.0,2.0
57567,1200,4.283886483050452,4.0
57577,54503,3.9945283549438946,4.0
57589,344,3.7498418800731073,4.0
57592,1306,3.0,5.0
57594,482,3.0,5.0
57603,2171,3.0,4.0
57606,780,4.044188442623886,4.0
57612,1760,3.0,1.0
57612,2513,3.030267210521743,3.0
57612,4128,3.677424959992074,4.0
57618,1653,3.337213988045764,3.5
57631,315,2.903497523082485,3.0
57636,58839,3.0,4.0
57637,6593,3.0,0.5
57641,3578,3.1773279195516184,1.0
57669,7153,4.3097466784743315,4.0
57683,2046,3.6346588054237827,3.5
57683,3744,2.0,4.0
57684,2396,3.756311387078799,5.0
57685,39,3.3314757009690434,3.0
57696,1962,3.9571709250551934,4.0
57705,1639,3.859229433442974,3.5
57710,1198,4.653687907758143,5.0
57713,339,3.4211055729685675,3.0
57716,2599,3.779812514986347,4.0
57730,1221,2.2492174924596617,3.5
57730,2109,1.5015242663917274,1.5
57750,955,4.795845473800316,3.0
57753,47099,5.0,5.0
57753,62999,3.0,5.0
57775,3160,4.481555930213193,4.0
57777,593,3.976178067975147,4.0
57784,1225,3.478742767558727,4.0
57784,2372,2.6768185312744963,3.0
57797,7155,3.0,3.0
57802,2701,3.668576823759073,1.0
57826,1080,3.7493271711379443,4.0
57829,7288,4.758393374292717,4.5
57829,44191,4.376949828303012,5.0
57848,79,3.0,2.0
57855,2668,2.0,5.0
57860,529,4.292128058482436,5.0
57862,1974,3.2354315586131475,3.5
57874,932,3.749939663971248,4.0
57879,1210,3.951300502315934,2.0
57884,19,4.500898093597209,3.0
57889,4641,4.0267798728385555,4.5
57905,48516,4.439898934975022,4.5
57909,1923,3.692737612594603,3.0
57917,2321,1.9993590146687958,2.0
57917,3263,3.0,2.0
57922,1372,4.040017893453605,5.0
57926,299,3.0,4.0
57952,7361,3.910232887784794,3.0
57977,7323,3.9148069632141724,4.5
57989,2762,4.248850880529877,4.0
58000,56367,3.909743160034129,4.0
58002,786,2.960317221827003,2.5
58006,2416,2.4813649660310233,2.0
58031,318,3.884795543569351,4.0
58033,2243,4.59923318936759,4.0
58038,539,3.3023437830911426,3.0
58043,1954,4.18683796818459,5.0
58049,23,2.295457863418444,2.5
58049,261,3.632957075855398,4.0
58049,3908,3.0,2.0
58049,39715,1.5,2.0
58051,1833,2.7041636267937204,1.0
58064,1150,3.0,4.0
58069,7438,3.7259280373715797,4.0
58075,2549,3.0,1.0
58087,1214,4.195263572536619,5.0
58087,3494,4.0,4.0
58087,8529,3.8634489713109375,3.0
58095,6942,4.193141376262488,2.5
58105,2081,4.093389962236693,3.5
58110,626,3.0,3.0
58118,463,3.0,1.0
58118,1831,3.350545135475653,3.0
58120,474,3.35242275391407,4.0
58122,3956,3.0,2.0
58134,587,2.9327309643210393,3.0
58140,1918,4.021393618026388,5.0
58145,232,3.0,3.0
58157,282,3.270653400136899,5.0
58160,2085,3.0,4.0
58161,1252,4.275902190603099,5.0
58174,58299,3.0,2.5
58175,2948,3.1459885515138413,3.0
58198,480,2.2974121014448556,4.0
58210,1784,3.350196534973113,4.0
58210,2015,2.493250418178967,3.0
58222,2106,3.0,4.5
58223,708,3.0,4.0
58244,903,3.444349723455577,4.0
58244,1523,3.0,3.0
58244,2193,2.524911588657047,2.0
58249,86,3.0,4.0
58253,4980,4.12065179699819,3.0
58253,7842,4.0,4.0
58253,8961,4.115215121808741,5.0
58264,1209,4.750914194686087,5.0
58264,4886,4.345299527658624,5.0
58300,2671,3.7078028090427777,4.0
58301,6337,3.0,2.0
58307,4776,3.419446985025689,3.0
58310,1961,3.9887943196604074,4.0
58310,1976,2.459846925732958,4.0
58312,1347,3.426821964415891,3.0
58316,965,4.151810557530627,4.5
58316,1081,3.0,3.0
58319,45,3.6852094045269617,4.0
58321,10,3.226478165613215,3.5
58324,2680,3.0,3.0
58351,165,3.2931128282775677,2.5
58357,714,3.0,3.0
58357,1004,3.0,3.0
58357,1190,3.0,3.5
58357,26776,3.5,3.0
58379,587,2.914639026241571,3.0
58384,858,4.0,3.0
58412,2762,3.523555990073896,4.0
58414,2302,4.246103259164897,5.0
58438,778,4.06139307481162,5.0
58438,48774,3.6905370948888034,5.0
58451,1276,4.199301829063802,4.0
58464,367,4.132028231877586,3.0
58470,1215,4.0385987738769265,5.0
58470,4275,3.0,2.5
58473,608,4.254330252587276,2.0
58480,515,3.8624208161168405,4.0
58483,1035,4.309597238479446,5.0
58488,253,3.801061625113122,4.0
58511,48516,3.5096234962097244,3.0
58513,832,3.8334130651821363,4.0
58529,25,3.153417741930675,5.0
58533,5377,3.3342472769201623,2.0
58534,3608,3.928552674440956,3.0
58544,1918,3.4225292968244903,5.0
58544,3264,2.6610501625668666,3.0
58555,1247,3.838513349003027,3.0
58558,2642,4.456394587040006,4.0
58573,3681,3.0,4.0
58576,1214,3.2903830926455613,3.0
58576,2399,3.0,3.0
58583,7022,4.017656250060957,4.5
58590,1183,4.235695160233575,1.0
58590,1957,4.322910011497103,4.5
58597,296,4.2649649410842345,4.0
58610,3489,3.7782717556363252,4.0
58613,3702,4.842847819647144,5.0
58615,3178,3.0,5.0
58634,42,3.0,3.0
58636,1584,3.7017244388838333,4.0
58655,1015,3.0,4.0
58657,1831,3.3616069083379956,2.5
58685,762,2.8696558999533988,2.0
58691,2747,3.0,3.0
58697,380,3.6106397504447214,3.0
58709,5074,3.0,0.5
58712,4085,3.837486586208558,4.0
58716,31410,3.0,3.5
58729,10,4.07179794916042,4.0
58751,105,3.073020488926448,5.0
58751,165,2.9572921308683378,2.5
58751,207,2.82537459366697,2.5
58774,1136,4.253706836233711,5.0
58802,50,3.7533221294956136,3.0
58803,318,4.087302915658405,5.0
58830,434,3.9950969566474352,3.0
58836,1917,3.7961183447552043,0.5
58837,1339,3.309243588947859,4.5
58848,500,3.7610510717895274,3.0
58850,762,3.2485143253236264,1.0
58855,1580,3.9095280549849223,3.5
58859,1222,3.6765973153136597,4.0
58860,7361,4.001491961462284,4.5
58879,255,3.0,1.0
58886,555,3.279313108017699,3.0
58890,673,3.0,2.0
58895,2006,2.460218398130701,0.5
58900,1198,3.9261318918559502,4.0
58913,1079,4.184677193662958,3.0
58929,34,3.7217701568432555,3.0
58940,5782,3.0,5.0
58953,7373,3.795057410252163,4.0
58959,4283,3.0,4.0
58961,1220,4.895222179308022,4.0
58971,2093,3.0,2.0
58979,121,3.0,4.0
58989,7438,3.0109985014152407,2.5
59002,3421,4.16275021054793,4.5
59007,480,3.741232945931986,5.0
59015,1721,3.8113844667588452,1.0
59015,2871,4.016057091053776,4.0
59026,272,3.2923441375591604,3.5
59036,190,3.0,5.0
59051,1453,3.0,4.0
59062,1580,3.533103563583848,3.5
59067,1732,3.8136864715837615,5.0
59074,1270,3.638259766649948,3.0
59076,2011,4.594018641265722,4.5
59092,2011,3.5728783493698923,4.5
59092,26479,3.0,4.0
59104,1222,3.8213120127401616,5.0
59105,296,3.693923721387554,5.0
59115,4022,3.995933167046437,3.0
59150,1485,2.9431801807464995,3.0
59163,4397,3.0,2.0
59163,4448,3.0807952107905985,2.5
59165,49649,3.0,2.5
59169,2712,3.482951364536387,2.5
59196,635,3.0,4.0
59219,345,4.0,4.5
59219,3671,3.387217932799679,3.0
59220,491,3.8274348589399305,4.0
59221,2710,4.210338997436321,3.0
59230,4246,3.1062708182973924,2.5
59238,2906,3.0,3.0
59239,3593,2.0,2.0
59249,230,4.0,4.0
59249,4091,3.0,3.0
59260,4958,3.0,3.0
59260,7389,3.0,2.5
59261,4025,3.743456128297117,4.5
59261,5989,3.3285277906445594,3.0
59264,1041,4.452429955967573,5.0
59265,13,3.0,3.0
59265,743,3.6472768220736462,4.0
59267,7361,3.2167900018988833,4.0
59269,991,3.0,4.0
59269,1088,3.8468212976511067,3.0
59269,1136,3.8509961270581803,4.0
59269,2832,3.0,3.0
59269,3248,3.0,3.0
59269,5023,3.0,4.0
59269,5994,3.0,4.0
59269,8995,2.884393878234347,2.5
59271,539,2.957249880175751,4.0
59280,7569,4.0,4.0
59287,534,3.0,5.0
59306,2664,3.0,4.5
59306,5618,4.233514985435316,4.5
59312,1380,3.216336524111608,3.0
59316,848,3.0,4.0
59317,300,4.142136759374838,5.0
59326,3977,1.9719468562358722,0.5
59326,6754,1.8622643389051416,1.0
59339,1485,3.622978444146041,2.5
59344,2105,3.654621040683608,4.0
59345,2719,3.0,1.0
59365,4874,2.971762236601945,2.5
59366,965,4.44302693742925,4.0
59366,2366,3.9741753087417195,4.0
59375,955,3.816413060309616,4.0
59381,435,3.071238544487049,3.0
59409,1127,4.08953908151981,5.0
59409,2054,4.233807823253174,3.0
59435,47,3.1952435933070573,3.0
59440,1247,4.382989788002565,4.5
59446,223,4.186577310489732,4.0
59462,260,3.7533628069958134,4.0
59467,344,4.17373005334128,4.0
59468,4642,3.4999999999999996,4.0
59472,2044,3.0,1.0
59474,5349,4.332195746310998,4.0
59483,1028,4.076268173106585,3.0
59487,1193,4.0,4.0
59499,60647,3.0,3.5
59504,1092,4.2239368350059285,3.0
59525,678,3.4999999999999996,4.0
59528,350,3.5607659927738218,3.0
59529,2797,3.627383037695153,4.0
59533,4027,3.3777416675752434,3.0
59546,3477,3.0,2.5
59552,2580,3.814799023413114,1.0
59585,161,3.1531733208507675,2.0
59591,316,4.2830570667536625,3.0
59598,724,3.330882733563146,3.0
59598,4034,3.8968095731791474,4.5
59604,902,3.866930156771243,3.5
59604,3702,3.580470624434408,4.0
59611,1084,3.5365659366485285,3.0
59630,145,4.492387335274181,4.0
59643,5598,3.0,3.0
59643,31555,3.0,1.0
59655,2290,3.0,3.0
59655,2355,3.293348177391809,4.0
59659,1285,4.0106272087978905,4.0
59659,2327,3.4971093793302743,2.0
59659,3884,3.0,1.0
59667,1466,3.411807135257133,4.0
59681,1747,3.4261298359239283,3.5
59686,1125,5.0,5.0
59695,900,3.658850423027163,3.0
59703,2907,3.0,2.0
59725,1198,3.464165625721692,3.5
59750,1620,4.487263533907551,4.0
59766,4914,4.006177753832453,3.5
59766,6953,3.912044490219973,5.0
59766,27772,2.5,2.5
59774,50,3.931670542585818,5.0
59778,616,5.0,5.0
59787,328,3.0,1.0
59791,1958,3.481885987837858,4.0
59797,991,3.0,4.0
59812,329,3.1688006530528,4.0
59815,1,4.075015480373759,3.0
59818,2369,3.480345360653601,3.0
59820,1488,3.0,3.0
59820,2676,2.0,1.0
59825,2701,3.6358340811364314,2.0
59849,590,3.3569864503298543,3.5
59849,1259,3.569734475695273,5.0
59853,367,3.57993357300501,1.0
59853,2443,3.0,5.0
59854,8636,4.396545483491673,4.0
59863,196,3.0529823678758023,3.0
59873,2589,3.0,1.0
59873,2920,3.0,5.0
59879,16,4.460710945437837,5.0
59880,173,1.5,1.5
59896,548,3.0079282799524245,2.0
59903,8270,3.0,3.5
59904,2643,4.0,3.0
59907,783,3.0,3.0
59934,27728,4.0,3.0
59936,2746,3.7783331712661603,3.0
59941,3097,4.0,3.0
59941,33493,3.923420711197508,4.0
59943,433,3.0,3.0
59952,2340,3.0,3.0
59958,2808,3.006331972116527,5.0
59974,5377,4.302964168647927,4.0
59977,465,3.0,3.0
59977,3152,4.645444613552048,4.0
59977,3489,3.7163137254604295,1.0
59988,4343,2.6293234761046813,1.0
60021,1357,3.130334866204356,3.0
60021,3683,3.899664635382877,3.5
60030,6,4.0,5.0
60043,50,3.427196490170688,4.0
60044,296,3.501550972956133,3.0
60053,8340,3.0,4.5
60057,300,4.246169687514865,4.0
60059,377,2.8629812211527317,3.0
60059,2617,3.6952270946374286,3.0
60060,661,3.5,3.0
60072,40,3.0,3.5
60078,2401,4.099194739935041,5.0
60084,2328,3.0,3.0
60100,1653,3.8463797109200626,4.0
60100,3163,3.0,3.0
60101,1885,3.0,2.0
60126,380,4.275604677596236,3.0
60143,911,4.549811928752017,5.0
60145,1292,4.21873627435135,4.0
60149,33794,3.847305817100906,4.5
60151,1653,3.909706297151432,4.5
60162,2424,3.846518716858551,4.0
60170,7160,4.0,4.0
60190,48780,3.4928486246047243,3.0
60192,593,3.838477737972005,4.0
60194,5308,4.5,3.5
60197,380,3.5849334236858788,3.0
60202,53000,3.049694911407653,2.0
60204,4515,3.0,3.5
60205,608,4.42948993736965,5.0
60208,3468,4.390237160340723,4.0
60209,2858,4.197198711851653,5.0
60241,1307,3.8268572284727025,3.5
60247,1648,3.0,4.0
60265,4102,3.0,5.0
60267,588,3.2255009428033485,4.0
60280,21,3.6828250954461588,4.0
60299,2302,3.9497657064536615,3.0
60299,3254,3.675930581088919,2.0
60302,994,4.50332554258985,4.0
60307,1292,3.4602768493010103,4.0
60309,48,3.2070284359374495,1.5
60316,8665,3.991293822741516,4.0
60323,34048,3.509187766860972,3.0
60331,3861,4.0,3.5
60332,39,3.214389768832886,3.0
60338,1721,4.3848286402166075,3.5
60347,55820,4.216334010787343,4.5
60352,47,3.8162160486749492,3.5
60355,6565,3.9511116928877894,4.0
60362,2826,3.613611593640415,4.0
60365,163,3.757066623823822,5.0
60365,593,3.7939582872965953,5.0
60368,2987,3.0993598290782196,5.0
60369,4223,3.8063835648262283,4.0
60377,1393,3.922341776012795,4.5
60404,6503,4.856598087279741,4.5
60417,736,4.503330594614631,4.0
60419,416,3.0,3.0
60435,151,3.989248141122159,4.0
60435,628,3.607677395630456,5.0
60450,2459,3.0,2.5
60450,33615,2.99609469907895,4.0
60452,8961,3.5948625906887193,4.0
60457,32587,3.5933565500354474,3.0
60460,4034,4.263288804905335,3.5
60466,4979,3.1722081846566432,4.0
60481,2324,4.672198106316463,4.0
60485,745,3.0,1.0
60485,1405,2.003215065294076,1.0
60499,442,3.186508835290275,3.0
60511,493,3.0,3.0
60513,588,3.8327586382897527,4.0
60517,2328,3.0,3.0
60522,912,4.174674290342063,4.0
60524,1,3.625425838857469,4.0
60524,1449,4.030577947153329,4.5
60529,1387,4.058947740936067,5.0
60536,3176,3.4808180453449817,4.0
60540,1263,3.667181279062213,5.0
60541,293,4.209362307297842,3.0
60549,1279,3.0,5.0
60556,27801,3.0,4.0
60562,5618,4.484320475379202,5.0
60564,586,3.675291403341166,3.5
60565,1120,3.719389153966163,4.0
60580,1663,4.264852952549106,4.0
60580,2991,4.542204507702086,5.0
60582,1333,3.688815457489069,2.0
60582,1920,3.0,2.0
60591,1245,3.5686432028432464,3.0
60596,2700,2.686742431558059,3.0
60600,1653,4.038371420350589,3.0
60612,1673,3.3244687078134825,4.0
60614,4912,3.0,4.0
60627,339,3.2364538261318527,4.0
60632,497,2.919028270500043,1.0
60632,3178,3.0,3.5
60637,1192,3.0,4.0
60644,3524,4.0,3.0
60651,4226,4.073186698178459,5.0
60656,2167,3.3719365236290777,3.0
60657,2011,3.7081739949013865,3.5
60662,1291,3.693127031144667,4.0
60684,170,3.341465282016316,2.5
60684,2567,3.5,3.5
60686,3,4.031627344509519,4.0
60693,1608,3.6047941608376215,3.5
60697,1220,4.134666283807191,4.0
60704,3005,3.9997854259023184,5.0
60705,1092,3.4465862202887276,2.5
60706,317,4.220198615642735,3.0
60710,903,4.226471132933118,4.0
60713,5878,3.416618943609436,3.0
60717,2696,3.0,4.0
60720,1275,3.6210938708603964,4.0
60720,2194,3.86483828331053,3.0
60720,4285,3.0,3.0
60725,231,3.5188785463737817,4.0
60747,778,4.154087318136477,4.0
60751,293,3.584780437184857,3.0
60751,2070,4.0,3.0
60765,1701,3.0,1.0
60771,2541,3.575488203960361,4.0
60785,2018,4.206674161213817,4.0
60811,590,3.721916820205169,4.0
60811,2321,3.9280290555410393,4.0
60811,3044,5.0,5.0
60814,362,2.7365515880972495,5.0
60826,8969,3.5178618606348184,3.0
60839,611,3.0,4.0
60839,1129,4.133223928149385,4.0
60855,1784,3.6766257784410556,4.0
60855,2841,3.348919761009093,4.0
60859,1287,4.214787022424802,4.0
60875,1722,2.3210359518466306,2.0
60888,57368,2.931976161309986,3.5
60891,33826,3.0,4.5
60898,52462,3.0,4.5
60920,4002,4.0,4.0
60922,1257,4.223339075113303,3.5
60928,8838,4.0,3.5
60933,3893,4.482370684576584,4.0
60946,4025,3.9283628601294796,4.0
60954,928,4.3360759930124155,4.0
60957,1350,3.1892072871036596,3.0
60957,6725,3.0,2.5
60964,4679,4.359244170088413,4.0
60975,1449,3.0,4.5
60981,3996,3.259749799150097,5.0
60999,63113,4.5,3.0
61011,2006,3.5004528386576825,4.0
61013,588,2.566918278104224,3.0
61014,5379,3.0,5.0
61020,356,3.8045775234538333,4.0
61022,2321,3.371000799667458,2.0
61025,7153,3.5208314678396273,2.5
61028,3705,3.0,2.0
61030,1183,3.680314658542931,2.0
61030,3253,3.821576162470578,4.0
61032,708,3.858818460147721,4.0
61040,1175,5.0,5.0
61042,341,3.0,4.0
61042,1417,3.0,1.0
61042,3566,3.0,4.0
61044,1240,4.052677758898194,4.0
61053,1291,3.695022936182314,4.0
61067,36,4.5328792596985785,4.0
61070,47610,3.7760416801762626,3.5
61082,58293,3.0,1.0
61090,2336,4.0,4.0
61098,1923,4.297243768205434,4.0
61102,4887,2.5342748936160993,2.0
61114,1242,3.7622416990565966,5.0
61124,224,3.4956504556137733,4.0
61135,1222,4.685673814838337,3.0
61141,2396,4.165298926893275,5.0
61156,6539,4.125663369124707,5.0
61158,1261,2.9583053445921115,3.0
61158,1690,3.122286918870512,2.5
61159,1974,1.7597650981694697,1.0
61161,3160,5.0,3.0
61168,5802,3.0,4.0
61178,140,2.60151290266219,3.0
61183,32,2.8438082364192243,4.0
61200,2355,3.311623131174684,3.0
61200,4235,4.833214155843756,4.5
61206,2392,3.0,4.0
61229,2395,4.515014976062577,4.0
61233,1586,3.698941558320994,4.0
61240,6188,4.0282158976464775,3.5
61241,1234,4.066861510623464,4.0
61255,750,4.191439384569649,4.0
61262,2105,3.6422789695170796,3.0
61268,6379,3.0,3.5
61269,489,5.0,2.0
61269,1376,3.831242945543477,3.0
61286,733,3.79773891798389,2.5
61289,2,4.017519474883151,4.0
61293,312,3.0,1.0
61314,377,4.031314228816825,2.0
61334,1282,3.990093409645991,5.0
61334,1665,3.0,1.5
61352,31696,3.5515691813906582,3.5
61356,1198,3.7790915017906297,4.0
61364,4015,3.0,1.5
61366,3793,2.859211562571614,1.0
61370,2340,3.0,4.0
61378,552,2.9995116263613757,3.0
61380,1094,4.501739042615776,5.0
61386,6711,3.8066905075790305,4.5
61391,541,3.470666447431049,3.5
61406,4426,4.0,4.0
61413,1305,3.0,4.0
61413,6365,3.7953784166249216,1.0
61413,56286,3.0,2.0
61415,14,3.0,3.0
61422,32,3.653268453799816,5.0
61446,260,3.415756760232319,4.0
61466,2151,3.0,1.0
61467,555,4.142910065560572,4.0
61467,3526,3.8557320398037667,3.0
61472,1719,3.0,4.5
61476,923,4.344427774431901,4.5
61480,719,3.3183891456352606,3.0
61483,590,4.020312698757357,5.0
61484,223,4.3690451380782624,3.0
61488,2043,4.0,3.0
61505,296,3.47198966379958,4.5
61514,12,3.0,1.0
61514,6539,3.202132724663246,3.0
61514,56367,3.594442076457416,4.5
61518,141,3.3460860177479637,4.0
61532,2890,3.836611643732647,4.0
61548,1517,3.7122700087634706,4.0
61556,1240,3.065518763262048,5.0
61557,46850,3.0,4.5
61563,4446,3.4534166955407186,4.0
61579,3760,3.0,4.0
61582,7361,3.0652136055741606,1.5
61582,39446,3.0,2.5
61589,34,4.0023664843726126,4.0
61616,5093,3.0,2.5
61629,1210,4.281339271635397,5.0
61631,616,3.5048747537622384,5.0
61632,2269,3.0,1.0
61632,8967,3.0,3.5
61635,1259,3.366471244704107,3.0
61635,2763,3.011420817878962,2.0
61635,4251,3.0,2.0
61635,4643,2.9239289724848683,1.5
61637,1385,3.93324849915952,4.0
61649,589,3.563741611684754,4.0
61651,296,4.2194826748733405,5.0
61652,733,3.440008805687803,4.0
61664,8961,3.7648554345630454,5.0
61682,47,3.8861055077249644,2.0
61694,40,3.0,4.0
61717,4294,3.0,3.0
61726,356,3.351951124029113,5.0
61730,1580,2.7740242185395965,1.0
61730,3408,2.951594453699372,2.0
61736,339,3.670409850083903,2.0
61738,971,3.0,2.0
61742,4975,3.3424998883421835,4.0
61748,4623,4.122459617446429,4.0
61759,349,4.0817570170674395,5.0
61760,3408,4.152004032861957,2.5
61762,1944,4.194698981048328,3.0
61773,720,3.0,4.0
61796,58,4.0,3.5
61796,5991,4.142290449709631,3.5
61802,953,4.452648664474948,4.0
61802,2022,3.0,4.0
61805,2496,3.0,3.0
61808,784,3.389551888840046,3.0
61824,2059,3.0,1.0
61829,1270,3.842854479539541,3.0
61830,1283,3.733892336196906,4.0
61840,2654,3.0000000000000004,5.0
61841,161,2.5595073115446443,2.0
61841,2788,3.6014648639878395,3.0
61848,1373,4.067605051453076,3.0
61853,1556,3.0449364334290614,1.0
61860,300,3.327544000617053,4.0
61861,7376,3.0,3.0
61869,208,2.364054103180707,1.5
61875,33794,3.2290429632563615,3.5
61880,3827,2.5052218007390006,3.0
61880,4958,2.7649387667533194,2.0
61880,5853,3.0,2.0
61880,25764,3.0,2.5
61883,2018,5.0,3.0
61884,2112,2.0,3.0
61887,140,3.9953517866258155,2.0
61903,3435,4.0,3.0
61926,27904,3.8050619056861636,4.0
61926,58998,3.7607604074486596,3.5
61939,4226,3.5782677134447063,2.5
61940,3435,4.367282391291834,5.0
61960,7361,3.931199519433836,4.0
61968,3578,3.8473504760319184,3.0
61970,5352,3.0,4.0
61981,39,3.181041780373186,4.0
61983,3668,3.0,3.0
62014,40583,3.7616378898146285,4.5
62015,1562,3.3344053561565072,1.0
62020,3983,4.0,5.0
62052,3882,4.0,5.0
62065,1096,3.0,4.5
62065,5630,3.2453148496988513,3.5
62073,2671,4.5,4.0
62074,587,3.608235819903269,5.0
62079,5621,3.0,1.0
62085,7371,3.0,1.0
62091,858,3.4245355049931243,4.5
62099,1258,3.472485249158938,3.5
62113,3578,3.4550161477548906,3.0
62127,2959,3.689226610699147,3.0
62130,2423,3.0840331428487375,2.0
62145,2762,3.3427039890308006,4.0
62146,1127,3.676937966037242,2.0
62155,589,3.040839496637626,3.0
62158,153,3.7239768232942665,3.0
62165,3646,3.0,1.0
62166,919,3.922834486134095,5.0
62166,1023,4.8554298352528695,5.0
62173,475,4.2302918037789725,4.0
62183,1091,3.0,5.0
62188,3499,3.4291275760712,5.0
62191,3429,3.0,5.0
62207,1956,4.618613713964972,5.0
62215,2291,3.9727842752602736,3.5
62219,1367,3.0,3.0
62224,786,3.2885703216080615,2.0
62236,4881,3.7834122772172676,4.0
62238,3536,3.493746830945928,4.0
62245,2522,3.4353769980411015,3.0
62245,2536,2.9999999999999996,1.5
62245,4323,3.3398161927150607,4.0
62245,8810,3.30276989434176,3.0
62248,480,3.45784112561429,5.0
62254,41,3.0,5.0
62254,412,4.0,3.0
62256,4993,3.659863978653833,4.5
62270,1409,3.0,3.0
62270,3168,4.4194875547965395,4.0
62273,4865,3.975287081516519,4.0
62281,1210,4.414064463718905,4.0
62282,296,3.678125351671902,5.0
62283,1407,3.370015853010983,1.0
62291,3113,2.0,1.0
62293,1079,4.000838245232608,3.5
62293,56607,3.0,3.0
62298,145,3.8578972161129683,3.0
62308,2367,4.0513085320386315,3.0
62332,4124,3.0,1.5
62332,6595,1.7506429974463997,1.0
62348,7000,3.0,3.0
62354,308,5.0,4.0
62360,1061,3.202636499439001,3.0
62362,2541,3.2399628793510287,4.0
62368,1552,3.9011474709837426,1.0
62368,1958,4.683217276703036,5.0
62368,3178,3.0,4.0
62382,2791,3.5878236133262056,4.0
62384,4166,3.0,5.0
62386,370,3.1183301499776954,3.0
62387,3257,4.012783579645211,3.5
62399,719,3.765152445015809,3.0
62403,117,3.0,4.0
62407,1193,4.425981560630093,4.0
62412,165,3.83573860081879,3.0
62416,1148,3.385672333289018,3.0
62419,300,3.3388709605734768,3.0
62423,1088,5.0,5.0
62424,296,4.22520892182735,5.0
62448,1213,4.500989882785765,5.0
62449,2502,3.8381015738808237,4.5
62456,2108,4.411986035491709,3.0
62462,1317,3.0,5.0
62472,153,3.478204405038104,3.0
62475,3949,3.5538259195258926,5.0
62476,3864,3.0,2.0
62478,588,4.1411239867663046,5.0
62482,362,2.997972261742531,3.0
62490,1912,3.5459116312495356,3.5
62492,1961,2.9850287151856922,3.0
62500,153,3.231703404953287,1.0
62508,1965,4.247703773432625,3.0
62522,905,3.6049192408309976,4.0
62531,420,3.5765568390881133,2.0
62546,662,3.0,2.0
62552,150,3.6227758609188,5.0
62552,1007,3.0,3.0
62559,4306,3.486757065905106,3.0
62569,17,3.720980195580568,5.0
62572,3671,3.6383766529533275,4.0
62578,69,3.0,5.0
62579,158,3.537840247344372,2.0
62579,379,3.591561104947653,3.0
62596,300,3.4486746423328976,3.0
62605,1619,3.0,3.5
62605,2700,3.6479758996522427,3.5
62619,186,2.4962207931193654,1.5
62619,2090,2.271291624249848,1.5
62619,4993,2.5407696554466,2.0
62636,57528,3.0,4.0
62638,3114,4.310521456685835,5.0
62644,5,3.0,3.0
62644,376,3.7157404317598184,3.0
62649,587,3.1225436912366513,3.0
62656,1080,3.9058685478034056,5.0
62692,4036,3.0,4.5
62695,50,4.319805238497846,4.5
62697,56805,3.0,2.5
62705,1047,4.6443773901820755,5.0
62708,11,4.001223633000727,5.0
62708,587,3.803963422219023,4.0
62709,1304,4.12387689460403,4.0
62715,2921,4.714605122058337,5.0
62716,2918,3.91760671382574,5.0
62722,1101,3.6558345133953942,4.5
62722,1690,3.701343196108895,3.0
62726,728,3.0,5.0
62741,1099,3.0,4.0
62742,3809,3.737236332411744,4.5
62774,1407,3.8489963122428024,5.0
62774,2116,2.924336125101219,2.0
62777,4673,3.0,1.5
62789,3703,3.921808041884037,4.0
62797,595,3.398519449090009,4.0
62808,2078,3.6156058923486296,3.0
62812,350,3.770705301182583,3.0
62812,448,3.0,4.0
62819,1210,3.652264464284985,4.5
62819,3638,3.0767240900672848,3.5
62824,6,3.5054644359478,4.0
62842,1704,4.443769679393956,5.0
62850,1721,3.78279643367312,4.0
62850,40815,3.5508162862585424,4.0
62880,3247,2.956011401606442,3.0
62880,6281,3.5100147979556606,3.5
62880,6754,3.6034878669209958,3.5
62880,8984,3.5521232261186793,2.5
62881,1479,3.0222977402222373,3.0
62881,1754,3.667143060328805,4.0
62888,1246,4.494690483526122,4.5
62891,342,3.2625470539279258,3.0
62897,2126,2.669274280954051,2.5
62897,3498,3.0,2.5
62901,39,2.586267015209907,4.0
62912,597,3.1843946518892388,3.0
62920,852,3.117749679015825,3.0
62930,2021,3.483699992199766,4.0
62939,58,3.3345306773530505,5.0
62948,493,3.0,4.0
62960,1094,4.224448071718158,4.0
62971,1269,3.2402707425849058,3.0
62972,253,2.370908477158188,1.0
62974,6934,4.333801344224806,4.5
62992,8961,3.8013580419495465,4.5
62993,4359,2.0,4.0
62995,1619,3.0,5.0
62999,2087,4.506883440714488,5.0
63014,662,3.0,3.0
63015,3983,3.507397009613531,3.5
63022,317,3.6989621188079984,3.0
63036,3408,3.907714192869718,4.0
63054,3623,3.934586106892026,3.0
63075,3399,3.0,4.0
63079,2947,3.738031022755446,3.5
63084,44,3.60270740609488,3.0
63092,276,3.1071349784518287,3.0
63134,1562,3.4830424746148037,1.0
63134,5145,3.0,3.5
63134,55854,4.0,4.0
63140,3408,2.712528857648719,5.0
63145,333,3.242001484124752,4.0
63147,1196,3.8598126470535523,5.0
63147,1381,5.0,1.0
63162,1913,3.0,4.0
63169,377,3.799137207248247,3.0
63198,34321,3.0,2.5
63198,40819,4.153409691079347,3.5
63206,1240,3.4849012362470586,3.0
63206,2023,2.734633142642262,3.0
63206,4776,3.284835585434529,3.0
63213,377,3.5766339638008726,3.0
63242,2995,3.0,3.0
63243,266,3.8588009857062406,5.0
63243,1215,3.9113434879887703,2.0
63243,4378,3.0075271501196204,3.0
63246,1784,4.390695914941349,4.0
63249,1954,3.854601831341726,4.0
63272,4246,3.128967983156623,4.0
63273,6539,3.1869192421564447,0.5
63276,3362,4.8486910834534385,5.0
63277,3429,3.0,5.0
63285,46976,4.009120293973177,4.0
63299,1098,3.0,2.0
63301,265,3.0997909337943534,1.0
63315,2712,3.5138845596359,3.0
63331,648,4.186806046259593,4.0
63337,1183,3.825713519700258,3.0
63347,1029,2.4263735703078346,2.5
63375,3477,3.0,3.5
63383,3,3.149454337033773,4.0
63388,1130,3.6643970527777743,3.0
63388,1266,4.315781112940366,4.0
63390,6807,3.853922708571461,3.0
63399,8636,3.187639120573911,1.0
63402,2804,3.642934734211821,5.0
63405,1962,3.791257063783327,3.0
63405,3105,4.121653675494744,5.0
63408,3408,4.008819588949048,5.0
63411,608,3.208030413772827,3.0
63418,36,3.477017723940571,3.5
63424,181,3.0,1.0
63429,6650,3.0,5.0
63437,70,3.7998626705634937,3.0
63452,1127,3.850304234120244,3.0
63468,6663,4.0,3.0
63476,1672,3.0,4.0
63478,2018,4.175948764386836,4.0
63480,4277,3.0,3.5
63491,1206,3.812253818438976,4.0
63509,637,3.3099726777725746,3.0
63513,1080,3.364109867137119,2.0
63516,1372,3.481544481349837,3.0
63516,2396,3.7554021933185844,4.0
63540,2490,3.5472233785826797,3.0
63542,58156,3.0,2.0
63545,4054,4.616669602189045,5.0
63545,4299,4.314573971171339,4.0
63558,1722,3.560891678015143,3.0
63611,2390,5.0,5.0
63614,4424,3.0,4.0
63624,10,3.6227078166885143,3.0
63636,2094,2.152577209220079,3.0
63637,353,3.3553857358421837,4.5
63637,4226,3.7999057324994046,5.0
63639,5693,3.0,2.0
63645,1186,3.694714408084918,5.0
63653,52,5.0,4.0
63671,1552,3.6594450418184223,3.0
63675,2915,4.207709106887837,5.0
63681,2013,3.0,2.0
63711,1682,3.5051752074838722,4.0
63715,3262,3.0,3.0
63716,2019,4.100177136561842,4.0
63739,2096,4.380619772300533,4.5
63744,1242,3.7275692806784244,5.0
63745,2088,3.9792335751766243,4.0
63747,26729,3.0,3.5
63748,2028,3.472129986791253,2.0
63752,736,3.6782181732533483,2.5
63755,21,3.7339074767512055,3.0
63765,2288,3.7451449513024473,3.0
63772,39,3.0473906284339547,2.0
63779,494,3.5592132213674224,3.0
63785,3147,4.29291048007343,3.5
63798,2529,2.356996888189936,2.5
63833,879,3.0,1.0
63843,6863,4.152308900137659,4.0
63858,3285,3.0,1.0
63860,428,3.0,3.0
63872,858,3.6770126577493047,4.0
63872,53125,3.9194034203859722,5.0
63905,8911,3.0,0.5
63915,1022,3.355292110011478,3.0
63915,1374,3.3962980898174666,3.0
63928,3040,4.009464387667885,3.0
63941,2353,3.521222277383577,4.5
63966,1810,2.0,3.0
63971,1673,4.150557119148592,4.0
63973,3744,3.0,3.0
63973,8970,2.608971882659201,3.0
63973,44199,3.098483694969988,5.0
63981,2550,3.0,2.0
63983,1267,4.67593921643708,5.0
63986,1206,4.800335019623665,1.0
63990,2804,4.2192652793507195,5.0
63993,4993,3.690618768635837,5.0
63995,5388,3.876885896488062,4.0
64008,762,3.0,2.0
64012,4974,4.248333341189025,3.0
64014,5478,4.5,2.0
64015,25,3.7152503419114047,5.0
64019,1198,4.511614337712373,5.0
64031,4343,3.412541859324923,3.0
64032,1240,3.9422144623299697,5.0
64038,3260,3.0,4.0
64054,801,3.0,5.0
64056,3072,4.02428624656648,3.0
64063,4993,4.073512752619391,5.0
64079,2951,4.641012061085286,4.0
64095,2028,3.9204794532819007,4.0
64108,1673,3.1607711967181142,3.0
64113,6952,2.993715079232,2.0
64147,2924,3.0,3.0
64151,2302,4.0,4.0
64152,1073,3.8762592584250397,4.0
64172,5989,4.013324744509512,5.0
64174,1252,4.049538301661461,5.0
64192,2901,2.9999999999999996,4.0
64194,4025,3.5298541832440695,3.0
64207,1031,3.201874411342421,4.0
64217,778,3.4906400088358818,3.0
64225,2428,3.0,3.0
64225,2858,4.055717250373391,5.0
64240,1096,3.3255213657106393,3.0
64240,4941,3.0,2.5
64240,6880,2.8002809353641807,3.5
64240,43921,3.5,3.5
64251,21,3.341549255639178,5.0
64257,1608,3.8308377228701307,3.0
64258,608,3.1850358904755405,3.0
64277,2353,3.6726314625766214,4.5
64291,707,3.0,3.0
64300,3798,3.029793044241206,4.0
64311,3016,3.0,3.0
64317,2097,3.0,4.0
64318,296,3.337181331716459,5.0
64321,597,3.205356613649923,2.0
64324,4034,3.69459437043304,3.5
64328,592,3.6893873771533405,3.0
64338,69,3.0,4.0
64340,1650,3.0,3.0
64342,1,3.8457459965205443,4.0
64344,1219,4.1421247713313605,3.0
64344,2657,3.520969596529423,4.0
64344,3994,3.6804505040995896,3.5
64355,951,3.8976551891996856,5.0
64358,1620,2.842610104947181,2.5
64358,4492,2.0,3.5
64358,4700,2.2767658489781937,2.5
64370,2687,2.377833547514524,3.0
64385,26082,3.0,2.0
64396,780,3.41078563210341,5.0
64399,1641,3.6410582873644315,3.5
64423,2701,2.781516466775482,2.5
64426,541,4.526181836961709,5.0
64446,6548,3.0355322915633716,3.0
64453,589,3.5984238753722178,4.0
64507,2105,3.512935000983491,2.0
64521,5445,3.52980136460891,3.5
64527,3438,2.9999999999999996,2.0
64534,253,3.4825188085016876,3.5
64569,2533,2.4006364085305396,1.0
64577,4896,3.6926223373495426,4.0
64579,2413,3.7308849755789275,3.0
64584,1234,4.3893038965195075,5.0
64588,1967,3.6294459092926172,4.0
64597,6016,2.5784162586333963,3.5
64602,2248,3.9462013074070748,4.0
64605,813,3.0,3.0
64621,328,3.5,3.0
64621,3718,3.0,3.0
64621,44397,3.698680252753423,2.0
64627,1350,4.0,2.0
64642,592,3.2976699084585936,3.0
64649,5060,3.365242605288203,0.5
64650,7701,2.2081983982435225,2.0
64652,481,3.0,3.0
64660,494,3.051318971136907,3.0
64661,1884,3.362295585891852,2.5
64665,2321,4.064190520796652,3.0
64690,105,3.49700511008375,5.0
64696,1784,4.189564198402944,4.0
64718,1711,4.0,4.0
64718,4619,3.0,2.0
64720,1353,3.0,2.0
64736,477,3.0,4.0
64749,185,3.444975050065525,2.0
64749,2302,3.819783957133672,4.0
64749,4951,3.0,4.0
64761,1488,3.0,3.0
64770,3424,3.635073330451306,4.0
64775,2987,3.653288115120925,3.0
64778,5171,3.344826950443822,3.5
64779,6196,3.0,1.0
64786,2959,3.9163924158443577,5.0
64798,153,3.9749139624366387,4.0
64810,3481,3.622316355565698,3.0
64824,1459,3.3762349135890615,3.0
64839,2052,3.0,3.0
64854,1221,4.444895322776775,4.5
64857,2470,2.7233983203748227,2.0
64858,1215,3.6862725818155653,4.0
64868,454,3.393916270756487,3.0
64878,4368,3.0,3.0
64878,44191,3.363241865820731,3.0
64896,2805,3.0,4.0
64907,2628,4.20046588693712,4.0
64907,3751,4.256591688374163,4.0
64913,457,4.09303466204701,5.0
64916,2599,4.477793651293124,5.0
64918,1096,4.083408502524132,4.5
64930,3072,3.4197769853022963,4.0
64930,3671,4.023142280867126,5.0
64943,653,3.4710835573825616,3.0
64944,337,3.5795281735610853,4.0
64945,3793,4.093049617615146,4.0
64954,3421,3.7205194703833238,3.0
64974,3916,2.9030258716423027,3.5
64975,4553,3.0,3.0
64977,420,3.344685547070378,3.0
64991,3510,3.0,4.0
65016,1954,3.670739480459737,3.5
65016,3448,3.698905913578108,4.0
65049,101,4.5,4.0
65055,592,3.760052305410292,4.0
65078,1097,3.6920294690885513,3.5
65081,858,4.519787820370718,5.0
65081,1129,3.838971911379983,4.0
65081,4015,3.0,3.0
65081,4467,4.0,4.0
65081,8798,3.9914816997329527,4.0
65084,3969,3.3899388477738768,4.0
65090,587,3.447628070469554,4.0
65116,2672,3.0,3.0
65119,8636,3.6322153262127324,2.5
65121,2133,4.34073621647389,4.0
65123,799,3.2438400161477956,3.5
65123,7073,4.0,4.0
65126,1263,4.760901213562367,5.0
65140,3977,4.409075395937933,4.0
65140,4643,4.140804506414518,4.0
65143,229,3.0,3.0
65145,45,4.374047476155037,4.0
65145,52,4.617288366971483,3.0
65145,3967,3.6755114121616415,4.0
65162,94,3.0,4.0
65167,145,3.4629705609989565,4.0
65167,1037,3.585671512276999,4.0
65175,303,4.681459759056135,4.0
65175,1591,3.9669281029052237,5.0
65180,1284,4.6113825144071665,5.0
65182,150,3.5898881367834865,4.0
65194,1196,4.221531111207895,5.0
65196,39,4.13254656080204,3.0
65206,3977,3.179697486602334,3.0
65225,4878,3.448841229383504,4.0
65241,2728,3.0,4.0
65297,3897,4.430694198054311,5.0
65298,3186,3.0,4.0
65301,2167,3.5127414811418256,2.0
65308,7162,3.118690747982438,4.0
65308,58162,3.0,3.0
65309,497,3.3321494031393386,3.0
65321,1994,3.2711365655648867,4.0
65326,2396,3.328739536060061,3.0
65327,1256,4.453451627318763,3.5
65327,4039,3.0,3.0
65332,5299,3.544667828263421,2.0
65354,3408,4.0,5.0
65358,6333,3.565051699664254,4.0
65360,2719,3.0,3.0
65369,1806,3.0,2.0
65370,707,4.0,1.0
65374,420,3.4341681228230843,3.0
65382,1094,4.3118101301822644,4.0
65391,515,3.6120167290671787,3.0
65391,866,3.0,3.0
65391,1095,3.9262079962293366,5.0
65403,466,3.2744713205254774,3.5
65405,934,3.0,3.0
65408,468,3.668257635763472,3.0
65413,2683,4.014854518301448,4.5
65438,2373,3.0,3.0
65450,1373,4.758440115315725,2.0
65458,671,3.0,5.0
65458,2571,3.332475182775788,4.0
65458,2616,2.9842685309643615,1.0
65468,1673,4.419966035261371,4.0
65470,904,3.0337339525358344,3.5
65472,315,3.736044449365575,5.0
65484,589,4.535262993137424,5.0
65488,151,3.0,2.5
65491,1199,3.1137041081168015,5.0
65502,316,3.6680830773978035,3.0
65527,1284,2.5049693595722857,4.0
65531,589,4.052225179857449,5.0
65549,3146,5.0,3.0
65554,1093,3.0,2.0
65558,118,3.0,1.0
65568,154,3.0,3.0
65568,2068,3.0,2.0
65570,70,3.8942614318331175,2.0
65572,2978,3.0,4.0
65600,2468,3.0,1.0
65600,3148,3.114248441944745,4.0
65612,527,3.948820317812011,5.0
65614,3703,4.123992626857435,4.0
65625,208,4.277441106725169,3.0
65627,1208,4.326224764946013,5.0
65629,236,3.6847656541680096,4.0
65631,5300,3.0,4.0
65641,39,3.0639919732353658,1.5
65654,830,3.0,3.0
65666,4595,3.0,4.0
65685,733,2.5031056601281705,2.0
65692,443,3.0,3.0
65701,1225,4.189889795679645,4.0
65702,4587,3.0,4.0
65709,780,2.9061068722144157,3.0
65710,913,3.7147063869901715,5.0
65725,2968,4.2164390758859795,5.0
65730,1208,4.139722812535121,5.0
65731,6156,3.0,3.0
65761,60,4.0,5.0
65768,4878,4.571741202729697,5.0
65771,1950,4.0017964620681825,5.0
65779,20,1.5,2.5
65786,1097,4.50842778619014,4.5
65786,7154,3.0,4.0
65786,37741,5.0,4.0
65796,51540,3.2777628351718056,2.0
65801,2016,3.0,4.0
65802,2336,3.997414657282209,3.0
65814,809,3.0,3.0
65814,1004,3.0,3.0
65834,4973,4.036267694546024,4.5
65843,4963,3.92510380738155,3.5
65844,161,3.9801214859363268,3.0
65859,5444,4.226583902342097,4.5
65859,8974,3.0,3.5
65874,1235,4.502366424901263,5.0
65876,2431,2.0,3.0
65881,5377,3.705333219445599,4.0
65881,5421,3.0,3.5
65894,1748,3.8343000729966965,4.0
65899,5991,3.853834022756182,4.0
65900,6377,3.5097833641662723,3.0
65915,880,3.0,4.0
65922,5464,4.102978964039531,4.0
65923,1641,3.4501168124222894,3.0
65923,2762,3.4350089532782713,5.0
65923,4887,3.5011716956421552,3.0
65925,1361,3.0,4.0
65925,2028,3.863459944777793,5.0
65933,370,3.0,3.0
65934,356,3.5218900273682965,5.0
65950,2145,4.3832040528381615,3.0
65959,2137,3.392666359256283,4.0
65967,2100,3.420127216424472,3.0
65967,2133,2.874101922426203,1.0
65967,2857,3.0,3.0
65971,543,3.3878495836282347,4.0
65971,1377,3.6997552210752436,2.5
65990,2273,3.438365449136218,3.0
65993,780,3.569295383355853,4.0
65994,589,3.289114590460422,4.0
65995,1304,4.462783887425678,5.0
66021,2321,4.162460084626084,3.0
66029,48385,4.523065528165553,4.0
66031,5218,3.2678678163196655,4.0
66038,1907,3.6223591878850194,4.0
66047,347,3.0,2.0
66048,3793,3.649961690185373,4.5
66053,2403,3.344281535430426,4.0
66053,3361,3.793907159908217,3.0
66082,593,3.9574903371334784,3.0
66085,153,3.739746690721451,2.0
66085,2021,3.452483647765311,2.0
66095,2105,3.9333081291014445,5.0
66103,5051,3.0,3.5
66108,3527,4.102633443712312,3.0
66123,1401,3.0,2.0
66124,2858,4.175395265372099,4.0
66130,2986,3.264687934629673,2.0
66141,1183,3.3217852605826033,4.0
66145,153,3.4016054049039126,3.0
66145,316,3.437651312177371,2.0
66146,454,3.2770486802444787,4.0
66147,1721,4.03228302301453,4.0
66150,2081,3.9844706542164783,4.5
66152,2858,3.9993720285817385,4.0
66167,3489,3.953086969253145,2.5
66167,4129,3.0,2.5
66167,5048,3.0,0.5
66172,473,3.0,3.0
66178,3727,4.0,4.0
66178,30898,3.0,3.5
66183,1645,3.2913562350999053,3.0
66188,1175,3.8349708228875623,3.5
66188,3556,3.377914377497505,3.0
66193,2124,3.999247261486129,2.0
66203,182,3.0,4.0
66209,719,2.832223574552303,3.5
66209,2170,3.0,4.0
66220,7078,3.747764229097502,4.0
66225,2000,4.595687741354591,4.5
66228,1457,3.0,3.0
66233,20,4.508048367934854,5.0
66236,608,3.233344706367608,3.0
66240,1259,3.942179908615584,4.0
66251,2075,3.0,3.0
66251,2240,3.0,3.0
66251,3699,3.07169543852338,4.0
66252,6157,3.4781046556122104,3.0
66255,1136,3.697113253987147,5.0
66274,55820,3.0,5.0
66285,7,3.853469671522915,3.0
66303,6502,3.863999333958653,4.5
66305,53121,3.0,2.5
66308,497,3.863107556137269,5.0
66311,407,3.0,3.0
66324,1513,3.7007009719858126,3.0
66329,4235,4.405825870183104,4.0
66335,440,4.134185802401592,4.0
66361,539,4.217504054596419,4.0
66384,6541,3.0583691747470514,1.0
66386,1219,3.7052662096104103,4.0
66393,479,3.0,3.0
66396,2997,3.7783106304545253,5.0
66396,3174,4.041363021467309,4.0
66402,1591,3.8297977771095173,4.0
66402,1917,4.367372222493424,5.0
66406,70,3.602804320044253,3.5
66406,3087,3.2691504887425222,3.0
66410,3266,3.0,4.0
66415,833,3.0,3.0
66423,1885,3.0,3.0
66454,2273,3.307956400074801,3.5
66486,3598,3.0,4.0
66499,2194,3.3067957052851957,3.5
66502,288,3.698462692910431,5.0
66510,2122,2.5,2.5
66510,4552,3.0,3.0
66511,2513,3.0,1.5
66518,1608,3.3905599287145973,3.0
66521,1641,3.946929130074131,4.0
66525,595,4.3885180614425545,4.0
66530,37380,3.0,3.0
66544,485,3.039648001122293,2.0
66551,1210,4.285159290546485,4.0
66553,784,2.942925770657388,1.0
66554,76,5.0,5.0
66570,2568,3.0,3.0
66580,45668,3.0,4.0
66581,3408,4.3104935461704645,4.5
66587,2745,3.0,3.0
66588,1597,3.694827614559986,2.0
66603,2916,3.995380184775374,2.0
66611,2078,3.763156459444512,3.0
66612,2977,3.0,3.0
66621,4370,3.6984318893999277,3.0
66622,367,3.3928004876860554,4.0
66634,4446,2.7264297018848156,3.5
66635,3285,3.0,4.5
66641,593,3.822776681644221,4.0
66643,1250,3.729992877946266,4.0
66649,1912,4.039163615685109,4.0
66668,410,3.81384071014798,3.0
66669,5500,2.5176033976492986,4.0
66669,7618,3.0,3.0
66673,1374,3.194410596279682,3.0
66686,786,3.412633179084577,3.0
66694,1259,3.2093842959002803,4.0
66709,2236,3.0,4.0
66711,230,3.5,4.0
66711,292,3.306981213157877,3.5
66723,1100,3.0,2.0
66727,1882,2.1211757003046303,1.0
66728,2275,3.0,4.0
66745,8970,3.9764443631381092,3.0
66749,364,3.274957102416899,4.5
66754,590,3.892041396555013,4.0
66765,101,4.5,4.0
66773,1259,3.2627072590046744,4.0
66775,110,4.164221728891367,4.0
66784,3996,3.3296073387899603,5.0
66788,4321,3.973919965035808,4.0
66806,2792,3.0,1.0
66811,3879,3.0,4.0
66811,8784,3.355148796872333,3.0
66814,8666,3.0,1.5
66821,1299,4.208191325327663,3.0
66821,2706,3.7611226062071723,4.0
66832,45728,3.5,5.0
66851,32,3.8044024851308063,5.0
66857,2420,3.678538065795989,4.0
66874,2423,4.001778251488004,5.0
66874,2953,3.9095302389552873,3.0
66874,46974,3.0,3.0
66876,367,3.5873218228543178,4.0
66897,457,3.8995372664223527,5.0
66903,377,3.490366151725508,4.0
66903,1944,4.008913801339818,3.0
66905,260,3.0,2.0
66913,1207,3.989236640653526,3.5
66943,292,3.869786098816685,3.0
66948,62,3.091103177942365,5.0
66949,367,3.074673355408689,2.5
66950,588,4.2974908204218485,4.5
66958,296,3.6565392695573173,4.0
66958,818,3.0,1.0
66958,842,3.0,2.0
66969,471,3.504531948167756,2.0
66971,1259,3.9352917802567062,4.0
66989,5675,3.0,1.5
66996,1080,3.442755940334629,2.0
67002,4599,3.0,2.0
67008,4034,3.542622049426602,4.0
67008,7004,5.0,2.5
67009,1230,4.610450346284916,5.0
67012,3863,3.2774824372206477,2.0
67024,3555,3.272383709160694,4.0
67026,2052,3.0,2.0
67026,8987,3.0,4.0
67028,1197,4.37105852969385,5.0
67031,89,3.0,4.0
67031,3539,3.0,4.0
67031,3766,2.0,4.0
67039,7438,3.660301918920464,3.5
67058,182,3.0,3.0
67059,785,3.8391073128327555,3.0
67059,3534,3.5,3.0
67068,41571,3.0,2.0
67083,52245,3.7582369565828824,3.0
67085,2278,3.119512570519884,3.0
67085,5364,3.0,3.5
67107,1396,4.387188902862196,5.0
67110,762,2.641035582347574,2.5
67110,1396,3.796943327497285,3.0
67110,1831,3.234673609139694,3.0
67110,1912,3.497136094572686,4.0
67110,7039,3.0,4.0
67136,595,3.680304639015111,5.0
67155,1224,3.0,3.0
67162,2012,4.076314561352553,3.5
67162,2867,3.52593171719223,3.5
67162,4571,4.015234659606676,4.5
67177,839,3.0,3.0
67178,3210,3.6979141932469957,4.5
67189,40278,3.6244087612787563,3.5
67192,54286,3.9973038534978476,5.0
67201,3033,4.4000719417911105,4.0
67208,2723,3.802832519728424,4.0
67212,76,3.0,5.0
67217,1252,3.1725135572344745,3.0
67240,6156,2.848216368259944,0.5
67241,6078,3.0,2.0
67246,912,4.0082558611247725,5.0
67263,3897,3.754481615309535,4.0
67279,2003,3.7778412843642766,3.5
67284,107,3.0,4.0
67284,315,3.8066862060694544,1.0
67298,2600,2.5,3.0
67303,223,3.752609250115883,4.0
67307,62,3.8560317875636936,4.0
67307,1198,3.9266473167909015,4.0
67307,2018,3.7097074884817838,4.0
67308,288,3.2613203429568576,3.0
67312,4526,3.0,3.0
67313,1620,3.0,4.0
67315,858,4.613797515532347,5.0
67325,2115,4.088645489611181,4.0
67336,231,3.1985567931997236,5.0
67336,1610,3.9866443737455883,3.0
67337,371,3.752957395340758,4.0
67383,2243,3.7736613547530733,3.0
67385,2306,3.0,2.0
67385,3033,3.6534225415605985,2.5
67385,3264,3.251799786467708,2.5
67385,3528,3.0,3.0
67385,4031,3.0,2.5
67385,5215,3.0,2.0
67385,5444,3.6511473399257866,4.0
67385,6684,3.0,3.5
67385,25805,4.6773376891547525,5.0
67385,36527,3.0,3.5
67385,47122,2.5,2.5
67385,47937,3.0,3.5
67385,49649,3.0,2.0
67385,55726,2.5,3.5
67385,56274,3.0,3.5
67386,5655,3.0,2.0
67394,110,3.830595591978567,5.0
67402,8017,3.0,3.5
67411,6365,2.9620340438744877,0.5
67414,2542,3.9157676337962535,4.5
67414,2953,3.9322953982877853,3.5
67417,4502,5.000000000000001,5.0
67424,468,3.409412916816275,3.0
67435,2628,3.3216131782562015,2.0
67443,1995,2.901972448746985,3.0
67455,3745,3.5174777934990544,4.0
67456,1214,3.2589850832470098,3.0
67462,8961,3.132115763452018,3.0
67470,2353,3.672476367190884,5.0
67476,1982,3.9836575892651034,4.0
67486,2138,3.0,4.0
67507,4843,3.0,2.0
67509,785,2.501433704676989,2.0
67520,43928,3.0,4.0
67542,280,3.7570630218499357,3.5
67542,4388,3.2550649080403042,2.5
67542,56174,3.82997059914828,4.0
67557,356,3.8328434607148743,5.0
67567,1244,4.387380446202425,5.0
67582,33493,3.7381755587770726,4.0
67598,7261,3.0,3.0
67628,1373,3.627438291717769,3.0
67630,2474,2.488541942377328,3.0
67631,8947,2.9959305277253967,2.5
67634,3101,3.7521596454299293,4.0
67634,5226,3.0,3.0
67634,8623,3.0,4.0
67645,4016,3.5818899629251,4.5
67654,435,4.0,3.5
67655,587,3.216055560073054,2.5
67656,3081,3.56235038234866,4.0
67657,1625,3.1680279585299504,2.0
67659,1552,3.472550742907692,3.0
67663,1721,4.436804389700867,4.5
67672,3210,3.1835425577827827,1.0
67683,1960,4.496784398276686,4.0
67687,32296,3.0,1.5
67690,2000,3.587586122892636,4.0
67690,2413,2.6283429272841716,2.0
67701,25,4.53244723234321,5.0
67702,2762,3.1749469940760493,3.0
67706,2081,3.459644912203137,4.0
67713,1663,2.718363191505758,2.5
67721,2278,3.5953079208087195,4.5
67732,162,2.9854149095515368,4.0
67732,1304,4.22018386196766,5.0
67769,469,3.0,4.0
67769,1330,3.0,2.0
67776,30825,3.3889455997681748,4.0
67781,2194,4.12705042495012,5.0
67786,135,3.0,3.0
67789,515,4.188771664549736,5.0
67791,44199,3.6813384125776794,3.5
67793,3148,4.485238311339475,4.0
67793,4343,2.7992080996784687,2.0
67794,33493,3.020994274534336,3.0
67803,2028,4.553966456289273,5.0
67804,348,3.614690789598983,3.0
67840,59784,5.0,4.5
67842,12,3.0,3.0
67842,3388,4.002087399649494,5.0
67850,336,3.0,2.0
67870,2396,3.963699163600926,5.0
67876,1233,4.23700750821441,5.0
67879,802,3.8534921404159954,5.0
67884,6953,3.582774690873483,3.5
67886,663,3.0,3.0
67890,34,3.4244158023429803,3.5
67900,4085,4.090465484994074,4.0
67902,1080,3.3886463828356215,3.0
67906,597,4.02619063088215,4.0
67909,51662,3.3903557070640753,4.0
67911,3614,3.0,2.0
67920,4896,1.9726475488665363,1.0
67929,7,3.1777725501058733,4.0
67934,552,4.242946831043036,4.0
67940,1200,3.343355306805183,4.0
67948,4488,3.0,3.0
67965,1387,4.434533622571647,5.0
67965,1407,4.450302286200928,5.0
67968,5060,3.467389432344583,4.0
67973,74,3.0,2.0
67974,473,3.0,1.0
67975,3178,3.0,3.5
67976,3707,3.0,1.0
67976,4121,2.993487978142388,3.0
67988,1265,3.700404276071342,3.0
67992,145,3.977519892781571,3.0
67994,2467,4.0,4.0
67994,4720,3.3881117397640668,4.0
68000,260,4.511392549571375,5.0
68006,697,3.0,2.0
68038,4848,4.076097785681109,4.5
68060,2109,3.9877901646676723,5.0
68066,4361,4.756029455020775,5.0
68086,1333,4.193734129850311,3.0
68106,110,4.255442216463112,5.0
68127,350,3.6083257305482084,3.0
68143,628,3.126583354426372,2.0
68151,6874,4.255163504513209,4.5
68179,423,3.0,1.0
68197,3556,3.455331660582254,2.0
68200,1573,3.4377623030508357,3.0
68208,2416,3.0,3.0
68210,42007,3.0,3.5
68222,880,5.0,2.0
68228,1080,3.411822965351979,2.5
68234,2571,3.393274853895564,4.0
68237,5349,3.2118587208991065,3.5
68254,1282,3.8875984779536448,5.0
68259,1596,3.0,2.0
68259,2078,4.503822558504831,5.0
68259,43333,3.0,4.0
68281,2310,3.0,4.0
68285,5507,3.5862884427130175,2.0
68291,7373,2.746886604358466,3.0
68323,5400,3.0266299392823255,2.5
68331,201,3.0,3.0
68339,3897,3.898029256195574,5.0
68349,1136,3.5617697101093877,5.0
68351,4833,3.0,4.5
68356,1210,3.89907176666946,4.0
68362,383,3.0,1.0
68375,2321,4.174159175251412,5.0
68379,589,5.000000000000002,5.0
68401,2108,4.511827262704899,5.0
68401,2664,4.0,5.0
68420,4239,4.100243894186009,4.0
68426,1077,3.5929484461281374,5.0
68427,8798,3.859293553515531,4.0
68434,480,4.643383552893754,5.0
68435,4130,3.0,4.0
68444,497,3.676777951842922,5.0
68450,1187,3.0,5.0
68453,442,3.5400488810385,3.0
68453,1680,2.0,3.0
68456,8360,3.8770681509431397,3.5
68457,7153,4.554440959800488,5.0
68473,7147,3.496020901816146,4.5
68490,317,3.4661242923455173,3.0
68501,4273,3.0,1.0
68507,6502,3.000816074600642,4.0
68513,141,3.095052308732474,3.0
68513,4321,3.0275566953588915,3.0
68519,922,5.0,5.0
68524,4034,3.8557544322706856,3.0
68525,349,3.461278302892889,3.0
68533,356,3.433316904689721,4.0
68540,587,3.6491813180238553,3.0
68540,3552,3.6869206275831807,3.0
68544,3034,2.9384073286676426,3.0
68563,6373,4.4675539406345885,5.0
68571,2828,3.0,3.0
68574,3751,3.6334683648959913,4.0
68577,288,3.133174321615444,4.0
68586,433,3.0,4.0
68593,1653,3.6195764569012834,3.0
68594,1148,3.998666475384312,2.0
68603,733,2.9124303239706535,3.5
68624,2617,4.438112215472503,3.5
68631,494,3.915350583702747,4.0
68637,56949,3.0,2.5
68642,1784,4.030085632159172,4.0
68651,3261,4.0,4.0
68672,193,3.0,3.0
68681,3160,4.600528132500008,4.0
68681,3316,3.0,2.0
68685,3097,3.0,2.0
68720,1394,4.474571301469888,3.0
68743,6365,3.6175741625239253,5.0
68748,943,3.0,4.0
68759,6868,3.0,2.5
68762,104,4.0,3.0
68785,342,3.0,4.0
68786,1333,3.0466949414556463,3.0
68789,3177,3.0,2.5
68798,2087,3.8118563367551497,3.0
68798,6218,3.8612432401717554,4.0
68798,62434,3.0,3.5
68806,36,4.5544528861614975,3.0
68814,1302,3.8982046467554006,4.0
68814,3424,3.9994213142903052,4.0
68850,7177,3.0,3.0
68855,1204,3.589128818519263,3.5
68859,3623,3.895755149864853,2.5
68862,377,4.295352494174342,3.0
68870,1240,4.167697378913351,3.0
68892,3081,3.123452876636092,2.0
68899,442,3.068115749058194,4.0
68899,3114,3.4603733674686072,3.5
68915,608,4.043153132880747,4.0
68918,457,3.5781631701588537,3.0
68932,315,3.5531139041139586,3.0
68941,1482,3.0,5.0
68949,1414,3.0,2.0
68956,2599,4.277160298655636,5.0
68959,4234,3.0,4.0
68965,2890,3.754847690753986,3.5
68971,17,4.650380750685806,4.0
68976,3108,4.117008436001825,2.0
68977,1131,5.0,5.0
68980,344,3.26888014449259,3.0
68980,53121,3.0,2.5
68985,160,3.630425974431905,4.0
68988,48744,3.0,4.0
69002,32019,3.0,4.0
69002,48780,4.404297468498064,4.5
69004,2734,3.0,3.5
69004,6936,3.252203376776053,3.0
69008,805,4.073734512893423,3.0
69051,4862,3.0,1.0
69059,260,3.5017280781749394,4.0
69066,6539,3.5823977670295917,3.0
69070,836,5.0,4.0
69073,367,3.6675083582351853,3.0
69073,4681,3.0,3.0
69073,8622,4.074233970632632,3.0
69078,509,3.828485228205192,4.0
69083,3153,3.0,4.0
69087,2762,2.4826869992541174,2.5
69090,1265,4.381530711974599,5.0
69094,3703,4.569414476727041,4.0
69098,5445,4.4185086631577315,5.0
69101,750,3.938170825214431,5.0
69108,1128,3.993795019166267,3.0
69127,923,3.250645909056884,2.0
69130,42011,3.0,4.0
69135,1961,3.838322787868437,4.0
69135,2028,3.8033268927839003,5.0
69135,2391,4.092455762810788,4.5
69135,3704,3.506400264732344,2.0
69141,4995,3.402850575324283,3.5
69145,3977,3.6157904233159646,4.0
69153,785,3.6364380806102683,3.5
69157,1372,3.6192170825956764,4.0
69157,3363,4.053234008823765,3.5
69157,50872,3.611759159233112,4.5
69174,58,4.21552920830834,5.0
69174,1653,3.443188841965552,4.0
69176,3253,3.1719794103434498,3.0
69180,185,3.6357539849286242,4.0
69187,2096,4.5,4.5
69197,1199,3.949522331101646,3.0
69197,1921,4.085386371013541,4.0
69204,919,4.155071353802931,2.0
69223,818,3.0,3.0
69246,1923,4.226908880408522,4.0
69250,1446,3.0,5.0
69254,5304,3.0,2.5
69259,2396,3.766727093514964,4.0
69267,3125,3.0,4.0
69270,1185,3.6524980039829553,5.0
69270,2109,3.833515535775268,3.0
69270,2324,3.7772705111032083,1.0
69280,5445,3.649023665104319,3.0
69282,3029,3.0,4.0
69286,2993,3.0,4.0
69291,1259,3.3992053111671026,3.5
69298,1673,3.6243909271590575,3.0
69305,454,3.800508936923636,5.0
69307,34150,3.300815608279456,2.5
69309,3114,3.4377855131900192,4.0
69316,440,3.4469985913503205,3.0
69324,1647,3.0,3.0
69324,2916,3.5337414397912053,4.0
69330,253,2.7517803451208835,3.0
69350,6759,3.0,0.5
69354,82,3.0,3.0
69368,110,3.3320778714287944,4.0
69374,357,3.729388506405989,2.5
69374,56788,4.021917130417585,4.0
69382,784,4.371587587760107,5.0
69384,597,3.753100188320076,1.5
69388,1230,4.736670346281907,5.0
69388,1256,4.770362700632059,5.0
69393,6003,3.218810907782333,4.0
69401,1320,3.2482142925464936,2.0
69413,372,3.0,3.0
69420,1127,3.8162639664933584,3.0
69439,1193,2.6394920163038558,3.0
69442,1060,4.604200807781032,5.0
69461,3698,4.210332868298719,4.0
69470,5010,4.056345423133586,4.0
69483,378,4.0,3.0
69493,1667,3.0,4.0
69504,4000,3.0,2.5
69534,788,3.331345992805631,3.0
69538,3159,3.0,4.0
69543,592,3.4749063643029476,4.0
69547,1198,3.7266051825027984,4.5
69547,8044,3.0,3.5
69549,356,3.650498220952673,4.0
69576,216,3.5047479365536707,3.0
69581,1562,3.5731680356998403,2.0
69583,785,4.0,3.0
69605,1396,3.9670984638899958,4.0
69623,593,3.965880144178383,1.0
69624,2985,3.619626313649043,3.5
69625,16,3.711072911485462,2.0
69625,326,3.0,5.0
69625,1178,4.0,5.0
69625,2747,3.0,2.0
69626,1271,3.658668698910421,1.0
69632,457,4.013256661916968,5.0
69637,112,3.0,2.0
69640,1101,3.040219134724019,3.0
69653,158,3.7141458232947886,3.0
69655,3301,2.950122337887463,4.0
69665,380,3.5079831899928746,3.0
69670,785,3.0,2.5
69675,377,4.213617231706453,1.0
69690,4814,3.320609936056894,4.0
69690,4901,3.6773380481888998,3.0
69698,230,4.242780320740491,4.0
69702,1784,3.596915564134729,2.0
69714,2384,3.0,4.0
69714,2642,2.8941834049311184,2.0
69718,4728,3.0,1.5
69719,165,3.2610048321738114,2.0
69719,736,3.5160235372385555,1.0
69728,2081,3.6418223563644183,3.5
69732,736,3.3289634071974357,2.0
69755,527,3.6165670786375332,4.5
69765,595,3.520965483779259,3.0
69781,647,3.2265184155467797,4.0
69783,3266,3.0,4.0
69822,2881,4.5,2.5
69825,1953,4.336325518887738,4.0
69826,1566,3.316566099324109,3.0
69826,3421,3.7407736735637065,3.0
69866,3225,3.0,2.0
69866,4151,3.0,3.5
69866,5731,3.0,2.0
69866,34520,3.0,1.5
69869,1114,3.0,4.0
69874,780,3.814427573975654,2.0
69882,2747,3.0,4.0
69905,2791,3.931407397131319,3.5
69907,3752,3.2161567651547767,2.0
69913,11,4.102361486364329,4.0
69916,3617,3.6182195293303185,3.5
69921,367,3.8294947790306453,5.0
69923,32,4.169514424447958,5.0
69923,186,3.7627655491240484,4.0
69923,1749,3.0,5.0
69926,924,3.8840162840930605,5.0
69941,533,4.251316258115423,4.0
69950,153,4.03040118574569,3.5
69952,2391,4.8091695439103,5.0
69952,2770,4.755929360022563,4.0
69953,1089,3.8933076955774313,4.0
69974,60,3.0,4.0
69977,44191,3.2746285708461547,4.0
69982,3274,3.0,3.0
69994,648,2.5443714688408945,3.0
70002,2019,3.9424686808929073,5.0
70006,364,3.13432368179155,3.0
70010,8533,3.0,5.0
70015,2324,3.9126783743905666,4.0
70019,141,3.950509907568853,1.0
70023,3461,3.0,3.5
70024,4333,3.0,2.0
70028,288,3.8374877566671555,1.0
70032,6541,3.678384334407326,4.0
70034,1333,4.669780810842172,4.0
70058,1968,3.9513933663957146,4.0
70089,1096,5.0,5.0
70096,1912,4.1486448112222485,3.0
70114,5049,3.0,3.5
70116,1297,3.7612092802898003,4.0
70116,2420,3.1851702109598716,2.0
70124,2857,3.0,1.0
70129,2747,3.0,3.5
70131,3498,3.0,4.0
70137,2858,3.897037830659382,4.0
70149,8912,3.0,4.5
70154,4052,3.0,3.0
70170,1215,3.481639684820704,5.0
70171,1393,4.331416770012469,5.0
70180,950,3.0,5.0
70182,47,2.4633381404521106,3.0
70184,805,4.090354552294533,5.0
70188,8477,3.0,3.0
70210,1193,3.8825866861672296,4.0
70220,1288,4.3652112805324315,4.0
70220,3448,4.280764623221208,4.0
70229,1196,4.065338153652706,5.0
70229,1760,3.0,0.5
70229,2404,3.0,3.0
70229,4007,3.0,3.5
70229,5296,0.5,0.5
70234,914,3.52037954344545,4.0
70244,1009,3.0,3.0
70244,1125,3.5087442977451526,4.0
70244,2070,5.0,4.0
70248,224,3.976136225447316,2.0
70248,2000,4.140894456122904,5.0
70252,2457,3.0,4.0
70261,2394,3.0,4.0
70262,246,4.500636453453824,5.0
70277,1242,4.10577350254358,4.5
70278,5218,3.7992845407382303,3.5
70279,780,3.8709142013497435,4.0
70283,1376,3.6200863775581618,4.0
70284,1970,2.8643226416054746,3.0
70287,5015,4.213147904443736,4.5
70298,2617,3.709418540787974,4.0
70301,32,3.965246795529689,5.0
70306,5679,3.549817547042897,4.0
70313,35836,3.555732593051385,4.0
70316,3362,4.874589839919895,5.0
70321,1019,5.0,5.0
70325,4498,3.0,2.5
70331,3255,3.9168222513347497,3.0
70337,6734,3.0,2.0
70344,5066,3.0,3.0
70347,849,2.433358264316007,1.5
70355,3036,3.0,3.0
70358,1252,4.458476857043333,4.0
70362,2912,3.0,4.0
70377,5388,3.6535189351273316,3.0
70385,720,5.000000000000001,5.0
70387,165,4.286194700594828,3.0
70391,2321,3.1155237955172805,4.5
70399,1207,4.091310027976699,4.0
70400,3556,3.764962576779667,3.0
70402,1676,3.906008821399635,5.0
70414,2572,5.000000000000001,4.0
70436,37240,3.0,5.0
70444,180,3.0,4.0
70446,43869,3.0,3.0
70447,4085,3.9403536177812573,3.0
70459,1831,4.1118262557663465,2.5
70463,3329,3.0,5.0
70470,1179,4.325119247932228,3.0
70472,47,4.03546616224202,4.0
70473,6953,3.0,1.0
70491,4308,3.9426228487141075,3.5
70499,1947,4.34270683753027,4.0
70502,186,3.7564335383485155,4.0
70502,440,4.041084404943902,4.0
70514,880,3.0,3.0
70532,6377,3.8153130468890692,4.0
70543,2580,3.193706505183328,3.0
70547,1272,4.201845067787179,5.0
70556,3827,3.0,2.0
70569,111,3.7758385205722984,4.5
70572,2968,3.5779370369479744,3.0
70572,8833,3.0,3.0
70583,150,4.3468945515929045,5.0
70584,1221,4.1516033918308,4.0
70586,95,3.121823762832009,3.0
70598,6,4.794676466112141,5.0
70605,589,4.0009771452746685,3.0
70612,2428,3.0,3.0
70638,480,4.0265401116326975,4.0
70650,3699,3.184535626957864,3.0
70655,497,3.760669370564399,3.5
70676,1047,3.3269395691479215,4.0
70682,471,4.0,4.5
70686,2120,4.0,4.0
70728,1573,3.751817628057839,5.0
70739,62,3.8975603778535683,4.0
70742,6290,3.5,4.0
70750,1267,4.8340420755064955,5.0
70752,539,3.5662604066935133,4.0
70752,587,3.271405434140092,3.0
70753,3018,2.740731885330589,1.5
70761,3016,3.0,5.0
70762,2991,2.6259621739721846,4.0
70771,2387,3.0,4.0
70771,4011,3.832456329878335,4.0
70773,1060,4.108096478507597,4.5
70773,1466,4.227015361028308,4.5
70776,490,3.0,2.0
70787,1207,4.514799057061242,4.0
70794,43936,3.4958116604543843,3.5
70822,4795,3.0,3.0
70822,59315,3.3105207701138473,4.0
70838,3735,3.0,4.0
70843,7027,3.0,4.5
70860,3793,3.549763889050083,4.0
70864,969,4.395435927581783,4.0
70864,2753,3.0,4.0
70866,185,3.19487344416761,4.0
70873,6539,4.098220762096345,4.0
70903,2642,1.747474582830148,2.5
70905,446,4.0,4.0
70905,1271,3.7947878503428267,3.0
70905,40583,3.396563459349703,3.0
70912,45728,3.0,4.5
70931,1608,3.7856857702950566,4.0
70931,2471,3.3995556375842524,3.0
70937,780,4.023968920293731,4.0
70938,3504,4.135102732261728,3.0
70943,2657,4.165675354520259,4.5
70947,1090,4.045435616246303,5.0
70955,2322,3.2865492243120786,3.0
70963,367,2.6254592929142486,3.0
70963,2724,2.7887024664025897,2.0
70967,7619,4.5,3.5
70974,231,3.911216505010586,4.0
70975,39446,3.788797692018277,3.0
71003,5,3.0,4.0
71011,1960,4.182984346304213,4.0
71016,419,3.0,3.0
71036,2269,3.0,2.0
71040,780,3.494837326349147,4.0
71042,6863,3.8794661822717145,3.5
71043,1250,4.302587837188314,3.5
71048,288,3.2795521913336296,4.5
71048,653,3.107979619839933,3.5
71048,2655,3.0,2.0
71048,5640,3.0,2.5
71055,762,1.7986164734498316,2.0
71072,2762,3.9404024822632526,4.5
71076,2539,2.5040081698196617,3.0
71084,2725,3.0,4.0
71105,1077,4.734963497749725,5.0
71105,2288,4.228130757957245,3.0
71105,2948,4.3630771301535685,5.0
71119,5060,4.05038164149755,5.0
71120,356,3.8500436948581047,5.0
71128,2671,3.6163301974774837,4.0
71134,2971,3.0,3.0
71139,1019,3.690785223278535,3.0
71146,7004,2.2550144257294615,2.0
71156,2363,3.0,5.0
71178,780,3.0691443060681816,3.0
71183,1094,4.505884709551788,4.0
71190,190,3.0,5.0
71190,1396,3.3354483232046768,3.0
71190,1635,4.325843469030994,5.0
71190,3206,3.0,1.0
71197,3006,3.51997668638754,4.0
71201,293,4.0092858110763645,5.0
71206,1914,3.0,4.0
71211,5952,4.47795311532399,5.0
71217,2488,3.0,5.0
71222,1390,3.0,3.0
71245,2858,3.7282269261377503,5.0
71246,1527,3.0713257229851996,4.0
71263,1235,4.006657345473146,4.5
71267,480,2.647523630878593,3.5
71273,1225,4.188957662486583,5.0
71275,1299,3.9292340702587727,5.0
71281,357,3.879696091543631,4.0
71282,517,2.7203194882677537,2.0
71302,1096,3.49392714299934,5.0
71309,1320,3.8499122689191148,1.0
71311,737,3.0,3.0
71330,32011,3.0,4.5
71331,3624,3.834263787767098,3.5
71335,522,3.0,4.0
71339,2951,4.022289282968987,3.0
71354,2692,3.976952552597863,4.0
71368,1015,3.0,4.0
71379,3505,4.0,5.0
71385,5388,3.8749731506530263,4.0
71390,2692,3.5849431136502248,4.5
71397,236,3.2900788429346597,2.0
71397,5444,3.634834984806864,4.0
71409,577,3.0,3.0
71412,3932,3.0,3.0
71420,158,3.287049230134692,4.0
71420,4284,3.0,2.5
71443,920,3.7252070052736026,2.5
71443,2465,3.0,1.5
71447,2355,2.80816489721829,4.0
71452,370,3.816474857849677,4.0
71453,4673,3.496869517175545,4.0
71459,3697,4.0,3.0
71464,3751,3.918642191508633,4.0
71481,1208,3.817942551600122,5.0
71481,2573,3.0,2.0
71481,3300,2.9833662504559646,3.0
71483,1673,3.516489381227656,4.0
71487,1293,4.381051568662672,4.0
71497,1246,3.638461714695147,4.0
71509,1035,3.1454831452324843,3.5
71509,1644,2.8060406141729244,3.0
71514,1687,4.3465210387040925,3.0
71523,2161,2.9554978388503157,0.5
71528,2918,4.149731763109827,5.0
71534,380,3.9101636854536017,3.5
71557,805,4.418913821425866,3.5
71562,3730,4.443085008001972,4.0
