userId,movieId,pred_rating,actual_rating
28,16,3.174731493086048,2.5
41,1682,3.404843657356615,3.0
47,81932,3.0892645149795257,4.0
51,2683,3.3801744419793915,0.5
62,108190,3.225390770887076,3.0
64,6659,3.7360889158165618,4.5
86,318,3.9311613121143605,4.5
125,8376,3.448451504606338,4.0
132,4239,3.2099398955392533,2.5
149,741,2.947802050781442,4.0
160,3864,2.799308480843769,1.0
169,8008,3.762059658259692,5.0
186,3755,4.182467975003171,3.0
216,3977,3.6108585355149767,4.0
232,7156,3.3888499607174283,3.5
265,3791,3.0000000000000004,3.0
266,2471,3.014375848602333,1.0
274,1033,3.081557906065642,3.5
288,8961,3.6451959439942234,4.0
305,899,4.1855328497555675,4.5
306,122904,3.3675571507155286,3.0
307,1,3.124209437594044,4.0
307,551,3.068295242826397,3.0
313,3033,3.428219595908467,2.0
339,5679,4.077090098518459,3.5
369,1884,3.7651266822678378,5.0
400,7153,4.672890944695401,4.0
414,4509,2.711179969399305,3.0
414,5267,3.4140132352114563,4.0
414,55872,3.043796330188328,3.5
432,3150,3.5,2.5
438,780,3.774669150894398,3.5
448,86880,2.8124534493288382,1.5
469,1303,3.979207211233678,4.0
474,412,3.2428135319707465,4.0
474,1513,3.3033138743809305,3.0
477,6377,3.9827412339596537,3.5
489,1408,2.7046293893364686,4.0
495,3755,3.667877779321063,3.5
503,91976,2.0,2.0
552,4776,3.5719883895032414,3.0
560,8604,3.0,3.5
573,153,4.350916408624861,1.5
576,849,2.036607023866177,1.5
582,260,4.166358177751657,4.0
599,460,1.6901708184671458,2.0
599,3264,2.5453748985306346,2.5
602,533,2.4883480884663114,3.0
608,8361,3.6959037014563494,4.0
18,2028,3.9470863231736972,4.0
19,2572,2.6382889394798372,3.0
21,78637,3.8614375494048465,4.5
38,527,3.231349996152351,5.0
45,1393,4.175928851051592,5.0
68,2413,3.0139711295228855,3.0
76,2791,3.596863995882958,4.0
82,6566,3.7552285510509664,1.5
129,2628,3.9331827805321113,3.5
129,7143,3.9836159170084184,5.0
160,1488,1.435373846266299,1.0
219,8371,2.9976943538614407,0.5
232,45662,3.0060797550013865,2.5
241,46578,3.8313760626320756,4.5
249,89753,3.675189903969927,3.5
274,377,3.54581156408881,3.5
274,7293,2.952306336057296,4.0
280,56949,3.993459777962966,3.0
307,52375,2.213120100846573,3.5
339,91978,3.6251284987284884,4.0
346,492,4.118532379240711,4.0
361,44022,3.685634687586409,4.0
380,3253,3.9278121320157973,3.0
414,1198,4.211660707269935,5.0
414,4971,2.4213196146044136,3.0
418,106487,2.9577996802097686,4.0
419,2502,3.9225240564805164,4.0
420,48385,3.8501308818066318,3.5
421,2324,4.801988820744988,5.0
462,69849,4.0,3.5
480,2948,3.5618543144704833,3.0
480,6281,3.0591681922260605,3.5
504,1797,3.0,4.0
514,1977,2.6028933578753275,2.0
517,2018,2.8175965330985635,4.0
555,3662,2.064128670349792,3.0
561,3704,3.8977881319949534,3.5
562,5810,4.038380467342471,5.0
564,102123,3.7443510447956196,2.5
572,1272,4.584639877254679,5.0
573,2502,4.351300782007988,4.5
580,3156,4.201205929413441,2.5
590,898,4.248346377978577,4.0
600,2798,2.9070641704556754,2.5
603,121,4.350615864689613,4.0
606,4367,2.9198833116830367,2.0
606,27178,3.0,4.0
1,2478,4.337319820489331,4.0
13,1639,3.0,4.0
20,1876,3.5857971693621464,2.0
54,410,3.0235572827458954,3.0
80,593,4.375972612757584,5.0
105,5810,3.7874505915829184,3.5
108,5450,3.0,5.0
110,778,4.410146278011041,3.5
119,115149,4.256174554123279,4.5
131,1061,3.0,3.5
132,3785,3.086926770021681,1.5
148,89745,3.6226779915019347,4.0
183,4085,3.2022205056357302,4.0
191,111,4.642321798528884,5.0
216,1265,3.6380465629587637,4.0
217,1690,2.6305377590440058,1.0
223,6377,3.515812996826791,3.5
263,1066,4.0,5.0
274,2232,3.62838811702336,4.0
275,1542,3.5693023232758634,3.0
280,277,4.5,3.0
288,1253,3.707027352474409,3.0
288,54001,3.6901574219973408,3.5
296,110,3.99817632496521,5.0
298,33145,1.762722960822311,1.0
298,34150,2.326019276569186,0.5
298,45499,2.32114679866747,2.5
298,136020,2.259700579875261,2.5
300,81591,4.517878967919371,5.0
300,92259,3.0,4.0
305,1610,4.105123580143324,5.0
307,1586,0.5,2.0
332,2919,3.7237342547126078,4.5
334,6350,3.4064503683211624,3.5
339,1193,4.2168328824600065,5.0
339,2973,4.331754765230277,3.5
354,2700,3.4444033493260595,2.5
368,1833,2.526648896767863,2.0
369,1196,3.4087645851653487,4.0
380,173,4.042212317270432,4.0
380,6711,4.097528196081684,5.0
408,106489,3.991684356626485,4.0
419,2694,4.022217586630521,3.5
482,8636,3.9018468621583655,5.0
520,2194,4.097744982899024,4.0
590,68157,3.572563827333356,4.5
596,1614,3.193874508341754,3.0
596,128908,3.0,4.0
599,5596,3.0,1.5
600,2010,3.5315753266784746,4.0
606,1485,3.629445084455554,2.5
606,55946,3.0,3.0
608,8984,3.865718631131507,4.5
1,2959,4.4612924506413005,5.0
5,457,3.2571473453194595,4.0
6,434,3.970319148369147,4.0
33,150,4.272634623714991,3.0
45,2987,4.059456600224389,4.0
51,5459,3.9264173016061195,3.5
59,1722,3.676644769252723,3.0
64,3617,3.682233875485236,3.0
80,60684,4.346585909592873,4.0
104,3719,3.0,2.0
109,590,3.301761875796786,3.0
117,515,3.1939199913726655,4.0
122,27660,4.407187326414668,5.0
125,2321,3.9396556360203867,5.0
131,2571,3.512872638128945,3.0
132,44191,3.3299975164900264,3.0
137,541,4.001480362480914,5.0
140,47644,3.407086447902416,3.5
160,1371,2.1279921128527843,2.0
205,88125,4.025964163271409,4.0
219,7090,3.4131847305187524,4.5
256,69524,3.6750070997877744,4.5
265,388,3.7487478082494614,2.0
266,95,3.3855854167728974,3.0
266,1500,3.979425926900875,3.0
274,4386,3.061957214414415,3.5
286,150,4.041492374268412,4.0
288,2454,2.286964631742471,3.0
318,8368,3.6024185655998116,3.0
352,2391,3.983383185292531,3.0
380,2968,4.208634611185889,4.0
380,3578,4.128973975965553,4.0
380,111360,3.8058060840905514,3.0
448,4203,2.8071045131138614,2.0
448,133365,3.0,2.0
458,296,4.09822659150199,4.0
462,6935,3.0,4.0
474,4476,3.0098514983698523,2.0
483,778,3.803912585579894,4.5
489,72874,3.0,1.0
489,74789,3.4390663716826095,2.0
512,595,3.798922822800951,4.0
552,356,3.626981350944711,4.0
562,32587,4.157352784505677,4.5
571,1993,2.1545920788741926,2.0
587,3426,4.0,4.0
599,2997,3.4026268942423177,4.0
610,56782,4.2946948895111365,5.0
610,85020,3.2252111520429048,3.0
6,1006,3.0,4.0
28,4027,3.0865977777832647,3.5
62,48043,3.9159147402812002,3.0
68,1197,3.3061356378706277,5.0
68,1608,3.2862900878184442,3.0
91,6629,3.7437501724732973,4.0
103,54001,3.535349193218081,2.5
128,942,5.0,4.0
139,66934,2.146867415402175,3.5
140,4014,3.100750055312325,4.0
156,1224,3.706874297405343,4.0
160,3578,2.7362570370204264,5.0
166,2167,3.934307594558154,4.0
171,596,4.263522754209349,5.0
184,112852,4.062617099138521,4.5
232,60684,3.545230294056302,4.5
237,31410,3.3552378928066156,3.0
238,1961,2.7075157012563924,2.0
249,208,4.011688898013667,3.5
249,4776,3.9779276494285902,4.0
249,45447,3.9024703039750746,3.5
294,719,1.7628252816211603,1.0
298,3511,2.16551753352568,1.5
298,4878,3.042992354068543,3.5
312,1333,4.274810568042528,4.0
326,30707,4.095931788177764,3.5
352,54286,4.094894160520067,3.0
379,318,3.434437993062594,3.0
380,3682,2.6853988099341466,2.0
380,6695,3.5872216477843772,3.0
414,3060,3.6805523581185775,4.0
414,3179,2.9307737245992387,3.0
414,4546,3.2678115125216394,4.0
438,2880,3.512912360260859,4.0
438,5621,3.015008465165335,3.0
453,5445,3.990499593738248,4.0
457,2694,3.51679437630203,3.0
462,288,3.0941688869664272,3.5
474,338,2.178153822158524,3.0
474,586,3.6674917407233734,2.0
477,1204,4.254936443851044,4.0
530,208,3.869697725598422,3.0
561,440,3.57336602590799,2.5
570,1580,3.523658740057982,4.0
597,2690,2.0,5.0
599,3753,3.0956258880547405,2.0
605,31658,3.1452998422727148,3.0
606,1198,3.881448311260573,3.5
7,2762,3.544845001081221,4.5
7,6539,3.522567506513253,4.5
14,540,3.620722685925026,3.0
63,648,3.6882680128537806,4.0
68,48385,3.4709271741877274,1.0
84,14,4.808899064992893,4.0
84,1288,3.972973625475683,4.0
105,27834,3.9381188853996547,4.5
149,750,3.1047769002872636,5.0
156,3506,2.3241706873714088,4.0
177,69406,3.4788089290955013,3.5
181,489,2.4987444246508916,3.0
222,71464,3.3847960739356404,2.5
239,1396,3.8687480960656027,3.5
246,68954,4.42441060536422,5.0
249,45499,3.7814305983793046,3.5
252,162578,3.807773550698673,5.0
264,5816,2.960723036706667,4.0
266,2797,3.9934543425279188,4.0
274,431,3.8343099177516193,4.0
274,3363,3.3128927984615872,4.0
294,3763,2.469122463186377,3.0
310,1247,4.501413339841992,4.5
310,7184,3.0,4.5
318,106487,3.4416985479814137,4.0
346,3535,3.512384943292366,3.5
361,4085,3.345805296919374,3.5
362,7438,4.392960136142955,4.5
368,2410,3.001043346705184,2.0
380,1278,4.27410904253494,5.0
380,6196,3.241465970115568,4.0
380,122924,3.7988182334096927,3.0
414,8949,4.28442619129015,4.0
437,780,3.7981833187412413,3.0
477,1005,2.9099181228691977,2.5
483,2788,3.6050750542204506,4.5
484,48516,3.8527125297579072,5.0
509,2193,3.226694699589017,2.5
534,95441,3.602115495749312,1.5
555,3051,3.3568927417784336,3.0
561,589,3.77055860013911,4.0
570,1372,3.596710062454129,3.0
570,2959,3.6095461212836892,4.0
573,1387,4.245692121942834,4.5
579,3717,4.105181494788359,4.0
590,111,3.97152842004928,4.0
603,4017,3.6111825101378994,4.0
4,47,3.296755662200485,2.0
28,48774,3.218834978925779,3.0
58,337,3.606439444425129,5.0
63,3481,3.847703924890383,4.0
68,3555,3.215229999471306,3.5
105,81932,3.8516251566435216,4.0
144,6218,3.3901401821255637,3.5
167,1214,3.4887760404139905,2.0
169,1073,4.433023864925505,5.0
182,475,4.014736075686893,4.5
221,1953,4.322169001757241,3.0
235,368,3.7199454299275523,2.0
247,527,3.9523537455552096,4.0
249,55995,3.5580624517106276,3.0
255,1234,2.1696839609915166,1.0
288,1231,3.263651176578946,3.0
291,102125,4.0,4.0
305,67788,3.751284281788834,5.0
307,6999,2.330745832050037,2.0
352,97306,3.5066624440835876,3.5
367,587,4.3962612629677915,4.0
380,1258,4.199715183002798,4.0
404,593,3.4851691887735914,4.0
414,31445,2.951850673369766,2.0
438,3275,3.593344972900947,4.5
440,1214,4.266114536052327,4.5
452,1376,4.497980172934206,5.0
469,3527,3.3936581919332243,3.0
475,79091,4.272907337093965,3.5
477,2424,3.9572649359970318,4.0
483,7147,3.9230858135334095,5.0
517,1210,2.4761309895931354,2.0
517,2791,2.258485990324953,3.5
572,2406,3.7279812583526692,3.0
577,1183,3.7848942612786938,4.0
580,485,3.421617441376212,2.5
580,2329,4.145275633465991,4.0
590,6448,3.3310580296735024,4.0
599,1208,3.630641698639059,5.0
599,2001,3.0525453829648006,3.5
599,26700,2.211604463057443,2.0
606,30749,4.023726009505314,3.5
1,3253,4.43929527774922,5.0
6,508,3.7436124730400278,4.0
16,1208,3.735108667854799,4.0
18,4816,3.742711219351766,3.0
36,2012,2.4496146490326645,2.0
42,3515,3.2102726688017267,4.0
74,926,4.6734387143483795,5.0
104,936,3.3340855752297394,3.5
104,1275,2.9505800199362273,3.0
111,1282,3.1966065927689415,4.0
117,442,3.343497856433415,3.0
125,2843,4.279281282565998,4.0
161,1223,5.0,5.0
196,110,4.11254159465623,3.5
212,122892,3.590028117407571,4.0
216,1077,4.04002139454204,3.0
227,8914,5.0,4.5
232,79702,3.3939303827622114,4.0
263,6708,3.6357306567629966,3.0
274,1923,3.5789330057400996,3.5
274,6957,3.4413157543901756,4.5
288,1090,3.5327067947834347,4.5
288,3578,3.463478769022211,2.0
292,2916,3.568539745257834,4.0
294,70,3.3421249136557574,4.0
325,111,4.316617669227572,5.0
334,44195,3.464535027715128,3.5
352,90405,3.876786687976746,3.5
356,2918,4.059106593904356,5.0
372,50,4.022383903033966,5.0
390,62374,3.0,2.5
414,2088,3.2674316586944454,3.0
414,2694,3.322374465777016,3.0
414,4642,3.434812915192705,4.0
414,5258,3.488202181744879,2.0
420,51662,3.8465530231327656,3.5
450,648,4.0,4.0
479,2012,3.4078358294835596,3.0
483,1608,3.347939263920566,3.0
483,60161,3.271905624606833,3.5
483,110297,3.3961901972188584,3.5
504,6708,3.668222408029241,4.5
524,32,3.714117857569185,3.0
525,1,3.603498957699184,4.0
541,364,3.588601208565125,3.0
563,4017,3.0,3.0
563,91104,3.0556753662778977,1.5
580,4383,3.3692854394802776,3.0
585,2858,4.407792618330171,4.5
590,6934,3.0598678330852893,2.0
596,1513,3.2091921449693968,3.5
599,1218,2.925693673475243,3.5
599,5319,2.306891336532412,2.5
600,225,2.556602285318872,2.0
608,6331,3.149522434546967,2.0
610,43679,3.0539138491545645,3.5
610,66310,3.0,3.5
28,59018,3.0,4.5
66,1094,4.485572233526525,4.0
68,18,2.9885078647966004,2.0
76,589,2.9947657750456473,3.5
80,2763,4.20479585949542,4.5
104,54780,4.0,3.5
111,4995,3.295982257267977,4.0
111,34530,3.3833524335817593,2.0
123,112556,4.002389633208127,4.5
156,3317,3.490026757624228,4.5
184,91529,4.313066803597224,4.0
199,1240,3.378574546807372,5.0
211,2542,4.297404653560456,4.5
219,1246,3.640365492051534,3.5
232,51935,3.3997867570504856,4.0
249,1588,3.478918807201029,2.5
266,541,4.186138796784598,5.0
274,27674,2.14760039580417,4.0
282,784,3.9658912077454263,3.5
292,2712,3.2643960137140313,2.0
292,58293,3.7546960162863083,3.0
298,2,3.037005884612437,0.5
298,5816,2.311063842538577,3.0
301,8949,3.421064796013695,3.5
305,4034,3.9555150575498397,4.5
307,185,2.781927281500465,2.5
307,208,2.8360179656674944,2.5
385,368,3.3063469438405635,4.0
392,3004,2.0,1.0
414,33660,3.6632241328288297,4.0
453,466,4.26356181904474,5.0
474,7153,3.8365499540157333,5.0
479,2362,3.0,4.0
509,2078,3.271850435639631,2.0
510,185,2.1342199887385127,0.5
524,12,3.3726399908313516,1.0
533,119145,4.555937202939136,5.0
534,4533,4.0,4.5
551,49530,3.5662448159214555,4.0
562,1271,4.3702173260817725,4.0
583,3988,3.035023126014178,4.0
590,1036,3.5526641682467788,4.0
599,6348,2.1982415972888987,2.5
606,32728,3.0,4.0
610,115122,3.6143290008124356,4.5
18,16,4.042766901117788,4.5
18,1961,3.952181276212375,4.0
45,4104,2.87938883203806,1.0
51,316,3.8453240156461637,4.5
64,1348,3.597928311364022,4.0
64,4235,3.5537144052095133,5.0
64,8622,4.020633670941805,4.0
68,5679,3.3313623604220117,2.5
86,2628,3.92057324434243,3.5
111,119145,3.5645699727799367,5.0
170,48,3.2630540794935823,4.0
195,3753,3.749255389639647,3.0
197,1513,3.0,3.0
200,1210,3.956921249877296,5.0
202,780,3.9089190179598514,2.0
210,4299,4.253550710421524,4.5
212,110102,3.5568867132809627,3.0
232,51933,3.0,2.5
249,60074,3.634776413556175,4.0
254,1196,4.142851615068257,4.0
274,80549,2.7072914257375102,3.5
288,2078,3.4046871055957078,3.0
288,59369,3.423895701475245,4.0
294,3774,2.6364637835345652,1.0
328,5060,3.780843199354544,4.0
330,350,3.1437498164400077,4.0
330,5013,4.2133713257754195,4.5
352,104841,4.154973379580068,5.0
380,595,3.998855862831407,4.0
381,5444,3.5936105390891075,4.5
385,551,3.7714426622329857,3.0
387,2021,3.426699073871935,3.5
393,44199,3.2856589942581684,5.0
414,835,3.1644658028351427,3.0
414,2271,3.1644658028351427,3.0
417,2329,4.632992314603166,5.0
419,8464,4.0686225770921745,5.0
424,1120,4.0,3.5
425,8807,3.511799663397928,4.0
437,1259,4.272821300776817,3.0
469,903,4.306630363417327,5.0
474,185,3.379915914957032,3.0
474,2003,3.4562340827110747,3.5
474,2193,3.016949424513252,3.5
474,6773,3.736886856812291,3.5
474,34542,3.2077215769264846,4.0
474,48394,3.9200109031344486,3.5
487,593,3.499662792771454,2.5
489,6377,3.424972715905086,4.0
534,3752,4.043853812638488,3.5
534,50872,3.8517395217855928,4.0
542,5266,3.103056448840092,3.0
567,110553,1.9456872919648336,1.0
580,353,3.8042504200114196,4.0
586,457,4.23405414579995,4.5
590,3450,3.2053095145279524,3.0
596,260,3.5613730294277475,4.0
599,569,1.6474875306312788,1.0
599,1682,3.2688762102122872,4.0
599,64285,2.4956603793539314,2.5
600,5064,2.7348200952830837,1.5
600,46967,3.3761657749080776,3.5
602,555,4.065886011058147,3.0
603,77,3.0,4.0
605,55052,3.0,3.0
608,6764,3.535282490908375,3.5
610,6807,4.179492798348008,4.5
16,111,3.7669795780400306,4.5
36,1086,2.9474367848658827,3.5
62,112852,4.136851109674307,4.0
64,8873,3.991694649827473,4.5
80,40583,4.26536883666802,4.0
96,2858,4.342536173662889,5.0
104,1206,3.4836549320780046,3.0
132,45720,3.2536838475246537,3.0
135,4128,3.358579375510903,4.0
166,8464,4.249972110418456,3.5
181,553,3.2329761770203804,2.0
221,965,4.74918017404734,4.5
227,115713,3.855163044654829,4.0
232,5952,3.758560266723332,4.0
233,81591,3.354228007211603,3.5
247,7438,3.8129252430010983,3.5
249,5378,3.969733338608911,3.5
249,34048,3.9093825102717776,3.5
262,339,2.775914454337716,2.0
305,1704,4.189325567272,4.0
312,3535,4.1532153809740215,3.0
318,96610,3.5853912138347166,3.5
339,3741,5.0,5.0
352,1835,4.5,3.0
365,5378,2.8359894215903205,2.5
380,95307,3.0,3.0
424,5679,3.6166508916919615,4.0
438,6936,3.445157570746847,3.5
448,109187,2.6669751909325123,2.0
453,4167,3.5406198695180437,5.0
457,2606,2.7218294521719764,2.0
509,111659,3.5,3.5
519,4025,4.050793320762901,5.0
525,31658,3.6320309067029553,4.0
525,58559,3.7069668866201564,4.0
536,261,3.120868237586063,5.0
536,332,3.0,5.0
555,2827,2.508420300341241,1.0
571,3696,2.2157370007376005,2.0
578,73017,4.75535398248679,5.0
582,96079,4.0847939032773875,4.5
590,2301,3.575477028366013,3.0
596,122920,3.63877909374895,3.5
597,1883,4.63226948697704,4.0
606,156,3.2475576830193362,4.0
610,47997,3.444142864705063,3.5
610,88744,3.708357757101502,4.0
20,1030,3.693231871842311,3.0
21,3793,3.446935359296401,3.5
28,1590,3.0776577918373254,3.0
28,2105,2.9906634445843148,4.0
34,4447,3.5496720992303343,4.0
63,47,3.580182491477299,4.0
68,5378,3.41774068061235,3.0
68,56336,2.839603275459381,2.0
98,1214,3.956143278999344,4.5
105,134853,4.006985770286844,4.0
105,163645,4.050878048389779,4.5
111,73017,3.3977698092297244,3.5
122,1345,4.800560897134732,4.5
125,79592,3.770332394182986,4.0
160,217,1.4899698570051982,1.0
177,52458,3.0170780899952523,2.5
182,589,3.472989390679364,2.0
208,2762,3.710729082203076,4.0
217,1544,2.9157702041528704,3.0
249,5574,3.6206009993231127,3.5
260,6870,3.6882591050360687,2.5
274,1079,3.6511236643962564,4.0
285,1103,4.283828069248807,3.0
286,6377,4.116089587339033,5.0
298,3409,2.2317438665794933,1.0
305,8361,3.8388171299523894,4.0
307,6548,2.5040369994529175,3.0
313,4951,3.0631505723299335,4.0
317,7156,3.0,5.0
317,76077,3.5587460314150205,2.0
318,2355,3.583678962841269,3.5
326,4973,4.238316420941489,4.0
328,2087,3.1748748235204434,3.0
330,1193,3.9961388323043745,4.0
336,34162,4.4789885410236385,4.0
347,364,3.4902762881721925,4.0
380,6936,3.8077217213305583,3.0
382,186,3.8128911698360675,3.0
387,6100,3.2206541710888152,4.0
428,5810,3.1226047715936716,2.0
460,56367,4.396890638296013,4.5
474,1678,3.24500346547132,3.5
476,34,3.85746444344048,4.0
477,82242,4.2323110219579965,5.0
480,6365,3.271476194362501,2.5
480,27830,3.0,2.5
483,59615,3.686483749901164,3.5
506,55052,4.0,3.0
509,90866,3.1355307519677855,3.0
561,45431,2.55289929304358,2.0
561,134130,3.450551794151021,3.5
596,141131,3.0,2.5
599,111360,2.610975414973652,3.0
600,7361,3.387331890122343,5.0
28,318,3.22367035019792,3.5
28,50442,2.7052300827230873,2.0
46,364,4.0789036825500125,5.0
51,2408,3.4274095510097204,3.0
68,44788,3.0894687258099864,4.0
86,79132,3.978882565388106,4.0
123,111759,3.9654040495342056,4.5
210,113378,4.168913779321875,4.5
212,87234,3.0,4.0
213,46723,3.9859302962635272,4.0
221,3152,4.25394418901951,5.0
247,48780,3.845216924390265,4.5
249,95873,3.702774602886017,3.5
269,9,3.0,2.0
288,158,2.9403675424181626,2.0
288,48414,3.0,3.0
307,56805,2.3683926697012567,3.0
313,1625,3.989634073583626,5.0
315,1028,3.6479854087436547,3.0
318,71131,3.0,4.0
334,10,3.4577139280279936,3.5
334,2843,3.0,4.0
340,288,4.0,4.0
368,3877,2.499560046257186,1.0
379,380,3.298826617581838,4.0
380,3429,4.618141386275072,5.0
381,46578,3.819449451539187,5.0
387,3868,3.3314072377943296,2.5
414,69406,3.6330622935410437,1.5
438,4223,3.7480320792677464,3.5
448,2953,2.862506143548727,1.0
448,110102,2.8231705504847655,3.5
448,110730,2.389196831633554,1.5
449,5952,3.5790681766847006,2.0
459,97913,4.3632649389554485,4.5
466,40815,4.094792405619965,4.5
477,608,4.071025359177132,4.5
484,2133,3.541955113917984,4.0
514,3877,2.0,1.0
534,67087,3.5550654876282772,4.0
541,508,4.2440742844837285,5.0
542,3717,3.5133641983533868,2.5
542,8958,3.078526925123384,5.0
567,104875,3.0,3.5
579,2053,3.5112630312740314,3.0
580,1784,4.003200617975021,4.0
594,2762,4.24379871371502,4.0
606,780,3.493796988373516,2.5
18,1375,3.991701320650454,3.5
28,71106,2.5723459664096975,2.5
41,71033,4.520787800649943,4.0
45,435,3.8044529165896304,3.0
45,2431,3.65793631110195,5.0
51,4241,1.5280526341134169,0.5
62,6,4.380494232491505,4.5
64,1240,3.8090581722149133,3.5
68,8810,2.8713912005022872,2.5
91,2717,3.607137987406416,3.0
116,593,3.468905022346725,2.0
132,410,2.7441082378391632,3.0
137,2393,3.0,3.0
139,8961,2.466097998842007,3.5
139,106489,2.68889135795326,4.0
164,2916,4.3404935777732385,3.0
177,3257,3.2785988758402596,2.0
189,76093,3.926649943620672,4.0
215,778,4.151788330096141,3.0
249,3994,3.6918734878649873,4.0
260,2959,3.8195822274568405,4.0
281,3897,3.813620920889821,3.5
282,1947,4.037069081494861,3.0
287,5989,2.825019323104291,2.5
294,435,2.517337342037314,4.0
330,4963,3.8713415181666355,3.5
357,1042,3.665419283309778,4.0
357,1593,3.891311033666829,4.0
357,88163,3.4477028803724754,4.5
365,149352,3.207751051979781,2.5
368,3922,3.0,1.0
387,1094,4.004489145740636,4.0
387,2664,3.2997829697896806,4.0
410,1188,4.100523271179826,5.0
415,4499,3.5,4.5
425,500,3.493734559644275,3.0
425,552,3.335916067021803,3.0
448,96616,2.3790761858194522,1.5
465,2987,4.292329737295,4.0
474,277,3.1806978648941064,2.0
474,3849,3.7310563811606827,4.0
483,597,3.532448593788513,3.0
496,8640,3.0,2.0
509,54259,3.4357971705193364,3.5
509,71057,2.83962254389943,4.0
514,4893,3.560495671784806,2.0
534,3489,3.895793422041334,4.5
538,1278,4.266136540574626,4.0
590,3979,2.835793804893258,1.0
590,4710,3.0,3.5
599,379,2.4181841983328507,2.5
599,5665,2.241960701300003,2.5
599,84414,2.4941566938950905,3.5
600,2279,2.7011903715969194,2.5
610,1300,4.503510417971011,4.5
4,4896,3.47281171251675,4.0
23,1036,3.6426646720376006,3.0
50,81562,2.3665814152622406,2.0
53,413,3.0,5.0
63,4344,3.205933628627354,4.0
68,55765,3.527423825730749,3.5
91,1909,3.4946947213874564,3.0
140,1401,3.377358100746239,4.0
141,46976,3.571170828188149,5.0
160,1240,3.218414239837546,4.0
160,2367,2.352250862678512,2.0
160,3825,2.396971129768162,0.5
177,2571,3.5543027099581193,3.0
182,1246,3.7817566987578033,4.5
199,50068,3.8541947027391608,3.5
210,589,4.255881747272038,4.0
235,349,3.7423340336023236,3.0
246,62336,4.02747907243136,5.0
252,115617,4.072467746101824,4.0
254,30707,4.251623711322636,4.5
294,518,2.01302677857756,2.0
298,3698,2.912796111890167,2.5
318,73266,3.9399098452203214,4.5
333,3753,2.5536477236266046,3.0
344,260,4.05421075428955,5.0
362,6377,4.384195076790626,4.0
365,104,3.126289870527763,3.5
398,32,4.455651201314128,5.0
414,1228,4.30847107804482,4.0
414,3273,3.0707914919628054,3.0
414,47644,3.1837357900655494,2.5
425,36,3.569384944640932,3.0
445,778,3.8100099754009653,5.0
463,552,4.014497030211146,3.5
474,931,3.5457478986850512,3.5
474,5873,3.616930819781709,3.5
474,6020,3.0,3.5
483,355,3.271978724668875,2.0
483,1230,3.925625046617751,4.5
483,2808,3.089118003326421,2.5
484,42725,3.8359972133247298,4.0
522,71535,3.9345572186353155,4.0
524,1197,3.9950525839640827,5.0
550,134130,4.369531127883396,4.0
560,2355,3.4595442928170885,3.0
599,172233,3.0,2.5
600,3608,3.099910168092846,4.0
603,2944,4.055130898476688,4.0
606,1569,3.208495075589034,4.0
607,1370,3.9122180406770197,5.0
610,6440,4.299898144843011,4.5
610,74795,3.2390818605853227,3.0
18,1391,3.846405468786247,3.0
19,1569,2.7205891071697907,3.0
28,4211,2.9411867134092287,2.0
31,588,3.9402465247353864,5.0
51,1753,3.654059183707694,3.5
63,1203,3.9391154922026312,4.0
71,1,4.34703248884156,5.0
89,7325,2.4947718668757655,1.5
111,128914,3.0,5.0
123,104913,3.997662294746915,3.5
125,81,3.0,3.0
139,3624,2.1928852543880932,2.5
141,367,3.487193865479848,2.5
143,3526,1.0,3.0
146,5810,2.7884745387018435,3.5
178,161,4.062031253682315,4.5
182,2723,3.4120083394008147,4.5
193,1193,3.7922958677623826,5.0
193,44555,3.315034123574317,4.5
212,27773,3.670481407678051,4.5
226,2,3.6311831368543,3.0
229,5,4.0,3.0
256,6957,3.72771108039545,4.0
274,968,3.3122967487871344,3.0
279,6874,3.7270487492134357,3.0
297,170,1.7003761797659276,1.0
311,466,3.0,1.0
317,33166,4.036928063425401,3.0
324,3949,4.090507076377963,3.0
331,5956,3.609364675264529,4.5
345,2352,3.1565700400118772,4.0
414,919,3.8964460781461225,4.0
434,344,3.7961059730392175,3.0
448,4409,3.0817040276520746,3.5
448,8526,2.4685905683069187,1.5
448,33794,3.218159990764876,3.5
469,2409,3.5137661342629984,2.0
469,2901,3.1026074730087587,5.0
474,4322,2.8128218754826895,3.0
477,4499,3.8738956700354725,4.0
477,4873,4.167723045615747,4.0
480,3785,3.3886444811181504,0.5
480,6290,2.801602951005164,2.5
480,48394,3.9303559948401556,4.5
484,6870,3.7874141518754056,4.0
486,21,3.978892803156878,4.0
489,1096,3.917496649667397,5.0
504,5991,3.489849892415533,3.5
561,2143,3.551802475376337,3.5
562,2942,4.4820145831201526,4.0
585,175,3.0,3.5
586,97225,4.169790017294235,4.0
594,497,4.41589924266731,4.0
596,79798,3.0,4.0
599,1042,2.7184335301158535,2.0
599,43904,2.2724601273160476,1.0
599,92674,3.0,2.5
600,4476,2.7128655484433284,1.0
600,50740,3.1576992418075993,4.0
603,2135,3.0,4.0
608,4571,3.296337649460386,3.5
610,98623,3.0,3.0
7,42002,3.0078177786290623,4.5
19,1920,2.359692533880861,3.0
19,3699,2.9291172782328947,2.0
39,3019,4.56657913670858,5.0
64,2124,3.6825564335189704,4.0
100,1393,4.006682461305242,4.5
108,800,3.6848611621305123,5.0
123,4776,4.159692932206606,4.0
160,2471,2.4738823461590083,1.0
174,185,3.717478178061589,5.0
177,7121,3.5074573281962613,5.0
182,1597,3.3535956041077895,4.0
217,2985,3.050309949539228,4.0
244,647,4.162375107850038,1.0
288,2375,2.8496097437714996,2.0
288,8665,3.7351150735508023,3.5
305,97304,3.730343608983875,4.5
319,6942,4.4130397606395455,4.0
331,54001,3.507585306587495,3.0
337,9,3.9314082179046754,5.0
346,7937,4.031596624768426,3.0
354,1676,3.757116655717392,4.5
357,2987,3.9932861330547977,3.0
368,3984,2.8749037081911095,3.0
369,2021,3.27933728850199,3.0
377,7756,3.4123758264530624,5.0
380,56152,3.3606958280088888,4.0
382,137857,3.03763738727113,4.0
425,741,3.6274478108519017,2.5
427,5107,3.023583766460615,3.0
428,653,2.4231767226897154,2.0
438,27808,3.069724238891834,4.0
448,108928,2.7142296284417915,2.5
503,5418,3.4108000477073754,1.5
517,1032,2.7289494070720677,4.0
542,1407,3.495590940783034,1.0
561,93326,3.277073627507471,2.0
571,2789,2.541283767930014,3.0
573,63131,3.880613530087386,4.0
587,32,4.4572426181568865,5.0
597,2770,4.47985646611277,2.0
599,3948,3.1454120123963034,2.5
599,106920,2.846151315094096,3.0
6,416,4.0,3.0
19,673,2.62431764780019,1.0
19,1372,3.0454518780747644,5.0
51,1845,3.8105684401106066,5.0
57,2405,3.0648299664981664,2.0
64,2115,3.8030768723333472,3.0
66,4654,3.808289794639664,3.5
68,54004,3.5361988463377183,3.0
80,4226,4.349080031734113,5.0
84,597,3.8046633515687307,3.0
111,719,3.5,4.0
111,104218,3.546194621095978,4.5
153,2671,2.0166596403672057,1.0
160,2002,2.546722473758916,4.0
213,3285,4.016675463226652,4.0
213,49530,3.9400354134980713,4.0
215,1247,4.071874175111664,4.5
217,44,2.5429751191704697,2.0
265,2642,3.5897873432286653,2.0
274,2542,3.6745916671952683,3.5
274,4105,3.256897224623,4.0
274,43928,3.0211835916945864,2.5
282,923,4.186274668583757,1.0
305,33660,4.100567835721027,4.0
307,2500,2.374075300000582,1.5
312,2916,3.9745682115363428,4.0
313,1274,3.8859345685078672,5.0
318,5475,3.5,4.0
348,2366,3.0,4.0
356,58162,4.073071732005694,3.5
387,3911,3.4223121955108597,3.0
414,82461,3.712026523716024,4.0
448,4388,2.8931878336597494,2.0
453,2671,4.429718163507076,4.0
484,3273,3.8989394742609123,3.0
514,2455,3.8099215323351108,4.0
525,6365,3.2984124903380008,2.5
526,63876,3.0,5.0
532,1233,4.521878720562577,5.0
559,415,3.0037272172900464,3.0
560,2692,3.697701308937394,4.0
561,84954,3.204612126287145,2.0
577,1960,4.0410025761482355,3.0
577,2114,3.627520464598755,4.0
593,892,4.0,4.0
594,4025,4.371615451242295,5.0
594,7101,1.800269294208043,3.5
599,2004,2.6330463834786513,3.5
599,3020,3.066406526100221,3.0
599,42946,2.64886229342982,3.0
600,2161,3.254138737892942,3.5
608,1261,3.4149676534300495,4.0
18,260,3.862638312805026,4.0
28,1641,3.016593296708243,2.5
33,2336,4.68682293289195,2.0
68,830,2.9114041178024364,3.0
68,55052,3.602551917326432,2.5
74,337,4.0,4.0
74,3481,4.211977668268476,3.5
105,48394,4.087473919817885,3.5
108,4246,4.4234510180332185,5.0
111,93510,3.835492617970418,5.0
117,552,3.3742426687567173,4.0
144,27416,3.0,4.0
145,50,3.253351000766226,5.0
182,2447,3.6423284109048435,3.5
202,2944,4.229823159450149,4.0
212,8807,3.5623651806122543,3.0
226,480,3.7654945259684545,4.0
290,1834,4.135275134340923,4.0
298,4036,2.0493870133227485,3.0
307,2772,1.823903350787332,1.5
312,442,3.833256721409575,2.0
318,68444,3.0,3.5
332,60074,3.073173375060569,3.5
336,33660,3.0,4.5
349,589,3.8772348702866166,4.0
369,6934,3.6937782465936473,3.5
373,337,3.4243070115080583,5.0
385,233,2.8391134846191406,4.0
385,1019,2.0,3.0
396,293,3.86744836384555,5.0
414,3972,3.006948891871645,3.0
420,3462,3.910377177153583,3.5
438,8371,3.2647512472584683,3.0
448,1747,3.387446365131474,2.0
448,3949,3.7427620112204654,4.0
474,1474,2.743523505174543,2.0
480,2140,3.3473144415457226,3.5
480,4308,3.2508764303009308,4.0
545,1876,3.5,4.5
573,8874,4.445954606327653,4.5
575,2558,3.642011463779989,3.0
590,1148,3.6566850830897843,3.5
596,3996,3.5911318785352506,4.0
597,2890,4.340280472640783,4.0
599,44864,2.5232165539965914,2.5
600,327,1.5,1.5
600,3979,2.718108718519308,3.5
600,5339,2.5456415069541003,3.5
603,2918,3.6222375818396713,4.0
603,3263,2.6524535844695265,3.0
606,1857,3.0,3.5
610,6058,3.079498014982392,3.0
18,500,3.6716761457154328,3.5
18,2412,3.7704715394327453,3.0
21,122904,3.4317579794633883,3.5
24,2405,3.8245215240448824,2.5
28,3556,2.9299923439309365,3.0
47,100383,2.627128712074897,3.5
64,6863,3.7286526947378715,3.5
72,593,4.401364393495215,4.5
73,74647,3.0,1.0
103,6873,3.9209319087166628,4.0
132,555,3.1304692404010193,3.5
144,2710,3.6106423314870284,3.5
177,42015,2.926528863160421,3.5
182,1216,3.567838350061992,4.5
195,3113,3.0,1.0
212,122926,3.7754365585536567,4.0
222,1129,3.3021643625951183,4.0
225,507,4.00248311070995,4.0
226,4015,3.1775780204031805,1.0
232,64957,3.6619764933487873,4.0
244,380,3.979982722612357,4.0
249,4979,4.113370465579663,4.0
266,1374,3.1822364295201333,3.0
282,1208,4.270955408039007,4.5
292,3948,3.5843475484474308,2.0
292,5504,4.008859208450929,4.0
307,4061,2.488674658191659,3.0
313,4105,4.011266230818561,4.0
318,4886,3.625470625046004,3.5
323,172,2.8214231612878438,1.5
339,47099,3.9664448868051614,5.0
365,541,2.6618236385967875,1.0
380,5449,3.395994786825385,2.0
382,5481,4.399296638420766,3.0
401,38038,3.857754462428905,3.5
404,509,3.4868546989271216,4.0
408,165,4.2757839566754114,3.5
414,950,3.4365109107126157,2.5
414,6155,3.2688891659765664,2.0
438,27831,3.168159171854687,3.5
446,17,3.31965896250815,5.0
448,4489,3.7236050190990273,3.0
448,111680,3.0,1.5
453,5418,4.19603333600921,4.0
470,454,3.693161372679177,3.0
479,3526,3.625721019386021,4.0
492,1004,2.9999999999999996,3.0
534,63113,3.673474513106776,3.5
542,3949,3.7445034097674936,4.0
560,143859,3.643404853512528,3.5
590,49530,3.436823902516742,3.0
599,153,2.903817468028626,2.0
599,2359,2.8348284695333246,2.5
608,3264,2.704609137909201,2.5
610,47044,3.4327477025707207,3.5
4,648,3.2840953618521596,3.0
16,2723,3.0,3.5
17,2028,4.35505074687165,4.5
21,1270,3.4626617691240993,5.0
45,6333,4.2801664714932315,5.0
50,1367,2.685978655957137,2.0
59,2571,4.16525293396358,1.0
68,589,3.22211568100079,3.5
69,4643,4.326100061491234,4.0
77,5952,3.9721557138029633,5.0
80,80831,3.863961613646119,5.0
89,68793,3.0880503621267748,4.0
111,131826,3.133256241863646,4.0
123,4886,3.9753268740570467,4.0
135,1923,3.923579919409054,5.0
143,2683,1.338227337306776,1.0
153,69757,2.359499248594018,3.5
174,592,3.739072099377993,5.0
182,3185,3.453776102844492,4.0
187,5952,3.593353480572972,4.5
198,3252,3.939391872186239,5.0
198,4776,3.555630261681802,4.0
202,371,3.4326985274447885,4.0
204,79224,2.0,0.5
216,2973,3.764341667337932,4.0
219,413,2.511647524409712,3.5
232,48161,3.053806821111697,3.0
239,53322,4.285126777495874,4.5
255,1663,2.143477507991167,5.0
274,2033,2.9558755656462985,3.0
290,1233,4.597113196059181,4.0
305,4022,4.141154518763265,4.5
305,105844,3.964980477093519,3.0
307,2291,3.2285302412410397,4.0
318,61236,3.786112118345835,2.5
331,48774,3.8889788725390178,5.0
351,6942,3.8223173848583953,3.5
376,5418,4.169848610902554,5.0
380,4876,3.424952199056105,3.0
380,68319,3.791243471546694,4.0
391,1059,3.912745936391561,5.0
414,153,3.3266847653001297,2.0
414,2990,3.278487331249559,3.0
414,3524,2.9074603072147664,2.0
422,3447,2.2272092457173778,4.0
428,110,2.839401040206062,2.5
432,4023,3.0,4.0
448,2023,3.335867652142222,3.0
448,3397,2.905147168747144,4.0
483,5146,4.039546940491406,3.5
489,22,2.7236509938679383,3.5
514,1335,3.0,1.0
525,91529,3.402790881839048,3.5
536,445,4.491947933700224,3.0
542,2302,4.013493412115681,4.0
547,1199,4.570879603330498,5.0
555,778,4.179021863025196,5.0
555,1445,2.853456731108017,3.0
599,4718,2.611452006031421,1.5
599,6217,2.674924813995056,1.5
599,8910,2.902871683922441,2.5
600,3269,2.8675450556019144,2.5
606,902,4.0352194862466115,5.0
606,3489,3.2183181076074314,3.5
19,3692,3.0,3.0
24,46976,3.7386641887543033,4.0
43,350,4.414850748865387,4.0
66,3740,4.005766862081588,4.0
68,78467,3.047776774332061,2.0
84,1263,3.9935927462760885,4.0
91,3836,3.363302051838155,4.5
94,282,3.020198768857353,3.0
105,92259,3.644135787800582,5.0
152,541,4.32982384866994,4.0
182,41,4.127670831456123,4.5
187,1175,4.403091134707328,4.0
202,1272,4.106165592292706,5.0
246,44191,4.32349195399129,5.0
249,60126,3.5236377478824785,4.0
249,67695,3.415239428034112,3.0
262,135,3.0,3.0
274,59784,3.43450470645876,3.0
279,4223,3.584631397298451,2.5
280,1270,3.93800950690099,3.5
298,2571,3.1124850951629677,4.0
305,32,4.175563388375701,5.0
323,1408,3.0,2.5
328,1210,3.354562871619132,4.0
328,2791,3.5361355392817693,5.0
332,1729,3.32859853259315,4.0
339,48322,4.183555509206486,5.0
344,2571,3.87132950433895,5.0
390,39183,4.235752209928868,2.5
408,19,4.306210998027957,3.5
425,6934,3.527039282898516,4.0
431,1376,4.0,2.5
448,59315,3.410448084858148,4.0
462,953,3.193185401244189,4.0
474,1135,2.7472034259433977,2.0
495,1059,3.6913756200118883,5.0
517,52694,1.923140780999386,1.5
527,1848,3.5090141736081137,4.0
534,97752,3.640468160938163,4.5
552,708,2.7137370199263504,3.5
560,84954,3.4940764620081057,2.5
597,1201,4.474298707601246,4.0
599,3197,2.1350699585407047,2.0
599,93502,3.0,2.5
604,117,3.0,3.0
606,1249,4.028778391691791,3.5
610,47,4.319927026089417,5.0
50,26326,3.8478658134602366,4.0
68,3786,2.7841562680102045,1.0
77,3948,3.9605534613430375,3.0
83,8622,3.7949087461047286,2.0
105,4823,3.4324051233744646,3.5
122,60069,4.658066435900896,5.0
128,898,4.868553115772493,5.0
139,54259,2.3567163189364346,2.5
145,153,3.1349973731553247,3.0
159,597,3.6783267256174557,4.0
182,1449,4.0855243085312,4.0
182,3536,3.0727984660335803,3.0
182,44199,3.03480130104595,3.0
213,39446,3.7114911252402276,2.5
217,3401,2.616168164520608,2.0
232,3147,3.878369712613747,5.0
232,6503,3.289430457925792,2.5
256,4025,3.896295781784179,3.5
272,68358,3.5287300038144416,4.0
274,1320,3.336581593589304,3.5
274,66427,3.0,3.0
285,1104,4.766301733296763,5.0
287,6565,3.930012825246873,2.5
288,466,3.1288835617134523,3.0
288,1584,3.4967946238881256,4.0
307,65740,3.0,4.0
312,608,4.170857554902599,4.0
352,79091,4.038326617775747,4.0
353,161,3.615400884205325,5.0
357,1231,4.130096738251673,3.5
377,4195,3.754087404579589,5.0
387,7745,3.0,4.0
391,5152,3.515183085888219,1.0
414,319,4.0,4.0
414,7375,2.7486157974142262,2.0
432,6378,3.636829067686575,4.5
448,437,3.1046969280693806,2.0
448,6373,3.309705402444283,3.0
458,10,4.195378683493794,4.0
474,3435,3.648629725918293,4.0
474,6434,3.0,3.0
477,34048,3.9332009965468853,3.5
477,51255,3.9551890298595507,4.5
480,8784,3.7774610106794086,3.5
483,915,3.789668169845927,3.5
489,2431,2.8920190517673365,3.5
492,103,3.0,3.0
495,1193,4.2494559909362986,5.0
525,106889,3.0,4.0
562,50,4.342250202179562,4.0
566,265,3.361428383340091,5.0
567,63859,1.9787860121529763,2.5
570,39,3.536254726653296,3.0
572,593,4.223588938094863,4.0
580,1320,3.7251359899990435,4.0
585,68157,4.439221677229861,5.0
599,1653,3.0536494414893856,3.5
603,2524,2.972037446496524,3.0
608,3052,3.363584558081677,4.0
610,1198,4.3342690756391375,5.0
6,150,3.898267529443439,4.0
6,252,3.9502698558932194,4.0
18,180,3.4646238612919995,4.0
20,1919,3.5389014321771586,3.5
29,5010,4.384641088385495,4.0
43,519,3.0,5.0
57,3107,3.2503334302324443,3.0
66,5418,4.204292540326585,5.0
79,2019,4.4557857830476735,5.0
96,1625,4.362086520411656,4.0
104,466,3.3380576359622585,3.5
111,4649,3.160400198162591,4.5
129,485,4.002268513726418,3.5
135,1136,3.7412217340025578,5.0
144,588,3.6236012392304056,4.5
160,1097,3.2665853937957285,3.0
226,532,3.0,3.0
226,4980,3.596362453592539,4.0
232,1097,3.730493903055597,4.0
242,454,3.5371138808207676,3.0
247,899,3.190022364537797,5.0
249,80489,3.870997936120987,4.5
249,112552,4.591088806849377,5.0
274,43904,2.703917424668732,1.0
274,46974,2.9689155522409147,1.5
282,231,4.084987586344479,1.0
282,3176,4.192957227757715,4.5
287,6873,3.5895830815151895,1.0
288,2617,3.379457074379296,2.0
288,6305,3.2947096694721956,3.5
298,122882,2.8216120721832216,3.0
301,357,3.3200698040221712,2.5
305,54259,3.9763602068017487,4.0
307,2416,2.55078924355755,1.0
313,1394,3.6199553323124376,5.0
375,500,3.9243709091045553,3.0
380,122900,3.8797255931961354,5.0
381,2174,3.516232514130472,4.0
414,8910,3.86002623562947,4.0
438,3033,3.6961726288561443,3.5
448,1968,3.6272404967164915,3.0
448,3623,3.425225843781715,2.0
469,5060,4.072997203114694,4.0
474,1263,3.775336956788692,3.0
474,1994,3.459754556315601,4.0
474,6370,3.2393305374201695,2.5
475,5618,4.594642224787993,5.0
475,122892,4.133262875787771,4.0
477,1136,3.92395549734647,4.5
477,2105,3.8880667511729796,3.5
477,5349,3.937997839434302,4.0
478,1917,3.222217097229011,2.0
483,32,3.7944654360633723,5.0
517,3967,2.549314800606234,4.5
525,102407,3.403349739187567,3.5
555,2531,2.6007700726081544,5.0
560,39435,3.4981425464228786,3.5
577,1375,3.542737860281947,3.0
577,2528,3.0435869234266244,4.0
594,2985,4.166521268688743,4.5
597,145,3.4898394811932616,2.0
600,2145,3.5176986532874075,3.5
603,3744,3.308134121343196,4.0
19,3039,2.929727088797929,3.0
23,29,3.809395153839432,4.0
68,6565,2.953179967166054,3.0
68,46972,3.3024230054164243,3.0
68,66203,2.9503857634516786,2.0
122,61323,4.534895452904205,5.0
126,344,3.304652039769725,1.0
129,31184,3.0,4.5
153,81591,2.260196164347941,3.0
167,3175,3.444762337165535,3.5
177,520,3.500271453608147,4.0
182,2320,4.0,4.5
182,4019,3.5165821400364994,3.0
204,593,4.529085074607747,4.5
212,1206,3.467991545448097,4.0
212,52973,3.5311601852444223,3.0
215,4973,4.100995032213635,4.5
247,4995,3.8040344478612655,4.0
252,166461,3.5344761434587153,3.0
274,616,3.2354819163712394,3.5
274,832,3.11943088640235,3.5
283,2082,4.0,3.0
288,1125,3.241463641454117,4.0
304,222,3.0,3.0
305,96811,3.758338751708792,3.5
314,500,3.438608851235738,3.0
318,1367,3.077497566108915,3.0
379,296,3.329584328528358,2.0
387,741,3.6222942823154103,4.5
420,2959,3.8876816631399183,4.0
438,5363,2.9883397853664,3.0
465,2951,4.431335332989491,4.0
474,300,3.6440431989255444,4.0
510,1396,2.3030880797045725,3.5
534,64957,3.7453086416516412,4.5
554,858,4.580507676282509,5.0
561,145,3.2838632292629817,3.0
590,2947,3.6507578935344,4.5
599,6502,3.3388937124837454,3.0
600,3504,2.845882450700276,2.0
600,7117,2.6495188929397733,3.5
603,125,3.690963646945546,4.0
608,4866,3.0147063926409055,4.0
19,2115,3.06697990381527,3.0
32,784,3.385070074059032,3.0
62,115713,4.351443601308286,4.0
64,1092,3.741863618354454,4.5
69,4022,4.368362565209886,4.0
71,494,4.420143791747498,4.0
83,30749,3.783606189699439,3.5
100,1225,3.8414681094617245,3.5
138,2116,3.0,3.0
182,2696,3.6335297213766706,4.0
190,6155,3.5683321454175423,3.0
217,1080,2.919700314910567,2.0
232,8810,3.265112256267278,2.0
254,4993,4.20691682972492,4.5
268,2918,3.50602350244787,3.0
268,2956,2.422969686280183,2.0
275,3504,4.246467994458922,5.0
279,110,3.8677290855416233,4.0
298,3784,1.6250163886048856,0.5
356,3421,4.135865908723927,5.0
365,72998,2.8912827197611306,4.0
372,1483,3.0,1.0
402,762,3.587878484927528,3.0
414,2148,2.8268720778638916,2.0
414,152081,3.897614589936793,4.0
438,145,3.6878439385183697,5.0
438,37830,3.2200396485101654,5.0
451,762,3.137599505451624,3.0
465,3551,4.167810612784085,5.0
474,1717,3.243490330643595,4.0
474,2801,3.0,4.5
474,6535,3.461979927096583,2.0
479,5303,2.78900699560599,2.0
480,1408,3.155407442118294,5.0
534,44191,3.8721489343292537,4.0
563,74154,3.115884134870335,3.0
580,839,3.0,4.5
599,15,1.9458382935389194,1.5
603,190,3.9844767543346085,3.0
606,2019,3.859976973548335,4.0
10,107141,3.1351908964113844,2.0
16,356,3.6803870520833395,3.5
40,421,3.0,3.0
45,3082,4.087147005368879,4.0
50,1291,3.0705658034268386,3.0
51,1784,4.233574942184404,5.0
63,92535,4.186421949624395,5.0
91,5585,3.031141824178599,1.0
93,2872,4.0,5.0
111,4246,3.4715358984485074,4.0
153,46578,2.4780285086047806,4.0
157,785,3.9953432764277266,5.0
177,648,3.4226159216100283,4.0
177,69844,3.686561567106696,5.0
195,434,3.824990522443297,3.0
198,1961,3.851992538302361,5.0
208,2278,4.144548720425152,2.0
226,6218,3.2093099443007116,2.5
232,648,3.65024232295275,3.0
239,6539,4.087634334277269,4.0
244,316,3.9193561662414904,3.0
249,72011,3.9640728175713615,4.0
256,59784,4.055110603532759,3.5
260,154,2.5,4.5
262,132,3.0,3.0
274,45726,2.801195401680149,2.5
288,2372,2.5435355788471057,1.0
290,2565,4.512828781424953,4.0
298,6979,2.667414762114466,2.5
298,34523,2.4834200607579153,2.0
298,68554,2.2807067239330423,0.5
302,628,2.947391232095482,3.0
304,13,3.0,4.0
307,1027,2.7339918032036072,2.0
312,2985,3.970157688015619,4.0
318,166528,3.4790958549358604,4.0
354,53519,3.7893043969998566,4.0
371,1748,4.517392363064321,5.0
387,2467,3.805895569622115,2.5
408,94864,4.007136987743813,2.0
419,2028,3.907882823895129,5.0
427,5388,3.2460874142317646,3.0
436,433,2.9999999999999996,3.0
448,1604,2.591167487705542,3.0
448,55765,3.397586576924904,4.0
465,2505,4.0,2.0
470,225,3.6529642898689145,3.0
474,5311,3.0,3.0
474,8462,3.0,3.0
474,55442,3.801908555330294,3.5
475,48394,4.463552578679372,4.5
484,7451,3.819429677153113,3.5
491,367,4.162251057070266,4.5
520,333,3.1731290028841754,4.0
528,64614,3.7350782132577325,3.5
537,80463,4.119105854069446,4.0
563,98203,2.933473063820155,1.0
572,1299,4.557045035087602,4.0
587,1101,4.311823064578212,4.0
594,2196,3.0,5.0
599,87197,3.0,3.0
600,943,2.108239434500818,4.0
606,5378,3.7052897907874938,3.5
608,2080,3.0976419790078658,3.0
19,1702,3.0,3.0
21,5574,3.405131757256962,4.0
24,356,3.92637354001322,4.5
33,337,4.0897653134217675,5.0
38,592,3.0578836885143734,4.0
45,1566,3.8864994457918454,4.0
58,592,3.888556489722319,3.0
98,177765,3.0,5.0
132,778,3.097933036800605,3.0
140,2403,3.9071098134629456,4.0
160,288,2.6237998531333275,5.0
184,39292,4.0,3.0
200,58293,3.7318686575185005,4.0
217,2379,3.0,3.0
226,40815,3.48541707070486,4.0
237,1792,3.0,3.0
239,6378,4.059669658198054,4.0
305,49651,3.9193494436580334,4.0
323,208,3.1380977559461214,2.5
325,5349,3.7254690836520674,4.0
335,593,4.7245559596148,3.5
352,3354,3.0,3.5
362,8961,4.363660987230479,4.0
365,1265,2.851348025391775,2.5
372,555,3.8386571443817337,4.0
373,185,3.0183425430391955,3.0
385,1204,4.037252413214847,5.0
387,1799,3.0112404139084865,2.5
414,2643,3.1253709470484257,2.0
462,5013,2.975935233286997,2.5
483,2805,2.749953487940409,3.5
492,63,4.0,3.0
495,72998,4.229239474144599,5.0
495,139644,4.364430783710658,4.0
500,3083,4.095679980502235,1.0
514,4993,3.844097394273537,2.0
517,1148,2.7146701840300094,3.0
525,2006,3.6431304829754474,3.5
534,80549,3.7208990047761845,4.0
555,3072,4.259114661563054,4.0
566,11,3.6415586737124626,5.0
567,72998,2.440834622870404,1.0
591,3578,3.8850004743015685,5.0
591,3623,4.07049820211771,3.0
599,4149,2.4056824855396766,2.5
599,5903,2.7874968959502957,2.5
599,6936,2.972051294731432,3.0
600,4814,3.528416482662103,1.0
600,27020,2.9999999999999996,3.0
601,50,4.562912024284372,5.0
608,49284,3.571512940717201,3.5
15,2081,3.3775046918128697,3.0
19,256,2.6798528181388335,1.0
19,3081,3.071776604242634,3.0
20,1380,4.015039999529574,5.0
21,2424,3.859094508061047,4.0
29,70286,4.4356576109174135,4.0
43,236,4.436655825097996,3.0
66,3074,4.2396003144058785,5.0
76,44195,3.27264169445769,4.5
91,5640,3.0,3.0
115,1562,3.8339860076201964,2.0
122,51540,4.64379426854194,5.0
126,367,3.339824411734814,5.0
132,5010,2.9644177027995346,2.0
160,2455,3.212454932771366,4.0
165,377,3.9797395157890048,4.0
186,1127,4.061438094878088,4.0
197,1201,4.115135002126261,3.0
201,16,4.427347572665189,4.0
212,122886,3.5662923435587315,3.5
217,2532,2.646175025766917,2.0
258,318,4.813525546001059,5.0
292,260,3.5789254287612655,4.0
310,1945,5.000000000000001,5.0
352,4014,3.3764966315381972,4.5
380,1037,3.805504412631416,3.0
381,497,4.0,4.0
402,47,4.234969721384599,3.0
402,589,4.160611224625125,5.0
407,112556,4.289044574718032,5.0
409,1234,4.188837406837493,5.0
412,903,4.777550479714089,4.0
414,7147,4.088552248533311,4.5
430,6373,3.802774160465934,3.0
434,1258,4.1844258832019765,5.0
435,2002,3.5,4.0
448,49688,3.0,4.0
455,292,3.420780028708458,3.0
474,43460,3.617024647158441,3.0
479,247,2.0,3.0
480,3702,3.4600358076055935,3.0
489,7099,4.196876462531252,3.0
514,167018,4.0,3.0
520,4526,3.0,4.0
555,2574,3.0000000000000004,2.0
557,60069,3.7926721186885297,4.0
606,6182,3.0,3.0
19,1073,3.2290214642359447,4.0
21,102716,3.457779464488989,3.0
42,4351,4.116836161196241,5.0
51,2788,4.829825171428818,5.0
51,3082,3.049175181241229,3.5
62,7438,4.257013487100804,5.0
100,2423,3.836626246423005,5.0
111,54995,3.5026826477313775,3.0
116,899,2.089102427136163,3.0
151,885,3.0,3.0
167,1,3.945983517124643,3.5
173,110,3.463377982590843,3.0
181,1084,3.0,3.0
199,2318,3.3748874325114775,3.5
226,1204,3.934407610110757,2.0
257,1380,3.2258165740165685,4.0
274,56715,3.0,3.5
307,5312,2.5,2.0
313,2571,3.676147172539523,5.0
326,2329,4.217276441700068,4.5
351,6379,3.0803305099302256,2.5
372,709,2.214510853543618,2.0
382,4719,3.1383380951815325,3.5
414,2060,3.1767070017496737,4.0
414,4355,3.0,2.0
427,110,4.094507724166522,4.0
448,5418,3.500221536005322,3.0
474,1206,3.7998028139546594,3.5
480,41997,3.6688681611249967,3.5
480,44195,3.776106987132992,4.0
489,3984,2.71018849795961,3.0
495,4262,4.202954351660551,4.5
534,2028,4.011744709984985,4.5
561,3039,3.565753974691616,3.5
561,5010,3.216797702297149,3.5
580,1921,3.824898667043997,4.5
598,5418,3.130636215772655,4.0
599,8529,2.956793601205066,2.0
602,32,3.909981718891194,3.0
610,113573,3.311552986404624,3.0
19,329,2.8400345081024043,2.0
19,3701,2.674472270859163,2.0
45,33004,4.115480329884122,4.0
68,8464,3.368353984305611,4.5
83,7438,3.477799456927385,0.5
91,6963,2.7432503807736883,4.0
96,2948,3.6629277171578583,3.0
98,122918,4.31399954103425,4.0
103,18,3.0,5.0
103,6377,3.984521374900569,3.5
126,434,3.3178386947970777,3.0
135,2735,3.330635253618187,4.0
147,225,2.0568329056360337,5.0
156,3100,3.7604771962594876,3.0
160,1586,1.9255005498443971,1.0
168,1302,4.092013864803121,4.0
182,5612,3.0,2.0
222,5710,3.252830896177017,2.5
232,4720,3.6811378587193357,4.0
249,98585,3.7273311471786528,4.0
280,56367,4.135126427823547,4.0
306,104211,3.2413857030180404,4.0
307,3270,2.3953105685197538,2.0
339,64969,3.6228304310532446,3.5
347,160,3.467371013595735,3.0
353,435,2.7502226246587407,2.0
377,1019,2.0,4.5
381,539,3.636339103928867,4.0
413,4816,4.636732132317492,0.5
444,265,4.22169676823155,4.0
448,86882,3.2097551919782084,3.5
474,5690,3.7687557973223904,4.5
483,52885,3.7590072307358144,5.0
490,69757,2.9237233210400606,4.0
517,136020,2.362325675590843,1.0
527,1080,4.194031455398042,2.0
564,67087,3.7090847117373036,3.0
573,35836,4.417926741946371,5.0
580,34150,3.915765309954871,3.0
587,2622,3.0,3.0
594,594,4.435533049482165,4.0
595,2761,4.0,5.0
596,5963,3.5,3.5
599,1909,3.1679436644654153,3.5
600,1917,3.0614474260961937,2.0
605,1848,3.2401184091440443,4.0
605,54190,3.4976529186396,4.0
608,2023,4.081790120992088,4.5
608,4545,3.1926415560081987,2.5
4,1213,3.8278463794689563,4.0
18,64614,3.967189131333129,3.5
27,2294,3.8802495236160803,2.0
68,33615,3.391823703736652,3.5
68,67408,3.693855410160156,3.0
82,6863,3.5049641685687587,3.5
89,131104,3.0,4.5
100,590,3.9207571511533414,4.0
119,1580,4.303441356791847,4.0
125,166635,3.7241579779231277,4.0
129,7099,4.152453265504702,4.5
135,919,3.7900338998009935,5.0
139,7254,2.0062525996437937,1.0
143,6539,3.236418982457909,3.0
159,2671,2.8119840449141273,3.0
160,95,2.3307652018852445,1.0
177,1911,2.9554784416544573,3.0
179,329,3.8968195520677287,3.0
185,1907,3.637730213337098,3.0
186,2105,4.0999771478240294,3.0
202,3834,3.8790969426882587,3.0
219,4638,2.951343762621712,2.0
244,257,3.0102066523005555,3.0
255,420,2.8414939230487812,5.0
263,2324,4.124974011978743,5.0
279,6664,3.58563624670379,3.0
292,2571,3.565871947539683,4.0
294,3261,2.6982809108731987,2.0
307,2023,2.986741819917437,3.5
312,1876,3.899014702745478,3.0
328,592,3.445319209717831,2.0
368,1213,3.0920963510755506,4.0
380,6764,3.421963874087402,4.0
398,5618,4.285722048414949,5.0
414,3,2.7575118571326036,4.0
414,1663,3.8501155832441736,5.0
441,4571,4.619361924253966,5.0
448,2803,2.619820691857761,3.0
448,76077,2.7938658448197695,2.0
474,1288,3.603800905024371,4.0
474,1792,3.2114351022627803,2.0
474,25996,3.0,3.5
480,3275,3.62423354934271,4.5
480,4016,3.1747709793370222,2.5
511,97752,3.919036058727599,4.0
534,8636,3.9417298961108105,4.0
555,3109,3.364889002344511,3.0
561,84772,3.158667301242295,3.0
565,165,3.6936477746170073,3.0
567,114396,3.0,1.5
600,2420,3.4299997933244377,4.0
610,3911,4.10886253360236,4.5
610,26399,3.0,3.5
610,34321,2.834165756088273,3.0
6,318,3.8027794767161964,5.0
42,2700,3.737374545477064,4.0
56,318,3.961381873532032,4.0
68,50740,3.3683681349553,3.5
74,57147,3.0,4.0
103,109374,3.6664475311259683,4.0
103,134853,3.5519385110236352,3.5
105,74727,3.0,4.5
119,92259,4.499697909723726,4.5
141,1968,3.615304807236457,4.0
159,4022,3.2773069187703103,3.0
177,7369,2.828371630097745,2.0
179,165,3.9122226853749926,4.0
186,364,4.227270199778452,4.0
202,1262,4.124572111933688,5.0
249,58315,3.6117281329195117,2.5
263,1225,3.857298455366101,4.0
277,112,3.6423056204740507,3.0
284,351,3.0,3.0
301,46578,3.6760191661171904,4.0
305,96588,3.5735190351459387,4.0
317,94959,3.8168982957140156,3.0
318,1173,4.259907972927152,3.5
318,1196,3.6333788407950864,3.0
356,63131,4.1700029746797505,4.5
372,62,3.607406953730153,3.0
380,1356,4.187650329921376,5.0
381,6377,3.772432097036299,5.0
382,61348,3.0833829810174342,1.0
387,5959,3.031527171215378,3.5
391,306,4.064838444536776,5.0
414,222,3.036481415271979,4.0
414,1007,3.1690423013857902,2.0
414,5282,3.0166057180572006,2.5
414,52283,2.9683961706724484,3.0
414,106918,3.4779788882308726,5.0
418,3147,4.145487825707784,4.5
465,1089,4.308382159506311,5.0
474,7059,3.4471774455682396,4.0
477,26662,3.8713568887084993,4.5
509,296,3.4671857908344914,3.5
514,136958,3.0,2.0
528,75805,1.5,2.5
570,2139,3.1182308447420204,3.5
573,4720,4.3267528471561905,4.5
584,256,4.31196437475025,4.0
590,10,3.5365522116447887,3.5
590,3034,3.070935136122566,3.5
597,2551,4.098439059023242,4.0
599,111362,2.853077728444562,3.5
600,181,2.636076601379234,2.5
603,1208,3.714290062593098,5.0
604,17,3.654954886232465,4.0
605,356,3.5798307721184215,3.0
606,62999,2.71750797035618,3.0
607,1259,3.8666423958124834,5.0
19,546,2.329264876332124,2.0
50,79702,2.3244355834823645,2.0
68,875,3.0,3.5
68,2288,2.8599555676676847,3.0
84,474,3.757827179292471,4.0
95,2706,4.395411680031815,4.0
98,53993,4.65372740836039,4.0
125,116897,3.8570292850203063,4.5
129,4308,3.944267105979106,4.0
198,3471,3.685312355683415,3.0
217,954,3.194351627692101,4.0
232,51662,3.6525564883202253,5.0
274,74075,3.1107250068128294,1.0
282,6059,3.949172620529079,4.5
298,5219,2.5755890043350007,2.0
307,6872,2.039486761471693,1.0
318,49530,3.644959822736049,3.5
368,1711,2.6986292048402807,2.0
380,18,3.0,4.0
380,92938,3.0536184679988154,2.0
387,4754,3.516595666883715,4.0
391,3082,3.17464415652283,3.0
410,1251,4.500746587520482,4.0
414,6216,3.340966946543605,4.0
420,3147,3.9107667981843233,4.5
420,56757,3.4225726614406264,4.0
448,4369,3.2098332709934683,2.0
448,157340,3.0,2.5
462,53024,3.3634366867170336,4.0
462,81932,3.37201577784793,4.5
474,6334,3.26417125638974,4.0
474,36276,3.329041897660447,3.5
489,2245,3.2517313247441963,3.5
496,2950,3.0,1.0
509,92259,3.2593926427258637,3.5
510,457,2.9342878683238496,4.5
580,1090,3.8776427937802036,4.0
584,276,4.2764684132849355,3.0
587,2724,4.0,4.0
590,915,4.311439879759398,3.5
599,2409,2.960114892827506,3.0
599,139644,2.500499797598451,3.0
602,371,3.4540703723375192,3.0
19,539,2.9025310590948674,3.0
23,1206,3.7249628065464973,4.0
27,2355,3.74047341493989,3.0
29,50,4.307910777471627,3.5
29,170,3.0,3.0
62,106072,4.006564462631362,3.5
68,432,3.052445417083133,2.5
73,79592,3.9410982272725334,4.5
84,1179,4.06260418189708,3.0
156,7396,4.364451109558241,4.5
195,2423,3.412574195455055,5.0
195,2571,3.811407245526018,3.0
220,2359,3.0,3.5
222,1208,3.345752315646496,3.5
230,47,2.905739963387655,3.0
232,6887,3.268490122526595,4.0
232,60756,3.325538772190109,3.5
249,112138,3.971257328884465,4.0
282,8961,4.155849990576826,5.0
294,3507,2.8007676712313487,3.0
305,1954,4.039997268116379,5.0
314,327,3.0,1.0
380,2804,4.196408649772397,4.0
381,7153,3.7463648616242846,4.0
387,3507,3.6484360298855956,4.0
410,2176,4.647078758113529,5.0
418,63082,4.2912138701187805,4.0
428,6104,4.0,4.0
448,4368,2.315465244186854,3.0
476,314,3.0,4.0
483,256,3.44222723615765,3.0
501,709,3.0000000000000004,3.0
517,344,2.631564713863626,2.5
555,2797,3.8880532684713733,5.0
559,135,2.970521187524065,3.0
573,2403,4.266128701708436,4.5
599,5291,3.361279723603346,4.0
606,29,4.356302568489865,4.5
18,1682,3.872087933134651,3.0
18,180777,3.0,4.5
28,1374,3.5348788836360963,2.5
47,500,2.556311462281029,1.0
50,96079,2.4143081836462725,2.5
58,539,3.7461193542903457,5.0
64,1717,3.7212191111795594,3.0
99,318,4.46243730132019,5.0
103,65577,3.0,3.0
104,2502,3.5078220192570804,3.0
105,79333,3.0,4.0
111,169912,3.1332562418636463,2.5
113,858,4.044304658376809,4.0
135,231,3.808546905262246,2.0
140,3448,3.7255553461509137,4.0
153,296,2.3860539985153175,3.0
160,2053,2.4625600565909247,1.0
177,594,3.5041377392713198,4.0
182,3735,4.0866827082371655,4.0
198,3897,3.764833678580976,2.0
200,6383,3.9692085746182366,4.0
219,3972,2.8781212836979604,4.0
240,368,3.9095350082005065,5.0
246,80969,4.098754581396989,4.0
288,1347,2.8798984660478557,2.0
301,54001,3.310373220147181,4.0
318,81229,3.4535090863514024,4.5
369,45728,3.807139183438513,3.5
370,2762,3.5691220075661434,4.5
373,47,3.4920795157377107,5.0
382,91542,4.237214772335349,4.5
398,48516,4.014882096734728,4.0
404,236,3.351173810538741,3.0
410,4225,3.0,4.0
414,5025,3.213967682968967,3.0
420,73,3.0,4.0
448,120783,3.0,2.5
452,1079,4.54966830901328,5.0
454,2867,3.0,4.0
462,2736,3.1083579082711417,4.0
487,4973,3.4325926202326986,3.0
500,2916,3.928793014229324,3.0
509,36529,3.3515184154306557,2.0
524,923,4.099223767198363,3.0
549,2571,3.6159477909024753,5.0
564,61024,3.698559237872612,3.5
597,2541,3.545093341533643,3.0
599,1603,2.4861312134877944,2.5
599,5688,2.3851043196107846,2.0
603,1387,3.5917848780358694,4.0
603,2421,3.148936397724042,1.0
606,3015,3.578802994682508,4.0
607,204,3.4879471995056766,3.0
610,293,4.310396284466755,5.0
15,109487,2.786774048847255,4.0
23,1464,3.9941607638452665,4.0
51,7757,3.77928531784272,3.5
68,256,2.9106902853984096,1.5
68,1590,2.658225137007355,2.0
70,2366,3.0,4.5
84,1244,4.046876503555777,4.0
86,3555,4.0,3.5
117,765,3.0,3.0
135,1422,2.0,4.0
135,1682,4.040440026939837,4.0
173,296,3.4593745634784114,1.0
232,6377,3.7927471719358152,4.0
232,31225,3.0467536338071657,3.5
288,3204,3.4040524433193466,3.0
298,61250,1.5231193104141008,0.5
307,2161,3.0053622984331154,2.5
317,93840,3.8607624239263183,3.0
318,100106,3.0,3.5
328,3671,3.586068055133188,4.5
332,3471,3.8073949932811413,4.0
332,5226,3.5,2.5
369,2857,3.208100407273665,3.0
382,2376,3.519434415951984,3.0
385,610,3.471835209343969,3.0
386,442,2.537669229107064,3.0
413,2353,5.0,5.0
414,5589,3.155471677227685,4.0
414,52724,3.0,3.0
426,1197,3.5630380643381194,5.0
448,91325,3.0,2.0
448,101283,2.7482363304263755,2.5
453,3967,4.559283174938261,5.0
474,5816,3.495363973362022,4.5
474,6584,3.4581064473803944,3.0
474,8458,3.0,3.5
479,5316,3.2723330839927165,3.0
480,6708,3.037433790739256,3.5
483,32554,3.9626225695400863,4.5
509,26903,3.324971252917842,3.5
514,4396,2.7430859372068843,2.5
534,588,4.023079818780591,4.5
535,2580,3.969081721803084,3.0
560,8873,3.7480201707814533,4.0
570,736,3.334466131548724,4.0
570,1199,3.6336266782495024,3.5
571,3732,1.8730822758017387,1.0
580,1376,3.57541694374677,3.5
586,134853,4.359603709541355,5.0
590,6565,3.115162703450411,3.5
597,2410,3.638542949574893,4.0
599,314,2.4896563334384925,2.5
599,2412,2.6975268477694945,2.5
599,3388,2.291252904707676,3.0
3,2424,0.5,0.5
10,95543,3.5,3.5
26,208,3.3444686609170584,2.0
68,8368,3.652534790298044,5.0
84,1091,3.0,3.0
91,903,3.192307481347325,4.0
111,165645,3.0,0.5
113,2858,3.8738465642157105,5.0
117,491,3.303588511277837,5.0
139,7346,1.8741302454078514,1.0
159,67087,3.410729288038015,3.0
160,1589,2.195030408742866,3.0
195,36,4.253529428054601,4.0
199,1608,2.966607688154948,3.0
201,34,4.47445902598015,5.0
244,2916,4.160168224636238,3.0
246,36363,5.0,3.5
260,235,4.029655579033776,4.0
274,3253,3.3514764878820658,3.5
274,44761,3.2769388767990306,4.5
275,4211,4.013940673325864,4.0
294,1953,3.423030961781556,4.0
307,500,2.853612922160657,2.0
318,2324,3.8336788701468003,4.0
374,329,3.5323737186405917,3.0
380,2791,4.144060793443536,4.0
380,27683,3.0,2.0
380,64249,3.0,3.0
380,95875,3.5893461150282433,3.0
380,169982,3.0,3.0
414,141,3.431596697240999,4.0
414,55830,3.2543208979290625,3.5
448,1275,3.4145060855220133,5.0
469,1584,3.7190149792832177,5.0
489,6350,3.697293730442456,3.0
504,2671,3.5981463350137743,4.0
512,344,3.784799259125952,2.0
547,541,4.497210761409208,5.0
558,3534,3.0,4.0
561,2410,3.7896599528386314,3.5
592,225,3.790824634620081,3.0
592,490,3.0,4.0
599,8959,4.0,2.0
599,41716,2.6236685321295905,2.5
600,8970,2.606367158522689,2.0
606,1354,3.940411774302889,4.0
610,7657,3.9233528587215485,4.0
610,89582,2.364261164384652,4.5
28,33004,3.1185341246285008,3.0
28,51540,3.148363888793062,2.0
70,1962,4.340738275464109,4.0
76,1206,3.2156819787036057,4.5
89,27619,4.233303227145115,4.5
91,3768,2.8850660313774665,1.5
112,25,2.791599361277644,2.5
116,62383,2.5,4.0
130,185,3.4842185661660534,3.0
152,1193,4.3359127684495675,4.5
177,5971,4.214628972856186,4.0
177,63859,3.598151623618457,2.5
184,48780,3.9923619410099365,5.0
226,3440,3.593171149576881,2.5
239,2872,3.4972895395197923,3.5
275,3418,4.271008135129656,5.0
290,373,3.729921806320482,4.0
294,1375,3.1183571130290404,4.0
298,2335,2.255517948731176,3.5
339,4975,4.041867741190655,5.0
356,55280,3.868655865116286,5.0
380,6539,4.056411449307269,5.0
380,6889,3.197054172799529,3.0
409,2702,4.0,3.0
414,52299,3.0,3.5
438,2424,3.6658775173802383,4.0
448,2300,3.962491760022345,4.0
448,72405,1.834084807788114,2.0
469,1729,3.9489040251262986,3.0
474,913,3.693837181752872,4.0
474,2181,3.5278803743198894,3.5
474,8128,3.4589447417487236,3.5
475,92259,4.5,5.0
478,33794,3.0000000000000004,4.5
480,586,3.6350644068938065,4.0
498,34,3.9773007196041057,3.0
508,1378,4.5,2.0
517,68157,2.1572593571187406,0.5
534,57504,3.4825156126798698,4.5
555,3524,2.960818577881421,5.0
561,1196,3.7234715840505848,5.0
562,337,4.156427478308703,4.0
575,2548,3.0,1.0
587,2605,4.304209487823586,5.0
599,5152,2.7194574160714287,2.0
599,49272,3.2683453220526726,3.0
600,350,2.5658435276810563,3.0
604,173,3.3578979861319227,3.0
605,3991,3.0,3.0
4,1967,3.456769712357646,5.0
50,107565,2.2760990287903775,1.5
57,707,2.0,2.0
84,475,4.383992693169596,4.0
139,260,2.5910007779093873,4.0
156,1079,3.6289396196339867,4.0
156,3130,3.0736909121884755,3.0
223,32587,3.5783845362501605,4.0
225,3024,3.0,2.0
232,46976,3.7885782482995087,3.5
260,7564,3.0,4.5
274,1023,3.157615498469931,3.5
274,1975,2.8695815406276806,2.5
274,42011,2.80392357600078,1.5
286,2959,4.105230128904599,5.0
301,527,3.443652406161038,4.5
307,4226,3.3529915922741673,4.0
313,2533,3.6737029321277888,4.0
318,2000,3.6209385467619337,3.5
337,708,4.221147861937974,5.0
380,5048,2.6868854806681877,2.0
414,1339,3.7145224779075234,4.0
414,45062,2.9077469419563777,3.5
438,597,3.805502435335211,4.0
438,49272,3.701351629023048,4.0
448,5956,3.3900810817929647,4.5
455,527,3.58740552205309,5.0
477,180,3.6409697326881005,3.5
480,2193,3.031651655912639,3.5
480,36477,3.0,4.0
525,112552,3.8353727763941596,3.0
528,296,3.8034838924756853,4.0
570,4306,3.6046460765395896,4.0
599,3200,2.626204192306572,4.0
600,6643,3.734655258652758,2.5
603,431,3.848551431479558,3.0
610,139655,3.0,3.0
21,134368,3.4011552764276547,3.5
43,539,4.7425165215008915,3.0
44,891,2.490266052720983,3.0
50,3168,3.5137480750293872,3.5
82,7154,3.0648830491662444,3.5
84,900,3.8943031390419556,4.0
89,750,2.102812294907211,4.5
95,1617,4.335119544479515,4.0
103,88108,3.0,3.0
119,4886,4.326503362302896,4.5
119,109846,4.169830741912215,5.0
119,131023,3.0,4.5
125,1261,4.004607349991586,4.5
140,3155,3.0000000000000004,5.0
148,68954,3.8237595737117696,4.0
148,112175,3.88222258677619,2.5
149,442,3.11087106119249,3.0
160,44,2.6631851234956536,3.0
182,5107,3.377569365677914,4.0
187,1201,3.822487495223336,5.0
210,184053,3.0,2.0
219,3510,3.013477460542112,1.0
222,2329,3.517115298871941,3.5
232,7346,3.268000709451139,3.5
240,168,3.7039504359846123,5.0
265,1726,4.0,3.0
290,3089,4.598292309041878,5.0
304,541,4.343601196788308,4.0
325,4034,3.4946023889928224,4.0
378,97304,3.660336935722303,3.5
381,54259,3.646676514276808,3.5
389,802,5.0,4.0
414,2539,3.699004454395777,3.0
414,51091,2.888405813756086,4.0
419,48780,4.150227721167857,5.0
428,2770,2.357284488015928,3.5
432,81562,3.5941123286425394,3.5
474,3273,3.324605977758952,4.0
474,4578,2.977533081190409,3.5
474,5225,3.4783045957168124,3.5
474,5863,3.0,1.0
477,432,2.8232833811413287,3.0
480,1370,3.5161028902764833,3.5
483,2118,3.3343805060627294,3.5
522,180,3.5868584387489513,4.5
527,2533,4.270852603811904,4.0
557,648,0.5,5.0
580,1203,3.9004548751841015,0.5
590,17,3.2400709119213773,3.5
590,1954,3.5471208036039483,4.5
599,3471,3.3788434256696513,3.5
599,8917,2.990992596235299,3.0
603,1339,3.4732456869181676,4.0
608,3396,2.689256573446943,3.0
2,60756,4.0,5.0
20,1021,3.385410016504328,2.0
21,1210,3.417048322793912,4.5
28,3916,3.0563446412160724,3.5
43,271,4.731512887259706,5.0
140,356,3.7308619724895586,4.0
177,3275,3.380248955045922,4.0
249,65810,3.0,3.0
260,3556,4.0475271187608355,4.5
288,2294,3.3559772814086575,3.5
288,2805,2.6328345725045614,2.0
298,94777,2.576363927054845,2.5
380,1665,3.352259779732236,4.0
381,4016,3.536142239880443,4.0
385,296,3.746832754894628,4.0
386,45,1.4885019224984382,3.0
409,1225,4.047130494755793,5.0
414,2020,3.9163728392039894,5.0
414,30850,3.1452554513229822,4.0
414,71464,3.371190772321575,4.5
425,1246,3.6420893346622814,4.0
437,637,2.809082970792891,2.0
443,56174,4.497391384906121,4.0
469,2456,3.0,3.0
509,4878,3.43666479177695,4.0
543,2381,3.7018515199111395,5.0
552,3698,3.0149116016791466,1.5
567,58301,2.334913964978192,4.5
600,8874,3.36267372329132,4.5
606,265,3.8186261310595486,4.0
19,3370,2.1264999500376245,2.0
33,21,4.025880983704275,4.0
57,2150,3.3042326547848146,4.0
77,8961,3.886891227401804,5.0
95,2571,4.4572669412173,5.0
119,4993,4.355700910507457,5.0
121,288,4.259943017092362,4.0
125,2571,3.8995497983295424,5.0
166,6502,4.2547137973757465,4.5
177,80463,3.755743673981554,4.0
177,82167,3.3462356687077097,3.0
211,260,4.2977957779822376,4.5
217,2605,3.3143159340136346,2.0
274,8531,2.8393142863691714,2.5
288,2000,3.383850454143124,3.0
288,3269,3.0593052890832446,2.0
298,665,2.387992719026101,4.0
298,2321,2.9666891402771896,0.5
298,44199,2.4148657652170997,2.5
313,1347,3.402668312814984,3.0
318,72378,3.6007342659462163,3.5
325,3015,3.6122586112507706,4.0
335,1673,4.681697412112945,3.5
367,3471,4.460564700528532,5.0
381,1704,3.755985328974148,4.5
385,707,3.0,3.0
412,162,4.549579059716006,4.0
414,4663,2.8583802268890963,1.0
414,51834,2.772966696016835,3.0
419,527,3.9748211665009086,5.0
425,8360,3.5628105082128276,4.0
437,198,5.0,3.0
448,5110,3.1976565139303044,4.0
450,3863,3.857216162746008,4.0
474,3952,3.206587129274383,3.5
474,27721,3.7033482870702734,3.0
479,4886,3.618835892042044,5.0
509,7380,2.6756789996700028,3.0
552,6503,3.4486963088575555,2.0
557,1291,3.844371834452712,4.0
560,6059,3.7619402614881485,3.5
561,457,3.7486250196539492,4.0
561,2378,3.517535813276949,3.5
570,2762,3.5817453800436887,4.0
583,104,3.278798721451018,3.0
593,6776,3.0,4.0
596,3994,3.3237264891175986,3.5
603,1190,2.9266371535688744,4.0
606,648,3.540109678083016,2.5
606,3684,3.371042988740636,4.0
608,1042,2.920010230632002,3.0
4,1219,3.5150731104161053,4.0
19,1658,1.8297638455869294,5.0
28,8644,3.1294970211004083,4.0
41,54286,3.2346559873382996,3.5
50,167370,3.0,1.5
63,5218,3.3911038185338955,4.0
84,1203,4.178711496890532,4.0
88,3897,4.4427619609567435,4.0
95,5956,4.26142592708144,4.0
132,5225,2.9833923297037797,3.0
132,31696,3.0972190142654523,2.0
160,3893,3.0,3.0
224,593,4.590088801211904,4.0
226,585,3.4920878684270216,3.0
243,377,4.108160626780802,5.0
249,2997,4.086672669901798,4.0
249,7323,3.9073301416313724,3.0
284,590,3.9021837713212424,4.0
288,1371,3.1194923919438926,3.0
288,2289,3.4705448051297036,3.0
288,3471,3.624346098015395,4.0
294,2985,3.016049184643841,2.0
294,3210,3.239406693216122,4.0
307,30894,2.154176103280809,2.0
318,6502,3.715118324392851,3.5
345,5902,3.832885789214515,4.0
346,2442,3.7789563213029203,3.5
356,2395,4.1158955083172595,3.5
368,1036,3.342250264405859,4.0
380,2656,3.0,3.0
381,54001,3.761291286673802,4.5
385,1200,3.9190563364297657,4.0
387,2082,2.94422611514291,1.0
414,5485,3.0167716472132176,5.0
422,3916,3.3554846351472287,4.0
425,292,3.4796150899865226,3.5
429,434,4.0370755338462345,4.0
443,2762,4.037836353934722,3.5
474,5707,3.713538570298398,3.0
475,40815,4.3109846176180575,5.0
489,1676,2.962450635901785,3.5
498,592,3.9577773998371013,3.0
502,2520,3.0,1.0
523,65261,4.752181460283505,5.0
536,593,3.589198483521414,4.0
555,3387,2.952036688124186,4.0
562,99007,4.208966027582936,4.0
567,45499,2.4333815174198903,2.0
573,4388,4.481617041410455,4.0
580,6863,3.9986013561825993,3.0
590,8874,3.442622009067689,3.0
594,8727,3.0,2.0
604,92,3.0,3.0
608,6193,3.2030070892485414,4.5
18,3785,3.8073633498237935,2.0
20,5504,3.3226966163311413,0.5
23,7587,3.9137723984269153,5.0
24,552,3.4999999999999996,3.5
24,1220,3.7812385279299527,3.5
28,6365,3.225580179288436,3.5
40,308,4.573723938360028,5.0
91,251,2.9304453361786678,2.5
91,6503,2.7449034563876573,1.0
92,51662,3.977585972993549,4.5
103,5444,3.3213127796787822,4.0
113,902,4.154953225024723,5.0
132,1196,3.1539542013237503,2.0
151,1265,3.6852212754754774,5.0
156,2239,2.3432070678501002,5.0
196,1527,3.6711117510041387,3.0
226,7458,3.7324212148388725,2.5
239,2231,4.238683285399663,4.5
248,10,3.7191177441914354,3.5
274,1792,3.054534417233999,3.5
274,60291,2.9804504573017825,4.0
288,5952,3.7122085806595897,3.5
292,8644,3.614119717884011,3.5
298,6942,2.59015691010436,2.0
298,111659,1.461294165376099,1.0
303,3703,4.075548102817971,5.0
308,6016,2.2702862580213634,1.0
318,922,3.8270152988677535,4.0
318,84944,3.584883587339879,4.5
325,235,3.825395248388097,5.0
345,3801,3.0,4.0
356,3088,3.0,4.5
387,4029,3.580119737478148,3.0
387,6301,3.335309790766639,4.0
391,492,4.089699836974664,4.0
391,2288,3.029013282126318,2.0
414,55820,4.180607738444318,4.5
434,3160,4.258894578948425,2.0
448,102686,2.481782905974501,2.5
460,3968,4.256459530677889,3.5
462,3925,3.4755632381639736,1.5
474,1380,3.666765833563048,4.0
474,2554,2.8279124150375785,3.5
474,5378,3.7291989162305628,3.0
474,6313,3.0890692381504516,2.0
480,2395,3.4865809375713814,5.0
480,2722,2.5242936715398847,1.0
505,6731,4.999999999999999,5.0
509,79091,3.4929863332183952,3.5
517,1088,3.0005975326700045,1.0
519,140110,5.0,4.0
525,4639,3.284931725073711,2.5
534,7569,3.32680868265858,4.0
562,2231,4.2624057728523415,4.5
572,2321,4.258999081725507,3.0
590,419,2.6914645829712103,2.5
599,2395,3.1880796802665667,5.0
606,1,3.7437973166579295,2.5
606,6286,3.7344095877216237,4.0
606,8748,3.7912740942747685,3.5
606,32234,3.0,4.0
607,2053,3.260534745708691,3.0
18,1036,3.8591393664482103,4.0
18,1210,3.8556886665198093,4.5
18,185135,3.8574516349436214,4.5
27,356,3.8671204633754193,5.0
42,3695,2.513404906361244,1.0
66,1449,4.170184562236658,4.5
80,80219,4.364180735690445,3.0
89,67087,2.6491256126873437,2.5
103,4677,4.009659525290752,4.0
109,1033,2.5354084769420666,3.0
113,2108,4.152155549892993,4.0
119,106491,4.1250434525588995,4.5
132,1729,3.110200841504304,4.0
156,2617,3.3079540782693373,3.5
159,4246,3.4557828520718767,5.0
166,648,3.8810996647279126,3.0
167,4878,3.639952915301482,3.0
174,410,3.8059564368036507,3.0
177,55052,3.5130345496211066,3.5
182,1219,4.054754305957063,3.0
186,1028,4.162204126273521,5.0
198,1172,3.8198516387614965,5.0
216,2018,3.6461857629618084,4.0
217,1376,3.254879437454096,5.0
239,4008,3.4981391176944863,4.0
249,253,4.018224482812036,4.0
275,5466,2.217447547558538,5.0
280,93510,4.225009242996818,4.0
303,2640,4.091849665543801,5.0
306,5618,3.31128590150784,3.5
332,2917,4.0,4.0
333,3564,4.0,1.0
369,6296,3.656867930816333,3.0
380,5804,3.060284192693988,3.0
390,1381,3.0,3.0
411,252,3.4154794593258586,3.0
414,64620,3.9927727017827013,4.0
424,1258,3.6633328669651526,4.5
428,4701,2.2815835029910123,3.0
472,135,3.0,3.5
474,959,3.0,3.5
474,3525,2.4959320204493896,1.5
489,588,3.1727854424736988,3.5
504,4361,3.9012279068206723,4.0
514,11,3.8982119552197663,4.0
526,176413,3.0,4.5
560,3994,3.4851205228328213,4.0
575,2539,2.0,3.0
590,380,3.5818958157896637,3.0
599,8665,2.8578093280369607,3.0
599,174727,3.0,3.0
603,506,3.4789589975470037,5.0
610,42718,3.49232490048131,3.5
610,71910,3.0,2.5
45,53121,4.410692142882438,4.0
57,3253,3.73149438528282,3.0
62,49530,4.2609380381432524,4.5
70,150,4.453028529408164,4.0
74,273,3.0,3.5
103,920,4.110388545190476,4.5
122,108932,4.439428598942183,4.5
125,72011,3.6619036397829063,4.0
160,2771,5.0,1.0
182,6873,3.2157629168315913,3.0
186,1376,4.203397498129191,5.0
199,296,3.370675412862744,4.0
199,1267,4.088667062891921,5.0
219,33679,3.330779488533838,3.5
237,3617,3.0,2.5
249,86332,4.011773261699854,4.0
256,56174,3.7413643249003448,4.0
264,1876,3.570441537517278,3.5
268,1375,3.327007271344914,2.0
279,924,3.865095541105227,4.0
295,1729,3.2996015672064725,3.5
305,105197,3.7876314126692945,5.0
307,4373,1.669152842836874,3.0
367,3435,4.22673432214428,4.0
368,736,3.1015592503568845,3.0
380,73017,3.968823271516284,3.0
381,48394,3.875665374356114,3.5
408,59369,4.212697438595898,4.5
448,2455,3.355475106783321,3.0
448,7036,3.1380100364730414,2.5
460,5989,4.39929058781462,4.0
520,1485,3.8577614623520127,4.0
523,8970,4.847089068495371,5.0
590,2012,3.469976579948194,3.0
590,3189,2.8802784545933613,3.5
597,1217,4.650833826162783,4.0
599,1171,2.953037664008324,3.0
599,4509,2.0997591029892355,1.5
599,26510,2.648862293429819,1.5
599,90603,2.394754505640028,2.5
604,265,3.3433469291510334,4.0
21,107141,2.254166662058435,4.0
28,7438,3.14174857832063,4.0
45,112,3.4749069569931406,4.0
45,2231,3.771092158343725,5.0
50,1204,3.701225098651862,4.5
57,434,3.09203675106659,2.0
68,88129,3.409609392610843,3.0
71,648,4.507949731433936,4.0
137,953,4.135479449954526,4.0
169,1911,4.09903478390381,4.0
177,3052,3.3428360310683587,4.0
177,58559,3.6135445878176764,5.0
182,3182,3.635171276553078,3.0
182,3355,3.962895894780485,4.0
187,3910,4.5911225393334,4.5
210,87232,4.361683301703066,4.5
217,3519,2.638384068558316,3.0
226,2700,3.623781512887504,3.5
263,163,2.04169450059476,4.0
274,4255,3.0658225093298377,2.5
295,3082,3.549756751253693,2.5
307,4520,2.3274431163734257,2.0
321,141,3.6680030625508753,4.0
332,6305,4.1109445888692555,3.5
354,53996,3.355987631309917,4.5
368,1690,2.5542537313671954,2.0
387,1884,3.9236372425166084,4.0
414,7482,3.3413501354372546,4.0
448,2534,4.5,0.5
448,6564,2.490001189153045,1.5
477,3254,3.7137514960739186,4.0
525,3481,3.7941421588362423,4.0
563,47516,3.0,2.0
567,6291,2.5,3.0
571,2160,3.926630981218884,4.0
577,2415,3.0,3.0
587,1580,4.3165290045557985,4.0
599,282,2.3881049132604675,2.0
599,4308,2.8140752165518554,2.5
601,47,4.562609889943421,4.0
603,903,4.187324184429669,5.0
603,3067,3.6806091918453725,4.0
606,2000,3.612747810631689,2.5
606,5618,4.009686651799767,4.5
608,597,3.095534690435533,2.5
608,8368,3.7651700350288144,4.0
4,4121,1.0,4.0
18,27773,3.909696589825236,3.5
19,1973,1.8639176625780258,2.0
28,7025,3.0,2.5
31,784,3.709967706118391,5.0
61,2174,3.892909041813418,3.5
64,432,3.576361821708731,2.5
74,308,4.412042177254651,5.0
89,94661,3.0,4.0
95,6708,3.475274077529456,3.0
105,2925,4.190796376287401,3.5
105,6708,3.798086172836535,4.0
132,5673,3.2782021218982806,2.0
197,3072,4.0,4.0
200,33166,4.025588482779314,4.0
212,57669,3.6197608829303443,3.5
212,109487,3.473497088242695,4.0
239,51662,4.073239432344968,4.0
249,1552,3.8089102412373794,4.0
249,79091,4.084310961594587,4.5
249,106100,4.276214083793337,5.0
254,260,4.148538533474397,4.0
254,3988,3.855467698154743,3.0
266,16,4.315808620387795,5.0
274,1884,3.732919866721256,4.0
286,1080,3.424736989119046,4.0
290,341,4.0,4.0
318,19,3.5773641948565653,3.5
318,1682,3.668655091410423,4.5
348,2065,4.5,5.0
354,5445,3.4339359304047874,3.5
386,410,2.553554699841292,3.0
391,516,3.4926199788865344,2.0
391,3176,3.7310816840369765,3.0
410,2186,4.295053181530892,5.0
410,3108,4.161212909774381,3.0
419,3535,3.896989427491632,4.5
425,2701,3.330894779935169,3.0
434,3996,4.073942363217537,4.5
448,1438,2.4016752285244785,2.0
462,1214,3.1535233277202206,3.0
469,316,3.4835132420675143,3.0
474,1674,3.586310143554174,4.0
474,2847,3.323988001612618,3.0
474,6852,3.627420871804544,3.5
474,7297,3.0049004087746205,3.5
480,1527,3.190898608116139,3.5
499,3681,4.209311489108279,5.0
509,82088,3.0,3.0
511,56757,4.258485403265887,3.5
524,110,3.716158650112569,3.0
590,6188,2.832758619996491,2.5
596,1912,3.770934000386384,3.5
599,3250,2.383466342722087,2.0
599,53894,2.5930226541562913,3.0
610,3527,3.731606913243604,5.0
28,37739,2.8008222093263586,3.0
43,231,4.37204159853078,3.0
68,1287,2.8177516331330184,2.5
82,3617,3.84298681080831,3.5
94,597,3.2553783590286005,2.0
95,8636,4.284177644608957,4.5
125,152083,3.9761021235972422,4.0
132,8373,3.0159475414835617,3.0
156,648,3.5662438223763355,3.5
156,1078,3.2134877961112958,3.0
199,4148,3.7989004043179158,1.5
201,296,4.3948561391701535,5.0
232,79132,3.914101410855653,5.0
233,87529,2.76592647459945,2.5
249,69757,3.8586983782688993,4.0
261,2723,3.9974284943512717,2.5
271,4370,3.379801683327682,3.0
294,1367,2.115972928614396,3.0
301,539,3.1054705377490266,3.5
318,3476,3.6076246542932853,4.0
342,2490,2.7284357565216024,3.0
356,1734,3.0,4.0
372,1,3.6389168538938317,3.0
414,5521,2.9953269155755935,4.0
469,3619,3.0,2.0
470,648,3.632452320343382,3.0
474,4033,3.852455660121279,3.0
474,4495,3.0,5.0
474,5836,3.0,2.0
492,724,3.996236095019019,3.0
496,7757,1.7599768101654396,4.0
524,969,3.634172939168982,3.0
534,2628,4.017042165188709,3.5
540,589,4.506968993663275,4.5
542,186,5.0,3.5
562,1249,4.256686942421961,4.5
573,99114,4.606371884764673,5.0
580,1234,3.7513975489327107,2.0
599,1954,3.321637701909165,4.0
599,3505,2.624749827319652,2.5
599,74851,2.0290111768456978,2.0
600,46723,3.190205862946772,2.5
19,2012,3.088388062635753,3.0
19,2266,2.1748131298061106,3.0
20,34,4.241631309297426,4.0
27,2406,3.8360386187301825,4.0
62,6564,3.381537385588886,3.5
63,592,3.4308392523467095,4.0
76,1258,3.1859135481740597,3.5
82,1198,3.548514351117066,4.5
84,17,3.7358636898868363,5.0
93,2021,4.35064512227015,4.0
135,1921,3.6019938638884077,5.0
156,3492,3.0,4.0
176,471,3.0,5.0
190,5630,3.509826694009491,4.0
199,55247,3.4360629470205355,5.0
213,1370,4.03570147266709,4.0
219,45499,3.2091679431296467,3.0
246,1243,4.220220411922071,5.0
274,5452,3.263851528904939,3.5
274,7361,3.6315644043566593,5.0
274,48322,3.006057152736792,3.5
290,969,4.415913384802255,5.0
305,8529,3.8810033861468445,3.0
307,1821,2.1240024294214224,2.0
317,74789,3.7530290222539,2.0
317,88163,3.1780846414324473,3.0
326,41997,3.838522578883304,4.5
351,43836,3.5,2.5
357,58559,4.08173954069765,4.5
362,1945,4.5019004509383524,4.5
368,317,3.041549483802056,3.0
368,3985,2.9920725654817355,3.0
380,410,3.98789395400139,3.0
387,3994,3.240904099262012,3.0
387,8665,3.300369502605945,3.5
404,165,3.434751742066904,3.0
410,3363,4.019090520062632,3.0
414,72605,3.5391228225061377,4.0
426,8614,3.0,4.0
428,1552,2.661783256898453,1.5
428,5378,2.8834111081574254,3.5
448,122490,3.0,1.5
462,3983,3.7283247983884045,3.0
472,4226,4.58273813589514,1.0
477,5464,3.9510456329527766,4.0
477,64839,3.8689453257256177,4.5
514,141994,3.0,0.5
577,2916,3.641045943348142,3.0
595,1966,5.0,4.0
599,7005,3.0,1.5
601,908,4.5336885425098625,4.5
608,3354,2.938811216608817,2.5
18,116797,4.012836438344018,4.5
24,1704,3.932221154052934,4.0
31,788,3.8918723428805015,2.0
43,110,4.341658540649182,3.0
62,3949,4.430035824170493,4.5
68,1267,2.785255140715581,2.0
68,1367,2.5931139079535925,2.5
68,118696,3.762413774047725,3.0
82,7149,3.276101636434217,4.0
83,1222,3.6526577052568054,5.0
89,2599,2.2589211048701525,3.0
89,131130,3.0,5.0
98,56757,2.9642312012067795,3.0
109,371,2.8571226337524944,3.0
153,177765,0.5,1.5
160,2115,3.121223891239963,3.0
226,1035,3.6343699962192724,3.0
249,428,3.5,3.5
289,1220,3.7082370931954856,3.5
306,63859,3.2820283728823734,3.0
328,2000,3.4597823869358844,1.5
361,1035,3.3406919045503405,2.0
365,90345,2.0,2.0
367,4700,4.347955120666707,5.0
371,6934,5.0,5.0
404,21,3.618007047419065,3.0
404,47,3.526499872194042,3.0
414,4564,2.9594769349112755,3.0
427,2710,3.9372347800986525,1.5
434,8636,3.94078021265252,2.5
448,90738,3.0,1.5
458,95,4.077811697692557,5.0
474,6944,3.42451105128442,2.0
474,8382,3.0,2.5
483,63082,4.127606125482183,4.5
483,88163,4.144521496925302,4.0
484,830,4.0,4.5
488,1207,4.362808082059574,5.0
489,5015,2.9059742244866,0.5
489,54999,2.5603827227583222,3.5
512,457,3.8289411416193704,5.0
512,480,3.821774395012045,4.0
517,539,3.9213086060242115,3.0
524,1220,4.057967030546402,3.0
531,480,4.640135042040127,4.0
534,122892,3.497520450693375,3.5
562,1219,4.304096097889599,4.0
596,6157,3.1436001169515984,1.5
599,898,3.412048774590185,3.5
606,4289,3.75203861687699,4.0
608,1717,3.259541783661148,3.5
610,6156,2.8786696481703813,3.5
10,95449,4.287080984059505,4.0
19,2468,2.572505784437279,2.0
28,3949,3.2049618447393446,2.0
28,48738,3.039256538064259,3.0
39,1219,4.308145484600204,5.0
54,592,3.0630078640049265,3.0
64,6796,4.09514390273077,4.0
67,296,3.8788476473445903,4.5
67,4886,3.784258137190549,4.5
68,95624,3.0,3.0
104,5577,3.3951115479770726,1.5
104,7297,3.0,4.0
104,72737,3.756810042033829,3.5
121,19,3.0057514000170813,2.0
125,4226,3.8473252461248046,4.0
135,318,4.01143864029252,5.0
140,4448,3.1054726687790692,3.0
156,1094,3.845808368914707,4.0
182,2978,2.5,3.0
182,5265,3.2131229829561128,3.0
219,1882,2.7248429733362958,2.0
219,3006,3.131246070801549,3.5
234,1196,3.928146335135128,5.0
249,26686,2.8883181085127787,2.5
256,3593,3.497382079979285,4.5
274,2498,2.868207406228796,2.0
307,2144,3.0457961832929197,3.0
322,2918,3.290203766008094,3.0
328,1203,4.089309045806899,5.0
357,2959,4.042244027959031,4.5
396,4886,4.325809047957665,4.0
408,1517,4.324646930078246,4.0
414,4623,3.4894686961848596,4.0
415,2291,4.106541727675929,4.0
419,90943,3.0,5.0
422,2665,3.0,1.0
432,3717,3.523551506364103,3.5
436,204,2.923948313169518,3.0
474,2294,3.322755748564935,3.5
474,2395,3.6102300136995416,3.0
483,1967,3.3706872453281878,5.0
495,4545,2.8002235842748675,4.0
514,53972,3.5752505732072586,3.0
517,4306,2.474321393616061,4.0
517,5218,2.5992554392274982,2.5
534,1517,3.980487074196094,4.0
534,64695,3.0,4.0
564,81537,3.6715920712078205,4.0
567,56782,2.9509765116033027,5.0
580,6790,2.976915190849158,4.5
583,44193,3.648811543370849,3.5
586,100611,4.513192386771896,3.5
586,168418,4.359308088085724,5.0
19,486,2.166116213528888,2.0
29,87306,4.2241775653923455,4.5
33,2355,3.722456414580056,5.0
62,58559,4.292764371174348,5.0
83,8873,3.8496318262973923,2.5
86,2421,3.824049718558834,4.0
103,1693,4.0,4.0
104,32300,4.0,3.0
111,3979,3.1461848112500426,1.5
111,85367,3.586545428317453,5.0
135,1097,3.8154690012327466,4.0
135,1552,3.5857739978442087,2.0
160,4246,3.179914529875021,4.0
177,946,4.146481576964378,4.0
182,3915,3.4041795666014503,4.0
249,93510,4.03300605924531,4.0
278,3105,3.404801458820392,4.5
288,969,3.4346403741382057,3.0
294,919,3.14735563750631,2.0
295,32587,3.8889172579165656,3.5
301,6874,3.4688642550603,4.5
307,50442,2.3363746505238123,2.0
318,2167,3.514248756680192,3.5
328,1064,4.502542413362163,4.0
368,5060,3.0116927728735727,4.0
380,31221,3.1883898914375854,2.0
393,53996,3.538919051702873,0.5
398,1278,4.667701197783062,4.0
438,653,3.5408647627112195,3.5
444,527,3.933513136896192,5.0
453,3208,4.1225750410754785,4.0
474,2171,3.6276133428788047,5.0
524,235,3.756873030552006,4.0
525,98961,3.7770376857774832,3.5
560,4446,3.3437844337225635,3.0
564,149352,3.767366586840528,4.0
580,3186,3.6498914513963303,4.0
580,5876,3.760531421550243,3.0
580,25850,3.3180628066314855,0.5
580,36517,3.5000000000000004,4.0
586,102445,4.504900894501323,4.0
591,3793,3.734567356349727,4.0
599,2617,3.0711845346801696,3.0
600,2723,2.9376283515497272,3.5
603,3060,4.0,2.0
605,1275,3.550601092462682,3.0
610,54503,3.9880457648640943,5.0
15,109374,3.2947450037883557,2.0
17,480,4.390016341498536,4.5
19,3751,3.3976658000380735,3.0
20,1097,3.8735854682530615,5.0
22,5816,2.4594076465361194,0.5
42,3210,3.974039341479674,4.0
73,107348,3.4808739458570095,1.5
82,5220,3.5152797720619327,4.0
94,2,3.236930573826803,4.0
107,296,3.843220266941905,3.0
132,6350,3.3335258608557057,2.0
182,3269,3.1119474798061932,3.0
195,904,3.355761854156433,5.0
219,10,3.3501707426680456,4.5
219,53996,3.159895680236069,4.0
226,802,3.2376282290135947,2.5
233,5995,3.714303561898919,4.0
246,65261,4.528667744211382,5.0
249,59784,4.063640778141698,4.0
274,886,3.003250079340212,3.0
288,991,3.091839922676447,2.0
288,2040,2.5836353595778405,3.0
294,2006,3.214893615853422,2.0
314,367,2.9061251358114135,3.0
331,4993,3.7612033777315768,4.5
387,1707,3.002917141976658,1.0
414,175,3.2578712089640494,4.0
414,916,3.309195528252473,5.0
448,1405,3.768909126331822,4.0
453,4225,2.62216483044778,4.0
474,2664,3.6003630534518742,4.0
474,6466,3.4962509200089387,4.5
474,7371,3.868764035624676,4.5
514,1089,3.9081617851713952,4.0
527,2987,4.46389125915305,2.0
535,2581,1.4726384268107147,1.0
543,59900,5.0,0.5
560,59026,3.0,4.0
564,82167,3.385678999573611,3.0
569,590,3.995697765848544,4.0
580,5378,3.9961329528495058,4.0
580,7579,2.1974122451171088,2.5
580,34319,3.9265383506936913,4.0
588,356,3.461899860125771,3.0
599,1226,3.1618760331241926,3.0
600,7438,3.3194103119051666,4.5
608,2282,2.5581423205316662,3.0
608,4370,3.5960406358347043,4.5
610,3999,2.9317414538404254,3.0
9,5841,2.9705926778627947,1.0
11,1101,3.8947426029266534,5.0
18,908,4.181133043256128,4.0
43,3,4.4727833605363125,5.0
66,1259,4.1436122815046925,3.5
80,2959,4.364707939826076,5.0
104,94150,4.102973425291557,4.0
111,64032,3.453223274149019,3.5
156,3087,3.141308471765633,3.0
187,2502,3.5717637419471258,4.5
200,1035,3.905358780819501,3.5
227,1196,4.192923671091763,4.0
232,52975,3.1147606499312612,4.0
262,260,3.0488696227199417,4.0
290,1258,4.412985403498063,4.0
294,1262,3.7155198794086277,4.0
297,494,1.7846982958991324,2.0
339,4993,3.9902943999361447,3.5
345,1244,4.0,4.0
357,1381,4.101221291735989,2.5
372,719,4.0,2.0
387,7698,3.2536625053996793,4.0
403,2420,3.6702478267533176,3.5
414,2313,3.408193684490594,4.0
421,1193,4.710861152946687,4.0
425,5989,3.6208714687944115,3.5
430,2858,3.9309402623992846,5.0
445,4022,3.8622979285529064,2.0
448,434,3.2136404308633075,3.0
448,745,3.844362815989624,4.0
452,1616,4.629274658006482,5.0
473,2329,4.2879590841690485,4.5
474,1193,3.9125842569250153,3.5
476,317,3.8345028800076375,3.0
488,2762,4.403590463716969,5.0
517,1025,2.9797645940610478,2.5
534,53138,3.643421571894267,3.5
546,240,3.0,3.0
556,93363,3.7211886779596486,4.0
599,218,1.9096897137339472,2.0
610,1210,4.187605608610834,5.0
610,85788,3.120563981845442,3.5
5,150,3.250300079528008,3.0
19,1,3.185550409153445,4.0
23,1199,3.806194195628866,4.0
51,4340,4.126641591961048,2.5
64,4246,3.6794944530461953,4.0
79,2076,4.163516131756425,4.0
84,324,3.0,4.0
140,6787,3.172250616658209,4.0
151,631,3.0379557919765445,4.0
177,1499,2.862200776571698,2.0
180,2717,3.4903928724178246,4.0
187,1203,3.9186162592120275,4.0
198,3499,3.4847681904548895,4.0
199,2542,3.505592226109749,3.0
216,1273,2.0,3.0
217,3300,3.006353630990107,3.0
226,1276,3.9505195853951656,4.5
230,1049,3.0,4.0
274,4855,3.6056270697577193,3.5
274,6405,3.0663161230108185,3.0
274,42285,3.0,3.0
288,2,3.4227690127262775,2.0
288,34437,3.8223683966500035,3.0
305,3671,4.274539744687163,4.0
310,432,1.4478425335510878,2.5
318,204,3.797560338730017,3.5
325,5060,4.04618128250803,4.0
380,1275,4.233922191135168,5.0
387,293,3.726902655979182,4.5
387,8266,3.1661547801748613,3.5
388,1197,4.664553530855342,4.0
414,494,2.8584386839713214,4.0
414,1135,3.067844310804041,3.0
414,3436,3.5009913096521026,2.0
428,2010,3.119027143428038,2.5
448,5540,3.269470673689938,4.0
452,3702,4.673015882604689,4.0
480,46976,3.895302446749995,4.0
483,2986,3.1530388794032853,2.5
500,1885,2.5363145934122673,3.0
510,6323,2.7877264995780244,1.5
563,88810,3.3978693846508934,4.0
573,3793,4.365310608889082,4.5
588,25,3.753510961232226,3.0
591,1127,4.161258565071706,3.0
605,1073,3.4601493238088126,4.0
610,105801,3.0,3.0
19,1689,2.220655283892917,2.0
36,1094,2.524234659757312,1.5
45,2571,4.285246389003464,5.0
62,8529,4.135300887557712,4.5
66,612,5.0,3.5
68,7010,3.0096293126900777,3.5
160,2005,3.0210240590523916,2.0
222,101531,3.0,2.0
227,85342,4.0,5.0
233,1230,3.596496734895705,3.5
247,68157,3.9246573314198874,4.0
260,6283,3.554674640381768,3.5
265,724,3.0,2.0
265,2431,4.0,3.0
266,1240,3.975907606180785,4.0
269,32,3.428610172877394,4.0
313,480,3.5972030096855474,3.0
323,2571,3.3781192097655044,3.0
342,3016,1.392183874385696,2.0
356,3147,3.9631088531219043,4.0
367,2915,4.08761116197493,4.0
381,27706,3.5769637421776896,3.5
391,1376,3.4389993235813408,3.0
397,1077,3.0,4.0
408,5064,4.1440510250348845,5.0
414,551,3.9050238323352864,4.0
414,953,4.203954683386834,5.0
414,1614,3.306897073236313,3.0
414,2883,2.6489061810519074,4.0
414,3275,3.9212933505770553,5.0
414,5896,3.0,4.0
425,750,3.687840935762484,3.0
448,1171,3.2418302711905134,4.0
448,5060,3.8453492209640188,4.0
448,94833,2.306454545084288,3.5
474,3384,3.4422173957733952,4.0
489,8373,2.978691228434623,0.5
495,127198,4.319202459252289,4.0
503,93980,3.0,1.0
561,109374,3.450922363050345,3.5
599,116169,3.0,2.5
600,2716,3.2679826529417464,4.5
608,3489,3.101870856331213,3.0
7,1219,3.687333922364396,5.0
19,273,2.8833382230572155,1.0
52,364,4.521812850903285,5.0
83,1653,3.9352743821318237,3.5
103,2712,4.4535597371160645,4.5
111,30825,3.0322940870389563,0.5
117,434,3.4007996631352193,3.0
140,3108,3.3589072013396377,3.0
156,2764,4.432128756155207,4.0
182,6281,2.948618955863322,2.5
198,2716,3.757670476118318,2.0
202,3363,4.156626770209095,4.0
217,2628,3.150333925606951,4.0
219,8807,3.1802545924672194,4.0
221,1288,4.255070983388459,4.5
226,5388,3.3694047449134428,3.0
247,6365,3.754957151378396,3.0
275,3526,3.9862109311519363,3.0
275,5377,3.882023915868461,4.0
279,112183,3.7097734285816037,4.5
280,2396,3.469453561309317,3.0
281,46578,3.807997639397882,4.5
286,4718,2.8351989354561082,0.5
288,2004,2.628951298392048,3.0
294,1919,2.2074804958867085,1.0
306,45668,3.0,5.0
307,43679,1.8852190843697583,1.0
317,3499,3.8551097161586036,3.0
328,2420,3.5044056002595503,4.5
331,49272,3.658128863441441,4.5
339,8464,3.9494810078301086,4.5
349,588,3.8207652030913053,4.0
381,4002,3.3869113202308596,4.0
390,64575,3.7661781417740365,2.5
414,5010,3.6333789261276794,5.0
414,5080,3.0466178704050897,2.0
461,1961,3.111486776012624,3.5
474,802,3.815248372028813,2.0
489,1200,3.345500727714033,4.0
497,131739,3.0,3.0
513,1304,4.264800446165105,4.5
534,48,3.969381312221692,4.0
540,2107,3.0,3.5
568,296,4.549904211824423,4.5
599,26,2.4506241157139503,2.5
604,110,3.470615576794737,3.0
606,3967,3.9047991882451654,4.5
608,3499,3.2918810037508357,3.0
610,52952,3.7709139844219077,5.0
610,54286,4.04377849754007,5.0
610,113252,3.1115397903556024,4.5
9,627,3.0,3.0
9,5445,3.28789431388114,4.0
18,1917,3.7547799199157184,3.0
18,71108,3.0,4.5
28,211,3.0,3.0
50,3221,3.4324643136937985,3.5
84,214,3.881475666344727,4.0
91,1094,2.7135418050626585,3.0
105,7347,3.709183686579598,4.0
113,3476,3.4782554579217297,4.0
140,4327,3.5728355765205326,5.0
144,1923,3.6092345451576695,3.0
158,1345,3.0,3.5
180,2571,4.146787298592014,3.5
184,33794,3.899453216141128,4.0
208,1610,3.632369823259101,3.0
214,736,2.834333759984719,2.0
217,2375,2.66939575098424,3.0
226,2116,2.357983705536944,2.5
232,8641,3.6042779382034777,3.5
235,48,3.882177121498425,3.0
256,4306,4.010767007186519,4.5
256,70286,3.669456221185142,4.0
266,1911,3.3774628570402707,1.0
274,2719,2.8545806661071227,2.0
314,1266,3.2335202970191306,3.0
328,2997,3.439081049828077,1.0
328,33493,3.181056159483326,1.5
333,3717,2.4729621973652494,3.0
345,838,3.8425344178313807,5.0
380,3452,3.649750210326706,4.0
387,390,3.4675712798125975,3.0
391,454,3.39855179529602,3.0
412,2239,3.0,4.0
414,2300,3.987829881143981,4.0
469,1617,3.969425041704968,5.0
474,3513,3.016010971115028,3.0
474,6315,3.076154829662888,1.0
480,1092,3.7804640795212876,3.0
492,886,5.0,5.0
517,84847,2.0627612779636055,0.5
521,637,3.152778341146164,3.0
545,33794,4.0,3.5
555,2423,3.579540954729257,4.0
561,1240,3.7950945548250536,4.0
586,95167,4.590819032995965,5.0
590,8376,3.082608386903167,3.0
594,858,4.3267366341702544,4.0
596,177763,4.0,3.5
597,2411,4.105041490247989,2.0
604,237,3.3991271583250233,3.0
21,4973,3.2771831400738396,3.0
84,1196,3.8855613831155242,4.0
100,237,4.169754958726068,4.0
105,1263,4.1894088141684565,4.0
111,6503,3.218582696598976,3.5
125,152081,3.7109905837764603,4.0
155,592,3.7597664143609415,3.0
159,104374,3.6561829381574777,5.0
193,7147,3.7432052172490553,3.5
199,4427,3.4764259947270126,5.0
226,8636,3.8240319180955775,4.0
262,457,3.004926306309245,2.0
265,1271,3.2506350488124194,3.0
276,1042,3.0,5.0
280,2052,4.309389754848334,4.0
280,58559,4.0668670834155956,4.5
282,3481,4.083660212923779,4.0
292,102125,3.4032735364884292,4.0
298,3593,1.753171180452847,0.5
298,8814,1.442852261495075,0.5
325,1342,4.0,4.0
331,3948,3.4886122775769914,3.0
336,3114,4.175693844374039,4.0
352,42723,3.2723741366664996,1.0
356,2968,4.19653751801861,5.0
357,441,3.899675819828262,5.0
380,4855,4.12649598954031,5.0
380,166558,3.0,3.0
382,101362,4.019998669027092,3.5
431,1639,3.5000000000000004,1.5
438,135,2.969677405144219,3.0
448,2769,1.5535170168659096,2.0
450,3173,3.0,4.0
464,5254,3.247799111453564,2.5
475,165,4.816957800111396,4.5
477,2302,3.813590633440702,3.0
480,4018,3.5324329938678614,1.5
505,4226,4.6691137857329705,5.0
506,112556,3.192428040498743,3.0
541,371,3.5982517137181356,3.0
554,1282,3.3994786496425973,1.0
555,1215,3.768950914791507,5.0
555,2791,3.9877991801813732,2.0
590,2791,3.634528161468218,3.0
594,145,4.308441765515989,4.0
599,2734,3.040425857018309,2.5
599,43921,2.3383487769405464,2.5
606,2987,3.7300706998327753,3.0
606,3361,3.547283435358735,2.0
606,25850,3.8253710734530477,4.5
610,159093,3.605715029285143,3.0
6,21,3.6058161903548376,2.0
7,3869,3.7720358044951245,5.0
31,17,3.6767795573503026,3.0
42,1191,3.174781223952628,4.0
43,575,3.0,5.0
57,2194,3.7419216613965363,4.0
66,1224,4.1642464729566635,4.5
68,69122,3.5921997387972557,4.5
95,2268,4.5169286744396135,4.0
103,2006,3.9348378437169043,3.5
135,3441,3.7685355648490315,4.0
139,82459,1.746279647755687,3.0
154,73321,3.0,2.5
187,26662,4.080114118871984,4.5
211,2858,4.357034145510504,4.0
240,595,3.810230429378311,3.0
246,2571,4.337201302104608,5.0
275,2245,4.181962808583631,3.0
276,1367,4.281363010285515,4.0
292,4224,3.5,3.0
294,1562,2.890871388292632,2.0
305,1272,4.349180429145572,5.0
307,6187,2.3241940112531725,4.0
318,63876,3.5300848711580546,4.0
343,54503,4.2585592137010355,5.0
346,2683,3.6434189679616327,2.0
352,3273,3.0,3.0
367,1387,4.368613255265709,4.0
376,4993,4.117979429736994,4.5
380,74750,2.9734547407921514,3.0
380,91542,3.9848528328228863,2.0
382,1265,4.417205400384918,5.0
387,1653,3.338005839037614,3.5
391,1057,3.592044057898283,3.0
393,6281,3.1756291557577816,3.0
396,204,3.0,0.5
420,910,4.436018281061945,5.0
438,2694,3.2951291369479163,3.5
448,3255,3.374604907228774,4.0
448,83374,3.0,3.5
464,2054,3.38413335982297,2.0
469,728,3.934987530439251,3.0
474,4144,3.507807870463526,3.0
474,6609,3.0,3.5
480,1060,3.467073257003766,4.0
485,231,3.9742826008459358,1.0
488,6773,4.433766049131895,3.0
510,1259,3.4105896482845433,3.5
563,2248,3.665986932179294,3.5
570,141,3.5129263861946076,2.5
577,356,3.8577356955098963,5.0
583,8533,3.069757419563773,2.0
599,81591,3.079749107580412,4.0
605,2,3.4151978593270353,3.5
19,367,3.051020006900647,4.0
21,69406,3.55593110541841,3.5
47,2407,3.1169352978444187,2.0
57,783,3.4856297363846482,3.0
68,47,3.3584035670959826,4.0
111,2005,3.3895330241983292,2.0
126,318,3.323603011399638,5.0
148,122886,3.6300490196441015,3.5
160,778,2.955161717195686,5.0
186,2872,4.033459576934441,3.0
199,2539,4.014581552050273,4.0
219,5816,3.226229246268947,2.5
274,47518,3.1287459361139245,3.5
274,72998,3.5286005204486015,3.0
275,190,4.687541643461419,3.0
275,1500,4.209309260985203,5.0
305,61024,3.8792737807547915,3.0
356,902,3.8751121767725074,4.5
376,33794,3.8570668236271923,4.0
379,253,3.2699556884119083,3.0
405,77266,3.0,3.5
414,2915,3.9432626662019534,4.0
414,5382,3.0178832873636097,2.0
446,329,3.153354998991667,3.0
448,3072,3.3464753835230843,3.0
448,105254,3.0935436205235702,3.0
453,380,4.14598465312028,4.0
469,1260,4.241296601555294,4.0
470,165,3.6546533365615534,3.0
474,8542,2.6490960265425305,3.5
486,653,4.167903137645862,3.0
509,1079,3.5341228939338203,3.5
514,49272,3.815326453420803,3.5
4,1733,3.7968232610221087,5.0
27,2985,3.796624077478586,1.0
45,344,4.0550890732970535,4.0
45,5418,4.400309345976198,5.0
62,54503,4.2342189062850295,4.0
90,617,4.0,4.0
102,474,3.3380490743559346,4.0
160,1603,2.1545238384750345,1.0
177,6711,3.4417057431208176,4.0
182,1247,4.1447434781306125,3.5
182,7361,3.7855290357115794,4.5
186,3409,4.0,4.0
186,4994,3.0,4.0
187,1690,3.05239082980209,4.0
198,3578,3.45141066612864,3.0
199,2300,5.0,5.0
202,3704,3.483721695372401,3.0
217,2380,3.0,3.0
217,2457,2.7884939528386075,3.0
226,6863,3.7779904110347076,3.5
229,434,3.75236207804428,3.0
239,1653,4.118669402731692,5.0
249,6564,3.558944628946792,3.0
274,3243,3.119478496739124,3.0
276,12,3.492572162977853,4.0
304,1371,4.141143433948979,4.0
307,2858,3.330966743321109,4.0
317,589,4.142527809542338,4.0
318,92422,4.361141801231811,4.0
331,5349,3.586613004709594,2.0
334,3910,4.0,1.5
337,454,4.423805341984712,5.0
346,1968,3.772621235332069,4.0
352,2028,4.181296644202844,4.5
356,2248,3.977090501451845,4.5
358,26095,3.0,0.5
361,1210,3.1071552064494994,2.0
380,2278,4.376422132723904,3.0
382,47610,4.376654714929261,4.5
393,5679,3.978738852004843,3.5
414,2433,3.224666027970294,2.0
414,45880,3.437258947446196,3.0
415,930,4.350663423263606,4.0
448,91630,2.9156520809235085,2.5
454,2858,3.720491682216385,5.0
477,6484,3.144978946070851,3.5
483,2723,3.5312936668451527,5.0
483,8798,3.5403121435689413,4.0
493,2985,4.013758400746749,4.0
525,1527,3.471964333984409,4.5
541,586,3.601845959950842,1.0
542,4446,2.8140833523111715,3.5
590,6534,2.8568666332098656,2.0
594,4069,4.2578774337580105,5.0
599,9,2.412222672154675,1.5
610,26498,3.0,3.0
18,73323,3.727069776529896,4.5
28,296,3.1342530238885624,4.5
38,432,2.91829911526679,3.0
62,4306,4.260468855254361,1.0
68,2959,3.4834145032015993,2.5
116,1088,2.8772814813256233,4.5
174,595,3.7546366733209204,3.0
195,2797,3.825017752787037,4.0
217,2473,2.704085728504672,2.0
226,2003,3.817384792198333,3.5
230,1676,3.0596790589099103,3.0
232,53996,3.4975097262367547,3.5
249,122906,4.09934556490522,4.5
262,21,2.916900464003,3.0
288,1952,3.3972970152747615,4.0
288,7150,3.244008746176464,4.0
298,4734,2.671170274505559,4.0
298,52245,2.0500995175968946,0.5
301,8961,3.4134129344757738,4.0
312,1617,3.5511317032947156,4.0
312,4370,4.070075548983875,4.0
357,46976,3.917216302310134,4.0
365,1610,2.922837277682231,0.5
380,88125,3.9841992377294355,4.0
391,3967,3.874960176740712,1.0
398,81845,5.0,5.0
414,5391,3.1957318560606542,4.0
414,61323,3.5908429709027048,3.5
445,35836,3.831064943215955,3.0
448,68954,3.2514016487232587,3.0
448,85025,3.0,2.0
448,103341,2.762796694398204,4.0
468,590,3.3391380254300755,5.0
510,7026,3.0,3.0
525,3034,3.3419240886993173,4.0
550,122892,4.446080034559851,4.0
560,51086,3.2066813446925897,3.0
590,1552,3.371481777650604,3.0
597,1784,4.374801694599234,4.0
599,90471,2.9172853356823625,2.5
599,116799,2.937278454745649,3.0
600,628,2.451040868596787,3.5
603,605,3.473329441206176,3.0
603,2745,3.2670382187977705,2.0
603,3210,3.450457512535445,3.0
605,63853,3.0,3.0
608,3745,3.459153805838354,4.0
6,839,2.599858437491487,3.0
21,2948,3.858019619464092,4.5
38,105,1.0,3.0
52,39444,4.79871429730674,5.0
57,1127,3.676997481233757,4.0
75,6303,3.0,4.0
111,47122,3.127660208744862,4.0
132,1318,3.0,2.0
139,7153,2.5503872332040074,4.0
177,586,3.4840238346723984,3.0
181,500,2.879578894357739,3.0
265,1363,3.0,3.0
288,2098,2.2211789431813167,3.0
318,59784,3.5698020960669203,3.5
318,91542,3.560947919318138,3.5
339,109374,3.72464257783137,4.0
367,1569,3.7943645856399706,4.0
380,49396,3.3986724537480884,4.0
414,1259,4.317910637070077,5.0
420,7458,3.8312268058153895,3.0
448,95510,3.0012830087413103,3.5
460,1884,4.157049273943944,4.0
460,47610,4.41876908526592,5.0
462,33794,3.0739331914601906,2.0
474,2116,2.7911623518694073,2.0
533,57274,3.0,5.0
560,34319,3.45737680237569,3.5
594,8533,4.726089975373893,4.0
599,8033,2.7040436822005427,3.0
599,60684,2.73642734721644,3.0
20,2430,3.3000835502405663,2.0
21,134393,3.397986330775257,2.5
62,108729,3.9913161787008447,4.0
68,1682,3.4053501105089516,4.5
68,45431,3.120083863981351,4.5
89,48520,2.583427602484681,2.0
105,260,4.060036244091682,4.0
106,5952,4.650775885134737,5.0
110,3629,3.7580730023583673,4.0
115,1645,4.025675703023155,4.0
122,1089,4.7666154146268696,5.0
186,2174,4.121063230488245,3.0
202,1276,4.186897557794231,4.0
234,3418,3.928799234526367,4.0
259,3996,3.9109668255836714,0.5
274,840,3.374232137765694,3.5
287,5902,3.875512654434128,3.5
294,267,2.0261596963658652,1.0
294,587,2.901570318849731,2.0
296,296,4.115286268354231,4.5
297,293,3.2175401029016015,4.0
298,1285,3.578440391442152,2.5
301,2706,3.289465728932757,1.5
303,1240,4.113737596042755,5.0
305,8961,4.120281464251682,3.0
314,260,3.185970583569541,5.0
325,2991,3.3211416584697715,3.0
327,2805,5.0,3.5
411,105,2.9999999999999996,3.0
414,4002,3.2789367323095258,5.0
426,7149,3.659987449352223,3.0
432,1610,3.6687327127556975,3.5
448,1262,4.517236223147458,5.0
448,5573,2.7497275952708407,2.5
470,587,3.664856539533347,5.0
474,3211,2.9805813965337857,4.0
493,3763,3.751884522996329,2.0
527,1214,4.481696180536433,5.0
528,110,3.9862257515155006,5.0
555,3663,3.0,2.0
567,168418,0.8753795607211001,2.0
599,688,1.79880104783683,1.5
599,1480,2.5821638228495205,2.5
603,1612,3.478958997547003,3.0
605,72165,3.0,2.0
606,1275,3.6234063727767616,3.5
610,51498,3.325649345080316,3.0
610,113565,3.0,4.0
12,2100,3.620611590973567,3.5
47,2959,2.845092408423439,2.0
54,480,3.0799032773390764,3.0
62,5630,4.215350951801833,5.0
64,1704,3.8043000163241745,4.5
68,73023,3.5318481697924398,3.5
74,27721,4.0,3.5
81,480,2.952086899080334,4.0
111,70183,3.358933474183793,3.0
153,64957,2.58013635409024,2.5
160,595,3.2412494180877482,3.0
160,2411,2.917987343083435,1.0
166,4011,4.199777764564684,4.5
182,4407,3.0,4.5
217,765,1.0,2.0
217,1031,2.6380114287878564,2.0
226,3671,3.881788133866384,5.0
234,2373,3.3475340945505385,4.0
260,1094,3.3877355420999806,2.5
266,2890,4.116519369814374,5.0
275,1704,4.094836202682683,4.0
288,2311,3.2880048975559615,3.0
288,2459,2.683209577214012,2.0
288,34532,2.7569739913447284,2.5
304,329,4.069091432152576,4.0
310,7261,3.0,3.5
331,115713,3.6140762684104426,5.0
334,2628,3.520833028673217,3.0
346,1208,3.7339323774230673,4.5
354,6874,3.8366236899749797,4.5
356,543,3.921741243789143,5.0
368,3628,2.9343602268306483,2.0
381,653,3.216244976990957,3.0
387,2921,3.3879222133478692,4.0
400,2571,4.696632287265218,5.0
414,590,3.694379522389707,4.0
448,1882,2.951470151053011,3.0
448,3785,3.355466836012119,2.0
448,114180,2.559468897746126,1.0
450,1969,2.8715684438812388,3.0
462,924,3.2126185838052304,2.0
474,2100,3.46089935697816,4.0
477,1199,4.1286428997563815,4.5
489,4321,2.869738417154031,3.0
503,527,3.7594536147846536,4.0
520,66934,4.4252666137555545,5.0
524,589,3.7116445068199466,5.0
524,1303,4.24933450153648,5.0
563,96975,3.0,3.5
596,182793,3.0,3.5
599,31660,2.6805267966084982,3.0
608,7445,4.020385640410539,4.5
1,3479,4.535670218957443,4.0
40,19,3.3101179752723873,2.0
42,1892,4.0,3.0
62,3994,4.094385341500652,4.5
66,380,3.8806146487965356,3.5
78,1831,1.9336697678555008,1.0
89,4246,2.3598100837660154,1.5
91,842,3.4999999999999996,2.5
103,88810,3.512639151774277,3.5
115,296,3.9162830724117796,5.0
160,2987,3.254219795192455,4.0
169,7173,4.019584334058886,3.0
170,110,3.38941692147114,4.0
219,112,2.781149957396909,3.5
222,3174,3.0051748590562744,3.5
234,1409,3.044697021316086,5.0
249,102445,4.061904833609007,4.5
249,104243,3.6007483793587975,3.0
308,1221,1.9275216615019892,1.0
339,88129,4.028347684113933,3.5
370,4226,3.6190913617711837,3.5
438,5481,3.6155967462478937,3.5
448,428,2.811885210475348,3.0
452,1610,4.540036943537518,4.0
466,55247,3.6974974445900597,4.5
469,3685,3.3836725556440532,4.0
474,736,3.5320442644610064,2.0
474,5116,3.0,3.5
474,6197,3.2528915183377944,3.5
480,4993,3.819045441732867,3.5
483,2706,3.673468144710056,3.5
492,628,3.7780033848284735,3.0
525,1136,3.6381384839266033,4.5
561,5944,2.9660520626820492,3.0
561,54256,3.0068619212785044,2.0
570,1584,3.485033087749948,4.5
587,432,4.496032297996962,4.0
590,3255,3.383346811695099,4.0
599,47,3.399808706193255,4.0
599,5678,2.3765467082131106,2.5
600,3072,3.1092520552561,2.5
601,74458,4.506165001482111,4.5
606,640,3.0,2.5
610,92507,3.3332509904852565,3.5
19,380,3.0368368442776514,3.0
34,6567,3.6063659669560226,3.5
51,965,3.0,5.0
73,3969,4.446666526622185,4.0
83,3753,3.127987701302966,4.0
90,25,3.9145272313979333,5.0
91,2097,2.685079182285253,2.0
111,134393,3.5581035460372696,3.0
141,3552,3.6246806300998324,5.0
198,2572,3.3628470076684236,1.0
199,3035,4.159736793469595,4.0
222,8529,3.450819799817778,3.0
222,97752,3.490303702953843,3.0
225,333,4.478854902100528,5.0
255,1220,3.6769177071837653,5.0
260,608,3.807855924993324,5.0
287,832,1.1046057449398041,1.5
294,1582,1.8963586566313642,1.0
307,4105,2.5441067519945197,3.5
314,497,3.389612718758999,5.0
347,588,3.4858698883485038,4.0
368,1298,2.4803817461864264,3.0
372,293,3.971221419761651,4.0
381,4886,3.7240881929420873,4.0
382,2571,4.577322266335148,5.0
382,160563,2.9788818888872677,3.5
411,455,3.332749686599229,3.0
411,592,3.5809371928349343,3.0
414,5064,3.4889027652124804,4.0
422,1997,3.9426300423022482,4.0
434,5669,4.069361480335103,4.0
448,4299,3.0558524915314926,4.0
448,104129,2.170974734755047,2.0
453,3996,4.230533918318054,5.0
474,7366,3.116721676971288,3.5
477,1777,3.5782047582799246,3.0
489,5502,2.9089594474122134,3.5
491,34162,4.112500243132364,4.0
510,3081,3.119382907957375,1.5
517,64249,3.0,2.0
525,1029,3.5217009673326394,1.5
590,1962,3.815372140470344,4.0
590,70286,3.14832952450252,4.0
603,4021,3.7471930327538843,5.0
603,4450,3.9668881106161664,4.0
22,2723,3.0,2.0
28,1682,3.1285256002223947,1.5
42,648,3.559392179379981,5.0
57,1721,3.8999082956946625,2.0
59,3075,5.0,5.0
62,27660,3.919634351483457,4.5
68,709,2.250560823966371,3.5
68,6377,3.5507787031760527,4.5
80,6502,4.3126808570862485,4.0
103,48780,3.882129630850796,4.5
122,3409,4.337913080078933,4.0
165,2692,3.4205418116181843,3.0
177,111759,3.5887888765062326,4.0
178,38061,4.0,5.0
182,5218,3.1855507150614764,3.5
186,4545,3.847075053402671,4.0
202,3638,3.4388969575111608,3.0
217,1020,2.4364838349419915,3.0
220,296,4.345021095389201,5.0
226,840,3.0000000000000004,3.0
231,63082,3.5358607686428205,5.0
239,8984,4.028478966451051,4.0
266,2560,3.0,4.0
273,532,3.0,4.0
275,778,4.072670081007222,5.0
290,2917,3.9949204747718308,4.0
292,34162,3.534489620418049,3.0
294,1440,2.668193787277113,1.0
306,81847,3.411031333311363,4.0
307,4132,2.4966665281814096,2.5
312,1982,3.925881493549453,4.0
318,26048,3.0,4.5
332,96610,3.4157035659082107,3.5
359,4995,3.6375406521934037,5.0
361,150,3.00182973235656,3.0
365,66509,2.516783638312914,3.5
369,185,3.166026517964935,3.5
372,163,4.553216285216584,3.0
390,63062,3.0,3.0
391,3418,3.984187681393701,4.0
393,32587,3.3209773200100656,0.5
414,2712,4.301391020186122,4.0
414,4887,3.000772002999116,2.0
464,5026,3.0129170626023303,5.0
482,7845,3.4903202085332796,2.0
514,162,2.3672705699704135,4.0
517,56587,2.2276134053514114,3.0
517,96520,3.0,2.0
529,95,3.7529545243283082,4.0
533,4973,4.410703168049022,5.0
552,2944,3.211253182980819,4.0
561,78499,2.9483711039487495,4.5
570,111,3.602041188857603,3.0
597,3040,3.62400375848381,5.0
598,130490,3.0,5.0
599,1097,3.334458239386307,4.0
599,3259,2.350540785388839,3.0
599,33794,2.8939775229879645,3.0
600,1608,2.7176293936492106,2.5
603,3197,2.7906948124081383,2.0
606,1837,3.0265361553294583,3.0
606,2622,3.6440735172799013,3.5
610,5283,3.5839930205122887,2.5
610,91500,3.8891655726334364,4.0
1,2617,4.379253885112021,2.0
17,110,4.430857686963741,4.5
19,1378,2.766957601035836,3.0
42,2011,3.8520068350272227,4.0
46,316,4.008108040409464,4.0
66,3745,3.920668650483536,3.5
68,4161,3.056365780367766,3.5
91,464,1.0,4.0
113,1645,3.567498852208118,1.0
182,247,3.414800264867531,4.5
187,32387,3.726206813089257,5.0
217,2137,2.780755563658766,4.0
222,3623,3.4968674484584525,1.5
226,37731,3.194797116605271,4.0
232,6624,3.0216871620079493,2.0
234,720,2.3164126320396274,2.0
237,8665,3.5000000000000004,3.5
249,1178,4.196386527124559,4.0
249,55290,3.7160262109290936,4.0
264,3510,4.0581387771979625,4.5
265,3255,3.6014259345602015,4.0
274,74458,3.5412383331313655,4.5
275,1210,4.133874042032245,4.0
276,780,4.5529712428317435,5.0
294,1760,1.0,1.0
305,293,4.243314597736115,3.5
318,5508,4.095643121909104,4.0
351,89492,3.7348613042878465,4.0
370,260,3.517662225916915,2.0
379,153,3.2796505549378017,3.0
380,1588,3.530010140336752,3.0
387,3264,2.6606909207060894,1.5
409,1911,3.508972695438261,2.0
414,4519,3.068629623589244,2.0
420,59295,3.0,1.0
427,4226,3.736354183285678,5.0
448,1954,3.487820242723299,4.0
453,588,4.142627008101573,5.0
474,3148,3.54129088549126,3.0
474,6936,3.5778409796102117,4.0
474,8521,2.554376818549902,3.5
495,122886,4.229658830178041,4.5
560,141866,3.3229552729530716,4.0
567,673,2.0827566482512267,2.0
573,4306,4.375151810859473,4.5
590,7013,4.137105942148328,4.0
591,3160,3.190151127301644,2.0
599,5016,2.4740280168513014,3.0
606,1299,3.9164015088218602,3.5
610,27491,3.0,3.0
6,667,3.167732355946909,3.0
19,2153,2.1044434587481304,3.0
21,164909,3.489987366978898,3.5
32,314,3.0,4.0
39,50,4.333152397815686,5.0
42,3120,3.10655626652141,4.0
57,2683,3.742779108917823,3.0
91,4896,3.731002360057019,4.0
111,161131,2.9948471112075645,4.5
113,3556,3.2422316886516858,3.0
125,152284,3.0,3.5
129,5418,3.8987389724803907,4.0
136,47,3.1562462675357925,5.0
142,364,3.958942583905033,4.0
159,150,3.7138577337929837,4.0
160,1320,2.70651570021933,5.0
161,2617,3.988577941080983,4.0
187,6711,3.7121306485865673,4.5
191,468,3.0,3.0
200,50872,4.003550497385306,4.5
202,2802,3.806189218427548,4.0
221,2692,4.185878719850154,4.0
232,3949,3.9720594188304332,4.5
268,2630,4.042025504668534,3.0
274,3355,3.110071288079272,2.0
283,1517,2.4590955365967346,4.0
288,1064,2.7720211621519955,2.0
288,2139,3.1325729536088,3.0
294,2249,3.006906946625947,3.0
299,188,4.0,2.0
310,750,3.8854656127190976,4.0
340,480,4.10490676909459,5.0
381,6503,3.356349881942257,3.0
414,3317,3.969954254538655,4.0
414,5283,3.349822223515487,2.0
438,3624,3.359683339758373,3.0
448,4545,2.785486648732326,3.0
448,50872,3.397797996676374,3.0
448,73386,3.0,1.5
457,3798,3.8212585377351895,3.0
474,6970,3.4595207976309625,3.5
474,25952,3.0,4.0
492,76,3.649345959665982,5.0
525,4700,3.4013070790900395,3.5
567,104074,1.072578805413734,0.5
567,179819,2.453510880459922,2.0
580,2355,3.7388568264655633,3.5
580,7327,1.7332682864450213,2.0
590,2628,3.503645099513199,2.5
600,19,3.086932449557762,3.0
603,1093,1.3481315903429505,2.0
605,8373,2.643821171636907,2.0
1,2137,4.461878945670788,5.0
6,532,3.0,3.0
10,296,3.0329702149960687,1.0
20,4016,3.88251435611871,4.5
23,1617,3.4934414848671556,3.5
28,3510,3.1359947666069576,3.0
28,5267,2.7937618293957818,3.0
62,60756,4.04287620113436,3.5
64,223,3.994234569450187,3.0
64,585,3.6834636130229854,4.0
64,1527,3.7695438071491223,3.5
68,2478,3.201885345922975,4.0
125,79702,3.6061270099308653,4.0
132,7361,3.3098521160095036,4.0
140,1015,3.8850842228711278,4.0
140,7018,3.523858701963195,5.0
156,1265,3.623189301613591,5.0
160,4979,3.8688105306776075,4.5
212,1196,3.4580193418750373,3.5
232,44709,3.099309285566928,3.0
238,1287,4.0,3.0
263,2108,3.964622935726922,3.0
279,85414,3.768726774731432,3.5
280,78772,3.9392800057571535,4.0
281,35836,3.913870092473796,4.0
287,532,3.0,2.5
322,608,3.4982445753938847,4.5
344,114180,3.0000000000000004,3.0
370,8464,3.5409714421541105,3.5
377,1093,3.0,3.5
380,57528,3.720543850670501,4.0
381,4896,3.6599659060587864,4.0
402,364,4.159207319755283,4.0
414,5427,2.9052161029453902,2.0
414,6308,3.166342688755401,2.5
414,46347,2.6279916081291406,3.5
414,134853,3.966188128103389,4.5
426,3793,3.4941033866798006,4.0
448,1057,3.6215083303720137,3.5
452,1219,4.622782763463066,4.0
466,92259,4.2498489548618625,4.5
474,2137,2.998265585700971,3.0
477,41569,3.8044153595064953,4.0
517,70293,1.5307431847962338,1.0
517,80969,2.7111418141912935,4.0
521,608,3.819114485150382,5.0
525,79091,3.496117809225242,3.0
555,2817,2.6484365110746926,3.0
590,3039,3.730781907416213,3.0
594,6994,3.8930931320114524,5.0
599,2723,3.0542962624064827,2.0
602,194,3.0,2.0
603,3004,3.4706624762583584,1.0
603,3998,3.0,4.0
603,4419,2.8863681844635405,5.0
606,5915,3.6309548120527504,4.5
606,68480,3.0,1.5
3,1272,3.0,0.5
6,852,3.638424832514253,4.0
20,1025,3.9131878299832654,5.0
21,2763,3.5005470316481184,4.0
21,4886,3.3901181974884382,3.5
28,49265,3.0,4.0
41,4720,3.5832833371245707,3.5
63,6942,3.450202467385131,2.5
66,442,3.7110122507994343,3.0
68,8783,3.195188492721515,3.5
74,5304,4.401431834946215,4.0
100,3499,3.749743182640148,2.0
121,555,3.693628171741386,4.0
153,2617,1.7248380897918911,0.5
160,227,1.665293384824113,2.0
187,4641,4.026746021020233,4.5
198,3263,2.9656411048420868,3.0
216,4002,3.8175835446984663,3.0
267,3986,3.0,4.0
275,3471,4.133326761874664,5.0
280,3988,3.9981798196512477,3.0
280,4232,4.2681875578428805,1.5
282,16,4.2247623654583935,4.0
286,4148,3.716166591450411,4.5
288,4881,3.3493523920516033,4.0
305,5010,4.00827528926714,4.5
306,130520,3.259791140124435,3.0
312,1372,3.864516236073453,4.0
314,597,2.9933517551420445,3.0
318,2858,3.7412078663894817,3.5
330,344,3.375787084768238,0.5
353,434,3.562733931749155,3.0
357,2797,3.9775897253472463,4.0
380,32,4.300343169378483,5.0
380,145,4.298608462208093,3.0
383,1584,3.0,4.0
393,74458,3.593059999920294,0.5
417,4306,4.593782776022234,5.0
448,2410,3.1442016240382764,3.0
462,8917,3.1338762518671293,4.5
467,2324,4.0,5.0
475,45722,4.532531099468729,4.5
480,1378,3.464020075415928,0.5
509,2161,3.251414172946156,3.0
520,68157,4.029046285377792,4.5
522,2329,4.01213016114709,4.5
534,1682,3.9642326422349923,5.0
555,1,3.9800339077726528,4.0
563,2572,3.521790705940684,3.5
567,2384,3.0,2.0
587,380,4.450006671927556,4.0
599,41566,3.0880275359833225,2.5
606,46,3.15375259819039,4.0
606,5991,3.3850936925133297,4.0
606,7121,3.820269793716156,4.0
608,3949,3.873710886623402,5.0
610,332,3.1622576492235335,3.0
610,7202,3.0,3.0
10,2571,3.221191603559832,0.5
19,2245,2.5323449589078035,3.0
32,694,3.1498833167017093,3.0
52,59369,4.542118597466847,4.0
62,56174,4.141612619810272,4.0
103,36,3.0,4.0
129,6711,3.907919408890942,4.0
167,1120,4.0,3.0
173,253,3.350973780389643,3.0
179,110,3.92943076412315,5.0
199,2908,3.7124532112455273,4.0
209,96079,4.433237039239873,4.0
217,2416,2.7636549890837543,3.0
219,2176,3.4487557103687547,3.5
232,76251,3.427544877665967,4.5
242,300,3.633150103208232,5.0
288,1266,3.4464425226430224,4.0
292,296,3.517093724267184,3.0
294,19,2.7219408390352373,2.0
308,56174,3.288952942853708,1.0
324,3864,3.0,4.0
332,1960,4.20213525387209,4.0
382,1219,4.853849633687392,5.0
382,2671,3.9474086222299136,3.5
383,2558,3.0,3.0
387,4477,2.2922350414201205,2.5
414,1240,3.9953373914028916,5.0
414,1620,2.6403913711772833,3.0
422,4207,1.0,2.0
424,223,3.466262914689476,3.5
452,527,4.597652016721111,5.0
457,34,3.546862810141663,2.0
469,898,4.094743110101508,4.0
474,3624,3.1159538760575285,3.5
474,6244,3.80921862652077,3.0
477,5618,4.160065111502465,4.0
504,4447,3.995500178601372,3.5
509,2059,3.0564686520507527,2.5
513,150,4.11047595489658,4.5
527,912,4.3708573462501015,4.0
555,1307,4.025647542967104,5.0
561,2355,3.306569266738285,3.0
567,88140,2.3041267410729684,1.5
567,122892,2.3346931348363578,2.0
577,1958,3.5549352518113833,3.0
599,2335,2.4226040224344842,1.5
599,2791,3.1591129608725517,3.5
599,122904,3.0840406144479897,3.5
604,62,3.3950442042110676,4.0
606,4901,3.1659749072489016,3.5
608,1479,3.182160533699428,3.0
18,69640,3.7144497680878246,4.0
19,653,2.4410359041282677,2.0
20,3159,4.5,5.0
22,6502,2.6285283132493675,1.5
23,1952,3.5137764982952486,3.0
24,68157,3.8212597562512305,3.0
42,4442,3.5964165959423697,1.0
64,2699,3.7981756839454066,3.5
64,5810,3.8112215253185364,4.0
74,2076,4.476118534165084,5.0
91,2,3.3949261401263633,3.0
93,2054,4.102625451558606,4.0
97,3578,4.496935657293932,4.0
227,8873,4.355151651267676,4.5
232,5152,3.3235181438117563,5.0
232,52712,3.0523114036716223,3.0
232,69122,3.724514185433441,4.0
249,114180,3.9959441775729485,4.0
275,1777,3.4970352700078773,2.0
285,1193,4.378048898792449,5.0
313,1080,3.217629904430728,1.0
326,27866,3.0,3.5
329,1292,4.0,5.0
391,10,3.5387274943488767,3.0
391,1092,4.032931571220043,3.0
405,2105,3.965842549772241,4.0
414,3701,3.117419911025073,2.5
415,1193,4.3559726187803784,5.0
449,4011,3.460159091596203,4.0
458,21,4.025144489077626,5.0
474,45,3.5386612179798043,4.0
489,7153,3.3871391517492806,4.0
490,87232,3.2639530626339157,3.5
495,115149,3.7629634768980873,4.5
580,1222,4.019737952880745,5.0
599,3385,2.3452311243529804,1.5
599,80219,2.6148023723754004,3.0
599,132362,3.0,3.5
603,3303,3.0,5.0
19,2857,2.712911877366859,3.0
19,3839,2.3629199450548932,1.0
45,733,4.14349428986693,4.0
57,1425,3.849040306805709,3.0
62,527,4.508197045731833,4.5
89,140711,2.8646172810852546,3.5
91,353,3.665646282292398,5.0
119,78469,4.21306013092145,3.5
125,79357,3.621682270611752,4.0
160,533,2.6530322058134126,3.0
169,4310,3.9097551641264143,4.5
219,4022,3.4367115628949914,3.5
232,1917,3.6807125061547157,4.5
233,115210,2.497500123917809,2.0
251,1225,4.966989153754088,5.0
274,110,3.7016561725373625,4.5
298,1753,2.211957401512138,2.0
298,7022,2.6916784882145457,3.0
307,1196,3.2205519290393587,3.0
307,55269,3.450070932702619,4.0
334,58105,3.5,3.5
352,106002,3.689931105759231,4.5
367,2797,4.350907680657493,5.0
387,1219,3.8060676009996905,4.5
387,2005,3.1887127680982843,2.5
432,2762,3.6703797720521925,4.0
438,2006,3.6177593735602813,3.5
444,410,3.463220646116341,4.0
448,616,3.372697846511881,4.0
448,4558,2.366012092174548,3.0
453,2959,4.196660969244401,5.0
474,1663,3.407262956583602,3.0
483,380,3.4466041115223587,4.0
561,380,3.7342299378580424,3.5
573,2720,3.8614281084661553,0.5
581,7147,4.42440604102552,3.5
587,2657,3.188303849687275,5.0
594,1188,1.4901245665338958,4.5
599,1333,3.448559846176358,3.0
599,2072,2.5015189001823117,2.0
599,4440,1.5,2.5
599,72395,2.2869354895398852,3.0
603,2956,2.814396746173327,4.0
608,4018,3.7419352576818596,4.0
10,119145,3.2302540379138436,1.0
15,5971,3.5000000000000004,2.0
15,6874,3.6301979783019838,3.0
21,2716,3.4475349000919002,3.5
23,3681,3.7306547359007505,3.5
41,91529,2.8667307609740225,1.0
50,1370,3.0908916989658333,3.0
55,186,3.0,0.5
63,1278,3.833749804920016,3.0
88,48516,4.575590585888244,4.0
90,791,3.0,4.0
143,101142,3.7973163248391466,4.0
182,5427,1.0,1.5
198,1250,4.027862104207511,5.0
219,2890,3.3676458737758908,3.0
226,8874,3.86115470920362,4.0
246,83613,4.1610823122265606,4.0
246,95167,4.318435599457666,4.0
249,91094,3.5922553915126283,4.0
284,104,3.9996065354854107,5.0
286,4973,4.128076108594531,5.0
292,115231,2.3317395848562423,2.5
298,2692,2.8035020313757815,3.0
313,2003,3.5222035886754215,4.0
313,2427,4.007909363596593,2.0
331,1213,3.6018165466800327,5.0
352,1779,3.771005765490115,4.0
355,933,4.0,5.0
356,441,4.028602939236079,4.5
365,3421,2.7042339271934828,3.0
368,1610,3.3387997559522518,5.0
368,2947,3.19975370616096,3.0
368,3519,3.0517070305253826,2.0
408,316,4.4559296913411535,3.5
414,3111,2.8879733162623644,4.0
424,1704,3.6598639376202353,4.0
434,74458,3.884221905268969,4.5
438,6265,3.038337337810601,3.5
462,2146,3.2608039040307886,0.5
462,2987,3.1721288207989216,2.5
474,5991,3.4837666055503753,4.0
480,7366,2.482912654673331,1.0
483,7293,3.5844009603672697,4.0
485,356,3.9954850308130636,5.0
489,54001,3.351577877273046,3.5
501,647,3.3869994061602124,4.0
505,1241,5.000000000000001,5.0
510,1304,3.375502548530401,3.0
510,4262,3.1979866086321067,3.5
520,1079,4.153187826610828,2.0
552,1729,3.4357906315301068,3.5
567,5971,2.2826685789006307,2.0
570,1216,3.0,3.5
590,2762,3.5995065179108385,3.5
597,1188,4.271446899934507,4.0
600,558,2.5097634790628573,2.0
600,8910,3.421052068563765,5.0
603,1860,4.0,2.0
8,110,3.821773334839396,3.0
21,74789,3.6607619633709283,2.5
49,1214,4.3423753356296,4.0
51,3681,4.4801258092451866,4.0
62,99114,4.249996357594482,5.0
68,4366,3.2824503027568186,3.0
125,67695,3.9806277302996373,5.0
177,58347,3.614340700686398,4.0
178,208,4.124163270290794,4.0
182,3113,3.3870569061165665,1.0
195,2186,3.5453528004415755,3.0
212,157296,3.0980037317074722,3.5
231,58559,3.8719546959723594,5.0
249,55577,2.863593646267426,2.5
280,31685,4.010680218598139,3.0
307,1490,2.688384384446553,1.0
307,52241,2.3411489566939387,4.0
331,7361,3.8871444195498777,4.0
341,1270,3.5979164719045325,3.5
357,915,4.005657916583794,3.0
410,3334,4.527106321496439,4.0
411,165,3.5642940521840347,3.0
423,435,3.0,4.5
474,3877,2.3219074620264544,2.0
474,4802,3.4997393437891993,3.0
477,1033,3.61522648411854,3.5
483,104076,3.566977377214473,3.5
534,55768,3.7752883304852434,3.5
573,8636,4.379750265007478,4.0
590,2951,3.6482825359503823,4.0
590,5989,3.514936875901857,3.5
606,3640,3.0,4.0
610,5954,3.789832807117692,5.0
610,46965,3.1964140151099767,2.0
19,1179,3.046343954378823,2.0
28,43396,2.9530236492271595,4.0
64,2355,3.718260504528056,4.0
80,51935,4.571022191519495,4.5
119,81229,4.205297936426316,4.5
133,349,2.95555748348471,2.0
153,2710,2.0178842775193067,0.5
219,34338,1.0,4.5
226,48780,3.903218533700559,4.0
230,3114,3.0087119787051515,3.0
234,1479,3.49581039942952,4.0
243,592,4.102060506937662,3.0
249,109578,3.728418845730763,3.5
288,765,1.0,2.0
288,1042,2.9959260391527285,3.0
313,1136,3.36408381136141,2.0
328,2406,3.559804758921295,3.0
339,69406,3.5,4.0
357,48780,4.068479614968272,4.5
380,8528,3.69142140209896,3.0
382,160980,5.0,4.0
389,95,4.012635516944857,4.0
409,1193,4.1296588005374,5.0
419,6213,3.8017597217913734,3.5
424,2174,3.661968360418986,4.5
432,1961,3.6978257088796287,4.5
446,231,3.1143970559602607,1.0
446,342,3.4106618424717574,3.0
448,1760,2.6641409113759638,1.0
475,4446,4.3840156021047,5.0
480,2353,3.2241603631563795,2.5
490,56367,3.3449417423596306,3.5
499,3727,3.0,5.0
524,912,3.9590609712090377,3.0
567,134246,3.0,0.5
599,1382,2.2878510793368823,2.0
600,1274,3.4794097826020427,3.5
605,4993,3.6379718570586386,5.0
606,4883,3.0,4.0
610,3717,3.6734998772177527,2.5
6,171,3.0,3.0
13,3827,3.0,4.0
19,2723,2.8795829406604514,5.0
20,6358,3.0,3.5
41,30707,3.383637229117018,4.0
61,2710,3.7771091987430756,3.5
62,33679,4.136797079336891,3.5
64,3996,3.8450905233084636,4.5
87,5618,4.329406448467798,5.0
91,2431,3.1696549034255765,2.0
95,2804,4.554061948476754,5.0
103,1025,4.173754823865889,4.0
104,6218,3.8776534948093437,4.0
141,56174,3.744823292492615,3.5
144,110,3.6233284307160796,4.5
153,8533,1.649677086924937,1.0
156,3022,3.79783398180022,5.0
167,8604,3.0,3.0
176,593,4.108601877848848,5.0
187,4720,3.714300381129841,4.5
191,720,3.0,5.0
195,4308,2.9622089253664527,2.0
232,59985,3.0,4.0
239,52973,4.033752085180476,3.5
255,1194,1.0,5.0
275,3360,4.290507737365651,4.0
292,3744,3.1698044860037093,2.0
298,5971,2.565888709130227,3.0
305,109374,3.714065164487345,5.0
307,7173,1.9536667995543902,3.5
323,112623,3.0,1.5
333,1193,2.0,5.0
387,4235,3.4207998349594413,4.5
408,1272,3.0,5.0
414,1991,3.2307010611788685,2.0
414,2836,2.7931811300470852,5.0
414,3148,3.3927625943660833,4.0
414,168326,3.0574199473040973,5.0
422,922,3.561563798205565,5.0
428,3624,1.9591907652817226,1.0
449,32,3.7765640252050257,4.0
480,8970,3.044470356619646,4.0
495,63131,3.451461592062624,3.5
509,6350,3.5514882800806324,3.5
520,1281,3.0,4.5
525,2018,3.4473822265299345,1.5
529,135,2.598468817942227,4.0
534,1831,3.7512833651819757,3.5
567,112911,1.4755031239602474,1.5
596,3717,3.28881807844263,2.5
597,2791,4.488019197728899,5.0
599,4619,2.079108271934658,1.5
606,1193,3.996740253970856,4.5
606,8254,3.0,4.0
608,3793,3.6080186004076618,4.0
18,74789,3.750072257538685,3.5
19,161,2.842610205869406,2.0
45,104,4.106713255444087,5.0
47,6870,2.871146304516065,3.5
62,67734,3.9419172023156555,4.0
66,2683,4.1426604316098725,4.5
95,6942,4.225290669087787,4.0
97,4161,4.0,5.0
103,2294,3.822893494440578,4.0
103,45722,3.808274719836399,4.0
111,5620,2.8250284322237946,3.0
111,133419,3.2761628456257643,3.5
122,60074,4.338151343251385,3.5
145,318,3.240044363807043,3.0
153,102125,1.4209296759573198,0.5
169,1923,4.4201163551678295,4.0
177,63062,3.2449793344296074,4.0
178,4973,4.378070901099955,5.0
183,589,4.1747195476484515,5.0
195,2987,3.64956780116812,1.0
200,45720,4.021100167905556,4.5
212,134130,3.6183384382498502,4.0
215,2478,3.627272368986635,2.5
219,3438,2.587933191845538,4.5
219,46850,3.0250241659119297,4.0
224,1210,4.638361792674106,2.0
230,53996,3.1317761601110146,5.0
233,57669,3.2028419786802846,3.0
235,224,3.9919365668090094,3.0
237,67255,3.0,3.0
272,5903,3.6842347647583886,4.0
307,344,2.8762424889839235,4.0
307,45662,2.1293673507608273,2.0
318,143355,3.755379149264622,3.5
330,1208,3.917188244838036,2.5
330,4034,3.6414135374074585,4.0
344,5010,2.458109704922387,2.0
357,2657,3.9654316193599524,3.0
367,2804,4.3523685477578,5.0
376,4896,4.0984078677555065,4.5
414,4745,2.776159049486757,4.0
424,4816,3.6476953850985576,3.0
448,700,2.6629950992780502,3.0
469,1374,3.6485437466839183,4.0
469,2001,3.538486136240721,3.0
469,3068,3.9686443351492118,5.0
492,765,4.49498810063946,5.0
493,1214,4.007693974371793,2.0
517,144352,3.0,0.5
527,2137,4.061192561296196,5.0
555,3016,3.784072230518751,4.0
561,4105,3.2013507909591636,3.5
570,1358,3.6313973399617865,3.0
571,1333,3.6621885696096843,4.0
599,70,3.44807671335266,3.5
599,145724,3.0,0.5
610,40148,3.781214588137797,3.0
610,79702,3.6738729916787856,4.0
610,93840,3.8507365325342815,5.0
18,3702,3.8315634160275813,3.5
19,2513,2.3186453837855225,1.0
22,37741,1.314506837782274,3.5
42,2407,3.925030280528832,4.0
68,3635,3.0360627195787115,4.0
68,56152,3.357200278818861,3.0
84,5,2.8466363594425728,3.0
91,520,3.264377683880078,3.5
97,2028,4.485516144210414,5.0
105,3997,3.5750417393284244,3.0
125,1270,3.8830935407448477,5.0
199,2150,3.9477313120216895,3.0
200,2571,4.029095439190343,5.0
219,1250,3.7463394885734007,4.5
220,2294,3.8436690935665303,2.5
232,37386,3.51002860092708,3.0
232,69784,3.4148243546223824,2.5
266,2947,4.16437899856983,5.0
274,485,3.295019492879063,2.0
287,1090,2.941806640238027,3.0
287,1373,2.065286301928655,0.5
288,4966,3.0,3.0
288,43460,3.2151424316818376,3.0
292,111,3.2809671706280072,2.0
316,520,3.0239985040552284,3.5
317,2329,4.148146455411955,5.0
352,55820,4.247052983440986,3.0
356,2797,3.98792872060439,4.0
356,52973,3.8878441987790864,3.5
357,91529,4.137653903819382,4.5
370,223,3.765747353443438,4.5
376,2012,4.0796908944426695,5.0
382,135143,3.758431025884753,4.0
405,55442,3.0,3.5
414,72011,3.767406451611494,4.5
428,3300,3.1042069927090536,3.0
434,2278,4.351816533913648,3.5
462,1196,3.1176676966462615,2.5
474,3361,3.0024278963346296,3.0
480,44197,3.0,3.0
489,832,2.4669491163472297,2.0
517,6539,2.3773542595869412,2.5
527,1810,3.0,4.0
553,2231,4.464833937747721,5.0
555,2532,3.430444662446141,5.0
563,58154,2.7762366899228272,3.5
572,161,4.056448877922693,3.0
599,1183,3.17594791361618,4.0
604,293,3.691432358515221,3.0
608,317,2.6168024415247064,3.0
608,1517,3.208398826888872,3.0
610,4011,4.156086410641442,4.5
1,457,4.371355181111298,5.0
7,4223,2.8953904750665584,2.0
18,344,3.5789320592470455,2.5
59,3204,3.0,5.0
68,3882,3.3846849314988496,4.5
74,1889,3.0,5.0
79,1345,5.0,3.0
84,1295,3.705339687832794,5.0
86,588,3.950100612062117,4.0
89,106540,2.9024366517546327,3.0
95,6979,4.16115714342333,4.0
99,253,4.195406861036828,4.0
105,8360,3.939263921482208,4.0
108,5812,3.981210025161257,5.0
109,588,3.2053597814795283,3.0
111,37384,3.534666236917111,5.0
122,91529,4.5367447467550495,4.0
132,1028,3.1715534033560706,4.0
140,349,3.74213885810795,4.0
140,5945,3.3645205071747224,3.0
149,1580,3.0206694882839793,2.0
202,1278,3.9926579175657446,4.0
203,59315,4.211713345449506,3.0
219,1704,3.5662402103330715,4.0
219,3535,3.5654690411599397,4.5
222,3868,3.4899766980164197,4.0
249,53972,3.895563775013235,4.0
263,8638,3.7566706107190817,4.5
268,587,2.6545958900347864,1.0
274,5528,3.1244144621526715,3.5
275,4384,3.0,3.0
288,1425,2.478706271637633,3.5
291,58559,4.357782608602684,5.0
292,805,4.5,4.0
298,30812,2.676160330080036,2.5
298,71205,1.543241889850063,1.5
298,109673,1.6726187392096952,0.5
307,5696,0.7911823295287569,2.0
312,4036,3.8042694423768144,4.0
326,1299,3.5632524733656994,4.5
337,41,5.0,3.0
363,168250,4.0,4.0
369,3868,3.2600694991159336,4.0
378,48780,3.8649428780283412,5.0
381,1240,3.5801826253187636,2.5
385,50,3.887711821981274,3.0
414,2406,3.8936534215786094,4.0
448,106330,2.698851432895699,2.0
470,595,3.6645983938305577,3.0
483,253,3.4345526349072446,3.5
489,374,2.3614357871978906,0.5
489,2959,3.443384544805558,4.5
523,122904,4.622066808303274,5.0
555,4040,3.0109568435386436,3.0
560,78772,3.192319886255038,0.5
584,317,4.2456218683729094,4.0
587,1172,4.316434654732507,5.0
587,2247,3.9470638412690495,3.0
594,1518,4.360614616037197,3.5
596,1,3.525231488996002,4.0
596,2687,3.987227311534823,4.0
597,1198,4.4640408601880806,5.0
1,50,4.397288000316086,5.0
27,1222,3.7183677851001637,1.0
28,2841,3.5219606790705136,2.5
42,1704,4.219484537778332,5.0
50,32659,3.0,2.5
73,151739,3.4149193346267825,2.5
80,48516,4.412683166999241,4.0
83,5418,3.513511455019287,0.5
98,59615,3.3799334831390078,1.5
111,123200,3.0,4.5
115,260,3.9485501456997043,5.0
119,52722,4.014618533126644,3.5
177,905,4.066146623782149,4.0
177,86880,3.4682019017945693,3.5
182,4300,4.5,4.0
211,2947,4.198965722689756,3.5
217,3549,2.682359068674743,3.0
235,344,3.719208683923971,2.0
240,1356,4.7895895858051,5.0
275,920,4.148242583573879,5.0
288,6786,3.068229936741659,4.0
294,2616,2.6705475800502247,1.0
298,5254,2.472525827713165,2.5
309,919,3.3717608274004656,4.5
372,1084,3.73235586704489,3.0
380,91974,3.44850497561203,4.0
410,1211,3.466852391869248,4.0
414,1194,3.7745387290695005,3.0
414,2723,3.7960130146568534,3.0
432,1246,3.6875789607015377,4.5
448,71248,1.834084807788114,3.0
455,593,3.5089630064757364,5.0
464,58025,3.8361029367585218,2.5
474,2757,3.0,3.5
504,5989,4.052134447369948,4.0
509,1015,3.101216660246199,3.0
514,3868,3.949927780099513,4.0
552,2571,3.8821892016306183,4.5
555,426,1.5176425576148542,3.0
560,5349,3.726919528327058,3.5
560,55442,3.0,4.0
562,590,4.232486904441065,2.5
566,7,4.114318442859131,4.0
567,95105,1.5121722067916896,2.5
599,1732,3.332474211124506,5.0
599,110541,3.0,2.5
601,141846,3.0,4.0
606,7720,3.0,4.0
15,2150,3.0,5.0
42,2404,3.3771267412467054,2.0
57,2858,3.982345010435793,5.0
66,1284,4.6988675975974035,5.0
68,3471,3.034821106751323,1.5
89,6550,3.347989876619358,4.0
91,58,2.521724524344738,2.0
103,90522,3.2761630866661107,4.0
125,75985,3.6024770201842986,4.5
162,590,4.127687303206527,4.0
166,3440,3.7886167145406593,3.0
179,1,3.4712030861203806,4.0
179,339,3.937830997930564,3.0
183,3062,3.843990170973864,4.0
195,1961,3.870754233223897,4.0
199,8638,3.4695045961343993,2.0
201,2724,3.9349858551918366,1.0
210,123553,3.0,1.0
213,48877,3.61793565661202,2.5
216,48,3.8121714460690295,2.0
217,1722,3.19562777496952,3.0
226,780,3.5485826714002306,3.0
232,3996,3.790990786279515,3.0
232,54256,3.2018588580910694,3.5
239,1089,4.109963538558128,5.0
239,2571,4.119022221612944,5.0
249,3623,3.9682076671302644,3.5
249,112623,3.770630458338212,4.5
260,4226,3.816707387001753,4.0
266,2490,3.1969960612265953,2.0
274,158,3.4473158029141326,3.5
279,63082,3.6400799028396262,3.0
284,367,3.8604008193640724,5.0
298,5989,2.8570990141593953,3.0
302,32,4.279560093615026,3.0
317,3897,4.053796498513451,3.0
318,67197,3.5081684935224318,3.0
334,30749,3.531044632098196,2.0
352,1206,4.26114227476668,3.5
357,5502,3.9304406745215434,3.5
410,2987,3.811409280447479,4.0
414,3461,3.07337761918995,3.0
425,2722,3.411051016786284,4.0
432,91658,3.7284256244333642,5.0
474,1018,3.6067196169870592,2.0
474,1042,3.5753219725032275,4.5
474,3751,3.8585709065898843,3.5
474,4462,3.0,2.0
483,135,3.043842662323506,3.5
483,72011,3.882786063047412,4.5
489,380,3.051255017487288,3.5
504,4027,3.8709336474914164,4.0
523,58559,4.729682383954893,5.0
559,110,3.3887029990978808,4.0
559,596,3.304008906583902,3.0
561,648,3.5595732454687044,3.0
572,1288,4.011852441176084,5.0
590,1073,3.5976841451791444,3.0
597,417,4.001790213120945,4.0
599,553,2.7123644055543936,2.5
603,2390,3.6623329701303255,4.0
603,2993,3.2401698039052684,3.0
603,3623,3.501032216127534,3.0
605,6958,2.8862182085374135,2.5
607,920,3.6810458791535905,2.0
15,1270,3.774728087571885,5.0
19,1994,3.0759225914471497,3.0
21,59315,3.45430868041529,4.0
59,2671,4.017407367632431,3.0
132,1,3.0452464464769324,2.0
132,1844,3.0,3.0
139,5313,2.0910450338916835,1.0
140,1608,3.6772042391014024,3.0
177,367,3.4116635405122864,3.0
199,858,3.4979854512198703,4.0
217,1686,2.4681947250834093,3.0
221,8529,3.80702163400362,3.0
222,1059,3.36929192742333,2.0
232,3409,3.181920475144837,3.0
232,3755,3.601354375559914,3.5
265,1573,3.5833130456845397,2.0
267,593,4.386869678346599,5.0
274,2002,3.1880034070885492,3.5
274,50794,3.2135015140661607,3.0
305,474,3.8834136906583763,4.0
305,4553,3.8244398126271992,3.5
307,5128,2.8622135889882596,2.0
318,47,3.7089441857564545,4.0
341,7293,4.0,4.0
343,260,4.300301132786534,3.0
361,4148,2.5894128002861048,3.0
380,1291,4.202955675431928,5.0
380,50601,1.926439207593356,3.0
385,485,3.2276660781646425,3.0
401,59315,3.4493894973164965,3.5
410,1276,4.3055522147504846,5.0
410,4019,3.8096450854873223,2.0
414,1953,3.9589592844543016,3.5
414,56367,3.974239781575754,4.0
438,48516,3.7009469773485812,4.5
462,2571,3.0647822193682495,0.5
462,2628,2.997132073151116,0.5
489,6593,2.786956275292891,3.0
490,4144,3.0,4.5
509,6807,3.5128991019102336,4.0
546,1673,2.503535515955424,5.0
577,1129,3.544576508056361,4.0
587,153,4.474027389578107,3.0
590,3703,3.674564210775168,3.0
603,2488,3.70372873753732,5.0
603,3204,3.603889622683425,4.0
608,455,1.6555779208768868,1.0
3,1124,3.0,0.5
18,377,3.805959510542456,2.5
27,3157,3.462052272455802,3.0
34,70,3.8038305819266593,3.5
44,605,3.0,1.0
57,3020,3.3134688546883813,4.0
62,260,4.315441631151629,4.5
63,2791,3.665071034592704,4.0
63,53972,3.5611354188532105,4.0
63,115617,3.856045289553006,5.0
68,1544,3.163952499277371,2.0
68,4054,3.311273390668198,3.5
68,4958,3.2817258493652326,3.0
73,96821,3.9902689640575404,4.0
89,1080,2.2932082264581606,1.0
91,539,2.59458657364425,2.5
94,231,3.2587013368538007,3.0
103,1089,4.215685814917313,4.5
103,4881,4.1777466865935695,5.0
104,1680,3.7464157865121632,4.0
124,175,3.0,4.0
136,315,3.418963615755335,3.0
177,780,3.5032103750707444,3.5
177,8718,1.0,4.0
182,47,3.642511919945937,4.0
195,778,3.7833047267894178,4.0
198,2455,3.468427722377744,4.0
202,507,4.514490698703608,4.0
210,147380,4.5,4.5
232,33145,2.8052898603160887,3.5
232,48774,3.7618097463159788,4.0
247,1089,3.905286695810084,4.0
249,1036,3.9997807540175154,4.0
275,1625,4.027846535793859,5.0
298,65642,2.0284375167444892,4.0
306,5784,3.0,4.0
307,5265,2.2740706255513876,2.5
312,1371,3.340791398146205,4.0
318,79134,3.5547350505069675,4.0
356,48774,3.948837838254385,5.0
357,1029,3.7860936217907635,4.0
387,924,3.6732490408648584,5.0
393,3826,3.5626074727741357,3.0
408,2273,4.277380272843281,4.0
414,191,2.5379501172592986,2.0
414,5285,3.0,4.0
418,2012,3.9884147512420123,3.5
425,1061,3.6030915128118997,4.5
448,4225,3.2182947108167306,4.0
474,3256,3.5005238701236343,3.0
474,8979,3.0,4.0
477,3977,3.816603659308949,0.5
483,35836,3.861816695203468,3.0
508,1409,3.0,2.0
509,4896,3.398066409371533,3.5
525,2087,3.4531200967529085,3.0
534,45672,3.6486304301922967,4.0
570,1246,3.6743992058688884,3.5
577,1036,3.8028262804433144,3.0
577,2476,3.2373564578992964,3.0
586,589,4.317344956766889,5.0
588,185,3.2657929947738844,1.0
594,39,4.484816217431615,4.5
599,3033,3.2250434317925616,4.0
599,41627,3.0,3.5
15,1198,3.854258649372478,4.0
50,5459,2.623836924648046,2.0
50,134515,3.0,3.0
64,1777,3.6889661518003405,4.0
68,81910,3.0,4.0
73,3911,3.872060360955438,3.5
90,1137,3.0,4.0
111,318,3.2927750975054684,4.5
152,77455,3.9218859450263737,4.0
160,1981,1.5800918474475665,1.0
167,1385,3.0,2.0
182,1370,3.187074774595498,3.5
195,3005,3.3981789453726656,4.0
199,4499,3.7316988018328843,4.5
201,780,4.462964141140939,4.0
226,1394,3.923729581188738,4.0
243,112,4.173831356514219,5.0
249,8665,3.792345473684058,4.0
255,1739,3.0,4.0
298,5218,2.723210823244408,2.0
318,1022,3.482126063886077,2.5
343,7173,3.0,2.5
353,122,4.0,3.0
368,2194,3.2732302173719527,3.0
380,49932,2.913629983139015,1.0
409,2492,3.0000000000000004,4.0
409,2779,4.034344920911665,3.0
414,3998,3.004038068007209,4.0
418,111,4.259767674613934,4.5
438,6711,3.6402551420941816,4.0
474,951,3.7103053907749066,4.5
474,4221,3.0084294511576535,2.0
543,33794,5.0,5.0
564,109372,3.4558666758729424,3.0
597,996,2.040556751796795,2.0
599,2154,2.079108271934657,2.0
5,590,3.2461122651363388,5.0
8,292,3.646378997372372,3.0
39,1408,2.8692420686063898,4.0
40,367,3.5742395510101868,4.0
42,788,3.4195669271919362,4.0
62,3948,4.204870642539969,4.0
68,2567,2.998830915494869,2.5
140,40583,3.296715844064506,4.0
163,1805,3.0,2.0
171,1225,4.759931819291843,4.0
177,1188,2.55509880934028,2.5
177,4388,3.0511016064454255,2.5
187,1258,3.734470215243122,4.5
216,3300,2.7847956301551613,4.0
226,5650,4.271943394510961,5.0
256,3300,3.9612909844583917,4.0
260,2122,3.689418438702065,3.5
275,2186,3.965476062113783,5.0
275,2761,4.142495339859067,5.0
288,2135,3.0,3.0
288,3108,3.4807323648034463,5.0
293,2421,2.546436305844212,3.0
296,2571,3.9371345744832604,4.5
298,608,3.3145159409120026,3.0
298,3868,3.0135580054708124,3.0
311,1208,2.285039305047169,2.5
313,3421,3.0020819694759417,1.0
318,109383,3.0,3.5
346,1572,4.031596624768427,2.5
350,7,2.874245931774679,3.0
360,1626,5.0,2.0
382,2279,2.2433545179611856,3.5
387,6530,3.7722176959922296,4.0
437,155,3.9722643029199594,4.0
483,4223,3.466234653993672,4.0
495,140715,3.9873415509167778,5.0
539,3745,2.0,3.5
552,25,3.265685769022337,3.0
555,3693,3.1263893779753524,3.0
573,1527,3.9895353397100353,4.5
573,5952,4.448923061744889,4.5
573,79132,4.560715284776242,5.0
580,4975,3.932740823887917,3.0
590,1127,3.581116482178732,3.5
596,73017,3.5429615077692564,3.5
603,82,3.7649559351221704,1.0
606,2081,3.5604650777439137,3.0
607,4015,3.0236160074038216,1.0
608,2676,3.1503748953522517,4.0
610,38061,3.6052777567448775,5.0
610,87876,2.997519111001643,2.5
7,356,3.5859987083312146,5.0
21,34162,3.458549110619073,3.0
24,5445,3.7256419535745136,3.0
42,1339,2.9636466005131017,3.0
68,2746,2.9718402685046055,3.0
80,4887,3.998427511669516,4.0
83,56367,3.510435876298156,3.5
104,6711,3.6727323368673597,3.0
122,4874,4.305345542139771,4.5
140,33660,3.7363329539963,4.0
156,1948,3.5379846542463316,3.0
156,5013,3.1498324314569834,4.5
160,1499,2.107997534081361,1.0
177,4558,3.3163376867334304,2.0
187,8582,4.114723182754395,4.5
195,3623,3.7461823420941402,3.0
266,1597,3.1047323539296485,2.0
288,1292,3.245705767354189,3.0
292,2763,3.512671841864363,3.0
298,88140,2.7839719504763063,3.0
332,7143,3.238116977170313,3.5
343,2329,4.293505562005512,4.0
361,356,3.1921261534258094,3.5
368,1589,2.6196505790085802,2.0
387,2142,2.5128077878949555,3.0
391,199,3.9206170263477453,4.0
414,6039,3.124571184212583,2.0
419,34048,3.943520901063022,3.5
425,46723,3.725547574773301,4.0
426,1035,4.097808770555498,5.0
448,2169,2.5435597706653987,3.0
452,4027,4.552934804587887,5.0
453,2542,4.261203325745366,5.0
474,3859,3.728095087067418,4.0
474,6881,3.278637552229554,4.5
476,377,3.8610751866753388,3.0
501,616,2.3667462341853436,3.0
510,1265,3.1437846054276193,4.0
534,112370,3.5,2.0
561,37727,2.832950302452181,2.0
590,19,3.247843294247315,2.0
599,237,2.0281422823625515,2.0
600,261,2.5418491340565077,3.0
600,4232,2.800670862646761,3.5
608,2021,3.479014310132753,3.5
62,56775,3.8954227490484916,3.5
63,1393,3.4486528508706997,3.5
64,231,3.769901220986328,4.5
81,344,2.881378899162356,1.0
82,6752,3.0,3.5
84,1300,3.9122754195275204,4.0
100,2804,3.7607709014498245,3.5
105,109487,3.993693554561396,4.0
110,909,3.9537107103919076,4.0
110,4881,4.369655786046258,4.0
111,8814,2.8160560026992534,3.0
125,48385,3.824640834741565,4.5
160,85,3.0,5.0
176,370,3.703457504012651,3.0
182,2976,3.530145134892445,4.0
200,6378,4.016484276944591,4.0
221,4128,3.814840187490596,3.5
221,34048,4.090005567544859,2.5
226,3481,3.721558374387894,4.0
232,34405,3.3856616421176233,3.5
266,1266,3.878332247938766,5.0
288,733,3.5212846535579976,3.0
288,1747,3.2401661498868224,2.5
298,6874,2.9495994357158533,4.0
304,1855,2.9199963085526925,3.0
308,8961,2.635550406890694,4.0
318,99114,3.6718765132829208,5.0
323,1196,3.349132654575294,4.5
332,1280,3.694607044785226,3.5
353,222,2.9704079254348352,1.0
385,1254,3.3632177370969205,4.0
387,26151,3.659406739341754,3.5
414,316,3.6196886765369607,3.0
414,4344,3.526711989174548,4.0
414,58047,2.9993976368347632,3.5
417,106782,4.3748194304101125,5.0
422,1213,3.4221412632201895,5.0
428,5989,2.888111223780981,3.0
438,1895,3.1497514523814782,2.5
448,2997,3.668293001416218,4.0
448,3950,3.0281811527127305,3.0
453,3578,3.997075043588009,5.0
469,3039,4.113586073822797,3.0
480,160,3.066365823961138,2.5
527,30,3.0,1.0
585,16,4.369545505738048,5.0
599,1722,2.9954138593202964,2.5
606,2470,3.6555907338092846,2.5
16,1186,3.9389537735447604,3.5
23,912,3.784736635865713,3.5
28,6867,2.80034122227235,4.0
51,3949,4.537982900818272,5.0
52,47099,4.294915765888445,4.0
63,480,3.5022753783620533,2.5
79,1218,4.49585900881928,5.0
122,70,4.800833774937898,4.5
131,50,3.5380810077700016,4.0
135,3102,3.0,3.0
160,196,2.521103122094051,1.0
200,1682,3.959622367673354,3.5
202,1393,4.034941631820617,3.0
220,50,4.374075574653448,5.0
222,104913,3.595434612081019,4.0
233,4973,3.691340005347877,4.0
233,4995,3.6113130268849956,3.5
249,1876,3.836582214540768,3.0
249,4018,3.862855731096038,3.5
255,4018,2.631533537972957,2.0
288,2124,3.2342872570204295,3.0
288,3690,2.461618445763298,1.0
294,700,1.9830526806008355,3.0
298,7323,2.9982112313952896,1.5
298,47122,1.120505360351651,0.5
318,27660,3.701706516632007,3.5
369,2011,3.4484229220486644,3.0
380,4896,4.003225504334159,3.0
380,71535,3.9893311944659424,3.0
387,1303,3.6600582978970584,3.5
408,3552,4.153592816997724,5.0
434,1193,4.239788716017335,4.5
437,527,4.1998762080757,5.0
445,1197,4.038536511318653,5.0
474,2612,3.0,4.0
477,1246,4.05496376143711,4.5
485,10,4.002707801773528,4.0
497,112183,4.430181116663119,5.0
517,33615,2.890514670799378,2.0
552,902,4.0,3.5
555,2367,3.4936322533235886,3.0
566,736,3.4152735024467913,4.0
593,1721,3.214324804310023,4.0
594,6006,3.0,5.0
599,3793,3.247513955495669,3.5
599,44849,3.0,2.5
600,4419,3.47204827711547,4.0
606,1542,3.6875033215439914,4.5
607,381,3.0,4.0
608,5597,2.0516269756247656,1.0
610,4899,3.0082524315816888,1.0
17,1732,4.343853311245651,5.0
20,2746,4.306190906292566,4.5
27,1387,3.8945396997669413,2.0
57,1676,3.4986367582442135,4.0
105,44022,3.809576336984992,4.0
111,6539,3.3064613749978338,3.0
111,60069,3.380344522243275,3.5
131,2028,3.5341797078493826,2.5
135,1370,3.6564090904603663,2.0
166,2542,4.261031846065338,3.5
182,1960,4.1756866189348445,4.0
182,4735,2.8676191508197646,0.5
219,344,3.299855304629478,4.0
219,455,3.37224513997067,2.5
226,46335,3.4855434121849997,2.5
274,68791,3.0570452378079884,2.5
291,122892,4.0,4.0
301,147,3.0,4.0
307,1324,1.15507416592225,0.5
310,2944,3.0,5.0
314,165,2.8221264227366145,2.0
318,1220,3.645963254331279,3.5
339,5810,4.09920171638889,3.0
378,68954,4.262494367901729,4.0
380,168252,3.886192702195855,5.0
387,3238,2.4865830349885374,1.5
425,2,3.464937577105483,3.0
432,85885,3.5,4.5
460,1097,4.374485386831631,3.5
474,1179,3.665767086320315,3.5
474,6289,3.0,3.5
474,6341,3.3820340498496195,3.5
477,810,1.8457132433765484,0.5
483,5628,3.7227375132274307,4.5
514,5103,3.918851492534699,3.5
525,4992,3.4819820341253327,2.0
541,362,3.236020931963522,5.0
549,589,3.491520381748958,3.0
555,2294,3.637026869465379,4.0
586,162606,4.753093720749777,4.0
590,852,3.8183658815199535,3.0
599,3735,3.239895569740248,3.0
599,33725,2.121367752452889,3.5
600,2160,3.632762674780498,3.5
601,170705,3.0,5.0
603,1391,3.225852259733606,5.0
603,3070,3.127488757828902,3.0
15,89745,3.425380810143975,2.0
28,456,3.0,2.0
42,1391,3.5468840429044914,2.0
50,5932,2.752004064647777,3.5
51,4267,3.8144049269012115,4.5
57,1376,3.7298691241992477,4.0
66,224,4.103589822773903,5.0
68,122904,3.8166060745971584,4.0
80,80363,4.144929450994525,4.0
97,593,4.427639637072418,5.0
105,59369,3.88687571638111,3.5
111,5528,3.087980648411167,3.0
112,19,3.564135544574601,4.0
154,106002,4.10319162314653,4.0
197,1909,3.018081284528724,4.0
210,88125,4.34862696346772,4.5
226,4979,4.018516776409148,4.0
243,172,3.9296277424504633,5.0
249,6595,3.495259497521595,3.5
253,44633,3.0,4.5
254,592,4.083841176597829,2.5
274,37386,3.0832475850146266,3.0
274,63082,3.6516218213914176,4.0
288,1213,3.578179157464728,4.0
307,53435,2.1634701720458778,0.5
332,7147,3.772092821140596,4.0
352,88125,4.049651701030244,4.0
352,103341,3.8275668783666807,2.0
353,344,3.609539292000895,5.0
380,457,4.302268140006507,4.0
380,4963,4.017749894112924,3.0
381,8644,3.5786448019407078,4.0
387,8512,3.0,3.5
405,541,4.1141620743064236,4.5
414,2244,2.566527750670991,1.0
438,3897,3.69754214825084,4.0
448,103755,3.0,2.5
453,2580,3.7358981851060156,5.0
474,1213,3.626230565044333,3.5
474,9018,3.614688479090153,4.0
498,104,4.130547819763552,5.0
500,440,2.4459106060525393,4.0
520,1200,4.11389494222088,5.0
534,134130,3.702014186941076,3.0
571,1322,1.3457985665397167,2.0
571,1325,2.317251116840973,2.0
591,3114,4.025519889456954,5.0
599,4155,2.088093969088596,2.5
599,6722,3.0,2.5
599,45969,3.0,2.5
605,4366,2.951947783641096,3.0
606,202,3.0,3.0
606,2819,3.809494609403309,4.0
607,366,3.0,5.0
18,5459,3.7059684209591426,2.5
32,628,3.134949672051798,3.0
51,1748,4.337477268744863,4.0
62,82461,3.966108888686409,2.0
62,136864,3.9987278356755698,4.0
80,50,4.384816266873654,4.5
111,3535,3.310251765406743,3.5
143,97921,2.908491333461904,3.0
169,5620,4.200058284310467,4.0
177,49649,2.789763677376601,1.0
188,913,4.4712171596367485,5.0
246,2692,4.138305760624238,3.0
247,1246,3.7806748185366073,3.0
253,2686,5.0,4.0
264,367,3.694749704221372,4.0
274,4954,2.90204661348199,4.0
277,637,3.41052170906115,3.0
305,858,4.278054186877717,5.0
305,56145,3.788181097753662,3.0
310,16,2.485774010584323,1.0
313,3740,3.4329820518554746,5.0
317,89864,3.9520765278349512,3.0
353,266,3.7317882462464174,3.0
369,2916,3.3731652790491284,3.0
414,2348,3.540147528140806,4.0
466,7438,3.760596066699289,3.5
467,41,3.0,4.0
469,2243,3.9377696692823942,4.0
474,971,3.460602768833658,3.5
474,3249,2.8070782838716335,3.0
474,4121,2.724915338638032,3.0
479,2011,3.416586453248733,2.0
489,1784,3.500083567147728,4.5
491,140110,4.116595195979961,4.0
495,87869,4.359639920425143,4.0
514,457,4.018221276489084,4.0
551,88129,3.941405117147296,4.0
580,5991,3.7253719730805486,2.0
586,54648,4.280656207496682,4.5
590,2657,3.3846218228344127,3.0
599,4623,2.512404369263914,2.5
599,103772,2.959388241599063,3.0
603,4713,1.8640025545336378,4.0
606,3241,4.0,4.0
610,77800,3.687706315836523,4.5
7,4246,3.4609469232802987,2.0
32,733,3.7673360884652674,4.0
38,110,3.085881542471828,5.0
58,47,4.080414164474715,5.0
68,379,2.8721074573270817,3.0
68,1882,3.1021679367691286,3.0
84,1258,3.9557497225854865,4.0
135,829,2.5940986460787547,3.0
147,2395,3.29549284226265,2.5
153,94959,2.0419065290939686,5.0
177,2427,2.190858537342964,2.0
202,474,3.941394437230616,3.0
217,248,2.4303540782532043,3.0
222,97168,3.010726109423645,2.5
233,6016,3.697080341946266,3.5
263,3168,3.966876611366633,3.0
265,1095,3.636707812092436,3.0
275,4246,3.9504390908431244,5.0
300,99114,4.34342616185526,3.5
307,455,2.303466418543567,0.5
307,6870,3.4876709584772922,3.0
325,4889,3.692249162607784,3.0
357,1394,3.8866739777083557,5.0
357,2081,3.7985242605562,5.0
414,2371,3.325065522076901,4.0
414,6288,3.6504729552654123,3.5
428,208,2.390612997496845,2.5
429,236,4.226924402211269,4.0
442,2145,1.5309077461819285,2.0
448,139385,3.236843616250196,3.5
462,260,3.099131434199828,4.0
474,3536,2.9975332833054344,4.5
477,4128,3.5192682813851985,0.5
484,4015,3.8341256585861436,4.5
520,1356,3.7047368437389836,5.0
522,62849,3.86316616276427,5.0
525,2005,3.615840499957901,3.5
555,3705,3.284402757473164,3.0
563,104906,3.2621067887506863,4.0
577,1396,3.13748792196276,4.0
602,39,3.6373501109374295,5.0
606,3033,3.706685597779088,4.0
610,858,4.340318618481308,5.0
6,412,3.3206740736797418,3.0
22,48780,2.391600225187962,4.0
27,1947,3.5919042866107405,5.0
28,65216,2.7050050955519898,3.5
52,260,4.542046815052117,4.0
62,60072,4.081108592521631,3.5
105,26903,4.209491983310999,4.0
105,32657,4.370760963667935,4.5
119,5064,4.295426924934983,4.5
135,1220,3.7130120661613213,4.0
156,2130,3.5433552386419773,5.0
177,49530,3.477499306857705,4.0
239,8961,4.0835647115207285,4.5
249,5630,3.8092281566427917,4.0
265,923,3.5558131095434775,4.0
275,17,4.017775803623807,5.0
275,4034,3.8374996287495797,5.0
284,500,3.794753822628449,5.0
292,2353,3.5454359855872966,4.0
298,97921,2.475041414226595,3.0
305,5445,3.996462342210181,3.5
306,88785,3.449784891685297,3.0
351,1721,3.9154529297417895,4.0
380,1198,4.307286679575279,5.0
380,6870,4.130586671312801,4.0
381,7454,3.3428212560144974,3.0
387,1021,2.4221349091328634,0.5
387,3477,2.1163368475011097,1.5
408,1036,4.426037285395511,4.0
414,47518,3.039636367390923,2.5
424,3821,3.4286956721269464,1.0
428,5900,1.8216971532003803,2.0
438,592,3.7622722176493504,4.0
444,288,3.991202191316226,3.0
446,585,3.0,3.0
448,480,3.5312698303485046,3.0
448,3526,3.344483394658769,4.0
474,3255,3.3770681318300877,3.5
477,1927,3.2393205382799333,4.0
480,6541,2.8611325024118766,1.0
490,2617,2.854734831354536,2.5
509,63859,3.2272008979686464,3.5
554,1097,4.427935330777065,5.0
566,442,3.2321393046341207,4.0
567,101362,1.9258438513208533,1.5
570,150,3.416620331979385,4.0
572,1704,4.087021412386264,5.0
596,4963,3.5336901352181784,3.5
603,1028,3.612849313491665,4.0
604,2,3.3752346274563014,5.0
608,34,2.989605347114371,3.5
610,66785,3.4886892816373085,3.5
4,1046,3.0,5.0
8,252,3.401300140643216,3.0
38,454,3.0610720753699088,4.0
42,4367,3.3249954829629975,3.0
50,175705,3.0,3.5
55,673,4.5,0.5
62,164179,4.074339730258314,4.0
63,5669,3.5297905107862393,5.0
64,307,3.6462540607367195,3.5
64,370,3.5733017596087984,2.0
68,648,3.2261154691341565,4.0
89,134004,3.0,5.0
99,165,4.039467405342844,5.0
122,4011,4.723708131484602,5.0
159,1,3.792989631804336,4.5
226,2011,3.804702007583648,4.0
239,53125,4.069218697520729,4.0
274,1304,3.473663119584536,4.0
274,5891,2.8568110723392834,3.0
284,296,3.9774216631323847,4.0
288,3608,3.385071360340084,3.5
308,56367,3.1031444064685476,5.0
317,8961,4.056003970350019,2.0
328,1544,3.334335869012563,1.0
339,78499,3.977054470686153,4.0
368,3702,2.786605104313923,3.0
412,904,4.518420487395709,5.0
414,2025,2.2962369659952717,4.0
414,5016,2.8527450453016105,4.0
428,2054,2.4556851256782646,0.5
447,350,3.8214025242037577,4.0
467,593,4.0,1.0
474,3793,3.7288381410245868,4.5
474,6565,3.376714301096013,3.5
484,3535,3.6933065312050886,3.5
495,89492,4.442120617678642,5.0
509,17,3.634233916271041,3.0
517,1136,2.6783212267713132,2.0
519,69406,3.0,3.0
522,47200,3.81373800210127,2.5
534,53972,3.6697879130183786,3.5
561,1544,3.3481235224532995,2.5
567,34150,2.4628577960811517,1.0
567,68954,2.6485963353478006,3.0
588,589,3.420167214520328,3.0
597,1291,4.338650707699595,5.0
597,2241,3.3447651121579325,5.0
599,1261,3.3933136324934674,3.0
603,2558,2.6973881820453904,1.0
603,4697,4.043781581337704,3.0
608,2042,2.4861496292143817,1.5
610,2000,4.309813348777928,5.0
4,348,3.5208827348474263,4.0
4,1103,4.1102310728673475,5.0
18,80489,3.772603471923227,4.0
19,107,2.501461274454223,2.0
62,173925,4.057666698290107,4.0
104,4641,3.5672209549579152,2.5
111,5942,3.562153516450844,3.0
132,1562,2.886962576010243,1.5
166,1580,4.159524212519424,4.0
182,482,2.87578589020428,4.0
199,1391,4.027526777438981,1.0
217,1405,2.0048152273164805,2.0
221,8044,4.112279528132656,4.5
226,1193,4.008464884241633,4.0
243,589,4.105644272138409,4.0
246,2585,3.0,4.5
280,45722,4.027377624736936,3.5
288,2146,3.0354904315304285,2.0
292,1573,3.285942114343074,2.0
307,1993,1.9026627682177164,2.5
318,5618,3.7550249556679924,4.5
318,27328,3.0,4.5
318,49347,4.0,5.0
318,72171,3.0,5.0
333,3646,1.0,2.0
339,5995,4.290181725890742,5.0
379,589,3.3191071485181074,4.0
380,2083,3.531252353255887,5.0
380,4814,3.5683235842529846,3.0
414,85510,3.50972392870311,4.0
425,468,3.0,3.5
428,3175,2.756798942167975,2.0
473,4878,4.2943804724557095,4.0
474,3809,3.375892677447302,3.0
474,5603,3.636093390103491,4.0
480,1198,3.8878278524880696,5.0
489,160,2.8071681128002206,1.0
509,87232,3.3802379340202675,3.5
525,81564,3.3906474209435062,3.5
544,1059,3.0,5.0
553,778,4.441440122921258,5.0
561,1198,3.8513986358279357,5.0
573,50068,3.9461955031415465,3.0
596,51077,3.934632968021988,3.0
600,3812,3.3846103481956673,4.0
610,45672,3.5687692409602896,3.0
18,37741,4.5,4.0
21,1148,2.881299043551398,3.0
51,6711,4.414474869227487,4.5
51,53953,4.335847368810818,3.5
59,1580,4.090500473285643,3.0
64,1288,3.9667882093734277,4.5
68,8983,3.2297271697131844,3.5
68,52287,3.1640380273186226,2.0
83,1250,3.5,3.0
105,30749,4.117960823942119,4.0
111,79091,3.446069819785766,3.5
138,1959,3.0,3.5
139,3825,1.8933205140004972,1.0
153,81456,3.0,3.0
169,1302,4.408760322752523,4.5
177,30707,3.3497767902513975,5.0
181,31,3.409896997988758,3.0
199,2804,3.439633371599234,4.0
200,6333,3.952854033354229,4.0
218,5349,3.3977635946700273,3.0
222,95720,2.828487911624366,2.5
238,4310,4.0,4.0
239,4878,4.172567895087563,4.0
249,168254,3.402913216585449,4.0
265,3269,3.130843284554116,3.0
274,1831,3.089655248793298,2.5
274,2402,3.2644260485206438,3.5
274,4148,3.3168234951606874,3.0
288,2944,3.354341525374712,3.0
290,2618,3.0,3.0
331,54997,3.039190766020755,5.0
352,3471,4.105032495442575,5.0
355,910,4.0,4.0
367,3466,2.0,5.0
368,185,3.1234599215769445,2.0
414,3703,4.036168523545768,4.0
424,48780,3.583643414283107,3.5
434,230,3.5,2.5
448,37211,3.0,3.0
462,5902,3.0648074731785004,3.5
474,3168,3.2610199757317164,3.5
483,4823,3.3497775534126597,3.5
514,2115,3.827848968511443,4.0
522,106100,3.839031271231322,0.5
555,1439,2.0,3.0
563,118900,3.0,3.5
572,2245,4.16925302054959,4.0
590,8665,3.1847978558112393,3.0
599,1252,3.727398013757748,3.5
599,6909,2.4781206708026073,2.5
606,1343,3.616831672730286,3.5
606,8464,3.767605037044711,4.0
608,2763,3.419217179390765,4.0
19,640,3.0,1.0
30,68358,4.874721267659183,5.0
32,852,3.4724790360060305,4.0
57,3686,3.1340162583086832,3.0
58,333,3.224741882019767,5.0
64,4886,3.8050565200764583,4.0
68,5445,3.2409849676358458,3.0
89,6650,3.3778192649519148,1.0
105,51255,3.936305404863596,3.5
109,514,3.0,3.0
123,91542,3.91931272823031,4.0
177,916,4.602280502322103,5.0
177,920,3.7127681758913553,3.5
182,2232,3.5792464155355677,4.5
186,3984,3.979774756729927,4.0
199,1097,3.4032347853500746,2.0
234,3438,3.192612938142383,3.0
244,3090,4.133143003538804,5.0
262,125,3.0,2.0
307,33004,3.2974684226961544,3.5
310,4963,3.6581112133285485,4.0
312,2746,4.070003070890539,4.0
318,714,3.6854011868980403,4.5
356,45499,3.954697431722611,3.0
368,260,3.382380989968985,4.0
380,33834,3.6721102233690246,5.0
380,104419,3.3532576148807625,4.0
385,592,3.5897727278706943,3.0
391,2568,2.0,2.0
434,2054,3.485760224089727,3.5
438,317,3.5761087175546633,3.5
447,383,4.27442483156229,5.0
448,3039,3.507737456973997,4.0
448,118354,3.0,3.0
452,70,4.58580677317992,4.0
453,5218,4.198697702825684,5.0
455,555,3.3111315489132784,3.0
457,2701,3.105679381248041,1.0
462,1292,3.5263457592960425,4.5
474,2106,3.084245602077923,3.0
524,1278,4.067845772949703,5.0
534,1387,4.115094607092668,4.5
534,98243,3.691444516849717,3.5
553,50,4.395379774924238,4.0
573,44665,4.0098663120865785,4.5
590,1266,3.7190394621731397,4.5
590,2409,3.3051233315724002,4.0
593,1210,3.2365871983572,4.5
599,380,3.1463084670702823,3.0
599,2761,3.4465266262069387,3.0
600,1327,2.8522576788803327,2.0
606,6564,3.109655093658318,2.0
608,216,2.7634430437635222,2.5
1,923,4.621693667047357,5.0
20,720,3.715992521094226,5.0
21,63859,3.565801032394781,3.5
28,1221,3.385901818853171,4.0
33,2357,4.5,5.0
62,50804,3.817109389887039,5.0
89,130452,3.0,4.0
95,25,3.0,5.0
96,3819,3.0,3.0
125,4848,3.847066055615342,4.5
132,308,3.2265935058378097,2.0
167,38038,4.055869405793784,5.0
190,527,4.054652337608998,5.0
210,153,2.691369120035984,3.5
234,317,3.6650802078788667,5.0
249,5903,3.7697871200485937,4.5
253,4973,4.586151507437697,5.0
262,17,2.695993848787878,3.0
275,908,4.232592447681856,5.0
279,593,3.8313324553665584,4.0
282,2375,4.155285734044832,5.0
287,1784,2.88441858392489,2.5
298,91658,2.9457448615036603,2.0
307,1120,3.2153632128198755,3.0
322,2788,2.646645952032886,3.5
328,1288,3.921733941120097,3.0
372,1097,3.905027388308678,4.0
377,3363,4.137782267345495,5.0
380,78469,3.339403038129085,4.0
391,4308,4.041097725313913,3.0
395,440,4.055070067001058,3.0
414,4141,2.947939319972394,3.0
420,1131,4.0,4.0
434,1036,3.925116911029607,4.5
460,40815,4.263405893097918,4.0
468,208,3.2983359781171777,3.0
476,239,3.0,3.0
489,79299,3.0,3.0
497,48394,3.334477087711447,2.0
514,44,3.548680661607459,2.5
517,1282,3.010920571508428,5.0
517,91094,1.2388910265359627,1.0
533,46578,4.256295619590345,3.5
561,1552,3.7386996029274573,2.5
561,2413,3.6670816749975277,4.0
573,48304,4.3890822977281685,4.0
587,2779,3.84653588775568,4.0
594,160,4.314564143023343,5.0
599,2799,2.26270048886455,1.0
606,431,4.044531760856714,4.0
10,3882,3.3953364724036432,3.0
10,5943,3.2024744974104893,3.0
18,46965,3.436059962986095,1.0
19,1665,2.279863245252867,1.0
50,903,3.78075974527432,4.0
51,2826,2.947292037446764,3.5
57,10,3.368159277289892,3.0
66,589,4.074699098126221,4.0
68,61024,3.4307022561093383,3.0
76,923,3.639888369139658,1.5
84,515,3.3623060240094382,4.0
91,3810,2.7931146482182854,3.0
95,1175,4.644504246123678,5.0
104,27706,3.6454591138179886,2.5
117,292,3.4091015830917355,4.0
124,8641,4.316055133986477,3.5
139,81564,1.8223330840324397,2.0
151,1073,3.623934798936257,4.0
156,1251,3.7862012364944087,5.0
156,1414,3.1363591665626953,3.0
173,587,3.4272297902281825,3.0
182,3326,2.6206798334075336,2.5
182,6679,3.0,4.0
184,103042,3.892537539435759,3.0
184,136562,4.493010436765668,5.0
195,4022,3.8590491204740545,3.0
198,2571,3.8033952172817664,5.0
232,3536,3.143234193009858,3.5
233,2296,3.0,2.0
246,838,4.621769506331145,4.0
249,96610,4.142909169390347,5.0
268,41,3.0,4.0
270,17,3.6748678331327826,4.0
274,43921,2.847210653278894,4.0
285,6787,3.6651636310406945,4.0
288,2947,3.4443544265028345,4.0
304,261,3.9311217162635548,4.0
331,88129,3.358710190356451,5.0
338,2959,3.9782524896653864,4.5
352,68791,3.25527247016689,3.5
379,185,3.3085574217356437,4.0
391,2012,3.678199251924001,3.0
407,58559,4.063364287050807,5.0
414,661,3.0308692643976483,4.0
414,1920,3.1623657927985644,3.0
414,117529,3.6581692808055335,3.5
514,179401,2.8068601885889906,4.0
527,4289,3.0,1.0
555,150,4.064805638851174,4.0
583,356,3.3538968317170226,4.0
590,4571,3.4787031084789235,3.0
590,4623,2.9901421163874753,4.0
600,8981,3.019401095359944,3.5
603,1219,3.833683206986974,5.0
603,1533,3.8663029574899332,4.0
603,2802,3.083735798149478,3.0
606,4428,3.683557609429626,2.5
606,7361,3.9057154075256655,4.0
608,88,2.818801235874176,2.5
1,2858,4.366969020399424,5.0
21,86068,3.0,0.5
23,1237,3.6745251403445143,4.0
45,2605,3.976752150327705,2.0
62,81845,4.294404401008743,5.0
103,1732,4.132298563913815,5.0
105,116411,3.0,4.5
119,4776,4.324177641599234,4.0
135,593,3.9832673238203524,5.0
135,1769,3.0763708565926486,2.0
140,2948,3.9221946478170002,3.0
144,7153,3.8845512730061817,4.5
155,260,3.8269754415004225,4.0
156,5060,3.6720284071652056,4.0
156,5788,3.452497595775994,4.5
160,242,3.2577664102119557,2.0
182,1566,2.9419529271812306,1.0
194,1500,3.5083736994028203,3.5
212,4306,3.480870054177943,4.0
225,1970,3.0,4.0
232,1923,3.7492212780312246,3.0
232,53519,3.3864487302019555,3.5
288,2795,3.5547267103763556,3.0
298,5363,1.9358066084794365,2.0
298,82852,1.913236444272665,0.5
311,6561,3.0,3.0
322,44191,3.5450665051498755,3.0
339,1221,4.233067602963941,4.5
383,2436,3.0,5.0
396,50,3.900048555111164,4.0
414,612,2.676687890369036,2.0
424,4262,3.6705481611093793,3.5
477,6350,4.341875479878703,4.5
480,2916,3.6348700611982907,2.5
501,73,4.0,2.0
522,1704,3.892460692763844,4.5
537,72998,4.186305738235907,5.0
540,1196,4.489495817104688,5.0
542,33004,3.5461327623237118,4.0
563,78772,2.9590699123725215,3.0
583,2541,3.0,3.5
584,203,3.0,5.0
584,204,4.559429963005213,4.0
596,1610,3.5410351860932607,3.5
602,171,3.0,3.0
610,71379,2.887953504861139,3.0
4,450,1.0,2.0
19,1409,2.5820064072158044,3.0
20,3114,3.719895917318613,5.0
20,4246,3.8856073475914066,5.0
20,4369,3.323346880013075,2.0
41,8874,3.2710363398077487,2.0
45,3269,3.532669662639706,3.0
45,33145,3.0,4.0
63,356,3.539013281260269,3.5
64,111,4.108592581067077,4.0
68,44195,3.4289712332881335,5.0
68,63082,3.7601806683831605,4.5
76,158,1.191390911232691,0.5
91,1974,3.9846374074589392,4.0
95,5378,4.356234107717886,4.0
111,112556,3.6959749014726135,4.0
115,364,3.8086229207447984,4.0
156,2616,3.4482636728652154,1.0
160,2456,2.6631590994583583,2.0
177,223,3.416524252511717,2.5
181,368,3.205039635161821,3.0
202,1212,4.3635856217633355,4.0
216,3972,3.6881107977110106,5.0
217,1615,2.2912550921978703,2.0
226,4489,3.91649920141305,4.0
268,1101,3.2092950691969153,2.0
274,648,3.5806891857172976,3.5
301,50,3.537315944845598,4.5
305,68554,3.3490726115534857,3.0
346,8638,3.807229993358706,4.0
380,6242,3.7014559737702353,3.0
380,69306,3.0105829119661784,3.0
380,79008,3.2405317933326128,4.0
387,4963,3.4896535190060676,3.5
409,2581,3.2900320796765454,2.0
414,4776,3.910140981292528,4.0
414,34332,3.302135128440293,3.0
414,58998,3.716013597053894,3.5
448,119145,2.9635938770933623,3.5
454,1341,3.0,4.5
469,3418,3.738144518065111,4.0
474,5380,3.878899069024095,3.0
480,8907,2.392528541085236,3.0
522,67255,3.9149903100477976,4.0
567,1198,2.563256294006559,2.5
580,2105,3.7451292264877805,3.5
583,593,3.40974324486558,2.5
596,7260,3.0,3.5
596,38061,3.378036137355346,4.5
599,4901,2.6953863821212116,2.5
599,7041,3.0,2.5
603,1343,3.8161040997967173,4.0
606,1672,2.1769976268879874,3.0
610,7439,3.223802087057326,3.0
610,8810,3.149247900983433,2.5
610,64010,3.0,3.5
1,661,4.135098975569327,5.0
1,1206,4.440229084550052,5.0
23,1274,3.748319016489884,4.0
38,329,3.0588868936489266,3.0
42,3256,4.148810054218698,4.0
50,138208,1.6474748258045369,2.5
62,41569,4.148876324358522,4.0
64,4002,3.49185342556615,4.5
68,2542,3.37114471085028,1.0
71,733,3.6445923265356033,3.0
73,48385,3.9702137355740894,3.0
88,1358,4.644278306070949,4.0
101,3179,3.0,3.0
125,33794,3.7397597980151667,4.0
132,247,2.6583441982871014,3.0
141,47,3.494045335029011,3.0
143,60069,3.091154009971372,2.0
177,34048,3.2868472844472842,3.0
182,4307,3.0,4.5
183,1210,4.103059002345943,4.0
199,457,3.417608390991333,4.0
200,2599,3.9096410915928943,3.0
226,6625,2.933791134497663,4.0
227,67255,4.1772849782180534,4.0
260,1357,4.004016039686899,4.5
274,3300,3.4504471116860937,3.5
294,2023,3.2867906423181226,3.0
298,3949,3.1064939246039067,2.5
304,2571,4.289066263373108,4.0
316,3968,2.9938328835739063,2.5
318,109487,3.6938779618615123,5.0
318,133802,3.937073857485634,4.5
346,2858,3.6247998517539246,4.5
357,1,3.851085899600117,5.0
410,1125,4.0,4.0
422,2598,3.0,3.0
428,2232,3.6174328419150887,4.0
436,293,3.3923125196538337,3.0
438,3156,2.978207356974498,4.0
459,74458,5.0,4.5
462,345,3.718364089840551,1.0
474,2064,3.5906648667114514,4.0
480,8376,3.28550766371899,4.0
482,6566,2.088314650261555,3.5
483,799,3.38430586815426,4.0
488,6385,4.643126762227479,5.0
495,344,3.949407809022929,4.5
509,3785,3.271938095430575,3.0
534,33669,4.0,4.0
538,588,4.540109580862799,5.0
567,26052,2.4814694444652017,1.5
590,368,3.5747504115676074,3.0
594,1784,4.375696311085361,3.0
599,5308,2.778503511775182,3.5
599,104841,3.2193623720645244,3.0
599,112552,3.5167822850994144,3.0
600,3466,2.3621412668950375,2.5
608,39,2.603755570172979,3.0
610,26169,3.0,5.0
6,240,4.0,3.0
21,5219,3.2766783305429366,3.0
23,2730,3.41559249978799,2.0
24,2134,3.6948629019311445,3.0
50,608,3.2323712992233773,4.0
51,2279,2.9498268760460244,1.5
64,2694,3.6557800276394556,3.0
68,3785,3.372044603033994,4.0
68,4973,3.4746752045820886,2.0
80,53129,5.0,4.5
89,4023,2.0,3.0
89,95167,3.437526258868058,1.5
91,112,2.9182095806642576,3.0
100,4014,4.253084444038656,3.0
105,98809,3.93543533564468,4.0
105,117176,3.997234454253429,4.0
111,91529,3.037130355457373,3.5
116,1597,4.003245734131613,4.0
132,8638,2.8477419930363497,4.0
142,225,3.738527507384169,4.0
177,2194,3.4516452506489586,2.5
220,2329,4.422449007260277,5.0
232,6057,3.0,2.0
263,3753,3.8017805930006405,4.0
267,2861,3.0,2.0
317,91535,3.554703422305326,3.0
331,6711,3.8365623944143374,5.0
340,150,4.106754940879819,5.0
382,56775,3.7582166630786813,3.0
391,858,3.9002021674856815,5.0
398,7022,3.7046873585165834,4.0
405,69134,3.787808319182007,4.0
414,4714,2.923110083941907,2.0
418,59369,3.2311188578501877,0.5
425,1792,3.40241422172164,4.0
448,94070,3.339376739354829,2.5
450,1997,4.2206168878395625,4.0
453,3114,3.930157592955546,5.0
473,7361,4.31818170135722,5.0
474,2174,3.583043150598911,3.0
474,5177,3.8855926355460944,3.0
477,27904,4.111426539607091,4.0
484,4239,3.9192954885395648,4.5
489,6615,2.3417550872490644,1.0
489,45732,2.9937630267372746,1.0
534,86332,3.7121305746002817,3.5
551,33679,3.458010465645269,4.0
560,52579,4.0,3.0
594,2001,4.142931519558959,4.5
600,1476,2.6367205313340625,1.5
600,5171,2.738898680886079,1.5
601,3000,4.5625410757215255,4.0
603,2431,2.5049670701169453,1.0
607,1270,3.8919208982538724,3.0
610,4022,4.042021886579951,3.5
610,27746,3.0,3.0
610,74370,3.0,4.0
45,2094,4.041265052399585,3.0
50,103335,1.6748675433950344,1.5
68,480,3.267696175657123,3.5
70,1968,3.961493887318521,4.0
74,55444,3.0,5.0
84,34,3.816290295723615,4.0
89,174681,3.0,3.5
105,1214,4.084399413271821,4.0
111,2541,3.4260203648350878,4.0
117,261,3.399040828385176,3.0
119,86882,4.318547696787999,3.5
122,134368,4.462902298247739,3.5
124,1405,2.782523208451164,4.0
150,784,3.3934081386427026,3.0
177,1288,3.509932726432572,3.5
181,236,3.5136934794130403,4.0
191,318,3.223880434408809,4.0
191,581,5.0,5.0
200,6373,3.9100691144216846,4.0
219,95,2.9942117194400772,1.5
219,786,2.6742948907672717,3.0
220,8961,4.378915971431723,4.5
249,1923,4.031467280173788,3.5
249,93563,3.3466584528102596,3.0
265,3527,3.533140181531952,3.0
274,1197,3.6205791585402696,4.0
280,81845,4.094881313238246,4.0
282,3114,4.0981047189141755,4.5
298,115713,2.132086502248883,2.5
303,1080,3.7261135657560214,1.0
346,247,3.1555031898065056,4.0
380,32456,3.167786492310328,4.0
382,135137,2.174946319678215,2.0
387,8807,3.101034979281042,3.5
390,6344,3.0,3.5
410,3161,4.0,4.0
413,1221,4.671953310578512,4.5
414,3639,3.650536634291493,3.0
414,5325,3.917262044011874,4.0
414,7445,3.4886143277342745,2.0
453,47,4.175065260989132,5.0
480,741,3.446346504108307,3.5
483,3481,3.5768584270315893,3.5
483,88125,4.097704924135044,4.5
489,7155,2.9999999999999996,1.0
512,296,3.968780072096917,5.0
521,86,3.2606879294878643,4.0
534,344,4.0356793536932365,3.5
554,2087,4.091739058826751,4.0
555,1259,4.178198393009243,5.0
556,63992,3.0,2.5
561,6537,3.0840411567349566,3.0
562,100306,3.0,3.5
586,339,4.255315316341701,4.0
599,3257,2.6135924189839015,2.0
599,6734,2.64886229342982,2.0
606,5975,3.0,3.5
608,648,3.3356338268983627,3.5
610,8368,4.0511529309507015,4.5
610,26612,3.923352858721549,5.0
610,61240,3.91267258691737,5.0
68,70,3.1295072334482623,4.0
68,3259,3.1957945748162153,2.5
68,3444,3.018618700324491,4.0
68,5620,3.9736217943616023,3.5
126,34,3.3484622564717768,3.0
159,296,3.329385411866379,0.5
171,720,4.155303325994169,5.0
177,44022,3.1291014880812766,2.5
177,89745,3.650078010755585,4.0
187,260,3.504527870598591,4.0
187,6283,3.5367071040664335,3.5
191,94,4.47637881410112,4.0
222,4816,3.437207942083983,4.5
230,597,2.5995253858399865,4.0
247,59315,3.8310595133679386,2.0
256,7361,3.9476135715095113,5.0
256,95441,4.057374476253119,3.5
258,76093,4.101235811442655,4.5
282,5349,4.136478237112783,4.0
292,3578,3.5485691490203286,3.0
305,500,4.009992209441054,3.0
327,3481,4.0,5.0
356,4034,3.9991912052579983,4.0
377,32,4.040832396571038,4.5
381,49274,3.7687077924109587,4.0
401,72737,3.05292940314349,3.5
414,54,2.57338343639825,1.0
414,52973,3.7257938362540375,4.0
418,4246,4.140323494933277,0.5
427,5081,2.4139453783701326,4.0
452,2706,4.545401387878544,5.0
469,2949,3.5390008801922295,3.0
474,31116,3.585661263766543,4.0
474,46530,3.5290132295983896,2.5
483,551,3.667070462181282,4.0
483,708,3.2395978731987274,3.5
488,3176,4.450632532162589,2.0
561,4011,3.677271333473168,4.5
572,260,4.152937149899538,5.0
596,2791,3.4946720747460676,3.5
597,1285,4.457494145847169,5.0
599,7986,3.0,1.0
603,345,3.8706445616153533,3.0
603,1409,2.7295526861720654,3.0
603,3181,3.7868825555010956,4.0
608,31,2.478712526024994,3.0
4,3079,3.930979369456261,3.0
19,104,2.843682988261727,2.0
19,2078,2.8449278208643602,2.0
21,4545,4.092357752836769,4.0
42,296,3.978901851133645,5.0
52,63113,4.544280894792841,4.0
62,6333,4.233573528993744,3.0
68,8371,3.4641760085685047,2.5
68,40629,3.925674969811081,4.0
89,126577,3.0,4.0
99,145,3.869653558536432,4.0
122,48780,4.642762614581173,5.0
125,2918,3.812419146779093,4.0
137,1237,4.004962139415671,4.5
153,99114,2.3359327115584017,1.0
156,1965,3.148744913871194,4.0
182,3967,3.57576603166574,4.5
226,1025,3.2793315939223824,4.0
226,7154,3.465198946874577,3.0
239,163,4.029516472619371,4.5
246,60937,4.247493321281142,2.0
256,4254,4.0,3.5
263,2028,3.8416252952144734,4.0
279,2502,3.784518510322262,4.0
288,2533,2.889161463041781,2.0
288,30825,3.4889501204779645,3.5
290,296,4.400157136752466,5.0
290,2919,3.8626250051757864,4.0
301,34162,3.4988556410285994,2.5
307,40815,2.9299979520558517,3.5
348,5669,4.970584827148591,4.0
357,2716,3.9875045285600064,4.0
367,3189,4.091047494795722,4.0
382,50,4.699137822742,5.0
387,2159,2.623395868232475,3.5
387,46772,3.0,2.5
411,170,2.816072642935559,3.0
414,5630,3.5468151055619743,3.0
417,109487,4.342507692608059,3.5
420,6287,3.641838210072972,3.5
424,107348,4.0,3.0
428,589,2.7938531007571132,2.5
448,1722,3.288561018519431,4.0
453,300,4.345077940602749,5.0
462,1233,3.8633003683896345,4.0
466,73017,3.8282849387494107,4.5
474,33639,3.663541105481451,3.5
483,236,3.2303397605808972,4.0
489,33615,2.7439961763816476,4.0
504,4979,3.844270038000184,4.0
523,6350,4.87826497449114,4.0
543,165,4.73229942819748,5.0
553,6055,3.0,3.5
555,500,3.756762103261828,4.0
572,3093,3.285277923404095,5.0
584,500,3.5577237194741285,5.0
597,2396,4.330900552462586,5.0
599,1028,3.206860721346253,2.5
599,1253,2.816584727163931,3.5
599,3981,2.75065307338551,1.5
600,539,2.630352371763247,2.0
603,994,4.0451800290684865,5.0
608,724,2.6553494862903646,3.0
608,2683,3.244508971196088,3.0
18,2291,3.8939961652683786,4.0
20,1688,3.987872371267847,4.5
27,1196,3.8192328224990697,4.0
28,4022,3.1278606644442966,3.5
28,6502,3.178071814688131,3.0
62,1270,4.2721956615101915,4.5
62,73017,4.206912042036585,5.0
64,8981,3.509650218541775,4.0
68,4343,3.3397619641427125,3.5
68,53464,3.434192741199017,3.0
76,33004,2.9869935543613813,4.0
103,4002,3.8245718883749436,4.5
105,106100,4.115480761167544,4.5
125,99114,3.8471400262235025,4.0
141,1704,3.497086892303959,3.5
141,58559,3.5694815151046653,5.0
156,3028,4.075296286103968,3.0
160,2467,3.8060439504117163,3.0
167,110,3.524120847566273,3.5
177,7381,3.2095226483340973,2.0
223,58559,3.601063502118219,4.5
227,106782,4.268580144620204,5.0
230,2321,2.5950723925728734,4.0
231,2858,3.8639190817181785,4.0
232,8361,3.4969271101504846,3.5
232,71282,3.3117768706456467,3.0
233,6863,3.538429942005886,2.5
249,44195,4.035173913823692,4.0
265,253,3.7139816619673316,3.0
274,6687,2.543284271653773,2.0
282,91529,4.265100382669292,4.0
288,2013,2.905057785117135,3.0
294,440,2.82045861335379,3.0
294,3235,1.845032495176318,5.0
298,102993,1.1116827332741575,3.0
318,124853,3.0,4.0
325,1391,3.143254786660501,4.0
331,8783,2.8848575720013936,2.0
365,59315,2.845990711858114,3.5
380,4018,3.7882360914124495,3.0
382,2019,3.8920554974947765,5.0
437,450,3.0,4.0
448,1291,3.5611658640055293,4.0
448,2539,3.7263817381275075,3.0
474,5064,3.5469844692608294,4.0
474,8645,3.3865915461070637,4.0
474,45666,3.551433022076662,3.5
480,5103,3.6302758141529896,2.0
558,4164,5.0,3.0
575,1259,4.550838050327231,5.0
589,376,3.3222852139870493,5.0
610,79057,3.550597075933846,3.5
37,590,4.052370148232668,4.0
46,435,3.9856636849734826,3.0
75,1266,2.5927770296786123,4.0
79,1374,4.223337811358423,4.0
95,6893,3.4654742015709936,4.0
103,3735,4.69808112857161,5.0
104,4993,3.5846978332430646,3.0
105,6541,3.745497591634873,3.0
159,2959,3.1686622716682975,3.0
161,2140,3.9949441979996814,3.0
177,6888,3.0482990936422483,2.5
220,541,4.434410194944796,2.0
234,2193,3.0896607815620603,3.0
280,364,3.8951925034813217,4.5
288,56339,3.096782254219561,3.5
298,7150,1.9903721710874305,1.0
306,59258,3.51289671383352,3.0
307,147,2.861673195281946,2.0
321,367,3.6055849140688885,4.0
325,2987,3.686490368305877,3.0
336,296,4.506363449944293,5.0
354,49274,3.0,0.5
371,56715,3.0,5.0
414,3360,3.9959179694585254,5.0
414,53468,3.0837368432160277,2.5
422,2804,3.8475177579908926,4.0
434,588,3.764927373333762,4.0
448,91688,3.0,1.5
457,329,2.9190736910603854,4.0
480,7448,2.4069273857300724,2.5
483,3257,3.393403509306842,2.5
516,1090,3.7219541654758355,3.0
534,8961,3.9230374841471876,4.0
546,3942,3.0,5.0
555,293,4.173737464263776,5.0
590,8965,2.4829744515965655,3.0
594,8620,3.0,0.5
599,2334,2.648224793126481,2.5
599,9010,2.778952580258635,3.0
603,1994,3.5427090056408437,4.0
604,261,3.4836479235399285,4.0
606,930,4.1168235208528845,4.5
606,2318,3.89488483391243,4.0
610,3285,3.5662067512659967,3.5
7,5445,3.276261058171789,4.0
10,7375,3.1569929519620965,4.0
21,1573,3.1170876425468874,2.5
24,4995,3.9032173656415607,3.5
27,1015,3.6520677505183814,4.0
28,1459,2.0,2.5
38,586,3.086363698732533,3.0
67,4993,3.731571964367723,2.0
73,123947,2.976886774965696,2.5
74,5341,4.2286182162878,4.0
96,1221,4.12347000167463,4.0
104,1220,3.5964895434348443,4.0
111,40815,3.147486692509334,4.0
125,107630,3.0,4.5
132,3262,2.73434327462881,2.5
226,6287,3.422954519278257,2.5
229,10,3.7671143957784925,4.0
286,5218,4.006844104501465,5.0
304,1682,4.253140521927267,4.0
309,1276,3.740241925313452,4.0
318,3683,4.028471278211561,4.5
334,8360,3.50032174607581,3.5
338,593,4.225881842579002,4.0
368,653,2.596430146307303,3.0
385,671,3.3514157108257407,3.0
408,520,4.214351726334403,4.5
414,2816,2.5377953027387448,1.0
419,71131,3.0,5.0
434,6857,5.0,4.5
448,112852,3.237975011665636,3.5
450,2028,4.187503976661293,5.0
457,2959,3.75636089773705,5.0
462,1,3.1498838856800524,1.5
463,527,4.29151982964983,4.0
493,589,4.044331190578049,4.0
514,1982,3.6065600286315638,4.0
520,329,3.747238980235915,3.5
552,3186,3.4130156749591354,3.0
597,2405,3.989320050553674,4.0
599,2356,2.5366036197581514,2.5
599,68358,3.126834439390887,3.5
600,256,2.5327879938955946,2.0
600,924,3.3886909091809105,4.0
600,2325,2.399682282531267,3.5
608,6503,3.7328632444903405,3.5
1,1089,4.409262204676941,5.0
21,2993,3.9316006567539565,4.5
24,72011,3.681483142815658,4.0
42,1020,3.748459533280963,2.0
62,56757,4.1160822060197395,4.5
68,3844,2.9719426739207315,3.0
79,3006,3.0,4.0
104,2470,3.4835771878889545,3.0
105,122882,3.9485734835574298,4.0
111,53953,2.7896664981678962,0.5
177,4979,3.4377843848273866,3.5
187,46572,3.996290379351854,4.0
221,4034,3.9043622891005816,4.5
232,185,3.675946290944205,3.0
277,780,4.313124579466585,4.0
297,1092,3.96801918500056,3.0
301,7361,3.6118393516767164,4.5
325,4717,3.0,4.0
357,253,3.826578900419188,4.0
357,955,4.319810526298798,3.0
366,2028,4.0770309378170815,4.0
368,1252,3.8887366019423575,5.0
368,3764,2.5011870955816295,2.0
381,4023,3.3755550119409197,3.0
386,21,2.51646555817607,4.0
387,37857,2.882785105044754,3.0
409,2805,3.0,2.0
422,1272,3.7056771647990776,5.0
434,1517,3.5677519680277916,4.0
438,6155,3.1797184639136553,4.0
464,2021,2.9809070582144734,4.5
474,7713,3.0,4.0
476,454,3.789725753548751,4.0
477,8157,3.825813777695426,4.0
525,2657,3.830466649234519,4.5
571,1998,2.0,1.0
589,529,4.32330409785052,3.0
590,63113,3.3296475897763975,3.0
592,141,4.197103676579502,3.0
599,44731,2.0290111768456973,0.5
603,3408,2.9985129879620516,4.0
610,1128,3.0,3.5
610,45210,3.359588023981202,4.0
21,5872,3.5416177332635415,5.0
40,126,3.6124564324292896,3.0
57,733,3.6069351357828205,3.0
62,158966,4.0,4.5
64,2918,3.8455364103593825,3.5
66,3421,4.132719501117549,3.5
68,3438,3.1894129887647527,3.5
74,4226,4.580754086650116,4.0
74,6666,5.0,5.0
79,3578,4.41132509858435,2.0
85,515,3.0,4.0
89,96655,2.013094058324871,2.5
91,1148,3.546026088840923,4.0
98,1704,4.076687664993251,4.0
143,500,1.455927012335756,3.0
156,1252,4.1592857170973705,4.0
156,6460,3.4753915302325806,5.0
177,2692,3.503164775155707,3.5
182,319,3.0,4.5
199,1217,3.241407293102978,5.0
210,6365,4.289860614834278,4.5
221,1213,4.084619982318669,4.5
226,3271,3.5861084169811615,4.0
232,1333,3.7108742109371837,1.5
239,8132,3.234910007510078,5.0
249,90057,3.7185668106520957,4.5
279,168248,3.4740824103617687,4.0
288,2613,2.770149300923652,1.0
294,2748,1.9816576761246285,2.0
298,84615,1.6876820209736756,2.0
304,168,3.7800625202257603,4.0
354,3717,3.6861520507612866,3.5
365,109487,2.8054715630487537,3.0
367,527,4.3935414623115,3.0
381,2406,3.656181004309238,3.5
382,72737,3.4669887411442954,4.5
387,781,3.158401311482184,2.5
408,60756,3.7941032344650583,4.0
411,150,3.706133063827474,5.0
412,2064,4.495959600399506,4.0
414,37386,3.1423730824818743,2.0
425,2081,3.432560517782086,2.5
453,1265,4.105975768589733,5.0
474,1650,3.4595207976309617,4.0
474,2942,3.0942088288836747,3.0
474,47099,3.593080649078415,4.0
483,920,3.6823316784774485,1.5
563,4700,3.4511546778307816,3.5
585,296,4.392833129845993,5.0
588,163,4.084862444929777,3.0
592,39,4.09339959270965,4.0
600,1206,3.5369813063458,5.0
602,160,3.2413587002016557,3.0
603,3135,3.4803670505870543,4.0
606,8033,4.312427913087077,4.0
610,81417,3.627824820409972,3.0
610,83349,3.4899602743491918,3.0
6,426,3.0000000000000004,3.0
19,1356,3.302624143947357,3.0
62,7373,4.120235565758114,3.0
64,6936,3.7598366979007865,3.5
71,647,4.26825540096492,4.0
73,92509,4.5,3.5
79,3266,3.0,5.0
105,3089,4.1398221598474985,4.5
126,150,3.353046637006408,4.0
131,1213,3.838413934724208,4.0
142,440,4.0,4.0
170,150,3.405726099997793,3.0
177,37729,3.515046962961796,2.5
182,5666,3.3547060262761623,2.0
184,122892,4.1086524432566645,3.5
220,377,4.343899319900612,3.5
220,1200,4.461745706501293,5.0
226,2502,3.917890645749021,5.0
230,3793,3.054547371218992,3.0
249,78469,3.6133647263842867,3.0
249,86293,3.702839681859325,3.0
275,5013,4.029143340423877,5.0
280,2859,3.0,5.0
284,348,3.778269410742166,4.0
287,5618,3.6372908344052846,4.5
288,1262,3.851048083789713,4.0
312,329,3.739752919355948,3.0
323,342,3.8321005087172466,3.0
323,1396,3.232949871171313,4.0
325,1031,3.3097634308493347,3.0
331,6373,3.60767929264962,2.0
331,119145,3.9031356569597735,3.5
332,912,3.9633441980630284,4.5
339,307,4.399529339334562,3.5
354,357,3.7598098050910878,4.0
355,3035,5.0,3.0
368,288,3.2780186060284127,3.0
380,6707,3.742985983300629,4.0
421,1178,4.510236349705628,4.5
448,3317,3.167985089633202,4.0
448,134853,3.0570950776860384,4.0
464,1221,3.534958425829056,5.0
482,1036,4.010142110414961,5.0
483,4246,3.7471669493200874,4.0
483,7373,3.7243227818953097,1.5
489,3067,4.266675577309934,4.5
489,3635,2.69118055092512,3.0
525,88810,3.710551663246442,4.0
534,91323,3.761121899786718,3.0
539,1265,4.221877820674602,3.5
572,1221,4.200263987869212,5.0
599,7072,3.1587856810326658,3.0
600,8376,2.9353126423107967,3.0
606,6339,3.650829665915865,4.5
21,81591,3.3781189116848513,1.0
24,316,3.880786492408728,3.5
31,1231,5.0,3.0
45,2716,4.139995060412588,4.0
82,4306,3.4837682551095,4.0
89,131439,3.0,3.0
115,2027,3.0,2.0
136,234,4.171261442552684,3.0
178,8874,4.207535533738032,4.0
182,3978,2.9797062829509633,3.5
200,377,3.866552640379695,4.0
217,3361,2.8441538181620536,2.0
232,63436,2.68134803064204,3.0
260,8873,3.6158177390483317,3.0
274,6731,3.459665401028515,3.5
274,45722,3.4693798717249784,3.0
274,48520,2.8664973197922365,2.5
288,8528,3.4421003112364645,4.0
305,45186,3.86889535787558,4.0
313,1356,2.985166650727395,2.0
332,65514,3.462754314792776,3.5
372,1597,3.0087560546088707,3.0
373,594,3.2428016277931437,5.0
380,5882,2.9741785547883266,3.0
385,1013,3.0,3.0
404,316,3.4233136987582053,3.0
414,3255,3.860397344094598,4.0
414,3608,3.4783353715206573,3.0
414,5072,3.013345822448649,4.0
419,32587,4.141539342331272,2.5
448,103865,3.0,2.0
474,1041,3.8321315583712536,4.5
474,7618,3.617024647158441,3.5
480,1302,3.7357725693559583,4.0
483,1196,3.7453961892650125,4.5
483,65685,3.4676917137606775,3.0
488,3079,3.6803272831307767,3.5
489,80551,2.3818414398255725,3.5
534,5449,3.7569302232098054,5.0
564,59022,3.733022666224535,3.5
568,147,3.0,3.0
599,26696,3.0,0.5
600,1348,3.239017116604661,2.5
603,1769,3.47778147752633,3.0
603,2443,3.151344827438505,2.0
610,3409,3.0893705705024397,3.0
6,340,3.1780881481602092,4.0
29,81845,4.552186917531383,4.0
42,433,3.740240450703142,4.0
45,4638,4.060133094774931,3.0
89,8238,3.0,5.0
104,38038,3.8570240622007126,5.0
105,115877,3.0,4.5
105,136447,3.0,5.0
117,344,3.3933537170995516,2.0
118,1343,4.692077634846003,4.0
139,72998,2.4270134001251265,1.5
166,47,4.104748125201666,4.0
174,356,3.7493759344380875,3.0
186,1876,4.169772147179316,4.0
187,1748,3.9001075210730365,4.0
200,6874,3.9940526246916144,5.0
202,3108,3.9328967366175203,4.0
216,3173,3.181293362632395,3.0
221,3702,4.451529326018891,3.5
226,1805,3.8106560182696665,3.0
274,661,3.140073863503322,3.0
298,49276,1.512975071153034,0.5
304,2858,4.2957449450478995,2.0
309,3171,3.0,4.0
330,1485,3.6991744617727553,1.5
339,1265,4.073574689478729,5.0
368,3766,4.0,2.0
380,2375,4.096447252348807,3.0
414,4965,3.4448247340886238,4.0
414,6598,3.0,3.5
428,1196,2.8865181518583856,3.5
438,1573,3.644805414728271,4.0
445,2762,3.931549600953936,4.0
448,47950,2.9324047895623737,3.0
448,95875,2.718320986823839,1.5
448,108715,3.0,1.5
474,1488,2.089434585331297,1.0
474,4366,3.441002436889636,3.0
483,106918,3.794225763166416,4.5
505,2087,4.494148217300986,4.5
514,3210,3.731070292157942,4.0
525,2947,3.8265301653357766,4.0
555,2256,1.7833951409960596,2.0
580,6294,3.7910992009051507,4.0
599,4378,2.8882395492784223,3.5
606,1610,3.821999076095428,3.5
610,93363,3.336590992385136,3.5
21,103810,3.2172671784656584,3.5
28,6548,2.964304890820709,1.5
57,1206,3.945499607232519,4.0
66,780,3.9309049510558225,3.5
73,62434,3.711305138547362,4.0
84,412,3.874654992610459,5.0
101,2723,3.2887488943693497,2.0
117,272,3.419997846867472,4.0
123,54286,3.954940614106133,3.5
125,133771,3.656682898382644,3.5
159,539,2.282738837715348,3.0
160,1200,3.3045993305568473,1.0
161,7247,3.0,5.0
163,1617,3.0,3.0
190,30749,3.812942524186293,4.0
204,5218,4.415273056140188,4.0
205,91542,4.184409184960869,4.5
223,2747,3.0,2.0
233,4027,3.6818163735546374,3.5
269,832,3.275319061582222,4.0
274,2012,3.4658615857430735,3.0
288,53519,3.5200669041842603,3.5
307,923,3.2366713817485784,4.0
317,7147,3.8848748933697315,4.0
326,47610,4.197397817911193,3.0
327,2338,5.000000000000001,3.5
354,1527,3.4803169728032612,4.0
354,2376,3.582952695126332,3.5
354,5418,3.832632784162057,4.0
380,37380,3.4302215157913962,4.0
428,1676,2.8997706716836222,3.5
432,4992,3.8180697509746047,3.5
437,509,3.7538887125320453,4.0
453,4605,5.0,4.0
469,2668,3.372074056326456,3.0
474,43333,3.0,3.5
477,7143,3.783842071805004,3.0
479,4713,3.9337531300115236,3.0
483,94070,2.7110527975363494,4.0
510,35836,2.9886245989481215,4.5
522,1220,3.761243535492514,4.0
543,6377,4.52256129107805,5.0
555,3664,3.0,2.0
566,253,3.319195407657849,5.0
596,99149,3.6545494240768575,3.5
604,233,3.0,3.0
7,8665,2.990247047020744,3.5
38,193,2.0,1.0
68,4014,3.09297249842318,4.0
105,84152,4.108620927824423,4.5
117,60,3.238554386564497,3.0
135,1883,4.035766097402774,5.0
137,4427,4.104294259619668,4.5
144,2329,3.79670468081777,5.0
177,104,3.3439164498898952,2.5
185,595,3.710002804487268,4.0
194,315,3.5,3.5
195,2918,3.3512707644584943,5.0
219,2580,3.326490015437002,4.5
226,1,3.674656658913562,3.5
229,236,3.687073929183519,5.0
232,6934,3.5271093130802127,3.0
274,6014,2.43958701531028,2.0
286,1183,3.564470952154768,3.0
322,1193,3.4414866857578206,2.5
331,78499,3.3057418804417287,4.0
339,296,4.126693702204581,2.5
339,90405,3.9316484592667305,4.5
357,3396,3.8650278091240775,3.5
381,3826,3.350409400480828,2.0
381,30812,3.805171115356958,2.5
381,72226,3.6611245295716515,5.0
412,1288,3.9216049999347615,4.0
412,2861,4.0,4.0
418,2617,3.710227088308977,0.5
448,86911,2.645624746219613,3.0
448,88356,2.6845703558844667,2.0
453,16,4.071005602270031,3.0
474,5971,3.6864229847968,4.0
474,7171,3.8855926355460944,3.0
489,53993,2.744211593602143,2.5
490,6539,3.2187177901970347,3.0
525,3052,3.41666675899125,4.5
529,7,2.9877594375849066,2.0
561,33679,3.4208169529650636,1.0
565,539,4.0,3.0
599,2912,2.920902672967039,3.5
599,3683,3.27369785798043,3.0
603,3771,2.966879743641758,4.0
606,573,3.0,3.5
610,26681,3.7499667132129835,5.0
610,90746,3.6281494466475785,3.5
2,80906,3.0,5.0
5,296,3.3338430879872183,5.0
42,2100,3.949860033127193,4.0
43,344,4.413394398921942,4.0
45,88,3.5414517847672533,4.0
84,276,2.9357120171258124,3.0
98,4016,4.054952147648059,4.5
103,74698,2.651486484187182,2.0
105,27773,4.1617375808412,5.0
125,158238,3.736367641155214,4.0
156,1682,3.722197197055782,3.5
217,1077,2.855598318640656,2.0
219,172,3.2778850454894304,2.5
226,53125,3.7493231177097877,2.0
267,4033,4.0,4.0
275,3481,3.8771946219177584,4.0
291,134853,4.7254120329925495,1.0
294,952,2.3476255031508733,4.0
301,3686,3.0,1.5
308,6936,3.101969882841513,2.0
361,46972,3.2381270590762106,5.0
409,910,4.335243657829605,5.0
414,8636,3.993540327025607,4.5
430,2076,4.2244614624086285,5.0
438,32598,3.0113314878028388,3.0
453,2826,3.3267911924558367,2.0
467,527,4.0,5.0
480,46578,3.79378752916211,5.0
483,5502,3.4679774551933487,3.5
509,112852,3.4066868200540426,4.0
510,4464,3.0,3.0
533,125914,3.0,3.0
560,8874,3.7127080882103054,4.5
561,4509,3.77149895760777,3.5
566,457,3.467906061546291,4.0
575,2587,3.0,2.0
577,316,3.6963410878479364,2.0
580,1127,3.8294562525391136,4.0
580,5902,4.153239975115217,3.5
596,457,3.6279454094060775,3.5
599,32587,2.830950145226334,3.5
608,610,2.835699566899558,3.5
40,281,4.078859336452206,5.0
51,2302,3.9575011299780107,5.0
57,1620,3.496661615174558,2.0
58,736,3.903647453461167,3.0
80,52604,3.0,4.5
82,185,3.4507960627187555,3.0
104,586,3.504418488824922,3.0
104,3675,3.7635210423583882,3.5
116,1276,3.0,3.5
139,91500,2.5135548609256304,2.0
160,1011,1.7467873895665416,1.0
160,1562,2.613605255868719,1.0
226,5110,3.7947506608823485,5.0
249,4989,3.417695663849906,3.5
249,61132,3.7799275464538336,4.0
256,64969,3.792370801552076,4.5
282,1921,4.265703826405037,4.0
288,1210,3.567270146715072,4.5
288,2065,3.2872798378497823,3.0
288,3793,3.5711983021102442,3.5
290,34,4.374597109497956,4.0
292,2915,3.5746592805093136,4.0
307,31422,3.0,0.5
317,1704,4.03807736820873,5.0
414,5968,3.0,4.0
434,8665,3.601781967665887,4.0
438,44191,3.722238261345479,4.0
448,45666,2.5871665790958267,2.0
469,1231,4.1108019675544005,4.0
474,8518,3.0,3.5
495,4025,3.942479425943191,3.5
495,80463,4.476172554376972,5.0
504,296,3.989166426369428,4.0
514,185473,3.0,3.0
534,37386,3.2557308550124957,4.0
560,2683,3.529468170842026,3.5
560,58559,3.7143652174769617,4.5
590,1964,3.7469081390836143,3.5
596,1835,3.4999999999999996,3.0
600,2115,3.1877929758690566,3.5
602,34,3.592396608274351,1.0
606,6345,3.6294180081506164,4.0
44,260,3.7663263905127216,5.0
47,7160,3.677135844253849,3.0
50,135143,0.8623993571720475,2.0
91,266,3.158918803537913,3.0
105,64614,4.1814145249518235,4.0
144,1407,3.6378011247993673,4.0
168,1617,4.54270438782504,4.5
179,494,3.699528533892094,4.0
211,2948,3.7498074987609877,3.5
217,673,2.844144048506606,3.0
232,5349,3.6738828339056915,4.5
240,454,3.841179387025585,3.0
249,95088,3.900581132221441,4.0
280,6942,4.102267876029738,5.0
298,6294,1.7615698269101177,0.5
298,53894,1.8214877380083638,3.0
305,1259,4.2641518087872035,4.5
318,924,3.7128861428991917,3.5
353,318,4.020730633618281,5.0
362,110,4.42747435503028,4.0
367,3157,4.051178971463297,5.0
373,280,2.9986790561821923,4.0
377,80748,3.0,4.0
380,79274,3.357434155130664,5.0
387,1393,3.3829739364047526,3.5
414,1393,4.122360396420928,4.0
414,6341,3.1950471404034313,3.0
438,6,3.980596003917247,5.0
445,4878,3.882641593434832,4.0
449,4226,3.5874428280615795,4.5
469,3788,4.012943128763873,4.0
474,7075,3.0,3.5
483,2471,3.30839482475623,2.5
502,2081,3.4830733799446776,3.0
527,2346,4.177199442278049,4.0
542,924,3.7767504976852724,4.0
546,70,3.258443743933207,5.0
575,2496,3.431280163181168,3.0
587,2471,3.1282093380897376,4.0
596,171917,3.0,4.5
602,482,3.0,3.0
606,1199,4.045221589732582,4.0
608,782,2.629050680929832,2.5
610,102070,3.0,3.0
7,2324,3.8811016453917673,2.0
21,122922,3.5039260001831525,4.0
45,466,3.7035633737711082,3.0
50,6239,3.0,2.5
51,377,3.8806556187570633,3.0
51,2901,3.3652556849955335,5.0
68,8636,3.5078358252606883,4.5
84,592,3.7434795018654876,3.0
95,3840,3.550605040279634,3.0
111,31696,3.1129243209026134,3.0
121,592,3.140269866482413,3.0
141,2000,3.432999708352943,3.5
216,4036,3.899423365752637,3.0
219,4734,3.0582790086515215,2.5
223,590,2.9708247801739596,3.0
232,33158,2.6496046564865554,2.5
274,4223,3.286158358676375,4.0
282,5218,4.093308871364809,4.5
290,2660,4.332904743629586,4.0
298,3536,2.2987472745000357,2.5
300,2324,4.209583335866014,5.0
307,1220,3.1464523039423544,2.5
312,3863,4.136600319862266,3.0
344,2028,4.015567524842037,4.0
357,2137,4.20740350221109,4.0
376,38038,4.485317551088476,5.0
380,171763,3.826524828626903,4.0
386,173,2.3864653899196164,2.0
387,1175,4.043989098177266,3.5
391,380,3.539284035767909,2.0
410,1207,3.7786430017398343,4.0
414,145,3.1184419833971964,2.0
414,344,3.5404536642316295,2.0
414,3347,3.325862074664444,4.0
414,53993,3.045801576112052,2.5
457,2692,4.026951576307465,4.0
462,1222,3.2012050602653734,3.0
474,1960,3.669640222348185,4.0
477,333,3.2353599967929227,3.0
491,104374,4.268861173659688,4.5
554,2820,3.0,4.0
565,21,4.0,3.0
567,183897,1.0,3.5
571,2279,2.668675915400695,2.0
588,21,3.8301372551379553,3.0
599,4701,2.7077955235776874,2.5
600,1321,3.153151951197573,2.0
600,48082,3.989438422749945,3.5
606,2432,3.187469016124186,3.5
606,6870,3.956715885167976,4.5
610,94959,3.9282053958824203,4.0
28,8983,3.0677911279843766,2.0
33,1056,5.0,4.0
66,1073,4.145596465060427,4.5
68,165,3.225935930194971,3.5
69,296,4.598399147146785,5.0
79,858,4.481611977185588,5.0
86,2805,3.0,4.0
91,1246,3.7038532467485754,2.0
105,45517,3.8512106035472815,4.0
123,55765,4.089527954915595,4.0
135,4066,3.0,4.0
141,150,3.4114482255124026,3.5
156,922,4.176078196669356,4.0
167,2762,3.481908946057842,3.0
177,6378,3.372516928635465,4.5
219,1500,3.4753098357398815,2.5
226,3593,3.488070672152425,0.5
290,3168,4.165871743471523,4.0
292,5480,2.2592224469125557,3.0
300,2571,4.210213333310325,4.0
305,1086,4.535220194573872,4.0
305,8014,4.753091854101216,4.0
328,317,3.377317299141589,2.0
332,1961,3.8687735110439725,4.0
380,7438,4.114257959227834,3.0
385,728,2.375760746083146,5.0
387,7346,2.789726941484795,3.0
391,1088,3.782722974087155,1.0
391,1845,4.152905266774176,4.0
393,7438,4.080693900468925,5.0
414,1779,3.319559484108421,1.0
469,3178,3.7181574716540857,3.0
474,4623,2.7443147757038377,2.0
474,43376,3.4349265622385987,5.0
480,7153,3.8258095214891035,4.0
483,1673,3.6538765551961854,4.0
484,82852,4.1239016677732145,4.0
489,2346,3.294122511667551,2.5
514,2407,3.846853999574955,2.5
517,5502,2.5551664648751413,1.0
534,109487,3.6256927836469597,3.5
555,1518,3.1080772040431013,1.0
555,1784,4.083307687497862,5.0
562,1968,4.196473429546982,5.0
562,2580,3.878918918976625,4.5
566,231,3.347599118720492,2.0
567,34,2.1338520344162175,2.5
570,342,2.4416553502577965,2.5
603,3274,2.0,3.0
606,480,3.798095576108304,2.5
607,1407,3.9430334449218916,5.0
608,1271,3.3562781237386736,2.5
608,8644,3.7604882824155474,4.5
1,163,4.2536765066183815,5.0
20,1022,4.073744037789563,4.5
42,2770,2.6936145384059635,2.0
64,3450,3.608738043033387,3.5
91,592,3.5810343098303394,5.0
91,5500,3.1356804642486344,3.5
104,4740,3.0,3.5
141,106696,3.5938486309230275,3.0
182,3698,3.4943579659034922,4.0
217,1359,2.2277117469824055,1.0
222,50,3.435898536586691,3.0
232,7366,3.045482298629578,3.0
232,51937,2.7230204614258944,3.0
232,66509,2.997094094892452,3.5
268,1370,2.924412042095596,1.0
268,2841,3.0,2.0
272,50872,3.4115770100468334,3.5
292,153,3.35910546412799,3.0
292,3623,3.6663783999674027,4.0
294,367,2.9812558958716706,4.0
298,80549,1.7349035630876777,2.0
307,2109,2.733439609028352,3.0
307,4654,2.246358884575568,2.0
309,1262,3.586807180029054,4.5
318,54256,3.7362484838620533,4.0
380,60126,3.4561159031440343,4.0
387,4278,3.844471631889664,3.5
387,53322,3.092152038667975,3.5
391,1185,3.8714281641601214,5.0
408,56775,3.872218154807378,4.0
438,1597,3.6357401390272712,3.5
448,6618,2.875984963079502,4.0
474,3114,3.5320726342535633,4.0
506,45720,3.020262944013661,3.0
517,349,2.7689284364843734,2.5
517,63082,2.183079151274779,4.0
520,1831,3.5086862412865227,3.0
522,2720,2.0,0.5
551,134130,3.460569285618482,4.5
596,68319,3.456660842397633,2.5
599,250,1.8088416319191836,1.0
599,370,2.980383400496621,2.5
599,27904,2.7121155124024003,2.5
602,280,3.3204680079876177,3.0
603,6184,2.9387443153808888,5.0
609,318,3.3497852893095468,4.0
18,112183,3.6089629082359687,3.5
33,2875,4.387466216796305,4.0
45,1407,4.136142701061813,4.5
57,2690,3.0628981825067276,3.0
64,4262,3.871878500354865,3.5
64,34437,4.11295650769299,3.5
66,7153,4.247056911336558,5.0
79,1580,4.464086146136603,4.0
82,7142,3.0,3.5
116,1198,3.5050320065037788,5.0
122,1394,4.649508641902965,5.0
124,7361,4.4513739267076655,5.0
132,3176,3.1881802545137834,3.0
139,4027,2.4173170089846097,3.0
182,4773,3.706304313156932,3.0
210,89745,4.349689110659037,4.5
213,6058,3.5795481620043135,4.0
226,1954,3.7756277608041104,3.5
232,5903,3.4744610493427803,3.5
236,1998,3.0,2.0
239,733,3.9621691182818353,4.0
249,2571,4.099896015752349,5.0
328,4306,3.2790588173256743,4.5
330,2054,3.638578273843219,3.0
351,7153,3.908792374922686,4.0
362,6934,4.137753303110447,4.0
380,88140,3.9504279921708054,5.0
385,383,3.432067513424852,2.0
391,953,4.31290573437104,5.0
414,2278,3.9589005966198854,4.0
414,5415,2.7599720280206355,2.0
425,589,3.5430671386744916,3.5
432,1911,3.323520827365635,2.0
438,8183,3.206166924302508,3.5
438,33004,3.601544159477399,1.5
448,84374,2.577280537199866,2.0
462,1080,3.464152019522475,5.0
474,7049,3.0,3.0
474,8711,3.0,3.0
474,34528,3.418860408527385,4.0
555,1971,2.501997513559939,3.0
570,1234,3.599969170932596,2.5
601,7153,4.525320602655136,5.0
606,47,3.7933248640641226,3.0
606,1732,3.8144354815053374,4.5
606,2436,4.0,3.5
608,288,3.328075931954772,3.0
610,26159,3.0,4.0
4,509,2.8977682338978603,1.0
32,1409,3.0,4.0
33,527,4.134227777045491,5.0
59,105,3.0,4.0
62,140110,4.32734573424648,4.0
81,588,2.9105395242721284,2.0
91,733,3.514042251555686,3.0
104,52722,3.5564104766585256,3.0
125,117466,4.0,3.5
160,2470,3.12255192374177,2.0
173,480,3.4029959468176094,4.0
243,595,4.0835813806471455,3.0
249,111360,3.938608611679652,3.0
274,39446,2.8676374154444604,3.5
280,367,3.7095116972432653,2.5
298,64614,2.9207653579373867,3.0
301,3948,3.27957195008135,3.5
339,80139,3.7774206045963927,4.5
367,551,4.355312767950924,2.0
376,2700,3.6846255377325448,3.5
380,5507,3.4619808387805837,3.0
382,32296,2.7263978267097255,1.0
391,1148,3.5900122703351856,5.0
414,1204,4.246369807299205,5.0
414,1644,3.4144482217183922,2.0
414,38061,3.6363892700288534,4.0
480,3253,3.304235346952921,4.5
483,56339,3.606502807692656,4.5
484,59143,4.003959631412027,4.5
488,593,4.457894301638247,4.5
490,6942,3.1149426788311256,2.5
534,1198,4.019825631004799,4.0
534,1721,3.9921301989038787,4.5
552,2245,2.828798657701008,3.0
552,3396,3.2594029530192126,4.5
561,5464,3.3820760473298486,3.0
561,32587,3.255134436571313,3.0
593,1923,3.1883450129163378,3.0
599,2003,3.1161498436892816,3.0
599,5378,3.2493643401383214,3.0
603,105,3.483436435354069,1.0
606,8813,3.8253710734530477,4.5
610,136016,3.5071452230572393,3.5
6,490,4.0,3.0
18,2011,3.818117852233506,3.5
19,330,2.0094479217744334,3.0
19,1197,3.3094146302150316,5.0
32,471,3.511685535988409,3.0
41,4306,3.3685706007593286,3.0
41,57669,2.861583764499437,4.5
62,32587,4.147801058796752,4.5
67,68157,3.8442126467608317,4.0
68,33672,3.173682078123593,1.5
86,2571,3.9414164794139404,4.5
121,457,3.2100947292141133,3.0
146,3991,3.0,2.5
156,608,3.8219327123850606,5.0
177,73015,2.842230003274019,4.0
186,1346,4.0,4.0
194,7143,3.5,4.5
229,342,4.0,4.0
241,1265,3.9244698928130894,3.0
249,3273,4.1336359275981565,2.5
266,1298,4.0,5.0
274,1022,2.9838902696774894,2.5
292,3421,3.116134756344975,4.0
294,2709,1.8239516235006452,4.0
323,111659,3.0,4.0
326,3556,3.8472553836993018,4.5
326,79132,4.029275851744951,4.5
330,316,3.382576685395131,4.5
356,1208,4.043799135534107,5.0
383,2324,4.393017813843949,5.0
391,1184,3.673399274507138,4.0
414,2718,2.8049234463822685,4.0
420,2311,4.0,3.5
438,3421,3.613304522030033,3.5
448,108601,3.0,2.0
474,2467,3.669489839154782,3.5
474,8611,3.0,3.5
475,3578,4.375766077998988,5.0
483,2572,3.389995517582562,2.5
488,552,3.1653035272774095,2.5
497,112556,3.6488030373303157,3.5
509,5478,2.825327330473669,2.0
509,46062,3.1551900583125487,1.5
511,103253,3.903252159668897,3.5
534,1033,4.111971629498381,4.5
561,2145,3.792299286516721,3.0
572,1247,4.386352677244106,5.0
590,2422,3.517187870566862,2.0
599,520,2.869530475377626,3.0
599,26782,3.0,2.0
603,3244,3.7679807179033853,4.0
608,44,2.7932360845095476,0.5
610,73321,3.2623762136908656,3.5
610,136602,3.770608923330628,4.0
30,7153,4.7796153314665695,5.0
50,1921,3.5216627245005934,3.0
66,1252,4.383005432274702,4.5
86,595,3.9779221609949684,4.0
123,48780,4.013011688957978,4.0
140,500,3.362449343683715,4.0
156,1208,3.8830866770855295,4.0
177,52604,2.9815116208744734,3.5
199,543,3.952238062809345,3.0
249,35836,4.007533320310752,4.0
249,55269,4.029317798193453,4.0
263,33493,3.8356885368743607,3.5
266,2288,1.9888179253352372,4.0
292,62081,3.2419538474147283,4.0
298,6283,2.47311064694832,4.5
305,3566,3.0,3.0
307,2699,2.844559778856278,3.0
315,2554,3.0,2.0
339,3949,4.239308573717322,3.5
369,3949,3.6806967934986554,3.0
380,704,2.9735409772716173,3.0
387,5570,3.0,3.0
387,7925,4.094294766726736,4.0
387,8870,2.6404785504133286,2.5
399,4993,4.141586495996373,4.5
414,2529,3.7522184703818224,3.0
414,3717,3.617151540023702,3.0
415,903,4.418532641011828,4.0
438,5787,3.0,2.5
448,50005,2.418976256241232,2.5
471,116797,4.647887722627351,3.0
474,2406,3.4981009334406066,3.0
479,5404,5.0,5.0
525,70293,3.6321457933872137,3.5
556,7153,4.218736664976596,4.0
560,3489,3.357864353810697,3.5
579,2078,3.973362673961785,2.0
590,1923,3.5561295170296123,2.5
597,1267,4.623555843944844,5.0
603,4640,3.0974310621136487,4.0
604,1,3.375560905709052,3.0
606,412,3.777762689746892,3.5
608,4448,3.302273952316132,4.5
610,48385,4.075814233331679,4.5
610,54259,3.765382192950074,4.0
4,3317,3.406387013825127,4.0
18,36529,3.929585898866386,4.0
19,141,2.9865368613679,1.0
36,1617,2.411982293918454,4.5
37,296,4.074296406861353,5.0
84,181,1.9691684068536597,3.0
88,785,4.075911372007621,4.0
91,3176,3.7562729458008333,4.0
156,3310,3.8044338397473365,3.0
181,122,2.3170628610142323,3.0
219,33493,3.4169564412048796,3.5
226,2413,3.8068632210346274,4.0
239,2321,3.906971077557975,4.5
249,68554,3.5956996348949612,3.5
275,1136,3.960841672999347,5.0
288,2458,2.531641153312563,3.0
293,344,3.1780062215465876,2.0
294,733,3.1695993127132738,4.0
298,2416,3.084752673217304,3.0
298,71135,2.3534007611489636,2.0
298,108945,2.272389421635124,2.5
298,122900,2.748918652266615,3.0
327,3785,4.493497884758523,5.0
357,1246,4.052123080914206,5.0
380,58404,3.353257614880762,3.0
387,39,2.9265462987351887,2.5
395,500,3.145763689980946,3.0
405,8254,3.0,4.0
411,281,3.2304149540524905,3.0
414,1217,3.416291259824673,5.0
414,6618,3.4351529369166136,3.0
414,7323,4.268496241348061,4.0
416,6539,2.684844244797127,2.0
462,3359,3.672635205308975,3.0
469,2000,3.7349353517072603,4.0
474,858,3.84792089255603,5.0
482,2006,4.0483400461488985,4.0
483,1997,3.626884136738526,2.5
528,589,3.950231778982087,4.0
534,519,3.490041434239578,4.0
534,95875,3.8268276364203637,4.0
560,60756,3.3922952629517127,3.5
577,2987,3.7078120908413283,4.0
586,86880,4.49879285253827,5.0
600,357,2.916776055926961,1.0
608,788,2.9301436371300036,2.5
608,1617,3.4660845030952854,3.0
18,1206,4.051263826207457,4.5
19,186,2.706860219877762,2.0
33,1280,3.021753770374837,5.0
33,2443,3.4958334325033222,3.0
45,2959,4.293555618338721,5.0
63,110,3.5337608145060764,2.5
64,2427,3.5505906724689376,5.0
64,3033,3.785617247000518,3.5
111,149354,3.737843186976978,4.0
122,3499,4.839824909347033,4.5
132,6711,3.287812361783443,4.0
141,5218,3.4072146516469686,3.0
156,1171,3.8810687019285375,3.0
159,49286,3.3328952272064223,2.0
160,1620,2.662804222973467,0.5
167,4678,4.047218795579707,4.0
177,39,3.670963548886197,4.0
177,111921,3.8945819252910887,5.0
183,3527,2.9967546322339134,4.0
184,117895,4.028573767415031,1.0
187,7438,3.6797507069815567,4.0
204,3266,3.0,5.0
222,74458,3.8764259536960264,3.5
230,153,2.5035613495576423,3.5
232,64497,3.3213333815634116,2.5
264,1907,2.5,2.5
265,1177,3.542423388950884,4.0
275,3006,4.015817716368999,4.0
280,2718,3.863357161381734,4.0
288,1515,2.8139957039597676,2.0
304,1136,3.8130045974727924,4.0
317,68358,3.9403131063114243,3.0
325,2986,2.8626420396576817,1.0
346,8928,4.04711894642258,4.0
402,145,5.0,3.0
414,3243,2.9103634953114814,2.0
414,3452,2.99696598960508,3.0
414,3852,3.9233643399839386,4.0
414,6537,3.4017349658956535,3.0
428,6754,2.77034555832956,4.0
448,780,3.3980930772805245,3.0
448,1080,3.736898777407714,5.0
464,3578,3.4524355510494353,5.0
466,8961,3.804976340322657,3.5
469,1747,3.863850321864388,3.0
470,364,3.6577728880666043,4.0
489,4720,3.532244573093177,3.5
522,5944,3.72880255746096,4.0
534,5574,3.836822742055041,5.0
554,2081,3.7153420398844355,5.0
563,5066,2.9799597211840743,4.0
565,19,3.506225940449762,3.0
594,552,4.394467054787934,5.0
594,1876,3.8850439833416077,4.5
597,904,4.438411534282,5.0
599,2245,2.7480675957655785,2.5
603,2986,3.1725945760210266,2.0
6,697,3.0,3.0
18,8368,3.858287744492451,3.5
19,915,3.491378121708399,2.0
20,4019,3.642066175024698,4.0
27,2944,3.4688677813870203,4.0
40,685,5.000000000000001,5.0
45,3298,3.858099988108703,4.0
57,3638,2.9566634423646145,2.0
58,555,4.425763899991519,3.0
73,52975,3.553192905958859,3.5
79,164,3.0,5.0
82,454,3.4523679874057476,3.5
82,5299,3.452633229957412,2.0
111,63479,3.7675845348971517,4.5
111,103810,3.1490729603944394,4.0
122,1391,4.557806474370105,5.0
168,1376,2.7744165696645156,2.0
169,6266,4.008987942465439,4.0
182,3972,2.567629202397488,3.0
232,3646,3.1124203149486247,2.5
249,527,4.216061891625102,4.5
263,736,3.7216867946417276,4.0
274,1032,3.2296923993226976,3.5
288,688,2.3582687444967316,3.0
288,2418,2.5236262458825887,4.0
288,40819,3.597086173626014,4.0
292,2529,3.146951481737793,3.0
313,1073,3.473301496023945,3.0
313,2311,3.3232873841798534,3.0
322,60040,3.504171115516871,0.5
369,45950,3.858049449286014,3.0
380,2096,3.8925072191333623,3.0
380,8947,3.3812302921030635,3.0
380,57368,3.952300709407062,4.0
380,176935,3.0,2.0
381,53121,3.331222225895024,3.5
382,3703,4.36175640174146,5.0
414,88163,3.5729489889395576,4.0
434,48780,4.107991541466922,4.0
448,34150,2.8105979526300855,2.0
480,2174,3.6868709829070148,4.5
507,480,3.390515750291929,4.0
517,40339,1.6577070728879588,0.5
560,88744,3.6103616798302873,3.5
560,102194,3.738965898193794,4.0
561,52604,2.0,3.5
599,1713,2.4181827785826577,2.5
599,27124,3.0,2.0
599,63082,3.2201123629530195,3.5
600,1217,2.8989257954371097,4.0
606,4008,3.5169946596271244,3.5
610,1283,4.6478723938148265,3.0
1,552,3.982834565095835,4.0
1,1954,4.419174818722539,5.0
8,318,3.8612427103588254,5.0
20,3988,3.576637874018917,3.5
21,33493,3.4095144474358667,4.5
45,3552,4.048148024277971,5.0
57,913,4.212853422729015,5.0
62,86332,4.09434641486608,4.0
62,116897,4.743382994250274,4.0
63,364,3.485939983192224,4.0
73,60684,4.31043506459742,5.0
83,2950,3.0,3.0
91,5988,2.5969603346179926,3.0
95,589,4.5008289307723,4.0
103,65802,3.4817270615972316,2.5
105,31658,3.8443982901337557,4.0
105,112552,4.158725572842554,4.0
105,171749,3.0,5.0
131,47,3.5331529801800117,4.0
142,590,3.926588145017982,4.0
144,4306,3.781810910643853,5.0
171,1,4.414180161630995,5.0
177,1212,3.8363018974462095,3.0
177,33166,3.4851163181951907,4.0
177,116823,3.637268185093232,5.0
199,3256,3.7847323643413797,3.0
249,115569,4.301252486381131,5.0
249,167370,3.0,3.5
275,1213,3.933588076959942,5.0
275,1944,4.5461598270398635,4.0
275,5272,3.0,3.0
288,963,3.0,3.0
301,2291,3.2542664174976124,4.0
307,1326,2.0,0.5
307,6040,2.048642784003309,1.5
318,71867,3.0,3.0
326,57669,3.7630007575480047,4.5
328,1022,3.0758755099718207,2.5
341,114662,4.198245278998023,4.5
352,1923,4.079610915358394,3.0
372,452,2.9754919203149757,2.0
387,5333,3.2122012069422303,3.0
391,1097,3.867914677115456,5.0
403,58998,4.5,4.0
407,4993,4.129804442849482,5.0
410,915,4.331682820362342,4.0
414,4007,3.5521744521355783,4.0
416,260,2.819798497868,3.0
448,7150,2.736886942140047,3.5
448,111617,2.406791445850821,2.0
471,2959,3.7148350409555855,4.0
474,107,3.122408725957333,3.0
483,1198,3.858539756505027,4.0
488,8961,4.623831667966778,4.0
495,5952,4.119042723659394,0.5
523,3949,4.714134015330542,4.5
524,707,2.5325572511251218,3.0
560,8784,3.712140604754561,3.0
599,104837,3.0,2.0
600,2800,3.0,2.5
603,919,3.8024558142901275,5.0
603,2159,3.5301042197177726,5.0
606,6774,3.857457711572664,4.0
606,7934,4.0199488279568225,4.0
610,35957,3.123181243906119,3.0
18,171023,3.0,4.0
28,62376,3.0,2.5
45,2087,4.326331871025872,4.0
50,111921,2.7454852306786464,2.5
56,333,3.8077983052907034,3.0
64,4701,3.242725611073305,3.0
68,122882,3.69326849716131,5.0
73,8972,3.5699689379688864,5.0
89,139640,3.0,5.0
89,147936,3.0,4.5
107,111,4.999999999999999,4.0
117,333,3.1440636545615726,3.0
149,2012,3.232604741182172,2.0
156,3176,3.6618706852563787,4.0
156,3504,4.119416565424649,4.0
160,76,1.7274814081714889,4.0
186,2968,4.159533212820742,3.0
196,5418,3.9243801930338837,4.0
200,708,4.186672160881473,4.0
202,2571,4.108542837276632,4.0
204,91104,3.0,1.0
217,788,2.871567273382277,2.0
234,3398,2.5892983355791364,3.0
274,3578,3.385725375944015,3.5
274,54648,3.4738995274789497,2.0
288,541,3.6402025682112282,4.0
288,1097,3.5640519289358457,5.0
313,3153,3.852939767083696,5.0
317,77561,3.930804342845636,3.0
318,40148,3.0,4.0
332,3108,3.7464382247666776,3.5
339,84954,3.72270146453792,4.5
365,156609,3.0371122534308257,4.5
368,593,3.5605254508479067,4.0
391,1722,3.238398955819287,3.0
414,235,4.008252837667905,4.0
414,2143,3.1601356709572377,4.0
415,1198,4.212652125420475,4.0
448,2858,3.6776830276686923,4.0
468,153,3.3003611925714,3.0
469,955,4.194856068622643,3.0
477,45499,3.8064091296940252,3.5
479,5773,3.0,3.0
480,235,3.6153820721439107,3.0
495,4776,4.250401412026109,5.0
509,2033,2.859009229581172,3.5
514,1259,4.013899995528562,4.5
518,1372,4.236844438524606,4.0
580,36529,4.383679105330093,3.5
583,2706,3.197895658742018,3.0
587,1135,3.9942781733345423,4.0
590,104,3.22169892312586,3.5
597,1550,3.6218353059598396,1.0
599,7361,3.410384458586505,3.0
599,26195,3.0,3.0
603,1844,4.999999999999999,4.0
608,466,2.745367274175898,1.5
608,1726,3.3400913561193724,2.5
4,162,4.035388277414137,5.0
40,588,3.493269928077543,4.0
82,1573,3.519227025536862,4.0
91,736,3.2493238939209097,2.5
103,91500,3.6779930289128293,3.5
114,40815,3.903636200631106,3.5
200,7173,3.798604843600987,3.5
226,8614,3.3276913193305515,3.0
249,2273,3.7627756355278925,4.0
256,33615,4.077457172506062,4.0
274,1961,3.543223680865708,3.5
294,1566,2.820157561679317,2.0
294,1923,3.201843864783705,1.0
308,8464,2.9433264031664184,1.0
314,368,2.8431907739591242,2.0
329,4262,2.1393046613223383,0.5
334,318,3.5230562222601156,3.5
348,1221,4.659169625253497,5.0
380,49272,4.142768836894971,5.0
385,198,3.4705292612032097,4.0
414,8833,3.54798276950845,3.5
414,27846,3.8299846967046163,4.0
438,6280,2.863614358333105,2.5
471,8961,3.6007877377784037,3.5
474,1927,3.7887304695397037,3.5
477,1283,3.8363791672618683,3.0
483,76077,3.8533134293008358,4.0
489,7046,3.0255457211227683,4.0
489,92938,1.0,0.5
561,8665,3.074348385894378,4.0
569,316,4.010785487234902,4.0
583,2687,3.731069224924715,3.0
590,2329,3.640094483157773,3.0
599,458,2.2690762594187817,2.0
599,3328,3.464648610200571,3.0
606,6591,3.6848042897232713,4.0
610,69784,3.4589438913115993,3.5
1,1445,4.386957824141739,3.0
33,58,4.249320471063243,4.0
45,338,3.1388145858531256,3.0
51,858,4.286212616494371,3.5
62,2012,4.238104030450021,4.5
78,2746,3.412670029317152,1.5
89,72692,3.0,5.0
89,105746,3.0,4.5
105,58425,4.178939515932252,5.0
140,4774,3.402183447222591,2.5
153,122892,1.5458802496619999,0.5
155,2384,4.0,2.0
171,858,4.696568317312183,5.0
171,861,3.0,5.0
177,1732,3.437354381313616,3.0
177,83132,3.8502947741517692,2.5
182,4811,3.721422710646725,4.0
187,6890,4.096040985185185,2.0
217,2268,3.240119641571278,3.0
226,8360,3.7898635494181807,4.0
232,34336,3.049298178078619,3.0
239,457,4.0185071730018525,4.0
249,4367,3.631815410238165,3.5
298,4718,2.140590648375785,3.0
298,134528,3.0,0.5
300,7361,4.277935118198831,5.0
305,780,4.017093238760229,4.5
307,34523,2.9863173654043647,2.0
351,40412,3.268399627575508,4.5
387,5465,3.0,3.0
387,26002,3.0,3.5
414,733,3.910644571170606,3.0
414,1459,3.012741282766923,3.0
414,3566,3.163538739563942,4.0
414,4462,3.0,1.0
414,56908,3.0,4.0
428,19,2.4899534706998896,1.0
432,84152,4.0,3.0
448,5752,3.0,3.0
448,149590,3.0,2.5
451,94,3.0,4.0
460,7143,4.302421067913601,5.0
466,69122,3.806461343070728,4.0
470,367,3.649774884243862,4.0
474,1953,3.5565955935558846,4.0
480,4848,3.7567713447964275,3.5
482,494,3.8052255540867765,4.0
494,3578,5.0,5.0
509,2541,2.9932428285487536,3.5
514,165103,3.691094686943594,3.5
520,33493,3.9658691604431002,2.0
522,49272,3.8958447351925676,5.0
555,2321,3.9339137287919037,2.0
555,2376,3.1878963864610403,4.0
559,780,3.784955010207405,5.0
560,139644,4.071517539501537,4.0
561,109487,3.4838891530359213,3.0
566,368,3.273676926178801,4.0
584,110,4.179720671791031,5.0
597,1078,4.40170697782542,4.0
599,209,2.262889674715261,2.5
599,4980,2.6825226601718453,2.5
603,2166,4.0,1.0
606,2177,3.799878243238209,3.5
608,1282,3.168730928439976,2.0
610,3646,3.2641389310709834,1.0
610,3893,4.0,3.5
610,27032,3.9233528587215494,4.0
18,112852,3.726542999069402,4.5
26,10,3.3705643594484545,3.0
47,2762,2.903448364203744,3.0
57,3175,3.6543009001759867,4.0
64,4993,3.824881950624285,4.5
68,2018,2.9157232030091302,3.0
68,3107,3.0740722109055625,3.0
91,3408,3.3885855659296444,2.5
111,2858,3.209448318557488,4.0
122,8807,4.474547218562323,4.0
144,780,3.2394713070159056,2.5
178,8961,4.172639766258883,4.0
186,2035,3.8506999748879656,5.0
200,33679,3.9587498328070576,5.0
226,56171,2.0318712231088685,3.5
240,277,3.8512319509965014,3.0
246,45447,4.405262374399392,3.0
274,3639,3.3665291460159676,4.0
298,134783,3.0,2.0
305,8810,3.868878786894067,4.5
308,6934,3.2413116135717317,3.0
317,5956,4.062949730819948,3.0
329,1884,2.0505149892928802,5.0
352,102445,3.77881803382752,4.5
368,4000,2.5328972642668757,3.0
370,593,3.546445012016598,4.0
382,158254,3.0,1.5
387,948,3.3240415042796037,3.0
414,599,3.314030279235602,5.0
414,55274,3.5749100038953325,3.0
434,1485,3.7972299076729916,2.0
458,153,4.153240193154008,5.0
468,32,3.5266872811292327,4.0
474,1931,3.3788770825236245,4.0
474,4979,3.7672351646005757,4.0
474,41527,3.2043299755484136,4.0
475,33493,4.481908891302306,4.5
509,19,3.1587079154921045,4.0
514,1978,2.5050006057530183,2.0
533,79132,4.5464021665987415,4.0
555,1500,3.9390354681520594,4.0
560,122882,3.611379690907147,4.0
561,1608,3.744180648865649,2.5
573,49272,4.434604121486091,4.5
582,49272,4.06998491939039,4.5
597,380,3.923020584755195,2.0
599,72479,3.0,3.5
603,1283,4.330186567462276,5.0
603,3514,3.0,3.0
605,7373,3.3640775494244233,3.0
605,46530,3.3354038037733944,3.0
606,4313,3.9401417046054132,3.5
1,296,4.381793801273278,3.0
21,6503,3.349526981772299,3.5
21,104841,3.553413658238403,4.0
28,6953,2.8355337949014987,3.0
30,108932,4.820004346840425,4.0
32,1438,3.0,3.0
33,2690,3.490864826313801,4.0
52,54999,4.45069812551773,5.0
103,2918,4.083047360387352,5.0
132,6157,2.9590485921076857,3.0
135,1892,3.0,4.0
140,37739,3.2993057479992713,4.0
146,6953,3.0,3.0
182,6062,3.5879665419352227,3.5
199,2171,3.4598270515482654,4.0
204,4306,4.44852754830786,4.0
212,64614,3.586053477326642,4.0
225,1923,4.031317063485543,4.0
226,4161,2.828922617048842,3.0
233,356,3.5956023835682616,5.0
248,122916,3.7388248933738097,3.5
249,106642,4.0,4.5
260,456,3.0,3.5
274,44974,3.793083455172849,3.5
279,377,3.8145156728352747,3.5
286,1333,4.253826710650265,4.0
303,3793,4.263477022832957,5.0
305,2648,5.0,4.5
307,1805,2.826825187374217,1.0
308,2959,2.453673722825387,0.5
339,3578,3.9602744165737094,5.0
339,79132,3.9768459291935083,5.0
364,32,4.282720163125278,3.0
368,292,3.1040986299198865,4.0
378,5952,3.971337280648901,4.5
380,106642,3.44620339518845,5.0
381,260,3.601471148208169,3.5
383,903,4.236294097552124,4.0
445,40815,3.269519586193702,3.0
469,3095,4.182123846751121,4.0
474,27912,3.55536031203168,3.0
500,2542,3.861406214996213,5.0
520,7373,3.907135189083122,4.0
553,60753,3.0,4.0
567,648,3.007655581821333,2.5
572,1230,4.154845169218764,5.0
583,63131,3.076795048882749,2.5
597,1184,4.219704967000919,5.0
604,606,3.0,3.0
606,6140,3.203865586498687,4.0
610,110,4.349452506814817,4.5
610,3977,3.9422535429884826,2.0
6,250,3.0000000000000004,4.0
10,106782,2.5922150385247895,1.0
19,455,2.5439255193313097,2.0
21,73858,3.0,1.5
50,93326,1.7408784135093178,1.0
50,112183,2.540650140602189,3.0
57,2109,3.6756461320134037,4.0
58,141,4.234551216697545,3.0
62,72011,4.245202502668357,3.5
66,2302,4.067247847942179,3.5
91,485,3.1998105167619073,4.0
91,3147,3.826955832651141,2.5
140,33166,3.697988634262116,4.5
156,1665,3.0137796613856818,2.0
177,2389,3.0,0.5
199,2329,3.4304081236148254,3.0
202,2553,4.0,4.0
212,1207,3.271860989313722,3.5
217,2567,2.6200141301774766,2.0
249,750,4.245159754906202,4.0
249,48783,3.363332036731541,3.5
256,88744,3.8920040898252615,4.0
260,3735,3.843406128879772,2.0
274,5874,2.688570104240576,2.0
298,2395,3.0682686124399794,2.0
331,4016,2.8571785953468436,3.0
332,6539,3.71317659776256,4.5
346,1206,3.716734587631336,4.0
354,6373,3.7753691310349584,3.0
381,1485,3.474665141940204,3.5
384,3752,3.808695291587024,3.0
387,26578,3.726519909829794,4.0
403,3210,4.010048964617199,3.5
410,913,4.333695348083627,4.0
414,4039,3.4076372208211505,3.0
414,5829,3.0,4.0
414,60684,3.6331765008411527,3.5
414,77561,3.7668180809756144,3.5
438,32289,2.996612692455383,2.5
454,3949,3.7087317029666127,4.0
454,61240,3.0,3.5
474,8970,3.3978676626563518,4.0
477,589,3.8392447710756663,5.0
492,100,3.8612085364017257,3.0
510,2013,3.5,3.0
514,2420,3.9017078555390583,4.5
524,780,3.7849942200038815,3.0
562,2485,4.392118322628139,5.0
570,1374,3.2704417786474194,3.5
580,45668,3.0,3.0
599,328,2.066110217778392,2.5
599,2530,2.6957390778432204,3.0
606,5072,3.5,3.5
17,68157,4.41972436557323,4.0
34,6539,3.6756209035484684,5.0
40,435,4.007600441305514,3.0
42,3977,4.02555457679937,3.0
43,168,4.42253662144452,5.0
76,2502,3.059496370551403,4.0
95,7,3.0,3.0
101,1127,4.00943801635103,4.0
103,2529,4.065416984738309,3.5
134,163,4.0,3.0
140,4889,3.1167034662488913,3.0
147,2699,3.0,4.5
149,173,3.077859414337756,2.0
164,110,4.3929772152772,5.0
195,1805,3.8839489556867544,4.0
215,1268,3.0,5.0
232,6040,2.845911993056248,2.0
232,51575,3.115992539019593,2.5
274,87,2.718986756037015,3.0
287,3033,2.8299920239348233,4.0
292,5782,3.0,3.5
298,3955,1.655614429088221,1.0
298,30793,2.783252501134915,1.0
298,78209,2.3938029051154555,3.5
305,81932,3.8902111545330427,4.0
321,592,3.6193024151381983,4.0
322,1608,3.468715142022061,3.5
326,86504,3.925813836308908,5.0
339,2288,3.2481979134245345,4.0
357,898,4.456125432290351,4.0
362,2291,4.460599726979392,4.0
372,1438,2.2096202845947794,3.0
376,1252,4.222077680474849,4.0
380,379,3.6412854464492455,3.0
380,97785,3.0,3.0
382,46970,3.098920858841424,4.5
408,122900,4.029767379559651,5.0
414,3697,3.269429589350403,2.0
419,50,4.031489165311817,4.0
425,43921,4.0,4.0
432,25,2.9368432786610783,4.5
432,91630,4.029507168258034,4.0
448,133281,3.0,2.0
462,21,2.9257300665842987,4.0
462,47999,4.072627148979535,3.5
483,4992,3.4724689303815377,3.0
534,1907,4.048914955274683,4.0
555,2948,3.6517927784879003,5.0
561,8783,3.184866039833249,3.0
590,1359,2.2361939358483487,2.0
603,1197,3.572385801955387,3.0
610,67197,3.4703138843277235,3.0
18,44022,3.539539178662437,3.5
19,3624,2.5906027650278753,3.0
20,5364,3.5967021057250363,4.0
39,260,4.242363376626439,5.0
42,1453,3.593687185235276,2.0
51,1201,4.341041245981499,4.0
58,280,3.263450777440004,5.0
66,953,4.093382844910128,4.0
68,104,3.290641289569277,4.5
91,1136,3.3733153090633,5.0
125,58998,3.930912495009945,2.0
140,8529,3.5809748250893376,3.5
200,48738,3.985892140922176,4.0
232,1291,3.7408449140280084,3.5
232,3751,3.68604750852152,3.0
233,7458,3.5168522830570277,3.0
246,94777,4.186241862931902,4.0
249,6377,4.09214927888603,4.0
275,34,3.948692839494646,5.0
282,1073,4.156660335315792,4.0
286,5989,4.123454296891154,3.5
288,1021,3.343116884665002,3.0
288,1320,3.228164221311853,2.0
298,2858,3.170529427992425,4.0
298,112556,2.786270385456009,3.0
304,303,4.127607932755482,3.0
379,292,3.344132490523445,4.0
381,3082,3.2620052570456477,3.5
414,6874,4.035816033669014,4.0
438,7090,3.577459557460844,5.0
448,114818,2.4457393387869737,2.5
474,2083,2.8567361523086072,3.0
483,48,3.263318965018171,3.0
484,2123,3.5638058184058825,4.5
489,2628,3.197329593185479,1.0
525,79132,3.7306420045926822,4.0
563,53466,2.949260441430479,3.0
564,138036,3.490395615439572,3.5
564,151315,3.455866675872942,4.0
573,91630,4.097743848697613,4.5
580,4901,3.7219213871349077,4.0
606,5477,4.011230262973721,3.0
610,4725,3.438774248522013,4.0
1,2985,4.369973789241163,4.0
11,380,3.8742480256060676,4.0
14,32,3.172569931121616,4.0
15,158,2.7290295549248613,1.0
19,185,2.8117392905625382,2.0
21,135536,3.0010358396941816,3.5
22,5388,2.811348540391021,3.0
23,924,3.676758416677137,4.0
28,2959,3.1625242424649356,3.5
52,63082,4.574685205512969,5.0
68,1208,3.1810166156099573,3.0
81,208,2.9224361487625714,1.0
89,74946,2.9135587921308312,3.0
89,182293,3.0,4.0
109,110,3.345866866391075,5.0
111,168144,3.0,4.0
116,1721,3.5943340511132806,4.0
122,86345,4.752966082154454,5.0
151,609,3.6066146981399467,4.0
160,3793,3.311188630010105,1.0
169,2706,4.391262117039996,5.0
171,47,4.713356022495493,5.0
174,165,3.6898320788687977,3.0
202,924,4.087250374883613,5.0
210,116797,4.3530534978296975,5.0
221,5247,3.16443055397887,2.5
222,616,2.5773535932371856,2.0
239,52722,4.022386728227349,3.5
245,2064,3.0,2.0
249,111362,3.8936573062836977,4.5
266,2396,3.178303866079754,1.0
274,4623,3.4199890539923494,3.5
279,97938,3.567753313390043,3.0
282,79132,4.276670652855134,4.5
286,2028,4.02441246679214,4.5
288,3639,3.02802874208806,3.5
307,8641,3.3713028529554956,4.0
325,1676,3.707793042832872,4.0
325,4956,4.0,5.0
328,1097,3.4511942208067987,5.0
349,230,3.0,3.0
381,45361,3.16786799737293,1.0
381,46723,3.753743012657756,3.5
414,5508,3.7358507784297315,3.0
414,6385,3.5894697956195225,4.0
432,296,3.7043145866664386,2.5
448,55250,2.615723677497731,2.0
448,144262,3.0,2.0
464,32,4.212659693559302,3.5
465,3685,4.0,4.0
473,2596,3.0,4.0
473,4975,3.9459062309978554,4.0
490,86347,3.8965556413867204,4.0
514,2118,3.4247155767932744,3.5
517,4327,2.162951016344982,1.0
541,540,3.642128241141445,3.0
568,2359,4.0,4.0
599,72998,3.222568854202163,2.5
606,7234,4.121697680903397,4.5
610,112171,3.6496133909512953,3.5
22,8464,2.8651542016172695,0.5
58,594,4.070940050343613,5.0
66,919,4.084966258430931,3.5
68,4621,3.0951368613430827,3.5
76,745,2.7558351604760523,1.0
91,6744,3.6199775982923397,3.5
111,56805,2.0,2.5
119,44191,4.322158521742564,4.5
122,5171,4.292167503220367,3.5
125,8254,3.0,5.0
143,103335,3.97127672044364,4.0
156,3751,3.632745861528618,3.5
161,38038,4.542378659851703,5.0
187,4226,3.6289454814657214,4.0
201,1580,4.233771691498874,4.0
219,150,3.5018881318178154,4.0
219,4643,3.2674433543870456,2.5
225,441,3.764867361025657,3.0
226,8266,3.1359940530083312,3.5
227,8638,4.0,4.0
232,40339,2.821132372363336,2.0
246,4011,4.339437741074233,4.5
246,87306,4.105163638076995,4.0
247,1197,3.853735751190074,5.0
274,58332,3.1059488143659135,3.0
300,56174,3.0,3.0
312,680,3.0,4.0
319,79132,4.447735875362135,5.0
380,2052,3.7202113407248194,3.0
414,564,2.5377953027387443,2.0
414,5046,3.1305295876058046,3.0
424,175,4.0,4.5
435,80463,4.685687558752232,4.5
437,1213,4.735840929015015,5.0
448,8807,3.043172313551396,3.0
448,91658,3.5168840743704926,4.0
448,151317,3.0,2.0
451,608,4.254691833023199,5.0
456,1,4.5024860362554895,5.0
469,2947,3.8396778689633084,4.0
474,6744,3.3424328834017203,2.5
511,79132,4.369351429748614,5.0
520,6365,3.838448093287334,3.5
541,281,3.501725955492245,3.0
554,1093,3.0,4.0
586,4993,4.451184452501605,5.0
590,1997,3.747781060054253,4.0
596,134130,3.679807160419464,4.0
599,111743,2.723791379833262,1.0
601,5952,4.530792042475141,5.0
610,4718,3.3738790095912,3.5
610,55247,4.191198149772521,3.5
610,91630,3.670879674935965,4.5
2,318,4.159203131652798,3.0
4,3060,3.0,4.0
20,1489,4.221140187098707,4.0
21,99114,3.3675934133818393,3.5
37,661,4.0,3.0
41,48516,3.337486894203305,3.5
42,1876,3.955362154782139,4.0
45,1374,4.020105811269342,3.0
47,2671,2.9530347810050754,2.0
47,72641,2.809396045678244,4.0
50,1,3.1678975263385545,3.0
50,1273,3.4983985302038145,3.0
54,296,3.125012059230322,3.0
57,1784,3.877148822347969,4.0
68,2249,3.043873243504409,5.0
74,3424,4.363337483636013,4.0
77,4878,3.7892197561983463,1.0
97,4011,4.483767781640028,5.0
103,480,4.008403255764777,4.0
171,802,4.025445404076623,4.0
171,903,4.58475372084391,5.0
177,345,3.695727907556087,3.0
182,50,3.827114849473569,4.5
225,1975,3.0312484928179253,4.0
226,55765,4.002351909496703,5.0
233,134214,2.0,3.0
234,2657,3.964286412467188,5.0
235,153,3.699569158358608,3.0
256,7099,2.6952171667868643,0.5
256,118696,3.925632317592285,3.5
264,1035,4.052926767069191,5.0
288,920,3.6439756125694642,3.0
289,3,3.6651071451963873,2.5
294,107,1.510628022230065,3.0
305,80590,4.1343779829721905,4.0
317,80906,2.0,5.0
365,58559,2.8656702249135693,3.5
380,1129,4.201292080365408,4.0
380,53125,3.9317258797017485,3.0
414,2133,3.4551084040040823,4.0
414,6883,3.0,3.0
414,8362,2.7868362412032193,2.5
429,380,4.175276046232359,5.0
474,1375,3.48105152298546,3.5
477,3671,3.9876203029818225,4.5
479,3671,3.578456967310629,5.0
483,89745,4.123698363353087,4.0
489,1641,3.15822301725884,4.0
491,95441,4.197364660813778,3.0
495,551,3.8860326218630643,3.5
518,2353,4.0,4.0
527,2455,4.353387351094154,5.0
556,76093,4.173893307084375,5.0
561,5,4.5,3.0
580,2360,2.723912216064784,4.5
588,292,3.288645101796215,3.0
599,42,2.1456611422649345,3.0
599,2470,3.1261349332334025,3.5
599,4443,2.1589900333246126,2.5
599,26562,3.0,3.0
603,1089,3.54621898436958,5.0
42,2671,3.9095766330705306,4.0
97,3996,4.527420665359042,5.0
103,2628,3.9752755934333863,3.5
105,98604,3.0,4.5
156,708,3.217165839974436,3.0
156,904,4.001492335923388,5.0
172,590,4.163585710137784,3.5
177,91542,3.5768268214459624,4.0
182,4146,3.859798587020838,4.0
197,2628,4.147918009229301,5.0
199,4776,3.3012564134722227,3.0
202,1220,3.923349104229779,4.0
220,1721,4.515832596797204,5.0
221,2019,4.263369297594987,5.0
255,2064,3.240353267603563,1.0
274,1,3.565806383770147,4.0
277,260,3.8738400746154635,4.0
293,151,3.0,3.0
304,597,4.195687531760435,4.0
314,1265,3.171920748953846,4.0
316,3751,3.1681784184159105,2.5
337,277,3.4374644904355636,4.0
414,161922,3.8876936900123025,3.0
417,1732,4.590536165962713,4.5
448,151745,3.0,0.5
474,2312,3.2679962426345934,2.5
474,5450,3.078619930098323,4.0
477,1835,1.0,4.5
484,3253,4.080848142105313,4.0
490,48774,3.4449991590200715,3.5
491,30825,4.22559352458539,4.0
524,1231,3.573963021263838,4.0
534,8361,3.8008190698894304,2.0
549,79132,3.8102287665135233,5.0
590,8636,3.4755263239056458,3.5
590,60766,4.0,4.0
592,153,3.8289896693664076,3.0
596,2918,3.385945763965696,3.0
596,30816,3.3361553470252105,3.5
600,292,2.8508001357500743,2.5
601,2324,4.575712909210311,5.0
603,781,2.9697429108035114,4.0
606,1251,4.29043178644291,3.5
606,2212,4.044434346489061,4.0
608,448,3.0,4.0
610,5064,3.6754622813277567,4.0
1,593,4.336951520238964,4.0
36,552,3.0,2.0
62,45447,4.163139645814133,3.5
63,5989,3.4851078857437865,4.0
89,3549,3.0,3.5
93,349,4.621139356449819,4.0
104,41566,3.6643542786731014,4.5
117,733,3.492868384509238,3.0
122,55247,4.791216155766063,4.5
135,1214,3.917907377974799,4.0
156,1784,3.716404440269097,3.0
166,1258,4.192653071887862,4.0
169,1030,3.927407786849122,3.5
199,62,2.936807049876072,1.0
228,541,4.282658226075925,4.0
242,296,3.671771036483671,5.0
244,227,3.6722477162811322,2.0
255,2907,3.0,4.0
288,4043,2.4444730888018102,4.0
298,3897,2.965519555178414,3.5
305,3285,4.53235837157592,3.5
372,1029,2.9344550140007453,2.0
381,3753,3.607050318019068,4.0
412,2542,3.643620751418147,4.0
414,4587,3.408241489274579,3.0
415,858,4.318756983995273,5.0
430,329,3.380596676298899,3.0
448,6764,2.5525583234982925,2.5
448,136562,2.9606852901544958,3.0
474,3112,3.0,3.0
474,42740,3.0,3.5
477,6482,3.6546274305954958,0.5
496,1221,5.0,4.0
519,7445,3.0,5.0
523,1721,4.805705318698778,5.0
525,59126,3.231993084543072,3.0
552,2082,2.820242584537404,2.0
599,8045,3.0,2.0
600,5569,2.432336200524059,3.0
604,253,3.4071483063104764,5.0
605,5816,3.2803135537293695,3.5
608,2009,3.409714217841987,3.0
19,1256,2.1516311263514796,4.0
19,2502,3.1162021827261683,2.0
23,2194,3.6194851893575115,3.0
28,2985,3.041775524403581,3.0
28,4238,1.9402529036766625,2.5
34,589,3.5469206002897793,3.5
50,97225,2.089049417630186,2.0
57,473,2.145684584012787,2.0
57,1610,3.8420868405896327,4.0
102,163,3.4303631876146556,3.0
117,377,3.454422645579068,3.0
160,1580,3.1517723743329378,2.0
177,45722,3.5451804802299445,3.0
182,2174,3.5995165536931477,3.5
182,2916,3.5369229928752555,3.0
182,4643,3.169811653469222,3.0
195,1060,3.4779860437353998,5.0
199,2599,4.235413531101967,4.0
200,30793,4.006766565654946,3.5
202,1792,3.6216471003144872,3.0
215,1246,4.062236169010836,4.5
226,3843,2.5090074877320276,2.5
232,8982,3.2687184342257862,3.0
232,48412,3.175594393380449,3.0
244,2571,4.367197262220797,4.0
249,85131,3.074006881380171,3.0
263,7361,3.9358536346578346,4.5
271,2140,3.259861066729821,3.5
274,27773,3.8064532409217864,3.5
287,1639,3.1461331938206305,2.0
288,2116,2.652831369075814,3.0
298,103539,1.877935640835957,2.5
305,55118,3.958301401470396,3.5
331,50,3.9690474447240165,5.0
357,2020,3.7273035179669565,4.0
362,1222,4.4645521600493145,4.5
381,5618,3.886199591675269,5.0
402,204,3.7804649024611248,4.0
414,3504,4.1435458038104676,4.0
414,48780,4.036658854539534,4.5
422,2728,4.0,5.0
428,1479,2.5088211989844877,3.0
434,1090,4.239326560783526,5.0
448,370,3.0947874559846515,3.0
448,78893,2.1019249438861314,1.0
452,1614,4.303854304469332,4.0
452,4571,4.551746983357567,4.0
452,6537,4.673843159907204,4.5
469,2186,4.209112085923814,5.0
556,69844,4.233353950406465,3.5
597,2819,4.393420730057225,5.0
599,1951,2.516590237357448,2.0
599,3479,2.6704633961400392,3.0
599,26453,3.0,4.0
599,52241,2.527067342780979,2.5
599,96079,3.1478249172393618,3.5
599,110882,2.7103838226074335,3.0
603,933,3.9814285189431025,4.0
604,220,3.0,3.0
610,37729,4.027422599254736,3.5
16,2019,3.7298141571352175,4.0
40,344,3.4320458840947854,4.0
66,1302,4.053866542553901,4.5
68,282,3.146826108463007,2.0
68,531,2.7751504044939757,2.5
74,55118,3.710336433278021,5.0
80,3826,4.300399630712826,3.5
103,2231,4.406803822100639,5.0
116,1247,3.387641720647489,2.0
125,78218,3.0,3.0
131,4993,3.525547529325658,3.5
132,3081,3.2102230886449505,3.0
140,4993,3.6987060142976604,3.0
141,69757,4.3109977266317125,3.0
144,1961,3.7809803847039216,3.0
190,7438,3.843084838508465,4.0
213,53953,3.8445829588772016,3.0
234,169,2.9866727649561997,2.0
284,380,3.8242570646002725,4.0
294,304,3.0,2.0
294,1858,2.442120409329089,2.0
295,7438,4.544776865351728,4.5
314,553,2.7857167168766535,3.0
318,7160,3.8916476741261192,3.0
334,37729,3.5029151377163767,4.0
346,5812,3.7995386681864862,3.5
368,2819,2.507868672796379,3.0
380,45722,3.983055362873339,5.0
381,53953,3.386781370719678,4.0
414,2119,2.2953273626748736,2.0
426,4816,3.387900804010149,2.0
428,1097,2.8918609596536977,1.0
438,4453,3.0,3.5
448,6427,3.0,4.0
464,1370,4.270355964669428,2.0
474,3160,3.7307540706403186,5.0
474,6713,3.1656437215378856,3.5
483,56251,3.2863551158293998,5.0
558,5388,4.490210033923578,3.0
564,106782,3.3509865457502093,3.0
573,2011,4.3395597210043615,4.5
580,714,2.790398998736152,3.0
580,2528,3.4354177366298777,2.0
600,145,3.271914033902631,2.5
600,53125,3.177233168565349,4.0
603,2114,3.4733369903822524,3.0
608,2142,2.522934201347157,2.0
1,2470,4.480134308111911,5.0
19,1597,2.534849051582452,2.0
59,3448,4.304361076272861,5.0
62,74228,4.17259917157451,3.5
103,74789,3.4610289967190333,3.0
111,74458,2.9282206243021145,3.5
125,161634,3.6606785979018572,2.5
136,590,3.330702680011566,3.0
140,1233,4.040166566921119,3.0
153,3408,2.3729271428159504,2.5
153,112454,3.0,3.5
177,1947,3.7897216667027793,2.0
199,1610,3.4634403472532287,5.0
217,1754,2.935174782842863,3.0
226,60,2.764251633758207,2.5
226,762,3.575204935052552,3.5
249,88699,3.330014716768254,3.0
249,119141,3.727571999774372,4.0
261,3146,2.5,2.5
298,54281,1.976728230407794,3.0
318,8958,3.6222471677829104,3.5
318,86377,3.4656277701526936,4.0
325,380,3.428383533461388,2.0
330,4896,3.8684684569915486,4.5
344,1265,3.9370638017614477,5.0
354,1035,3.7110077741100005,4.0
366,6874,3.9441433506723667,4.0
368,2816,2.2115211591868897,1.0
376,539,4.538231524662631,4.0
380,2000,4.233076928975062,4.0
380,91485,3.6218281338948928,3.0
382,103042,4.069374467466548,4.0
405,68237,3.969904087561309,4.0
448,132618,3.0,1.5
474,5992,3.984040855832834,3.0
474,7234,3.7407324949057053,4.5
484,6616,3.9028760115931043,4.0
539,5218,4.334247406907339,4.5
560,344,3.7289221872246965,3.5
560,5377,3.6143270429620844,2.5
567,34048,2.42688471291097,1.0
580,4995,4.032525527836162,3.5
596,2641,3.4836513663799735,3.0
599,1810,2.332098869758316,3.5
600,4679,3.103279059586096,3.5
603,4432,3.7711549555437114,5.0
606,2539,3.63263243746672,3.0
610,79868,3.0,2.5
19,1028,3.153461867337357,2.0
20,2059,4.100233194750081,3.5
27,1592,2.666991992090764,3.0
40,107,4.0,4.0
68,16,3.2048450205502617,3.5
152,58559,4.221914448999704,4.0
154,71264,3.723289609309569,5.0
160,2363,1.0,1.0
166,8665,4.207561820395923,5.0
170,420,3.172822270919181,3.0
182,1603,2.847149040934008,2.5
198,2115,3.7739275764576887,3.0
212,104211,3.2405966628109497,3.5
217,761,2.9294536766380377,3.0
219,6754,3.1530005490044473,2.5
220,4219,3.5,3.0
274,42013,2.5985124868780383,3.5
279,148626,3.8072861618690763,3.5
290,800,4.0915734262659385,5.0
330,1954,3.695062823470822,3.0
332,2396,3.4523919358469417,4.0
348,4973,4.945709604848762,5.0
387,8656,3.726795787616091,3.0
414,27,3.0,2.0
434,40815,3.468087898785448,3.5
448,87444,3.0935436205235707,1.5
466,4232,3.7622720075730007,3.5
474,5279,4.0,3.5
484,2289,3.20912869384925,4.0
493,2640,4.020059905483242,4.0
542,3623,3.8878662789725076,2.5
567,82854,1.561298689492196,0.5
572,1674,4.202439498599715,4.0
597,2273,3.9956688269752614,4.0
599,4776,3.189640105949187,3.0
606,4840,3.0,4.0
610,6157,3.281767889639352,2.5
610,54372,3.8690193933419397,3.5
610,90600,3.579508034431765,3.5
21,111759,3.50785072383637,4.5
22,5013,4.135890723448402,0.5
31,912,3.7777778107447544,5.0
32,361,3.0,4.0
33,1177,3.2915241199206466,3.0
47,81591,2.5546826880161184,1.5
47,96811,3.0662309009906257,4.0
54,17,3.0,3.0
64,27523,3.0,5.0
109,852,3.479375915205008,3.0
129,7458,3.915096424774893,3.5
140,1127,3.769907458368239,3.0
140,4220,3.0483923892254974,3.0
143,106696,3.1234807841826577,4.0
156,2100,3.317635590159072,3.0
156,2294,3.514371415785275,3.0
219,292,3.3284068514756933,3.0
226,3489,3.420305666758411,3.0
256,39183,3.9537129365085595,2.0
263,720,4.614825217070432,5.0
266,2395,3.6405184791136183,3.0
280,3948,4.008755931714138,4.5
284,595,3.9188444648453866,4.0
290,1385,4.539481084795794,3.0
317,81932,3.485760903737975,2.0
318,26073,3.0,5.0
343,50872,4.351536382789485,3.5
363,122918,4.0,5.0
382,356,4.48882822968691,4.5
399,7153,4.159168143493756,4.0
414,4898,3.1944655503942316,2.5
448,93982,3.0,2.0
469,2529,3.644360251710184,4.0
474,4546,3.76571799191724,4.0
509,35836,3.3099974670829977,1.5
550,122904,4.257894129319576,5.0
554,908,3.8795962339933006,5.0
592,788,3.8656603443172797,3.0
594,7742,3.0,0.5
596,5991,3.2781330075977473,3.5
599,23,2.190652256254761,1.0
599,885,3.0,2.0
599,166528,3.0206609226669228,3.0
606,5995,3.740036992618935,4.5
608,5449,3.4934996784863572,3.0
2,71535,4.166600370928751,3.0
4,4021,3.026550180722389,4.0
6,314,3.0,5.0
7,32031,3.0186071867166033,1.5
18,7318,3.690874627811859,2.5
39,2987,4.110669929685706,4.0
68,31049,3.0,2.5
81,380,2.951949084251946,2.0
84,1268,2.9999999999999996,3.0
111,673,3.140823632879806,2.5
113,2749,4.717842138303469,4.0
135,2997,3.998696887211186,4.0
151,736,3.8315258623095505,4.0
167,2083,3.331010036872527,4.5
179,780,3.57067155179682,5.0
202,2640,3.981912660249887,4.0
202,3104,3.8235749333356943,4.0
219,500,3.4755988959748203,2.0
219,60126,2.4999999999999996,3.5
222,33660,3.1650238528681895,3.5
241,2028,3.935484147844683,3.0
241,6214,3.0,4.0
275,1904,3.8754659379562626,2.0
288,3702,3.226053103801272,2.0
290,899,4.3955555902691055,5.0
313,2409,3.1624284163457013,1.0
318,1111,3.964938424130312,5.0
339,2318,4.5,5.0
365,48385,2.78211541406118,1.0
376,185,3.7584763617979124,4.0
376,1198,4.091371534377103,4.0
414,2551,3.3312555487024054,3.0
414,170705,3.165903480869941,5.0
452,4085,4.763049035029887,4.0
461,186,0.5,4.0
462,2076,3.7009625103027393,4.5
474,1938,3.249001377191895,4.0
474,46974,3.0673596356148773,3.5
477,595,3.561231101587425,3.0
490,307,4.270476773041067,4.5
493,1218,3.0,4.0
520,256,4.155183278623994,3.0
525,593,3.793385411068953,3.5
541,380,3.629120484614888,4.0
546,3917,4.201949437837875,4.0
599,64993,2.846817732355661,3.5
608,3977,3.6222390824369146,3.5
610,4034,4.008529689903647,3.5
1,590,4.3511379639247885,4.0
41,30812,3.52546482357896,4.0
76,750,3.2162101782974215,3.0
83,1960,4.001089385941085,3.5
132,2329,3.2467214803827944,4.0
132,6593,2.88292974665991,3.5
135,2004,2.735930039547013,4.0
141,2716,3.4251531702032905,3.5
177,709,3.1728020016226695,2.5
178,7153,4.27494996881047,4.5
182,4029,3.985937707916244,4.5
188,1244,3.8542389055712203,3.0
190,88125,4.25403228440953,5.0
202,1459,3.4416704786522487,3.0
226,5103,3.7762995198775484,4.0
232,2087,3.2098365423812316,3.0
288,3033,3.464685960557826,4.0
318,48774,3.7299114016629615,4.0
326,27803,4.349135463127694,4.5
326,81932,3.6067666087759216,3.0
346,32587,3.750951276065282,2.5
347,292,3.4414955765996633,3.0
354,1270,3.79690546799918,4.0
372,588,4.001911275141317,4.0
378,36,3.0,4.0
380,106072,3.6775964366286877,4.0
387,902,3.1509832814080294,2.5
477,34,3.6619907839436507,4.0
484,2718,3.872267784166328,4.0
515,527,4.999999999999999,5.0
534,47200,3.614788279141615,5.0
537,69122,4.206539029426128,4.0
552,5956,3.620009748761524,3.0
561,2291,3.7221998593812735,4.0
583,5620,3.2466249482219642,4.0
586,135569,4.6362999826514875,4.0
599,276,2.1359907186659437,3.0
599,2539,3.034393804353242,2.5
599,4105,2.7354800836598487,3.0
600,8261,3.0,4.5
610,52831,3.0,3.5
4,4020,3.386333886155124,3.0
18,48780,3.9202367426669955,4.5
20,6333,3.5707329251260456,4.0
32,345,4.1123316894180775,5.0
36,1278,2.655314773907226,2.5
39,1198,4.290229816411344,4.0
41,111659,0.5,1.0
42,3752,3.670489705662367,4.0
57,1597,3.0855492489077614,3.0
66,6539,4.192106452276679,3.5
84,1388,4.299063551896064,3.0
105,106782,4.02039359992601,4.0
111,551,3.1349696981699324,4.0
132,48,3.086759547135379,3.0
132,596,3.137184628732347,2.0
140,4623,3.707702147977965,4.0
169,2724,4.409517531040665,4.5
212,51540,3.559771692267232,4.0
232,31696,3.4524508618862835,3.0
274,27839,2.750087959131492,1.5
274,53972,3.341730487792406,4.0
312,5451,4.0,4.0
318,2797,3.628548429453197,3.5
325,2912,3.6889494087342825,5.0
326,70159,3.7223432272351986,3.5
357,1513,3.492981081432936,3.5
367,4308,3.7185203622259766,4.0
368,3930,1.9854024919946207,2.0
379,161,3.326894281183445,4.0
404,318,3.5431849433772227,4.0
414,1870,3.0,3.0
428,2459,3.0,1.0
446,265,3.34784774633943,4.0
446,350,3.015316048367574,3.0
448,4630,3.0,1.0
448,112138,2.7914711773983547,4.0
467,1408,5.0,3.0
474,7560,3.0,4.0
489,49824,3.5,4.0
525,72226,3.410727180813157,4.5
545,2300,3.0,2.5
561,551,3.7663995618862596,3.5
567,59315,2.5180264419951848,3.0
573,5064,4.406177320796691,4.0
587,3451,3.0,5.0
590,55247,3.555568822995436,2.5
599,37727,2.3659459226245008,1.5
599,55267,2.468202497274826,2.5
608,3257,2.879964807767452,2.5
6,867,3.0,3.0
41,6377,3.342339065662335,4.0
45,186,4.108118553377864,3.5
139,7454,1.8333521769420795,1.5
160,2021,2.708125970175171,1.0
186,3175,4.139511489252201,5.0
187,39292,3.9062237117495244,4.0
190,8368,3.9020625305020302,5.0
199,1100,3.3564970527410747,1.0
201,1676,4.151162589994251,2.0
215,144,3.0,4.5
274,1199,3.731942428166098,3.0
274,2089,2.977145220817329,3.0
274,2799,3.0586516655921483,3.0
274,3857,3.0,4.0
288,1394,3.4553903967426165,4.0
288,4110,3.0,3.0
290,300,4.01835181418872,4.0
293,1097,3.232755399053044,2.0
307,52722,2.7449401158197313,3.5
318,153,3.7594568580548056,3.0
331,84152,3.402993441393885,3.0
334,47404,3.5000000000000004,3.5
346,5995,3.6110235201769147,4.0
387,1198,3.5833251261494192,4.0
387,3683,3.879572648950285,4.0
387,49932,3.5549876917785985,3.5
414,4929,3.114090554962724,2.0
414,6222,3.0,3.0
414,7371,3.855282621127711,4.0
419,69860,3.0,5.0
421,39183,4.8379896082185345,4.5
434,7153,4.052025435234128,5.0
438,5665,2.7526982902666455,3.0
448,143001,3.0,1.5
474,2384,3.360916295431358,3.0
474,5802,3.0,4.0
475,86332,4.260368712897844,5.0
477,8874,3.9576978928635804,5.0
483,3409,3.1270558568780817,2.5
495,80489,4.131582047742298,5.0
514,2786,2.711461252272103,2.0
514,149330,3.0,4.0
517,4368,3.0,2.0
517,8368,2.6486607459694604,4.5
577,1017,3.5846188412795654,3.0
590,82459,3.083393310543948,4.0
599,1297,2.8570925012554644,2.5
599,2119,2.5,1.0
603,123,3.0,3.0
606,2677,4.0605919122919305,4.0
608,44191,3.9318572306331365,4.0
610,407,3.0,5.0
19,1333,3.3857863776525403,3.0
28,51080,2.6990970468239555,2.0
58,350,3.7690860066789487,4.0
62,52604,4.065141794518037,4.5
62,101864,3.949851508316985,4.0
63,53000,3.5608616336276113,2.0
66,1257,4.210651959365554,4.0
80,63113,4.3440601883435415,4.5
105,8873,4.122359191486294,4.0
109,266,3.352673456725846,3.0
119,356,4.294338511508246,4.0
140,3623,3.6878170810837765,3.0
161,3751,3.75448642227704,5.0
170,168,3.3087824741503136,4.0
200,4447,4.051166742655945,4.5
217,2989,2.9640806374835873,3.0
219,3868,3.4088406871493877,3.5
220,1589,4.232642862749813,3.5
226,4246,3.73473770461488,2.0
264,32,3.6957975710604023,1.0
265,2668,3.180981755903357,2.0
274,6564,2.8771338971925493,2.5
282,2028,4.185022995022048,4.5
288,2535,2.2879627902016084,2.0
288,4709,2.9122254598977686,3.0
288,34323,2.972760552652088,3.5
298,3037,3.262970729860403,3.5
307,4989,2.1535493784526087,2.0
320,72998,4.0,4.0
344,2762,3.82784010566183,3.0
356,1704,3.9666671594102003,4.5
361,3617,3.386702373583324,4.0
365,50872,2.9956568698910218,2.5
372,260,3.9341039474472366,4.0
387,1266,3.437972374716827,3.0
387,3838,3.0,2.0
391,1150,3.0,5.0
400,59615,4.541753539230581,2.5
414,4054,3.0860169790127943,3.0
414,5810,3.6766009739070697,4.0
432,5608,3.0,4.0
448,7173,2.900683016127935,2.5
462,4878,3.1759701474178486,2.0
464,1213,3.4720674182525393,4.5
474,1350,3.7229681797882703,4.0
483,109487,4.026482833251803,5.0
524,1210,3.762871131026441,3.0
552,3948,3.5251390508997167,3.5
561,2402,3.635911314491996,4.0
567,33493,2.424090827914336,1.5
580,919,3.582997383740471,2.0
595,2078,3.514703496536843,4.0
597,2289,4.503195299151124,5.0
597,2539,4.476205863570573,3.0
597,2872,4.338647953057488,4.0
599,748,2.4102154541759875,2.5
603,2530,3.3086726567372065,4.0
603,2717,3.190285780225981,2.0
15,69757,3.5,4.0
17,296,4.344712618812917,5.0
18,8958,3.6570712739569244,4.0
19,3550,2.122592966545156,3.0
28,2427,3.024453890832436,3.5
36,1358,2.5686230472324536,2.5
51,2407,4.0671132796266996,3.5
57,107,3.0525595898459206,3.0
62,135143,3.81990732415461,4.0
66,7028,4.0,2.5
75,47,3.421936712166702,2.0
84,10,3.624172128372303,3.0
84,858,4.048045868197107,4.0
89,3097,3.0,2.0
89,157775,3.0,5.0
91,3421,3.2877300086463066,3.5
101,785,3.608808624890012,3.0
104,4741,3.0,4.0
111,121372,3.0,4.5
121,282,3.078040702109106,3.0
177,948,3.682440849878531,5.0
182,2769,4.134876532663732,2.0
199,39292,3.5777633100229163,3.5
200,1028,3.9245191745566776,3.0
201,2858,4.30773975710826,5.0
223,51662,3.4816006713248244,3.0
234,2613,3.198160506175473,4.0
249,4865,3.836751617008488,3.5
249,114935,4.04356014980473,4.0
275,750,4.301979006512291,3.0
288,596,3.365815652330255,3.5
288,1196,3.5783620103817624,4.5
288,4898,3.3233466717433746,2.5
305,1387,4.199110245682327,3.5
305,87869,3.7023216816235496,4.5
306,115664,4.0,4.5
314,588,2.9632314729002682,3.0
328,35836,3.1276818653781446,4.5
329,750,2.366958242256131,3.0
353,110,3.748537166020586,3.0
365,95441,2.8906992264517277,5.0
380,110501,3.6093689765694217,4.0
414,5324,2.8104390520711156,2.0
414,8371,3.4046049592276764,3.0
415,356,4.1470470340256576,5.0
428,4643,2.786789502458349,0.5
440,1653,3.4876381604776228,4.0
445,356,3.980544421666032,3.0
448,3802,2.7371740861582587,2.0
448,8984,3.2198342207551502,1.5
460,1441,3.5,3.5
474,4022,3.807570509357579,3.5
480,2683,3.178070628427792,4.5
488,150,4.369495857270314,3.5
517,6662,1.0,3.5
523,5971,4.638851868026447,5.0
525,4018,3.6347259925499458,2.5
542,3863,3.2725200888730397,4.0
552,3020,3.9303927797887583,4.0
597,104,3.8660418663333442,5.0
600,3591,2.6533899347712158,2.5
19,606,1.8477082883395604,2.0
32,337,3.88674949777414,3.0
66,1541,4.222919927707225,4.0
139,88140,2.451305083984539,2.5
140,1962,3.7214445923656894,3.0
153,55269,2.972835009458469,2.5
167,327,3.0,3.0
177,3535,3.4680578090053906,4.0
212,122896,3.569344701038415,3.5
213,64969,3.962873432696111,4.5
233,48516,3.5975197114943813,4.0
239,4011,4.130385841802844,5.0
244,1377,4.123693856404029,4.0
249,96411,3.0,4.0
274,362,3.277643696050262,2.5
280,4039,4.379182542318538,4.0
288,2380,2.0477765193223143,1.0
371,3793,4.50080177301096,4.0
387,3271,3.3073114471375664,3.0
402,376,3.993623702627534,4.0
409,2858,3.953190589275883,5.0
422,3095,4.0,4.0
428,5128,2.7298093047826626,2.5
434,4896,3.9429743427038035,2.5
434,68157,4.1633503675156405,5.0
448,2124,3.1110295597596505,3.0
453,2599,4.020674323637541,4.0
483,26082,4.329657610831494,4.5
512,185,3.714614413486817,3.0
534,144734,3.0,4.5
561,146656,3.0,3.5
580,6365,3.935536357754717,5.0
599,2410,2.890357475398315,3.0
599,2976,2.572831089209775,3.5
599,4085,2.690761227627843,3.5
599,81562,3.0160028160113037,4.0
601,174055,4.240293397789717,4.0
610,26391,3.0,2.5
610,30793,3.9968538231205617,3.0
610,69951,3.384666796026193,3.0
4,1196,3.366354355049293,5.0
15,3753,3.943294421876413,3.0
30,79132,4.887801289754012,5.0
42,1961,4.12719374071528,4.0
57,2193,3.1548317642901464,3.0
68,34072,3.038307102506988,2.5
89,93510,2.953418507577011,3.0
95,6873,3.368620194374594,4.5
103,1213,4.291016363689938,5.0
105,95377,4.540910358939108,4.5
111,53993,2.907786332640136,2.0
135,4085,3.465828172156345,4.0
168,1222,4.614646708723161,4.5
177,1380,3.507374656480975,3.5
187,1917,3.2882688062550924,1.5
202,2248,3.8786324514804473,3.0
226,7325,3.4855774998115554,4.0
269,1,4.104457153683775,5.0
275,3911,4.152359026839523,5.0
303,1356,3.92589335200239,5.0
312,480,4.0629515470216875,3.0
312,968,3.6880997741952535,5.0
318,68237,3.660679883117883,4.5
321,208,3.6183668835846667,3.0
351,7254,3.9070979236969254,4.5
361,1374,2.6180557727475566,2.0
410,4175,4.004563062844428,4.0
412,1610,3.7048605933312877,5.0
414,1285,4.1794115684570246,5.0
428,588,2.6123051556853363,2.0
438,1,3.84543333864805,4.5
474,3526,2.7081051885535437,4.0
479,5448,3.0,2.0
489,5995,3.4306030803222964,3.5
489,59784,3.4342917373620754,3.0
517,6794,1.4888460693034993,0.5
525,374,3.0313683427832094,2.5
539,1060,3.0,3.0
546,2456,2.656869520444446,2.0
559,783,3.4510712873116907,4.0
560,48516,3.7162465564531715,4.0
560,109313,3.0,4.0
573,48385,4.430580781989628,5.0
590,32,3.7236358343633675,3.0
590,3363,3.631834557143956,3.5
590,4247,2.638829276668045,1.5
599,1647,2.3246600437705256,2.5
599,2788,3.3848515650200346,3.0
599,2826,3.045385318023865,2.5
600,4744,2.7731941022388886,0.5
608,6365,3.5776220808101677,5.0
610,6387,3.5,3.5
1,441,4.502822954895288,4.0
6,102,3.2625146896220154,1.0
19,1967,2.8921207908422377,5.0
19,2867,2.0792877648279284,3.0
52,96079,4.602134615469208,3.0
58,315,3.580247189602998,5.0
68,88140,3.837721931266999,3.5
84,457,3.7924962648829084,4.0
105,91261,3.0,3.5
110,1198,3.98590548400803,3.5
135,3005,3.1528462411215927,4.0
156,1060,3.764965864391563,4.0
177,95167,3.680150573147372,4.0
182,6003,3.3005212537971245,3.0
191,47,3.182119249253117,4.0
198,597,3.993369536371828,3.0
206,95,3.3971964073804615,3.0
207,2428,3.0,3.5
214,743,2.553327578522814,3.0
226,5247,2.6837445941370497,4.0
248,91500,3.747868907827241,3.0
248,177765,4.0,2.0
249,6242,3.2551315336246676,4.0
262,233,3.2205503982498764,3.0
275,921,4.781096430508223,5.0
283,500,1.8109330757741513,3.0
288,1080,3.610728876025854,5.0
288,6711,3.6952825193205467,3.5
292,108190,4.001856805636158,4.0
305,4439,3.627362871915817,3.5
305,47200,3.7763222494925768,5.0
318,81910,3.0,4.0
325,3863,3.9299603744039793,3.0
339,85342,3.7350122540708477,4.0
352,103249,3.671756511402712,4.0
368,1262,3.179902366180511,4.0
410,1228,4.002496757912251,5.0
411,457,3.660411511291811,4.0
462,32,3.035367208128064,3.5
469,1227,3.789081994696115,5.0
469,1253,3.9646522746847026,3.0
483,339,3.272418166346875,2.0
495,4816,4.111141089587472,5.0
509,109374,3.439552104269824,3.5
516,3471,4.082048771366638,5.0
523,31696,4.720049124799554,5.0
532,1954,4.486785858805364,3.0
555,4007,3.4907644853668205,3.0
573,2394,3.7878547869281767,3.5
573,4226,4.415663628553924,5.0
582,59315,4.040598682389104,4.5
586,368,4.22463435945745,4.0
590,2991,3.1818490835675606,3.0
606,3391,3.5669548797311785,3.0
606,69644,3.6697274766869086,4.0
16,1203,3.7012105682540226,4.0
32,7,3.051191125138417,4.0
41,65230,3.3371446744337865,3.5
45,2541,4.051302911064395,4.0
47,2121,3.0,2.5
47,117881,2.7282207491178085,4.0
57,1030,3.2744971904766893,3.0
91,442,3.2973586299088176,3.0
91,4084,2.9755912281028336,2.5
103,86815,3.0,3.5
125,2959,3.9105543465140205,5.0
144,440,3.5474209656823077,3.0
177,7,3.033956949366654,1.0
183,733,4.4135585856562844,4.0
195,1090,3.7107129151125666,5.0
203,3578,4.184316650243748,5.0
224,260,4.649892280146295,2.0
288,3771,2.2798360424916937,3.0
298,2628,3.0045961595964368,3.0
298,56367,2.8043888061895723,3.5
305,111360,3.4893456382850094,2.5
308,91529,3.088270735864659,3.0
309,1269,4.022832793066195,3.5
323,527,3.449152484183511,4.5
368,2347,2.568715061547474,3.0
380,1974,4.071606888462837,2.0
380,4638,3.6546598376691315,4.0
387,3424,3.609328075674852,4.5
408,41566,4.323456766047591,5.0
414,6027,3.9689826593977764,4.0
430,2321,3.846515680252861,4.0
438,3408,3.4795261152820363,3.5
447,227,3.4380972475230993,3.0
448,33615,2.6489146599715,4.0
452,880,4.0,2.0
474,1333,3.6968659404765085,4.5
474,3111,2.661979195870766,4.0
474,4921,3.4157908622943935,3.5
480,3252,3.6676653347912125,4.5
482,8972,3.9510567693780225,4.0
483,910,3.648182052680063,4.5
489,435,3.8926431546002913,1.0
489,5014,2.343286142963122,3.5
509,4025,3.3035682207132036,3.5
564,63131,3.661476542703875,3.5
571,1924,3.0,5.0
580,33493,3.9707300351615515,5.0
587,1073,4.192827605332734,4.0
587,2797,4.211366153915872,5.0
599,1259,3.512369517763389,3.0
599,2541,2.7560052907504504,2.5
599,2567,2.3933145051280893,2.5
606,263,3.0,4.0
606,4508,3.635082803895092,3.5
610,4153,2.6819237650312795,3.0
1,1256,4.834301359515423,5.0
17,2194,4.3258984024385745,4.0
33,25,3.6510087240585327,3.0
45,1641,4.025034692955223,4.0
50,1968,3.2765429988987793,2.5
62,2,4.154740230972653,4.0
68,56775,3.419379013840649,2.5
91,2692,3.2442401447629736,4.0
132,3275,3.247529478406798,3.5
156,5712,3.5,4.0
169,1517,4.248269769208543,4.0
200,50442,3.552279169390639,2.0
217,1779,2.6727733027665397,3.0
222,122,3.0,2.5
275,461,4.021882559658236,1.0
275,535,4.291962572062631,5.0
292,4102,1.0,2.0
298,5941,1.3928495701011911,2.0
307,7444,2.0795170115049766,2.0
318,77191,3.8461781422031494,4.0
370,4973,3.6034590062820415,4.5
372,608,3.9214318984194607,5.0
380,86911,3.5857380293934487,2.0
387,2990,3.1355578632427274,3.0
402,442,4.17579934276645,4.0
414,280,3.1111034116856398,4.0
428,5025,2.573680563801641,3.0
430,1680,3.0,5.0
432,68319,3.8321560967655923,2.5
436,471,4.0080839191966895,3.0
437,1293,4.44366545481057,5.0
438,7154,3.074541023539701,2.0
448,138210,2.38792448180132,3.5
474,1995,2.629764309820969,2.0
476,261,3.8120156508626426,5.0
489,1186,3.313699148016354,4.0
489,3742,3.721702097999022,4.5
490,4896,3.122633543241438,3.0
494,1201,4.515220281074921,4.0
502,2640,4.359729474344198,5.0
534,2947,4.051435589450831,4.0
551,59369,3.4453615931275414,4.5
590,193,4.0,2.0
597,1208,4.518457299003214,5.0
600,3863,3.4475731103692406,2.0
606,627,3.996238426768859,3.5
608,4246,3.577747093993722,3.0
610,2879,3.3358110915173187,4.0
610,51927,3.4217005522732773,3.5
19,3401,2.2187354331467612,2.0
24,608,3.942105716255424,4.0
68,5,2.6668457982421785,2.0
68,2987,3.2439602850980167,2.5
74,1208,4.660765341573729,5.0
76,31410,3.0,4.0
89,121007,3.0,4.0
103,837,3.7415542255602894,3.5
141,480,3.4845763139591894,3.0
160,2329,3.7051839852441977,3.0
177,1244,3.6575132434964717,4.0
199,731,3.0,3.0
202,3682,4.527468441717963,3.0
204,1206,4.466513683785958,4.0
232,44731,2.7230204614258944,1.5
235,592,3.7833539992678693,3.0
265,3699,3.3728268305590845,4.0
274,1517,3.3180313284487606,4.0
274,3534,3.1850506711375313,2.5
274,7387,3.753605252746031,4.5
307,3250,2.1015815256921004,3.0
317,79132,4.10097227224091,4.0
318,76175,3.2941231410464185,2.5
356,1291,3.955490370857062,4.5
363,1704,3.2117990201816133,5.0
368,3219,2.9950519346595135,3.0
379,34,3.2676829996567123,5.0
414,308,3.4889554954355737,4.0
414,2835,3.0,1.0
417,55247,4.600971220229049,5.0
448,7143,3.157232268717194,4.0
474,318,3.8952551798299755,5.0
480,2005,3.632270227983524,4.5
480,37380,2.784112005695301,1.0
489,838,3.996637992470456,3.0
517,1721,2.5821368715847757,3.5
542,4025,3.638677734588877,3.0
546,366,2.9534920336733808,3.0
561,2808,3.2438327905785878,3.0
561,108932,3.414267236935467,3.5
563,106920,3.684767344139498,3.0
572,2289,4.5491654186787835,3.0
590,37741,3.2765411102133175,3.5
599,1484,2.457931200300641,3.0
599,45648,3.0,2.5
599,92309,2.6488622934298203,1.5
608,586,3.298326673831094,1.0
608,8665,3.8997602560410543,4.0
610,40278,3.3267768881331135,4.0
23,541,3.6833558240696114,5.0
28,41566,3.1468195713376144,2.5
42,2306,3.3028283495728283,3.0
52,60684,4.6331356610609244,4.0
57,2687,3.8623818786253263,4.0
68,5349,3.4214107597484142,4.5
68,44709,3.158687641636927,4.0
74,55290,4.375305151192952,4.0
117,277,3.664610328499466,4.0
125,161580,3.607543587817922,3.5
140,5388,3.111599602835301,3.0
141,1,3.6623928225023845,4.0
141,6365,3.700553810491537,3.0
160,748,1.3811813129190678,4.0
177,3977,3.3979556750925726,3.0
187,296,3.557057113010792,4.5
198,4011,3.7114887007628456,3.0
200,1088,4.120601391558022,4.0
206,608,3.0,5.0
216,2289,4.1830577021405295,4.0
223,8784,3.602361143045119,5.0
249,480,4.040359313607265,4.0
288,1013,3.2208942893274632,3.0
292,95167,3.700546010818425,3.0
294,2468,2.6696980733556854,2.0
298,293,3.191943228342785,3.5
298,50912,3.4100553980004302,2.5
305,1207,4.465709105921315,4.5
387,4015,2.780956388927276,3.5
405,1673,4.08565227724682,4.0
414,49824,3.9334885576935674,2.5
415,1221,4.2191065432675625,5.0
477,57368,4.024055967098158,4.5
483,40815,3.504957262546269,3.5
483,54259,3.878891878612029,5.0
511,3307,3.0,4.5
534,4886,3.9401294042722177,4.0
551,49272,3.5684202342845914,4.5
560,48394,3.787627738190242,4.0
596,367,3.509125273611921,3.0
596,33649,3.0,5.0
596,106072,3.520802808703751,3.0
596,111800,3.0,3.0
599,2950,2.5323712908483,2.0
602,253,3.4917588362276297,3.0
610,79879,3.4229627821661537,3.0
6,631,3.6827451928278876,4.0
15,56174,3.3990904945766527,3.5
24,132660,2.304539189812511,4.0
41,4014,2.8497568679500387,3.5
57,940,4.099581792663656,4.0
62,54997,4.123561524554009,4.5
66,1090,4.1676648204900575,4.0
68,3534,3.125890225513534,2.5
105,89864,3.9493842469513467,4.0
111,160567,3.6636151514779023,4.5
160,1722,2.8949311475820347,1.0
168,4973,4.676497104906856,3.5
182,1391,3.3768161304864885,4.0
186,1375,4.11893789123521,4.0
191,673,4.0,5.0
200,3916,3.9451313377176644,4.0
202,531,4.0,4.0
219,2567,2.9970348868445065,2.0
222,2205,3.0,3.5
232,1,3.494257734868616,3.5
232,56367,3.734772707716617,4.5
239,2797,4.047468830606738,4.0
249,2467,3.990910721959701,4.5
275,373,3.5616244939508133,5.0
288,2096,3.2598906739760487,3.0
298,106072,2.4764945764412145,3.0
322,47,3.509533721168623,4.0
351,92048,3.371289952526879,4.0
381,589,3.534982032656768,2.5
381,71745,3.264333054186393,3.0
387,1342,2.6011541960916644,3.0
393,77561,4.2901951452508476,4.0
426,4896,3.668624847004885,5.0
447,329,3.863038367359188,4.0
462,69526,3.1401959496276315,3.0
480,41566,3.6244722666637728,4.0
484,1513,3.8601424943102054,4.0
484,33794,3.7628196418552604,4.0
491,6539,4.179228192678893,3.0
497,2762,3.4633761044199076,5.0
534,592,4.06969101841479,4.0
560,4226,3.7513041168966392,3.5
562,3006,3.510604733864669,3.0
597,1350,5.0,5.0
599,327,2.2430263216959734,2.5
608,193,2.654399274632242,3.0
608,4887,2.9019374001969545,3.5
610,1485,3.9688614140219736,3.0
610,113862,3.0,4.0
6,1042,3.0,3.0
7,8666,2.3018756307229293,1.0
42,1614,3.7609283600338266,4.0
64,1408,3.8002677300781125,5.0
68,223,3.1250220693137787,1.0
84,350,3.5386505806074706,4.0
103,6936,3.979392343052735,5.0
105,58803,3.580456419389079,4.0
109,249,3.0000000000000004,4.0
125,122922,3.852455051795386,4.0
137,150,3.792864026311694,3.5
199,229,2.2821655142539528,3.0
200,8949,3.9612660341487618,2.0
217,2622,2.581772425823741,3.0
219,1391,3.343856606054298,2.5
219,2502,3.498212198850923,4.0
221,8228,4.367398495532754,4.5
256,293,4.093442959239578,5.0
274,32,3.694100548711211,4.0
290,2959,4.450607097946922,3.0
294,2797,3.157974942133861,4.0
304,62,4.085990040726344,5.0
318,76093,3.581558219909666,4.0
330,1380,3.887730489665858,3.5
330,2324,4.096498732569894,5.0
334,5971,3.7968782316963905,3.5
337,637,4.002905920813939,4.0
365,159858,2.742635197328907,0.5
368,1198,3.497489816024523,4.0
380,87430,3.5728536635005246,2.0
385,588,3.500634123560468,4.0
414,1498,3.3372618518171815,4.0
414,2707,3.3816317020939,3.0
414,5418,4.028617305238558,4.0
430,4027,3.938885180367659,5.0
448,86593,3.0,2.5
453,4701,3.373585070625567,5.0
457,110,3.6966860238346757,5.0
462,1721,2.9935759001864035,2.5
474,1036,3.7194343301232915,3.0
480,5323,2.7450029704635064,0.5
480,6188,2.817654435888307,4.0
503,2114,3.016175738201183,3.0
551,1370,3.7489949754859992,4.0
553,50851,3.0,5.0
594,1240,4.271685848479384,5.0
594,6754,3.9216743515476136,5.0
599,26159,3.0,3.5
599,95182,2.4941566938950896,4.0
605,26152,3.2106199666477595,3.0
608,3461,1.743204489616162,2.0
610,134368,3.821116393788604,4.0
7,6863,3.4565605806330524,4.5
89,121338,3.0,4.5
100,7149,4.676885758373719,3.5
105,905,4.0,4.0
136,274,3.1432438035491606,4.0
140,373,3.1178113656255118,3.0
144,1580,3.661446053735001,3.5
221,7162,3.860262410409885,3.5
232,953,3.673143125032463,4.0
265,1961,3.7841452792172294,4.0
269,74,3.4572671336414076,5.0
274,62081,2.881319214799075,2.5
280,919,3.638063645276973,3.5
318,1527,3.5921022176861532,4.0
318,109187,3.9370738574856325,3.5
330,1961,3.8635603472566333,4.0
339,8957,3.8388214405284935,3.0
339,96829,4.496595714823324,4.0
354,7254,3.3323479545400634,3.5
362,592,4.490137655029763,4.5
380,6220,3.334611075201687,4.0
381,4022,3.6386072746568687,4.0
381,5971,3.5594706723939282,4.0
387,968,3.328962742524514,3.5
408,51662,4.257900150197681,4.0
426,5266,3.9389122612223275,1.0
433,6874,3.749649441927127,4.0
438,4343,3.3842012223435844,3.0
474,965,4.365283635994331,4.0
474,4903,3.2626254087371493,3.5
477,2116,3.1639611446908935,4.0
479,1198,3.3231478158097616,4.0
483,2953,3.4299719907930135,2.0
489,1259,3.493744362489647,3.5
491,2671,4.5278498273925685,4.0
517,586,2.8531115091738988,5.0
531,3699,3.0,3.0
542,7361,3.7757110561986136,4.0
594,5299,4.4356551153208255,3.5
596,589,3.523264782523526,3.0
599,34800,3.0,1.5
601,112556,4.420447057343254,4.0
602,290,3.046843667243626,3.0
603,2628,3.3508700308889243,1.0
606,6370,3.5504746031133774,3.5
606,30822,3.5011696684706433,3.0
608,2105,3.241649088128039,3.0
610,3826,3.8597518498791104,3.0
26,349,3.3437155371760556,3.0
32,527,4.558612317116963,4.0
40,267,3.52938972860884,3.0
45,2947,3.960136155586137,4.0
50,5810,2.668975921585112,2.0
50,72378,2.3024318445393166,1.0
64,2248,3.776173031907589,4.0
73,8533,3.4305670185504424,3.0
74,51540,4.359567486918769,4.0
82,1,3.4637925671694036,2.5
105,5952,4.012284836274548,4.0
130,292,3.5031849431842157,5.0
166,51080,3.0,4.5
239,293,4.159954408812592,4.5
254,3362,4.179519619745897,4.0
261,1431,2.5,3.5
266,2580,3.7478734083517673,4.0
267,2455,4.503902160087743,5.0
267,2706,4.261669824114422,5.0
275,1466,4.189628775226257,3.0
305,88125,3.6667217605780102,2.5
322,2762,3.502656420875688,4.0
327,1213,4.384010363247407,4.5
352,1089,4.169325845699125,5.0
368,2617,3.069054127304484,2.0
375,2805,3.0,4.0
380,98124,4.053262199690773,5.0
381,3254,3.5246340279255017,3.0
381,3552,3.5387267055734344,2.0
387,4489,2.967691608394124,2.5
425,1721,3.588999507061583,3.5
448,3253,3.4420629852466456,4.5
448,7373,3.126880139179629,3.0
448,115151,3.0,2.0
480,317,3.1181860105485235,2.5
480,3300,3.3818011492469684,1.0
483,1923,3.750466667740835,4.5
524,204,2.905595376997813,3.0
534,2294,3.9582933696860834,4.0
534,8917,3.825803340691506,4.0
542,30825,3.1429663707224105,4.0
555,1321,3.703506900489455,3.0
587,344,4.579024071209031,3.0
606,1729,3.697927469129356,4.0
610,51935,3.369693077673798,3.0
610,111759,3.8924672604545174,4.0
61,27831,4.0,4.0
95,358,3.0,3.0
105,3462,4.216401848070931,4.5
119,91542,4.3723152336081785,4.0
125,5218,3.7672686977627565,3.5
129,1210,3.9257189037011795,4.0
141,45517,3.431698060121182,3.5
177,46970,3.1843396523305456,2.5
182,16,3.885827708607597,5.0
186,3070,4.0321311715428205,3.0
198,1079,3.8091526456029876,2.0
202,2231,3.9897213469926776,4.0
203,5952,4.264921197710696,5.0
221,3039,4.223208329846341,4.0
247,112852,3.7844194412741268,4.5
270,141,3.8664834372367975,3.0
274,1882,3.233493493163876,1.5
275,2360,3.9146938355658283,5.0
279,2716,3.749817011619206,3.5
282,73017,4.106063132840604,2.5
288,3354,1.6734449105967624,2.0
294,2395,3.045184681517111,3.0
304,1722,4.167940259503593,3.0
318,5379,3.7017870243054705,4.0
382,60937,2.228268137420379,2.5
391,34,3.5813520714190776,3.0
391,2232,2.984592677688736,4.0
411,1,3.8140119243758583,5.0
412,1284,4.7982821159272,5.0
414,3617,3.309496511403081,4.0
419,31410,4.0,4.5
432,3186,4.116294251725602,2.5
448,7458,3.2622542316813705,3.0
448,79224,2.4850290138710114,1.0
474,597,3.7015153932421843,4.0
474,2090,2.7788942671727166,3.0
474,6183,3.3965475614904994,4.0
477,2335,3.66740109093785,3.0
480,4963,3.6933398086090143,3.5
480,4973,3.9463198989358124,4.5
489,1393,3.343997840020606,3.0
504,5669,3.934146283345686,3.5
534,65802,3.407682018510847,4.0
555,2240,3.822125589077258,3.0
572,953,4.404459493276205,5.0
573,6373,4.419925601901856,4.5
580,4963,4.008893015432007,4.0
582,91630,3.796770393563592,4.0
603,1957,3.5618012225573414,4.0
606,53127,2.5,3.5
608,4886,3.692015849112455,4.0
27,2115,3.8308523537603927,4.0
28,8937,2.7618614825492074,2.5
36,2302,2.2441929560844787,1.5
52,58559,4.568085092169435,5.0
115,594,3.821577343004391,3.0
122,6333,4.642663317423349,4.5
140,1083,3.534603907391147,3.0
157,2720,4.0,2.0
176,590,4.021919790786178,4.0
194,1288,3.0402277697172115,4.0
199,3671,3.70346581047224,4.5
199,7325,3.1239221813321074,4.0
202,1958,3.8438315605584843,4.0
217,3461,2.498892165905629,2.0
217,3479,2.7724560936914306,2.0
219,4701,2.783435377647178,2.5
231,589,3.9181449007486497,5.0
268,1625,3.2129468789634106,3.0
286,6365,3.2375216898682146,1.5
287,2959,3.0579889642827442,4.0
298,165,3.1362830745172796,3.0
298,60040,2.3286516938849684,2.5
300,5995,4.068493990016612,4.5
325,3733,3.5316202811656097,4.0
326,1955,3.0,3.5
368,2533,2.754141502617402,3.0
376,1196,4.014843682053127,4.0
380,94160,3.0,3.0
404,377,3.451022585427402,4.0
410,1172,3.9142644813655196,4.0
448,44665,3.062681524004271,3.5
469,2058,3.7735903329686473,3.0
474,4644,3.5343929032610037,3.0
476,329,3.826928594127323,3.0
517,2396,2.7570512933369655,1.5
534,6377,3.9673551276142383,4.0
567,127298,2.3100203201853016,3.5
572,527,4.289112581603106,5.0
575,2436,4.0,3.0
580,44195,4.091748162403539,2.5
580,45447,3.9079907599764523,4.0
603,4427,3.5443460644972613,4.0
610,80126,3.3775603099234472,3.5
610,94867,3.0,3.5
19,351,3.0,2.0
32,1198,4.730390758262387,5.0
51,3421,4.062732749156382,5.0
62,97921,4.119161252577875,4.0
64,4979,3.9679895867652237,4.0
74,8838,3.6316570049609576,5.0
89,146986,3.0,4.0
91,1968,3.32615725216143,3.0
100,900,4.250198762858749,4.0
104,6169,3.5744658121465958,3.0
104,6593,3.8313845831544495,4.0
111,79592,3.373331531603747,3.0
121,296,3.3549958499360986,4.0
164,1200,4.39781735849996,5.0
187,288,3.630576953849921,3.0
198,589,3.8328828433605624,3.0
198,3534,4.0,4.0
199,4308,3.7543248504952533,3.5
200,441,3.8759381037901863,5.0
219,33166,3.528257584286833,3.5
221,6016,4.350097382574174,5.0
226,56174,3.496167053148203,4.0
247,142488,3.9993977149053515,5.0
249,6958,3.009335243943163,2.0
254,648,3.9812949256914405,3.5
274,1806,3.0408436494071847,3.5
298,118696,2.47677868161909,3.0
328,8665,3.366770066382623,3.5
393,53125,4.286624267432716,5.0
395,1032,3.0,1.0
397,5291,4.0,4.0
406,5620,3.0,5.0
414,4041,3.198740039392005,3.0
421,5008,4.5,4.5
448,8290,2.8619130167507256,0.5
455,34,3.4537320687999515,4.0
462,1258,3.2287668856107006,2.5
474,2788,3.570874878527117,3.5
483,111362,3.5013311581034996,4.0
498,216,4.0,5.0
499,1967,4.558490445319302,4.0
525,96821,3.5799080228367273,3.5
560,1961,3.7119196871089777,3.5
561,4246,3.5241584577538503,1.5
572,1276,4.551917349418504,5.0
590,801,2.2619399044382695,2.0
597,1214,4.323062346903894,5.0
599,5505,2.405842493090148,2.5
599,7045,2.0024137866818803,3.0
599,96728,3.023980418491106,3.0
603,457,3.3751059704778714,3.0
610,2288,3.9526715901459113,5.0
4,1183,3.474705086951657,1.0
32,74,3.0,4.0
57,3614,3.311416714553332,3.0
58,597,4.009687550873293,5.0
62,78772,3.3672596755738162,1.0
63,1527,3.4114736306960505,3.5
82,780,3.581869404902957,4.0
97,4367,4.117858183223353,4.0
97,4701,4.001092576772727,3.0
102,223,3.363144904319783,5.0
108,3795,3.0,5.0
111,135436,3.3934808667257066,2.5
143,6593,3.1864398391023476,4.0
177,922,3.825508006785798,5.0
177,3909,3.100997945131385,1.0
182,902,4.180447229567434,5.0
182,3897,3.6047797648756768,4.0
198,4381,1.5144140061684745,2.0
200,59315,3.9919740542550364,4.5
232,4148,3.5098277718975837,4.5
235,508,3.8515876111906766,4.0
274,8972,2.9947252161587516,3.5
288,1276,3.8065271777993304,4.0
292,97470,2.3317395848562423,1.0
309,1272,4.045578250154506,4.0
318,74226,3.0,5.0
368,3162,3.0,3.0
380,965,4.0,4.0
387,1449,3.6138951885439203,3.0
414,2940,3.3709665015781,4.0
448,3751,3.5373185706024777,3.0
469,1213,3.9526952857362327,4.0
469,1230,4.2809810054832065,5.0
469,2966,4.255093495393545,4.0
474,4704,3.0,3.0
483,1220,3.4607679502745285,3.0
489,4027,3.2763207922232125,2.5
509,66934,3.233409037234869,4.5
564,88163,3.5916698714197337,5.0
570,2841,3.2261015313165418,4.0
596,2701,3.209032147241335,1.5
602,410,3.4294583529554905,4.0
603,363,3.7037287375373213,4.0
606,6287,2.94084867970083,3.0
20,2089,3.4770826353779554,4.5
33,2333,4.0,4.0
47,1203,2.7955407353426325,2.5
68,8972,3.272991973728299,3.0
74,3863,4.105828535808689,3.0
89,74342,3.0,4.5
105,36529,4.054673432298937,4.0
140,1095,3.462156103689077,2.0
153,65230,3.0,0.5
156,869,4.091977422146131,4.0
200,53125,3.960649206587265,4.0
226,145,3.7894981557719514,3.5
232,30707,3.841268959156385,4.5
232,34162,3.585511446537966,4.0
256,60069,4.0227664125582905,4.5
260,4034,4.222271354027546,4.0
265,1945,3.5916206148706493,4.0
288,205,2.7145777078155224,3.5
298,1466,3.300017967024139,2.0
298,4022,2.81497979275972,2.5
313,1717,3.734894011925151,4.0
318,95720,3.4788680554340807,3.0
358,47610,2.9449241537053266,4.5
368,733,3.2699277455317093,3.0
387,4005,3.091619827574466,3.0
395,588,3.234712717543403,2.0
396,3977,3.1936193598657527,1.5
409,2772,5.0,1.0
414,37741,3.7889617483112503,3.5
474,9010,3.367869767629332,3.0
476,215,3.0000000000000004,4.0
478,34048,3.532134492800028,2.0
509,3615,2.8660748150566167,3.0
517,102407,1.770105745385654,3.0
521,32,3.5166904762008584,3.0
553,53322,4.521290002526021,4.0
560,73344,3.663477458218753,4.0
567,87430,2.007474351116447,1.0
599,281,2.1283232858799783,3.0
602,551,3.685497154595494,4.0
7,45668,3.0,1.0
21,133419,2.4925569965972927,3.0
42,4153,3.174989251894963,3.0
50,122882,2.4232077450875833,3.0
59,2763,3.982200917390631,5.0
64,7147,3.8701413716309796,4.0
79,2406,4.384586786096592,4.0
84,915,3.9934153664562175,3.0
105,91542,3.9568578505143304,4.0
111,59315,3.3800323683112383,2.0
133,480,3.0516202615746026,3.0
144,1036,3.657063061844811,3.5
148,112852,3.6673722774580932,3.5
156,919,3.528829399466254,4.0
187,31410,4.0,5.0
191,236,1.7096229050585265,3.0
202,3039,3.892201723972009,4.0
212,1291,3.441618547559435,4.0
217,2786,2.556823439650701,2.0
223,3793,3.4753656694964827,4.0
234,1356,3.5742687881541944,3.0
243,153,4.172028498500839,4.0
246,1304,3.772618960925277,4.0
249,1201,4.264507712080512,5.0
280,4306,4.041260236380163,4.5
288,5618,3.8186840340031636,4.0
290,2268,4.283017781123798,4.0
296,1704,3.970427464895116,5.0
305,84152,3.791059335158222,4.5
307,175,4.0,3.5
307,52975,2.249018257830947,2.0
328,7153,3.2774501970942844,4.0
332,1204,4.10219237923809,4.5
342,5014,3.0,5.0
356,5577,3.9411262835208447,4.5
359,370,3.2837277779921146,2.0
380,2232,4.046023048338157,2.5
410,3362,3.934249931631277,4.0
411,292,3.5701222116639704,3.0
414,6947,4.037531430945437,4.0
418,127108,4.5,4.5
426,63082,3.7736373085585946,2.5
428,3821,2.4123445483479315,1.5
448,80549,2.9805015411434788,2.0
448,86293,2.4650327263879106,2.0
474,2478,2.529749889053574,3.0
474,6156,3.726094200506292,3.5
495,3826,4.0836599112480005,3.5
499,27731,3.0,3.5
502,1674,3.7945752068110723,2.0
509,50802,2.278240805852128,3.5
514,2791,3.7633501398198126,4.0
514,5205,2.5,2.0
520,7812,3.0,3.5
525,8784,3.773061850982575,4.0
603,2581,2.738258272146455,1.0
604,611,3.0000000000000004,5.0
4,232,3.6345315306078563,5.0
20,3882,3.3066878958305663,2.5
32,1073,3.8319770384842267,5.0
57,1036,3.706048016680073,4.0
64,597,3.7202570923630525,3.5
94,457,3.2858547315839086,4.0
103,969,4.0,4.0
142,34,3.957986027431835,4.0
177,50,3.620919064313101,4.0
182,1237,4.224526698520615,5.0
182,3033,3.5510071173111717,4.0
184,127212,3.0,4.5
198,480,3.8458729498256337,3.0
202,300,3.874377067790248,4.0
212,1954,3.2848429186383665,3.5
217,494,2.7957445197787933,4.0
221,6987,4.0,5.0
226,3408,3.4433773192123835,3.5
233,2997,3.675338633435416,4.0
256,3301,4.145432349735526,4.5
274,2947,3.513481100250613,4.0
275,3261,5.0,4.0
286,8961,4.142571874137489,4.0
292,33677,2.0512743123032235,3.5
298,1175,2.7746557646744527,2.5
305,73321,3.9176664320907966,2.0
368,2302,2.939808948881115,3.0
377,1214,4.161735240222369,5.0
385,1198,3.9774342014976996,5.0
393,2959,4.261851602150299,5.0
414,4308,3.994046462371235,5.0
414,55118,3.718503038856609,4.0
417,58559,4.59595883554804,4.0
436,532,3.0,3.0
448,2404,3.032260729883151,1.0
448,5419,2.826875194611091,1.5
448,78116,3.0,3.5
450,524,3.0,3.0
469,2288,3.3963948596796056,5.0
474,7143,3.4194946340971804,3.0
474,7151,3.414715577929053,3.0
474,8530,3.607615864358146,4.0
482,653,4.179420284664221,4.0
483,780,3.2027271932580565,3.0
525,3969,3.3730173673115544,2.5
538,1035,4.7705131631253685,5.0
588,350,3.207999863056061,3.0
599,172,2.9975622196198417,2.0
599,3571,2.665094129515935,2.0
599,3698,2.9040048448901414,3.0
608,65,2.18473460742015,2.0
610,4878,4.190868572475767,5.0
18,6874,3.8881030340325347,3.5
21,95510,3.420768539191965,3.5
28,290,2.637329972154795,3.0
46,380,4.008993230235391,5.0
52,122900,4.47791795524542,5.0
95,3994,4.036468838586421,3.0
105,146028,3.0,4.0
135,1429,2.9529759628457004,4.0
139,5026,1.994593766606867,2.5
156,915,3.966224070556963,3.0
160,1265,3.3373247177080447,2.0
169,5103,4.752189063821928,4.0
180,1213,4.0,4.5
191,300,2.8221239766480197,4.0
200,37386,3.735975304624132,2.5
201,1035,4.4527181529187345,4.0
202,11,3.76086590468788,4.0
210,8907,4.125609602284344,1.5
219,5507,2.7804564186753695,2.0
221,551,4.046740247248508,4.5
225,2454,3.0,4.0
226,4022,3.8129665240158044,2.5
263,5377,3.9690615453344256,4.0
268,898,3.9779124465544573,5.0
273,466,3.52342223346269,4.0
274,81834,3.3907408629823284,3.5
279,780,3.843575334590359,4.0
280,45447,3.9504480279332554,4.0
292,90249,3.279747519037231,3.5
296,2959,4.040389485924413,5.0
298,91128,2.30742032144004,2.5
313,2406,3.1603789506218525,2.0
331,8533,3.217893223187257,4.0
354,1204,3.788845331497651,4.0
357,4027,4.012397425935355,5.0
367,3825,3.743579077908388,4.0
373,435,2.451247914912711,1.0
382,34520,3.002147676582715,1.0
387,27773,3.934362697700976,5.0
412,915,4.787268844871684,3.0
432,32587,3.517189595798994,3.5
462,471,3.4465656069368626,2.5
469,32,3.905200315548302,5.0
469,3210,4.024300823542057,3.0
514,161,3.691979506722883,4.0
520,7454,3.8317419486647926,3.5
525,60069,3.6388984904186708,3.5
572,2819,4.844412544253446,5.0
590,435,3.019723647300694,2.0
590,3451,3.7388644000866127,4.5
603,193,3.0,4.0
603,1759,3.0,5.0
605,780,3.40640089968922,3.5
606,3824,3.471474036380174,3.0
2,115713,3.4716236732743466,3.5
18,1208,4.111566209441965,3.5
24,165,3.786615444557784,3.5
28,3317,2.9961840206508747,2.5
28,55276,2.5624052137028372,2.5
55,27831,4.5,5.0
59,2067,4.671759377977519,5.0
68,4734,3.209062468503027,3.0
68,5110,3.477334585454216,1.0
75,36519,2.4442769331178473,4.0
105,5971,3.669403952741687,4.0
132,4168,2.5,2.0
153,92259,2.390912783314242,3.0
155,3744,3.9628666575029805,4.0
159,88405,3.7506156785467155,2.5
199,111,3.889018643590429,3.0
200,1213,4.106578354686321,4.0
200,6942,3.988677476030461,4.5
201,1517,4.6401161542381715,4.0
239,3452,3.146877538094909,3.5
255,2102,3.0,1.0
292,4776,3.471599919292491,2.0
294,3701,2.448352649612166,2.0
312,5219,3.814651673478189,1.0
356,3949,4.067422094957232,5.0
365,67734,2.6834245962208314,2.5
381,2683,3.6191724350542076,3.0
387,1302,3.243472745148572,2.0
391,4298,3.333686556281994,5.0
392,1125,3.0,2.0
392,2694,3.7096507561261047,4.0
409,3363,4.043705987957297,5.0
414,421,2.439606924794486,3.0
414,2320,2.381213722045388,2.5
414,4978,3.5565978992541525,3.0
419,5956,3.923759231455327,2.5
437,246,3.9892880355999325,5.0
438,3996,3.819606270799462,5.0
447,377,3.9679339700577927,3.0
448,1573,3.458028320314169,3.0
474,344,3.4788936007091,1.0
480,38886,3.381052385013813,2.5
497,608,3.535558182524831,4.5
542,2694,2.8886572385150027,4.0
561,83134,3.1388577519571452,3.5
570,10,3.365050647157187,3.5
603,5060,4.043632886996762,3.0
27,3489,3.4054309233758473,5.0
32,1061,3.3265775894328367,4.0
34,4306,3.6133399781266324,3.5
58,364,3.9296760249472946,4.0
62,91542,4.133021190198441,5.0
89,104875,3.0,4.5
105,6214,3.4707492377921847,4.5
117,225,3.310228373125061,3.0
117,697,3.0,3.0
119,5810,4.115541811661816,3.0
122,778,4.630931418672087,5.0
132,1464,2.9808148569254556,4.0
135,349,3.7130116406251994,2.0
141,32587,3.689627487989591,2.5
152,50,4.299621692457083,4.5
177,49389,2.5,4.0
182,1291,3.596780149081268,3.5
185,5952,4.079652921295632,4.0
199,7063,2.9275108496334448,4.0
247,1961,3.8371624148321715,3.0
288,1261,3.4473232555838806,4.5
298,4845,2.5,0.5
298,62250,1.7584686510024028,2.0
318,3262,4.500000000000001,3.0
354,1584,3.2976121670556617,4.0
365,134130,3.0542333736135205,3.5
414,4226,4.195641784046848,5.0
438,4231,3.1776575035505354,3.0
448,44191,3.5421582204056548,3.0
470,590,3.6592062845479663,4.0
474,2550,3.7044408636921107,4.0
477,5171,3.415961198088935,3.0
477,6711,4.079519155973916,4.0
482,185,4.293389233829256,4.0
502,903,4.5,3.5
580,8844,3.0,3.0
593,2683,3.1389348481071573,1.5
599,6662,2.963349178118724,3.0
599,84601,2.6832718201514907,2.5
600,7293,2.7788751742827484,3.0
603,1320,3.2320154328565573,4.0
18,1805,3.665378057215057,3.5
64,6385,4.5,5.0
68,4558,3.3424570012981736,2.5
73,4226,3.986471334730085,4.0
86,72356,3.0,4.5
111,3882,3.346390302753532,4.0
137,1373,3.309656689407727,3.0
140,4874,3.3663001796921477,4.0
140,5971,3.0,1.0
202,1131,4.0,4.0
210,34397,3.0,3.0
217,3466,2.69326276849496,3.0
219,41569,3.32752037827791,3.5
232,69481,3.3933129751979707,4.5
240,1073,4.027527166778989,5.0
263,593,3.847592649153852,5.0
274,40278,3.0162097966802506,4.0
280,231,3.8588701386659765,3.0
282,2502,4.146512304473615,4.5
294,597,3.0911634928945615,1.0
298,26887,3.0,3.0
304,593,4.2678236481283625,4.0
312,5925,3.4126917141136737,2.0
321,440,3.480238166996839,3.0
351,8950,3.899505390911762,4.0
368,1092,3.5526360673796264,3.0
377,924,4.0966622764315455,5.0
380,4005,3.668658661425111,4.0
381,69951,3.2742321216124983,3.5
410,1080,3.5154521931603626,4.0
414,51662,3.8825766125556993,4.0
426,50872,3.856038737271581,3.0
448,2881,3.0,4.0
448,4291,3.2827177996293946,2.0
452,3763,4.3507794404264555,3.0
454,1969,3.5,2.0
462,6775,3.0,4.0
462,58191,3.0,4.0
469,2450,3.3784934314019006,3.0
474,1537,3.9614618798693457,4.0
500,1476,3.5063069717457975,4.0
560,89804,3.5416267628140234,4.0
562,61240,4.792301362680361,5.0
572,2145,3.899212148387725,2.0
580,8800,3.0,4.5
586,106487,4.497259087272144,3.5
599,4446,2.551792210333134,1.5
599,5956,3.1951480654206623,3.0
600,29,3.718880846956145,4.5
601,54286,4.517805538596848,4.0
603,1883,3.5839961607317634,3.0
604,364,3.3961337295134584,4.0
606,592,3.667609219702322,3.5
606,7033,3.6939554912236985,3.0
610,42723,2.9626590127555454,4.0
27,595,3.983124364429307,4.0
45,8665,4.640799890467077,5.0
52,47997,4.451570565633345,5.0
57,3160,3.8935182261046863,3.0
64,1947,3.87291843982072,4.0
82,733,3.713732554106499,4.0
83,6539,3.4867268996842227,3.5
111,70565,3.318411086099936,4.0
125,95441,3.6618295094244298,4.5
125,147142,3.0,3.0
135,1215,3.905722129260201,5.0
139,59784,2.5170842437281946,2.5
144,4014,3.4400250600220583,4.5
182,2115,3.487821387575549,4.0
182,2344,3.392604555279161,3.0
186,1009,3.7676321487514137,4.0
186,1073,4.1868699104800084,5.0
196,44665,3.832139011258721,4.0
213,1234,4.060330098160725,4.0
228,1373,3.186815009937859,4.0
244,3300,3.944068554315073,4.0
249,76175,3.5604839659652625,3.0
254,593,4.239285570974709,4.0
262,26,4.0,3.0
275,2575,4.3517221550157625,5.0
279,71535,3.548410499748763,4.0
279,98809,3.5613747939248013,3.0
288,37729,3.6769310933543404,3.5
294,2478,2.7353479789077895,4.0
305,62374,3.3441549449290227,3.5
307,21,2.8089706167150457,2.5
307,6374,2.296514084172786,1.5
334,3996,3.5323306303817903,3.5
346,7371,3.7463240886388225,4.5
368,1995,2.400327913018725,2.0
376,5989,4.105403382638278,4.5
380,52950,3.55653507459099,2.0
387,2141,3.1255197396426824,2.5
402,112,3.743952457429858,4.0
404,105,2.9999999999999996,3.0
414,52,3.4870258914311836,3.0
414,2769,3.697126984922143,4.0
443,1704,4.064159299924083,4.0
448,2735,3.110495397268038,2.0
455,595,3.457359542893907,3.0
469,899,4.043066850652826,3.0
474,4465,3.4292013116615867,4.0
480,48780,3.82293513916715,4.5
483,50872,3.9944796288080857,5.0
503,87413,4.5,3.0
515,50,5.0,4.5
525,53972,3.480633775643041,3.0
586,103335,4.616998220654173,4.5
590,1212,4.014376605616778,4.5
590,72733,2.963812160050125,4.0
596,1911,2.9547390778696716,3.0
596,111759,3.631352706307727,4.0
596,111921,3.0,3.5
599,505,2.0353748773209657,1.0
599,5690,3.0475022402726433,2.5
599,6582,2.3718448014809055,1.5
599,55205,3.0,2.5
603,2145,3.309073395684397,2.0
606,2424,3.5997207859588536,3.5
608,364,3.3763442542811566,3.5
40,314,3.0,5.0
44,663,3.0,4.0
47,508,2.57518139407656,4.0
52,33646,4.729961380968318,3.0
62,87520,4.121369122623067,2.0
64,480,3.8072133294776727,4.0
80,7154,3.0,4.0
103,2384,4.0,4.0
105,80124,3.0,5.0
111,140110,3.3249468222439478,4.5
145,1,3.0,5.0
156,1288,3.605270270989845,4.0
160,1210,3.280380562791713,5.0
160,1962,3.1578913025146207,1.0
168,196,2.0,0.5
182,5293,3.15049330354454,2.5
182,6552,3.698116823160382,4.5
203,3101,3.4999999999999996,3.0
212,2005,3.3846698122700785,4.0
238,4265,4.0,3.0
241,39869,4.501965835424913,4.0
260,2186,3.7294864039086546,3.0
274,53953,3.157588603630968,4.0
280,71619,3.0,4.0
288,2410,2.724702421738657,2.0
305,145,3.2563692043332937,4.0
305,1587,4.032934765065984,2.5
307,94,2.221567886422021,3.5
313,5349,3.518696309325157,4.0
354,1093,3.0,4.5
365,128975,3.1428332998577315,3.5
380,1702,3.7427378770543034,3.0
382,51939,2.856308958156631,3.5
387,3681,3.8349440021380405,4.0
414,537,4.054753830783235,4.0
414,4848,4.4087544334375925,4.0
414,41571,3.3564630321664977,3.5
414,45186,3.3053342975531175,3.5
414,46976,4.109416101664522,4.0
415,33679,3.8119307606937998,3.5
425,442,3.472012664423693,3.0
448,49822,2.465164459993755,3.0
452,2406,4.50068851662569,4.0
479,524,4.498647338143863,5.0
480,2081,3.0415433212286622,3.0
482,151,4.0,1.0
483,2916,3.6192055252599675,4.5
484,1029,4.3149941933074,5.0
488,3088,4.454552626950214,5.0
501,10,3.6406290344375196,4.0
503,68157,3.547004763228792,4.5
505,968,3.777870427553707,5.0
527,1376,4.5636864459589965,4.0
533,52281,4.242971048164587,5.0
554,2702,5.0,3.0
555,2804,3.9310396411892854,5.0
562,1982,4.110183599818971,5.0
570,4993,3.6352315191620974,4.0
572,1956,4.243929108190312,5.0
586,858,4.33715107637164,3.0
589,296,4.253185791911996,5.0
590,2406,3.5977229867844804,3.5
594,4715,3.0,3.0
599,2012,3.285332772905964,1.5
599,2949,3.204730390415019,2.5
603,1349,3.0,5.0
603,2617,3.421575199240632,4.0
19,2354,2.1391376859009132,2.0
22,5617,1.1314758649143588,3.5
23,7924,3.0,3.5
34,6378,3.6387795234225573,4.5
36,4025,2.2811536753750494,2.0
45,552,3.932366477108547,4.0
50,190183,3.0,3.5
57,2080,3.8507260704740216,4.0
67,6539,3.7624408111022865,4.5
70,529,4.739760481610048,4.5
77,260,4.105845925934027,5.0
159,186,3.0000000000000004,3.0
169,597,4.411746434472553,4.0
204,4993,4.4659149003389755,4.0
210,189547,3.0,1.0
217,901,4.0,1.0
221,32022,4.305160583069435,4.0
233,109374,3.421726677777813,3.0
254,5319,3.0,4.5
274,609,2.78766001582264,4.0
282,1954,4.161534303716937,4.0
288,2020,3.5614264901246617,4.0
298,3552,2.828748348972353,3.0
304,135,4.0,4.0
305,55290,4.02162865652566,2.5
307,45722,3.3784774012816676,3.5
313,4499,2.5926633412400077,4.0
318,7153,3.637038471242265,3.5
318,58295,3.7765350613517525,3.0
332,4226,3.820510817357456,5.0
370,1748,3.471509662090614,2.0
391,2391,3.989423624552118,4.0
410,2731,4.499661639807324,4.0
418,1219,4.1717475228982766,4.5
427,5325,4.0,4.0
453,1912,4.125673016642703,5.0
469,590,3.6353881528412066,4.0
480,2231,3.495366386415697,3.5
483,1370,3.5510947249853215,4.0
484,32009,4.0,4.0
514,1330,2.5383912260833124,2.0
517,30816,2.4735174797325836,1.0
525,2161,3.5235683992799767,3.5
533,66934,3.5,3.0
534,1894,3.7728530021647617,3.5
534,94777,3.5978957603539223,3.5
543,637,5.0,5.0
558,1721,4.17644183690992,4.0
561,4979,3.746379814983488,5.0
573,1214,4.325626557498284,4.5
581,48394,4.412358375317305,3.0
591,24,3.0,2.0
599,98623,3.0,3.0
600,1517,3.006959789623712,3.0
21,107449,3.0,1.5
25,187541,5.0,4.0
28,3250,2.957716642132674,4.0
28,65682,2.7740975341176504,2.5
29,3441,4.495011998411754,3.5
64,780,3.9378389735834203,3.0
68,2100,3.073849647076771,3.0
72,2427,3.0,4.5
111,8972,3.1196610382263454,3.5
181,383,2.5321145764838526,1.0
182,162,3.761632741439569,3.5
220,3555,4.287360617194383,4.0
225,2858,3.914135542150851,3.0
226,588,3.6869604374101925,4.0
226,6373,3.6927449275249757,3.0
232,53972,3.5385760942373694,3.5
249,79224,3.3075986323996274,3.5
257,1304,3.373195081150817,2.5
275,5225,3.1120394492483463,5.0
275,5241,3.0,5.0
279,90405,3.8132892300836447,3.5
288,2012,3.5564984255530447,3.5
292,1210,3.6010166761219513,4.0
298,52328,2.656385980236199,3.0
307,4477,1.9601947233357953,4.0
307,6724,2.802814253176038,4.0
324,3893,2.0,4.0
328,73017,3.0332022528934455,3.0
361,7022,3.487927902819394,2.0
374,161,3.5229697473230055,4.0
377,2793,3.0,3.5
382,5574,3.258442540244201,3.5
414,457,3.8542079230674124,5.0
414,34048,3.8528044832405075,3.5
446,377,3.216587789284304,3.0
448,1639,3.72206044969109,4.5
456,810,3.381131985233838,3.0
474,4299,3.424018130696551,3.0
484,5135,3.2472367606896118,2.0
493,1240,4.041301020520259,4.0
493,3527,3.4446642651088193,4.0
509,88744,3.299217980434972,3.0
511,527,4.642905189632136,5.0
537,98961,3.996846592675102,4.0
561,3444,3.722670913130047,4.0
577,2529,3.554201368824094,5.0
580,1917,3.910271861991158,3.5
597,1953,4.351374424224856,3.0
599,2087,2.8098198251568216,3.5
599,26585,2.7818576360113516,3.0
601,6377,4.53975880538916,5.0
610,2702,4.813332397485555,3.5
8,32,3.8233540984198537,3.0
57,1094,3.726826766796667,3.0
58,480,3.966428741946219,4.0
64,4975,3.726763222817415,3.0
68,3553,2.950588643621258,2.0
68,46976,3.5281420200027074,4.0
82,2011,3.4268733626615235,4.0
83,2115,3.5356986647773048,2.0
101,2762,3.8878724804375637,4.0
106,31696,4.565596451069209,2.5
111,168248,2.850460960884845,4.0
115,1610,4.093418914583674,5.0
119,82459,4.043286198844838,4.0
137,1225,3.987463813962583,5.0
140,165,3.709673368620709,4.0
140,837,3.340673487619593,3.0
161,899,3.9797062640355163,4.5
175,671,3.0,0.5
177,65261,3.5836392055088426,4.0
182,1253,2.703033367013603,4.0
198,1221,3.464355369327136,3.0
219,2403,3.438013199827516,3.0
219,7263,2.6952231307901027,2.0
221,1617,4.141144071165873,5.0
226,2082,3.2252869685931844,4.0
233,122904,3.403661371075705,3.0
254,457,4.064539372496961,4.0
288,3767,2.699386388125527,1.0
298,4228,1.9274951895573442,3.0
298,66509,2.008040351565269,3.5
301,4306,3.33664496128561,4.0
302,383,3.0,3.0
305,4995,4.197525663207273,5.0
305,51084,3.913750714389766,3.5
315,2529,2.87027719053434,3.0
332,46322,3.344745467348266,3.0
356,1197,4.048396029090684,4.0
365,61132,2.793233428080523,3.5
368,1047,3.0217506523762725,3.0
380,45666,3.5330603399613225,2.0
386,32,2.9029693411508677,3.0
414,2968,3.943074101957699,4.0
474,852,3.5054873242093043,2.0
480,353,3.424044330401519,3.0
503,4226,3.5737616580190026,4.0
514,6944,3.504006794530064,3.0
527,1372,4.572318218727564,4.0
562,3481,4.163657499658342,4.0
572,2028,4.135649744703985,5.0
580,8228,1.0081441802013709,0.5
596,1479,3.5734544607705354,2.5
596,150548,3.7407058648960203,3.5
603,645,3.4789589975470023,3.0
603,2544,3.0,3.0
6,367,3.8005108392660825,4.0
18,73268,3.2997460935313256,3.5
19,379,2.85589793401968,2.0
33,608,4.150798400176568,4.0
51,597,4.17509173091997,3.5
68,4878,3.434962032512698,2.5
76,2571,3.1325891451559205,4.0
91,4846,3.1768287497312326,3.5
103,1702,4.0,3.5
105,1206,4.133342149311425,5.0
141,80463,3.6207642877812223,5.0
156,6539,3.6293592007908697,4.0
168,3362,4.719671727507985,4.5
219,736,3.1280329338052946,3.0
229,480,3.801812998612135,3.0
230,2174,2.7129595695454563,3.0
246,1093,4.0,3.0
249,95543,3.5408656851305214,3.0
291,69844,4.54113598503786,5.0
307,19,2.9411367124725696,4.0
311,852,3.0,0.5
312,1255,3.433817703750315,3.0
330,1391,3.6694318987317684,5.0
352,1479,3.7626181549297124,3.0
357,8580,3.0,5.0
366,7153,3.965212966864233,4.5
380,3499,4.211990170459734,5.0
387,2123,2.9157051112641494,3.0
387,6981,3.659406739341754,3.5
391,903,4.0286848577163825,5.0
391,1719,3.9978532980048325,5.0
402,500,5.0,5.0
414,4029,3.7588481684564337,5.0
414,6536,2.9537979526207487,3.5
425,3993,4.5,4.0
426,40815,4.0728553865707,5.0
456,140,3.5008177055701335,4.0
474,926,3.9708224867035504,4.5
474,2804,3.593618124391244,4.0
480,597,3.6358898462757017,3.0
488,1125,4.0,4.0
489,45501,2.601833495149296,4.0
490,33794,2.8568814716594546,3.0
490,44555,3.7609409317068003,4.0
509,71156,2.90302530915795,3.0
531,590,4.8053610095160515,3.0
534,316,4.077429263575255,3.5
534,4103,4.5,4.5
537,318,4.04081010330613,4.0
555,3688,3.4767950407936,1.0
585,1732,4.412327546884381,4.0
590,344,3.441722075539306,3.0
590,3439,2.8058589199132644,2.5
599,2406,3.053278598438005,2.5
603,3792,3.0,5.0
606,296,3.8497059390031607,5.0
610,4533,3.4274038646975726,4.0
610,56620,3.0,3.0
610,112183,4.163188982138632,5.0
11,474,3.8976709087787067,4.0
17,7482,3.0,4.0
28,32,3.1466209737798243,3.5
57,1646,3.448759299081078,1.0
89,93326,2.711843621685814,2.0
91,3481,3.3463989643281966,2.5
105,116797,4.1637212363201295,4.0
132,1271,3.3512301379538227,3.5
135,520,3.5228336150656787,3.0
140,338,3.1547790938792333,2.0
156,539,3.032273140769427,3.0
177,5989,3.532633326692233,4.5
182,3998,2.9861491662160238,2.5
182,4720,3.579328762217136,4.5
187,231,3.124999642026724,1.0
187,42632,4.0,3.5
195,2770,3.840393000942788,4.0
224,1259,4.6476618343648415,5.0
226,3098,3.6838056473210172,4.0
232,44191,3.7862336219984876,5.0
239,1527,4.0011315958574,4.5
246,8327,4.361979805030841,3.5
249,4571,3.946183126060173,3.5
249,5151,3.6699132746088314,3.0
249,78209,3.910886433631035,3.5
298,61729,1.5,0.5
313,1197,3.488815761137936,3.0
358,7293,3.8853999330198428,4.0
387,940,3.2527282415650958,2.5
414,5074,3.914383761962885,4.0
414,41569,3.7407675817385084,4.0
414,84954,3.77753558806925,4.0
448,4776,3.4125934988649123,3.0
448,5479,2.8344583784987973,2.0
448,55294,3.0,2.5
448,87306,3.0801398498124017,3.0
448,129937,2.3251788715873243,2.0
474,4478,3.2043299755484136,3.0
483,2174,3.627237685856566,4.0
489,432,2.6842591007002645,1.0
534,7293,3.687612682906065,4.0
560,8910,3.6977482021709274,3.5
603,2915,3.472996452264514,3.0
606,3260,4.075039864784513,4.5
606,33880,3.1099807291810904,4.5
19,1798,3.0,1.0
28,60069,3.3087331393896555,4.0
66,2706,4.090279114022779,4.0
84,306,3.698714035370377,4.0
91,6620,2.97711288744609,3.5
98,38038,3.748642507422398,5.0
105,1234,4.342089120909148,4.0
105,100302,3.0,3.0
109,150,3.2999124450477266,3.0
137,750,4.033065535402278,5.0
176,10,3.988954295574844,5.0
177,318,3.6738687288627805,5.0
181,1082,3.0000000000000004,3.0
201,994,3.0,4.0
238,3508,4.0,4.0
259,153,2.3441617196342013,4.0
307,1031,2.741394055611639,5.0
356,54745,4.525345861960298,3.5
357,1096,4.630917443264793,3.5
373,150,3.288045711469117,2.0
414,106782,4.010641120054663,4.0
419,292,3.904111481772947,4.5
425,3527,3.4651428580324346,3.5
445,750,4.020977052813483,5.0
458,457,4.190983659034483,5.0
462,1094,3.002882996558833,2.0
469,1954,3.825472320163285,4.0
469,2366,3.1625094010826436,3.0
475,2571,4.614223671217683,4.5
476,586,3.908288863932776,3.0
477,2762,3.9806464935200014,4.0
500,101,3.212743936178206,1.0
509,78105,2.98679246658576,4.0
561,1380,3.6699362786488456,2.0
564,88405,3.427719481882189,5.0
567,6157,2.1772875748233047,0.5
594,2028,4.325998600697211,4.0
600,552,2.7314065436083865,3.5
601,2355,3.9762622614217644,4.5
603,4823,3.1567637464746103,1.0
606,2908,3.8734013040490303,4.0
6,835,3.0,4.0
17,3039,3.5,4.5
17,64839,4.063177282298714,3.5
28,300,3.125252742156811,2.0
51,58559,4.342252778172387,4.0
62,122892,3.986393490478299,4.0
68,41997,3.2735967944393876,3.5
68,114762,3.492349727063393,3.5
84,955,4.003721979795824,4.0
94,588,3.3188015673922213,4.0
98,74789,3.853781259823916,2.0
177,4571,3.191351925227379,2.5
179,7,3.832920677466619,3.0
182,10,3.2735839772069477,3.5
182,1207,4.078759350469868,4.5
194,342,3.0,3.5
208,733,3.6352249449831935,3.0
220,5418,4.385434771604032,4.0
232,47122,2.500557974191643,3.5
265,1259,3.704018494916271,4.0
288,2517,2.502984225467571,4.0
305,59421,3.502187584686868,3.5
307,648,3.0572818541893803,2.0
318,3992,3.798263403238351,4.0
327,44972,3.0,5.0
335,356,4.558440404250003,4.0
356,2657,4.046899171502128,5.0
357,81562,4.224646595010313,4.0
365,7438,2.7128306410961165,3.5
376,98961,3.7399181242843516,5.0
381,2085,3.545802635531939,3.0
387,1256,3.9694649901920322,4.0
389,648,4.875209617621389,3.0
402,667,3.996010901550746,3.0
414,1777,3.6728883338309206,4.0
414,2944,3.571592861091751,5.0
414,61024,3.4405579610146684,4.0
425,861,3.5,3.5
438,2797,3.7337272839504774,3.5
522,1221,3.924156764948382,4.0
540,4886,4.4911256252028195,3.5
565,588,3.7113625451672445,3.0
597,2126,3.2826854623395207,2.0
599,2804,3.2251620459326658,2.5
608,3608,2.3178798457167544,2.0
610,120635,3.024518476530114,1.0
15,3555,3.0,4.0
50,59784,2.422770513891285,2.5
109,743,3.0,3.0
177,971,4.155570209884772,5.0
184,193587,3.0,3.5
187,318,3.4854245474556134,3.0
201,2916,4.147606075320829,4.0
217,3432,2.42860193337306,1.0
243,442,4.170779054693445,4.0
249,2355,3.752604313199992,4.0
268,2403,3.2178433795205894,2.0
274,27772,2.8849202127900853,2.5
298,4995,2.8312251140661244,3.0
307,6850,2.3257097425224207,2.0
326,3147,4.194944802366157,4.5
339,592,4.22987722143806,2.5
339,170705,4.5,5.0
343,48394,4.329085457406703,2.0
368,2871,3.251066163524562,3.0
376,150,3.943456639956001,5.0
387,3680,3.0,3.0
387,4408,3.0,3.5
428,180,2.7825851048686077,4.0
453,1614,4.250154553825966,4.0
472,3087,3.960804226968001,3.0
474,7054,3.3239880016126184,3.5
484,74789,3.61522136956106,4.0
488,7303,3.987830829585772,4.0
492,64,2.9999999999999996,3.0
517,65685,0.5,4.0
562,8874,4.19630080091126,2.5
580,2916,3.9534538635345866,4.5
584,587,4.2144405099636435,5.0
599,1619,2.4315050441071446,3.0
599,2991,2.935781841639657,2.5
600,317,2.8742041264503286,0.5
610,8784,4.090023610967324,3.5
610,141799,3.0,3.5
8,282,3.6550889167207985,3.0
12,2485,4.516818761952121,5.0
18,502,2.5,2.0
21,61160,3.264479849410138,1.0
28,8641,3.124872788981782,3.0
32,327,3.0,3.0
51,3624,1.4650448729535837,2.5
62,593,4.430089586327367,5.0
68,2083,3.189300427814092,3.0
89,73015,3.5707967111745877,1.5
95,2423,4.464010454866449,4.0
135,1203,4.257917150062764,5.0
135,2746,3.68834149100125,4.0
135,4467,3.173206487186144,4.0
177,105844,3.9182753015110996,4.0
200,4308,4.25341669084789,5.0
232,68952,3.095768710195771,3.5
260,3822,4.7389204732743595,5.0
274,3535,3.5773203686023787,5.0
297,1608,2.9176112677066257,3.0
318,73017,3.5621093774339623,3.5
318,94959,3.639630129405448,3.5
322,778,3.238960642144794,3.5
330,587,3.428215513108045,3.5
334,5902,3.6557033552492717,3.5
339,5816,3.820389447371215,2.5
357,40629,4.045820665258388,5.0
368,3769,2.8114560977979015,3.0
379,457,3.3307086395597825,5.0
380,4226,4.191908423169988,5.0
380,4941,3.6440779477893126,2.0
380,6946,2.507701910377997,4.0
387,30810,3.4457374124334734,3.5
391,4306,3.777857350893954,4.0
394,588,2.958828290034327,2.0
400,6,4.447951253456045,5.0
406,2137,1.3463166292718662,3.0
412,2628,3.6899648058000465,4.0
414,5791,4.066786334656273,3.0
415,908,4.301894597682765,5.0
425,33679,3.548219971589474,4.0
444,16,3.966471295908703,4.0
469,1923,3.8527322022418584,3.0
474,47,3.8156444686647815,4.0
474,257,2.8723769312340726,3.0
474,1284,3.7090789574746377,3.5
520,2072,3.6399370052683064,4.0
560,1732,3.743513109322036,4.5
561,74458,3.1712175661489166,3.0
561,135569,2.8295780273861038,3.5
562,1393,4.297827098884979,3.5
586,6373,4.443990939594245,4.0
596,87232,3.5801005016526926,3.5
599,2054,2.9201572438605474,3.0
599,2841,2.617200312207774,1.5
599,3108,3.091089263602493,3.0
604,410,3.326730150426734,4.0
606,7154,3.813646914061972,3.5
610,54995,3.824358903555833,3.5
610,115210,3.4960692740828834,4.0
51,5481,4.10411889511885,4.0
103,110,4.102618571199662,4.5
113,2969,3.0,5.0
135,2987,3.812550892785756,5.0
169,4308,4.433037341154815,5.0
171,608,4.6989066605799685,5.0
182,1409,3.2617516254604424,2.0
205,96079,4.179538323591999,3.0
232,50005,2.6107485023139394,3.0
234,24,3.0,5.0
274,3704,3.3319431540942053,3.0
287,1527,2.461696687390224,4.0
288,919,3.45184522179634,3.5
292,111360,3.2426337535652805,2.0
295,1375,3.9722768367557513,0.5
298,112370,1.3201283341759487,2.5
305,94864,3.8225743386253206,2.5
312,151,3.0,3.0
313,1287,3.1981681407217755,3.0
322,2353,3.3713891416919854,4.0
338,170705,3.0,2.5
339,54001,3.6062179403573444,2.5
359,26472,3.0,3.5
381,56757,3.6280033216353047,4.5
387,38038,3.289696722988142,3.5
398,82459,5.0,4.0
414,408,2.6495793180961114,2.0
414,3623,3.9716599465409907,4.0
414,4721,2.895453744291792,3.0
414,64839,3.6729597325273757,4.0
428,4896,2.8076689231162657,3.0
465,2427,4.182906451669137,4.0
477,231,3.6705635409314246,3.5
477,541,4.086587988493277,5.0
483,2005,3.6249936733798145,4.0
483,2115,3.6574507432885497,4.0
491,8529,4.1660031974148755,5.0
491,63859,4.603355498801782,4.0
508,2300,3.0,1.5
509,1,3.425513708927692,4.0
551,68954,3.8758833694262487,4.0
560,68886,3.0,4.0
571,3840,1.8152959263032393,1.0
573,8950,3.773478680997411,5.0
590,733,3.62732774814374,3.0
590,6863,3.326902861895457,3.0
590,51662,3.3931976860009128,3.5
606,2787,3.6670341802735638,2.0
31,1099,4.0,2.0
57,1670,3.0,4.0
66,1275,3.925454148834361,4.5
98,52975,4.501535976865471,4.0
104,1246,3.669268228295658,4.0
104,5952,3.6013813598692708,4.0
105,70286,3.7926583830474443,4.0
111,93326,3.705313616213095,3.5
122,104,4.67667847555784,4.0
141,55820,3.6175693826649185,3.5
166,1097,4.102869719757073,4.0
195,527,3.8513278246952902,4.0
219,1876,3.1259519142621284,2.0
222,33794,3.6191348927545723,3.5
223,296,3.3095245556362167,3.0
226,8528,3.5068535544232957,4.0
239,2028,4.100383595310838,5.0
260,5971,2.5,4.5
260,8874,3.7237677529640827,2.5
271,3701,2.5,3.0
274,1387,3.601235494131338,3.5
274,5954,3.2448371031847416,3.5
288,2291,3.5899723084245627,3.0
292,10,3.561121064758134,3.5
310,3254,3.343928569645016,2.5
318,2009,3.985338672608128,2.5
325,2352,3.652354532169478,3.0
341,69122,3.6805184522309373,2.5
354,1196,3.7993086711889528,4.0
381,62,3.433357387126135,4.5
387,1772,2.9935104179121685,2.0
410,2184,4.694148197223038,5.0
414,2393,3.287731360198075,3.0
448,4333,2.7708278217858093,3.0
455,300,3.5150265358163133,4.0
462,1641,3.226751677309963,3.0
462,27878,4.038787475910128,3.0
463,520,4.0,4.0
474,1682,3.777529892963483,4.5
474,36517,3.0773444705084496,4.0
505,1215,4.840507069700045,4.0
514,1674,4.0185597610730905,4.0
525,7444,3.2564652607352937,3.0
533,2959,4.308134792453586,5.0
551,2762,3.6351621394778144,4.0
555,543,3.543228197214997,5.0
555,3638,3.4947890163167226,5.0
562,53468,3.9971149606547196,4.0
567,1,2.648143957966006,3.5
587,1372,4.1580845512360405,4.0
597,953,4.80059540351542,5.0
599,1372,3.327778125925118,3.0
599,6290,2.4452717841812905,2.5
599,7307,2.64886229342982,2.5
600,32296,1.0,1.5
603,1377,3.323880328712429,2.0
605,56949,3.1095576176691697,4.0
610,1240,4.260200532331011,5.0
610,103341,3.7484507181347086,5.0
7,3916,3.3307608857581754,4.0
19,1278,3.129642210320468,4.0
28,56587,2.7182073147790913,3.0
39,3418,4.189755063886244,2.0
47,146656,3.0,3.5
50,1281,4.0,3.5
57,2140,3.510121036953194,4.0
58,19,3.6716772774248367,1.0
62,119141,4.056700465608888,3.0
64,5225,4.2691786103631895,4.0
66,7127,3.0,3.5
82,2617,3.5114554773543687,3.5
100,2671,4.120895478848797,4.5
111,50872,3.381193921749931,3.0
112,434,3.014694570413458,0.5
160,1213,3.0290082503356643,4.0
186,2916,4.1237929414456405,4.0
200,4896,3.982466576096826,4.0
232,38038,3.1752356399908495,2.5
249,2717,3.8812280975167255,3.5
270,79,2.40385339407566,2.0
274,5151,3.1440617452632362,2.5
280,72407,4.0,4.0
284,224,3.6200924597534785,3.0
294,153,2.5676630097225224,3.0
298,7173,1.982755193693438,2.0
304,1183,3.7642284746206873,3.0
306,140110,2.896929089088491,3.0
307,784,3.1286225404074695,4.0
307,6687,1.8107212809397237,1.0
318,113348,3.792419053043215,3.5
330,1394,3.664481464448772,4.0
339,908,4.5975305415033905,4.5
352,54001,3.8980029044528868,4.0
369,2371,3.454105307513485,2.5
382,94985,3.192259160000397,3.5
392,2707,4.486893059439885,3.0
429,421,3.0,4.0
436,508,3.6188883163456205,4.0
439,2028,4.1971884276807065,4.0
448,6662,3.2852365475885463,4.0
448,102123,2.6907781347049227,4.0
448,143472,3.0,1.5
488,36,3.791169379236031,4.5
502,1250,3.0,5.0
524,253,3.4922358868524452,3.0
537,86911,5.0,3.5
597,2262,3.791721222753366,3.0
603,1263,3.8642853942687427,5.0
603,2719,3.5605756353607845,1.0
606,1117,3.0,3.5
6,273,3.4803084534052253,3.0
40,296,3.6685147385402526,5.0
42,410,3.4451820151601167,2.0
177,89904,3.437605276389872,5.0
182,2025,3.0,3.5
188,1086,4.262978768557751,4.0
202,908,4.177706197122873,5.0
202,3176,3.959722977285068,4.0
221,5902,4.334720823633491,4.0
226,2081,3.435567375327792,2.5
226,2683,3.553225857482717,4.0
239,474,3.928558138801896,3.5
249,3785,3.9399952684661574,3.5
264,2054,3.141895061250337,2.5
280,3210,4.099335198766519,4.0
280,79132,4.179343753577974,4.0
323,480,3.2203335523542167,3.5
332,3578,3.2923010537604886,3.5
356,1527,4.1011522022934015,5.0
357,153,3.79780629574125,2.5
368,353,3.1549357312746236,2.0
414,3008,3.0,4.0
414,5255,3.0753972700618823,3.0
414,68659,3.3216646625847805,3.5
428,4638,2.599088460918348,2.0
437,144,3.2419163289524993,4.0
438,5292,2.8745419984240512,3.0
480,2291,3.7386176893483327,4.0
492,494,4.0559287608442,4.0
492,849,4.144499376537319,4.0
509,112175,3.219104930776735,4.5
510,40819,3.569725810430325,3.5
534,60937,3.7353589888908103,3.5
553,6,4.430607356729032,5.0
554,1035,4.252471907326188,5.0
563,139747,3.0,3.5
572,1356,3.7852645860959973,4.0
594,2395,4.0,4.0
599,150,3.224196750937998,2.5
599,453,1.909447438505709,2.0
599,103245,3.0,2.5
603,714,3.892459867882386,1.0
605,2429,3.0,3.0
606,1844,3.612811509348021,4.0
5,595,3.3869333628552014,5.0
6,196,3.478329500057882,3.0
51,1580,3.931058033128173,5.0
56,344,3.8281280729971514,5.0
68,51935,3.5740231985936055,3.5
103,8368,3.7011167899317496,2.0
111,3408,3.3397040975970573,3.5
111,54286,3.3828319967172282,3.0
136,592,3.2851336305107637,4.0
160,5459,3.1894581543466156,1.5
167,36529,3.647807186558565,1.0
177,5991,3.592452366327392,4.0
193,46578,3.842089408315006,4.0
200,2724,3.892599304415933,4.5
208,2605,3.2665169946888746,2.0
227,55721,4.0,5.0
234,4270,3.7253556122617035,3.0
239,2297,3.0,4.5
298,111362,2.5616937706352676,3.0
298,127108,1.714118206543349,2.0
299,3499,3.873160547528661,5.0
301,587,3.201006243456219,3.5
309,2571,3.858125767623821,4.0
331,5669,3.609927766053479,2.5
339,34162,3.8511122335271537,3.5
354,1748,3.7834225072169194,4.5
365,105213,2.749586687842455,3.5
381,5349,3.617564253072976,3.5
382,33615,3.9248292583082187,3.0
409,1078,4.17081574677743,5.0
414,3145,3.0070637477108106,4.0
435,2023,4.241224038538263,5.0
448,3044,3.5467268814127197,4.0
453,1120,4.001431227181048,4.0
462,3101,3.2192434143712707,1.0
462,8507,3.8586456191894576,3.0
474,587,3.516012469378182,3.0
474,2670,3.2082309293139404,3.0
474,3045,3.343358982923252,3.0
474,25769,3.0,4.5
477,4734,3.6257069130467143,4.0
480,733,3.6469182951785317,3.5
483,1717,2.964240295217672,2.0
527,919,4.232361278907446,5.0
534,8972,3.917831851226454,3.5
560,551,3.7224717312983735,4.0
570,1210,3.545510616063833,4.0
571,2982,3.0,2.0
577,2146,3.413664684835329,4.0
587,590,4.4120057292728285,5.0
596,70637,3.0,4.0
599,3148,2.871974235528962,3.0
600,4310,2.7955850671060003,2.0
606,1446,3.0,4.5
606,2002,3.069712768928189,0.5
610,40815,3.553129659488369,3.5
610,78469,3.3887141446034623,2.5
18,162606,3.604701414256628,3.5
34,163,2.834371694369621,3.0
63,57669,3.778510297109504,5.0
73,58559,4.049780879927191,4.5
82,153,3.362856797762549,3.0
98,6863,3.997484079244354,4.0
103,555,4.289524376895853,5.0
103,1921,4.153632761088894,4.5
111,81537,3.6694380637241126,3.5
139,53000,2.129783459849932,1.5
158,837,3.0,2.5
177,104841,3.7915027898433933,3.0
182,590,3.449179933837728,4.5
187,922,4.424715726690204,5.0
195,2762,3.7841672167655145,5.0
200,2915,4.052638486318375,4.0
226,1259,3.9169349933885296,4.0
226,5673,3.967254148717299,4.0
239,55820,4.280075151115765,5.0
266,2115,3.9786549428374416,4.0
275,912,4.327676887521699,5.0
318,64957,3.846945271260305,3.5
351,1959,3.0,3.0
360,1584,5.0,4.0
362,48780,4.28914309415608,4.0
368,3811,3.199180147277189,3.0
369,1077,3.5,3.5
381,5378,3.581758952827771,3.5
414,4168,2.907912944293241,4.0
414,5254,3.3569267051702876,4.0
414,5941,2.8441656087069176,2.5
414,55444,3.23789295427909,3.5
442,610,3.0,1.0
452,1997,4.5679897130149385,5.0
453,3108,4.088606680838574,3.0
466,53125,3.8772222661039404,4.0
480,33615,2.799363594888973,2.5
514,74754,2.746989621044236,1.0
525,293,3.7595136299375715,4.0
580,3535,4.098323481017398,3.0
580,45499,3.9403367141539487,4.5
600,247,2.6381751346519473,4.5
607,1023,3.4532147294793467,5.0
609,828,3.0,3.0
610,1201,4.421053024144283,5.0
610,52604,3.343837211169491,3.0
6,105,2.9999999999999996,3.0
18,2571,3.9439582696203597,4.5
19,3683,3.1907103109510757,3.0
57,2023,3.517706894601002,3.0
89,30793,2.4743245709443484,2.0
91,1967,3.254585478016435,4.0
122,33004,4.4852858169398235,4.5
132,318,3.2728640777279034,4.5
135,1625,4.015066994547782,3.0
148,31658,4.0,4.0
156,440,3.5789622953063644,3.0
160,5502,2.9023776871124287,4.0
182,1911,2.6333295781438224,2.5
217,45,2.8378835891745484,2.0
217,218,2.892019266041883,3.0
226,3254,3.4719352451987455,4.0
249,7173,3.577937895436928,3.0
254,527,4.264843381041853,5.0
268,1278,3.6237148384394224,4.0
286,2000,3.7896897989525193,3.0
288,356,3.5824851811827974,5.0
288,4042,2.8907696248353885,3.0
292,91535,3.5763618112858624,2.5
307,589,3.1172856032324923,2.5
313,1748,3.7147984648798067,4.0
325,2140,3.7285087028004265,3.0
325,4467,3.8950115632492195,3.0
336,2699,4.324064144407102,3.5
339,1674,4.17794963514559,4.0
357,1097,3.9961899984338443,3.5
387,53972,3.3126791632305053,3.5
408,8798,4.010256630061225,4.5
411,339,3.5619821450704907,3.0
414,933,4.119860170126302,4.0
414,1252,4.441290148007821,5.0
414,3477,3.325264015914913,3.0
441,122886,4.587503518254893,4.5
445,5995,4.086927795411865,3.5
448,637,2.374550025307251,2.0
448,3284,3.0,3.0
462,63876,3.6379493118960133,3.5
466,356,3.738694400870235,5.0
483,1544,3.2181843786041404,2.0
486,457,4.1620872516438245,5.0
495,1682,4.2420597472862935,4.5
495,4701,3.646857557047905,3.0
527,455,3.0,4.0
538,7386,5.0,4.0
555,1884,4.177461453254721,3.0
558,5312,4.0,3.0
563,126548,3.1311002303236792,3.0
580,8665,4.01337155625343,2.5
597,2991,4.085716750809954,5.0
599,332,2.2032841025877974,1.5
599,1605,2.093366125745811,2.0
599,2836,2.455033295122989,2.0
608,1609,2.7533298669926887,3.5
610,103772,3.5807047929435147,4.0
610,135133,3.6522150694331263,4.0
